#dev
0.372905
0.680120
0.995755
0.386912
0.021844
0.367840
0.682719
0.743244
0.682719
0.417212
0.740348
0.114360
0.674960
0.390214
0.382373
0.358487
0.056540
0.683600
0.366840
0.261873
0.383181
0.129965
0.138489
0.697590
0.995755
0.400866
0.690158
0.100422
0.388784
0.142630
0.406342
0.361394
0.734264
0.993522
0.113124
0.379833
0.375183
0.680463
0.680264
0.995991
0.035003
0.673552
0.033805
0.680181
0.680927
0.051091
0.681081
0.066132
0.686010
0.065344
0.107143
0.297798
0.994705
0.068044
0.060559
0.683619
0.061747
0.372999
0.376136
0.382814
0.394455
0.690994
0.688578
0.995755
0.071503
0.995755
0.068151
0.380944
0.361520
0.359992
0.362152
0.363152
0.365961
0.682398
0.995755
0.682398
0.037247
0.372412
0.738311
0.041355
0.994705
0.080323
0.688725
0.691429
0.376925
0.371165
0.044134
0.680037
0.994705
0.062151
0.381470
0.685695
0.380180
0.060235
0.374928
0.379682
0.687270
0.379622
0.084044
0.113364
0.060834
0.994705
0.683256
0.369643
0.994705
0.369461
0.041708
0.677908
0.047584
0.993733
0.069078
0.323126
0.361259
0.996450
0.681235
0.693167
0.682342
0.428097
0.996450
0.742747
0.051073
0.069981
0.394167
0.697175
0.119041
0.996450
0.059000
0.370476
0.356716
0.997105
0.347675
0.136940
0.997105
0.732910
0.691098
0.674957
0.355196
0.049061
0.661030
0.060521
0.684216
0.066606
0.687071
0.378016
0.019423
0.361722
0.678889
0.052893
0.675755
0.071118
0.688999
0.071775
0.378900
0.389455
0.996450
0.118903
0.693024
0.419315
0.371724
0.082283
0.996450
0.382252
0.378757
0.375215
0.389062
0.077801
0.387803
0.689351
0.075927
0.388250
0.385453
0.072651
0.685848
0.374182
0.060365
0.684422
0.371866
0.061796
0.395534
0.371791
0.689728
0.043142
0.685382
0.381197
0.380513
0.074300
0.383816
0.996450
0.362526
0.376857
0.382172
0.070912
0.996450
0.374455
0.372935
0.057678
0.368693
0.681914
0.065562
0.686730
0.380526
0.382783
0.356673
0.009509
0.677861
0.360526
0.353312
0.308093
0.110577
0.613998
0.107394
0.053778
0.997955
0.680555
0.674038
0.124220
0.706410
0.418010
0.051031
0.683463
0.360122
0.349274
0.367067
0.140355
0.708436
0.096856
0.361512
0.678252
0.361371
0.348371
0.391302
0.027253
0.992545
0.066016
0.992545
0.038682
0.692128
0.351365
0.096921
0.419924
0.996450
0.069269
0.374498
0.058286
0.695713
0.076058
0.614774
0.371209
0.057779
0.692656
0.376117
0.078154
0.073320
0.992311
0.327152
0.345131
0.388110
0.441875
0.105586
0.707250
0.116687
0.289499
0.415347
0.995755
0.456743
0.378610
0.133317
0.095332
0.360250
0.995755
0.682086
0.367209
0.369372
0.995755
0.685674
0.662983
0.053091
0.376343
0.691170
0.089970
0.403099
0.995755
0.098604
0.126981
0.400491
0.993522
0.074499
0.732018
0.678825
0.212447
0.274343
0.372493
0.073051
0.374448
0.370860
0.680500
0.051313
0.360578
0.363945
0.050618
0.683190
0.055578
0.377708
0.380222
0.685961
0.118625
0.694927
0.200499
0.392973
0.099348
0.684669
0.683808
0.062259
0.369530
0.367069
0.678833
0.061175
0.380227
0.690994
0.052828
0.038444
0.684800
0.355909
0.060854
0.686513
0.060740
0.366600
0.365514
0.995755
0.052712
0.367511
0.685051
0.071427
0.994705
0.345404
0.160660
0.687847
0.062190
0.689641
0.381314
0.376856
0.121702
0.048947
0.367194
0.052761
0.372252
0.373714
0.372339
0.994705
0.684107
0.680560
0.070884
0.994705
0.378369
0.377955
0.068929
0.994705
0.375606
0.069802
0.057795
0.680924
0.311341
0.040174
0.362204
0.371161
0.374678
0.694057
0.676474
0.996450
0.060076
0.089533
0.070698
0.060400
0.054415
0.077641
0.049589
0.001795
0.387560
0.388971
0.375100
0.390227
0.683798
0.081447
0.375252
0.997105
0.032732
0.740115
0.630006
0.732910
0.323999
0.353206
0.355147
0.364749
0.371700
0.116674
0.028247
0.681786
0.376951
0.385385
0.389974
0.088046
0.731794
0.136003
0.073278
0.683132
0.044287
0.367672
0.690933
0.085579
0.393876
0.689785
0.084023
0.688371
0.376417
0.054920
0.686747
0.383578
0.072501
0.690003
0.383244
0.389720
0.084077
0.380704
0.374909
0.999144
0.437339
0.028979
0.140092
0.090406
0.376828
0.377624
0.375935
0.371910
0.071235
0.696261
0.688285
0.387239
0.067267
0.690788
0.378434
0.382482
0.383824
0.037425
0.381693
0.099046
0.742436
0.437714
0.073699
0.685699
0.377522
0.372469
0.059636
0.684105
0.370173
0.056241
0.680477
0.056814
0.348570
0.675177
0.027175
0.357233
0.996450
0.370222
0.092110
0.324249
0.418783
0.996450
0.140463
0.680555
0.372908
0.068079
0.407988
0.371996
0.395264
0.382597
0.392730
0.361343
0.385531
0.072701
0.072485
0.403081
0.074882
0.366791
0.682362
0.678252
0.371449
0.053929
0.362079
0.666656
0.056241
0.055562
0.369782
0.684513
0.996450
0.688082
0.404462
0.055041
0.996450
0.386398
0.070834
0.996450
0.022957
0.685273
0.005367
0.385875
0.690449
0.389258
0.109285
0.374707
0.364648
0.343328
0.660158
0.673565
0.099242
0.400294
0.709913
0.995755
0.029933
0.269566
0.057479
0.112018
0.421445
0.356693
0.408808
0.352834
0.045522
0.057983
0.052354
0.084926
0.095604
0.034391
0.031022
0.065780
0.674464
0.066824
0.995755
0.092681
0.701264
0.096176
0.394192
0.693152
0.095709
0.099328
0.023775
0.144598
0.628835
0.170900
0.360754
0.391170
0.371799
0.101297
0.686389
0.069747
0.370463
0.370683
0.683190
0.995755
0.062548
0.686417
0.066914
0.685695
0.074701
0.416231
0.327790
0.682353
0.995755
0.059427
0.682069
0.065617
0.367010
0.351112
0.674321
0.044413
0.686353
0.041697
0.995755
0.065422
0.390559
0.072519
0.664308
0.062958
0.682621
0.680344
0.999796
0.052744
0.058179
0.063561
0.680869
0.054759
0.390399
0.359483
0.022925
0.054861
0.994705
0.378997
0.069307
0.106342
0.688712
0.130168
0.363600
0.681559
0.682725
0.682937
0.994705
0.372339
0.368111
0.066997
0.686277
0.375380
0.370366
0.372874
0.070690
0.079689
0.075274
0.994705
0.061014
0.364322
0.016861
0.062991
0.127959
0.124029
0.098842
0.098323
0.097425
0.069498
0.690469
0.996450
0.382814
0.074325
0.694247
0.388299
0.078556
0.177733
0.145446
0.687590
0.009975
0.367995
0.694179
0.095118
0.628596
0.120678
0.044742
0.029627
0.106517
0.630006
0.356149
0.360396
0.365079
0.369933
0.078376
0.691544
0.066174
0.709603
0.170954
0.074286
0.322497
0.088390
0.135630
0.994705
0.077200
0.676643
0.043574
0.374466
0.380568
0.392993
0.391889
0.693573
0.082542
0.687086
0.373650
0.054112
0.683389
0.070361
0.391763
0.373027
0.063448
0.073198
0.078142
0.685846
0.077782
0.379440
0.119911
0.999144
0.418310
0.999144
0.391583
0.378241
0.377537
0.374074
0.059823
0.076452
0.376618
0.686200
0.377914
0.070794
0.688762
0.385500
0.038756
0.381575
0.691625
0.389595
0.403660
0.148455
0.129181
0.688163
0.121194
0.609467
0.384895
0.369146
0.367038
0.369998
0.054651
0.354725
0.362814
0.680274
0.042165
0.694112
0.036551
0.051004
0.684103
0.038067
0.678506
0.101376
0.062468
0.695320
0.387952
0.094333
0.996450
0.700868
0.343895
0.088702
0.374428
0.405982
0.686505
0.412166
0.438029
0.369149
0.072194
0.378019
0.688257
0.060180
0.070832
0.355308
0.080737
0.684638
0.377489
0.053832
0.683968
0.406552
0.688082
0.046838
0.139693
0.692243
0.689114
0.386620
0.103503
0.121723
0.692431
0.102826
0.682517
0.057247
0.996450
0.378299
0.380935
0.386635
0.373791
0.339744
0.019543
0.057818
0.363129
0.393987
0.707250
0.424102
0.373675
0.690392
0.079946
0.044411
0.681026
0.111191
0.368917
0.326046
0.377755
0.371827
0.444666
0.394455
0.082485
0.084020
0.384029
0.380356
0.058545
0.370632
0.684712
0.035053
0.091354
0.419863
0.681088
0.059703
0.671705
0.039945
0.406799
0.283966
0.137063
0.610881
0.096664
0.427781
0.122129
0.995991
0.115218
0.443624
0.045547
0.685266
0.372181
0.372994
0.995755
0.685559
0.377421
0.375822
0.063771
0.295990
0.321310
0.053166
0.050570
0.057207
0.395579
0.389732
0.692576
0.049840
0.680896
0.046177
0.677446
0.043905
0.379217
0.090816
0.695882
0.365998
0.307774
0.007850
0.072485
0.367160
0.684385
0.684335
0.373247
0.370032
0.021706
0.003680
0.368559
0.387624
0.379570
0.690016
0.063877
0.072184
0.381500
0.061368
0.385919
0.082861
0.053623
0.061057
0.368659
0.369092
0.682937
0.368623
0.367713
0.373027
0.064442
0.994705
0.682815
0.289141
0.085691
0.688895
0.994705
0.382012
0.057952
0.676143
0.065493
0.742869
0.451348
0.706734
0.407934
0.695160
0.993733
0.079402
0.073073
0.382814
0.996450
0.688795
0.389373
0.373338
0.686565
0.113557
0.387079
0.996450
0.099633
0.410124
0.415387
0.072495
0.997105
0.628596
0.086881
0.682713
0.997105
0.059768
0.071087
0.372031
0.381078
0.370203
0.071781
0.996450
0.089068
0.996450
0.394822
0.057995
0.682105
0.996450
0.080575
0.104581
0.052695
0.996450
0.044920
0.367517
0.385343
0.372915
0.688877
0.694223
0.075017
0.371688
0.682327
0.051469
0.996450
0.683389
0.379255
0.081499
0.996450
0.683635
0.063282
0.057863
0.373070
0.390286
0.380656
0.086740
0.435567
0.075968
0.074296
0.082684
0.376833
0.374763
0.059743
0.685641
0.686200
0.996450
0.686200
0.069993
0.692448
0.996450
0.084712
0.383146
0.996450
0.385597
0.389321
0.390254
0.097908
0.692605
0.110349
0.737776
0.287227
0.415029
0.370782
0.363495
0.052542
0.374254
0.370362
0.689514
0.054665
0.638505
0.087400
0.375189
0.996450
0.057095
0.997955
0.680011
0.680548
0.378822
0.381112
0.142305
0.402680
0.089731
0.996450
0.051230
0.996450
0.072501
0.385751
0.996450
0.704229
0.382472
0.073881
0.385657
0.691592
0.076454
0.066424
0.996450
0.356925
0.072284
0.422433
0.054873
0.080111
0.073044
0.398145
0.468770
0.345824
0.373358
0.386620
0.694214
0.996450
0.390195
0.702223
0.382475
0.707184
0.358178
0.043997
0.064728
0.687193
0.388040
0.422351
0.357708
0.685699
0.316410
0.353234
0.397092
0.417583
0.379263
0.387352
0.367894
0.995755
0.039788
0.415863
0.688598
0.059439
0.999709
0.028321
0.428548
0.694071
0.101113
0.083956
0.691303
0.382853
0.383044
0.689142
0.052125
0.339683
0.691393
0.677429
0.995755
0.373244
0.035448
0.674972
0.737818
0.993522
0.403751
0.297158
0.042223
0.026919
0.660037
0.037279
0.094851
0.995991
0.396734
0.066127
0.064056
0.377219
0.376167
0.685559
0.068212
0.995755
0.686759
0.025126
0.329989
0.995755
0.027605
0.371615
0.687139
0.087947
0.397662
0.995755
0.071544
0.995755
0.064009
0.682963
0.078228
0.402487
0.115002
0.995755
0.275649
0.266792
0.043640
0.673454
0.365475
0.684335
0.368567
0.689091
0.049600
0.366272
0.005138
0.080886
0.374334
0.387404
0.995755
0.082969
0.995755
0.380941
0.065692
0.398428
0.696938
0.994705
0.094934
0.066752
0.368413
0.681073
0.053726
0.053190
0.060189
0.374425
0.061614
0.044981
0.337553
0.009749
0.407057
0.089543
0.378831
0.047971
0.994705
0.109765
0.113676
0.706948
0.435641
0.699272
0.092194
0.080846
0.370822
0.686702
0.688071
0.379047
0.074011
0.066759
0.382621
0.384890
0.086784
0.386785
0.133425
0.393181
0.173823
0.412727
0.692804
0.023305
0.053893
0.018489
0.076802
0.378974
0.997446
0.693708
0.127378
0.429030
0.366747
0.372731
0.072927
0.119789
0.082534
0.688869
0.996450
0.040749
0.411341
0.395101
0.376402
0.050480
0.047701
0.368941
0.681918
0.046475
0.369473
0.079038
0.688877
0.379021
0.682327
0.684261
0.367046
0.050839
0.056908
0.370034
0.088173
0.378543
0.391238
0.004350
0.996450
0.059539
0.385706
0.999144
0.691922
0.376151
0.080203
0.702233
0.996450
0.391181
0.061928
0.367165
0.055665
0.059095
0.686200
0.375284
0.070499
0.075269
0.089083
0.686942
0.077872
0.385597
0.996450
0.690422
0.688259
0.393334
0.398594
0.426365
0.006148
0.742963
0.355445
0.713847
0.431081
0.062267
0.382123
0.381850
0.366647
0.694211
0.356906
0.033501
0.386810
0.057106
0.686000
0.066662
0.057416
0.054876
0.054764
0.105730
0.136598
0.691095
0.005328
0.364995
0.700357
0.085652
0.120833
0.389884
0.068935
0.380986
0.069304
0.688747
0.081584
0.377938
0.996450
0.375144
0.357214
0.029065
0.996450
0.037936
0.069203
0.390222
0.393560
0.063054
0.025492
0.996450
0.036063
0.365743
0.078962
0.159762
0.369694
0.139030
0.996450
0.403168
0.416301
0.415410
0.087462
0.082760
0.996450
0.701698
0.182997
0.997008
0.331627
0.359525
0.425635
0.123404
0.336627
0.361103
0.995755
0.367894
0.373683
0.041323
0.374639
0.439727
0.066900
0.999709
0.095358
0.689390
0.376965
0.052091
0.999709
0.382151
0.687997
0.378505
0.385018
0.044272
0.387343
0.691393
0.091510
0.670497
0.044673
0.047256
0.039747
0.423000
0.351734
0.005661
0.347359
0.401005
0.361177
0.356927
0.995755
0.380719
0.361094
0.068756
0.378472
0.074458
0.377225
0.379771
0.064313
0.686759
0.065344
0.037125
0.360084
0.033268
0.372735
0.378405
0.687758
0.081693
0.404578
0.081790
0.995755
0.066280
0.086943
0.391678
0.389641
0.396378
0.737348
0.695882
0.401379
0.063000
0.450006
0.046612
0.031450
0.681336
0.364784
0.380248
0.368618
0.360197
0.052471
0.999796
0.083710
0.371408
0.382167
0.084340
0.380941
0.687052
0.073410
0.689428
0.398428
0.115140
0.119486
0.687282
0.373453
0.681313
0.684833
0.374199
0.300385
0.055036
0.077771
0.044532
0.382555
0.691078
0.114174
0.693267
0.061658
0.028674
0.033573
0.368309
0.050961
0.152958
0.060622
0.395052
0.993733
0.049370
0.368224
0.074865
0.381601
0.066090
0.058434
0.364863
0.996450
0.682329
0.090721
0.066090
0.353380
0.996450
0.113201
0.333216
0.083126
0.391981
0.371858
0.690438
0.062012
0.391904
0.693708
0.397564
0.414705
0.107128
0.055178
0.067577
0.068502
0.077007
0.043599
0.036339
0.374665
0.371122
0.132800
0.435937
0.373190
0.056994
0.370120
0.368535
0.681419
0.047328
0.681139
0.041851
0.006644
0.382533
0.073628
0.996450
0.371631
0.366713
0.364677
0.061072
0.380962
0.996450
0.382156
0.039447
0.683185
0.060482
0.386879
0.691922
0.079814
0.089866
0.701624
0.094978
0.121607
0.131320
0.062921
0.366555
0.681557
0.996450
0.369904
0.064455
0.996450
0.688001
0.073647
0.684139
0.996450
0.067155
0.690422
0.376764
0.381827
0.386206
0.424011
0.699414
0.700546
0.051010
0.344419
0.053503
0.406143
0.120585
0.071318
0.689917
0.996450
0.065168
0.683604
0.074314
0.362526
0.370712
0.997955
0.686000
0.693669
0.383634
0.377583
0.380302
0.082655
0.687292
0.384390
0.100886
0.096597
0.314323
0.100555
0.996450
0.690403
0.356299
0.065764
0.684045
0.066295
0.689453
0.400534
0.057083
0.996450
0.343015
0.424395
0.345981
0.061192
0.992881
0.082766
0.996450
0.080448
0.328555
0.312091
0.047506
0.445065
0.138895
0.164052
0.419472
0.403168
0.685887
0.361436
0.143337
0.413841
0.090516
0.016849
0.493748
0.710379
0.686257
0.660874
0.363891
0.376470
0.358137
0.398611
0.024779
0.360667
0.373683
0.368795
0.685689
0.690058
0.399107
0.122761
0.139949
0.321537
0.372645
0.376473
0.378951
0.380477
0.376831
0.068977
0.068450
0.066485
0.995755
0.060154
0.117509
0.036388
0.049411
0.363797
0.070575
0.371506
0.682205
0.366685
0.041287
0.419526
0.380523
0.675478
0.671110
0.037990
0.049942
0.055435
0.995755
0.682202
0.081678
0.044183
0.047712
0.372513
0.066722
0.995755
0.063234
0.379419
0.383797
0.687022
0.687758
0.995755
0.082037
0.382693
0.377651
0.689582
0.380089
0.131991
0.412513
0.398639
0.398366
0.382358
0.737348
0.118883
0.701366
0.444077
0.090413
0.381282
0.055478
0.689987
0.379354
0.366250
0.362931
0.123493
0.086905
0.686395
0.066895
0.687706
0.072635
0.381066
0.995755
0.377585
0.378764
0.085937
0.095149
0.122950
0.099848
0.091310
0.377531
0.068586
0.301084
0.420983
0.375215
0.686774
0.043781
0.994705
0.369347
0.089938
0.375379
0.680157
0.364885
0.055781
0.064778
0.994705
0.033655
0.066408
0.027601
0.054250
0.684454
0.996450
0.077164
0.066727
0.368665
0.996450
0.053615
0.374716
0.691258
0.146963
0.064813
0.457971
0.400309
0.340059
0.368738
0.997105
0.383129
0.084871
0.676491
0.002202
0.058955
0.382213
0.110284
0.997446
0.107037
0.702627
0.096721
0.701472
0.403086
0.091997
0.997900
0.366551
0.682246
0.397238
0.398170
0.380933
0.059089
0.062248
0.370570
0.681822
0.050026
0.351583
0.669755
0.047799
0.096501
0.686521
0.371631
0.996450
0.683820
0.050668
0.686054
0.996450
0.071229
0.067645
0.381520
0.672741
0.075303
0.400549
0.397823
0.098453
0.999586
0.395395
0.400419
0.399822
0.999586
0.088608
0.065100
0.052030
0.053092
0.059425
0.684265
0.072281
0.690355
0.691715
0.058996
0.371956
0.377040
0.684956
0.377788
0.383580
0.381625
0.077461
0.062951
0.030886
0.015972
0.695849
0.062480
0.684906
0.386945
0.067981
0.379495
0.383144
0.380424
0.378322
0.056994
0.682667
0.996450
0.370712
0.076120
0.382129
0.997955
0.691573
0.382918
0.070123
0.996450
0.687292
0.689746
0.693647
0.669042
0.694359
0.391340
0.343277
0.374296
0.056279
0.996450
0.027473
0.394509
0.996450
0.107879
0.013261
0.393779
0.996450
0.086103
0.361298
0.066149
0.063043
0.084752
0.090510
0.051777
0.035222
0.114204
0.708228
0.996450
0.404712
0.072858
0.105564
0.403992
0.407282
0.397732
0.414171
0.701353
0.700016
0.005286
0.439960
0.097341
0.025938
0.370879
0.115706
0.096306
0.035855
0.657268
0.395634
0.367606
0.995755
0.059143
0.709173
0.690296
0.419061
0.439776
0.738662
0.631857
0.072168
0.380850
0.690648
0.376995
0.687296
0.374736
0.066048
0.072130
0.074176
0.061448
0.074096
0.689217
0.374655
0.072493
0.374098
0.689011
0.066657
0.054222
0.380016
0.348862
0.032916
0.358032
0.680482
0.366398
0.075291
0.389450
0.075673
0.071353
0.059964
0.093793
0.021922
0.063589
0.065915
0.081033
0.995755
0.388056
0.078245
0.083797
0.091546
0.390817
0.430198
0.676170
0.065379
0.071577
0.274969
0.210594
0.114860
0.388277
0.393630
0.374160
0.995755
0.078362
0.995755
0.699354
0.083086
0.689241
0.075208
0.059386
0.999796
0.684812
0.364210
0.087417
0.376369
0.999796
0.068145
0.377744
0.378034
0.067233
0.685988
0.069565
0.077139
0.995755
0.098289
0.409580
0.409297
0.088028
0.994705
0.126023
0.700633
0.743566
0.374943
0.049482
0.052275
0.682858
0.376858
0.385847
0.379130
0.040526
0.370339
0.072628
0.082944
0.385394
0.996450
0.055555
0.355169
0.053595
0.125320
0.075079
0.377839
0.082300
0.063049
0.682531
0.388282
0.398831
0.996450
0.411157
0.112906
0.138397
0.388154
0.997105
0.369393
0.102902
0.997105
0.386312
0.009191
0.063639
0.997446
0.402163
0.409054
0.399584
0.089629
0.398209
0.997900
0.411370
0.689864
0.681979
0.688414
0.386552
0.380147
0.378732
0.382763
0.060685
0.373221
0.052251
0.996450
0.055194
0.356545
0.681553
0.061954
0.384529
0.079253
0.069243
0.683820
0.371142
0.055640
0.056508
0.062551
0.996450
0.375531
0.060377
0.078079
0.096265
0.704254
0.701577
0.999586
0.099938
0.403388
0.414736
0.116862
0.134434
0.457099
0.078808
0.370340
0.372481
0.996450
0.066651
0.081437
0.388454
0.065920
0.027715
0.046190
0.069842
0.687554
0.080017
0.381625
0.368781
0.679849
0.355763
0.348950
0.667939
0.358575
0.055390
0.609988
0.372039
0.063610
0.079966
0.387288
0.693496
0.073816
0.389573
0.069028
0.072882
0.080656
0.117719
0.090046
0.690069
0.078773
0.693266
0.382223
0.064999
0.066126
0.066808
0.045081
0.073871
0.084536
0.060330
0.076259
0.373334
0.050493
0.045678
0.289027
0.661443
0.020416
0.996450
0.088668
0.601557
0.468479
0.352662
0.046138
0.687799
0.386246
0.043846
0.681919
0.675220
0.679532
0.696786
0.393424
0.404712
0.996450
0.073371
0.127405
0.392946
0.996450
0.689216
0.390324
0.996450
0.089129
0.382957
0.076995
0.376261
0.995755
0.055720
0.737163
0.699772
0.111503
0.075985
0.028307
0.066690
0.081496
0.084222
0.066777
0.326823
0.659216
0.402327
0.086720
0.134566
0.076661
0.616944
0.365006
0.383785
0.378087
0.374185
0.064317
0.382627
0.688292
0.076812
0.688614
0.075400
0.687199
0.070195
0.070097
0.689117
0.995755
0.119405
0.364918
0.297344
0.676969
0.680482
0.995755
0.680482
0.363263
0.394098
0.101987
0.105132
0.431863
0.643809
0.681970
0.021574
0.070347
0.065039
0.083833
0.388753
0.086361
0.715993
0.409788
0.395243
0.054466
0.369482
0.682811
0.051124
0.466186
0.702490
0.370421
0.378937
0.089797
0.389153
0.686515
0.086259
0.399941
0.388124
0.694533
0.377431
0.689241
0.055686
0.059479
0.054578
0.999796
0.679408
0.086879
0.685607
0.073325
0.377560
0.059529
0.684997
0.375854
0.685988
0.071937
0.692644
0.689473
0.393999
0.416979
0.109998
0.065913
0.391521
0.435970
0.076926
0.064852
0.055392
0.368048
0.994705
0.373702
0.994705
0.370218
0.994705
0.062078
0.994705
0.073799
0.410679
0.399390
0.492407
0.066286
0.161217
0.432918
0.399417
0.996450
0.074286
0.038606
0.078979
0.090134
0.132492
0.115120
0.996450
0.094163
0.400010
0.695284
0.086288
0.100779
0.100871
0.691489
0.049278
0.677241
0.997446
0.074445
0.089281
0.102764
0.383309
0.070521
0.704092
0.405908
0.709357
0.409851
0.059828
0.038497
0.123266
0.390648
0.377742
0.369674
0.068567
0.681113
0.369336
0.681822
0.369563
0.681553
0.996450
0.067079
0.378800
0.690026
0.996450
0.379173
0.377636
0.074727
0.374783
0.373106
0.063940
0.685513
0.087776
0.996450
0.114545
0.113651
0.112185
0.099130
0.999586
0.700442
0.113961
0.695722
0.125838
0.696748
0.089117
0.684511
0.996450
0.065697
0.996450
0.689666
0.076692
0.061593
0.679940
0.996450
0.378455
0.388814
0.694248
0.082944
0.996450
0.373490
0.363183
0.358423
0.040373
0.371066
0.353692
0.414280
0.016872
0.087944
0.396223
0.693523
0.388719
0.071152
0.377305
0.687064
0.074062
0.390633
0.400180
0.104599
0.088608
0.386683
0.692422
0.386686
0.378108
0.379246
0.069897
0.692615
0.387261
0.387145
0.391981
0.387544
0.379555
0.370501
0.050724
0.049762
0.296057
0.115472
0.395477
0.319068
0.091567
0.032210
0.356971
0.365641
0.134204
0.300963
0.068242
0.038365
0.055613
0.047724
0.058343
0.078958
0.386822
0.397690
0.381171
0.700180
0.996450
0.392946
0.068589
0.407312
0.103895
0.388388
0.372468
0.373671
0.385949
0.362218
0.735674
0.393274
0.995755
0.699772
0.065028
0.388167
0.690713
0.691019
0.073177
0.616935
0.659216
0.999709
0.369589
0.102325
0.402313
0.310997
0.347162
0.690992
0.367879
0.074113
0.383002
0.378728
0.373206
0.071466
0.379728
0.995755
0.073685
0.380099
0.375686
0.390681
0.689011
0.097438
0.083450
0.619997
0.671802
0.360095
0.058244
0.372317
0.064288
0.071314
0.995755
0.391578
0.112118
0.361594
0.106063
0.384268
0.392441
0.675998
0.995755
0.044121
0.071949
0.012978
0.149257
0.382784
0.371584
0.374874
0.047889
0.995755
0.682811
0.064818
0.409631
0.684800
0.669891
0.374960
0.085832
0.085586
0.130482
0.034111
0.391080
0.687386
0.999796
0.378768
0.368794
0.677742
0.058350
0.346561
0.335741
0.062057
0.690346
0.069140
0.294735
0.999796
0.353593
0.376784
0.076386
0.100978
0.074715
0.091490
0.387681
0.099997
0.373361
0.373338
0.429985
0.693993
0.431752
0.368091
0.368907
0.053781
0.368924
0.062788
0.065674
0.053051
0.114594
0.064419
0.381319
0.063564
0.392553
0.996450
0.122900
0.139893
0.454326
0.705662
0.996450
0.399417
0.080680
0.997105
0.098721
0.396567
0.679012
0.030121
0.131258
0.391369
0.371135
0.383561
0.689138
0.385860
0.080501
0.086973
0.306075
0.054130
0.070807
0.376840
0.696693
0.395652
0.391724
0.373986
0.694296
0.389637
0.121728
0.387411
0.351252
0.412384
0.129109
0.679553
0.073239
0.059595
0.067989
0.064337
0.376179
0.073622
0.372384
0.083935
0.064848
0.697735
0.055848
0.075712
0.690026
0.387356
0.087112
0.388372
0.996450
0.067955
0.683009
0.373122
0.094709
0.111754
0.408651
0.695421
0.097021
0.691705
0.399832
0.396395
0.384999
0.999586
0.091668
0.999586
0.413581
0.065349
0.369198
0.067005
0.095147
0.103008
0.081258
0.996450
0.055154
0.679940
0.377790
0.095576
0.094182
0.087354
0.069906
0.996450
0.683104
0.368840
0.370234
0.373459
0.125212
0.710925
0.996450
0.113783
0.693523
0.385620
0.374892
0.370127
0.371352
0.685338
0.071745
0.684076
0.060995
0.678446
0.065153
0.390643
0.692197
0.389191
0.082712
0.093877
0.677169
0.375757
0.083124
0.690157
0.385878
0.071342
0.996450
0.368060
0.052966
0.996450
0.077109
0.996450
0.430057
0.362652
0.362379
0.359369
0.361199
0.114487
0.715376
0.165830
0.367707
0.996450
0.029139
0.996450
0.073489
0.388667
0.388241
0.996450
0.083656
0.387506
0.383889
0.347156
0.083531
0.690375
0.682565
0.996450
0.365567
0.062898
0.679326
0.013322
0.052294
0.092257
0.071173
0.050967
0.387940
0.389656
0.075694
0.692086
0.999709
0.077984
0.235117
0.659216
0.013319
0.695474
0.408020
0.073972
0.999709
0.061572
0.384681
0.381639
0.302362
0.689710
0.689178
0.068469
0.686012
0.067882
0.067513
0.688980
0.067516
0.427185
0.404076
0.697706
0.685375
0.118844
0.036214
0.064501
0.687590
0.688066
0.371246
0.048270
0.044183
0.995755
0.097989
0.690906
0.693542
0.995755
0.086009
0.386493
0.675998
0.008310
0.333349
0.429433
0.995755
0.440049
0.062866
0.368216
0.355421
0.044112
0.687794
0.069504
0.326736
0.029812
0.374285
0.689977
0.995755
0.689977
0.024872
0.417609
0.036812
0.062414
0.687386
0.056710
0.370134
0.063035
0.690525
0.008994
0.058784
0.085309
0.381478
0.614808
0.668662
0.683764
0.352427
0.061501
0.387227
0.999796
0.706371
0.086332
0.025054
0.364493
0.065084
0.385316
0.068344
0.368803
0.364555
0.999796
0.050814
0.679621
0.361620
0.046016
0.055697
0.994705
0.088832
0.109314
0.994705
0.387145
0.042552
0.702926
0.051532
0.106368
0.996450
0.158011
0.097703
0.383665
0.394496
0.694120
0.397215
0.689983
0.381948
0.341538
0.029806
0.688903
0.068068
0.378304
0.687914
0.379040
0.071426
0.371015
0.653490
0.684905
0.677208
0.997900
0.359664
0.088606
0.697278
0.070487
0.063902
0.099902
0.080258
0.113892
0.072174
0.399578
0.404706
0.395921
0.041772
0.997105
0.067058
0.082738
0.384920
0.421248
0.115036
0.376552
0.697735
0.996450
0.094696
0.385903
0.102689
0.111437
0.102567
0.387192
0.073996
0.375976
0.684713
0.384178
0.695231
0.093329
0.393111
0.996450
0.387539
0.999586
0.071058
0.069017
0.378147
0.096287
0.689211
0.696748
0.686075
0.716420
0.071726
0.072939
0.693937
0.387740
0.073412
0.072768
0.678063
0.058918
0.390136
0.083602
0.688785
0.383487
0.071025
0.061797
0.057454
0.373984
0.373791
0.378349
0.067592
0.743195
0.412982
0.095624
0.084999
0.996450
0.378686
0.372592
0.056729
0.376000
0.684076
0.677836
0.362781
0.678809
0.055337
0.384718
0.997955
0.088233
0.996450
0.071241
0.685412
0.027466
0.690157
0.996450
0.081218
0.376088
0.370977
0.348928
0.071754
0.385490
0.996450
0.070138
0.377930
0.364657
0.367892
0.050233
0.684501
0.085953
0.698030
0.123408
0.314500
0.018108
0.680347
0.055912
0.090068
0.427394
0.047290
0.138769
0.377841
0.690967
0.059303
0.996450
0.027202
0.382291
0.091042
0.055264
0.670967
0.384720
0.091635
0.683243
0.063688
0.360404
0.360077
0.372798
0.688705
0.384159
0.688035
0.387677
0.071220
0.056510
0.366663
0.302224
0.394429
0.682857
0.385553
0.387975
0.058226
0.385515
0.692608
0.305478
0.747485
0.301744
0.068812
0.067020
0.683909
0.995755
0.369642
0.057261
0.365681
0.336098
0.231351
0.081577
0.085349
0.402881
0.676573
0.016922
0.382290
0.359851
0.995755
0.365576
0.098701
0.102380
0.995755
0.095043
0.085796
0.693542
0.096072
0.417914
0.398210
0.181395
0.317182
0.995755
0.429433
0.673364
0.085633
0.682394
0.058635
0.070664
0.069859
0.073660
0.057462
0.372880
0.074422
0.071541
0.073980
0.076187
0.357822
0.310913
0.428849
0.689382
0.688291
0.689382
0.375451
0.380577
0.070684
0.082872
0.691568
0.068621
0.061979
0.072550
0.060891
0.376844
0.090082
0.693625
0.129631
0.410658
0.068665
0.156165
0.627547
0.073971
0.999796
0.047712
0.360553
0.679446
0.683043
0.684905
0.046959
0.361996
0.110261
0.999595
0.059088
0.374215
0.374674
0.092315
0.387037
0.060647
0.685506
0.021146
0.021125
0.388773
0.118387
0.423984
0.385638
0.383304
0.377049
0.087873
0.079708
0.686443
0.025508
0.685693
0.040172
0.367274
0.373549
0.377899
0.687362
0.406039
0.106072
0.698864
0.078214
0.313316
0.685700
0.019489
0.693255
0.997900
0.693255
0.085083
0.389126
0.390846
0.373195
0.684405
0.072816
0.382907
0.388243
0.060757
0.688146
0.056273
0.378554
0.085421
0.069340
0.391943
0.682525
0.683520
0.438074
0.123697
0.387684
0.383306
0.996450
0.077479
0.390906
0.084162
0.691628
0.379322
0.373405
0.695231
0.996450
0.443982
0.055575
0.062075
0.373684
0.374983
0.680277
0.370530
0.079209
0.362762
0.001742
0.435447
0.716420
0.432705
0.684036
0.085909
0.996450
0.693937
0.691918
0.687392
0.382612
0.675752
0.064613
0.080633
0.379429
0.996450
0.064881
0.996450
0.066973
0.746450
0.376204
0.065925
0.689169
0.050236
0.081379
0.053086
0.374364
0.066445
0.996450
0.369236
0.053106
0.373521
0.066277
0.055921
0.682110
0.053637
0.302034
0.131886
0.101157
0.996450
0.084587
0.381187
0.690513
0.080687
0.059753
0.144005
0.311447
0.359905
0.740372
0.682777
0.057012
0.126420
0.697599
0.714113
0.362332
0.307411
0.378613
0.371129
0.372799
0.370599
0.367696
0.395078
0.075905
0.370692
0.996450
0.355742
0.066590
0.317604
0.128028
0.138367
0.030745
0.177480
0.052317
0.347206
0.996450
0.046504
0.692760
0.698710
0.068247
0.686157
0.323006
0.697683
0.064201
0.364757
0.369777
0.373931
0.999709
0.071822
0.999709
0.067169
0.999709
0.033602
0.422742
0.068077
0.999709
0.088589
0.999709
0.689788
0.690760
0.382244
0.073244
0.111613
0.624568
0.435574
0.376151
0.060338
0.052194
0.365704
0.362374
0.049220
0.432803
0.079582
0.995755
0.144416
0.692750
0.063732
0.681424
0.025687
0.054842
0.364670
0.359000
0.096008
0.424024
0.086646
0.074394
0.378354
0.381947
0.700491
0.067813
0.394394
0.995755
0.403240
0.134958
0.104058
0.087074
0.400742
0.412969
0.073828
0.391064
0.387245
0.383593
0.381255
0.687424
0.067387
0.397280
0.436915
0.705970
0.385777
0.049563
0.444365
0.704383
0.301037
0.398010
0.379928
0.373560
0.375273
0.074447
0.688991
0.378808
0.060013
0.366307
0.410504
0.394699
0.375429
0.698304
0.092758
0.600904
0.414163
0.746100
0.999796
0.099829
0.366224
0.047042
0.679437
0.037606
0.043263
0.683487
0.044069
0.046012
0.410972
0.999595
0.430248
0.684350
0.379859
0.382025
0.072794
0.386871
0.379554
0.996450
0.074437
0.050330
0.388769
0.058110
0.065391
0.391395
0.070922
0.687124
0.068256
0.999333
0.384352
0.083476
0.388777
0.701388
0.064340
0.373966
0.378393
0.422107
0.711263
0.061720
0.100586
0.398284
0.001917
0.347938
0.320508
0.077508
0.693255
0.096413
0.395611
0.692887
0.077704
0.997900
0.380025
0.046366
0.376324
0.377496
0.688146
0.694054
0.997105
0.312550
0.109005
0.394037
0.366625
0.701129
0.027416
0.071135
0.391095
0.996450
0.389649
0.064341
0.061137
0.390369
0.388601
0.691502
0.077270
0.065846
0.077681
0.071216
0.422386
0.093594
0.677760
0.996450
0.049290
0.370530
0.996450
0.684031
0.365059
0.053596
0.621370
0.133563
0.089080
0.695905
0.087137
0.693937
0.390755
0.379754
0.064781
0.291768
0.670305
0.612467
0.077588
0.689413
0.069137
0.373718
0.058947
0.109646
0.998699
0.139127
0.392057
0.367188
0.055006
0.373880
0.375737
0.374055
0.370655
0.055943
0.683148
0.053403
0.371091
0.370408
0.369220
0.370719
0.306791
0.428721
0.422096
0.707710
0.106897
0.081038
0.996450
0.065920
0.044723
0.122712
0.699686
0.101195
0.433776
0.694825
0.064504
0.034637
0.996450
0.145044
0.396729
0.039654
0.112321
0.425006
0.370791
0.375897
0.371594
0.367140
0.067125
0.686796
0.374865
0.365895
0.359493
0.040071
0.374483
0.380680
0.996450
0.093411
0.419129
0.396286
0.002273
0.350429
0.692747
0.375757
0.071596
0.066942
0.996450
0.409850
0.360091
0.995755
0.069447
0.378693
0.380320
0.067980
0.381832
0.064303
0.374745
0.372633
0.054626
0.044268
0.370143
0.080068
0.999709
0.091036
0.379662
0.379993
0.379742
0.055178
0.682776
0.422695
0.328276
0.375763
0.370713
0.048743
0.680184
0.048443
0.045296
0.995755
0.068939
0.740266
0.072947
0.995755
0.075983
0.995755
0.681424
0.041125
0.679722
0.033492
0.406135
0.396844
0.378445
0.682853
0.064034
0.377650
0.389434
0.995755
0.048578
0.699112
0.053494
0.995755
0.679524
0.702866
0.082415
0.690550
0.383413
0.050414
0.689091
0.388385
0.393061
0.377053
0.086370
0.675646
0.109946
0.712048
0.414095
0.412118
0.067999
0.059155
0.999796
0.022630
0.127788
0.692062
0.686437
0.065548
0.686319
0.058040
0.051588
0.343252
0.359661
0.681033
0.377119
0.053556
0.413081
0.005454
0.007720
0.668995
0.422121
0.374601
0.363167
0.049243
0.359846
0.363349
0.363995
0.679883
0.041851
0.346952
0.679916
0.414812
0.302962
0.380751
0.689976
0.388642
0.072972
0.066251
0.306272
0.131920
0.708930
0.091443
0.114228
0.999333
0.068819
0.398547
0.061708
0.683355
0.076931
0.690913
0.690557
0.096842
0.693555
0.087014
0.684309
0.069377
0.398643
0.411972
0.713125
0.086799
0.381725
0.370099
0.367086
0.087030
0.383797
0.997900
0.092719
0.997900
0.695568
0.079872
0.690751
0.690777
0.690751
0.109466
0.711619
0.067008
0.077824
0.111207
0.393139
0.154838
0.114410
0.684066
0.110201
0.073375
0.036860
0.369917
0.371832
0.389649
0.996450
0.685173
0.069607
0.391017
0.388320
0.996450
0.385027
0.083462
0.376230
0.325261
0.996450
0.383738
0.354798
0.677760
0.038021
0.368931
0.684031
0.368248
0.046234
0.364603
0.125756
0.340652
0.101513
0.076301
0.397926
0.087203
0.055279
0.049131
0.379123
0.082006
0.304794
0.694099
0.688777
0.688036
0.379934
0.059395
0.685733
0.381063
0.169841
0.325705
0.094436
0.092980
0.072887
0.134384
0.391878
0.376264
0.372787
0.372578
0.996450
0.059372
0.682898
0.681267
0.369602
0.070951
0.375720
0.691962
0.092867
0.397098
0.996450
0.696433
0.382376
0.687049
0.364889
0.075434
0.674216
0.689854
0.402755
0.695411
0.378540
0.025921
0.101186
0.464595
0.692595
0.996450
0.125890
0.374950
0.679886
0.684090
0.376663
0.372364
0.068117
0.079163
0.688837
0.050750
0.679126
0.017985
0.366961
0.695826
0.087366
0.126705
0.451790
0.689320
0.996450
0.377929
0.352876
0.068086
0.381095
0.102260
0.101509
0.720013
0.685262
0.067017
0.686506
0.378713
0.074683
0.377953
0.690362
0.061334
0.999709
0.062023
0.374467
0.687956
0.681266
0.744857
0.400957
0.999709
0.078113
0.063001
0.999709
0.066692
0.999709
0.386484
0.999709
0.391553
0.373178
0.055282
0.684732
0.059166
0.378405
0.437401
0.402755
0.375743
0.695260
0.083383
0.392173
0.681424
0.364915
0.057981
0.362612
0.694596
0.385645
0.672068
0.098701
0.385818
0.673500
0.008653
0.384491
0.088206
0.075867
0.674627
0.380362
0.057055
0.083212
0.066069
0.393639
0.390997
0.303797
0.689091
0.997888
0.087535
0.705681
0.109837
0.001842
0.746921
0.013145
0.691661
0.712048
0.706014
0.099844
0.687550
0.009189
0.078038
0.689610
0.060858
0.049001
0.047563
0.363436
0.999796
0.362808
0.361720
0.040818
0.375608
0.367250
0.710723
0.696231
0.435030
0.388111
0.040848
0.065564
0.702742
0.063502
0.370761
0.367266
0.369783
0.999796
0.363794
0.026398
0.609057
0.365285
0.293638
0.391196
0.390286
0.083528
0.067069
0.059035
0.610180
0.419631
0.414989
0.705367
0.107083
0.599287
0.414990
0.302101
0.091470
0.050916
0.999333
0.381044
0.692785
0.084426
0.385003
0.095336
0.700432
0.091053
0.393619
0.405706
0.463125
0.304192
0.383932
0.402495
0.389036
0.384734
0.378161
0.384265
0.692789
0.085019
0.391085
0.071135
0.387802
0.097017
0.082238
0.080901
0.131011
0.378728
0.699936
0.056018
0.424446
0.178684
0.106968
0.025132
0.382600
0.691981
0.697412
0.113698
0.055130
0.001128
0.081097
0.377454
0.048702
0.372886
0.085425
0.387797
0.691502
0.385963
0.080802
0.286115
0.671177
0.020719
0.091503
0.672595
0.357458
0.038117
0.367099
0.046369
0.359830
0.996450
0.360918
0.036448
0.182571
0.996450
0.432731
0.996450
0.684643
0.374496
0.365959
0.051527
0.110645
0.113958
0.064087
0.058305
0.064051
0.377377
0.063491
0.999505
0.688788
0.407340
0.392864
0.691993
0.383661
0.080535
0.680757
0.364788
0.082153
0.377114
0.687277
0.064750
0.063464
0.039497
0.677589
0.366648
0.068593
0.386283
0.996450
0.097905
0.996450
0.087980
0.081382
0.393346
0.087868
0.056027
0.369452
0.081796
0.080110
0.996450
0.396341
0.378693
0.362681
0.101322
0.144218
0.171214
0.434352
0.080304
0.365226
0.050568
0.062161
0.071697
0.690145
0.383192
0.079194
0.689738
0.061360
0.684282
0.363566
0.055763
0.380258
0.996450
0.396276
0.137933
0.135219
0.011347
0.126234
0.079759
0.396726
0.379032
0.094080
0.996450
0.426004
0.352804
0.373961
0.378780
0.999709
0.691282
0.382601
0.999709
0.067200
0.378591
0.379157
0.071985
0.367559
0.062898
0.052612
0.085108
0.001626
0.059115
0.036088
0.045545
0.117388
0.172322
0.048187
0.095193
0.068145
0.380379
0.065541
0.437319
0.069060
0.127816
0.443249
0.995755
0.111974
0.392617
0.388052
0.690783
0.076219
0.379274
0.056976
0.362473
0.052827
0.995755
0.066065
0.392944
0.080788
0.687563
0.097634
0.027025
0.370020
0.075763
0.072017
0.065115
0.373018
0.377380
0.382263
0.443545
0.036685
0.674052
0.682077
0.053597
0.069147
0.997888
0.057056
0.733659
0.278182
0.190640
0.997888
0.085163
0.051522
0.094196
0.999796
0.687550
0.080503
0.999796
0.689610
0.361906
0.035291
0.354473
0.362808
0.664905
0.047659
0.045322
0.375898
0.301688
0.425035
0.117811
0.999796
0.405619
0.686428
0.060188
0.999796
0.004740
0.381061
0.063373
0.690062
0.052981
0.116070
0.087134
0.412265
0.297233
0.083116
0.699905
0.086082
0.078834
0.374451
0.662551
0.354639
0.437584
0.685605
0.087467
0.375403
0.139224
0.999333
0.131899
0.348965
0.269796
0.003255
0.068613
0.694793
0.086394
0.688896
0.088058
0.701668
0.117686
0.402165
0.998655
0.706546
0.496305
0.034886
0.419097
0.379541
0.997105
0.064401
0.696175
0.059729
0.390699
0.072917
0.688064
0.074175
0.383568
0.394129
0.676164
0.023055
0.389157
0.676143
0.072529
0.084418
0.081096
0.679688
0.037401
0.376189
0.686037
0.092569
0.076036
0.384391
0.996450
0.386983
0.685753
0.996450
0.375772
0.077182
0.384342
0.078214
0.996450
0.057536
0.374183
0.440590
0.996450
0.053556
0.045108
0.044440
0.047605
0.996450
0.052514
0.677915
0.361798
0.042280
0.046772
0.052128
0.109725
0.369129
0.358625
0.050839
0.687157
0.670559
0.408338
0.702396
0.708717
0.121622
0.057175
0.683904
0.372004
0.058533
0.685733
0.383401
0.130110
0.999505
0.694490
0.068736
0.367675
0.996450
0.680757
0.062946
0.687277
0.996450
0.687277
0.688622
0.061897
0.681832
0.996450
0.065390
0.696637
0.367181
0.391752
0.092154
0.694275
0.371840
0.076848
0.048857
0.372156
0.685040
0.065172
0.074920
0.396341
0.996450
0.688410
0.679733
0.678965
0.411481
0.418082
0.736644
0.108086
0.680627
0.059008
0.688415
0.381352
0.384476
0.690145
0.084874
0.686298
0.686649
0.059388
0.683158
0.044835
0.374169
0.703136
0.692159
0.116489
0.680946
0.137955
0.705576
0.437457
0.088234
0.376774
0.690017
0.398990
0.108627
0.043763
0.376199
0.995755
0.072268
0.073094
0.384116
0.380981
0.693478
0.087830
0.133128
0.061761
0.684947
0.687712
0.378248
0.999709
0.671883
0.066747
0.696551
0.393392
0.432602
0.403606
0.384733
0.376406
0.332561
0.397102
0.188407
0.743802
0.183079
0.339888
0.995755
0.443249
0.109387
0.060981
0.395389
0.389779
0.995755
0.378283
0.057919
0.379622
0.374267
0.046039
0.391231
0.404964
0.394437
0.697730
0.009780
0.348872
0.360481
0.689953
0.684617
0.684583
0.686677
0.390433
0.696639
0.107462
0.361037
0.308732
0.424052
0.076764
0.425291
0.132860
0.125635
0.997888
0.351338
0.042948
0.070814
0.997888
0.102212
0.371932
0.373986
0.441967
0.002718
0.377408
0.370703
0.367542
0.032666
0.366928
0.345621
0.721603
0.664905
0.058194
0.058071
0.375224
0.317575
0.382843
0.405619
0.999796
0.374190
0.182677
0.702742
0.414887
0.293925
0.372012
0.052573
0.439193
0.424465
0.679679
0.413302
0.455566
0.123891
0.703152
0.433377
0.383060
0.056609
0.282062
0.400509
0.384642
0.688068
0.668965
0.061403
0.375396
0.747812
0.045459
0.278224
0.309278
0.418295
0.383075
0.392685
0.372659
0.379905
0.381465
0.392987
0.112031
0.078635
0.080991
0.496305
0.714861
0.420621
0.378397
0.281886
0.376791
0.997105
0.377791
0.428935
0.365506
0.691746
0.366111
0.674504
0.089524
0.676164
0.997105
0.038970
0.358592
0.678097
0.052582
0.694466
0.066879
0.681775
0.045936
0.996450
0.680659
0.375337
0.068973
0.671299
0.441279
0.095329
0.067504
0.063651
0.996450
0.068744
0.688701
0.379127
0.381565
0.086062
0.745132
0.329318
0.691908
0.681994
0.665877
0.684647
0.055736
0.066563
0.064095
0.054530
0.058961
0.033077
0.691128
0.687655
0.996450
0.378984
0.360962
0.375201
0.043910
0.081159
0.700165
0.998681
0.142093
0.384837
0.056079
0.996450
0.683904
0.368215
0.369895
0.370257
0.060258
0.069634
0.380121
0.066654
0.373783
0.373337
0.037082
0.272351
0.393439
0.076730
0.688622
0.079145
0.076813
0.031146
0.057440
0.374145
0.065451
0.707401
0.109219
0.380189
0.068789
0.042891
0.996450
0.364556
0.047732
0.996450
0.068761
0.371246
0.070907
0.688410
0.371910
0.352872
0.394902
0.403226
0.447774
0.134657
0.309324
0.053488
0.062912
0.687439
0.381353
0.377370
0.087175
0.080356
0.379936
0.685101
0.367549
0.367328
0.678460
0.996450
0.059293
0.058265
0.389090
0.374497
0.360385
0.330374
0.001126
0.426426
0.690017
0.996450
0.089429
0.421687
0.684748
0.380795
0.077840
0.078481
0.999709
0.384810
0.077701
0.999709
0.693478
0.411175
0.096560
0.371098
0.088480
0.709193
0.378248
0.046622
0.051976
0.691170
0.696551
0.317996
0.373499
0.280871
0.337300
0.367079
0.339428
0.182575
0.684060
0.090715
0.118598
0.037814
0.074005
0.015048
0.675155
0.374104
0.381285
0.378283
0.995755
0.101264
0.075912
0.999433
0.687834
0.381745
0.403727
0.407836
0.401648
0.673674
0.999433
0.065529
0.391987
0.383621
0.374832
0.077275
0.393665
0.692438
0.050559
0.041911
0.085237
0.082752
0.700966
0.710829
0.385013
0.696487
0.136594
0.035762
0.395679
0.380629
0.115420
0.399494
0.303600
0.086890
0.314222
0.642259
0.180995
0.038446
0.367590
0.045372
0.095913
0.044684
0.692072
0.127578
0.118069
0.686141
0.312703
0.386113
0.999796
0.128087
0.137018
0.687649
0.114799
0.441241
0.062561
0.367860
0.999796
0.064398
0.999796
0.397635
0.416229
0.084907
0.999595
0.102279
0.162674
0.325033
0.375384
0.068261
0.017816
0.290651
0.618755
0.027556
0.678548
0.044779
0.065198
0.378186
0.056650
0.424592
0.447514
0.386272
0.068977
0.690425
0.066205
0.376505
0.388407
0.398375
0.387109
0.370156
0.048563
0.066093
0.451317
0.682571
0.691875
0.106741
0.342027
0.690181
0.101333
0.997105
0.683540
0.374127
0.068259
0.109263
0.085237
0.073684
0.054996
0.372126
0.039332
0.686448
0.678097
0.370528
0.068548
0.679799
0.997105
0.363353
0.056714
0.370898
0.061042
0.064492
0.060045
0.377213
0.373190
0.996450
0.374348
0.058917
0.064425
0.373436
0.378359
0.692424
0.039964
0.660373
0.681994
0.329799
0.071769
0.062366
0.369179
0.056437
0.996450
0.379357
0.353037
0.359670
0.057284
0.396448
0.378984
0.996450
0.374887
0.328885
0.058320
0.996450
0.390452
0.087167
0.389331
0.374516
0.368028
0.066608
0.057059
0.367438
0.050361
0.051761
0.368975
0.373425
0.378473
0.389037
0.380369
0.698144
0.689031
0.362412
0.369626
0.063068
0.066732
0.073961
0.414681
0.996450
0.366492
0.080223
0.700756
0.406500
0.424761
0.433490
0.058842
0.996450
0.052460
0.052427
0.686337
0.062906
0.058135
0.683723
0.085957
0.070135
0.670357
0.365152
0.124838
0.486412
0.094185
0.672325
0.103196
0.069934
0.405986
0.137336
0.049496
0.372082
0.379203
0.355769
0.046472
0.371041
0.680505
0.681846
0.683274
0.048980
0.996450
0.370686
0.996450
0.054512
0.688098
0.381134
0.171700
0.622133
0.361375
0.387762
0.996450
0.398056
0.370176
0.691093
0.692437
0.689288
0.692255
0.073085
0.378787
0.693478
0.099355
0.999709
0.322713
0.058267
0.999709
0.696877
0.112803
0.721105
0.348939
0.999709
0.099534
0.421255
0.310294
0.356506
0.291661
0.693221
0.375136
0.061671
0.645705
0.044694
0.681128
0.365871
0.026102
0.358649
0.011519
0.030962
0.048500
0.057710
0.102753
0.390526
0.135144
0.305856
0.365188
0.087341
0.697713
0.397650
0.123022
0.404156
0.673674
0.092612
0.088946
0.103133
0.083900
0.692781
0.386053
0.690220
0.078705
0.385601
0.999433
0.385274
0.082736
0.394031
0.696487
0.999433
0.385353
0.999433
0.073779
0.363943
0.382505
0.690104
0.353581
0.999796
0.669095
0.375704
0.380447
0.211695
0.074757
0.096281
0.999796
0.046643
0.999796
0.076761
0.381152
0.297000
0.426947
0.123456
0.100155
0.134808
0.406364
0.420874
0.090521
0.375050
0.999796
0.055156
0.056990
0.999796
0.085198
0.999796
0.703963
0.408212
0.408629
0.999595
0.062596
0.056789
0.687678
0.371739
0.036014
0.346342
0.373574
0.362170
0.999333
0.053867
0.689137
0.374406
0.686526
0.071021
0.375994
0.689930
0.999333
0.070530
0.353510
0.368831
0.682198
0.078413
0.382363
0.375586
0.381516
0.997105
0.080171
0.063202
0.432721
0.632845
0.115582
0.056195
0.684801
0.379997
0.377040
0.076975
0.997105
0.405780
0.997105
0.082008
0.376527
0.062736
0.376544
0.997105
0.062295
0.387564
0.068278
0.055523
0.367935
0.052791
0.370314
0.371920
0.058627
0.373918
0.064173
0.373820
0.369562
0.055591
0.363923
0.347271
0.367298
0.055083
0.374359
0.071614
0.691962
0.340193
0.354302
0.082070
0.692209
0.688618
0.684290
0.683120
0.065983
0.677772
0.996450
0.347880
0.307710
0.064055
0.407067
0.391974
0.052355
0.370136
0.378785
0.066300
0.689861
0.685876
0.380061
0.686268
0.682589
0.360641
0.395748
0.682159
0.680819
0.056485
0.996450
0.377555
0.079143
0.996450
0.097512
0.996450
0.077541
0.359615
0.369482
0.080918
0.375552
0.136434
0.996450
0.093989
0.051068
0.014772
0.676326
0.700756
0.707040
0.713811
0.059596
0.058914
0.685099
0.062822
0.374876
0.684652
0.059927
0.687089
0.683099
0.077632
0.041891
0.401058
0.094900
0.029828
0.149421
0.610750
0.077044
0.397869
0.101677
0.737892
0.737818
0.166618
0.063350
0.032619
0.345692
0.362412
0.361437
0.046381
0.363137
0.049580
0.681574
0.372854
0.063007
0.996450
0.685963
0.390971
0.116040
0.135786
0.030614
0.069859
0.107198
0.996450
0.372123
0.079390
0.389735
0.082738
0.387617
0.385384
0.376651
0.374199
0.378179
0.090232
0.382321
0.080287
0.696877
0.104767
0.707987
0.360913
0.361819
0.086617
0.122791
0.999709
0.124060
0.103571
0.703354
0.381088
0.699404
0.360746
0.020400
0.367327
0.683418
0.369484
0.039609
0.350352
0.360966
0.675499
0.995755
0.051569
0.368534
0.376945
0.398085
0.397369
0.310708
0.999433
0.087966
0.999433
0.115486
0.419858
0.705626
0.085642
0.383819
0.385924
0.381628
0.076715
0.380635
0.382566
0.687571
0.081835
0.385685
0.385903
0.689451
0.382336
0.000049
0.064540
0.038572
0.297088
0.057080
0.373069
0.373547
0.385037
0.999796
0.355489
0.373186
0.116092
0.369308
0.664698
0.656154
0.167201
0.102485
0.702137
0.059011
0.077643
0.405526
0.091677
0.419595
0.421659
0.124102
0.713460
0.999796
0.431826
0.412038
0.010837
0.683514
0.063013
0.999796
0.061855
0.076503
0.093513
0.103567
0.087023
0.079467
0.067579
0.359629
0.058483
0.996450
0.371647
0.061332
0.080191
0.386663
0.373936
0.050736
0.437289
0.704849
0.064035
0.381465
0.373939
0.309864
0.049330
0.689930
0.020022
0.286773
0.426335
0.622525
0.352358
0.381128
0.997105
0.077749
0.060553
0.352414
0.373947
0.324472
0.997105
0.632845
0.402681
0.369418
0.377980
0.375876
0.046438
0.079849
0.165765
0.380135
0.383519
0.377858
0.064957
0.686283
0.067910
0.076996
0.997105
0.073095
0.376744
0.687863
0.375617
0.375613
0.375701
0.063346
0.065008
0.685615
0.685755
0.372682
0.433210
0.383295
0.362469
0.326112
0.052189
0.682807
0.061769
0.071677
0.385891
0.996450
0.690379
0.071125
0.060629
0.369230
0.368152
0.360552
0.096877
0.677772
0.329682
0.333885
0.129357
0.117620
0.380939
0.996450
0.370947
0.313441
0.360287
0.379000
0.071357
0.996450
0.062267
0.364819
0.672557
0.352126
0.066983
0.365300
0.370004
0.061726
0.686179
0.076985
0.104610
0.149620
0.312941
0.381337
0.683453
0.019197
0.109288
0.081361
0.394427
0.444228
0.126466
0.996450
0.097302
0.996450
0.089927
0.418662
0.368446
0.680836
0.055544
0.372631
0.373555
0.372131
0.682898
0.052452
0.053831
0.680395
0.367461
0.065971
0.996450
0.692828
0.139103
0.996450
0.728551
0.301237
0.385102
0.135240
0.157199
0.697975
0.088024
0.686204
0.996450
0.022320
0.031258
0.996450
0.367902
0.362038
0.358597
0.057297
0.067423
0.376214
0.378358
0.379004
0.304797
0.377412
0.101149
0.996450
0.390838
0.704116
0.114597
0.076589
0.694922
0.089967
0.999709
0.695407
0.067959
0.682065
0.064425
0.381461
0.381885
0.687278
0.069961
0.395283
0.999709
0.401111
0.095823
0.395157
0.999709
0.697549
0.097915
0.999709
0.079992
0.999709
0.403048
0.011896
0.054254
0.681953
0.683418
0.995755
0.683418
0.047216
0.676466
0.029868
0.033871
0.352522
0.995755
0.357545
0.690204
0.745755
0.395244
0.076405
0.105366
0.444794
0.408724
0.111161
0.400104
0.405824
0.072569
0.375819
0.691217
0.687788
0.066459
0.376382
0.377636
0.688627
0.385685
0.388329
0.073212
0.068379
0.303240
0.618099
0.603257
0.608222
0.652024
0.700223
0.022589
0.374204
0.056967
0.058624
0.373328
0.062145
0.094387
0.356771
0.999796
0.062747
0.318109
0.143367
0.999796
0.388680
0.073414
0.184962
0.410875
0.688703
0.037495
0.390720
0.425502
0.130023
0.411066
0.322700
0.738441
0.001162
0.066697
0.061427
0.999796
0.688029
0.386768
0.378785
0.695659
0.688853
0.367238
0.681346
0.058148
0.373247
0.371519
0.065509
0.996450
0.069041
0.684340
0.121002
0.704849
0.999333
0.089840
0.389567
0.413312
0.282663
0.314372
0.683984
0.030505
0.416817
0.318283
0.347686
0.999333
0.051628
0.078094
0.079191
0.359705
0.058523
0.383783
0.997105
0.016979
0.085420
0.071296
0.065306
0.059165
0.038557
0.404352
0.390721
0.402276
0.069533
0.384837
0.377722
0.375141
0.066353
0.066370
0.380329
0.384900
0.075695
0.380300
0.688020
0.379940
0.379441
0.379183
0.068006
0.686599
0.374490
0.686919
0.114830
0.698291
0.996450
0.080389
0.378526
0.033738
0.370878
0.685803
0.996450
0.378494
0.381023
0.071315
0.680167
0.684796
0.051422
0.357863
0.371244
0.080781
0.105977
0.381915
0.380499
0.069045
0.696861
0.996450
0.082013
0.334916
0.417965
0.308739
0.386708
0.378907
0.377410
0.058028
0.042943
0.354784
0.691060
0.359030
0.054189
0.061017
0.685403
0.068186
0.376167
0.371670
0.336127
0.424587
0.396015
0.007239
0.996450
0.701334
0.125146
0.337638
0.996450
0.068766
0.104255
0.380010
0.676326
0.694211
0.383844
0.043012
0.045164
0.049099
0.682118
0.056821
0.368452
0.681237
0.366746
0.048271
0.678393
0.361152
0.358080
0.040650
0.021932
0.043698
0.728551
0.008293
0.367943
0.378512
0.378411
0.097546
0.996450
0.116831
0.408318
0.686204
0.052894
0.364320
0.365300
0.373381
0.062451
0.371066
0.071112
0.996450
0.687095
0.378739
0.376828
0.097318
0.698464
0.364516
0.139104
0.691096
0.100105
0.399172
0.382977
0.079649
0.084498
0.078666
0.075988
0.381726
0.068066
0.063246
0.067586
0.383873
0.072018
0.379237
0.064488
0.072079
0.387342
0.087684
0.098133
0.086732
0.376402
0.014876
0.080563
0.108073
0.703354
0.114065
0.431006
0.015094
0.043222
0.072526
0.047198
0.371641
0.048853
0.678853
0.040184
0.682511
0.028693
0.354923
0.346368
0.047286
0.074170
0.433582
0.095601
0.999433
0.426124
0.999433
0.115833
0.107963
0.385047
0.379494
0.376833
0.066697
0.685168
0.058680
0.372557
0.372437
0.999433
0.074922
0.384439
0.687405
0.691966
0.084885
0.360958
0.252854
0.340365
0.015790
0.705169
0.067793
0.381944
0.685419
0.687643
0.065629
0.383887
0.386151
0.999796
0.043398
0.331135
0.344454
0.098697
0.702137
0.068228
0.147451
0.999796
0.717388
0.706859
0.367726
0.690229
0.409894
0.999796
0.306427
0.034082
0.999796
0.115824
0.072410
0.999796
0.061594
0.379313
0.375290
0.381738
0.048673
0.053948
0.376071
0.049878
0.052952
0.996450
0.362001
0.058711
0.384197
0.377094
0.065616
0.297451
0.118755
0.411947
0.100908
0.111909
0.999333
0.310990
0.581870
0.388263
0.265137
0.071649
0.999333
0.378893
0.359631
0.999333
0.687243
0.376217
0.069008
0.132731
0.997105
0.383783
0.070507
0.997105
0.074848
0.373705
0.381249
0.386905
0.692225
0.381725
0.389273
0.997105
0.690801
0.367758
0.358542
0.686023
0.689500
0.378680
0.074565
0.074592
0.378717
0.685276
0.069612
0.686849
0.379719
0.066035
0.686954
0.066480
0.689137
0.378475
0.109627
0.026204
0.377454
0.382800
0.067615
0.683794
0.058363
0.061318
0.064416
0.068567
0.073610
0.065801
0.996450
0.684796
0.067653
0.398103
0.393478
0.077582
0.690794
0.059356
0.996450
0.070832
0.696861
0.386537
0.145079
0.010999
0.098914
0.141947
0.081522
0.067785
0.687391
0.374222
0.376368
0.025235
0.382075
0.057282
0.373456
0.684651
0.372530
0.375635
0.013556
0.996450
0.052762
0.708724
0.385596
0.119306
0.073780
0.433387
0.424716
0.032014
0.388478
0.384072
0.070622
0.694211
0.399369
0.039907
0.354939
0.366217
0.052982
0.681335
0.052311
0.365515
0.680298
0.679673
0.044976
0.678254
0.360063
0.361257
0.368594
0.406457
0.278759
0.045851
0.356515
0.388047
0.371473
0.077267
0.996450
0.398528
0.005240
0.142904
0.700802
0.100565
0.372038
0.687775
0.996450
0.687775
0.078228
0.068699
0.687095
0.070633
0.376464
0.419229
0.401017
0.378138
0.695449
0.096094
0.441059
0.383447
0.393564
0.995755
0.071936
0.377410
0.995755
0.379396
0.375889
0.684773
0.995755
0.065059
0.064982
0.685512
0.064555
0.372526
0.687880
0.059506
0.999709
0.083895
0.694956
0.999709
0.088600
0.388927
0.382868
0.106795
0.999709
0.393158
0.043761
0.391397
0.352308
0.673415
0.030606
0.362654
0.995755
0.055069
0.362768
0.995755
0.014526
0.357248
0.995755
0.043789
0.066672
0.425956
0.043768
0.118122
0.106149
0.700805
0.695603
0.999433
0.387058
0.066540
0.370133
0.685228
0.686169
0.686920
0.686638
0.688627
0.073018
0.386710
0.380679
0.391911
0.703474
0.378438
0.440092
0.027829
0.999433
0.385709
0.999433
0.074719
0.068151
0.378449
0.689813
0.689025
0.691176
0.080267
0.385686
0.066035
0.679485
0.023059
0.383591
0.681381
0.092610
0.132931
0.086975
0.395186
0.330061
0.678819
0.390072
0.004231
0.656974
0.277407
0.327959
0.631471
0.371668
0.373361
0.999796
0.069218
0.384783
0.387651
0.683853
0.361990
0.996450
0.682090
0.045946
0.045801
0.996450
0.070430
0.087917
0.069255
0.368638
0.365921
0.390931
0.087710
0.081184
0.320341
0.399075
0.288485
0.239854
0.362119
0.367526
0.301975
0.142594
0.356969
0.047615
0.056719
0.063055
0.685189
0.373750
0.088305
0.391223
0.688158
0.059453
0.386816
0.997105
0.691424
0.385427
0.997105
0.380867
0.380324
0.058628
0.066516
0.064788
0.369208
0.344403
0.361926
0.082848
0.695302
0.066794
0.069659
0.362738
0.997105
0.060790
0.997105
0.060835
0.376674
0.687172
0.072359
0.701005
0.382226
0.378403
0.370396
0.074490
0.683577
0.062305
0.996450
0.371413
0.372136
0.373572
0.376090
0.379217
0.071929
0.684796
0.070349
0.076458
0.996450
0.379305
0.380898
0.068931
0.066714
0.057834
0.375789
0.386537
0.690285
0.087745
0.702045
0.191180
0.699676
0.996450
0.076001
0.069009
0.380760
0.056064
0.366048
0.350318
0.365450
0.052548
0.346433
0.686358
0.996450
0.686358
0.324644
0.135376
0.695933
0.409312
0.048497
0.614407
0.124188
0.996450
0.064890
0.681584
0.060659
0.996450
0.072327
0.053720
0.364905
0.367956
0.054324
0.365503
0.680666
0.365352
0.047633
0.046984
0.996450
0.679673
0.364306
0.365206
0.070162
0.621125
0.691326
0.424944
0.359561
0.358996
0.053462
0.685230
0.374784
0.076151
0.083295
0.054236
0.681978
0.410346
0.054197
0.996450
0.372038
0.377223
0.382635
0.381384
0.069992
0.687570
0.376158
0.379475
0.083287
0.688160
0.695449
0.996450
0.382505
0.022038
0.042871
0.686267
0.064993
0.369249
0.995755
0.065452
0.067459
0.685901
0.685630
0.065344
0.060210
0.364826
0.058663
0.373784
0.369540
0.999709
0.066380
0.383091
0.695682
0.082855
0.080145
0.689864
0.386719
0.077622
0.390464
0.091233
0.695033
0.070790
0.368545
0.359376
0.678363
0.039069
0.680193
0.050350
0.060397
0.057517
0.366351
0.341607
0.344680
0.349021
0.378897
0.055776
0.999433
0.677433
0.410042
0.701656
0.398412
0.091080
0.078820
0.689283
0.060832
0.684135
0.370308
0.371762
0.374622
0.057301
0.071514
0.098507
0.400701
0.095851
0.382746
0.096612
0.092888
0.374520
0.692320
0.706210
0.034456
0.678931
0.028433
0.380313
0.689813
0.999796
0.071735
0.078886
0.388860
0.074153
0.371056
0.686399
0.024091
0.046586
0.686140
0.064818
0.677218
0.685789
0.074317
0.086420
0.074533
0.697600
0.026449
0.668972
0.999796
0.003505
0.115022
0.046868
0.049706
0.686228
0.362031
0.091467
0.999796
0.068330
0.054850
0.682090
0.368367
0.046566
0.356057
0.037491
0.677111
0.038193
0.680349
0.363437
0.369946
0.377801
0.690136
0.999333
0.693019
0.008523
0.057363
0.048088
0.064836
0.291029
0.442956
0.325066
0.378923
0.682862
0.370415
0.685189
0.685435
0.370919
0.073622
0.410744
0.368726
0.381184
0.075875
0.691424
0.392256
0.082966
0.689944
0.067083
0.680784
0.997105
0.044891
0.044874
0.997105
0.348145
0.075641
0.137432
0.685464
0.997105
0.058439
0.366429
0.370783
0.053819
0.062021
0.372276
0.393092
0.373685
0.392235
0.997105
0.700350
0.075258
0.686159
0.058469
0.996450
0.683577
0.371388
0.059871
0.684726
0.064499
0.687170
0.379802
0.382417
0.381144
0.691678
0.389155
0.076382
0.996450
0.061177
0.054926
0.690684
0.996450
0.371153
0.075162
0.688960
0.690285
0.692853
0.702045
0.492662
0.307196
0.681808
0.374122
0.688890
0.383804
0.372418
0.040472
0.996450
0.021238
0.360812
0.054967
0.377665
0.070447
0.102675
0.426733
0.384615
0.401809
0.319429
0.400341
0.023569
0.068460
0.364564
0.681625
0.681584
0.054855
0.065450
0.687780
0.070912
0.369456
0.051718
0.996450
0.358337
0.365135
0.045788
0.361505
0.361884
0.045252
0.367032
0.374039
0.007908
0.996450
0.042143
0.381386
0.366042
0.054109
0.374113
0.374297
0.688994
0.376113
0.686910
0.688993
0.687866
0.050027
0.681547
0.054998
0.092197
0.080975
0.061839
0.057045
0.058408
0.045415
0.062932
0.375640
0.074567
0.699003
0.079626
0.085225
0.996450
0.035336
0.372958
0.996450
0.995755
0.366769
0.059237
0.995755
0.065425
0.073263
0.072655
0.995755
0.056225
0.367993
0.688979
0.035088
0.685983
0.060045
0.070997
0.075578
0.383610
0.375565
0.375664
0.999709
0.068729
0.380204
0.688996
0.382224
0.073132
0.380470
0.374431
0.370238
0.687430
0.369585
0.376355
0.068321
0.691596
0.067776
0.060623
0.054165
0.024574
0.370804
0.995755
0.687969
0.029355
0.411766
0.085368
0.093284
0.079461
0.376910
0.376729
0.371644
0.365315
0.049457
0.051219
0.371104
0.064707
0.704357
0.078816
0.411620
0.094599
0.356957
0.055637
0.374440
0.381358
0.074398
0.055013
0.068475
0.401972
0.635832
0.079894
0.375266
0.070608
0.379338
0.071327
0.999796
0.384619
0.386103
0.071477
0.692060
0.373645
0.050206
0.687703
0.052045
0.057092
0.040652
0.367608
0.376468
0.403847
0.352620
0.384105
0.038029
0.668972
0.681629
0.702654
0.054939
0.999796
0.363662
0.673828
0.679373
0.115284
0.116470
0.003197
0.115188
0.046733
0.039430
0.354256
0.677863
0.358391
0.034581
0.043058
0.041095
0.996450
0.051833
0.055944
0.183450
0.106562
0.389221
0.378699
0.701030
0.999333
0.012764
0.315048
0.356519
0.362883
0.366681
0.999333
0.054288
0.999333
0.382512
0.055497
0.110727
0.104337
0.685479
0.700912
0.696774
0.097603
0.689624
0.073127
0.379857
0.374989
0.364899
0.679382
0.309965
0.015476
0.390171
0.669691
0.114728
0.695302
0.073102
0.046847
0.370312
0.684343
0.374099
0.685809
0.064231
0.437818
0.417061
0.367023
0.114702
0.109475
0.073971
0.996450
0.372425
0.054740
0.684045
0.057894
0.371619
0.684235
0.684726
0.685639
0.379462
0.382419
0.082916
0.089004
0.082159
0.373633
0.683520
0.683926
0.067169
0.095740
0.390146
0.688830
0.080265
0.996450
0.385363
0.391495
0.432361
0.290088
0.364687
0.055513
0.996450
0.071766
0.388317
0.382266
0.370072
0.050133
0.374830
0.108350
0.398281
0.691406
0.070085
0.376050
0.054737
0.077812
0.028657
0.475853
0.041449
0.390541
0.683740
0.378783
0.367283
0.053846
0.056014
0.375957
0.689810
0.687614
0.376788
0.046372
0.361336
0.354392
0.037762
0.360846
0.360777
0.678006
0.360894
0.364226
0.073328
0.703344
0.027754
0.397729
0.364228
0.371289
0.062168
0.297299
0.435926
0.996450
0.688994
0.072046
0.687866
0.059710
0.996450
0.369189
0.674107
0.680113
0.704386
0.700145
0.682015
0.685854
0.679104
0.682935
0.111190
0.118500
0.383276
0.082827
0.996450
0.063140
0.996450
0.673365
0.060473
0.366933
0.366889
0.685738
0.068503
0.069406
0.692084
0.995755
0.069383
0.059019
0.374283
0.664049
0.995755
0.033132
0.435354
0.310718
0.360997
0.064857
0.685509
0.687253
0.062200
0.999709
0.064976
0.999709
0.070751
0.377873
0.688469
0.688495
0.066156
0.999709
0.683476
0.378235
0.083759
0.688660
0.077132
0.373560
0.995755
0.049984
0.097261
0.394373
0.327472
0.083768
0.070279
0.690789
0.688043
0.062116
0.686879
0.686664
0.683370
0.681431
0.681653
0.367427
0.063582
0.999433
0.691551
0.017815
0.334249
0.346429
0.677433
0.370742
0.687197
0.375535
0.685824
0.070475
0.389018
0.062309
0.384617
0.065969
0.689833
0.068690
0.388989
0.694313
0.071689
0.381455
0.076428
0.692328
0.073777
0.999796
0.379151
0.375283
0.048676
0.362541
0.682782
0.050304
0.118845
0.326240
0.052455
0.368174
0.690429
0.681629
0.393288
0.074966
0.078352
0.072736
0.034103
0.023582
0.394989
0.697520
0.330414
0.414110
0.301679
0.364076
0.035217
0.354831
0.678318
0.676875
0.036184
0.347747
0.350639
0.679924
0.050120
0.487035
0.026012
0.613951
0.386035
0.690522
0.133443
0.409692
0.097585
0.371025
0.408150
0.390612
0.675464
0.078211
0.369925
0.382512
0.997105
0.063028
0.378327
0.394116
0.071543
0.064616
0.083739
0.380213
0.073340
0.382513
0.381002
0.372122
0.057402
0.060995
0.011431
0.699177
0.656134
0.105411
0.222428
0.413419
0.437637
0.039705
0.683473
0.060560
0.374463
0.997105
0.066668
0.377438
0.137759
0.395871
0.997105
0.136359
0.633511
0.068841
0.685828
0.054654
0.370458
0.996450
0.683688
0.059964
0.373673
0.068437
0.996450
0.075974
0.385292
0.388088
0.392816
0.079022
0.075678
0.072624
0.089978
0.690382
0.099746
0.402655
0.081896
0.070836
0.375344
0.373450
0.058609
0.365662
0.047927
0.045828
0.058797
0.370749
0.380013
0.068015
0.662041
0.306495
0.179239
0.436055
0.396222
0.386985
0.688165
0.378049
0.043818
0.678286
0.346175
0.039698
0.392358
0.688324
0.383743
0.996450
0.684218
0.684304
0.056541
0.743003
0.067121
0.996450
0.687614
0.052018
0.684350
0.360735
0.040647
0.678566
0.679427
0.360533
0.361028
0.363050
0.076109
0.703248
0.687260
0.996450
0.068980
0.375009
0.294071
0.113443
0.407687
0.050908
0.059476
0.304191
0.071782
0.076829
0.372172
0.362500
0.363458
0.404258
0.081193
0.114323
0.380522
0.065175
0.075106
0.394718
0.389912
0.063912
0.383497
0.996450
0.085232
0.392078
0.361411
0.683142
0.369277
0.078717
0.118273
0.376117
0.391908
0.387928
0.086515
0.087940
0.065613
0.681060
0.695526
0.307072
0.274023
0.416196
0.619392
0.346324
0.679383
0.037926
0.047770
0.366052
0.686171
0.687548
0.375294
0.378550
0.689307
0.378486
0.065718
0.688775
0.688495
0.066307
0.071610
0.691133
0.011315
0.671813
0.072029
0.374848
0.682969
0.054284
0.679689
0.438545
0.395307
0.367899
0.380691
0.078545
0.685341
0.688043
0.052860
0.373643
0.060860
0.364153
0.361105
0.372199
0.063179
0.131853
0.704357
0.402923
0.672360
0.379085
0.067602
0.436310
0.062623
0.376508
0.684839
0.683936
0.061223
0.375757
0.370577
0.689833
0.697529
0.390023
0.089289
0.697799
0.387844
0.069433
0.073605
0.691080
0.077437
0.379163
0.384813
0.064139
0.370223
0.034766
0.361909
0.414201
0.320294
0.409434
0.999796
0.364292
0.086559
0.690429
0.048438
0.379369
0.077099
0.358404
0.999796
0.362648
0.078757
0.117948
0.741850
0.297457
0.353380
0.366455
0.038241
0.358537
0.040545
0.996450
0.024677
0.672246
0.345146
0.350476
0.368354
0.103288
0.379291
0.105062
0.323619
0.384166
0.707996
0.999333
0.155316
0.701929
0.398010
0.704209
0.092204
0.385934
0.064048
0.127842
0.097332
0.997105
0.691691
0.367512
0.688014
0.689176
0.072596
0.690050
0.075175
0.380982
0.997105
0.065967
0.374389
0.074266
0.680668
0.364155
0.018947
0.347687
0.003708
0.692080
0.064339
0.367217
0.039974
0.366717
0.374267
0.062913
0.377375
0.391957
0.394955
0.694155
0.097128
0.043550
0.997105
0.351448
0.061755
0.366997
0.368062
0.369953
0.057990
0.370832
0.060808
0.063994
0.067734
0.071408
0.687697
0.382706
0.389398
0.386716
0.691836
0.383080
0.083243
0.996450
0.690382
0.087400
0.381029
0.376449
0.374729
0.373617
0.685248
0.367140
0.683716
0.057893
0.377109
0.687032
0.367714
0.033512
0.996450
0.256474
0.063849
0.701267
0.692469
0.996450
0.692469
0.688165
0.053926
0.354613
0.676356
0.053287
0.376024
0.996450
0.068562
0.064260
0.064041
0.057889
0.115226
0.996450
0.105117
0.067388
0.069389
0.062793
0.687493
0.377139
0.051479
0.047239
0.996450
0.046345
0.996450
0.679473
0.680817
0.084034
0.090689
0.076893
0.359584
0.303252
0.074812
0.996450
0.396796
0.399592
0.066046
0.428476
0.015484
0.686490
0.066643
0.064182
0.395957
0.268133
0.487650
0.683064
0.432160
0.691118
0.691543
0.386910
0.455959
0.081026
0.073645
0.124444
0.081453
0.068908
0.060844
0.047541
0.996450
0.740699
0.113308
0.081078
0.386622
0.392342
0.389420
0.676059
0.995755
0.369832
0.058776
0.117735
0.363799
0.007594
0.113513
0.370085
0.681265
0.995755
0.681265
0.045997
0.367540
0.371223
0.373700
0.684878
0.063803
0.376463
0.376353
0.688569
0.067652
0.995755
0.381415
0.062516
0.025876
0.995755
0.058061
0.376383
0.373738
0.058861
0.055169
0.052413
0.049713
0.357114
0.686736
0.685341
0.995755
0.045831
0.044590
0.061052
0.686314
0.370595
0.058326
0.377214
0.376227
0.692374
0.444081
0.305413
0.034701
0.097127
0.999433
0.706314
0.497804
0.004073
0.056617
0.369733
0.371556
0.369149
0.688389
0.384163
0.696137
0.379173
0.036476
0.687706
0.081504
0.690073
0.070771
0.689337
0.073570
0.999796
0.072786
0.670426
0.043121
0.677419
0.698144
0.700864
0.437829
0.721504
0.409434
0.348733
0.044112
0.358694
0.999796
0.074762
0.383273
0.999796
0.358404
0.673433
0.364929
0.309874
0.005454
0.370734
0.050042
0.050131
0.062219
0.679442
0.036291
0.029740
0.356841
0.032179
0.672082
0.684213
0.701449
0.374196
0.364527
0.420432
0.427480
0.084020
0.401539
0.404470
0.717688
0.746581
0.113310
0.114140
0.073531
0.078912
0.082875
0.694429
0.072994
0.383410
0.352709
0.100220
0.092329
0.997105
0.689176
0.689240
0.690050
0.690007
0.380982
0.372887
0.056270
0.997105
0.699593
0.680668
0.679795
0.611723
0.067450
0.997105
0.072993
0.406154
0.382041
0.427052
0.997105
0.061750
0.372751
0.382599
0.308826
0.396250
0.997105
0.406341
0.056172
0.422239
0.398429
0.053886
0.054319
0.056567
0.369801
0.369662
0.369936
0.371030
0.062605
0.997105
0.687289
0.376844
0.073425
0.376220
0.068413
0.393469
0.387333
0.089294
0.060737
0.371909
0.378374
0.376540
0.375638
0.374781
0.061333
0.060433
0.061769
0.371767
0.066657
0.681688
0.360201
0.301983
0.060546
0.163529
0.276350
0.096358
0.198713
0.073576
0.070998
0.061444
0.047939
0.996450
0.048700
0.368611
0.996450
0.059477
0.056618
0.685314
0.996450
0.372646
0.308306
0.158846
0.615155
0.414648
0.068383
0.380752
0.375961
0.064492
0.683084
0.054383
0.048955
0.996450
0.363368
0.052603
0.058288
0.067913
0.996450
0.381707
0.078042
0.344529
0.010787
0.696676
0.397961
0.103573
0.996450
0.339046
0.123679
0.996450
0.426667
0.109733
0.363668
0.311866
0.263706
0.996450
0.683064
0.090528
0.447189
0.016324
0.101001
0.996450
0.044200
0.295778
0.376823
0.384323
0.686675
0.364206
0.368164
0.391086
0.669293
0.391149
0.370537
0.071329
0.399731
0.032100
0.103609
0.032962
0.150411
0.398145
0.071516
0.384956
0.378556
0.689458
0.365231
0.364631
0.371442
0.041538
0.679818
0.056485
0.684762
0.064606
0.063300
0.687287
0.999709
0.687287
0.067648
0.072929
0.385632
0.054885
0.995755
0.034049
0.066346
0.995755
0.376939
0.684281
0.681129
0.677912
0.995755
0.040410
0.051909
0.055999
0.056748
0.053359
0.684512
0.377810
0.070679
0.068888
0.682763
0.686166
0.060702
0.067497
0.385723
0.074830
0.999433
0.072205
0.014582
0.169113
0.302290
0.596371
0.010355
0.684875
0.999433
0.062472
0.065099
0.075483
0.379193
0.718971
0.067839
0.391995
0.999796
0.383919
0.377984
0.376829
0.377768
0.066304
0.031435
0.688463
0.003887
0.018829
0.043126
0.094470
0.721504
0.999796
0.364177
0.456470
0.105929
0.631904
0.069497
0.403889
0.999796
0.383273
0.365094
0.070597
0.373122
0.421398
0.300480
0.058498
0.368331
0.695864
0.999674
0.313222
0.349478
0.029863
0.381973
0.014623
0.071774
0.062503
0.057397
0.362607
0.357942
0.356140
0.109080
0.111780
0.999333
0.422222
0.197476
0.409369
0.997105
0.411088
0.080034
0.396740
0.395671
0.394598
0.385460
0.997105
0.086553
0.997105
0.388051
0.382842
0.379804
0.074893
0.074581
0.381752
0.071496
0.686383
0.429628
0.699593
0.037539
0.072910
0.013295
0.058787
0.069791
0.092669
0.399885
0.108793
0.686736
0.098698
0.057429
0.367382
0.367777
0.297552
0.745420
0.002530
0.392593
0.393071
0.395821
0.376015
0.420728
0.429467
0.384614
0.372869
0.055979
0.997105
0.370279
0.370218
0.371073
0.063006
0.375960
0.372467
0.370279
0.364329
0.361912
0.357726
0.068779
0.087877
0.683648
0.372846
0.371372
0.066782
0.376058
0.063948
0.060568
0.683912
0.061745
0.685216
0.374793
0.376559
0.362560
0.095386
0.244619
0.435247
0.200665
0.372203
0.380326
0.490916
0.437534
0.300590
0.108575
0.074691
0.355952
0.679829
0.684150
0.679829
0.363596
0.055740
0.065700
0.076793
0.996450
0.020111
0.417902
0.697086
0.996450
0.371808
0.377072
0.058829
0.365983
0.680864
0.367344
0.052525
0.053427
0.061256
0.377490
0.686921
0.071433
0.082399
0.996450
0.323850
0.169457
0.416111
0.417773
0.124326
0.714301
0.410686
0.294575
0.426667
0.996450
0.047364
0.051140
0.378175
0.310512
0.071932
0.690831
0.131531
0.996450
0.428329
0.680670
0.700816
0.047318
0.337692
0.267146
0.390357
0.089462
0.377566
0.060585
0.712173
0.054120
0.365227
0.369468
0.071433
0.690906
0.392589
0.394562
0.378821
0.115578
0.385832
0.441304
0.698052
0.083444
0.077873
0.087579
0.081403
0.995755
0.052251
0.066592
0.072101
0.375427
0.065441
0.995755
0.061946
0.060621
0.372794
0.684917
0.686292
0.067844
0.360806
0.044355
0.684509
0.067511
0.379631
0.070389
0.374909
0.376231
0.363278
0.356201
0.676490
0.995755
0.038902
0.360827
0.365632
0.056037
0.375568
0.377757
0.686396
0.065062
0.999433
0.055587
0.366954
0.065559
0.386926
0.376479
0.379885
0.358870
0.358401
0.619762
0.425481
0.002260
0.089205
0.075475
0.695644
0.074002
0.396516
0.418607
0.389814
0.698814
0.999796
0.391995
0.700805
0.690737
0.687707
0.057925
0.999796
0.057010
0.999796
0.081665
0.999796
0.367022
0.377309
0.085197
0.125524
0.497933
0.294128
0.432745
0.051445
0.403814
0.699103
0.403889
0.397965
0.079481
0.999796
0.692129
0.096332
0.435245
0.373953
0.055952
0.109125
0.699088
0.095994
0.684631
0.051719
0.072004
0.370982
0.091184
0.374911
0.365535
0.056984
0.356846
0.380040
0.407508
0.058600
0.703868
0.437348
0.308787
0.400531
0.122492
0.997105
0.102354
0.997105
0.397736
0.693741
0.997105
0.385460
0.384060
0.077636
0.380883
0.068115
0.059971
0.378313
0.381063
0.071706
0.382488
0.070124
0.357043
0.134864
0.345712
0.380591
0.397909
0.387646
0.115456
0.335209
0.391398
0.997105
0.090285
0.682550
0.069574
0.681326
0.682881
0.433812
0.635986
0.121438
0.997105
0.382791
0.387443
0.098202
0.701372
0.123846
0.379541
0.351263
0.358781
0.050406
0.053096
0.682940
0.997105
0.682940
0.370693
0.367622
0.282671
0.997105
0.675835
0.676318
0.058185
0.373863
0.108144
0.352228
0.602648
0.065599
0.065527
0.062738
0.372243
0.684382
0.371974
0.372972
0.062453
0.367343
0.433700
0.996450
0.418694
0.317556
0.095984
0.694384
0.391599
0.724357
0.139013
0.424397
0.044799
0.696170
0.389845
0.032382
0.058353
0.057631
0.363898
0.059911
0.684697
0.068625
0.388367
0.051282
0.679595
0.417902
0.380469
0.362147
0.038305
0.679913
0.051708
0.364777
0.681715
0.368205
0.682997
0.372877
0.065341
0.686098
0.377174
0.128721
0.399401
0.422728
0.033144
0.996450
0.707786
0.668119
0.431141
0.356309
0.035689
0.045140
0.411209
0.027725
0.063186
0.094930
0.093672
0.089731
0.386032
0.055672
0.078668
0.003570
0.060781
0.055085
0.381299
0.676486
0.668511
0.357783
0.401120
0.112202
0.387244
0.690541
0.995755
0.382198
0.368833
0.068016
0.690007
0.385379
0.081251
0.995755
0.074565
0.108208
0.391793
0.385418
0.382786
0.691508
0.097046
0.402165
0.087351
0.063435
0.388241
0.382624
0.377509
0.995755
0.063991
0.372638
0.683935
0.683736
0.374472
0.063002
0.368591
0.048050
0.684509
0.685578
0.067179
0.072539
0.382495
0.071321
0.069231
0.067750
0.358755
0.352946
0.355700
0.355257
0.358134
0.363267
0.368840
0.373554
0.375562
0.995755
0.064391
0.054253
0.999433
0.366181
0.064552
0.386105
0.065668
0.076893
0.408313
0.320136
0.666453
0.053251
0.703428
0.126849
0.412486
0.397499
0.401418
0.702966
0.395327
0.114099
0.110469
0.077674
0.700805
0.388681
0.066837
0.058435
0.057915
0.054336
0.370065
0.688463
0.074832
0.059608
0.677082
0.388298
0.396493
0.133146
0.312802
0.124229
0.074064
0.086524
0.394574
0.999796
0.405611
0.111994
0.126574
0.107006
0.064291
0.373767
0.392009
0.061864
0.359620
0.696824
0.425958
0.684631
0.996450
0.060528
0.686586
0.996450
0.069742
0.368609
0.378022
0.672887
0.379216
0.691100
0.078186
0.072574
0.071389
0.071589
0.382567
0.092884
0.083955
0.086564
0.096544
0.397747
0.090835
0.087085
0.084931
0.378417
0.381365
0.997105
0.389619
0.388769
0.356558
0.369243
0.073415
0.687286
0.375994
0.384040
0.087202
0.398664
0.082718
0.671228
0.694962
0.117474
0.039047
0.365958
0.379082
0.071373
0.364301
0.997105
0.054834
0.050927
0.369717
0.635986
0.364538
0.370755
0.070367
0.997105
0.688561
0.393685
0.709039
0.689594
0.675994
0.054374
0.359428
0.363078
0.364069
0.050557
0.050786
0.052971
0.054635
0.288991
0.406512
0.050705
0.069141
0.312264
0.077000
0.427024
0.997105
0.027630
0.664566
0.291937
0.375444
0.685969
0.685475
0.373487
0.373475
0.374436
0.376011
0.376842
0.063079
0.107053
0.682292
0.362734
0.084157
0.691945
0.381661
0.139405
0.996450
0.378227
0.071468
0.377135
0.696472
0.678248
0.368833
0.996450
0.061861
0.385892
0.996450
0.373570
0.996450
0.685323
0.686770
0.362977
0.039094
0.355307
0.043062
0.679383
0.365486
0.051931
0.683577
0.369101
0.059306
0.996450
0.685150
0.685786
0.686098
0.686703
0.055050
0.682957
0.367997
0.098023
0.038260
0.071059
0.056709
0.683463
0.059158
0.691919
0.002468
0.122327
0.691597
0.103469
0.695614
0.106485
0.078762
0.391651
0.061426
0.394993
0.077025
0.370182
0.372172
0.068237
0.105651
0.362815
0.364008
0.699679
0.371587
0.122227
0.079055
0.689894
0.379849
0.376137
0.381305
0.995755
0.071886
0.072366
0.995755
0.066543
0.378649
0.686881
0.377777
0.378015
0.073268
0.085285
0.687182
0.082797
0.688154
0.068433
0.066760
0.062694
0.063977
0.372425
0.371862
0.995755
0.060439
0.369099
0.370409
0.059655
0.065169
0.687187
0.068009
0.383613
0.689364
0.687183
0.995755
0.065397
0.059462
0.356279
0.353774
0.675545
0.677650
0.680521
0.683168
0.684922
0.685756
0.376219
0.062227
0.368256
0.047836
0.366509
0.372054
0.389550
0.058605
0.999433
0.126476
0.706765
0.108690
0.323337
0.999433
0.396784
0.100561
0.999796
0.103383
0.391095
0.697004
0.696360
0.059973
0.398196
0.697740
0.391210
0.384501
0.053545
0.999796
0.059472
0.448103
0.678197
0.094011
0.999796
0.692382
0.378618
0.402731
0.404806
0.092995
0.385955
0.402093
0.091592
0.068748
0.096089
0.707098
0.409243
0.692437
0.999796
0.060095
0.680724
0.061846
0.375300
0.037863
0.049319
0.412506
0.084643
0.073443
0.079641
0.375948
0.378381
0.360454
0.295681
0.332839
0.040182
0.390122
0.997105
0.077028
0.685416
0.685148
0.683167
0.059695
0.684003
0.054588
0.376857
0.380257
0.084047
0.691994
0.997105
0.081411
0.063320
0.376884
0.061788
0.044430
0.732226
0.347613
0.355770
0.055281
0.997105
0.380428
0.705029
0.373984
0.997105
0.435727
0.390659
0.092980
0.396682
0.071110
0.375014
0.679051
0.678856
0.997105
0.037181
0.032890
0.382408
0.075866
0.069616
0.074104
0.997105
0.373140
0.065452
0.064701
0.073584
0.088967
0.094842
0.686174
0.678018
0.679085
0.997105
0.047651
0.363026
0.364303
0.681192
0.682155
0.741081
0.391908
0.686601
0.632804
0.684113
0.685073
0.611353
0.739711
0.320777
0.371223
0.354302
0.374956
0.064050
0.062661
0.996450
0.375046
0.376144
0.377065
0.377517
0.064782
0.370958
0.996450
0.682292
0.385329
0.689377
0.691945
0.027802
0.378227
0.996450
0.094628
0.996450
0.695337
0.066074
0.077585
0.090769
0.107217
0.053044
0.048933
0.053024
0.370289
0.059850
0.055950
0.054504
0.367915
0.360903
0.044887
0.682515
0.367056
0.057975
0.685356
0.372704
0.060563
0.060691
0.061873
0.061980
0.062043
0.063691
0.057060
0.378030
0.376431
0.996450
0.074292
0.689887
0.996450
0.063313
0.685245
0.378276
0.088600
0.383870
0.373694
0.673842
0.364537
0.382155
0.048986
0.341707
0.291729
0.431345
0.306124
0.432974
0.401756
0.383854
0.374923
0.687051
0.033699
0.060515
0.390341
0.391348
0.686629
0.075108
0.995755
0.382692
0.076017
0.075548
0.384790
0.089292
0.084882
0.388600
0.686881
0.996945
0.686881
0.066647
0.996945
0.378070
0.071545
0.377891
0.375438
0.376980
0.365409
0.679775
0.058464
0.064057
0.062055
0.371136
0.373380
0.062045
0.687203
0.073785
0.382425
0.689180
0.075263
0.084475
0.079594
0.075067
0.378585
0.063706
0.369692
0.046893
0.040136
0.035639
0.036323
0.041844
0.050988
0.371138
0.373328
0.374025
0.370049
0.368461
0.999433
0.054249
0.399467
0.354558
0.420723
0.137422
0.706765
0.999433
0.019224
0.350344
0.703428
0.351468
0.076377
0.093015
0.694532
0.697004
0.691301
0.093074
0.090064
0.411496
0.405692
0.116550
0.409651
0.059832
0.049066
0.433061
0.403417
0.081514
0.392461
0.004869
0.275792
0.327209
0.701332
0.704574
0.703788
0.690425
0.686259
0.396030
0.094261
0.697684
0.103989
0.406182
0.393076
0.062526
0.680724
0.999796
0.049204
0.059398
0.348913
0.087272
0.996450
0.113031
0.996450
0.063552
0.179469
0.061864
0.320747
0.262855
0.387014
0.384341
0.310992
0.091221
0.691775
0.369734
0.058794
0.058380
0.371674
0.687476
0.063747
0.379665
0.997105
0.072396
0.075790
0.074488
0.076061
0.392526
0.394066
0.707503
0.017658
0.420175
0.389285
0.388378
0.378114
0.057926
0.303847
0.060443
0.997105
0.113546
0.002985
0.093824
0.380052
0.690420
0.387057
0.067857
0.052102
0.070163
0.379670
0.075878
0.324215
0.690753
0.695580
0.690682
0.997105
0.066716
0.686421
0.373307
0.376162
0.997105
0.382629
0.098428
0.081674
0.398094
0.423336
0.040970
0.364500
0.367339
0.680028
0.047942
0.680537
0.064991
0.684580
0.380405
0.090822
0.316811
0.378204
0.393791
0.033084
0.386195
0.677589
0.068355
0.685483
0.064099
0.063654
0.063621
0.066073
0.377690
0.686977
0.377377
0.064912
0.685002
0.370958
0.377266
0.686442
0.388734
0.094059
0.020734
0.028486
0.054891
0.107412
0.096782
0.096013
0.069788
0.996450
0.373026
0.083530
0.366339
0.996450
0.039158
0.996450
0.681416
0.372654
0.372618
0.370189
0.052038
0.370185
0.684296
0.374425
0.061509
0.685644
0.375920
0.375345
0.061549
0.684750
0.372441
0.372015
0.371235
0.058242
0.684215
0.372121
0.063228
0.376738
0.076599
0.081894
0.996450
0.070906
0.996450
0.072547
0.685410
0.374952
0.366758
0.358876
0.673035
0.370185
0.340577
0.145874
0.255225
0.100680
0.092830
0.044790
0.306277
0.357409
0.678978
0.111379
0.365474
0.680022
0.056281
0.995911
0.081230
0.084719
0.384300
0.378107
0.379642
0.995755
0.383013
0.109883
0.392529
0.072887
0.686881
0.376177
0.066839
0.687644
0.067688
0.379618
0.392376
0.436811
0.686794
0.057370
0.682654
0.059502
0.358026
0.363115
0.680817
0.369899
0.064371
0.686872
0.077922
0.384918
0.690089
0.079321
0.691409
0.384773
0.689472
0.689876
0.060976
0.371711
0.680761
0.677532
0.356471
0.995755
0.038236
0.365777
0.054783
0.055454
0.055629
0.368589
0.370468
0.055680
0.072191
0.684717
0.999433
0.080455
0.675220
0.055654
0.140625
0.412150
0.377749
0.053698
0.070701
0.388374
0.999796
0.085795
0.079035
0.437330
0.382683
0.386959
0.094989
0.999796
0.082287
0.999796
0.062777
0.369654
0.686682
0.371530
0.376748
0.056810
0.267809
0.670627
0.598506
0.108404
0.703788
0.385552
0.367939
0.032330
0.999796
0.381320
0.084189
0.999796
0.083408
0.382473
0.999796
0.366540
0.054481
0.366187
0.044823
0.678283
0.154098
0.712132
0.099729
0.060859
0.114097
0.396982
0.403159
0.369892
0.471275
0.715847
0.053019
0.744399
0.007117
0.076576
0.069971
0.376849
0.376359
0.067847
0.997105
0.379260
0.688524
0.072113
0.689156
0.070417
0.439402
0.388350
0.397250
0.707503
0.997105
0.124005
0.997105
0.430911
0.689579
0.681882
0.307514
0.592133
0.013117
0.429776
0.012976
0.352096
0.359507
0.371831
0.058703
0.043172
0.069985
0.697020
0.393961
0.693553
0.019376
0.424545
0.097126
0.388815
0.390488
0.690682
0.076268
0.061711
0.685101
0.997105
0.070625
0.997105
0.691568
0.398693
0.138373
0.055047
0.997105
0.365205
0.997105
0.051000
0.041881
0.364292
0.058486
0.053349
0.093313
0.997105
0.122516
0.116686
0.109675
0.693799
0.997105
0.384091
0.686138
0.997105
0.063384
0.064105
0.996450
0.375468
0.067040
0.686724
0.066096
0.374181
0.684944
0.061678
0.374525
0.074074
0.093883
0.407114
0.065070
0.680882
0.066169
0.389154
0.996450
0.697999
0.386200
0.064876
0.067781
0.370017
0.682524
0.047979
0.035114
0.366273
0.055744
0.374755
0.373762
0.372833
0.372167
0.059974
0.384113
0.996450
0.066039
0.700807
0.070251
0.377314
0.063762
0.684968
0.060982
0.371858
0.371510
0.372141
0.684708
0.369706
0.055980
0.677183
0.352603
0.069348
0.034753
0.077118
0.061030
0.075489
0.996450
0.372212
0.053728
0.996450
0.052726
0.049804
0.424114
0.327802
0.045858
0.689550
0.102295
0.693021
0.034056
0.350002
0.681273
0.078191
0.448556
0.132561
0.687859
0.686786
0.385481
0.390049
0.995911
0.377953
0.369609
0.067482
0.374702
0.092250
0.392198
0.063193
0.081384
0.068795
0.685394
0.061897
0.375085
0.378619
0.290552
0.701142
0.121139
0.373961
0.391885
0.405768
0.366108
0.995755
0.046228
0.995755
0.682499
0.684196
0.380430
0.081667
0.388251
0.385192
0.080149
0.383034
0.995755
0.073141
0.065705
0.686162
0.370631
0.361642
0.995755
0.035225
0.362161
0.682059
0.051689
0.366221
0.365879
0.367960
0.370941
0.683075
0.685593
0.334665
0.369134
0.675220
0.999433
0.347468
0.012032
0.377614
0.406242
0.412333
0.999433
0.698607
0.085824
0.385177
0.748376
0.999796
0.411572
0.381105
0.100085
0.405574
0.396525
0.045880
0.066471
0.686682
0.999796
0.686682
0.379436
0.374754
0.375800
0.412273
0.060259
0.132329
0.093024
0.375825
0.049833
0.118378
0.696682
0.389809
0.087066
0.083654
0.131870
0.075723
0.060421
0.052528
0.394158
0.376980
0.043820
0.173324
0.329226
0.092515
0.368133
0.364129
0.013855
0.996450
0.710757
0.328900
0.402189
0.171124
0.081881
0.996450
0.126337
0.123781
0.382973
0.383562
0.690587
0.072247
0.072726
0.381331
0.074663
0.383200
0.690647
0.187077
0.098601
0.688738
0.095793
0.114438
0.044413
0.733977
0.354309
0.133457
0.410337
0.380600
0.592133
0.997105
0.592133
0.034230
0.078366
0.997105
0.680037
0.683019
0.364698
0.678338
0.047620
0.070932
0.385067
0.703580
0.151995
0.029491
0.094491
0.354452
0.377556
0.374642
0.058738
0.368440
0.685368
0.059777
0.372885
0.379209
0.389048
0.388239
0.997105
0.054294
0.366056
0.369620
0.367789
0.672857
0.997105
0.047125
0.682086
0.107555
0.996450
0.405838
0.593058
0.718294
0.390910
0.106662
0.693144
0.033307
0.308127
0.062183
0.062641
0.685171
0.063847
0.375172
0.066260
0.376366
0.996450
0.063873
0.996450
0.684944
0.061966
0.371965
0.687119
0.070730
0.066511
0.362474
0.687605
0.682046
0.076372
0.079605
0.047489
0.683698
0.370557
0.055673
0.372171
0.684337
0.363399
0.362263
0.055871
0.996450
0.684751
0.373272
0.060219
0.380735
0.996450
0.068858
0.026928
0.689928
0.703018
0.069401
0.374226
0.684775
0.060850
0.684153
0.060233
0.996450
0.056607
0.366108
0.996450
0.680764
0.373948
0.411913
0.352871
0.328530
0.078322
0.374717
0.372212
0.682466
0.683991
0.054976
0.368725
0.051062
0.674957
0.048605
0.689550
0.996450
0.392940
0.315141
0.042606
0.363634
0.996450
0.677368
0.001416
0.340960
0.060501
0.077645
0.995911
0.087565
0.071604
0.699655
0.055229
0.995755
0.376790
0.082101
0.370093
0.995755
0.366354
0.394279
0.695325
0.076099
0.380726
0.289998
0.741664
0.092907
0.301020
0.377626
0.369050
0.083740
0.995755
0.027269
0.038918
0.366969
0.054594
0.060864
0.374989
0.084153
0.387693
0.386308
0.688725
0.382214
0.075890
0.382126
0.063680
0.069708
0.077015
0.055678
0.035830
0.040800
0.367880
0.370672
0.683467
0.053627
0.366587
0.368665
0.371943
0.062361
0.061208
0.056094
0.019687
0.057350
0.031089
0.690269
0.374179
0.595519
0.133057
0.999433
0.118197
0.400562
0.102560
0.090162
0.000898
0.411572
0.679961
0.350074
0.047897
0.621138
0.381493
0.358599
0.052877
0.375605
0.374115
0.376015
0.380775
0.384020
0.691124
0.422017
0.742970
0.361795
0.706783
0.395506
0.712148
0.078038
0.073712
0.075817
0.690936
0.115884
0.412024
0.745252
0.087011
0.363844
0.358255
0.056994
0.089345
0.701700
0.094855
0.996450
0.048676
0.614856
0.743315
0.106661
0.328900
0.707963
0.683320
0.077558
0.353587
0.120595
0.493846
0.706811
0.115094
0.379302
0.381693
0.688454
0.073785
0.997105
0.078310
0.690647
0.423369
0.406454
0.386206
0.690979
0.687391
0.091876
0.697314
0.036089
0.113751
0.247352
0.071207
0.700315
0.364045
0.277673
0.072576
0.013884
0.684299
0.038553
0.049914
0.038316
0.355042
0.047188
0.370804
0.060536
0.393294
0.399219
0.997105
0.707006
0.078068
0.081384
0.009154
0.037908
0.364557
0.997105
0.368440
0.683603
0.372006
0.065176
0.075629
0.073648
0.052047
0.051621
0.052284
0.369429
0.379474
0.369666
0.360319
0.024669
0.083271
0.340403
0.053673
0.195249
0.402764
0.393573
0.392554
0.131778
0.073042
0.677870
0.355954
0.060847
0.996450
0.373365
0.063543
0.375762
0.996450
0.065979
0.064942
0.996450
0.374011
0.060246
0.684018
0.683849
0.376436
0.368413
0.054718
0.366850
0.048802
0.368714
0.996450
0.683668
0.679492
0.062175
0.996450
0.380090
0.069768
0.371411
0.684779
0.369150
0.056790
0.062372
0.062065
0.683295
0.684649
0.069560
0.376949
0.665447
0.110220
0.109721
0.996450
0.081885
0.685544
0.061450
0.684035
0.371774
0.060271
0.058823
0.681794
0.682266
0.051053
0.361418
0.680595
0.416958
0.366253
0.349742
0.070941
0.070766
0.067015
0.062242
0.373444
0.996450
0.683926
0.045088
0.697100
0.120196
0.385935
0.392940
0.681596
0.182693
0.021651
0.063240
0.051503
0.382192
0.682050
0.682907
0.688075
0.695566
0.088281
0.391776
0.396468
0.697073
0.091986
0.075164
0.995755
0.385167
0.612412
0.422919
0.120778
0.695363
0.405650
0.095011
0.382169
0.436451
0.701957
0.149078
0.742935
0.057220
0.370041
0.391003
0.093451
0.995755
0.336887
0.366116
0.053681
0.683240
0.062286
0.378821
0.081998
0.075876
0.995755
0.073900
0.995755
0.688611
0.381091
0.073240
0.386423
0.377557
0.679833
0.686729
0.058156
0.373117
0.370564
0.368878
0.368347
0.369998
0.372383
0.373582
0.372944
0.368804
0.371985
0.683053
0.999433
0.037634
0.595519
0.726917
0.410928
0.713159
0.157074
0.102988
0.702247
0.999796
0.385337
0.289900
0.999796
0.355722
0.373291
0.405571
0.311164
0.372653
0.053525
0.058510
0.380219
0.999796
0.380746
0.389265
0.383977
0.686915
0.015176
0.621277
0.362500
0.408436
0.395370
0.687465
0.074523
0.999796
0.383044
0.401336
0.996450
0.410486
0.996450
0.060641
0.028012
0.361664
0.998420
0.683629
0.084037
0.053296
0.367005
0.032979
0.020517
0.381438
0.291929
0.317263
0.996450
0.037528
0.373206
0.110410
0.706811
0.689468
0.082843
0.689117
0.688454
0.688367
0.997105
0.381209
0.078661
0.368044
0.396466
0.394429
0.692717
0.076492
0.694512
0.697314
0.997105
0.395681
0.397120
0.080946
0.020587
0.075095
0.056859
0.072146
0.069283
0.997105
0.365950
0.373140
0.369101
0.363772
0.047928
0.677742
0.356202
0.062028
0.373457
0.393913
0.095391
0.438825
0.023290
0.100372
0.364418
0.682896
0.364239
0.364557
0.369390
0.059191
0.058628
0.365733
0.364098
0.356225
0.350716
0.668871
0.680856
0.381702
0.073383
0.386045
0.344344
0.361249
0.365145
0.325347
0.268860
0.119899
0.420162
0.385771
0.410133
0.684230
0.996450
0.042827
0.371856
0.058849
0.372261
0.061316
0.685019
0.064681
0.066008
0.686158
0.375537
0.063905
0.062029
0.684737
0.371399
0.057079
0.054749
0.366636
0.051430
0.996450
0.051923
0.996450
0.052757
0.363626
0.055908
0.068433
0.076642
0.312841
0.364769
0.684779
0.996450
0.374352
0.060389
0.371522
0.686837
0.388479
0.056556
0.049276
0.066347
0.996450
0.038947
0.376989
0.392201
0.378106
0.686059
0.060619
0.996450
0.684035
0.059396
0.371990
0.056686
0.996450
0.682266
0.037343
0.011344
0.034734
0.421096
0.382741
0.378284
0.996450
0.085439
0.419452
0.387613
0.380496
0.061754
0.052365
0.996450
0.081986
0.099930
0.079820
0.705595
0.073813
0.377551
0.998268
0.385123
0.069085
0.090096
0.064988
0.061876
0.075264
0.694296
0.390332
0.995911
0.387540
0.391936
0.089293
0.081243
0.387369
0.078803
0.018028
0.695119
0.404115
0.393535
0.077283
0.995755
0.688598
0.690542
0.391788
0.077251
0.088268
0.416056
0.705479
0.060080
0.046303
0.623755
0.377800
0.371894
0.060295
0.995755
0.068857
0.686121
0.072076
0.688725
0.687943
0.380930
0.073161
0.074314
0.689868
0.995755
0.079754
0.066507
0.685882
0.375832
0.373423
0.995755
0.058067
0.369612
0.370910
0.372320
0.684153
0.060448
0.680871
0.682950
0.686869
0.047014
0.041953
0.300246
0.280414
0.682391
0.415319
0.129882
0.692702
0.105366
0.090754
0.003814
0.370180
0.355722
0.686210
0.683286
0.381415
0.174534
0.377751
0.065585
0.369331
0.064126
0.689274
0.686768
0.691268
0.132738
0.729160
0.062006
0.379185
0.084660
0.079227
0.059277
0.068856
0.385496
0.381779
0.384320
0.062306
0.412912
0.424345
0.379685
0.362881
0.360273
0.060144
0.685599
0.105731
0.115231
0.360458
0.290859
0.359714
0.690319
0.307694
0.378439
0.017883
0.358198
0.385066
0.447151
0.374098
0.126716
0.684422
0.375244
0.066392
0.069072
0.068254
0.066925
0.075967
0.392443
0.007664
0.997105
0.393618
0.997105
0.067020
0.382016
0.392376
0.390872
0.387619
0.392276
0.383974
0.377162
0.373245
0.365137
0.050715
0.384557
0.371685
0.074681
0.997105
0.685947
0.374363
0.053768
0.998248
0.369729
0.088518
0.070356
0.388907
0.706810
0.998248
0.411045
0.092094
0.364813
0.683397
0.997105
0.369184
0.059319
0.997105
0.684863
0.683725
0.285554
0.367369
0.667236
0.069050
0.359932
0.068712
0.381920
0.094790
0.111556
0.063073
0.996450
0.331574
0.311462
0.018951
0.215032
0.083007
0.088667
0.084048
0.055451
0.056642
0.056424
0.056020
0.996450
0.059872
0.685043
0.373676
0.064777
0.374321
0.996450
0.685674
0.373348
0.059962
0.057952
0.369905
0.368599
0.367100
0.051809
0.052272
0.366318
0.364848
0.365227
0.050131
0.368829
0.374160
0.004876
0.351341
0.376346
0.069721
0.067231
0.685807
0.371370
0.054684
0.681464
0.384148
0.699686
0.353205
0.003835
0.017233
0.375223
0.374929
0.684301
0.373612
0.062348
0.059775
0.371488
0.371046
0.683659
0.373584
0.684695
0.369947
0.053169
0.361214
0.346792
0.327247
0.107651
0.358397
0.378844
0.099171
0.143171
0.120891
0.132460
0.392990
0.691479
0.061653
0.041337
0.077590
0.079511
0.707021
0.402807
0.393574
0.056030
0.697733
0.393040
0.378852
0.386699
0.389787
0.685491
0.995755
0.075873
0.388354
0.387540
0.995911
0.381873
0.075775
0.382455
0.079390
0.384695
0.386869
0.388634
0.690075
0.074549
0.681540
0.058558
0.045466
0.056546
0.372661
0.374696
0.082719
0.147900
0.702830
0.130733
0.309508
0.995755
0.020238
0.381419
0.066816
0.685503
0.364225
0.047455
0.299601
0.687943
0.071605
0.069686
0.073398
0.381942
0.075758
0.077974
0.382182
0.379035
0.067199
0.373852
0.684113
0.058166
0.369110
0.369679
0.683751
0.684153
0.683823
0.059368
0.056223
0.051620
0.048972
0.046501
0.365256
0.048182
0.005677
0.376603
0.062729
0.376600
0.387258
0.682244
0.999796
0.100260
0.352781
0.050146
0.359046
0.999796
0.683286
0.383324
0.367389
0.059067
0.687098
0.062817
0.686768
0.064823
0.075561
0.084210
0.128996
0.079458
0.393862
0.395528
0.381937
0.064450
0.374252
0.382970
0.082609
0.083288
0.385010
0.058636
0.032012
0.050811
0.366125
0.368290
0.074390
0.699985
0.016860
0.418776
0.391016
0.669086
0.741022
0.022972
0.678015
0.389165
0.347362
0.102704
0.681229
0.110189
0.100482
0.680148
0.376023
0.685413
0.373962
0.685884
0.380078
0.715465
0.102437
0.435610
0.088071
0.395822
0.075547
0.062374
0.079977
0.084110
0.080368
0.997105
0.378040
0.377264
0.386622
0.370435
0.365816
0.366906
0.056630
0.689837
0.076208
0.077660
0.685947
0.375110
0.687426
0.059999
0.370872
0.998248
0.394343
0.395028
0.078957
0.102509
0.707952
0.392736
0.060135
0.681659
0.054602
0.059371
0.058268
0.054602
0.056628
0.066997
0.369056
0.671416
0.603158
0.049236
0.364971
0.096349
0.372809
0.996450
0.686602
0.372411
0.393518
0.015996
0.329089
0.325625
0.677320
0.392367
0.996450
0.059841
0.372433
0.682782
0.368510
0.682382
0.053659
0.057668
0.996450
0.372028
0.372156
0.060244
0.682999
0.374321
0.061865
0.685001
0.059270
0.996450
0.683566
0.369322
0.052679
0.367166
0.681232
0.682443
0.050484
0.682284
0.365228
0.366349
0.372877
0.055998
0.671884
0.053846
0.687962
0.071521
0.686268
0.371778
0.040315
0.996450
0.357202
0.076520
0.378442
0.032676
0.683065
0.061539
0.996450
0.373723
0.996450
0.684428
0.684458
0.684116
0.059920
0.061201
0.996450
0.373484
0.371448
0.373222
0.368550
0.364178
0.366398
0.385548
0.054748
0.385090
0.996450
0.130281
0.996450
0.703935
0.401458
0.405579
0.387047
0.054727
0.381116
0.707021
0.699867
0.377114
0.682787
0.743042
0.102454
0.380692
0.376709
0.998268
0.691438
0.369057
0.375742
0.071126
0.064350
0.069955
0.072260
0.995911
0.074105
0.727983
0.313539
0.054717
0.377722
0.690075
0.687144
0.996945
0.687144
0.383275
0.359861
0.367776
0.344090
0.378439
0.080422
0.393543
0.995755
0.411988
0.130585
0.044757
0.385467
0.995755
0.085592
0.367860
0.684294
0.348625
0.665372
0.299601
0.066141
0.376302
0.067404
0.380567
0.382026
0.380641
0.378058
0.685333
0.063961
0.370477
0.057897
0.367160
0.681010
0.055220
0.058028
0.371819
0.995755
0.057838
0.367733
0.680982
0.051246
0.365342
0.682716
0.369392
0.375274
0.084059
0.999433
0.068571
0.373502
0.404949
0.366457
0.999796
0.094839
0.673544
0.685101
0.048409
0.369363
0.067610
0.687082
0.060634
0.680807
0.374823
0.057361
0.055710
0.365768
0.999796
0.380123
0.377688
0.391086
0.364851
0.008515
0.999796
0.385100
0.369274
0.379424
0.066006
0.996450
0.369514
0.377248
0.363879
0.373406
0.370109
0.119410
0.405287
0.152278
0.335233
0.996450
0.083871
0.080834
0.996450
0.037297
0.070134
0.409656
0.371155
0.704035
0.061230
0.395330
0.067371
0.056225
0.370397
0.685401
0.072376
0.409281
0.704923
0.743588
0.407300
0.360967
0.043510
0.999459
0.062193
0.388056
0.390296
0.684962
0.690663
0.684962
0.684483
0.684615
0.370961
0.119208
0.063793
0.395538
0.691739
0.076371
0.997105
0.076514
0.074893
0.078382
0.096595
0.363697
0.380327
0.685586
0.067620
0.376125
0.998248
0.089839
0.385494
0.056031
0.685852
0.060435
0.685919
0.370984
0.364116
0.054499
0.997105
0.049826
0.313089
0.394195
0.673174
0.374193
0.429107
0.060864
0.371469
0.375013
0.679480
0.678428
0.308681
0.035880
0.056659
0.092995
0.410681
0.053447
0.378968
0.371711
0.056016
0.368769
0.053876
0.054088
0.370883
0.684007
0.057956
0.682463
0.054499
0.681400
0.057318
0.370257
0.058616
0.058410
0.683566
0.057584
0.370182
0.054008
0.682070
0.367837
0.996450
0.056492
0.683863
0.368869
0.058355
0.682003
0.038591
0.367525
0.687962
0.688127
0.070267
0.687955
0.369327
0.359196
0.025636
0.351378
0.369446
0.064195
0.371546
0.686310
0.683065
0.380906
0.062114
0.684428
0.371712
0.371948
0.060544
0.996450
0.373844
0.375662
0.377030
0.067575
0.687635
0.371631
0.367861
0.368760
0.374234
0.052045
0.421202
0.422796
0.694208
0.123681
0.111476
0.400367
0.393757
0.399910
0.075776
0.439935
0.390447
0.088232
0.687044
0.377114
0.079352
0.689315
0.386948
0.687227
0.055416
0.052454
0.363622
0.055324
0.685460
0.374745
0.064058
0.995911
0.064609
0.378905
0.396234
0.085197
0.383113
0.375878
0.071467
0.378686
0.064699
0.052032
0.371079
0.093039
0.708574
0.379517
0.361216
0.073323
0.392487
0.106019
0.669169
0.119954
0.392720
0.400745
0.391145
0.380071
0.995755
0.031354
0.995755
0.282256
0.063445
0.995755
0.059958
0.682748
0.066853
0.379177
0.377464
0.374744
0.995755
0.058794
0.367057
0.995755
0.050819
0.680236
0.052987
0.369963
0.058632
0.057731
0.681673
0.053118
0.681655
0.051383
0.681865
0.051292
0.999433
0.684662
0.687266
0.076541
0.077974
0.067910
0.120828
0.046806
0.032335
0.075770
0.099984
0.037278
0.015871
0.675404
0.044925
0.999796
0.371360
0.371062
0.367661
0.062634
0.348733
0.746366
0.365768
0.390112
0.999796
0.380526
0.688738
0.418194
0.701636
0.745152
0.366380
0.053235
0.996450
0.056026
0.051034
0.996450
0.371485
0.062301
0.684070
0.072767
0.692025
0.381325
0.089403
0.012147
0.101958
0.066929
0.100419
0.104646
0.704283
0.686376
0.996450
0.399897
0.170750
0.105696
0.374143
0.355283
0.062255
0.076155
0.440645
0.459458
0.152927
0.065115
0.111756
0.678411
0.680351
0.369311
0.999459
0.072933
0.384936
0.058599
0.041646
0.361541
0.036057
0.072820
0.110293
0.699460
0.450273
0.399423
0.393982
0.011291
0.692740
0.405508
0.380187
0.383680
0.085157
0.395729
0.998248
0.393590
0.057255
0.371482
0.071279
0.686897
0.376846
0.061463
0.998248
0.376171
0.373390
0.998248
0.683370
0.679939
0.060106
0.370897
0.076065
0.063689
0.382003
0.684147
0.378095
0.444278
0.050004
0.050405
0.045493
0.000220
0.667806
0.616383
0.383391
0.996450
0.367523
0.383806
0.377970
0.373376
0.370707
0.370229
0.370126
0.057421
0.372496
0.372150
0.057536
0.682886
0.052021
0.996450
0.365061
0.681969
0.682781
0.365841
0.057937
0.371187
0.371073
0.056375
0.056526
0.370077
0.370658
0.684375
0.057312
0.996450
0.056905
0.996450
0.064509
0.685939
0.376647
0.380566
0.377510
0.684932
0.368668
0.679509
0.673224
0.667118
0.373433
0.084079
0.380252
0.996450
0.381471
0.378755
0.368004
0.368641
0.371420
0.061869
0.062461
0.064514
0.067144
0.070461
0.072613
0.379750
0.064995
0.372497
0.368849
0.369145
0.054183
0.384534
0.401677
0.418261
0.405929
0.996450
0.380906
0.375252
0.695065
0.322557
0.172693
0.448022
0.081525
0.998268
0.686794
0.089064
0.383618
0.125961
0.385700
0.998268
0.050228
0.679881
0.054144
0.362183
0.054180
0.685603
0.995755
0.063311
0.375458
0.684013
0.058703
0.995755
0.678769
0.078565
0.683433
0.376306
0.061990
0.062197
0.070049
0.679766
0.077956
0.995755
0.068305
0.684149
0.073269
0.356663
0.371356
0.372248
0.390111
0.697533
0.995755
0.405218
0.031733
0.333656
0.669531
0.357598
0.368942
0.374647
0.369401
0.369875
0.063744
0.377656
0.375681
0.372789
0.372039
0.995755
0.366892
0.365403
0.046832
0.995755
0.052294
0.681763
0.054978
0.367240
0.365565
0.366681
0.996450
0.053782
0.054443
0.055286
0.369669
0.375999
0.074778
0.387863
0.385013
0.690980
0.003778
0.406440
0.065940
0.999796
0.393478
0.108443
0.675404
0.683278
0.999796
0.370564
0.375585
0.684074
0.368428
0.042685
0.419056
0.999796
0.069597
0.432963
0.374852
0.065567
0.359310
0.294410
0.433665
0.056783
0.368047
0.367725
0.058282
0.372023
0.681451
0.371224
0.692128
0.059541
0.668000
0.000930
0.361238
0.682273
0.378004
0.131836
0.104874
0.688272
0.694470
0.996450
0.096006
0.036146
0.123393
0.996450
0.425127
0.373009
0.996450
0.059047
0.390786
0.147396
0.418989
0.645460
0.434741
0.411944
0.367116
0.041048
0.039862
0.047824
0.063753
0.131128
0.688761
0.381241
0.374627
0.357680
0.352771
0.357337
0.091173
0.998568
0.118007
0.385788
0.673497
0.037090
0.084981
0.686928
0.390258
0.689126
0.073807
0.387787
0.075257
0.065788
0.076607
0.375062
0.686897
0.998248
0.375550
0.998248
0.064824
0.998248
0.376238
0.372410
0.365746
0.361379
0.680035
0.685113
0.683525
0.385259
0.069663
0.047723
0.089250
0.429182
0.301841
0.369826
0.368044
0.389769
0.001708
0.384354
0.093459
0.393193
0.396562
0.693806
0.299727
0.387333
0.372117
0.059735
0.685220
0.061890
0.374866
0.686031
0.060200
0.996450
0.369234
0.051224
0.365102
0.052238
0.053371
0.370908
0.378645
0.069051
0.684159
0.353486
0.062992
0.063891
0.061829
0.370040
0.682001
0.054205
0.057456
0.069148
0.683580
0.369354
0.069146
0.686006
0.685579
0.053871
0.996450
0.032984
0.014052
0.034112
0.380364
0.079211
0.690091
0.380252
0.066663
0.064369
0.052469
0.058680
0.062555
0.375025
0.996450
0.067360
0.686875
0.377825
0.378084
0.376905
0.686672
0.371037
0.366342
0.057268
0.372308
0.368639
0.436734
0.151977
0.374742
0.380906
0.996450
0.363685
0.054552
0.315308
0.080293
0.414245
0.108173
0.042943
0.078314
0.094204
0.998268
0.146047
0.998268
0.077070
0.058023
0.698810
0.678741
0.678678
0.995755
0.055631
0.377208
0.374554
0.684013
0.995755
0.385279
0.054700
0.060703
0.381504
0.682219
0.052970
0.683727
0.995755
0.370981
0.363998
0.045268
0.064622
0.995755
0.057244
0.664461
0.298990
0.105782
0.686708
0.373966
0.092368
0.102804
0.064901
0.339770
0.325132
0.350078
0.063716
0.686119
0.123437
0.057036
0.372818
0.685497
0.067326
0.689686
0.063522
0.056957
0.052953
0.049671
0.676819
0.047547
0.054509
0.366511
0.995755
0.052961
0.365677
0.366739
0.682299
0.053310
0.368824
0.056467
0.370203
0.058016
0.063544
0.690985
0.693134
0.690980
0.688405
0.436882
0.317533
0.417840
0.393478
0.999796
0.059891
0.032675
0.030847
0.683278
0.368958
0.687410
0.053664
0.354427
0.345513
0.355832
0.093847
0.025950
0.291109
0.041029
0.370273
0.379268
0.067092
0.999796
0.374519
0.999796
0.682661
0.684606
0.685690
0.061947
0.071133
0.058810
0.042572
0.695475
0.026231
0.362787
0.608061
0.371809
0.098173
0.388987
0.388709
0.071123
0.396774
0.086680
0.996450
0.030635
0.349769
0.092719
0.355386
0.049985
0.999459
0.068656
0.016936
0.643338
0.455237
0.061605
0.999459
0.066456
0.679930
0.362245
0.686036
0.746621
0.999459
0.181912
0.373912
0.050936
0.681015
0.362143
0.055738
0.371252
0.697997
0.376794
0.997105
0.694612
0.014728
0.363721
0.998248
0.373237
0.066640
0.067398
0.998248
0.379311
0.073324
0.378563
0.376557
0.063840
0.686897
0.065230
0.066530
0.070894
0.688567
0.378405
0.374525
0.055309
0.056357
0.377730
0.063290
0.064765
0.417472
0.406479
0.091861
0.673193
0.022603
0.493467
0.998248
0.434557
0.120128
0.996450
0.080779
0.692002
0.397840
0.087748
0.064735
0.346146
0.611196
0.387689
0.062421
0.996450
0.375684
0.066661
0.996450
0.686031
0.371816
0.372585
0.370760
0.367239
0.372103
0.375743
0.681786
0.080322
0.383380
0.672848
0.372446
0.414701
0.066690
0.373439
0.684093
0.370122
0.368422
0.368614
0.057389
0.086404
0.066818
0.377144
0.067155
0.683602
0.996450
0.048406
0.042624
0.996450
0.675865
0.684003
0.062249
0.683437
0.068956
0.690761
0.400782
0.371928
0.353341
0.684976
0.064962
0.069547
0.068043
0.686809
0.376855
0.064512
0.996450
0.373897
0.367916
0.365649
0.363084
0.055275
0.380112
0.702390
0.096253
0.671010
0.363217
0.370691
0.361801
0.374431
0.124258
0.411119
0.998268
0.121498
0.398048
0.319867
0.690695
0.402192
0.400299
0.388111
0.998268
0.074994
0.692632
0.051309
0.358610
0.678678
0.038304
0.052494
0.376022
0.368854
0.049155
0.066786
0.739534
0.081022
0.366082
0.995755
0.051185
0.684021
0.064529
0.377303
0.367583
0.365633
0.061152
0.055594
0.679651
0.362400
0.158926
0.336703
0.020735
0.687118
0.995755
0.076471
0.371055
0.351008
0.354434
0.364633
0.701738
0.381334
0.713197
0.119091
0.370064
0.367692
0.077673
0.384118
0.692861
0.063412
0.368198
0.360221
0.366295
0.374678
0.686680
0.060462
0.367394
0.681302
0.052223
0.681786
0.368207
0.056611
0.370444
0.683359
0.056756
0.370973
0.374282
0.069740
0.075597
0.073418
0.066953
0.306024
0.161166
0.314176
0.011795
0.045030
0.372467
0.337284
0.689643
0.354871
0.095889
0.118680
0.366360
0.368403
0.363570
0.408355
0.379273
0.381376
0.332342
0.413793
0.353341
0.080834
0.073695
0.386059
0.066601
0.682661
0.066728
0.068137
0.065031
0.374940
0.062432
0.685054
0.071704
0.372571
0.363311
0.292978
0.664919
0.298445
0.079328
0.691054
0.066704
0.369745
0.386837
0.384030
0.065850
0.346349
0.078707
0.999459
0.678191
0.687524
0.365093
0.684852
0.339852
0.999459
0.362752
0.383704
0.446041
0.073004
0.049410
0.371770
0.372161
0.298806
0.493870
0.999459
0.116588
0.684234
0.366408
0.366102
0.060985
0.687518
0.062058
0.098059
0.084126
0.048709
0.038964
0.360950
0.369431
0.366322
0.371022
0.373575
0.066208
0.067418
0.998248
0.070886
0.687842
0.688457
0.066490
0.378029
0.378401
0.069821
0.068651
0.067073
0.063877
0.065107
0.998248
0.069909
0.384427
0.385805
0.074409
0.713996
0.388607
0.070777
0.431853
0.380455
0.125727
0.998248
0.415103
0.126902
0.387550
0.082000
0.092319
0.386546
0.053412
0.688046
0.084944
0.100455
0.996450
0.374197
0.686149
0.377890
0.686031
0.067817
0.064902
0.374966
0.052902
0.678972
0.063167
0.687969
0.068658
0.089825
0.365853
0.366917
0.996450
0.312665
0.109415
0.369593
0.996450
0.058366
0.684528
0.371782
0.372729
0.064921
0.376988
0.686398
0.683755
0.372783
0.371417
0.052904
0.996450
0.043130
0.048630
0.056565
0.050943
0.996450
0.378701
0.082632
0.393927
0.395642
0.682910
0.046023
0.070717
0.687603
0.686809
0.686430
0.996450
0.064043
0.062055
0.060682
0.369058
0.368716
0.297569
0.042058
0.389853
0.406851
0.413053
0.071228
0.051558
0.374022
0.383571
0.998268
0.089305
0.412803
0.125544
0.393996
0.059762
0.307220
0.061131
0.383010
0.083787
0.077745
0.371135
0.054827
0.998268
0.995755
0.046390
0.057828
0.051322
0.094001
0.055434
0.053284
0.063232
0.680787
0.085730
0.371959
0.362890
0.050770
0.375865
0.683044
0.687706
0.091514
0.689361
0.368094
0.381697
0.063035
0.667212
0.679651
0.120196
0.995755
0.084959
0.047035
0.379162
0.374540
0.680195
0.058949
0.368033
0.387452
0.995755
0.115261
0.155672
0.296219
0.995755
0.071591
0.995755
0.694001
0.079279
0.686251
0.060327
0.370043
0.374304
0.374414
0.683490
0.060899
0.049650
0.681329
0.996450
0.366515
0.368240
0.056866
0.996450
0.056448
0.369283
0.684017
0.683611
0.062561
0.685909
0.066145
0.369731
0.743798
0.999433
0.082057
0.353298
0.368857
0.359619
0.999796
0.009645
0.999796
0.672157
0.718428
0.338472
0.371733
0.688887
0.394515
0.706585
0.999796
0.415499
0.409554
0.403247
0.430844
0.379989
0.075768
0.069994
0.069147
0.380334
0.379938
0.068208
0.686978
0.376363
0.064389
0.382480
0.376244
0.353476
0.998420
0.421768
0.336651
0.055466
0.065212
0.052874
0.362187
0.375423
0.370034
0.376238
0.059788
0.364890
0.052660
0.371685
0.371686
0.067939
0.693620
0.107700
0.267394
0.105980
0.999459
0.388152
0.999459
0.064487
0.398541
0.070871
0.092608
0.000454
0.440272
0.064252
0.685950
0.368681
0.368189
0.058623
0.998558
0.687518
0.374113
0.371293
0.364976
0.039218
0.361582
0.998248
0.364422
0.368007
0.059495
0.685488
0.065496
0.378415
0.070275
0.069066
0.688296
0.378322
0.688342
0.377754
0.376566
0.374938
0.061543
0.685174
0.062796
0.377121
0.379344
0.381486
0.380945
0.384008
0.043807
0.391152
0.384321
0.702058
0.380303
0.387177
0.064125
0.111723
0.033432
0.061361
0.356248
0.091999
0.698919
0.072068
0.996450
0.688046
0.385416
0.042583
0.067008
0.070905
0.069771
0.070931
0.381383
0.389147
0.044067
0.360696
0.687879
0.365956
0.402699
0.074218
0.689455
0.996450
0.376121
0.047131
0.079530
0.378774
0.374029
0.373122
0.373184
0.373943
0.063959
0.374759
0.685280
0.063815
0.066327
0.375802
0.060420
0.996450
0.684265
0.052176
0.047868
0.361340
0.996450
0.678570
0.364362
0.684811
0.116849
0.677178
0.996450
0.094904
0.315225
0.010656
0.690270
0.080927
0.062543
0.065300
0.685585
0.372333
0.375633
0.065854
0.310238
0.346468
0.377520
0.696103
0.699663
0.698813
0.996450
0.698813
0.074154
0.998268
0.385389
0.080491
0.391839
0.388905
0.438824
0.998268
0.079616
0.355730
0.385672
0.998268
0.369419
0.998268
0.679765
0.025410
0.051389
0.104650
0.044602
0.435993
0.995755
0.070227
0.369086
0.370792
0.374756
0.688118
0.080384
0.372534
0.352845
0.374885
0.687706
0.066062
0.333974
0.098475
0.995755
0.062270
0.995755
0.380775
0.100159
0.037065
0.092738
0.367423
0.367299
0.058867
0.364910
0.745755
0.061436
0.377551
0.377895
0.393119
0.377412
0.371623
0.039497
0.060882
0.087073
0.093373
0.081942
0.379342
0.685559
0.375413
0.063594
0.683489
0.996410
0.057574
0.682824
0.053521
0.049845
0.051194
0.681590
0.054667
0.369591
0.056144
0.682503
0.055237
0.056568
0.684597
0.372821
0.374255
0.373738
0.373081
0.045438
0.743798
0.034422
0.378575
0.694860
0.700802
0.288237
0.280763
0.672157
0.414039
0.069378
0.999796
0.627433
0.376614
0.432327
0.405135
0.066032
0.159320
0.996450
0.099799
0.058880
0.686124
0.378019
0.068956
0.996450
0.687814
0.379366
0.069643
0.996450
0.068846
0.688637
0.073109
0.362016
0.391567
0.683338
0.405498
0.089459
0.347187
0.682598
0.996450
0.053110
0.046855
0.680710
0.049205
0.370258
0.061505
0.364834
0.058375
0.054453
0.046408
0.017704
0.386638
0.100241
0.299908
0.029106
0.021552
0.391031
0.068523
0.999459
0.324804
0.074645
0.693024
0.999459
0.071764
0.687219
0.370852
0.369590
0.055980
0.373354
0.060489
0.367305
0.367253
0.045548
0.359978
0.362650
0.680750
0.680719
0.365650
0.055197
0.684155
0.062040
0.998248
0.067536
0.688296
0.998248
0.688296
0.378269
0.064714
0.685527
0.372919
0.685574
0.685158
0.371889
0.373095
0.067296
0.685472
0.058861
0.688043
0.085020
0.699232
0.998248
0.396198
0.693353
0.998248
0.387726
0.375370
0.376135
0.136665
0.353598
0.069950
0.696908
0.698919
0.073799
0.099823
0.131205
0.057713
0.685678
0.375795
0.369205
0.380733
0.394126
0.383002
0.410771
0.098890
0.683434
0.996450
0.081075
0.114402
0.027776
0.060407
0.621558
0.181148
0.318392
0.686590
0.370251
0.996450
0.375317
0.375679
0.065583
0.996450
0.373616
0.373072
0.062224
0.062417
0.372665
0.368879
0.044544
0.058845
0.685016
0.364468
0.047287
0.044497
0.367908
0.382957
0.389527
0.118453
0.080046
0.126641
0.315685
0.418744
0.701461
0.744594
0.684763
0.682235
0.064496
0.062965
0.378776
0.390366
0.371590
0.996450
0.065588
0.079396
0.096403
0.099203
0.092501
0.078127
0.381309
0.378476
0.074426
0.386358
0.388593
0.074298
0.380941
0.745132
0.034991
0.357622
0.061370
0.687922
0.047450
0.677947
0.006337
0.688089
0.690364
0.115796
0.138656
0.115594
0.694348
0.384414
0.376284
0.685116
0.688118
0.702443
0.323217
0.740215
0.074398
0.427131
0.690626
0.372964
0.369437
0.335308
0.108590
0.103825
0.008656
0.671143
0.095755
0.318352
0.353018
0.365687
0.677976
0.046708
0.113468
0.996847
0.419462
0.030989
0.381038
0.683861
0.995755
0.366757
0.048931
0.383670
0.995755
0.064989
0.698279
0.065141
0.995755
0.373948
0.060949
0.055146
0.052618
0.680583
0.366460
0.052298
0.366238
0.681831
0.366688
0.054081
0.996450
0.054496
0.996450
0.368305
0.055471
0.057756
0.996960
0.371761
0.060540
0.371922
0.369826
0.366262
0.080884
0.369566
0.097758
0.398382
0.381381
0.337250
0.695406
0.444475
0.161152
0.018132
0.021410
0.093783
0.102175
0.071096
0.120060
0.305424
0.044457
0.356278
0.061351
0.686016
0.376931
0.379660
0.067952
0.069570
0.378463
0.378684
0.069440
0.379737
0.074172
0.383779
0.374448
0.435294
0.425462
0.450455
0.065979
0.368464
0.000096
0.370613
0.380999
0.370902
0.996450
0.046379
0.684649
0.996450
0.064791
0.370822
0.363954
0.697717
0.098939
0.401738
0.997105
0.076282
0.292314
0.006953
0.372277
0.999459
0.024260
0.684426
0.012772
0.697513
0.080222
0.999459
0.381131
0.372687
0.055220
0.369358
0.998558
0.368969
0.052005
0.682645
0.048220
0.363360
0.998248
0.045186
0.047093
0.364530
0.052047
0.683481
0.058404
0.374748
0.374431
0.066443
0.066583
0.065900
0.377258
0.374587
0.998248
0.685527
0.371571
0.371126
0.370735
0.060090
0.998248
0.686621
0.059405
0.998248
0.688043
0.397277
0.093315
0.399946
0.104070
0.099847
0.378508
0.381235
0.998248
0.082691
0.364644
0.069512
0.692749
0.087629
0.372553
0.005329
0.996450
0.388019
0.371356
0.374114
0.377904
0.354078
0.081162
0.412826
0.695631
0.151386
0.687879
0.102564
0.389697
0.038986
0.371173
0.243381
0.657602
0.325646
0.091761
0.061063
0.996450
0.058676
0.064747
0.685989
0.064891
0.062193
0.371220
0.370594
0.369755
0.370089
0.368237
0.671052
0.358674
0.034173
0.294933
0.996450
0.053828
0.996450
0.064454
0.075718
0.090567
0.348862
0.404228
0.404175
0.695065
0.074233
0.427965
0.048421
0.044263
0.036593
0.379665
0.373887
0.366229
0.382214
0.391633
0.073818
0.097355
0.701459
0.396337
0.394376
0.085625
0.689054
0.070573
0.687537
0.379376
0.074685
0.377283
0.389528
0.395619
0.062122
0.683905
0.377265
0.068135
0.683658
0.076731
0.671741
0.007813
0.996450
0.995755
0.099104
0.412883
0.404401
0.084132
0.691346
0.074965
0.074994
0.087713
0.016854
0.995755
0.035949
0.685096
0.100093
0.377877
0.383758
0.081733
0.680663
0.345847
0.063626
0.400427
0.360190
0.614922
0.098162
0.995755
0.048660
0.369255
0.367393
0.362924
0.171179
0.328013
0.227284
0.304127
0.061166
0.052827
0.995755
0.678651
0.083729
0.109282
0.995755
0.358720
0.084306
0.375574
0.370329
0.057280
0.682810
0.051003
0.681653
0.051502
0.367546
0.367751
0.682378
0.681831
0.053947
0.053853
0.367210
0.053554
0.996450
0.054966
0.370090
0.371252
0.683875
0.058043
0.371808
0.999433
0.384047
0.126891
0.420606
0.317401
0.144314
0.065332
0.067369
0.028882
0.743222
0.376811
0.027472
0.693672
0.679004
0.140719
0.364145
0.682977
0.044948
0.367280
0.071005
0.375833
0.996450
0.382104
0.386366
0.400890
0.377034
0.377636
0.378363
0.070553
0.689800
0.079641
0.380515
0.373743
0.715212
0.700666
0.998420
0.381303
0.299685
0.414448
0.400855
0.378061
0.685184
0.361946
0.996450
0.059085
0.058530
0.684439
0.692690
0.389225
0.677782
0.997105
0.118127
0.701898
0.067994
0.017984
0.999459
0.103751
0.412298
0.095949
0.393113
0.388654
0.096563
0.091806
0.386130
0.070406
0.685857
0.369858
0.368705
0.053910
0.368069
0.367752
0.367649
0.367071
0.048883
0.363836
0.047367
0.681851
0.365328
0.051496
0.998248
0.369210
0.370986
0.061159
0.998248
0.062591
0.998248
0.062078
0.060270
0.057768
0.055780
0.369577
0.056080
0.998248
0.684561
0.060106
0.059451
0.373229
0.067345
0.096616
0.105277
0.085120
0.137918
0.998248
0.393552
0.998248
0.381745
0.377561
0.089321
0.367317
0.379178
0.688614
0.065264
0.996450
0.166285
0.701846
0.433800
0.368546
0.369175
0.366361
0.384855
0.364542
0.393369
0.996450
0.695631
0.141703
0.695373
0.996450
0.088312
0.012042
0.338773
0.690166
0.021396
0.679390
0.041998
0.056310
0.373330
0.996450
0.685570
0.685989
0.374185
0.058316
0.996450
0.368741
0.055058
0.359195
0.358587
0.996450
0.013302
0.691252
0.008277
0.419355
0.057376
0.371337
0.374763
0.391870
0.403770
0.056611
0.361824
0.673669
0.065697
0.996450
0.030452
0.996450
0.354298
0.296455
0.418144
0.356137
0.364309
0.092390
0.698583
0.113226
0.702128
0.103426
0.694382
0.389661
0.073754
0.378757
0.067734
0.378328
0.998268
0.077352
0.398485
0.394743
0.683905
0.998268
0.378118
0.057960
0.365975
0.042841
0.696832
0.085711
0.688089
0.690364
0.109529
0.703093
0.396600
0.388413
0.383595
0.995755
0.690492
0.126795
0.698694
0.331469
0.685096
0.379626
0.377436
0.684953
0.688928
0.373424
0.685050
0.357699
0.315147
0.092104
0.031479
0.683222
0.316582
0.103232
0.050220
0.328135
0.345526
0.357017
0.374015
0.742368
0.995755
0.113890
0.380225
0.115716
0.362232
0.066508
0.402441
0.112373
0.379327
0.369228
0.044575
0.683863
0.683828
0.058732
0.684179
0.054895
0.682239
0.369512
0.682371
0.996450
0.368446
0.053566
0.052851
0.681653
0.996450
0.366450
0.052804
0.054215
0.369412
0.056939
0.683591
0.684095
0.057469
0.064124
0.999433
0.402447
0.623604
0.745665
0.057516
0.999796
0.083217
0.084175
0.387681
0.053815
0.378757
0.999796
0.121888
0.410773
0.055660
0.070505
0.052529
0.363615
0.060634
0.378676
0.074165
0.693536
0.404730
0.696385
0.016910
0.134110
0.388371
0.055007
0.399552
0.373580
0.376383
0.371785
0.066848
0.031461
0.159046
0.083171
0.360878
0.362313
0.119151
0.375464
0.686643
0.051100
0.356647
0.108467
0.996450
0.370331
0.068862
0.374866
0.090331
0.677782
0.083018
0.687558
0.085094
0.690047
0.412685
0.999459
0.138381
0.421777
0.999459
0.100593
0.399950
0.393061
0.383419
0.316243
0.746076
0.685857
0.052364
0.998558
0.683110
0.365882
0.367483
0.051325
0.998248
0.366560
0.049743
0.366637
0.998248
0.682296
0.053715
0.056610
0.998248
0.685110
0.061916
0.998248
0.060708
0.998248
0.369529
0.368210
0.367892
0.053822
0.054968
0.056223
0.057253
0.370982
0.371381
0.371454
0.372117
0.371888
0.706085
0.378807
0.092576
0.122708
0.137250
0.106394
0.043743
0.998248
0.364218
0.379456
0.067716
0.998248
0.688614
0.061491
0.098356
0.121199
0.367266
0.365491
0.996450
0.043145
0.362329
0.376308
0.066659
0.039920
0.064200
0.417393
0.074648
0.074017
0.079509
0.376385
0.687729
0.058901
0.690869
0.069858
0.372210
0.684211
0.684204
0.061318
0.063109
0.063616
0.373723
0.057730
0.055098
0.682335
0.054924
0.366952
0.996450
0.358587
0.072295
0.692478
0.691252
0.426991
0.124674
0.996450
0.682524
0.328201
0.311702
0.105977
0.996450
0.305299
0.098497
0.354889
0.996450
0.027879
0.366165
0.147183
0.731637
0.070621
0.348375
0.376453
0.391411
0.101999
0.699565
0.094417
0.385912
0.380809
0.380587
0.998268
0.378434
0.376187
0.069148
0.077469
0.998268
0.372364
0.071085
0.361508
0.671454
0.064680
0.998268
0.056524
0.668557
0.064951
0.110024
0.101002
0.421292
0.108007
0.389967
0.383544
0.995755
0.383595
0.384739
0.066497
0.686933
0.068110
0.378129
0.684263
0.684953
0.995755
0.061597
0.358369
0.000714
0.117257
0.372030
0.995755
0.063517
0.691719
0.386209
0.320932
0.013683
0.333885
0.034772
0.355349
0.361084
0.371184
0.101962
0.078732
0.144397
0.711593
0.090298
0.004534
0.702728
0.688601
0.995755
0.063628
0.367658
0.060045
0.684224
0.996410
0.373662
0.059494
0.056807
0.371531
0.369096
0.368446
0.996450
0.367537
0.050693
0.049785
0.365434
0.365339
0.052095
0.368211
0.368358
0.368630
0.055152
0.683755
0.051400
0.682928
0.052815
0.080305
0.012581
0.301379
0.332930
0.389236
0.701191
0.105031
0.361015
0.680528
0.377494
0.075597
0.388357
0.403019
0.358002
0.082165
0.681153
0.056745
0.374298
0.069421
0.746500
0.107748
0.997276
0.139964
0.241432
0.997652
0.143301
0.114339
0.369607
0.369921
0.671649
0.052354
0.326641
0.426652
0.314387
0.688876
0.364519
0.367896
0.369689
0.387605
0.061002
0.071161
0.007925
0.059690
0.056972
0.072826
0.371253
0.997105
0.379454
0.102710
0.073033
0.072689
0.056039
0.138643
0.374953
0.395349
0.353718
0.376114
0.029890
0.404460
0.409497
0.391586
0.629845
0.664371
0.337451
0.112492
0.366671
0.367433
0.049706
0.998558
0.049969
0.998248
0.051460
0.367421
0.051678
0.998248
0.366637
0.053055
0.998248
0.371215
0.059527
0.061475
0.061340
0.373378
0.058340
0.684840
0.683838
0.682937
0.682515
0.682792
0.683427
0.683895
0.684191
0.684459
0.684661
0.684649
0.684538
0.356924
0.048404
0.418680
0.366570
0.399043
0.091619
0.692599
0.061694
0.055707
0.066268
0.365568
0.058803
0.045412
0.054257
0.101699
0.379161
0.383500
0.367492
0.364797
0.048043
0.042622
0.996450
0.366528
0.367617
0.355532
0.351810
0.057508
0.371226
0.372936
0.073618
0.379878
0.687816
0.074174
0.692816
0.390562
0.075308
0.061265
0.996450
0.684204
0.372393
0.372941
0.372998
0.058635
0.682335
0.681104
0.367781
0.996450
0.052253
0.058481
0.076850
0.996450
0.097766
0.067155
0.603445
0.119353
0.058296
0.038948
0.125842
0.209525
0.209969
0.095369
0.010724
0.095107
0.297995
0.030375
0.411827
0.451706
0.996450
0.032698
0.338659
0.369320
0.077274
0.996450
0.021343
0.691404
0.376707
0.688392
0.078317
0.689481
0.442933
0.068464
0.381302
0.690371
0.077793
0.054495
0.998268
0.347795
0.060215
0.692934
0.079607
0.070754
0.116568
0.441437
0.131502
0.399316
0.401451
0.995755
0.087802
0.071723
0.079572
0.083816
0.079692
0.083035
0.375257
0.060392
0.044674
0.051802
0.059561
0.062679
0.359662
0.995755
0.418507
0.034821
0.673484
0.433147
0.091429
0.384540
0.010666
0.354816
0.356001
0.358392
0.995755
0.044167
0.364973
0.666085
0.369366
0.074318
0.695519
0.408824
0.081695
0.076013
0.102411
0.087997
0.378902
0.061434
0.368237
0.370042
0.372727
0.684224
0.064248
0.374297
0.684469
0.684362
0.058286
0.055832
0.053119
0.680924
0.364797
0.047035
0.364268
0.680642
0.051432
0.053434
0.683216
0.369258
0.369084
0.683850
0.370293
0.366715
0.694904
0.346724
0.032803
0.009258
0.348009
0.413778
0.682701
0.393165
0.077010
0.686865
0.369349
0.082244
0.696341
0.057785
0.700448
0.387578
0.403051
0.681153
0.383753
0.180278
0.704321
0.997276
0.111473
0.698195
0.127117
0.746450
0.069576
0.077916
0.365772
0.681642
0.054333
0.060543
0.098031
0.113208
0.090491
0.066746
0.371346
0.374178
0.354526
0.677949
0.304408
0.128658
0.049545
0.072842
0.686631
0.369704
0.071554
0.075087
0.385057
0.700125
0.368121
0.999459
0.125410
0.409652
0.081226
0.999459
0.332840
0.324114
0.094258
0.695045
0.106357
0.401495
0.082385
0.707065
0.682483
0.321384
0.361450
0.064356
0.048492
0.049038
0.371338
0.057498
0.369092
0.051458
0.998248
0.367304
0.367775
0.055037
0.057114
0.998248
0.685448
0.686150
0.062082
0.998248
0.056919
0.683838
0.367824
0.366212
0.366122
0.367445
0.368916
0.369663
0.370245
0.370757
0.056143
0.370514
0.368763
0.680155
0.375334
0.357692
0.692687
0.696028
0.692599
0.686378
0.685945
0.056220
0.369382
0.372776
0.361047
0.036137
0.200053
0.998248
0.414711
0.998248
0.050922
0.365847
0.365368
0.363706
0.044984
0.359256
0.365745
0.366769
0.364825
0.058591
0.058926
0.996450
0.064406
0.996450
0.380011
0.079842
0.996450
0.054547
0.679432
0.062675
0.370705
0.059380
0.059464
0.996450
0.372245
0.058860
0.055996
0.053890
0.364203
0.052222
0.681708
0.367861
0.070824
0.385475
0.387007
0.392091
0.171972
0.327338
0.372359
0.690021
0.004668
0.682154
0.017447
0.996450
0.190931
0.642031
0.150537
0.349458
0.996450
0.672589
0.029170
0.417615
0.375681
0.362434
0.381119
0.075114
0.102987
0.079423
0.377400
0.689298
0.087928
0.375138
0.383221
0.035107
0.666273
0.383584
0.386182
0.383807
0.360387
0.040039
0.998268
0.380352
0.402964
0.416960
0.419776
0.426572
0.402247
0.696184
0.995755
0.095072
0.681940
0.073453
0.383280
0.683613
0.084327
0.360250
0.040165
0.684360
0.060861
0.374911
0.684634
0.995755
0.061539
0.110458
0.415499
0.340068
0.118384
0.415386
0.697724
0.407703
0.074284
0.361412
0.376006
0.678944
0.360760
0.376386
0.054241
0.702464
0.056689
0.080241
0.670242
0.309423
0.050364
0.689705
0.380424
0.687879
0.380588
0.374634
0.372339
0.058445
0.064188
0.066880
0.996450
0.065366
0.061072
0.059626
0.369996
0.682451
0.052621
0.996450
0.363941
0.045786
0.680642
0.365651
0.367075
0.681639
0.998027
0.054107
0.428693
0.072729
0.385480
0.391253
0.701861
0.384829
0.379549
0.030005
0.689328
0.366581
0.999796
0.682701
0.118379
0.626999
0.119827
0.069627
0.367194
0.700448
0.707733
0.698813
0.707733
0.071425
0.286757
0.385951
0.163363
0.009022
0.082253
0.101806
0.381904
0.406989
0.370986
0.068139
0.368258
0.371885
0.996450
0.686032
0.370242
0.075799
0.379398
0.383019
0.386179
0.407041
0.677949
0.996450
0.427949
0.998099
0.044763
0.414815
0.414237
0.686551
0.691720
0.406157
0.102708
0.114436
0.389926
0.050015
0.674580
0.369687
0.070319
0.032223
0.071130
0.089758
0.088357
0.999459
0.695045
0.097766
0.427331
0.055094
0.689588
0.350824
0.304556
0.679965
0.068571
0.373337
0.078590
0.376348
0.998248
0.684580
0.366695
0.054051
0.683555
0.684114
0.371341
0.372667
0.373942
0.063170
0.063551
0.685688
0.056824
0.683135
0.366639
0.364689
0.364839
0.051701
0.683719
0.369021
0.055156
0.055693
0.683391
0.368230
0.047472
0.349885
0.672961
0.137987
0.112821
0.085517
0.077698
0.070509
0.388418
0.689786
0.055118
0.045066
0.349328
0.403785
0.702230
0.198462
0.239001
0.054981
0.365026
0.366127
0.049469
0.998248
0.047961
0.365313
0.366645
0.370632
0.371134
0.684570
0.370207
0.059241
0.060281
0.068510
0.996450
0.385602
0.085323
0.066709
0.682639
0.682952
0.996450
0.056689
0.683312
0.059011
0.058793
0.370383
0.369275
0.367689
0.681710
0.366695
0.366145
0.367725
0.369969
0.374134
0.083447
0.692506
0.040221
0.349319
0.996450
0.354452
0.368962
0.046111
0.683773
0.105455
0.042015
0.395583
0.626901
0.415254
0.026323
0.037952
0.392612
0.288854
0.064385
0.663535
0.373531
0.115981
0.332997
0.366011
0.687481
0.688317
0.669822
0.051304
0.998268
0.014567
0.681927
0.359819
0.081232
0.692003
0.059866
0.075646
0.064320
0.056235
0.063303
0.693911
0.124228
0.996450
0.141360
0.107532
0.387583
0.380325
0.995755
0.054666
0.369558
0.681929
0.347963
0.665735
0.327738
0.038093
0.375522
0.379650
0.067237
0.063094
0.377125
0.995755
0.109577
0.383481
0.999979
0.071530
0.689143
0.391559
0.070030
0.671282
0.032666
0.043584
0.372617
0.371930
0.995755
0.024668
0.995755
0.075404
0.684702
0.082886
0.361100
0.373045
0.376293
0.376188
0.683677
0.372897
0.371056
0.373073
0.067269
0.376281
0.375267
0.066003
0.371690
0.996450
0.056052
0.366939
0.681244
0.049976
0.363657
0.045933
0.047734
0.366158
0.367536
0.053804
0.053213
0.428124
0.699636
0.369640
0.389830
0.701861
0.998027
0.120377
0.390008
0.038841
0.345363
0.026753
0.345374
0.098272
0.291297
0.394244
0.689286
0.122406
0.695190
0.679559
0.094859
0.999796
0.397018
0.383890
0.116935
0.999796
0.050179
0.358093
0.381484
0.381772
0.383500
0.378821
0.067890
0.372251
0.365997
0.695565
0.686032
0.381989
0.060687
0.692415
0.078232
0.061798
0.996450
0.696603
0.156018
0.381382
0.002633
0.121102
0.683363
0.053726
0.432712
0.074766
0.079829
0.425427
0.999459
0.421436
0.412009
0.706096
0.037698
0.325004
0.279554
0.401719
0.999459
0.069974
0.381448
0.130789
0.704241
0.689281
0.077337
0.689588
0.999459
0.689588
0.666899
0.117107
0.428968
0.381840
0.078236
0.384014
0.059739
0.681981
0.047841
0.368568
0.055196
0.370843
0.058745
0.059814
0.374235
0.686131
0.375365
0.374618
0.059558
0.054994
0.049542
0.363748
0.046612
0.050153
0.683235
0.368012
0.683113
0.054844
0.998248
0.366490
0.683301
0.357179
0.098493
0.680526
0.998248
0.061275
0.998248
0.084070
0.998248
0.702508
0.382316
0.047074
0.677040
0.057853
0.998248
0.702230
0.153271
0.076362
0.685615
0.050901
0.682075
0.419551
0.366075
0.366051
0.365821
0.367366
0.369412
0.370822
0.370147
0.371591
0.060661
0.367906
0.069854
0.681775
0.369330
0.059251
0.048187
0.367516
0.369278
0.367448
0.682970
0.369897
0.057017
0.682809
0.055396
0.681710
0.366487
0.681327
0.052533
0.682064
0.371677
0.996450
0.372076
0.376214
0.383005
0.069933
0.033113
0.667653
0.383641
0.112355
0.996450
0.374484
0.037650
0.671970
0.333069
0.309300
0.358150
0.037516
0.687813
0.378331
0.048620
0.666430
0.034592
0.041228
0.032006
0.364770
0.063294
0.032196
0.689752
0.342894
0.051255
0.049333
0.690645
0.378202
0.079843
0.998268
0.690185
0.380082
0.373653
0.363339
0.055139
0.996450
0.103719
0.410623
0.087856
0.404667
0.093514
0.358090
0.361667
0.681700
0.995755
0.052546
0.995755
0.366045
0.348465
0.037831
0.379397
0.380380
0.379001
0.375889
0.684357
0.062339
0.066356
0.685178
0.056418
0.999979
0.690039
0.366434
0.070371
0.685331
0.030664
0.346913
0.358265
0.413214
0.011096
0.422800
0.707616
0.123866
0.432837
0.698022
0.119236
0.366821
0.375491
0.683677
0.683049
0.681438
0.368966
0.370633
0.062214
0.370582
0.682803
0.372234
0.059951
0.055371
0.366491
0.365724
0.996450
0.365549
0.047694
0.680450
0.048754
0.367041
0.368204
0.368782
0.368835
0.289972
0.164469
0.998027
0.675028
0.083774
0.098553
0.387606
0.359584
0.140811
0.314757
0.338887
0.007214
0.330196
0.682844
0.007039
0.684131
0.087171
0.387504
0.134542
0.108109
0.698813
0.090851
0.743833
0.701976
0.686016
0.397924
0.431286
0.376243
0.070910
0.996450
0.378698
0.127541
0.085245
0.426416
0.145346
0.418830
0.114422
0.034806
0.383794
0.996450
0.056131
0.063757
0.160284
0.301963
0.119237
0.996450
0.062652
0.683412
0.058024
0.058186
0.368625
0.377905
0.099909
0.351276
0.151048
0.358038
0.684379
0.379214
0.357092
0.382492
0.999459
0.083303
0.391107
0.392891
0.088982
0.432737
0.056166
0.384838
0.097678
0.098767
0.368349
0.061331
0.388527
0.116847
0.691226
0.387246
0.391552
0.393587
0.075200
0.088585
0.052493
0.683231
0.370645
0.684589
0.370382
0.057413
0.057455
0.058520
0.058627
0.055358
0.998248
0.682999
0.363614
0.680433
0.046228
0.046738
0.048616
0.051027
0.052986
0.683391
0.367873
0.366998
0.369877
0.398383
0.311949
0.354956
0.375889
0.098010
0.389275
0.131968
0.382316
0.998248
0.060533
0.042885
0.998248
0.048274
0.077851
0.082341
0.077199
0.298774
0.096719
0.029061
0.998248
0.103973
0.048848
0.677140
0.347513
0.290030
0.369836
0.369739
0.370854
0.050929
0.363651
0.996450
0.680702
0.390148
0.042116
0.341340
0.053008
0.035838
0.693251
0.365708
0.369037
0.368969
0.368716
0.053830
0.052528
0.996450
0.051551
0.996450
0.681601
0.054838
0.057064
0.056990
0.682608
0.685912
0.370877
0.351794
0.996450
0.667653
0.034613
0.050064
0.996450
0.368230
0.360268
0.039418
0.682026
0.053451
0.375851
0.687145
0.052243
0.348556
0.407711
0.996450
0.699799
0.037458
0.373395
0.357896
0.376836
0.998301
0.689752
0.671340
0.073031
0.691605
0.081033
0.692008
0.076011
0.073799
0.062368
0.996450
0.368749
0.065894
0.088909
0.693400
0.392685
0.394735
0.396957
0.694356
0.005952
0.009840
0.357768
0.378186
0.371551
0.366045
0.995755
0.683057
0.062347
0.688011
0.995755
0.071244
0.686797
0.375462
0.370633
0.058941
0.076115
0.995755
0.372672
0.365322
0.673730
0.382407
0.067198
0.347620
0.371576
0.389122
0.399739
0.998027
0.071424
0.433638
0.058899
0.698022
0.376293
0.371194
0.056599
0.372728
0.055348
0.050715
0.682366
0.682634
0.369549
0.057192
0.369066
0.682260
0.368352
0.053959
0.367281
0.682395
0.366956
0.049984
0.365321
0.364914
0.365227
0.050867
0.682286
0.368936
0.369342
0.682733
0.113358
0.700924
0.675028
0.090321
0.998027
0.378127
0.061783
0.685636
0.089260
0.363467
0.385603
0.665898
0.682844
0.999796
0.061771
0.694194
0.086974
0.999796
0.105087
0.999796
0.011710
0.078886
0.093996
0.160417
0.066660
0.997276
0.695744
0.182623
0.299238
0.071833
0.041307
0.068010
0.743978
0.171437
0.348845
0.382755
0.695824
0.691194
0.103846
0.061613
0.695183
0.678723
0.049050
0.099696
0.358834
0.057469
0.683412
0.683537
0.058908
0.056446
0.999459
0.685010
0.685702
0.067249
0.999459
0.670446
0.057428
0.685484
0.661237
0.999459
0.126795
0.006070
0.076884
0.089885
0.375010
0.137305
0.418883
0.383537
0.700878
0.689891
0.068620
0.381305
0.388860
0.088728
0.384038
0.998558
0.693551
0.694434
0.694228
0.700041
0.424982
0.368219
0.369795
0.056182
0.998248
0.053151
0.367726
0.998248
0.367749
0.367973
0.052294
0.048072
0.044942
0.044109
0.359957
0.358766
0.358702
0.360557
0.046988
0.043092
0.047990
0.050130
0.049456
0.296674
0.062825
0.073919
0.080639
0.381114
0.439402
0.135905
0.000775
0.062656
0.365199
0.369980
0.360308
0.674673
0.668858
0.667462
0.365893
0.063445
0.998248
0.041617
0.356799
0.188765
0.348314
0.377070
0.356505
0.663385
0.604878
0.369585
0.370680
0.052917
0.680476
0.050236
0.055710
0.079618
0.670243
0.060977
0.341048
0.693251
0.656349
0.389858
0.367011
0.367783
0.367448
0.052133
0.365945
0.051084
0.996450
0.366430
0.366976
0.681615
0.681816
0.681500
0.681401
0.373107
0.684298
0.037690
0.006316
0.028580
0.158661
0.676547
0.372443
0.042112
0.996450
0.050550
0.682921
0.054705
0.373152
0.684332
0.060990
0.403331
0.680716
0.119440
0.395344
0.625320
0.070219
0.683535
0.748268
0.689785
0.117305
0.688267
0.075771
0.689224
0.080043
0.998268
0.381641
0.377045
0.373672
0.056597
0.369581
0.372198
0.382040
0.085661
0.694313
0.693720
0.382470
0.083311
0.364004
0.055807
0.046318
0.077389
0.078503
0.020214
0.096075
0.370852
0.380674
0.070066
0.377301
0.071522
0.995755
0.686797
0.372165
0.366614
0.053966
0.369723
0.050021
0.037312
0.056588
0.398072
0.076952
0.350264
0.375255
0.995755
0.385730
0.384909
0.998027
0.370560
0.053929
0.058446
0.367388
0.998027
0.368321
0.053106
0.363944
0.364145
0.052751
0.683303
0.369720
0.371760
0.056846
0.369493
0.683212
0.052857
0.366745
0.366564
0.998027
0.050932
0.366648
0.682586
0.050739
0.368051
0.054084
0.369556
0.369864
0.056164
0.055893
0.114050
0.385625
0.375536
0.378127
0.998027
0.371791
0.998027
0.121187
0.392647
0.381331
0.394051
0.108111
0.004428
0.370899
0.999796
0.694194
0.108388
0.399300
0.097000
0.693712
0.696158
0.695077
0.396907
0.075221
0.125987
0.089924
0.325961
0.416019
0.309396
0.031571
0.482284
0.360756
0.216871
0.688011
0.695824
0.996450
0.107208
0.395948
0.080718
0.050549
0.668605
0.036852
0.357294
0.678639
0.046227
0.055670
0.684208
0.371328
0.369530
0.052517
0.051575
0.056915
0.065180
0.054602
0.017396
0.429963
0.383894
0.055895
0.090667
0.320641
0.437837
0.707667
0.999459
0.127871
0.336762
0.373766
0.396563
0.702230
0.097783
0.680713
0.067033
0.998558
0.693640
0.383950
0.383748
0.694744
0.067580
0.389554
0.398625
0.364978
0.051951
0.053987
0.055012
0.054593
0.683365
0.682778
0.367726
0.682306
0.367220
0.367419
0.047675
0.998248
0.680143
0.358245
0.355845
0.353676
0.352368
0.352208
0.349111
0.340401
0.343759
0.411470
0.118371
0.124437
0.693903
0.405853
0.412557
0.083022
0.330621
0.348822
0.375460
0.366833
0.374231
0.061035
0.050495
0.030852
0.045940
0.044984
0.998248
0.403174
0.332397
0.433858
0.355363
0.238442
0.331089
0.392638
0.283687
0.054214
0.056912
0.683609
0.054846
0.369820
0.685023
0.375538
0.060997
0.366590
0.357861
0.319735
0.013105
0.702065
0.347054
0.373509
0.051400
0.680809
0.050575
0.365528
0.681100
0.050880
0.051342
0.052070
0.052506
0.051587
0.049873
0.050894
0.055329
0.054909
0.050039
0.056161
0.996450
0.018147
0.028255
0.361317
0.996450
0.047519
0.053966
0.365998
0.365877
0.680887
0.368423
0.373883
0.067294
0.695715
0.374639
0.045891
0.379016
0.082902
0.075795
0.383299
0.441300
0.084049
0.387856
0.072927
0.998268
0.376138
0.062281
0.397845
0.383419
0.376630
0.372638
0.060549
0.684474
0.070973
0.996450
0.692358
0.090337
0.692237
0.379487
0.078256
0.687777
0.434221
0.076117
0.995755
0.678326
0.033195
0.072474
0.689671
0.688744
0.999455
0.068467
0.376873
0.684747
0.685831
0.370807
0.682866
0.995755
0.371639
0.070171
0.381860
0.706680
0.440430
0.381316
0.995755
0.375255
0.073892
0.388110
0.372832
0.998027
0.365798
0.046700
0.681606
0.368451
0.364081
0.052334
0.367392
0.683116
0.684880
0.371772
0.998027
0.372889
0.058569
0.683619
0.053597
0.366781
0.682244
0.998027
0.366564
0.051400
0.367375
0.367689
0.683010
0.053766
0.683005
0.369943
0.370104
0.683341
0.056704
0.369691
0.055807
0.054454
0.054023
0.054074
0.062591
0.075121
0.373141
0.136536
0.382026
0.075086
0.626788
0.676502
0.999796
0.370899
0.398460
0.416479
0.390815
0.398667
0.397788
0.391477
0.403658
0.699294
0.062859
0.694092
0.194404
0.682186
0.026737
0.996450
0.060175
0.400824
0.003537
0.377040
0.051457
0.107747
0.096660
0.996450
0.385405
0.055494
0.679010
0.038511
0.358640
0.678639
0.996450
0.364346
0.053888
0.058159
0.683196
0.367817
0.365240
0.363832
0.680801
0.362411
0.364648
0.373641
0.046663
0.052856
0.430748
0.312076
0.479548
0.418797
0.409805
0.417026
0.039699
0.358776
0.999459
0.680120
0.695144
0.702230
0.393254
0.680665
0.057357
0.381701
0.370746
0.073444
0.081261
0.114875
0.054476
0.088480
0.063440
0.365726
0.367909
0.054456
0.998248
0.052207
0.682461
0.052216
0.052284
0.368385
0.368332
0.367266
0.046601
0.042771
0.036381
0.675970
0.351711
0.349261
0.349171
0.359025
0.088468
0.283108
0.074812
0.423431
0.337501
0.998248
0.693903
0.389828
0.067206
0.048956
0.998248
0.382394
0.381302
0.084155
0.372077
0.380687
0.376293
0.689340
0.687939
0.066306
0.392880
0.392503
0.115429
0.665623
0.125062
0.998248
0.352178
0.066268
0.054666
0.682977
0.370281
0.057523
0.372436
0.996450
0.685023
0.060894
0.369257
0.684852
0.065365
0.678424
0.043400
0.632960
0.368872
0.044438
0.364500
0.680456
0.049736
0.681198
0.051053
0.681536
0.367113
0.367497
0.051447
0.683067
0.367580
0.051700
0.052677
0.997949
0.364772
0.054285
0.006682
0.355598
0.996450
0.046810
0.680613
0.052587
0.364159
0.363184
0.996450
0.680887
0.365847
0.362577
0.326701
0.153159
0.996450
0.405847
0.411479
0.080981
0.088926
0.099036
0.383538
0.998268
0.063965
0.364556
0.381360
0.395525
0.369361
0.687567
0.996450
0.376236
0.684959
0.684722
0.684474
0.381993
0.387863
0.689131
0.688372
0.408007
0.077740
0.422224
0.399188
0.378583
0.068964
0.025713
0.682798
0.692823
0.380736
0.689671
0.064958
0.995755
0.379178
0.067363
0.683173
0.050261
0.365002
0.047911
0.682702
0.373805
0.706680
0.995755
0.706680
0.137073
0.685384
0.061837
0.385686
0.692498
0.052270
0.368070
0.681243
0.998027
0.048511
0.682119
0.998027
0.369105
0.370548
0.054831
0.056495
0.998027
0.371772
0.058291
0.368836
0.998027
0.368022
0.366286
0.366411
0.366314
0.050338
0.051798
0.367810
0.683010
0.998027
0.053815
0.056040
0.370117
0.683341
0.683306
0.683365
0.056860
0.369181
0.684150
0.998027
0.060433
0.688044
0.085909
0.388773
0.394619
0.388701
0.692125
0.076292
0.315602
0.367382
0.071066
0.406798
0.126072
0.095636
0.382487
0.090300
0.069867
0.072790
0.060904
0.077906
0.106131
0.361598
0.489588
0.176847
0.695810
0.422155
0.359297
0.071835
0.666543
0.055367
0.326069
0.996450
0.086945
0.996450
0.056576
0.681617
0.362675
0.042468
0.047098
0.364812
0.367318
0.056546
0.371751
0.056648
0.366705
0.364511
0.363435
0.047100
0.359116
0.115814
0.999459
0.114858
0.110049
0.999459
0.745621
0.399030
0.366523
0.136519
0.710929
0.101260
0.382195
0.052138
0.079685
0.079135
0.697714
0.060362
0.046441
0.690156
0.050390
0.056886
0.374222
0.076597
0.128171
0.702044
0.126301
0.691787
0.075581
0.051404
0.369693
0.055938
0.055132
0.054860
0.056604
0.998248
0.056236
0.683391
0.683596
0.682643
0.681295
0.679817
0.677984
0.352203
0.673959
0.348733
0.030030
0.998248
0.345349
0.310298
0.048235
0.380862
0.106634
0.389828
0.998248
0.159160
0.038537
0.382394
0.998248
0.389923
0.058600
0.388752
0.375606
0.378839
0.690175
0.386637
0.374804
0.011498
0.383666
0.080543
0.998248
0.366722
0.060204
0.319104
0.370437
0.053809
0.996450
0.056634
0.683193
0.370568
0.059673
0.065322
0.374615
0.060551
0.682942
0.052400
0.681466
0.368687
0.347399
0.014477
0.367061
0.364920
0.680363
0.049607
0.366179
0.682635
0.367892
0.368555
0.369063
0.054274
0.683349
0.349652
0.998086
0.055983
0.370594
0.369138
0.365667
0.033578
0.363631
0.048461
0.683632
0.055034
0.053871
0.681286
0.045675
0.363118
0.047075
0.361535
0.360773
0.351893
0.066166
0.399949
0.446097
0.745663
0.385014
0.092825
0.397975
0.392009
0.072347
0.998268
0.680939
0.673601
0.690139
0.138894
0.143799
0.074231
0.070842
0.070829
0.068830
0.068285
0.066632
0.061722
0.058689
0.118972
0.707335
0.011866
0.362101
0.683212
0.067812
0.687180
0.374477
0.094355
0.079215
0.095741
0.687890
0.047186
0.063233
0.077914
0.078979
0.385525
0.051092
0.995755
0.677369
0.039456
0.683324
0.356983
0.389971
0.173118
0.032337
0.057348
0.277197
0.037993
0.677674
0.056247
0.682643
0.054070
0.365332
0.365126
0.050729
0.051663
0.369920
0.684535
0.684747
0.685325
0.371804
0.056384
0.367125
0.681798
0.052652
0.052168
0.366033
0.998027
0.050005
0.366069
0.052229
0.368230
0.053965
0.054459
0.683637
0.055747
0.370158
0.057169
0.057175
0.683352
0.057083
0.369595
0.055242
0.058131
0.376077
0.381360
0.998027
0.099279
0.393697
0.388555
0.999796
0.072569
0.999796
0.063986
0.682298
0.120424
0.378835
0.399513
0.137268
0.433919
0.373529
0.373418
0.072576
0.382699
0.996450
0.687671
0.724962
0.164210
0.177827
0.368620
0.057600
0.042448
0.655965
0.019417
0.007789
0.068903
0.060505
0.052083
0.368021
0.680116
0.996450
0.680116
0.054486
0.684260
0.370409
0.057110
0.370527
0.371462
0.367454
0.365620
0.996450
0.048945
0.109633
0.723038
0.689036
0.357458
0.006250
0.073183
0.047657
0.115827
0.408205
0.420379
0.400218
0.640850
0.087859
0.381217
0.374469
0.684159
0.057353
0.056578
0.684607
0.058251
0.371525
0.682206
0.067415
0.998248
0.388114
0.103910
0.399669
0.437830
0.998248
0.376944
0.055147
0.058159
0.998248
0.372802
0.060002
0.059039
0.368861
0.682622
0.053359
0.052738
0.364324
0.360924
0.356694
0.676570
0.025145
0.347817
0.033387
0.671824
0.420199
0.380861
0.372536
0.403947
0.386616
0.105838
0.065788
0.145018
0.120129
0.080659
0.010672
0.359872
0.394440
0.389552
0.390261
0.380958
0.689516
0.081323
0.376212
0.106838
0.384648
0.373519
0.069817
0.433714
0.382746
0.354698
0.367313
0.051254
0.054456
0.055415
0.682747
0.369670
0.057982
0.683156
0.370875
0.056368
0.682296
0.052752
0.996450
0.045825
0.996450
0.050343
0.365657
0.680100
0.364448
0.049625
0.366041
0.997949
0.368219
0.368496
0.054729
0.683644
0.039844
0.679927
0.682884
0.053472
0.058456
0.685166
0.051500
0.365744
0.367862
0.683964
0.370350
0.058873
0.369298
0.996450
0.047408
0.361574
0.996450
0.678754
0.360381
0.360704
0.364907
0.388615
0.127492
0.066532
0.080723
0.395774
0.392061
0.671687
0.000484
0.054302
0.345232
0.321722
0.122972
0.996450
0.422730
0.416506
0.386009
0.086621
0.389120
0.386426
0.384091
0.378579
0.360265
0.398078
0.326459
0.361181
0.683212
0.681138
0.999455
0.684838
0.066477
0.694280
0.697411
0.110031
0.692149
0.041876
0.999455
0.686701
0.693740
0.072718
0.034285
0.371411
0.678730
0.366645
0.367234
0.354614
0.403318
0.417518
0.016415
0.351703
0.354058
0.397333
0.066283
0.375162
0.074008
0.066003
0.057528
0.367233
0.682656
0.998027
0.053768
0.371517
0.371379
0.684747
0.056760
0.681907
0.681798
0.998027
0.681798
0.050581
0.998027
0.050201
0.681931
0.681996
0.052081
0.998027
0.053524
0.369382
0.998027
0.055424
0.996450
0.056929
0.370194
0.996450
0.056570
0.683980
0.370615
0.058850
0.374224
0.365894
0.087421
0.090785
0.694457
0.999796
0.386786
0.071330
0.375325
0.055803
0.374377
0.999796
0.687635
0.693281
0.707035
0.403025
0.062451
0.686711
0.071274
0.996450
0.074055
0.109781
0.107731
0.378710
0.378565
0.068676
0.069880
0.996450
0.110216
0.996450
0.437863
0.016387
0.680991
0.048504
0.683772
0.368182
0.367423
0.368314
0.996450
0.371786
0.053228
0.365870
0.681478
0.058210
0.370121
0.367823
0.051775
0.368441
0.682279
0.225673
0.723038
0.739552
0.633879
0.658873
0.348537
0.999459
0.684141
0.074520
0.999459
0.369385
0.675782
0.056396
0.370428
0.683579
0.050179
0.367320
0.683240
0.368184
0.369750
0.368382
0.070805
0.691619
0.388115
0.386928
0.376718
0.059006
0.691502
0.078376
0.370156
0.371766
0.059664
0.060708
0.998248
0.060269
0.682622
0.998248
0.360520
0.369779
0.053187
0.047887
0.041579
0.034779
0.353719
0.350619
0.038843
0.680441
0.097719
0.393076
0.295754
0.381541
0.387187
0.391142
0.396838
0.682509
0.094221
0.313127
0.675766
0.998248
0.675766
0.693713
0.700548
0.392031
0.689600
0.070704
0.441259
0.327956
0.998248
0.387213
0.069081
0.368523
0.366225
0.366564
0.366670
0.682743
0.366456
0.054180
0.682364
0.368778
0.368977
0.369125
0.055310
0.368279
0.682191
0.367438
0.050512
0.061340
0.364633
0.065052
0.363976
0.681150
0.365109
0.365881
0.367452
0.060613
0.108521
0.677739
0.053250
0.373507
0.608070
0.414932
0.289911
0.371619
0.371663
0.058608
0.369934
0.370301
0.684886
0.369892
0.373148
0.374254
0.060231
0.681286
0.050527
0.996450
0.044052
0.042331
0.678387
0.360454
0.363697
0.058132
0.682570
0.372616
0.076421
0.392547
0.065478
0.996450
0.349137
0.612755
0.016843
0.074218
0.112001
0.422730
0.996450
0.395566
0.694438
0.996450
0.391550
0.387217
0.077354
0.368260
0.996450
0.695574
0.995755
0.695574
0.054755
0.373411
0.684838
0.377378
0.117170
0.390315
0.999455
0.051078
0.358330
0.690838
0.686701
0.385123
0.077585
0.999455
0.030173
0.686067
0.043316
0.393708
0.358414
0.075126
0.670010
0.375368
0.033904
0.346695
0.081432
0.696326
0.998027
0.082049
0.690804
0.685713
0.998027
0.058563
0.054691
0.053532
0.055351
0.058477
0.059622
0.056101
0.050956
0.364110
0.364079
0.364748
0.681843
0.048776
0.366168
0.998027
0.050906
0.051372
0.052764
0.053203
0.998027
0.054825
0.369277
0.055651
0.056649
0.683292
0.683318
0.056987
0.368615
0.998027
0.370074
0.057850
0.362815
0.689493
0.690135
0.998027
0.388641
0.383859
0.389845
0.058593
0.379439
0.999796
0.420523
0.076213
0.080279
0.093398
0.105165
0.372560
0.372487
0.066420
0.687549
0.073359
0.687636
0.053046
0.634272
0.433220
0.302832
0.117798
0.999309
0.072109
0.077981
0.427581
0.045464
0.371217
0.684252
0.056338
0.058721
0.059110
0.059315
0.372457
0.683885
0.373421
0.047645
0.362736
0.680877
0.367926
0.059090
0.371117
0.372348
0.373123
0.057449
0.079336
0.739552
0.344300
0.051782
0.036461
0.050648
0.045462
0.014541
0.127596
0.102249
0.317173
0.375277
0.685728
0.683579
0.999459
0.366293
0.366210
0.683412
0.683240
0.369892
0.061471
0.082250
0.693079
0.395891
0.377277
0.700483
0.682241
0.351123
0.407760
0.370440
0.371787
0.059715
0.684000
0.054806
0.036343
0.013437
0.682622
0.364541
0.362954
0.054692
0.683739
0.047183
0.680517
0.035227
0.998248
0.036418
0.689141
0.093061
0.304828
0.375426
0.691523
0.380875
0.351739
0.271218
0.052108
0.053318
0.381771
0.005654
0.675766
0.077328
0.395912
0.087823
0.380383
0.998248
0.076091
0.319069
0.353999
0.700312
0.676750
0.049242
0.106238
0.289366
0.365853
0.682346
0.366474
0.680945
0.053254
0.682090
0.368059
0.054232
0.682074
0.368179
0.053964
0.682105
0.682191
0.366638
0.051857
0.365367
0.363920
0.362503
0.680874
0.364160
0.364453
0.054827
0.684126
0.062652
0.371690
0.427889
0.007748
0.437900
0.998086
0.435103
0.371281
0.370220
0.056360
0.370129
0.371270
0.372700
0.997949
0.373555
0.685635
0.375665
0.059611
0.053546
0.046160
0.679774
0.361367
0.042111
0.360181
0.046643
0.680533
0.367073
0.062979
0.687561
0.081294
0.687380
0.671687
0.368900
0.052600
0.074112
0.690953
0.048711
0.695263
0.380856
0.101585
0.060091
0.092971
0.697147
0.693562
0.689310
0.689399
0.368260
0.072902
0.695574
0.101425
0.392558
0.072876
0.689654
0.380468
0.399876
0.117497
0.697411
0.113099
0.375815
0.378962
0.690838
0.390055
0.393706
0.383969
0.069993
0.661523
0.373458
0.370597
0.379239
0.068952
0.373845
0.365742
0.389424
0.055494
0.998027
0.409534
0.014478
0.414946
0.000587
0.690804
0.066592
0.371662
0.683781
0.684022
0.372489
0.685093
0.683915
0.998027
0.364904
0.043097
0.042510
0.045498
0.364676
0.365645
0.366419
0.052068
0.683296
0.368187
0.053610
0.998027
0.053971
0.054613
0.998027
0.368071
0.056300
0.056625
0.056713
0.368613
0.369934
0.369815
0.369567
0.056819
0.685560
0.365412
0.373648
0.690135
0.054313
0.087033
0.338496
0.361174
0.387494
0.433830
0.407040
0.695210
0.999796
0.069180
0.372982
0.060862
0.687336
0.374661
0.377502
0.379074
0.070544
0.383459
0.673263
0.194115
0.238014
0.041245
0.393425
0.692323
0.072801
0.679096
0.367213
0.055640
0.682735
0.372730
0.056166
0.370477
0.373994
0.066280
0.374929
0.375544
0.049566
0.363704
0.996450
0.368732
0.372750
0.374450
0.376303
0.375958
0.375131
0.061051
0.005202
0.138445
0.696985
0.357066
0.374441
0.370216
0.674212
0.339864
0.999459
0.104533
0.374479
0.374312
0.369439
0.364845
0.364229
0.683412
0.684756
0.053490
0.682741
0.685103
0.084591
0.696727
0.375220
0.091832
0.998248
0.343518
0.127971
0.289488
0.375084
0.388106
0.120018
0.297719
0.374650
0.016954
0.350012
0.053609
0.376213
0.998248
0.058429
0.998248
0.051823
0.362780
0.680826
0.036537
0.036229
0.381147
0.388495
0.675107
0.020768
0.654201
0.377927
0.377166
0.129514
0.998248
0.128661
0.384923
0.379982
0.073764
0.689505
0.386473
0.360690
0.050983
0.065203
0.382539
0.675498
0.712158
0.364131
0.685149
0.103875
0.703983
0.480736
0.286503
0.050063
0.366787
0.051477
0.052691
0.367611
0.681869
0.367459
0.052948
0.681664
0.053083
0.681722
0.052484
0.050984
0.364923
0.363505
0.679302
0.680151
0.046471
0.680611
0.364109
0.049468
0.680422
0.368036
0.384304
0.020500
0.106274
0.103599
0.438188
0.387053
0.371158
0.057366
0.060945
0.054642
0.370978
0.373136
0.373209
0.373724
0.064977
0.063933
0.684622
0.055648
0.364971
0.996450
0.679774
0.678889
0.043851
0.679694
0.363887
0.366132
0.369623
0.069131
0.384790
0.072591
0.687380
0.073144
0.376548
0.996450
0.381515
0.082658
0.090108
0.053634
0.040855
0.698208
0.384147
0.096162
0.064099
0.368490
0.063544
0.051530
0.372427
0.313389
0.745586
0.321933
0.080604
0.687099
0.123626
0.150897
0.999455
0.421835
0.409409
0.133733
0.396369
0.398106
0.403106
0.698243
0.148776
0.063806
0.373458
0.995755
0.375635
0.377637
0.063602
0.060884
0.059547
0.376497
0.385737
0.407211
0.719794
0.058400
0.202860
0.660462
0.692996
0.028922
0.371449
0.059843
0.371264
0.686342
0.062132
0.060377
0.055261
0.048436
0.679719
0.363543
0.998027
0.047798
0.052445
0.053282
0.683296
0.684001
0.683296
0.055400
0.055315
0.998027
0.054321
0.054960
0.684018
0.055096
0.369149
0.368302
0.369838
0.998027
0.683995
0.683862
0.055434
0.057085
0.064197
0.084907
0.081630
0.029163
0.394664
0.082767
0.075710
0.132695
0.999796
0.472211
0.244627
0.083912
0.061204
0.372870
0.683341
0.066494
0.687389
0.375789
0.377923
0.077167
0.687513
0.019582
0.118420
0.688243
0.120815
0.092211
0.688863
0.377721
0.369075
0.359691
0.057843
0.736566
0.303959
0.068347
0.073761
0.057476
0.373195
0.996450
0.373820
0.054079
0.681423
0.053896
0.057635
0.373031
0.375450
0.376974
0.997105
0.066560
0.375472
0.121856
0.400257
0.384708
0.379093
0.685988
0.999459
0.006756
0.131655
0.085956
0.108674
0.371950
0.062974
0.068509
0.060475
0.055090
0.059030
0.688962
0.371701
0.059157
0.066557
0.086552
0.697755
0.411297
0.116459
0.094532
0.110534
0.358728
0.344762
0.388430
0.385857
0.406105
0.745569
0.610633
0.061102
0.075265
0.371525
0.685155
0.069421
0.377545
0.058512
0.371300
0.051360
0.424086
0.286661
0.046706
0.366695
0.367436
0.697778
0.009217
0.426811
0.338425
0.106818
0.631608
0.158651
0.078830
0.696732
0.385121
0.998248
0.392068
0.370212
0.363221
0.386769
0.068853
0.998248
0.382539
0.119405
0.434219
0.685630
0.720309
0.357992
0.396958
0.107530
0.366239
0.051830
0.050823
0.367037
0.052585
0.996450
0.681869
0.051693
0.366462
0.681722
0.996450
0.366335
0.365991
0.048490
0.362027
0.044515
0.679658
0.045014
0.680873
0.364535
0.048404
0.368271
0.997949
0.297466
0.080386
0.699946
0.688281
0.097575
0.370549
0.374895
0.684422
0.686840
0.125131
0.368112
0.057981
0.684999
0.372492
0.374229
0.374469
0.373456
0.056545
0.682137
0.049791
0.046969
0.045065
0.045485
0.680807
0.996450
0.366269
0.368524
0.062373
0.059518
0.372073
0.084773
0.382077
0.687534
0.069577
0.684744
0.688893
0.070478
0.996450
0.367524
0.410561
0.395708
0.383945
0.015092
0.054203
0.363295
0.375155
0.379487
0.068153
0.612165
0.077624
0.380417
0.687855
0.085585
0.995755
0.418513
0.399319
0.417202
0.493873
0.325399
0.391758
0.126378
0.703684
0.038975
0.057147
0.685655
0.065975
0.064868
0.064785
0.063168
0.995755
0.682065
0.060704
0.375364
0.381198
0.385926
0.118532
0.002603
0.606475
0.026188
0.042687
0.371105
0.687225
0.373936
0.064940
0.998027
0.062998
0.682586
0.998027
0.047666
0.998027
0.048698
0.054200
0.371126
0.683912
0.369132
0.998027
0.369418
0.059101
0.372338
0.371485
0.055100
0.684075
0.055449
0.370010
0.369680
0.369227
0.683677
0.369838
0.369736
0.055102
0.369467
0.058297
0.383910
0.392852
0.396589
0.998027
0.092249
0.694767
0.390646
0.119405
0.139241
0.241270
0.389480
0.394821
0.075973
0.672219
0.307002
0.075363
0.685757
0.374572
0.375668
0.067811
0.996450
0.687513
0.045205
0.999309
0.066197
0.999309
0.688549
0.380085
0.368251
0.051181
0.690799
0.026506
0.475605
0.004195
0.688371
0.996605
0.068029
0.062876
0.996450
0.055662
0.050342
0.367529
0.368763
0.685035
0.996450
0.064741
0.066896
0.376470
0.376844
0.700798
0.387890
0.690378
0.999459
0.069547
0.065065
0.687443
0.378314
0.054578
0.378402
0.376126
0.378460
0.381917
0.380590
0.384643
0.688962
0.999459
0.379276
0.374498
0.687604
0.435169
0.411297
0.998248
0.406101
0.998248
0.043549
0.047535
0.387512
0.694826
0.998248
0.084027
0.315179
0.382071
0.363002
0.050076
0.363003
0.690043
0.077390
0.998248
0.687392
0.368049
0.106410
0.998248
0.740544
0.038643
0.373816
0.998248
0.037368
0.408709
0.672305
0.412645
0.008061
0.371534
0.401721
0.698375
0.699717
0.083357
0.690149
0.389397
0.098798
0.110742
0.694863
0.075101
0.067701
0.075143
0.052729
0.476125
0.456256
0.138683
0.291327
0.090953
0.094826
0.054885
0.998248
0.683243
0.366406
0.366959
0.052098
0.051534
0.050328
0.365367
0.050779
0.050457
0.680355
0.364614
0.046569
0.678715
0.042788
0.679220
0.044380
0.680789
0.364690
0.367098
0.036537
0.379746
0.413384
0.007284
0.066600
0.381534
0.998086
0.383807
0.325518
0.076371
0.091473
0.423944
0.087652
0.051080
0.683077
0.371071
0.684805
0.685109
0.372165
0.370796
0.053989
0.681928
0.366303
0.680565
0.048309
0.048847
0.365915
0.366490
0.054574
0.368503
0.688894
0.996450
0.077375
0.372238
0.061331
0.683801
0.369632
0.074722
0.689393
0.367783
0.692835
0.375304
0.378025
0.309924
0.996450
0.316265
0.074412
0.996450
0.691316
0.995755
0.382646
0.083387
0.383014
0.075403
0.078493
0.090972
0.064999
0.068119
0.743873
0.004489
0.069933
0.321334
0.154019
0.074879
0.734674
0.333159
0.074736
0.378863
0.381796
0.687170
0.689010
0.373480
0.367823
0.057577
0.682456
0.374468
0.365659
0.998027
0.367618
0.363754
0.998027
0.046871
0.376666
0.072400
0.070375
0.379878
0.066862
0.374703
0.369092
0.364867
0.364140
0.680959
0.052290
0.685260
0.685048
0.370697
0.057382
0.058433
0.060995
0.377113
0.688739
0.376762
0.060718
0.684094
0.683960
0.683780
0.683384
0.683677
0.998027
0.055229
0.369500
0.998027
0.683680
0.369908
0.067483
0.698222
0.316408
0.696394
0.389737
0.998027
0.390505
0.085216
0.394531
0.695207
0.093983
0.395484
0.061027
0.681882
0.346831
0.312962
0.387382
0.061119
0.684593
0.374276
0.064214
0.055512
0.045042
0.056297
0.374153
0.070472
0.070923
0.691225
0.380499
0.062825
0.700512
0.108523
0.675309
0.076893
0.380009
0.688371
0.066182
0.684876
0.059349
0.054300
0.364113
0.681319
0.682301
0.371151
0.060012
0.374835
0.377259
0.377969
0.378961
0.071929
0.689901
0.694432
0.069960
0.377128
0.687443
0.999459
0.373541
0.072003
0.377619
0.379678
0.382825
0.388661
0.403092
0.451336
0.081565
0.071601
0.687553
0.999459
0.061056
0.060847
0.117421
0.072287
0.100213
0.060869
0.358171
0.025585
0.426117
0.414261
0.116902
0.393118
0.104387
0.392667
0.049038
0.630779
0.062188
0.998248
0.371286
0.018150
0.057903
0.365281
0.362005
0.112329
0.282714
0.068913
0.058809
0.026512
0.688414
0.088333
0.998248
0.362580
0.039279
0.696342
0.089109
0.998248
0.396858
0.081265
0.389397
0.711452
0.718125
0.998248
0.108648
0.406493
0.378979
0.381948
0.112222
0.113774
0.707476
0.018718
0.412732
0.704623
0.998517
0.092177
0.368166
0.682874
0.051678
0.681326
0.681588
0.365467
0.048936
0.364197
0.680041
0.048003
0.996450
0.363229
0.044512
0.678171
0.041264
0.678889
0.043606
0.680205
0.363839
0.053619
0.384286
0.998086
0.401577
0.691121
0.078967
0.391891
0.694158
0.123077
0.745953
0.026135
0.707286
0.998086
0.707150
0.024483
0.997949
0.368487
0.059814
0.059931
0.371078
0.056200
0.996450
0.368413
0.367675
0.050657
0.366615
0.051645
0.996450
0.367554
0.053360
0.380597
0.377891
0.688894
0.388117
0.372355
0.061269
0.683977
0.370500
0.371546
0.055645
0.070956
0.042815
0.098272
0.996450
0.683378
0.309924
0.084999
0.689654
0.074342
0.088924
0.386905
0.394267
0.076877
0.069925
0.385862
0.995755
0.084272
0.388254
0.675351
0.371595
0.366467
0.089825
0.375526
0.690682
0.371352
0.403334
0.109934
0.355475
0.084800
0.382200
0.380471
0.995755
0.375262
0.367877
0.062038
0.062609
0.369725
0.366253
0.681954
0.365448
0.047990
0.364604
0.063225
0.075645
0.384904
0.382176
0.688808
0.687303
0.998027
0.056563
0.361836
0.363113
0.681397
0.056010
0.374163
0.373647
0.063056
0.685131
0.998027
0.375715
0.379724
0.690494
0.380707
0.067559
0.061451
0.059295
0.057227
0.056009
0.055035
0.369315
0.054729
0.054618
0.369266
0.055212
0.683447
0.064094
0.006236
0.677894
0.076316
0.085573
0.085088
0.693234
0.081815
0.393115
0.387244
0.689889
0.077019
0.998027
0.378305
0.367334
0.361072
0.377478
0.369541
0.369885
0.366766
0.041551
0.683761
0.365864
0.048238
0.375816
0.378392
0.688529
0.690148
0.377270
0.074413
0.667417
0.675309
0.687380
0.048220
0.678918
0.101900
0.374510
0.039713
0.053624
0.362236
0.360629
0.046653
0.047936
0.051163
0.371405
0.376773
0.380698
0.382406
0.385409
0.396776
0.078327
0.072605
0.069009
0.374551
0.059829
0.057581
0.685191
0.064952
0.379082
0.384175
0.084806
0.691644
0.380022
0.426285
0.137214
0.691967
0.071137
0.064896
0.369117
0.380260
0.422189
0.072319
0.706418
0.438146
0.299627
0.080547
0.351706
0.998248
0.402567
0.089851
0.998248
0.407225
0.725296
0.671684
0.630779
0.059266
0.998248
0.337620
0.316893
0.365454
0.361054
0.050942
0.081832
0.428868
0.029253
0.376592
0.998248
0.006809
0.359413
0.612593
0.102158
0.998248
0.328297
0.134876
0.076333
0.071756
0.372263
0.381132
0.412559
0.143383
0.162513
0.447396
0.386670
0.384561
0.112439
0.707476
0.679675
0.740010
0.686084
0.671508
0.391920
0.019795
0.431605
0.072068
0.369565
0.366725
0.050290
0.048436
0.679813
0.047108
0.679629
0.046444
0.046063
0.678847
0.042828
0.677809
0.040053
0.997949
0.041972
0.361929
0.681060
0.056244
0.378028
0.695973
0.129050
0.689717
0.068352
0.318268
0.705329
0.340890
0.049208
0.123847
0.410536
0.707286
0.376592
0.362839
0.035055
0.055585
0.370205
0.683254
0.370227
0.369828
0.055334
0.368963
0.368622
0.682196
0.368251
0.054027
0.054075
0.683035
0.684659
0.467778
0.398729
0.390794
0.395683
0.071526
0.370703
0.996450
0.683977
0.683149
0.369480
0.385222
0.681433
0.045662
0.052111
0.383979
0.389899
0.390889
0.996450
0.378354
0.390478
0.994705
0.077708
0.364217
0.066920
0.395379
0.692944
0.097873
0.076790
0.691277
0.373565
0.364357
0.077226
0.386311
0.376927
0.681762
0.995755
0.681762
0.374587
0.093852
0.080832
0.389046
0.689010
0.383068
0.374934
0.056114
0.061005
0.684353
0.053148
0.681117
0.046507
0.364043
0.055916
0.690478
0.388820
0.690690
0.998027
0.073141
0.688808
0.378268
0.375210
0.367532
0.040653
0.680832
0.365762
0.375518
0.071426
0.371489
0.057199
0.061333
0.063915
0.684864
0.689012
0.690494
0.071890
0.377743
0.687350
0.061065
0.684895
0.056363
0.054834
0.683446
0.683373
0.053978
0.368475
0.370033
0.684205
0.065355
0.002176
0.382355
0.384710
0.385595
0.998027
0.084118
0.079069
0.379159
0.686741
0.377900
0.068561
0.377429
0.373862
0.369911
0.372356
0.369105
0.369596
0.366369
0.358010
0.345174
0.683761
0.056691
0.374467
0.375792
0.686981
0.067807
0.375448
0.055498
0.078528
0.045156
0.670888
0.692103
0.695078
0.381993
0.076301
0.997526
0.355655
0.045069
0.362660
0.681460
0.045405
0.366387
0.687664
0.997621
0.077679
0.393407
0.400150
0.398612
0.401334
0.384518
0.383490
0.067293
0.372049
0.683352
0.999459
0.061464
0.382420
0.387984
0.081045
0.695766
0.385651
0.380588
0.691967
0.999459
0.381592
0.375414
0.071662
0.999459
0.404739
0.181201
0.407569
0.417359
0.432660
0.256812
0.998248
0.351706
0.748026
0.689636
0.098111
0.452679
0.092504
0.034411
0.120961
0.067641
0.066071
0.693127
0.656377
0.375677
0.058570
0.998248
0.382011
0.387852
0.059964
0.368975
0.392464
0.698333
0.402325
0.082214
0.136248
0.028215
0.645987
0.323773
0.728752
0.679300
0.370860
0.380462
0.444808
0.730558
0.389227
0.693124
0.691562
0.998248
0.383939
0.106188
0.147896
0.361662
0.740010
0.116452
0.714915
0.171638
0.399610
0.373762
0.368322
0.682030
0.049658
0.047033
0.362675
0.679409
0.362628
0.362446
0.044487
0.678587
0.041787
0.677669
0.039807
0.038478
0.358795
0.361667
0.681286
0.059758
0.379209
0.687392
0.069538
0.688891
0.279945
0.416896
0.340890
0.998086
0.023431
0.108604
0.126520
0.702239
0.127752
0.439566
0.351752
0.055815
0.680679
0.060107
0.056682
0.683131
0.369541
0.055513
0.682910
0.054782
0.369365
0.056177
0.370652
0.060383
0.105922
0.420571
0.124289
0.996450
0.384717
0.996450
0.684549
0.370703
0.072201
0.050893
0.996450
0.679504
0.385164
0.056675
0.996450
0.069255
0.091464
0.706535
0.089767
0.374634
0.687423
0.365516
0.065463
0.057540
0.345542
0.117094
0.421567
0.384764
0.995755
0.070500
0.686868
0.685855
0.025915
0.378659
0.995755
0.015539
0.354615
0.673735
0.084717
0.379233
0.995755
0.383003
0.099494
0.387399
0.051503
0.052277
0.998027
0.057324
0.050307
0.042174
0.362028
0.369498
0.681276
0.373716
0.380878
0.384327
0.071558
0.381262
0.688993
0.072277
0.375703
0.368773
0.033579
0.059945
0.067955
0.081781
0.377735
0.683630
0.686488
0.684615
0.998027
0.684615
0.070016
0.381701
0.998027
0.069525
0.687132
0.062111
0.684180
0.684275
0.055345
0.054240
0.053835
0.368030
0.368322
0.683165
0.369071
0.061179
0.377447
0.379881
0.690388
0.690999
0.386762
0.387184
0.998027
0.065610
0.998027
0.373173
0.372657
0.373118
0.058771
0.683649
0.370309
0.369818
0.369970
0.369820
0.366805
0.363522
0.049302
0.061546
0.374035
0.374028
0.999309
0.373803
0.373211
0.054526
0.683585
0.060912
0.006952
0.018002
0.692258
0.370918
0.046684
0.674430
0.047455
0.681782
0.050820
0.365177
0.049034
0.371267
0.372252
0.067871
0.382643
0.086963
0.997621
0.692522
0.703058
0.707703
0.083999
0.382412
0.683488
0.059591
0.059980
0.065120
0.690961
0.078020
0.389147
0.693466
0.999459
0.100263
0.388128
0.072684
0.688128
0.375727
0.999459
0.384407
0.685993
0.121849
0.406626
0.998248
0.096647
0.090183
0.036417
0.463371
0.383199
0.386638
0.687330
0.088827
0.003017
0.998248
0.379802
0.369127
0.368816
0.050072
0.080487
0.377359
0.062234
0.382011
0.998248
0.691396
0.072989
0.385873
0.068303
0.998248
0.698333
0.106441
0.696193
0.056256
0.401151
0.998248
0.066649
0.027199
0.060452
0.098452
0.119342
0.070292
0.418548
0.402608
0.390213
0.071044
0.083011
0.137833
0.705551
0.688938
0.101770
0.390394
0.138179
0.053840
0.998248
0.699655
0.685428
0.683214
0.680232
0.362721
0.045234
0.679193
0.044968
0.679113
0.361697
0.361034
0.041386
0.677094
0.038344
0.677790
0.038590
0.362237
0.680987
0.066078
0.389589
0.687974
0.377503
0.050863
0.998086
0.357111
0.442265
0.632260
0.377791
0.113816
0.715053
0.708633
0.124614
0.705044
0.381300
0.366656
0.058112
0.996450
0.379137
0.058587
0.683169
0.056237
0.683749
0.056308
0.683948
0.371551
0.059214
0.285238
0.386703
0.407714
0.695783
0.401518
0.380314
0.365643
0.057998
0.057910
0.362680
0.996450
0.360917
0.335884
0.403742
0.333926
0.050174
0.996450
0.112494
0.996450
0.407131
0.386140
0.001735
0.108883
0.434071
0.380355
0.314370
0.046416
0.441638
0.350397
0.682834
0.064662
0.089097
0.672270
0.017838
0.669639
0.087307
0.007282
0.207632
0.331656
0.415476
0.695484
0.372079
0.066166
0.383478
0.369800
0.365606
0.684010
0.367722
0.998027
0.049055
0.998027
0.041470
0.365332
0.360824
0.357201
0.370450
0.377488
0.380927
0.383875
0.080958
0.695655
0.074930
0.059483
0.040451
0.358979
0.377686
0.694982
0.074627
0.045232
0.384084
0.389169
0.088862
0.058007
0.382635
0.382273
0.380203
0.687132
0.685921
0.998027
0.059036
0.998027
0.369758
0.998027
0.368483
0.367750
0.683165
0.682823
0.368334
0.057144
0.687781
0.998027
0.070336
0.070097
0.069518
0.068258
0.063782
0.998027
0.060422
0.998027
0.684459
0.370800
0.683649
0.998027
0.683649
0.369209
0.681199
0.683359
0.683225
0.372549
0.375011
0.064119
0.374383
0.686151
0.373803
0.999309
0.060136
0.687257
0.370891
0.365644
0.043371
0.376287
0.670895
0.370859
0.056347
0.681287
0.046062
0.683123
0.055351
0.370647
0.685354
0.372089
0.067053
0.997621
0.689681
0.051655
0.074253
0.403294
0.105095
0.391250
0.693862
0.689615
0.375562
0.686578
0.686664
0.690961
0.692976
0.692840
0.691709
0.393997
0.388417
0.389729
0.380275
0.688128
0.999459
0.067252
0.062960
0.065330
0.078364
0.066886
0.690135
0.094679
0.374978
0.687943
0.384776
0.092809
0.060808
0.071294
0.088151
0.038442
0.703434
0.067557
0.369221
0.366637
0.372800
0.381538
0.382631
0.060434
0.377144
0.688062
0.075325
0.380930
0.382002
0.067090
0.686374
0.081087
0.086787
0.089046
0.398325
0.998248
0.416954
0.094930
0.688239
0.690899
0.695718
0.998248
0.086605
0.429715
0.429191
0.087014
0.075024
0.072512
0.079279
0.079821
0.748248
0.393446
0.106350
0.998248
0.689796
0.674490
0.374701
0.378849
0.364799
0.047941
0.046316
0.044675
0.361664
0.996450
0.361846
0.361782
0.361496
0.042501
0.358304
0.678811
0.039040
0.678281
0.038980
0.679864
0.058349
0.682651
0.049002
0.371588
0.071738
0.002208
0.029743
0.670705
0.064227
0.087599
0.374724
0.366645
0.101389
0.133699
0.997949
0.713869
0.398835
0.373978
0.684335
0.371963
0.062759
0.685357
0.059433
0.684554
0.683229
0.061969
0.701169
0.375050
0.002848
0.421308
0.996450
0.372382
0.996450
0.076948
0.055724
0.061209
0.996450
0.026716
0.378659
0.677863
0.332502
0.120308
0.674956
0.045676
0.342824
0.369968
0.156303
0.407131
0.996450
0.385391
0.398506
0.069427
0.697575
0.043909
0.041128
0.062042
0.119294
0.422006
0.632562
0.214124
0.724708
0.143722
0.385402
0.064183
0.687718
0.029111
0.301004
0.261475
0.349159
0.679349
0.060667
0.054001
0.056449
0.061124
0.041327
0.380130
0.372855
0.390276
0.054638
0.369599
0.367100
0.368022
0.374235
0.031683
0.354231
0.372885
0.375976
0.388837
0.695655
0.693273
0.998027
0.065751
0.673899
0.681789
0.694219
0.389709
0.672894
0.375469
0.385246
0.998027
0.700708
0.072291
0.376976
0.066128
0.066214
0.377053
0.374701
0.372646
0.371124
0.056135
0.055125
0.368685
0.053207
0.367559
0.367732
0.368035
0.998027
0.054912
0.060911
0.065765
0.068588
0.377039
0.686329
0.998027
0.058654
0.685276
0.369350
0.369086
0.368607
0.057006
0.368386
0.682226
0.368080
0.054084
0.996605
0.367819
0.057806
0.996605
0.377128
0.065130
0.375222
0.061348
0.060585
0.686132
0.062481
0.687356
0.692121
0.385813
0.063045
0.382389
0.689703
0.067122
0.368760
0.677940
0.052867
0.371896
0.372875
0.372812
0.375016
0.687291
0.072675
0.024670
0.061886
0.361017
0.674729
0.390886
0.394652
0.099909
0.096922
0.089455
0.077978
0.377422
0.376845
0.377832
0.074829
0.075749
0.073260
0.381858
0.386600
0.385444
0.691482
0.067113
0.688128
0.373415
0.384050
0.380488
0.384364
0.381491
0.687512
0.999459
0.060320
0.068233
0.387036
0.060595
0.998248
0.002541
0.080475
0.681942
0.372506
0.400089
0.371687
0.377949
0.684388
0.375296
0.377995
0.060770
0.377498
0.689268
0.380754
0.078156
0.380878
0.058691
0.998248
0.373749
0.067343
0.385118
0.998248
0.113485
0.998248
0.150512
0.383246
0.077625
0.690899
0.391797
0.420948
0.174145
0.389925
0.998248
0.388436
0.069044
0.998248
0.074126
0.375662
0.365381
0.389236
0.376643
0.059934
0.673293
0.377324
0.346451
0.049720
0.680558
0.044945
0.678961
0.044043
0.361782
0.044288
0.679067
0.043510
0.101076
0.359900
0.678924
0.359676
0.359148
0.040670
0.679071
0.046937
0.684868
0.067425
0.070616
0.708643
0.438087
0.000498
0.680301
0.405046
0.379984
0.056389
0.683511
0.684792
0.117966
0.713869
0.107652
0.685903
0.997949
0.051480
0.683773
0.053129
0.685111
0.375388
0.374054
0.064721
0.095972
0.704524
0.701169
0.070367
0.116628
0.367478
0.110183
0.385977
0.996450
0.686645
0.058396
0.684069
0.056293
0.660660
0.373061
0.058829
0.425238
0.066384
0.009009
0.018246
0.105504
0.201311
0.429841
0.118587
0.372890
0.354482
0.322946
0.680743
0.391465
0.061348
0.376750
0.076413
0.744781
0.133132
0.378226
0.129533
0.090146
0.052077
0.065628
0.022184
0.114938
0.053507
0.077239
0.068816
0.059413
0.055280
0.366296
0.366354
0.367844
0.352381
0.105902
0.113651
0.998027
0.087021
0.073896
0.073063
0.069126
0.998027
0.072028
0.050016
0.025344
0.386064
0.102359
0.099600
0.393768
0.693273
0.056679
0.356334
0.089750
0.081939
0.018634
0.379837
0.998027
0.375469
0.074817
0.076112
0.058144
0.057780
0.370150
0.370815
0.374992
0.373490
0.372047
0.370852
0.683856
0.369388
0.054248
0.368223
0.367925
0.052995
0.368829
0.368700
0.684529
0.058767
0.686780
0.066326
0.686817
0.374859
0.061100
0.998027
0.055893
0.368096
0.368735
0.369730
0.055670
0.682773
0.367699
0.366900
0.366686
0.364727
0.049603
0.377443
0.377282
0.996605
0.067396
0.376432
0.375573
0.375683
0.374150
0.072073
0.070144
0.688743
0.384573
0.399107
0.111199
0.694871
0.132298
0.375393
0.364782
0.681116
0.056672
0.373802
0.686717
0.065246
0.687061
0.018919
0.357853
0.354237
0.386124
0.061208
0.058991
0.385917
0.393327
0.997621
0.393977
0.691144
0.074490
0.378785
0.378508
0.689854
0.689323
0.999459
0.065339
0.377126
0.375083
0.123523
0.105254
0.095082
0.386092
0.397877
0.999459
0.691265
0.690204
0.380280
0.062385
0.374166
0.070544
0.074091
0.672174
0.367347
0.364903
0.379477
0.383153
0.378828
0.390357
0.386471
0.368755
0.060137
0.371450
0.373512
0.060650
0.378563
0.689645
0.041992
0.316063
0.998248
0.061205
0.060511
0.684615
0.371349
0.063841
0.694778
0.086270
0.106307
0.132167
0.385316
0.694662
0.393113
0.097919
0.415920
0.446189
0.144409
0.068813
0.378667
0.390680
0.071769
0.053351
0.064150
0.062159
0.066967
0.072124
0.040284
0.060433
0.016810
0.051628
0.681286
0.046991
0.044863
0.679074
0.044181
0.361783
0.679201
0.044253
0.102420
0.997949
0.101765
0.679143
0.025214
0.359576
0.040368
0.361423
0.380522
0.688872
0.399777
0.704083
0.700861
0.418549
0.162805
0.101391
0.998086
0.702021
0.370201
0.998086
0.069190
0.091198
0.115106
0.695933
0.392292
0.063882
0.049457
0.041975
0.685111
0.996450
0.067876
0.688448
0.380429
0.098603
0.697645
0.095245
0.092238
0.689787
0.701854
0.082207
0.692575
0.374247
0.054138
0.057760
0.055864
0.051099
0.052204
0.056391
0.029467
0.996450
0.679070
0.672111
0.670396
0.685132
0.156505
0.686179
0.376895
0.683544
0.311241
0.361219
0.688671
0.382523
0.385070
0.386101
0.070264
0.080921
0.105359
0.080679
0.085508
0.060052
0.046790
0.740531
0.102776
0.383888
0.386480
0.380531
0.685911
0.061384
0.365309
0.682218
0.682944
0.426981
0.307242
0.455704
0.413236
0.705509
0.085882
0.380133
0.691597
0.383661
0.073605
0.073666
0.353537
0.366427
0.699509
0.699790
0.998027
0.097674
0.397007
0.305397
0.407211
0.696554
0.624725
0.998027
0.014064
0.684052
0.056897
0.398088
0.369289
0.367583
0.367080
0.682014
0.368845
0.371807
0.371660
0.056738
0.056295
0.055732
0.369346
0.369137
0.369081
0.369578
0.370316
0.998027
0.055330
0.685778
0.061507
0.376913
0.378768
0.067812
0.064016
0.998027
0.372799
0.684756
0.368892
0.369207
0.368061
0.368176
0.053066
0.051471
0.049167
0.046568
0.041955
0.033089
0.683667
0.060471
0.378893
0.685744
0.999309
0.376737
0.064052
0.999309
0.062933
0.688743
0.684214
0.371260
0.051040
0.996605
0.083196
0.291102
0.066997
0.681914
0.053326
0.678806
0.044229
0.369896
0.373805
0.359214
0.353129
0.683772
0.360839
0.077786
0.997621
0.375882
0.074053
0.695730
0.394645
0.392354
0.081075
0.689328
0.071885
0.069133
0.065081
0.063755
0.067316
0.053715
0.076872
0.137280
0.160421
0.707977
0.999459
0.116166
0.999459
0.088843
0.072023
0.068215
0.064433
0.375934
0.069417
0.998248
0.054645
0.686121
0.025205
0.002491
0.998248
0.687552
0.387223
0.689817
0.683502
0.682450
0.998248
0.048238
0.365641
0.058285
0.377096
0.350972
0.638938
0.399713
0.004273
0.998248
0.060834
0.369582
0.369216
0.998248
0.375665
0.687707
0.688894
0.071365
0.687857
0.089355
0.998248
0.697034
0.093062
0.446817
0.747273
0.397831
0.387287
0.395770
0.390132
0.376277
0.365804
0.369394
0.368582
0.368925
0.054571
0.368589
0.362638
0.366425
0.049131
0.046493
0.362055
0.361929
0.679301
0.044717
0.679392
0.044655
0.281761
0.739203
0.285713
0.027292
0.997949
0.089090
0.040844
0.074227
0.382654
0.087470
0.703946
0.998086
0.107619
0.342853
0.085700
0.998086
0.398366
0.371151
0.364525
0.055938
0.376880
0.398895
0.105511
0.092597
0.059229
0.369164
0.363558
0.047228
0.051105
0.059373
0.074992
0.996450
0.379767
0.100628
0.406381
0.075834
0.380526
0.996450
0.384215
0.061999
0.059444
0.370175
0.364126
0.364214
0.683401
0.680856
0.679751
0.684784
0.061950
0.679070
0.355078
0.344273
0.355553
0.380384
0.138020
0.096891
0.683544
0.996450
0.686569
0.062128
0.068941
0.386149
0.389444
0.387443
0.382306
0.073146
0.368928
0.360714
0.359568
0.357908
0.107546
0.404886
0.351404
0.383134
0.688540
0.995755
0.688540
0.370963
0.681418
0.365434
0.047043
0.314144
0.197527
0.178682
0.369610
0.689458
0.049870
0.373669
0.073318
0.381114
0.380166
0.687096
0.998027
0.366270
0.071686
0.402356
0.054495
0.056481
0.386153
0.383125
0.287233
0.428246
0.696554
0.004190
0.388461
0.373297
0.048898
0.051728
0.365983
0.998027
0.682566
0.682046
0.051694
0.368966
0.369797
0.998027
0.054915
0.369254
0.683614
0.055722
0.370604
0.371748
0.372996
0.059986
0.060772
0.375249
0.375004
0.998027
0.066073
0.376176
0.998027
0.375227
0.372815
0.370142
0.053664
0.682971
0.367393
0.367991
0.682459
0.682050
0.681318
0.363314
0.996605
0.355954
0.057662
0.385471
0.069127
0.069617
0.374032
0.999309
0.375613
0.059549
0.370139
0.057348
0.685805
0.062208
0.686278
0.039070
0.027596
0.363397
0.363359
0.997526
0.044470
0.353518
0.362349
0.372851
0.685546
0.054947
0.683479
0.060214
0.997621
0.052654
0.055772
0.688424
0.691057
0.389379
0.390562
0.082649
0.690550
0.382597
0.688437
0.375486
0.999459
0.687587
0.686330
0.066221
0.388759
0.999459
0.104696
0.110725
0.078174
0.746262
0.084480
0.378423
0.688326
0.377957
0.376597
0.064577
0.387937
0.691682
0.338213
0.066614
0.998248
0.675216
0.056642
0.065744
0.377747
0.095816
0.072469
0.058781
0.049786
0.343845
0.290600
0.041232
0.455808
0.345391
0.694448
0.365619
0.151921
0.109607
0.058625
0.367729
0.681509
0.050867
0.052953
0.051951
0.046286
0.025003
0.083472
0.087378
0.077924
0.086126
0.382531
0.441643
0.089600
0.692466
0.039466
0.381492
0.386105
0.063812
0.367789
0.366648
0.366830
0.366714
0.998248
0.051971
0.365315
0.366056
0.048390
0.362980
0.362515
0.362430
0.679555
0.045406
0.679150
0.044228
0.366169
0.285713
0.997949
0.017089
0.095673
0.698649
0.075238
0.997949
0.013368
0.349588
0.084596
0.104580
0.999525
0.379037
0.338204
0.120319
0.066002
0.052469
0.054680
0.371553
0.373891
0.085636
0.072928
0.996450
0.364112
0.363885
0.050654
0.996450
0.067257
0.688288
0.383218
0.082654
0.103265
0.996450
0.338979
0.452722
0.359645
0.068825
0.061639
0.372936
0.371366
0.053571
0.365055
0.363867
0.050462
0.369030
0.360682
0.373219
0.086769
0.027934
0.042909
0.019559
0.042092
0.074198
0.123009
0.996450
0.386398
0.372726
0.994781
0.064735
0.380157
0.687848
0.383939
0.084417
0.385421
0.994781
0.372190
0.681410
0.681681
0.677457
0.686486
0.352309
0.303624
0.364804
0.082941
0.070913
0.061137
0.053626
0.365535
0.362808
0.379807
0.999606
0.699242
0.705686
0.049169
0.086333
0.043249
0.687161
0.376567
0.377272
0.376912
0.377671
0.066811
0.368215
0.702409
0.378098
0.671213
0.363250
0.376141
0.689850
0.050099
0.349050
0.430357
0.088999
0.371687
0.366780
0.678941
0.681444
0.362071
0.365458
0.048141
0.048865
0.049579
0.367255
0.052863
0.053354
0.683501
0.683614
0.684159
0.684465
0.376290
0.377985
0.688186
0.376222
0.066092
0.376202
0.998027
0.062896
0.063786
0.998027
0.065382
0.061020
0.057697
0.369760
0.053123
0.368242
0.682290
0.368937
0.053547
0.681164
0.365393
0.045336
0.679336
0.056473
0.368306
0.066511
0.378774
0.373930
0.064342
0.061531
0.059013
0.369975
0.361689
0.374136
0.385864
0.693416
0.076881
0.728816
0.080788
0.125327
0.078768
0.083410
0.366975
0.372680
0.376116
0.376952
0.685961
0.057938
0.371230
0.684316
0.063647
0.051363
0.369934
0.064063
0.072539
0.077748
0.082993
0.691828
0.080676
0.077434
0.073210
0.068725
0.373445
0.370442
0.054564
0.683343
0.710051
0.408655
0.380591
0.999459
0.380706
0.375637
0.381823
0.688326
0.999459
0.688326
0.374989
0.998248
0.105148
0.408123
0.427746
0.049763
0.381120
0.101395
0.095984
0.998248
0.121752
0.096598
0.684784
0.375196
0.146874
0.002839
0.097864
0.016052
0.416843
0.149042
0.694794
0.110670
0.697599
0.412551
0.393220
0.370894
0.367045
0.363353
0.041931
0.998248
0.361372
0.358680
0.374179
0.377703
0.059317
0.319977
0.403546
0.077172
0.084500
0.998248
0.107202
0.384732
0.692819
0.069434
0.428552
0.382526
0.370281
0.366627
0.367200
0.366288
0.365468
0.365667
0.048464
0.680157
0.046590
0.679204
0.362361
0.045234
0.680576
0.045227
0.379111
0.372511
0.399007
0.685399
0.997949
0.388762
0.391649
0.069941
0.141856
0.344076
0.705604
0.467402
0.380476
0.999525
0.687496
0.406080
0.676552
0.064490
0.368672
0.057248
0.371375
0.060314
0.996450
0.053237
0.363336
0.364071
0.054442
0.370939
0.065369
0.997949
0.376575
0.691757
0.388339
0.101522
0.387344
0.312279
0.744002
0.672750
0.684750
0.371684
0.996450
0.683142
0.368495
0.368594
0.371413
0.357165
0.086147
0.332111
0.744567
0.371520
0.367724
0.358589
0.040876
0.681707
0.377920
0.082569
0.074917
0.054160
0.064796
0.686282
0.994781
0.382477
0.385645
0.088949
0.397358
0.084016
0.384296
0.372325
0.372120
0.368031
0.057988
0.309818
0.423009
0.697261
0.062505
0.998027
0.376488
0.366419
0.046191
0.041197
0.023950
0.447663
0.398421
0.442213
0.379934
0.395576
0.114727
0.056721
0.688119
0.688135
0.687843
0.999606
0.064717
0.374434
0.370598
0.702409
0.042156
0.998027
0.057330
0.367358
0.359263
0.345134
0.044300
0.683496
0.373456
0.681175
0.039449
0.360112
0.361995
0.363773
0.998027
0.680900
0.046990
0.048543
0.682254
0.682928
0.368456
0.368791
0.370534
0.375245
0.689970
0.688186
0.998027
0.378423
0.687981
0.685514
0.064463
0.376360
0.998027
0.375609
0.686056
0.687233
0.684253
0.369093
0.055883
0.370353
0.058124
0.058099
0.369615
0.368051
0.054261
0.362813
0.038032
0.016793
0.076206
0.386264
0.687746
0.068894
0.374766
0.686049
0.063597
0.686449
0.067471
0.386728
0.386868
0.999309
0.311600
0.118563
0.393428
0.395619
0.997526
0.086801
0.080787
0.383923
0.689704
0.066947
0.685348
0.057608
0.684316
0.997621
0.370569
0.054524
0.683443
0.058794
0.379415
0.997621
0.079923
0.081083
0.385361
0.383785
0.380241
0.686798
0.374297
0.370795
0.682022
0.042768
0.046800
0.081128
0.370190
0.691800
0.369002
0.371854
0.060526
0.062894
0.063444
0.688025
0.375450
0.374839
0.393278
0.687034
0.688360
0.091439
0.694808
0.704152
0.393111
0.035853
0.417372
0.415589
0.367640
0.093092
0.702444
0.710826
0.429914
0.444174
0.109125
0.391778
0.690194
0.079227
0.381800
0.682958
0.382352
0.373238
0.683527
0.363776
0.362612
0.043640
0.365971
0.681577
0.685216
0.380314
0.375942
0.351847
0.321438
0.398660
0.401030
0.392116
0.422249
0.692819
0.998248
0.079137
0.107235
0.359935
0.427196
0.292368
0.366608
0.366191
0.365293
0.365388
0.048533
0.996450
0.046109
0.680986
0.363807
0.046485
0.363743
0.422768
0.181160
0.120580
0.434298
0.131689
0.388762
0.997949
0.701312
0.690950
0.357097
0.088224
0.426271
0.726969
0.105994
0.089123
0.338545
0.421077
0.692359
0.049546
0.057203
0.997949
0.371432
0.370124
0.057267
0.365966
0.050087
0.681132
0.366994
0.060350
0.373117
0.375756
0.371374
0.381870
0.367618
0.375671
0.041679
0.996450
0.044480
0.684750
0.370793
0.060026
0.683142
0.055549
0.996450
0.683217
0.684349
0.059395
0.396517
0.188315
0.063218
0.056876
0.368464
0.359724
0.042124
0.680313
0.068699
0.379570
0.377899
0.375316
0.376277
0.074332
0.060143
0.683959
0.093536
0.701442
0.110321
0.692237
0.994781
0.077884
0.374763
0.387148
0.075747
0.998027
0.400293
0.694005
0.688384
0.065218
0.056178
0.680094
0.678247
0.677669
0.678200
0.088581
0.142728
0.688777
0.699515
0.687840
0.372903
0.687476
0.061869
0.375378
0.375171
0.687843
0.060654
0.372288
0.371498
0.684645
0.055359
0.051490
0.051209
0.381640
0.376753
0.059961
0.348651
0.376063
0.051856
0.680538
0.042193
0.042457
0.365478
0.047764
0.048519
0.047088
0.680146
0.998027
0.046610
0.050016
0.051821
0.367630
0.373092
0.387850
0.389115
0.380467
0.688186
0.070209
0.380005
0.069808
0.379382
0.998027
0.376360
0.375313
0.372510
0.060947
0.051168
0.051618
0.056809
0.996450
0.683834
0.684174
0.370489
0.368972
0.050657
0.052544
0.678229
0.678557
0.682353
0.385749
0.689176
0.999850
0.380022
0.999850
0.058820
0.684373
0.066052
0.382974
0.678852
0.061912
0.053052
0.693034
0.077109
0.707776
0.698676
0.096831
0.384895
0.380117
0.997621
0.066521
0.684549
0.055771
0.054796
0.369507
0.368950
0.054944
0.369820
0.997621
0.063101
0.072648
0.381232
0.380795
0.687227
0.072427
0.377141
0.065493
0.060938
0.369632
0.048690
0.999459
0.363867
0.999459
0.365555
0.686248
0.051764
0.054410
0.057378
0.371799
0.685340
0.059599
0.061832
0.373559
0.050457
0.396793
0.998248
0.384920
0.690378
0.400108
0.391420
0.365822
0.336170
0.115093
0.689646
0.084677
0.998248
0.134110
0.998248
0.111411
0.683847
0.080005
0.680369
0.057922
0.680240
0.364029
0.682958
0.369596
0.051089
0.364576
0.363742
0.680768
0.365603
0.368860
0.369870
0.381071
0.062371
0.998248
0.063162
0.998248
0.087736
0.127042
0.169168
0.074089
0.074080
0.398427
0.326499
0.155002
0.719500
0.481154
0.288885
0.366054
0.365090
0.049252
0.048728
0.046623
0.048487
0.681148
0.051185
0.359341
0.087101
0.108004
0.735273
0.331969
0.387127
0.374594
0.411796
0.115000
0.396080
0.159906
0.400495
0.301632
0.346826
0.100328
0.701311
0.108541
0.111886
0.026198
0.695480
0.067718
0.372462
0.293405
0.038034
0.683961
0.053378
0.996450
0.681273
0.680851
0.052609
0.369487
0.368374
0.682646
0.683919
0.369528
0.680804
0.681526
0.682413
0.053717
0.349850
0.388907
0.371842
0.059778
0.683505
0.370370
0.370985
0.373124
0.377046
0.689453
0.401200
0.996450
0.387832
0.684435
0.683884
0.361037
0.996450
0.677597
0.680313
0.687180
0.684952
0.379684
0.399619
0.421540
0.397524
0.691040
0.085965
0.699796
0.115797
0.095273
0.087137
0.082900
0.079958
0.077569
0.382029
0.078635
0.124584
0.072867
0.064536
0.369441
0.682314
0.040413
0.044125
0.357746
0.042937
0.998027
0.053207
0.377293
0.371294
0.384090
0.999606
0.058191
0.686068
0.687136
0.057661
0.371557
0.371852
0.056689
0.055406
0.369482
0.055847
0.371241
0.998027
0.076382
0.398428
0.128232
0.361861
0.364130
0.682222
0.365929
0.051385
0.682607
0.050966
0.682227
0.681510
0.998027
0.043712
0.680146
0.043793
0.682892
0.998027
0.050186
0.069621
0.687802
0.120853
0.379464
0.688524
0.062247
0.998027
0.072189
0.998027
0.379382
0.378843
0.125202
0.048562
0.998027
0.683397
0.679596
0.368531
0.058174
0.371964
0.059978
0.059394
0.058579
0.059502
0.677153
0.997526
0.050017
0.395201
0.375090
0.389721
0.382381
0.079725
0.688373
0.052403
0.683827
0.368982
0.370880
0.377100
0.042437
0.362976
0.379984
0.394413
0.120161
0.707776
0.109258
0.997526
0.071123
0.068167
0.372216
0.997621
0.054665
0.367569
0.682724
0.367819
0.053030
0.997621
0.369820
0.056409
0.687124
0.682943
0.061880
0.372903
0.686931
0.686014
0.684267
0.058046
0.053869
0.049622
0.045399
0.360432
0.364396
0.366384
0.049564
0.367319
0.684327
0.368880
0.369830
0.370576
0.999459
0.684482
0.062280
0.082723
0.681645
0.066981
0.073319
0.998248
0.391832
0.389261
0.378248
0.359633
0.393643
0.393841
0.082929
0.090726
0.704093
0.098114
0.383852
0.062717
0.680900
0.045738
0.362641
0.998248
0.360822
0.046910
0.362723
0.366730
0.682352
0.681540
0.048816
0.998248
0.053665
0.371738
0.385673
0.692710
0.065195
0.078807
0.077208
0.998248
0.067566
0.374133
0.302647
0.387032
0.023891
0.998248
0.049776
0.998248
0.719500
0.125310
0.370698
0.365944
0.997949
0.047336
0.365903
0.997949
0.052984
0.997949
0.056629
0.032269
0.387393
0.450041
0.329787
0.310068
0.404498
0.703286
0.410549
0.082517
0.145445
0.997949
0.671798
0.341454
0.024545
0.999525
0.402630
0.412429
0.999525
0.702719
0.073290
0.308434
0.410392
0.615911
0.350920
0.368944
0.053006
0.051678
0.051037
0.051546
0.996450
0.052501
0.683209
0.051677
0.049193
0.052228
0.061844
0.351640
0.676490
0.105926
0.060126
0.052546
0.058414
0.058956
0.372146
0.061938
0.064387
0.068724
0.072269
0.083017
0.093783
0.061898
0.067557
0.061969
0.362835
0.361492
0.054194
0.045046
0.074556
0.048425
0.351147
0.698607
0.151559
0.400522
0.691677
0.087807
0.702516
0.695937
0.692233
0.994781
0.084866
0.691034
0.082496
0.088574
0.685042
0.379832
0.374663
0.369944
0.371156
0.046475
0.366063
0.362494
0.038702
0.040429
0.053536
0.683944
0.053738
0.366302
0.682123
0.370175
0.058811
0.371246
0.056648
0.055377
0.369950
0.056682
0.998027
0.683922
0.053811
0.682967
0.683744
0.056664
0.062409
0.381967
0.998027
0.067290
0.058865
0.055133
0.053131
0.998027
0.052871
0.998027
0.052078
0.367100
0.362332
0.357823
0.677785
0.039233
0.681148
0.036479
0.360569
0.114997
0.308657
0.161207
0.042890
0.036520
0.070044
0.082942
0.382537
0.689625
0.088748
0.381284
0.412423
0.118036
0.683397
0.359785
0.364133
0.367341
0.057479
0.684594
0.996450
0.684594
0.061325
0.996450
0.064685
0.048762
0.365912
0.415428
0.698119
0.157759
0.121257
0.688193
0.369664
0.999850
0.366153
0.682480
0.686888
0.999309
0.020543
0.997526
0.028765
0.709331
0.452850
0.145453
0.997526
0.084216
0.059156
0.373134
0.371072
0.056460
0.683594
0.053875
0.683442
0.368399
0.367862
0.052152
0.051629
0.049027
0.053364
0.679984
0.050111
0.366604
0.057900
0.373578
0.683683
0.682736
0.681660
0.680692
0.997840
0.045605
0.362285
0.363228
0.682773
0.366716
0.050531
0.367162
0.684342
0.684558
0.685693
0.370491
0.684048
0.054141
0.696373
0.055571
0.998248
0.072577
0.102745
0.693643
0.389013
0.065506
0.686159
0.381023
0.076022
0.380456
0.693426
0.070439
0.369175
0.364854
0.363096
0.364655
0.363385
0.680240
0.361734
0.998248
0.680576
0.681800
0.052948
0.366144
0.049928
0.056454
0.686170
0.068014
0.379972
0.383717
0.081373
0.687371
0.998248
0.380683
0.352592
0.367830
0.345079
0.008173
0.998248
0.028065
0.403418
0.127785
0.164998
0.360351
0.698388
0.370737
0.050880
0.049461
0.685752
0.682367
0.003667
0.684918
0.701113
0.057647
0.686847
0.399433
0.692121
0.037111
0.401281
0.997949
0.703286
0.067609
0.010567
0.356924
0.372916
0.071614
0.101073
0.701311
0.700343
0.407083
0.406610
0.393662
0.382266
0.384901
0.019617
0.671483
0.302723
0.369428
0.056570
0.684400
0.682286
0.055002
0.055065
0.997949
0.369810
0.369604
0.369807
0.371456
0.373070
0.050319
0.082538
0.380426
0.699130
0.365348
0.369436
0.370492
0.060142
0.684180
0.684725
0.369397
0.354003
0.295880
0.378017
0.378030
0.380818
0.385550
0.069821
0.070499
0.103346
0.996450
0.026071
0.357057
0.679519
0.994781
0.416868
0.129222
0.994781
0.691677
0.391548
0.096031
0.395227
0.372088
0.015670
0.671189
0.095477
0.397483
0.386767
0.390914
0.684150
0.998027
0.063352
0.370994
0.367724
0.364726
0.366458
0.366752
0.683944
0.998027
0.055952
0.370737
0.684021
0.058886
0.059118
0.371254
0.683781
0.683570
0.369646
0.055611
0.368928
0.368094
0.998027
0.682921
0.054394
0.998027
0.069389
0.386093
0.690286
0.073327
0.684850
0.683979
0.683448
0.682984
0.053798
0.682831
0.053527
0.683002
0.053411
0.360107
0.033103
0.056199
0.082230
0.010059
0.159189
0.414588
0.056978
0.396561
0.371441
0.378914
0.694213
0.693136
0.073436
0.397189
0.998027
0.039517
0.340812
0.034503
0.676639
0.363114
0.363807
0.052912
0.371540
0.373056
0.684594
0.373390
0.063188
0.685977
0.069721
0.378483
0.371807
0.295254
0.140387
0.340079
0.691241
0.702765
0.050032
0.357881
0.682043
0.046127
0.379347
0.350601
0.617046
0.392304
0.617046
0.065730
0.997526
0.400279
0.393140
0.997526
0.061346
0.372134
0.371418
0.997621
0.370095
0.997621
0.683478
0.683442
0.369863
0.368422
0.682035
0.363885
0.043856
0.679261
0.043236
0.681180
0.364884
0.053582
0.369393
0.683683
0.051589
0.364634
0.680692
0.045193
0.362664
0.363422
0.363813
0.364080
0.682672
0.999459
0.050631
0.367205
0.683346
0.368123
0.368579
0.055189
0.053333
0.360005
0.432251
0.125053
0.998248
0.711732
0.693643
0.054211
0.998248
0.370263
0.301739
0.128481
0.380361
0.688664
0.059354
0.366837
0.367489
0.367817
0.367902
0.365558
0.047080
0.680576
0.055471
0.056677
0.374924
0.061180
0.055816
0.998248
0.685551
0.686170
0.686407
0.382046
0.384602
0.375698
0.687371
0.367654
0.361688
0.371824
0.427920
0.288302
0.084577
0.385795
0.103499
0.699300
0.098183
0.998248
0.066307
0.682972
0.054865
0.368951
0.070461
0.300503
0.746726
0.701113
0.436177
0.093073
0.047845
0.075616
0.997949
0.087705
0.997949
0.145445
0.711324
0.384285
0.178977
0.036341
0.037688
0.430880
0.099122
0.096472
0.086906
0.085523
0.083051
0.072600
0.997949
0.690276
0.058660
0.997949
0.671483
0.684761
0.683385
0.684253
0.060733
0.060296
0.371200
0.056726
0.684776
0.371206
0.371727
0.684022
0.997949
0.050240
0.369754
0.684557
0.058404
0.682933
0.367606
0.369691
0.371920
0.061791
0.062083
0.368241
0.346977
0.406763
0.309210
0.379271
0.383219
0.384252
0.692164
0.693242
0.320935
0.090519
0.695849
0.043796
0.687691
0.159080
0.696761
0.994781
0.080477
0.062019
0.073928
0.085107
0.074225
0.681116
0.022198
0.657446
0.063227
0.343443
0.397953
0.393307
0.083211
0.382733
0.383965
0.065382
0.682674
0.998027
0.055118
0.371298
0.056991
0.059856
0.059446
0.059041
0.058325
0.057857
0.998027
0.058142
0.370923
0.369975
0.369352
0.998027
0.055709
0.368033
0.051533
0.367479
0.367770
0.683451
0.085987
0.401367
0.387451
0.378785
0.373206
0.370695
0.369586
0.368895
0.053756
0.053183
0.053471
0.053850
0.054138
0.053328
0.998027
0.682661
0.684268
0.696340
0.421217
0.698242
0.697916
0.691878
0.688180
0.998027
0.074023
0.998027
0.096584
0.371598
0.125435
0.472231
0.603198
0.285632
0.369757
0.362901
0.364721
0.052611
0.371556
0.684477
0.063103
0.373059
0.063300
0.375105
0.057864
0.060672
0.374791
0.353832
0.678683
0.426297
0.084620
0.688917
0.041166
0.670298
0.040719
0.362980
0.370639
0.021521
0.387858
0.997526
0.390665
0.028221
0.140953
0.040024
0.051218
0.055351
0.369922
0.370999
0.684527
0.058241
0.370566
0.683478
0.370414
0.056961
0.997621
0.684188
0.052811
0.366282
0.045162
0.680289
0.042301
0.045308
0.364861
0.366419
0.052316
0.051929
0.050326
0.048037
0.045950
0.044563
0.043966
0.044510
0.045106
0.045696
0.045756
0.047260
0.049794
0.047623
0.364794
0.682491
0.050378
0.998248
0.056764
0.372579
0.089335
0.709464
0.406309
0.693643
0.084572
0.089804
0.077504
0.305125
0.426080
0.407126
0.076133
0.683260
0.374397
0.056785
0.370637
0.370601
0.685234
0.683908
0.365864
0.368766
0.688081
0.687664
0.687251
0.688151
0.066818
0.067363
0.056520
0.044124
0.066198
0.071022
0.371691
0.080761
0.376944
0.358138
0.672102
0.687367
0.403307
0.414643
0.301571
0.379315
0.084199
0.998248
0.699300
0.386527
0.336310
0.057685
0.057762
0.697025
0.181515
0.398557
0.304034
0.448468
0.686973
0.078844
0.388119
0.997949
0.386718
0.084569
0.078351
0.098097
0.166437
0.345644
0.066929
0.702871
0.180901
0.701555
0.694253
0.692043
0.691513
0.084699
0.378058
0.071479
0.382253
0.078351
0.997949
0.363461
0.060197
0.060689
0.063042
0.065203
0.065931
0.685739
0.060664
0.371716
0.997949
0.372227
0.371705
0.057567
0.054018
0.682005
0.367387
0.060312
0.683299
0.053693
0.997949
0.683546
0.371833
0.377946
0.391505
0.433479
0.421932
0.698567
0.688962
0.996450
0.378646
0.690840
0.387086
0.014806
0.147331
0.695849
0.688755
0.996450
0.688755
0.406412
0.096864
0.064481
0.053996
0.369226
0.371791
0.386895
0.069599
0.681670
0.085145
0.387662
0.384334
0.690516
0.097421
0.994781
0.088764
0.691844
0.383550
0.065847
0.055290
0.367846
0.056889
0.998027
0.062754
0.374310
0.684940
0.684487
0.684118
0.998027
0.057299
0.057592
0.371416
0.057651
0.056623
0.055740
0.057354
0.055977
0.053008
0.048970
0.366523
0.367356
0.115596
0.118379
0.392029
0.376789
0.053571
0.369622
0.369318
0.367897
0.682896
0.998027
0.052784
0.998027
0.368659
0.054443
0.682661
0.056054
0.385678
0.392825
0.430647
0.097169
0.698242
0.396778
0.433789
0.368654
0.385226
0.389524
0.075943
0.396849
0.998027
0.415011
0.349356
0.378640
0.368673
0.365017
0.366269
0.052885
0.371898
0.376485
0.374771
0.996450
0.044307
0.367320
0.680801
0.365180
0.054916
0.055226
0.350549
0.364422
0.366813
0.366502
0.043122
0.418966
0.371835
0.058254
0.058022
0.997526
0.322872
0.152262
0.026820
0.363842
0.310405
0.348616
0.360709
0.682669
0.683819
0.370343
0.997621
0.059663
0.372997
0.684592
0.373178
0.064202
0.063100
0.060245
0.372644
0.369878
0.049675
0.681701
0.046393
0.365022
0.366508
0.367464
0.367706
0.682757
0.051151
0.364707
0.363325
0.680233
0.044026
0.361483
0.679740
0.679910
0.680209
0.681271
0.364049
0.998248
0.045413
0.680720
0.052794
0.683668
0.372210
0.060262
0.092912
0.433141
0.369721
0.075830
0.998248
0.042352
0.693219
0.084329
0.690830
0.073895
0.998248
0.377158
0.054396
0.371551
0.685418
0.059318
0.998248
0.371386
0.059454
0.379101
0.377276
0.062326
0.070615
0.076338
0.074155
0.375025
0.356342
0.380479
0.374467
0.998248
0.682169
0.424055
0.084487
0.056360
0.377485
0.393847
0.387959
0.382936
0.043439
0.998248
0.687668
0.391278
0.394077
0.029666
0.061244
0.059049
0.379519
0.689884
0.008747
0.086602
0.393140
0.074944
0.095575
0.997949
0.028037
0.692546
0.113682
0.098442
0.410752
0.997949
0.394626
0.383546
0.066148
0.997949
0.316577
0.414303
0.074796
0.071342
0.382198
0.687302
0.997949
0.372859
0.095707
0.086446
0.072578
0.063593
0.374376
0.685862
0.065523
0.378014
0.064394
0.371027
0.684755
0.371553
0.059289
0.374759
0.372338
0.373460
0.368630
0.367281
0.366220
0.366580
0.050765
0.052057
0.052969
0.055589
0.684643
0.686615
0.689669
0.405600
0.084628
0.043013
0.387171
0.376716
0.378965
0.382245
0.077825
0.381772
0.290227
0.428820
0.695849
0.068507
0.079650
0.372282
0.367323
0.679785
0.052239
0.369235
0.682926
0.062769
0.370625
0.422879
0.392798
0.682175
0.108189
0.031259
0.391284
0.087024
0.688598
0.378838
0.998027
0.059849
0.367674
0.684042
0.683616
0.058409
0.063602
0.374533
0.060605
0.058519
0.057137
0.056588
0.057411
0.370984
0.057138
0.370318
0.683619
0.998027
0.369498
0.683340
0.680938
0.998027
0.046652
0.052043
0.998027
0.352826
0.378509
0.049592
0.364351
0.050294
0.051767
0.366690
0.051688
0.367644
0.998027
0.053407
0.998027
0.055031
0.055567
0.054371
0.053915
0.371591
0.369369
0.051071
0.298622
0.078877
0.358740
0.687554
0.063260
0.369795
0.372177
0.688129
0.415011
0.693209
0.083845
0.061751
0.367723
0.050588
0.681670
0.052529
0.371515
0.378299
0.382503
0.684420
0.043595
0.039235
0.045233
0.365139
0.681400
0.996450
0.052580
0.052592
0.053582
0.053794
0.369314
0.048876
0.427718
0.370759
0.053261
0.372368
0.061841
0.385176
0.132772
0.058954
0.997526
0.056490
0.366178
0.364660
0.054114
0.997526
0.370343
0.060602
0.685713
0.064573
0.066732
0.068334
0.375885
0.997621
0.374329
0.056591
0.683300
0.051340
0.681623
0.682223
0.682671
0.682857
0.682757
0.997621
0.051795
0.364983
0.363650
0.680403
0.044332
0.361190
0.042402
0.042222
0.361809
0.362998
0.682337
0.681260
0.045046
0.113747
0.085220
0.068706
0.065290
0.069055
0.438531
0.144802
0.097964
0.711728
0.335111
0.693219
0.695956
0.383795
0.688260
0.690830
0.079274
0.053875
0.368659
0.371433
0.685533
0.687064
0.372519
0.373838
0.684859
0.060591
0.057622
0.375902
0.377543
0.076882
0.998248
0.373383
0.388636
0.389871
0.366297
0.682169
0.105604
0.704412
0.998248
0.081373
0.079119
0.097835
0.692393
0.692916
0.365581
0.058487
0.064169
0.384904
0.076116
0.379587
0.041915
0.361763
0.065360
0.690009
0.386240
0.077261
0.062513
0.390072
0.362595
0.385893
0.091782
0.117206
0.132332
0.997949
0.068834
0.092887
0.397305
0.363356
0.696574
0.702871
0.077230
0.294857
0.997949
0.681150
0.369694
0.072254
0.071227
0.091016
0.067364
0.379665
0.375455
0.374114
0.686099
0.374529
0.063668
0.062535
0.997949
0.055676
0.997949
0.375413
0.376289
0.383637
0.376120
0.397914
0.430341
0.052645
0.366327
0.364782
0.681878
0.047155
0.674992
0.361838
0.057827
0.067104
0.083276
0.386472
0.387773
0.360618
0.063321
0.055195
0.379357
0.371054
0.365786
0.084083
0.090238
0.049551
0.682521
0.681720
0.690132
0.680079
0.679785
0.678965
0.051474
0.370020
0.683595
0.061625
0.684241
0.066366
0.369947
0.693527
0.689685
0.691030
0.690268
0.018575
0.060693
0.375874
0.061366
0.683354
0.053695
0.053608
0.683562
0.058778
0.373916
0.373303
0.371891
0.371508
0.370428
0.370200
0.370405
0.370675
0.370637
0.370567
0.056120
0.055484
0.056440
0.056260
0.050244
0.040679
0.038527
0.040704
0.366964
0.060112
0.026714
0.372897
0.364908
0.047784
0.998027
0.365906
0.998027
0.051314
0.367895
0.368867
0.055524
0.056133
0.369776
0.368743
0.367830
0.051793
0.050787
0.366355
0.061692
0.696328
0.012205
0.356919
0.366610
0.377712
0.370895
0.053610
0.383311
0.689403
0.998027
0.689403
0.367192
0.049908
0.051616
0.051700
0.054963
0.069823
0.081930
0.063427
0.059288
0.365603
0.365836
0.681384
0.049698
0.366089
0.050406
0.682127
0.996605
0.055181
0.370734
0.683638
0.056507
0.288817
0.682931
0.370936
0.685138
0.371536
0.681040
0.374439
0.061034
0.997526
0.368245
0.367097
0.997526
0.368971
0.057054
0.061994
0.064900
0.997621
0.687286
0.687906
0.687965
0.063961
0.060743
0.997621
0.369677
0.053790
0.052220
0.053225
0.054518
0.368413
0.682857
0.053494
0.366590
0.997621
0.681731
0.046254
0.361906
0.361258
0.360329
0.678807
0.041612
0.362257
0.364833
0.367896
0.056563
0.384968
0.379213
0.376827
0.378463
0.381387
0.689151
0.079122
0.397611
0.064827
0.100236
0.034466
0.077212
0.373305
0.684270
0.072787
0.372893
0.050213
0.682140
0.682155
0.060250
0.689721
0.064785
0.061973
0.058115
0.064642
0.998248
0.377322
0.998248
0.070020
0.070794
0.076166
0.385639
0.367660
0.685278
0.056505
0.042321
0.185359
0.050369
0.686972
0.339725
0.235275
0.071392
0.067468
0.052451
0.998248
0.370948
0.069854
0.055583
0.429132
0.038355
0.372182
0.997949
0.385665
0.063164
0.378417
0.997949
0.076537
0.376947
0.997949
0.685224
0.370380
0.021951
0.049679
0.685940
0.073186
0.368152
0.716905
0.363356
0.336375
0.007324
0.063481
0.069776
0.061176
0.997949
0.686168
0.688005
0.064641
0.678598
0.058755
0.684355
0.686704
0.373658
0.374291
0.060789
0.372960
0.061946
0.063025
0.068600
0.997949
0.688608
0.689803
0.390407
0.448007
0.410293
0.172337
0.696895
0.047290
0.044114
0.034870
0.351012
0.997949
0.361176
0.683737
0.372492
0.376475
0.376052
0.372352
0.685522
0.062830
0.048775
0.083921
0.299574
0.372194
0.386828
0.331715
0.064412
0.122215
0.439059
0.045474
0.048431
0.994781
0.052116
0.682665
0.371383
0.063835
0.994781
0.684241
0.038570
0.359148
0.374663
0.385172
0.628285
0.671830
0.998027
0.361905
0.998027
0.370206
0.367476
0.052736
0.369637
0.371373
0.371976
0.684934
0.998027
0.057797
0.370585
0.369782
0.370406
0.370832
0.370383
0.370427
0.683746
0.683688
0.055497
0.368728
0.363583
0.358979
0.358166
0.359392
0.041271
0.359720
0.381518
0.361956
0.359244
0.362744
0.681729
0.049240
0.050861
0.051140
0.052334
0.053792
0.369523
0.369911
0.369743
0.683261
0.369021
0.682667
0.683164
0.998027
0.073726
0.694555
0.059585
0.352538
0.676680
0.053545
0.381317
0.384746
0.379647
0.693209
0.067698
0.370344
0.047986
0.050449
0.681426
0.682662
0.681577
0.060115
0.348738
0.375490
0.366898
0.367556
0.681384
0.996450
0.049833
0.049016
0.365003
0.051416
0.368767
0.683704
0.684838
0.058795
0.606466
0.665877
0.047750
0.057893
0.064915
0.372418
0.062810
0.683306
0.997526
0.368679
0.050477
0.368858
0.369122
0.683143
0.056710
0.686407
0.686958
0.687286
0.377337
0.066601
0.687394
0.372499
0.057421
0.054586
0.997621
0.053417
0.368595
0.997621
0.055626
0.369484
0.683363
0.054133
0.681703
0.365138
0.047230
0.363002
0.997840
0.043880
0.360312
0.997840
0.359641
0.041765
0.364395
0.054824
0.998248
0.684972
0.375611
0.688325
0.689163
0.998248
0.074860
0.998248
0.075233
0.998248
0.068868
0.376185
0.684983
0.058853
0.998248
0.684270
0.366107
0.045654
0.998248
0.368156
0.064202
0.998248
0.689721
0.067954
0.998248
0.400395
0.064285
0.066060
0.058583
0.065570
0.690927
0.065899
0.998248
0.373344
0.998248
0.685278
0.095500
0.704163
0.389777
0.053117
0.372649
0.380970
0.233136
0.038522
0.998248
0.367616
0.682963
0.368340
0.104323
0.701220
0.171093
0.327908
0.688784
0.069292
0.364997
0.376816
0.067778
0.377559
0.396134
0.086519
0.377061
0.102206
0.373203
0.377413
0.687673
0.062738
0.682754
0.375702
0.065089
0.115940
0.351793
0.331103
0.687401
0.371469
0.389104
0.074052
0.379914
0.059150
0.366208
0.367291
0.997949
0.372268
0.376022
0.373457
0.369639
0.370511
0.376605
0.082420
0.401377
0.087015
0.391704
0.101710
0.118954
0.102177
0.997949
0.403618
0.997949
0.061607
0.359667
0.365815
0.371884
0.034982
0.997949
0.370351
0.372755
0.066352
0.682943
0.685522
0.997949
0.060365
0.436068
0.702083
0.110925
0.373379
0.379281
0.069258
0.381442
0.180095
0.075849
0.365276
0.679523
0.050855
0.350441
0.674630
0.372674
0.065627
0.065145
0.065202
0.304491
0.004875
0.006958
0.068765
0.091990
0.027011
0.059426
0.063134
0.055639
0.682149
0.681992
0.051030
0.683787
0.684427
0.998027
0.059426
0.371422
0.998027
0.370189
0.998027
0.369867
0.056475
0.684123
0.056662
0.055679
0.683818
0.683688
0.053591
0.364667
0.361669
0.361254
0.360869
0.361202
0.372014
0.678198
0.676683
0.679554
0.998027
0.046809
0.053798
0.682286
0.366999
0.682224
0.051963
0.368609
0.369461
0.370181
0.056447
0.370828
0.059058
0.040515
0.375426
0.694555
0.998027
0.074534
0.681272
0.051712
0.065051
0.054652
0.052172
0.056805
0.687826
0.056478
0.682505
0.049152
0.681390
0.366189
0.366553
0.996450
0.368090
0.069859
0.360663
0.682474
0.366368
0.052912
0.052064
0.049854
0.364347
0.996450
0.050714
0.054960
0.058661
0.060283
0.685724
0.373100
0.290495
0.373110
0.377976
0.382042
0.075930
0.381175
0.057291
0.061360
0.064234
0.057750
0.048931
0.053923
0.056028
0.059329
0.062355
0.062923
0.374436
0.062309
0.060673
0.058613
0.368362
0.051906
0.682334
0.367888
0.681339
0.052371
0.054068
0.368504
0.054418
0.683584
0.053479
0.366288
0.048395
0.363735
0.363291
0.045091
0.361780
0.678669
0.678807
0.039609
0.360270
0.363617
0.367510
0.371704
0.061440
0.376201
0.064642
0.066450
0.380042
0.073427
0.691226
0.689552
0.069771
0.373686
0.684983
0.684423
0.053609
0.052661
0.368108
0.365794
0.047789
0.368975
0.062441
0.072947
0.689721
0.385829
0.691410
0.091496
0.998248
0.102135
0.998248
0.690991
0.681383
0.686713
0.690927
0.375712
0.363119
0.385076
0.069202
0.099156
0.692008
0.998248
0.094194
0.429664
0.397900
0.998248
0.057943
0.051810
0.054658
0.057440
0.685166
0.071697
0.690254
0.026489
0.422636
0.407736
0.121433
0.059734
0.683263
0.056703
0.997960
0.685848
0.382972
0.393661
0.097720
0.386723
0.381997
0.379990
0.687861
0.374537
0.370711
0.065765
0.997949
0.372399
0.679761
0.082084
0.079433
0.374320
0.393879
0.072800
0.064989
0.681771
0.364368
0.055742
0.059750
0.372518
0.375937
0.369921
0.366370
0.370733
0.083327
0.698769
0.386682
0.039651
0.703664
0.680070
0.997949
0.049742
0.008943
0.063078
0.363550
0.050438
0.694215
0.997949
0.040033
0.019449
0.372755
0.997949
0.058489
0.055630
0.370739
0.377489
0.692520
0.703582
0.997949
0.076722
0.094219
0.129052
0.300084
0.375573
0.120878
0.682783
0.680164
0.052019
0.408667
0.383313
0.994781
0.674630
0.375039
0.374771
0.071464
0.664308
0.994781
0.031062
0.994781
0.377498
0.693301
0.686840
0.683460
0.994781
0.052776
0.682048
0.049457
0.052146
0.054907
0.057227
0.060180
0.059211
0.057507
0.057258
0.369867
0.684225
0.370451
0.370079
0.369748
0.369990
0.998027
0.052745
0.998027
0.051589
0.682032
0.047027
0.998027
0.045267
0.695224
0.353096
0.096116
0.358194
0.679554
0.049336
0.376689
0.054774
0.367561
0.998027
0.050877
0.683413
0.684157
0.371538
0.374624
0.383991
0.698461
0.006477
0.026651
0.690289
0.089758
0.062429
0.061653
0.374708
0.678180
0.674654
0.678280
0.998027
0.364897
0.054041
0.367726
0.365970
0.366597
0.052917
0.052946
0.053892
0.996450
0.043409
0.349036
0.044491
0.364701
0.367396
0.366986
0.365261
0.680159
0.364905
0.366932
0.996605
0.058474
0.372948
0.064026
0.065049
0.064048
0.997526
0.377555
0.381177
0.997526
0.077105
0.380686
0.376457
0.683117
0.997526
0.040955
0.997526
0.052043
0.372909
0.372716
0.684334
0.371448
0.369791
0.051877
0.680398
0.364430
0.046401
0.047320
0.047959
0.997621
0.364662
0.050548
0.681557
0.050975
0.051001
0.050060
0.048755
0.363892
0.363636
0.680620
0.045861
0.362363
0.042558
0.040778
0.039794
0.041133
0.045044
0.366771
0.057169
0.998248
0.373693
0.688039
0.998248
0.071913
0.998248
0.380882
0.069260
0.375329
0.685203
0.371333
0.683261
0.369559
0.684621
0.683061
0.368881
0.054930
0.998248
0.375750
0.088531
0.095119
0.400234
0.381429
0.114837
0.712416
0.140321
0.690991
0.341678
0.069558
0.690927
0.092210
0.103557
0.327519
0.087184
0.998248
0.690493
0.388983
0.402837
0.701335
0.706496
0.388319
0.377830
0.684288
0.686145
0.059969
0.376563
0.065555
0.051546
0.388427
0.997949
0.092719
0.387506
0.374760
0.371102
0.369154
0.367509
0.059043
0.382961
0.387015
0.997960
0.089643
0.692273
0.997960
0.076182
0.997960
0.377380
0.685053
0.373177
0.061316
0.678808
0.075533
0.369469
0.369022
0.077948
0.384150
0.379964
0.375537
0.369431
0.366937
0.370948
0.378819
0.382454
0.065315
0.379023
0.384217
0.431179
0.385534
0.679890
0.997949
0.363589
0.053298
0.389898
0.680070
0.031244
0.340282
0.366931
0.373213
0.321788
0.288164
0.104063
0.393221
0.011707
0.067197
0.067968
0.380239
0.997949
0.033291
0.314804
0.092087
0.092211
0.100124
0.079855
0.743918
0.996450
0.413542
0.608556
0.114592
0.740770
0.057142
0.115238
0.420741
0.994781
0.383313
0.048768
0.994781
0.685030
0.684273
0.077058
0.352081
0.994781
0.361535
0.093043
0.698517
0.104649
0.375947
0.059471
0.364966
0.681060
0.998027
0.365495
0.683279
0.682607
0.055920
0.370497
0.684127
0.057219
0.371493
0.370521
0.683947
0.683656
0.998027
0.683656
0.367718
0.055899
0.366256
0.682032
0.998027
0.366081
0.363518
0.998027
0.044986
0.091973
0.998027
0.102037
0.677922
0.066349
0.685758
0.683363
0.998027
0.051435
0.998027
0.051579
0.055921
0.687376
0.692789
0.698461
0.998027
0.379399
0.691813
0.379718
0.384484
0.687359
0.998027
0.059749
0.686608
0.031020
0.350795
0.678280
0.045955
0.368515
0.064417
0.369620
0.368380
0.682306
0.682252
0.364321
0.047528
0.677417
0.033823
0.359083
0.679199
0.049705
0.366988
0.365656
0.048761
0.049083
0.682602
0.369860
0.683991
0.997526
0.374880
0.687357
0.997526
0.065748
0.377990
0.376173
0.384198
0.689958
0.997526
0.065720
0.685024
0.045677
0.675998
0.363967
0.684410
0.684826
0.684240
0.369547
0.997621
0.683558
0.047815
0.361847
0.679054
0.361088
0.042075
0.361281
0.046578
0.681403
0.681557
0.997621
0.364768
0.047907
0.363837
0.363736
0.363679
0.680653
0.046602
0.680785
0.045767
0.997840
0.362173
0.042715
0.361877
0.363667
0.049096
0.052808
0.371301
0.373225
0.374830
0.377826
0.379531
0.689578
0.379445
0.067292
0.376333
0.374973
0.372202
0.370921
0.684621
0.683636
0.052538
0.372363
0.371707
0.057718
0.371276
0.074253
0.694868
0.027445
0.116688
0.050668
0.050709
0.283131
0.398347
0.047228
0.057432
0.066663
0.107090
0.678217
0.380984
0.077198
0.690493
0.360076
0.331004
0.397289
0.114161
0.699589
0.408881
0.038313
0.056736
0.998248
0.685846
0.687360
0.368004
0.067094
0.373751
0.698094
0.072347
0.688430
0.374142
0.373310
0.372009
0.370582
0.684468
0.376413
0.693450
0.696213
0.082117
0.695250
0.082138
0.380602
0.068439
0.687848
0.065183
0.376893
0.375524
0.063214
0.064088
0.685378
0.053467
0.369541
0.067346
0.369565
0.677031
0.360346
0.396956
0.431434
0.082936
0.379066
0.997949
0.065252
0.375727
0.418970
0.184002
0.016661
0.363589
0.997949
0.017708
0.163586
0.140204
0.026291
0.997949
0.352639
0.307697
0.600048
0.997949
0.291884
0.327658
0.097452
0.997949
0.687145
0.380294
0.064976
0.071218
0.440983
0.398109
0.685838
0.996450
0.359291
0.385790
0.487768
0.363302
0.053294
0.393388
0.735467
0.994781
0.089156
0.994781
0.125291
0.055942
0.375788
0.370164
0.684273
0.047556
0.069534
0.389657
0.382392
0.377477
0.140300
0.712323
0.115695
0.072607
0.994781
0.055376
0.679776
0.047234
0.679470
0.048631
0.998027
0.054811
0.684127
0.684551
0.998027
0.059192
0.370120
0.061822
0.368238
0.681384
0.055492
0.369602
0.682507
0.055451
0.366862
0.680131
0.366221
0.052648
0.365481
0.680271
0.028965
0.122652
0.366182
0.684119
0.096859
0.378412
0.369590
0.367212
0.365200
0.365956
0.367847
0.998027
0.370535
0.074227
0.692789
0.101278
0.698299
0.084873
0.053121
0.180688
0.074327
0.373394
0.373853
0.682236
0.035693
0.347315
0.364472
0.997903
0.071594
0.071187
0.062448
0.056924
0.368735
0.368257
0.679216
0.677417
0.996450
0.038446
0.361111
0.996450
0.049574
0.367186
0.681810
0.366739
0.050817
0.053083
0.052911
0.050947
0.053730
0.060681
0.066453
0.687357
0.065679
0.374998
0.364060
0.063154
0.071839
0.378737
0.997526
0.373288
0.038632
0.351457
0.043205
0.053655
0.057375
0.370815
0.997621
0.054288
0.051050
0.046017
0.361049
0.360286
0.997621
0.359515
0.041326
0.362041
0.046398
0.047423
0.364505
0.363834
0.046633
0.363476
0.363540
0.680653
0.680599
0.046648
0.680775
0.046510
0.045029
0.680556
0.044480
0.362851
0.363889
0.681174
0.049678
0.053192
0.054838
0.057151
0.059285
0.060394
0.060887
0.375910
0.063081
0.063409
0.063490
0.062757
0.061514
0.053615
0.681512
0.365343
0.362384
0.373668
0.685517
0.685004
0.685114
0.378385
0.292959
0.640775
0.150448
0.360522
0.111996
0.051868
0.383271
0.399318
0.424675
0.371610
0.036545
0.073671
0.071079
0.046874
0.309523
0.060842
0.095079
0.120555
0.063239
0.014100
0.369780
0.059345
0.062010
0.063932
0.378218
0.037429
0.362532
0.372554
0.063055
0.373839
0.381781
0.686217
0.374949
0.374108
0.685381
0.060779
0.373920
0.380083
0.693450
0.073631
0.078460
0.076222
0.688088
0.380388
0.069190
0.689415
0.393705
0.072407
0.377568
0.373647
0.369836
0.685043
0.372685
0.065194
0.348516
0.670521
0.354284
0.372642
0.156753
0.418485
0.304879
0.436828
0.390551
0.096632
0.997949
0.717286
0.151650
0.094109
0.355571
0.342395
0.008170
0.371176
0.292490
0.331418
0.310519
0.099201
0.069808
0.097776
0.088934
0.047130
0.372191
0.064212
0.069461
0.130035
0.684817
0.351528
0.108781
0.089492
0.088369
0.071019
0.046565
0.100458
0.052337
0.371519
0.374634
0.690878
0.142383
0.053824
0.994781
0.400360
0.123546
0.994781
0.382213
0.373745
0.365094
0.050311
0.994781
0.089173
0.384820
0.371346
0.426471
0.713245
0.682086
0.072734
0.370671
0.365657
0.363761
0.047248
0.047459
0.066849
0.056442
0.998027
0.367959
0.368997
0.369776
0.072949
0.379512
0.995755
0.061333
0.682319
0.055482
0.056549
0.056726
0.056292
0.055639
0.056089
0.057365
0.058836
0.058571
0.368768
0.048258
0.673646
0.385411
0.398676
0.390271
0.379594
0.371485
0.681858
0.050541
0.680026
0.049883
0.054395
0.374281
0.384851
0.424895
0.408405
0.415903
0.084728
0.737016
0.689057
0.139008
0.363690
0.376866
0.687705
0.065096
0.357274
0.366782
0.079438
0.065313
0.996450
0.689732
0.686834
0.056370
0.368742
0.368135
0.361419
0.358471
0.678363
0.996450
0.045904
0.681886
0.366985
0.366555
0.681281
0.996605
0.365116
0.678447
0.997526
0.358945
0.047821
0.374376
0.064098
0.059229
0.052740
0.358858
0.997526
0.052626
0.689344
0.375688
0.054928
0.040871
0.040839
0.682775
0.683646
0.683687
0.369905
0.368257
0.997621
0.049229
0.362882
0.361632
0.679647
0.041815
0.359814
0.041848
0.362162
0.680361
0.680569
0.997621
0.363541
0.046271
0.680536
0.363488
0.046524
0.680381
0.046350
0.680567
0.046587
0.680803
0.046376
0.363511
0.363882
0.364499
0.681472
0.049358
0.682077
0.051810
0.683491
0.683283
0.683218
0.998248
0.057639
0.371300
0.372659
0.373548
0.376332
0.366824
0.368636
0.684174
0.365252
0.363602
0.367616
0.372536
0.069494
0.371634
0.682262
0.413860
0.030716
0.328564
0.389756
0.391700
0.081172
0.690288
0.386196
0.130686
0.429341
0.697938
0.054292
0.369270
0.366815
0.050486
0.348874
0.040590
0.997949
0.375428
0.363393
0.369794
0.370878
0.685784
0.685833
0.052735
0.038286
0.354934
0.363306
0.368381
0.370023
0.057743
0.059237
0.375606
0.376185
0.063146
0.376986
0.065272
0.066991
0.689281
0.376744
0.066707
0.374674
0.997960
0.688088
0.377281
0.088141
0.394969
0.997960
0.383309
0.378425
0.373021
0.370099
0.370988
0.038157
0.341452
0.672954
0.351831
0.363708
0.382902
0.354980
0.745689
0.699157
0.689742
0.997949
0.095840
0.435365
0.091983
0.372467
0.363589
0.384487
0.053866
0.997949
0.360502
0.686760
0.083888
0.998872
0.712767
0.142298
0.700219
0.401011
0.068465
0.381401
0.385525
0.398832
0.101901
0.997949
0.061584
0.072052
0.376284
0.373274
0.375355
0.374036
0.372341
0.376793
0.996450
0.090272
0.384237
0.994781
0.052465
0.373086
0.374763
0.375889
0.063911
0.052148
0.671355
0.349003
0.354434
0.375533
0.385814
0.398371
0.044679
0.682086
0.064685
0.689441
0.376584
0.054250
0.364111
0.679073
0.381422
0.995755
0.696547
0.371862
0.370509
0.370159
0.371402
0.375798
0.098087
0.688980
0.065035
0.055100
0.056142
0.369703
0.370297
0.682710
0.370279
0.683688
0.370975
0.371945
0.373199
0.061752
0.059915
0.365181
0.365883
0.379784
0.386190
0.378604
0.371461
0.682453
0.051549
0.050101
0.680825
0.052617
0.372883
0.386115
0.440970
0.083556
0.112296
0.997903
0.064418
0.998027
0.282380
0.041581
0.022706
0.009573
0.060027
0.068320
0.086327
0.374961
0.386350
0.379215
0.373600
0.058437
0.056621
0.056103
0.056166
0.367516
0.362104
0.360682
0.678363
0.047918
0.366418
0.681566
0.996450
0.051290
0.050791
0.049237
0.043926
0.358945
0.997526
0.047954
0.684967
0.061738
0.997526
0.056109
0.369403
0.373369
0.055263
0.049597
0.042013
0.046270
0.365635
0.368492
0.054294
0.056553
0.369820
0.369233
0.367940
0.366367
0.680886
0.680148
0.679647
0.997621
0.362050
0.043164
0.362312
0.362896
0.045705
0.046434
0.046747
0.680537
0.046478
0.363398
0.680541
0.680381
0.997621
0.363108
0.997840
0.046297
0.997840
0.047594
0.364893
0.365009
0.365551
0.365895
0.682125
0.365942
0.051007
0.052573
0.048955
0.366253
0.048678
0.050780
0.368680
0.685268
0.687861
0.683344
0.362998
0.371003
0.998248
0.684174
0.370693
0.998248
0.372797
0.687680
0.380799
0.404965
0.119934
0.689721
0.385080
0.089215
0.105454
0.386273
0.998248
0.690288
0.688765
0.422500
0.998248
0.071386
0.370104
0.365088
0.358305
0.350241
0.348004
0.052763
0.997949
0.685114
0.683522
0.684066
0.371994
0.370812
0.039872
0.676918
0.030131
0.375061
0.682964
0.997949
0.682964
0.053591
0.686905
0.997949
0.376494
0.687513
0.687326
0.997960
0.066109
0.685224
0.373892
0.060835
0.067446
0.067685
0.382500
0.691648
0.080101
0.077647
0.997960
0.062379
0.368194
0.361773
0.361295
0.088079
0.372020
0.677270
0.042838
0.997960
0.686455
0.076364
0.222927
0.424155
0.383186
0.376415
0.067629
0.069214
0.382214
0.694256
0.384805
0.694228
0.692745
0.073791
0.374753
0.997949
0.686760
0.410376
0.135296
0.700219
0.390716
0.692947
0.384419
0.381599
0.690906
0.392729
0.326427
0.062331
0.061321
0.372719
0.373260
0.996450
0.065252
0.374382
0.372105
0.996450
0.062753
0.684579
0.685955
0.031630
0.365127
0.371545
0.056324
0.684672
0.994781
0.062116
0.378701
0.159864
0.289508
0.084119
0.144495
0.073647
0.328827
0.367465
0.379783
0.374787
0.370799
0.052962
0.680465
0.365586
0.106232
0.397263
0.376183
0.370703
0.369462
0.049655
0.090902
0.020342
0.422518
0.085532
0.063552
0.373876
0.995755
0.057929
0.370801
0.057777
0.371046
0.684271
0.372010
0.061739
0.996410
0.685268
0.062715
0.061335
0.373409
0.377594
0.378447
0.375609
0.371277
0.368067
0.366372
0.996450
0.365861
0.051736
0.373038
0.433598
0.044398
0.996450
0.421429
0.399241
0.146955
0.106595
0.379290
0.686774
0.432054
0.404104
0.063598
0.417182
0.049421
0.401093
0.392231
0.383877
0.374472
0.373944
0.996450
0.059363
0.683632
0.057198
0.053776
0.363603
0.363386
0.364987
0.366191
0.050855
0.366169
0.365690
0.681283
0.681994
0.675302
0.036992
0.360825
0.684967
0.997526
0.047253
0.077705
0.394684
0.689170
0.997526
0.002727
0.671610
0.057364
0.680795
0.682567
0.364921
0.053447
0.370601
0.057607
0.369684
0.368435
0.367112
0.050623
0.048405
0.362714
0.361956
0.997621
0.045804
0.363931
0.364862
0.682871
0.048713
0.680537
0.997621
0.046749
0.047001
0.046725
0.045906
0.045099
0.045211
0.045011
0.362885
0.364006
0.048945
0.362959
0.365507
0.367347
0.664129
0.051528
0.683856
0.051492
0.109135
0.363463
0.045267
0.997949
0.046323
0.683508
0.053398
0.072948
0.039847
0.685077
0.998248
0.058128
0.681988
0.064425
0.374872
0.381891
0.392316
0.415461
0.454784
0.744412
0.694222
0.689721
0.699798
0.388790
0.677816
0.690288
0.041729
0.031072
0.097644
0.070783
0.372645
0.369008
0.352515
0.058393
0.036814
0.997949
0.062859
0.059714
0.056248
0.054452
0.051218
0.045336
0.039774
0.038355
0.997949
0.070118
0.363410
0.366608
0.682964
0.050135
0.694425
0.375986
0.376990
0.376856
0.377054
0.065903
0.063814
0.062044
0.372708
0.686121
0.377219
0.073647
0.385856
0.386073
0.693505
0.381822
0.076479
0.688651
0.063155
0.688231
0.366444
0.050795
0.403731
0.997960
0.697015
0.359678
0.051411
0.053233
0.364455
0.019386
0.047420
0.054613
0.065024
0.380269
0.384801
0.388644
0.089396
0.393479
0.396093
0.110137
0.121922
0.080595
0.078235
0.082585
0.084005
0.062903
0.399804
0.998872
0.695881
0.692024
0.689584
0.385767
0.690127
0.391769
0.317715
0.036150
0.364405
0.682723
0.061249
0.064671
0.374806
0.996450
0.120931
0.382939
0.057442
0.050395
0.679600
0.051140
0.050633
0.056266
0.048810
0.054639
0.994781
0.175387
0.994781
0.156689
0.355493
0.994781
0.724069
0.081782
0.377019
0.053222
0.053196
0.371804
0.059000
0.056869
0.093645
0.280174
0.738322
0.300826
0.374227
0.049596
0.995755
0.373556
0.403947
0.021148
0.392253
0.383026
0.995755
0.061514
0.683658
0.684016
0.059276
0.684029
0.684732
0.685693
0.684732
0.064613
0.065145
0.064119
0.372438
0.060378
0.061204
0.061593
0.061411
0.370810
0.367328
0.050816
0.365831
0.681139
0.050481
0.063790
0.009558
0.996450
0.022928
0.419361
0.389153
0.996450
0.437602
0.069036
0.432919
0.366250
0.996579
0.115855
0.629631
0.996450
0.049224
0.391110
0.080103
0.070521
0.684829
0.061328
0.996450
0.060053
0.683744
0.996450
0.051919
0.047513
0.364242
0.365216
0.996450
0.049542
0.364372
0.363903
0.366055
0.365457
0.679696
0.046203
0.058445
0.047885
0.446210
0.377941
0.692915
0.078655
0.314930
0.356458
0.997526
0.049082
0.053717
0.683212
0.366425
0.050447
0.369154
0.684205
0.370366
0.369209
0.367955
0.681956
0.997526
0.048579
0.363401
0.680024
0.364367
0.368069
0.369007
0.683285
0.054115
0.047730
0.047154
0.997621
0.047462
0.680566
0.362767
0.679879
0.679517
0.997840
0.044302
0.364350
0.361447
0.045935
0.681170
0.092332
0.997949
0.017215
0.681436
0.098240
0.706227
0.096092
0.997949
0.044325
0.998248
0.047794
0.691466
0.672608
0.998248
0.043224
0.382547
0.075102
0.685374
0.376277
0.066729
0.076399
0.083371
0.066970
0.110886
0.049139
0.038505
0.069358
0.056793
0.073540
0.074203
0.363885
0.301862
0.373009
0.065961
0.689765
0.388690
0.099924
0.703611
0.667192
0.366488
0.040167
0.371051
0.067826
0.700312
0.437493
0.384393
0.063064
0.351796
0.037034
0.059615
0.678055
0.997949
0.052307
0.055877
0.049626
0.104870
0.007208
0.378897
0.065093
0.067254
0.686466
0.374405
0.373572
0.374230
0.686829
0.379460
0.077987
0.139393
0.383799
0.998176
0.376975
0.688135
0.379144
0.068760
0.690039
0.383180
0.078619
0.997960
0.093538
0.051218
0.302800
0.678313
0.997960
0.356770
0.354546
0.358535
0.054594
0.688557
0.687329
0.689670
0.691933
0.390001
0.094438
0.100152
0.091649
0.997949
0.085582
0.383501
0.685658
0.381910
0.079368
0.389940
0.085898
0.078397
0.068683
0.061532
0.065808
0.086735
0.414533
0.094785
0.359351
0.367871
0.996450
0.376048
0.070961
0.360440
0.110680
0.696373
0.681978
0.996450
0.368773
0.696236
0.994781
0.696236
0.064488
0.994781
0.680198
0.364748
0.362735
0.113421
0.055410
0.180574
0.433156
0.077660
0.377618
0.375877
0.678157
0.361405
0.054231
0.683497
0.429821
0.994781
0.409053
0.209308
0.065104
0.371692
0.004284
0.055837
0.695024
0.995755
0.107297
0.692076
0.688047
0.686705
0.064386
0.059994
0.996168
0.372485
0.060522
0.062558
0.996410
0.374532
0.686163
0.066805
0.373631
0.370981
0.369786
0.370442
0.370552
0.367157
0.051249
0.366910
0.996450
0.050253
0.681008
0.054417
0.996450
0.072556
0.299439
0.345091
0.358589
0.367811
0.687602
0.038417
0.369749
0.635733
0.733724
0.727096
0.169816
0.038976
0.323323
0.426261
0.386363
0.688133
0.996450
0.067447
0.996450
0.062460
0.373798
0.373871
0.369369
0.051099
0.680019
0.363882
0.364536
0.364493
0.047377
0.045352
0.043492
0.043500
0.364642
0.364959
0.373218
0.997526
0.685399
0.686279
0.747481
0.060742
0.744751
0.390163
0.997526
0.047312
0.997526
0.374066
0.997526
0.683212
0.048074
0.367824
0.056151
0.056247
0.055130
0.053861
0.052293
0.051014
0.049997
0.049365
0.049565
0.051924
0.997621
0.369475
0.374024
0.368896
0.365725
0.365202
0.050215
0.364586
0.047256
0.364934
0.047913
0.361134
0.360879
0.363996
0.997840
0.032513
0.681061
0.742565
0.997949
0.075924
0.681791
0.352154
0.076380
0.997949
0.089413
0.059057
0.363325
0.680376
0.045872
0.369788
0.367721
0.364710
0.015671
0.075223
0.382618
0.379244
0.376778
0.046015
0.677461
0.356560
0.350568
0.330872
0.370139
0.366659
0.363690
0.355335
0.354542
0.367251
0.064774
0.422075
0.298197
0.085653
0.997960
0.078073
0.104289
0.692686
0.092187
0.115842
0.410109
0.296686
0.124755
0.371613
0.107933
0.449252
0.997949
0.072920
0.045206
0.691119
0.013560
0.090589
0.069716
0.296723
0.093783
0.007537
0.312965
0.032755
0.368037
0.687767
0.068022
0.376597
0.375568
0.377512
0.380843
0.688976
0.747768
0.688255
0.702066
0.693721
0.702066
0.371365
0.362876
0.396879
0.397084
0.386074
0.109877
0.078279
0.091567
0.291213
0.677144
0.302800
0.361178
0.033538
0.366510
0.360260
0.063222
0.997960
0.380267
0.078053
0.694334
0.380047
0.383182
0.692836
0.305231
0.089697
0.086614
0.370855
0.680787
0.061699
0.997960
0.081309
0.073999
0.688080
0.370534
0.370724
0.369164
0.394446
0.142758
0.070727
0.374527
0.688538
0.059669
0.378987
0.054107
0.697614
0.422901
0.422671
0.014318
0.106836
0.043217
0.177537
0.126182
0.073087
0.001946
0.101508
0.061131
0.052303
0.051798
0.675270
0.354669
0.068361
0.107019
0.370935
0.064839
0.030270
0.038776
0.679305
0.682047
0.371200
0.371616
0.428942
0.604953
0.118205
0.387469
0.378322
0.995755
0.100086
0.081491
0.407264
0.396270
0.100880
0.081722
0.377647
0.062817
0.373013
0.372443
0.996168
0.061993
0.996168
0.065560
0.685921
0.068543
0.376467
0.372441
0.996410
0.055772
0.368678
0.367964
0.996410
0.056869
0.366925
0.365023
0.365717
0.367768
0.372815
0.383601
0.384033
0.022532
0.047670
0.363747
0.364131
0.675163
0.047586
0.368629
0.053205
0.325717
0.155246
0.361630
0.689558
0.375151
0.081575
0.065207
0.071263
0.378883
0.069012
0.374921
0.062260
0.062358
0.062006
0.063267
0.680460
0.364436
0.050088
0.050015
0.048807
0.679173
0.996605
0.360564
0.358851
0.041363
0.045697
0.367710
0.373450
0.338138
0.429838
0.030199
0.021049
0.295027
0.418748
0.070049
0.072871
0.066188
0.057562
0.365490
0.363452
0.045256
0.365954
0.367638
0.368063
0.997526
0.052628
0.681822
0.051797
0.367004
0.682101
0.050317
0.374936
0.054565
0.057203
0.370748
0.368214
0.367054
0.373044
0.364690
0.363336
0.682547
0.683924
0.053523
0.044673
0.045829
0.367537
0.364210
0.040272
0.047530
0.059919
0.118526
0.291688
0.686682
0.374016
0.127657
0.112191
0.709991
0.088607
0.064631
0.041578
0.058002
0.015630
0.056805
0.358506
0.687182
0.687497
0.687017
0.998248
0.687017
0.360871
0.683003
0.360842
0.356420
0.024403
0.385978
0.370556
0.364509
0.370618
0.050579
0.997960
0.118282
0.400082
0.688855
0.091685
0.689777
0.382738
0.060428
0.672700
0.073858
0.997960
0.032857
0.493165
0.698812
0.444447
0.352019
0.096443
0.391296
0.038863
0.303107
0.358622
0.415593
0.390554
0.316012
0.475835
0.697367
0.997949
0.008667
0.348294
0.374147
0.072385
0.381813
0.379527
0.688643
0.687504
0.385001
0.063442
0.688976
0.423000
0.049539
0.702282
0.048876
0.671052
0.014324
0.708378
0.997960
0.402010
0.381645
0.361724
0.338122
0.351610
0.669940
0.059544
0.071642
0.353189
0.377988
0.379734
0.074669
0.084705
0.386468
0.078533
0.071177
0.378860
0.372454
0.062938
0.418085
0.319854
0.075147
0.366268
0.997960
0.056462
0.379147
0.380073
0.071039
0.997960
0.387077
0.375445
0.371255
0.382594
0.074946
0.388299
0.695799
0.388334
0.384481
0.688249
0.391004
0.996692
0.697856
0.076666
0.441990
0.098456
0.745419
0.707416
0.688811
0.393735
0.105146
0.405358
0.693216
0.383188
0.067863
0.058979
0.048346
0.064596
0.681125
0.684240
0.676550
0.675151
0.994781
0.040069
0.364808
0.368859
0.057908
0.682899
0.369712
0.050373
0.124696
0.087691
0.085291
0.692479
0.688727
0.434074
0.109996
0.390086
0.995755
0.075061
0.684510
0.996126
0.061562
0.373231
0.684891
0.061048
0.066767
0.687031
0.069880
0.375934
0.370342
0.055218
0.367216
0.368350
0.682059
0.052795
0.099386
0.012231
0.364391
0.047416
0.054888
0.054687
0.063965
0.053290
0.358405
0.425398
0.016183
0.044676
0.048952
0.048555
0.052500
0.046681
0.341504
0.066535
0.356501
0.366201
0.380629
0.689256
0.688449
0.687200
0.996450
0.067222
0.374241
0.684079
0.682436
0.062695
0.373657
0.367334
0.054291
0.681827
0.681181
0.680203
0.680024
0.044497
0.041354
0.358591
0.359261
0.997526
0.046284
0.683741
0.050191
0.008506
0.358926
0.316098
0.068534
0.031758
0.689300
0.686812
0.683719
0.680330
0.046934
0.997526
0.362648
0.997526
0.049044
0.366677
0.367727
0.681822
0.682455
0.682605
0.997526
0.048678
0.677383
0.043419
0.361247
0.366727
0.682721
0.055400
0.373192
0.367005
0.362251
0.363622
0.051805
0.370622
0.366409
0.364604
0.368583
0.365809
0.370871
0.108261
0.594281
0.045690
0.377539
0.377192
0.997949
0.067913
0.374412
0.112191
0.710414
0.423775
0.066789
0.997949
0.075466
0.998248
0.062704
0.046432
0.035811
0.052302
0.059918
0.372154
0.057779
0.044747
0.998248
0.683003
0.681629
0.371365
0.361654
0.382659
0.070270
0.682873
0.690672
0.062267
0.372031
0.392358
0.102984
0.091637
0.694148
0.367601
0.355829
0.358725
0.672700
0.379122
0.432393
0.146403
0.699043
0.997960
0.085613
0.684346
0.997960
0.090888
0.046756
0.043308
0.693598
0.705930
0.997949
0.035474
0.142250
0.697367
0.080730
0.368101
0.691313
0.385381
0.383683
0.380686
0.071069
0.381276
0.694871
0.997960
0.092495
0.609245
0.349954
0.178708
0.064588
0.362875
0.149819
0.387888
0.007023
0.175703
0.627874
0.136563
0.347790
0.661440
0.059106
0.381186
0.377494
0.389373
0.362901
0.360691
0.079657
0.693957
0.690168
0.686161
0.687954
0.688215
0.047082
0.354718
0.701191
0.691608
0.370256
0.997960
0.051266
0.997960
0.068802
0.688113
0.694819
0.387077
0.997960
0.405663
0.404130
0.074053
0.062389
0.387311
0.696326
0.695799
0.695404
0.079789
0.096912
0.099577
0.128544
0.112945
0.302671
0.368592
0.408143
0.127091
0.994781
0.688811
0.681100
0.078934
0.685053
0.684236
0.069370
0.374512
0.380349
0.369455
0.047115
0.063046
0.065863
0.050732
0.047873
0.044947
0.362541
0.048109
0.367231
0.367860
0.059959
0.096424
0.711451
0.117232
0.397465
0.073232
0.093150
0.079118
0.389921
0.386129
0.384257
0.376626
0.374416
0.684510
0.062445
0.373172
0.059488
0.683248
0.060361
0.063406
0.066164
0.061817
0.368413
0.366722
0.366986
0.367396
0.681918
0.038713
0.679474
0.004848
0.048465
0.373401
0.371498
0.682582
0.366697
0.996450
0.039693
0.313154
0.342781
0.361285
0.364332
0.364713
0.049321
0.366171
0.063296
0.415355
0.066984
0.372123
0.368791
0.375356
0.377770
0.063481
0.062050
0.060033
0.371870
0.370478
0.682850
0.685000
0.996450
0.061831
0.683828
0.055795
0.367246
0.050896
0.047425
0.044207
0.677907
0.677230
0.997526
0.039672
0.361337
0.364907
0.363759
0.678354
0.696227
0.683782
0.997526
0.378153
0.090120
0.069710
0.686812
0.055046
0.679164
0.679594
0.043185
0.364104
0.997526
0.048886
0.049686
0.051436
0.067452
0.368825
0.365238
0.677383
0.997526
0.355810
0.036650
0.682627
0.997621
0.682721
0.368642
0.050852
0.363180
0.364951
0.053655
0.997949
0.368706
0.367482
0.365910
0.366340
0.098174
0.997949
0.725634
0.277782
0.376877
0.379302
0.686682
0.077595
0.398898
0.408225
0.419991
0.712944
0.020062
0.350165
0.017273
0.081658
0.690961
0.047420
0.352101
0.358754
0.683386
0.998248
0.683386
0.068960
0.074009
0.052659
0.004186
0.431926
0.074740
0.405944
0.088903
0.997960
0.377186
0.349742
0.376536
0.082231
0.389981
0.078077
0.388705
0.688608
0.674200
0.667228
0.005104
0.432393
0.997960
0.091375
0.139804
0.399841
0.997960
0.062080
0.361865
0.685987
0.404175
0.101003
0.035724
0.693598
0.078251
0.058175
0.359036
0.098614
0.683803
0.051223
0.068685
0.384037
0.381884
0.997960
0.376827
0.130175
0.099281
0.391269
0.140516
0.720353
0.496066
0.298583
0.352038
0.072835
0.684091
0.997960
0.147746
0.336474
0.429846
0.701378
0.428087
0.033855
0.389725
0.066815
0.367817
0.669171
0.029879
0.356647
0.302490
0.085247
0.076767
0.079425
0.074400
0.997960
0.002858
0.287898
0.162894
0.068503
0.372090
0.361761
0.061583
0.682948
0.691424
0.383814
0.382099
0.111194
0.405663
0.709349
0.997960
0.096904
0.380747
0.388225
0.997960
0.101873
0.397442
0.380471
0.069123
0.686531
0.687369
0.082974
0.350128
0.408204
0.745653
0.686217
0.070063
0.065367
0.077710
0.073399
0.074269
0.385958
0.384416
0.381802
0.994781
0.066590
0.994781
0.063787
0.373242
0.369723
0.994781
0.048271
0.044654
0.360805
0.047087
0.053008
0.108841
0.691241
0.130966
0.404747
0.362083
0.996168
0.377040
0.996168
0.081410
0.383312
0.379918
0.376706
0.065940
0.373854
0.372938
0.373155
0.996168
0.683896
0.369594
0.058583
0.683541
0.682670
0.681596
0.681319
0.681748
0.367112
0.682033
0.050673
0.353038
0.680098
0.355200
0.060364
0.685727
0.058284
0.366238
0.044902
0.677258
0.351185
0.996450
0.035360
0.365006
0.363949
0.663494
0.299493
0.430402
0.439603
0.138982
0.060571
0.060925
0.054733
0.370711
0.368263
0.681950
0.054046
0.053462
0.051913
0.050960
0.050940
0.371506
0.061197
0.058490
0.370030
0.055076
0.366588
0.679701
0.678743
0.359877
0.041164
0.039503
0.039104
0.038621
0.040924
0.043119
0.044399
0.051001
0.086129
0.111105
0.054515
0.353269
0.686366
0.059596
0.052812
0.046867
0.043494
0.044294
0.049800
0.063028
0.424083
0.288995
0.348062
0.396428
0.070005
0.054490
0.031030
0.355810
0.997526
0.036377
0.049021
0.053767
0.053923
0.682465
0.050767
0.681720
0.048351
0.365828
0.052421
0.367159
0.683133
0.366384
0.686463
0.622683
0.379015
0.594281
0.323228
0.358670
0.360126
0.076169
0.400039
0.103695
0.699821
0.394178
0.706207
0.155807
0.075278
0.392013
0.090782
0.362018
0.680825
0.035232
0.361643
0.054077
0.030677
0.080178
0.698357
0.413638
0.060959
0.342820
0.312715
0.363849
0.097263
0.366077
0.081827
0.349742
0.386476
0.362390
0.606854
0.127606
0.076752
0.997960
0.036236
0.412899
0.072985
0.126018
0.030464
0.693231
0.399150
0.389391
0.128675
0.388177
0.048875
0.061479
0.104672
0.380877
0.073496
0.686738
0.060084
0.997960
0.378829
0.378334
0.044139
0.366136
0.685150
0.067524
0.381472
0.997960
0.381884
0.377883
0.059244
0.094283
0.089668
0.997960
0.064800
0.000387
0.082828
0.056806
0.058546
0.405905
0.070422
0.104761
0.681444
0.997960
0.681444
0.387925
0.679685
0.061756
0.060849
0.680010
0.347165
0.017568
0.280487
0.668434
0.297082
0.385453
0.085215
0.694433
0.084927
0.008721
0.747960
0.339079
0.356939
0.080049
0.097688
0.083806
0.098392
0.388214
0.368920
0.339593
0.737145
0.091435
0.706666
0.129146
0.689236
0.688349
0.997960
0.076311
0.109774
0.399498
0.672139
0.377456
0.996450
0.378058
0.119857
0.412452
0.996450
0.709513
0.686200
0.994781
0.686200
0.687726
0.059011
0.684409
0.079548
0.690297
0.081490
0.071468
0.378276
0.062474
0.684867
0.061113
0.681354
0.052068
0.677729
0.359787
0.996168
0.678729
0.397904
0.996168
0.425818
0.703273
0.677850
0.996168
0.022940
0.331801
0.128924
0.068050
0.378431
0.380941
0.049231
0.368922
0.061545
0.060450
0.057627
0.057719
0.683248
0.682656
0.056290
0.370464
0.369348
0.367181
0.050690
0.366513
0.682033
0.996410
0.052598
0.681867
0.053124
0.683279
0.061821
0.064175
0.371741
0.367836
0.364948
0.045950
0.366858
0.351670
0.366449
0.364753
0.346537
0.606177
0.329394
0.057536
0.692667
0.386943
0.688072
0.062950
0.367028
0.052352
0.366770
0.681741
0.681266
0.680899
0.996450
0.049495
0.365406
0.050681
0.368759
0.369633
0.996450
0.055698
0.681197
0.364572
0.362626
0.360768
0.679064
0.361428
0.360902
0.997526
0.023043
0.359751
0.366575
0.683751
0.674976
0.997526
0.088494
0.680841
0.050455
0.368919
0.368031
0.365316
0.046392
0.997526
0.680848
0.684181
0.695894
0.135409
0.997526
0.002827
0.388815
0.693350
0.047118
0.038184
0.362541
0.056139
0.370973
0.369903
0.368753
0.368114
0.683179
0.051541
0.366048
0.681664
0.682391
0.683133
0.997949
0.051963
0.054040
0.431803
0.319979
0.651331
0.372465
0.353023
0.382779
0.396964
0.104670
0.696400
0.390245
0.380046
0.107957
0.092904
0.696421
0.080986
0.674806
0.378501
0.366818
0.677301
0.998248
0.025280
0.360522
0.372923
0.998248
0.069533
0.681335
0.367419
0.670408
0.359231
0.350185
0.399587
0.387357
0.084250
0.669258
0.290336
0.492864
0.703646
0.110369
0.132711
0.142314
0.065833
0.382036
0.674965
0.390931
0.088619
0.693685
0.692260
0.376246
0.059993
0.065868
0.684376
0.690714
0.377752
0.072482
0.373581
0.688000
0.688807
0.374345
0.363121
0.044160
0.685150
0.688374
0.689472
0.688790
0.380923
0.068950
0.378410
0.686791
0.000445
0.372174
0.315770
0.997960
0.315348
0.397013
0.394312
0.389886
0.089921
0.386363
0.682639
0.061499
0.038177
0.076868
0.368954
0.054658
0.077857
0.997960
0.050809
0.997960
0.671810
0.674285
0.359807
0.393486
0.997960
0.395231
0.694175
0.391383
0.142915
0.729551
0.999463
0.030927
0.317560
0.997960
0.703141
0.400281
0.394232
0.089311
0.674934
0.068999
0.415629
0.466437
0.021820
0.046001
0.062307
0.056224
0.097945
0.697348
0.371509
0.000329
0.064060
0.067941
0.071099
0.130314
0.996450
0.112284
0.495022
0.376188
0.686200
0.067152
0.062582
0.055666
0.684221
0.071691
0.381350
0.685038
0.071757
0.359720
0.371018
0.375781
0.373284
0.058464
0.369107
0.047520
0.044330
0.046015
0.048119
0.116230
0.124444
0.691241
0.122105
0.103500
0.374292
0.345430
0.056195
0.218794
0.431593
0.064824
0.044441
0.678072
0.683181
0.373602
0.365848
0.368334
0.371469
0.371381
0.056834
0.054437
0.054756
0.054267
0.050731
0.360628
0.048610
0.053441
0.054480
0.367968
0.996450
0.367468
0.056626
0.372228
0.372214
0.370292
0.682080
0.682150
0.053944
0.368476
0.051871
0.366012
0.363303
0.288343
0.996450
0.007443
0.409389
0.140829
0.688072
0.371886
0.682599
0.681600
0.996450
0.366593
0.366768
0.366160
0.365387
0.365118
0.681096
0.681400
0.682175
0.996450
0.682175
0.056303
0.682574
0.367498
0.051761
0.048891
0.046335
0.045772
0.679845
0.997526
0.024313
0.997526
0.091716
0.675035
0.046246
0.059659
0.100362
0.626135
0.004383
0.362400
0.369012
0.682526
0.366779
0.364807
0.363815
0.367879
0.379089
0.168839
0.289279
0.047544
0.997526
0.030797
0.376259
0.368578
0.681532
0.364659
0.060823
0.371912
0.370940
0.684774
0.056221
0.369151
0.683575
0.052190
0.049502
0.051377
0.053879
0.054693
0.055307
0.684544
0.049507
0.435621
0.440721
0.046838
0.691316
0.411993
0.420776
0.103194
0.686501
0.997949
0.383097
0.997949
0.097885
0.686780
0.437971
0.107093
0.692129
0.672136
0.027664
0.363585
0.029799
0.350771
0.375144
0.385157
0.382794
0.374281
0.375415
0.062641
0.371208
0.362611
0.061857
0.385139
0.387665
0.076199
0.747476
0.997960
0.747476
0.404388
0.361445
0.087459
0.997960
0.054789
0.674765
0.350194
0.379718
0.377015
0.065521
0.371980
0.371278
0.055792
0.682707
0.060404
0.065525
0.073804
0.072353
0.069035
0.064663
0.686429
0.046529
0.364858
0.058057
0.068650
0.075924
0.076299
0.690457
0.069991
0.997960
0.376093
0.091275
0.409400
0.101756
0.004675
0.383236
0.997960
0.390311
0.394951
0.082441
0.997960
0.349870
0.615477
0.375677
0.351523
0.377654
0.373551
0.172165
0.700107
0.740564
0.348662
0.009287
0.044889
0.061884
0.997960
0.095890
0.997960
0.093787
0.694187
0.385743
0.497164
0.442076
0.747164
0.114187
0.384345
0.086433
0.007403
0.061750
0.062258
0.076142
0.119718
0.147823
0.997960
0.154215
0.679628
0.683703
0.694201
0.997960
0.095301
0.026630
0.996450
0.372910
0.996450
0.077880
0.691431
0.099134
0.140152
0.079465
0.059932
0.062723
0.373429
0.682084
0.061237
0.996168
0.067879
0.996168
0.687549
0.374136
0.047726
0.741649
0.044377
0.350019
0.374281
0.378507
0.379546
0.053044
0.682151
0.680597
0.681695
0.037811
0.131461
0.113979
0.692610
0.655121
0.996168
0.402428
0.046527
0.619485
0.102876
0.611317
0.340622
0.059132
0.367348
0.362348
0.683586
0.684894
0.996168
0.061034
0.370152
0.369359
0.364183
0.358332
0.356915
0.365147
0.368878
0.368889
0.996450
0.053733
0.367606
0.367347
0.055169
0.683459
0.368409
0.054317
0.681551
0.053091
0.367221
0.366177
0.364250
0.361566
0.402358
0.011951
0.353812
0.390448
0.302958
0.056437
0.996450
0.057389
0.367801
0.366615
0.052102
0.051922
0.051229
0.050359
0.050090
0.365597
0.366674
0.053436
0.682175
0.055940
0.057255
0.369910
0.056101
0.368330
0.681612
0.997526
0.049362
0.047547
0.047640
0.003183
0.148319
0.324618
0.034554
0.367555
0.673606
0.035223
0.098228
0.358715
0.367374
0.370944
0.056732
0.681990
0.997526
0.048504
0.365148
0.366096
0.679204
0.737932
0.613765
0.079467
0.688090
0.685506
0.681532
0.997526
0.363815
0.053852
0.370284
0.684037
0.371525
0.057817
0.370124
0.683877
0.054615
0.683198
0.052800
0.682844
0.054489
0.370088
0.053183
0.676328
0.103111
0.016887
0.309472
0.715243
0.132554
0.702478
0.680719
0.048330
0.366246
0.030295
0.009804
0.088997
0.078668
0.395001
0.371056
0.070533
0.372110
0.677964
0.357483
0.045887
0.368749
0.375250
0.686774
0.998248
0.382282
0.081968
0.998248
0.690650
0.068525
0.998248
0.061871
0.367679
0.078812
0.386089
0.133721
0.090094
0.997960
0.367493
0.077704
0.397167
0.071191
0.997960
0.674765
0.673189
0.061570
0.681731
0.370676
0.997960
0.367523
0.682375
0.682718
0.684045
0.074848
0.690475
0.072588
0.377112
0.997960
0.371832
0.686036
0.997960
0.380653
0.622940
0.078752
0.693855
0.690457
0.069412
0.053301
0.155800
0.108771
0.066496
0.997960
0.380271
0.390311
0.997960
0.394351
0.402414
0.089038
0.322505
0.068208
0.997960
0.075465
0.997960
0.390686
0.410871
0.486125
0.286930
0.336066
0.337402
0.415089
0.104557
0.698620
0.127379
0.700365
0.105374
0.388756
0.694756
0.405925
0.997960
0.396017
0.112253
0.155110
0.620465
0.670439
0.680517
0.997960
0.680528
0.684345
0.067867
0.741488
0.380843
0.091927
0.032098
0.364412
0.373928
0.407876
0.069061
0.368144
0.365095
0.055055
0.691431
0.996450
0.387438
0.691553
0.697798
0.368640
0.684839
0.683472
0.684595
0.381236
0.380937
0.382167
0.069841
0.079473
0.056347
0.996168
0.124819
0.107132
0.683947
0.439413
0.629211
0.078954
0.057505
0.996168
0.367678
0.059178
0.065329
0.697493
0.382154
0.087486
0.319669
0.326728
0.318382
0.420536
0.070329
0.409841
0.108367
0.015023
0.086425
0.369968
0.365581
0.054405
0.060750
0.064137
0.062363
0.683061
0.680139
0.677953
0.996410
0.041560
0.366568
0.368884
0.682541
0.682552
0.368284
0.367403
0.366622
0.052068
0.053559
0.366187
0.681551
0.996450
0.050807
0.365341
0.364365
0.362639
0.340193
0.375935
0.675544
0.689396
0.620889
0.670705
0.682834
0.683345
0.370341
0.057901
0.054805
0.682078
0.368644
0.367802
0.367527
0.681578
0.680940
0.052514
0.996450
0.055231
0.370105
0.996450
0.057799
0.370789
0.369000
0.367467
0.366240
0.681888
0.367999
0.410300
0.431177
0.655699
0.074231
0.683393
0.360581
0.671621
0.678542
0.363377
0.681875
0.683920
0.997526
0.370368
0.683212
0.052943
0.365977
0.367501
0.369349
0.061002
0.051099
0.227589
0.328729
0.044326
0.376027
0.685506
0.051753
0.365073
0.681900
0.053940
0.997621
0.057200
0.370481
0.370311
0.683821
0.055583
0.683492
0.054059
0.997621
0.053891
0.368388
0.679064
0.362766
0.674814
0.997949
0.167868
0.139153
0.433009
0.086915
0.057303
0.410397
0.679780
0.071208
0.690090
0.070794
0.376577
0.382738
0.377617
0.681060
0.047682
0.684057
0.370319
0.367127
0.688450
0.998248
0.066522
0.077337
0.695493
0.098486
0.388071
0.686084
0.080038
0.685675
0.371818
0.089532
0.439106
0.394166
0.365273
0.096234
0.127628
0.420018
0.062749
0.997960
0.337699
0.082818
0.042194
0.061986
0.679711
0.061070
0.057989
0.055923
0.683053
0.051461
0.367704
0.065209
0.074342
0.997960
0.071563
0.997960
0.377112
0.066673
0.377649
0.038254
0.007665
0.997960
0.047185
0.997960
0.077151
0.053293
0.345901
0.062290
0.997960
0.117757
0.373240
0.375192
0.384983
0.394351
0.694655
0.698348
0.405026
0.107852
0.092641
0.100233
0.410988
0.077300
0.997960
0.045719
0.013938
0.032476
0.040682
0.997960
0.721761
0.138621
0.144395
0.708980
0.144536
0.388339
0.385336
0.384563
0.694756
0.107744
0.395707
0.423229
0.434518
0.391278
0.025218
0.415265
0.380741
0.368590
0.059553
0.054671
0.695762
0.365098
0.681574
0.997960
0.038139
0.383167
0.073079
0.377858
0.058676
0.054439
0.069714
0.070058
0.073655
0.687501
0.393805
0.402514
0.681841
0.373300
0.377451
0.066641
0.689177
0.076460
0.379443
0.391586
0.386112
0.280567
0.168622
0.702817
0.053488
0.133372
0.339199
0.676698
0.011637
0.374712
0.059975
0.060544
0.389363
0.403727
0.065386
0.376310
0.371992
0.045799
0.373420
0.996168
0.120626
0.144764
0.723658
0.708066
0.697443
0.688577
0.682786
0.682594
0.684668
0.059535
0.372264
0.370322
0.370424
0.051241
0.045134
0.039465
0.680542
0.682507
0.682912
0.368815
0.368244
0.996450
0.368176
0.052075
0.366296
0.365678
0.365366
0.050649
0.365928
0.049085
0.364240
0.996450
0.042880
0.340786
0.361801
0.698266
0.020967
0.386539
0.316226
0.670705
0.067783
0.686391
0.060040
0.372904
0.058070
0.682673
0.371105
0.370385
0.054546
0.367662
0.368381
0.368788
0.369066
0.053708
0.055183
0.056605
0.369482
0.683863
0.368998
0.368076
0.368119
0.698709
0.304048
0.997526
0.358498
0.033844
0.045626
0.700842
0.357219
0.045671
0.997526
0.051025
0.370071
0.371820
0.371981
0.369901
0.368619
0.369069
0.370977
0.065263
0.997526
0.689728
0.699550
0.167824
0.383748
0.062835
0.052601
0.046028
0.366577
0.997526
0.053574
0.056402
0.369961
0.683941
0.056056
0.683410
0.369721
0.683749
0.054607
0.682844
0.053200
0.367463
0.052354
0.040845
0.044402
0.086571
0.336456
0.399823
0.400374
0.379885
0.064790
0.746155
0.403715
0.073020
0.686888
0.062943
0.373121
0.376105
0.998248
0.061873
0.372354
0.998248
0.684057
0.073822
0.066643
0.079316
0.076060
0.389867
0.998248
0.394503
0.402978
0.096379
0.684038
0.688049
0.367953
0.370060
0.387703
0.064330
0.079267
0.350732
0.101991
0.275690
0.008504
0.693039
0.689190
0.642620
0.404459
0.376586
0.372613
0.375575
0.373370
0.685204
0.051800
0.367253
0.056572
0.375775
0.072412
0.072403
0.377329
0.070836
0.074612
0.084581
0.032388
0.366435
0.434449
0.080872
0.702673
0.100117
0.063497
0.997960
0.021617
0.383711
0.394218
0.110569
0.082540
0.058879
0.011899
0.388693
0.997960
0.091493
0.111309
0.402192
0.997960
0.067852
0.997960
0.410741
0.301227
0.670563
0.691151
0.426287
0.019060
0.347718
0.492388
0.076557
0.413508
0.086249
0.432747
0.390937
0.690165
0.070646
0.072872
0.378570
0.074889
0.064297
0.687937
0.370627
0.668224
0.098438
0.371930
0.373974
0.373192
0.062714
0.058713
0.058350
0.367133
0.366463
0.064317
0.073629
0.378539
0.376405
0.375506
0.376911
0.072827
0.381730
0.996450
0.385401
0.399144
0.380905
0.052646
0.056825
0.065366
0.379136
0.688404
0.077256
0.381484
0.624303
0.376965
0.122158
0.700951
0.436889
0.064842
0.118688
0.376039
0.669961
0.057480
0.378097
0.686431
0.376968
0.373354
0.376315
0.371927
0.370194
0.368959
0.364146
0.996168
0.058306
0.067229
0.379871
0.489688
0.442054
0.028216
0.394837
0.378582
0.371285
0.372670
0.370937
0.682214
0.054414
0.052950
0.364840
0.361254
0.360132
0.046858
0.367365
0.368965
0.368738
0.055198
0.055277
0.683710
0.054663
0.367683
0.366741
0.366046
0.680828
0.996450
0.364692
0.680020
0.362278
0.663117
0.685730
0.996450
0.047967
0.381749
0.047850
0.072762
0.075427
0.071035
0.376202
0.065049
0.996450
0.067871
0.065110
0.378104
0.683734
0.373049
0.057012
0.055789
0.052101
0.052948
0.681165
0.681745
0.365328
0.366827
0.371024
0.056305
0.056105
0.058831
0.297240
0.697676
0.034389
0.667761
0.035477
0.371951
0.067483
0.077057
0.685621
0.682291
0.060355
0.373571
0.062166
0.061244
0.059783
0.059960
0.062761
0.066932
0.067007
0.071315
0.073507
0.180453
0.399044
0.687669
0.686797
0.060908
0.369582
0.369051
0.053736
0.369839
0.369637
0.369748
0.997949
0.055192
0.683216
0.368740
0.054868
0.054545
0.053380
0.682542
0.997949
0.050497
0.679564
0.348112
0.997949
0.090605
0.742621
0.427600
0.676686
0.051948
0.997949
0.418290
0.045959
0.365998
0.683790
0.997949
0.374506
0.689068
0.065334
0.998248
0.117293
0.690603
0.088861
0.998248
0.369470
0.384750
0.694504
0.695493
0.694504
0.098993
0.102476
0.089307
0.070897
0.686136
0.062262
0.384973
0.381041
0.997960
0.104995
0.997960
0.742462
0.595377
0.317179
0.038972
0.100278
0.124532
0.997960
0.064569
0.374758
0.997960
0.370275
0.368486
0.368580
0.059945
0.376024
0.072345
0.380090
0.379139
0.688197
0.069277
0.360226
0.348128
0.997960
0.360995
0.125090
0.146697
0.701434
0.106239
0.043583
0.378810
0.997960
0.377506
0.104326
0.384945
0.702423
0.046387
0.083070
0.387372
0.687184
0.375079
0.093899
0.400681
0.085182
0.673751
0.298211
0.343120
0.040045
0.360419
0.632987
0.742520
0.108088
0.075151
0.373632
0.043326
0.997960
0.043058
0.055408
0.061193
0.066613
0.064690
0.070348
0.997949
0.064098
0.679196
0.355563
0.396608
0.376908
0.376853
0.061202
0.996450
0.061801
0.996450
0.684797
0.056571
0.056817
0.684457
0.685494
0.686412
0.063247
0.684418
0.375216
0.072669
0.996450
0.073386
0.076818
0.075691
0.062199
0.368206
0.370913
0.371360
0.375550
0.686588
0.075710
0.316853
0.996168
0.330421
0.082531
0.689127
0.672268
0.674790
0.051478
0.346952
0.673378
0.038569
0.378847
0.068754
0.347974
0.360149
0.367070
0.368054
0.367647
0.367604
0.366239
0.363645
0.052464
0.681257
0.052233
0.055285
0.037490
0.404471
0.095724
0.073813
0.062533
0.996393
0.370707
0.681363
0.680523
0.363560
0.363381
0.362969
0.996410
0.050927
0.054816
0.056982
0.056977
0.371163
0.371750
0.371476
0.684176
0.056302
0.683119
0.053136
0.051193
0.050598
0.049756
0.048828
0.046751
0.024702
0.046067
0.435462
0.081992
0.063293
0.372002
0.688654
0.377216
0.379083
0.378654
0.688918
0.379080
0.689700
0.996450
0.381744
0.374706
0.684605
0.683136
0.681366
0.682510
0.996450
0.048910
0.363773
0.361798
0.679937
0.054061
0.683985
0.685283
0.997526
0.064644
0.287166
0.667761
0.677828
0.683142
0.685670
0.684456
0.689290
0.686812
0.068411
0.374175
0.374204
0.685755
0.685820
0.997526
0.065278
0.688975
0.377000
0.377931
0.376531
0.997526
0.684732
0.376207
0.387422
0.685841
0.373525
0.372716
0.371811
0.683821
0.370449
0.370088
0.369488
0.369403
0.683043
0.368244
0.367975
0.367633
0.053159
0.367348
0.051453
0.050191
0.364563
0.047516
0.681012
0.097269
0.997949
0.108177
0.488800
0.126412
0.585006
0.070687
0.371719
0.372411
0.370325
0.050833
0.052060
0.063812
0.688677
0.071205
0.374263
0.385444
0.136506
0.311661
0.060970
0.077404
0.998248
0.074092
0.075278
0.079920
0.384180
0.693554
0.385980
0.383978
0.062782
0.068358
0.391821
0.385897
0.682030
0.080722
0.123799
0.277779
0.003500
0.091366
0.374229
0.359390
0.329644
0.063314
0.374668
0.062623
0.059522
0.055692
0.369134
0.058458
0.997960
0.377213
0.073005
0.997960
0.071231
0.687656
0.688197
0.035034
0.997960
0.036295
0.997960
0.088273
0.393578
0.692331
0.097743
0.389571
0.385372
0.066263
0.698930
0.997960
0.095567
0.378523
0.997960
0.683041
0.081295
0.997960
0.378509
0.067491
0.997960
0.694179
0.379516
0.049808
0.360314
0.343998
0.008176
0.117958
0.048847
0.687583
0.687950
0.378972
0.426805
0.026429
0.997960
0.682787
0.371155
0.685714
0.686462
0.065058
0.066817
0.066893
0.375191
0.373680
0.066078
0.064156
0.059001
0.056343
0.059942
0.372800
0.059470
0.056757
0.367938
0.368172
0.058794
0.062253
0.064346
0.062261
0.684396
0.373185
0.377084
0.072456
0.379179
0.378979
0.378852
0.686875
0.369732
0.368260
0.381648
0.432391
0.701609
0.070776
0.415810
0.043288
0.680593
0.108932
0.100608
0.062399
0.689460
0.042858
0.358903
0.681342
0.361165
0.060405
0.362425
0.391358
0.681404
0.370072
0.368171
0.051979
0.365422
0.999160
0.364717
0.051436
0.996168
0.048078
0.359849
0.340779
0.365678
0.369396
0.368996
0.368820
0.371150
0.368485
0.366061
0.047402
0.679442
0.362093
0.996410
0.047369
0.996410
0.052173
0.683631
0.684021
0.684490
0.684536
0.684176
0.683586
0.996450
0.369667
0.996450
0.367991
0.367946
0.681183
0.681034
0.680958
0.996450
0.131030
0.051915
0.379312
0.373133
0.996450
0.059333
0.686718
0.996450
0.072312
0.081672
0.386302
0.387262
0.390784
0.088540
0.081141
0.068217
0.684605
0.058646
0.374511
0.065462
0.050282
0.360291
0.678861
0.997526
0.051202
0.370002
0.057991
0.380671
0.081191
0.084883
0.344100
0.342595
0.357926
0.051708
0.057662
0.368926
0.689290
0.053741
0.374448
0.373854
0.373799
0.061669
0.063941
0.376849
0.064744
0.373047
0.370807
0.060667
0.053500
0.054704
0.698419
0.059250
0.063352
0.374539
0.374425
0.373534
0.370658
0.371461
0.684412
0.369681
0.368747
0.997949
0.683043
0.682782
0.366830
0.366761
0.050980
0.681748
0.049004
0.364048
0.363635
0.046298
0.047802
0.113024
0.051585
0.051313
0.104975
0.065026
0.061757
0.997949
0.685711
0.374073
0.679967
0.685256
0.997960
0.072659
0.078055
0.065979
0.069197
0.079943
0.079258
0.689451
0.378358
0.068290
0.685917
0.389983
0.067114
0.998248
0.073486
0.069749
0.378372
0.997960
0.383435
0.997960
0.692810
0.385897
0.376572
0.307767
0.385490
0.359705
0.362293
0.680616
0.371148
0.377590
0.074541
0.685672
0.058717
0.684163
0.370032
0.369812
0.059864
0.686525
0.377063
0.072471
0.072338
0.378597
0.997960
0.067209
0.056286
0.037588
0.047011
0.377815
0.997960
0.384019
0.693241
0.400861
0.385853
0.081095
0.997960
0.380320
0.392682
0.388616
0.997960
0.378523
0.081673
0.377736
0.079010
0.997960
0.689286
0.072081
0.382489
0.124071
0.698073
0.039881
0.997960
0.671194
0.699699
0.376634
0.376465
0.070542
0.115584
0.003123
0.041467
0.044222
0.053156
0.370329
0.061273
0.062734
0.374679
0.063909
0.997949
0.064433
0.062775
0.370994
0.056150
0.682878
0.057595
0.683241
0.370315
0.368784
0.367054
0.365788
0.681513
0.367406
0.370084
0.372837
0.685358
0.373716
0.373690
0.375280
0.377560
0.378024
0.377566
0.377559
0.066856
0.056193
0.695746
0.430035
0.399943
0.996168
0.073911
0.423274
0.742638
0.425293
0.389389
0.109514
0.367088
0.378797
0.681694
0.681342
0.996168
0.374713
0.683956
0.121405
0.394707
0.061219
0.682809
0.368084
0.999160
0.368557
0.051933
0.999160
0.047953
0.365304
0.364608
0.045484
0.355201
0.360209
0.362950
0.364282
0.682065
0.368868
0.050455
0.047408
0.361460
0.044350
0.361260
0.044863
0.046183
0.364153
0.050407
0.055959
0.058199
0.060423
0.373366
0.060724
0.371916
0.058152
0.369921
0.369043
0.368435
0.996450
0.052805
0.366956
0.050884
0.072619
0.996488
0.399108
0.387788
0.705367
0.117425
0.036512
0.112716
0.381886
0.388373
0.693725
0.394497
0.012514
0.394965
0.695861
0.689340
0.685353
0.685328
0.075223
0.380214
0.687055
0.678881
0.358255
0.359182
0.679937
0.047842
0.055968
0.997526
0.068738
0.997526
0.694732
0.393475
0.051075
0.354531
0.681471
0.997526
0.053540
0.681997
0.051978
0.367088
0.052045
0.056772
0.685947
0.686453
0.373535
0.370396
0.365936
0.366703
0.683473
0.682109
0.997526
0.053008
0.058576
0.686044
0.997526
0.374659
0.374341
0.060160
0.371692
0.997949
0.055371
0.368031
0.683043
0.051496
0.050835
0.365801
0.365762
0.365686
0.365483
0.048177
0.364243
0.681334
0.047880
0.365846
0.366729
0.682875
0.051020
0.362107
0.685803
0.075049
0.089658
0.091189
0.375397
0.361977
0.369716
0.069017
0.074260
0.997960
0.072228
0.997960
0.073357
0.382436
0.071404
0.687258
0.063269
0.700641
0.998248
0.402976
0.064153
0.372574
0.372108
0.372768
0.069497
0.078753
0.389301
0.390976
0.091586
0.374413
0.333057
0.234110
0.384891
0.347120
0.040472
0.371535
0.386367
0.077976
0.683779
0.052551
0.682285
0.369913
0.371040
0.372222
0.374083
0.377247
0.070191
0.688902
0.997960
0.069250
0.081592
0.381522
0.378123
0.068075
0.046436
0.054963
0.377297
0.398528
0.997960
0.335426
0.063930
0.053680
0.068269
0.061795
0.372095
0.381190
0.383251
0.364571
0.114446
0.997960
0.389787
0.083318
0.696302
0.131303
0.698073
0.997960
0.098221
0.397922
0.319096
0.375507
0.687747
0.373620
0.687363
0.386552
0.403446
0.357440
0.357681
0.356253
0.683588
0.371622
0.061794
0.685841
0.373884
0.061819
0.371746
0.368748
0.682972
0.052061
0.368477
0.369479
0.368800
0.681981
0.051423
0.996450
0.680829
0.365871
0.367576
0.996450
0.683425
0.061984
0.996450
0.375343
0.686731
0.996450
0.686731
0.686644
0.686638
0.686687
0.066071
0.996168
0.412157
0.234594
0.015093
0.392844
0.446394
0.173408
0.426898
0.407730
0.051825
0.702947
0.031050
0.064233
0.062265
0.065117
0.996168
0.081243
0.115130
0.093013
0.382277
0.060104
0.367560
0.049785
0.368036
0.367074
0.050109
0.682218
0.047939
0.680424
0.047583
0.676986
0.996168
0.041965
0.679401
0.048318
0.049055
0.679631
0.679086
0.678779
0.361338
0.678884
0.043813
0.362461
0.679830
0.049465
0.368328
0.996410
0.058435
0.060873
0.371798
0.059098
0.683699
0.057556
0.057420
0.057219
0.056866
0.046844
0.054465
0.384189
0.041453
0.080544
0.142001
0.705367
0.996488
0.705367
0.148653
0.996450
0.425384
0.091245
0.343096
0.019124
0.667751
0.068329
0.398774
0.388372
0.379011
0.371062
0.370779
0.390592
0.087503
0.375442
0.360617
0.357836
0.359977
0.364798
0.368138
0.365450
0.386288
0.418334
0.412364
0.696588
0.084313
0.048805
0.362596
0.363888
0.681839
0.043925
0.359174
0.044611
0.682586
0.684444
0.372398
0.373585
0.683789
0.682342
0.997526
0.377027
0.376673
0.369990
0.682109
0.054632
0.685368
0.059951
0.374972
0.375108
0.685586
0.685230
0.997949
0.057334
0.368577
0.367368
0.050810
0.681840
0.365568
0.048980
0.681454
0.365078
0.365040
0.048095
0.364958
0.365581
0.366510
0.683019
0.052588
0.683872
0.053506
0.372505
0.997949
0.094896
0.448611
0.688602
0.694905
0.068257
0.049307
0.689790
0.692646
0.691199
0.384190
0.688700
0.074726
0.689109
0.686971
0.998248
0.073100
0.174567
0.128880
0.748248
0.115894
0.307387
0.370077
0.370175
0.068220
0.997960
0.084113
0.086280
0.071489
0.687805
0.354134
0.323179
0.299045
0.356503
0.346986
0.368596
0.380666
0.070434
0.699663
0.054513
0.370284
0.684038
0.683710
0.376193
0.375547
0.070305
0.377972
0.378629
0.068662
0.378018
0.071423
0.685868
0.997960
0.062518
0.368163
0.997960
0.046659
0.433432
0.335426
0.656608
0.004245
0.371545
0.678873
0.679919
0.997960
0.053345
0.042162
0.400943
0.319609
0.074903
0.394873
0.404706
0.306359
0.676447
0.355648
0.310393
0.089216
0.617358
0.375797
0.377894
0.380244
0.379117
0.051980
0.384617
0.407821
0.710948
0.679462
0.679666
0.361863
0.369158
0.060221
0.685549
0.373024
0.685528
0.684573
0.682415
0.051050
0.364354
0.052199
0.368798
0.682001
0.367364
0.365630
0.047628
0.363436
0.363096
0.364623
0.053011
0.059301
0.062912
0.064702
0.064829
0.064379
0.064125
0.063761
0.063765
0.064709
0.064549
0.996168
0.099337
0.996168
0.418564
0.698942
0.996168
0.151511
0.447231
0.996168
0.135917
0.397473
0.678657
0.085991
0.686345
0.059857
0.996393
0.068212
0.375660
0.077192
0.689838
0.684934
0.368634
0.365937
0.683252
0.051523
0.366229
0.365514
0.682109
0.047439
0.996393
0.048317
0.044384
0.042005
0.678668
0.362043
0.679628
0.679675
0.363249
0.045916
0.044983
0.361912
0.361741
0.362044
0.362912
0.680126
0.364143
0.051488
0.055485
0.055917
0.683964
0.059076
0.369932
0.056393
0.683438
0.683674
0.996450
0.068776
0.434386
0.697525
0.356589
0.122546
0.683671
0.092027
0.094992
0.705367
0.122663
0.029981
0.129816
0.066174
0.066675
0.400372
0.659729
0.296126
0.996450
0.072703
0.698180
0.075682
0.996450
0.057683
0.398934
0.371701
0.382823
0.684837
0.050576
0.048886
0.052063
0.368143
0.055300
0.061250
0.143092
0.144235
0.396635
0.380437
0.681701
0.365046
0.049831
0.047384
0.044961
0.044211
0.364133
0.049079
0.054635
0.057844
0.371359
0.371054
0.368176
0.682342
0.363920
0.081644
0.057281
0.063556
0.048549
0.370948
0.385140
0.066339
0.063515
0.374445
0.372901
0.371684
0.369990
0.368236
0.051552
0.365950
0.997949
0.049012
0.681573
0.365122
0.048527
0.681684
0.048868
0.366120
0.682571
0.681938
0.054020
0.056317
0.699625
0.430309
0.296341
0.075365
0.437618
0.121639
0.400215
0.383458
0.997949
0.075818
0.099605
0.689801
0.087420
0.079470
0.689504
0.383294
0.380222
0.376937
0.071860
0.998248
0.424268
0.999778
0.725682
0.160326
0.415875
0.329872
0.386099
0.374594
0.075363
0.082759
0.692867
0.078317
0.365451
0.682132
0.353804
0.347450
0.356158
0.349856
0.365075
0.376481
0.097723
0.702121
0.079588
0.684038
0.997960
0.043935
0.390505
0.381059
0.095056
0.375916
0.668605
0.687286
0.687246
0.041024
0.053774
0.685868
0.052085
0.997960
0.368163
0.047968
0.301657
0.404887
0.997960
0.344497
0.685327
0.044935
0.039417
0.367424
0.997960
0.384934
0.293079
0.374151
0.387536
0.372992
0.074903
0.406444
0.017034
0.610281
0.374006
0.077470
0.379747
0.378805
0.378131
0.077225
0.066756
0.056282
0.997960
0.443817
0.096075
0.040599
0.054914
0.091943
0.682473
0.683347
0.372742
0.685537
0.057981
0.055015
0.052016
0.366239
0.052932
0.370225
0.996450
0.682672
0.365894
0.047641
0.362194
0.042965
0.043038
0.046104
0.366084
0.061339
0.996450
0.376663
0.375524
0.372888
0.058387
0.996450
0.369990
0.371050
0.685001
0.061336
0.056201
0.712580
0.430432
0.394908
0.396459
0.184665
0.996168
0.132506
0.386276
0.996168
0.690695
0.064450
0.686970
0.062970
0.686797
0.684786
0.366983
0.059372
0.072182
0.063749
0.368580
0.367043
0.367507
0.682753
0.682456
0.365409
0.999160
0.363431
0.049063
0.032694
0.355488
0.344840
0.037462
0.047283
0.047503
0.046183
0.046304
0.362316
0.361682
0.361236
0.361483
0.678051
0.045512
0.680529
0.364640
0.050879
0.366778
0.999692
0.368843
0.058960
0.683962
0.055923
0.055593
0.057695
0.074073
0.996450
0.408635
0.367578
0.691272
0.012944
0.996488
0.381690
0.996488
0.091608
0.068668
0.023404
0.102826
0.682157
0.693159
0.412529
0.043201
0.345628
0.674082
0.073597
0.697461
0.088939
0.046385
0.045000
0.081872
0.079120
0.066638
0.382553
0.057129
0.371984
0.370939
0.055401
0.368429
0.067790
0.997526
0.052755
0.060660
0.050026
0.050097
0.052548
0.682513
0.681531
0.681578
0.367555
0.681114
0.365888
0.997526
0.053672
0.053889
0.051454
0.050108
0.048564
0.050802
0.053959
0.042507
0.997526
0.028593
0.018764
0.378246
0.997526
0.066519
0.061998
0.060259
0.058096
0.369729
0.053214
0.366598
0.365820
0.365653
0.049077
0.681699
0.681573
0.049206
0.997949
0.050197
0.682710
0.367414
0.053014
0.056629
0.073853
0.997949
0.699625
0.490844
0.314167
0.112869
0.367446
0.079076
0.066275
0.125546
0.125431
0.710781
0.088195
0.092993
0.389043
0.082717
0.079722
0.378885
0.376857
0.371891
0.382004
0.408645
0.723865
0.414745
0.379577
0.997960
0.398977
0.347433
0.416767
0.064131
0.632118
0.692781
0.386980
0.067815
0.685230
0.047643
0.681839
0.361459
0.360010
0.367139
0.078662
0.395427
0.385785
0.382271
0.049657
0.027135
0.674481
0.352805
0.113413
0.453048
0.377988
0.686590
0.048471
0.068756
0.060229
0.669673
0.051957
0.997960
0.370630
0.372055
0.052550
0.399481
0.310779
0.338770
0.372724
0.060473
0.681121
0.688436
0.051641
0.063896
0.696046
0.081770
0.093249
0.073534
0.059347
0.378174
0.089372
0.104060
0.083765
0.024236
0.098299
0.127698
0.375135
0.059458
0.997960
0.691089
0.386641
0.695311
0.048260
0.675068
0.686183
0.997960
0.686183
0.112760
0.369398
0.372271
0.059878
0.057316
0.684479
0.369709
0.370434
0.060360
0.997190
0.058366
0.054319
0.054829
0.997526
0.362785
0.362236
0.361645
0.364295
0.368734
0.064646
0.377630
0.687481
0.686918
0.371728
0.683612
0.370236
0.366111
0.367367
0.057124
0.373618
0.067387
0.070302
0.078157
0.096144
0.124056
0.150766
0.144712
0.113539
0.673970
0.690695
0.052075
0.376817
0.372632
0.996393
0.057504
0.054902
0.049558
0.996393
0.055896
0.372422
0.371540
0.369246
0.055035
0.052842
0.050302
0.999160
0.046075
0.046068
0.339663
0.350280
0.340377
0.363037
0.744922
0.039591
0.048058
0.999692
0.365329
0.681936
0.681637
0.681840
0.363342
0.999692
0.681332
0.046376
0.681071
0.050783
0.366373
0.684880
0.055156
0.059349
0.684552
0.371444
0.056688
0.371878
0.059526
0.106882
0.130204
0.402422
0.376806
0.384155
0.075711
0.694707
0.098294
0.084307
0.384525
0.366536
0.356714
0.043200
0.051306
0.000937
0.674472
0.414440
0.383466
0.395880
0.389077
0.073133
0.061875
0.127803
0.996450
0.077616
0.370716
0.048078
0.366678
0.684341
0.997526
0.369761
0.366936
0.683272
0.072313
0.367298
0.679942
0.681390
0.997526
0.053260
0.054854
0.055304
0.055086
0.367961
0.364273
0.682513
0.055644
0.997526
0.051552
0.363762
0.680160
0.046156
0.023508
0.295797
0.372987
0.378691
0.376103
0.047697
0.388114
0.071770
0.374793
0.684978
0.058506
0.369989
0.054996
0.367506
0.682024
0.365624
0.997949
0.365449
0.681656
0.049426
0.050168
0.050552
0.367553
0.683237
0.682710
0.369832
0.058693
0.373405
0.075215
0.177823
0.701845
0.703269
0.687295
0.068815
0.365416
0.682190
0.069174
0.327779
0.087995
0.368321
0.693708
0.997960
0.693708
0.078981
0.380936
0.378081
0.374927
0.061700
0.365617
0.664745
0.115975
0.117320
0.083262
0.329512
0.682182
0.348063
0.411195
0.678951
0.032171
0.072599
0.374816
0.685422
0.371466
0.051433
0.683059
0.366251
0.054681
0.064958
0.689374
0.078868
0.381987
0.383032
0.056585
0.997960
0.359889
0.079878
0.367473
0.700642
0.094515
0.009333
0.689168
0.386232
0.065765
0.381195
0.067214
0.050727
0.041830
0.049436
0.114966
0.159010
0.086337
0.366175
0.997960
0.063058
0.691097
0.997960
0.091865
0.997960
0.696046
0.693865
0.694065
0.685202
0.686302
0.378518
0.997960
0.689788
0.353346
0.623362
0.702783
0.095408
0.011052
0.096847
0.059986
0.042198
0.060454
0.010824
0.080327
0.034157
0.686183
0.411379
0.053296
0.058255
0.371618
0.373049
0.059200
0.997949
0.060498
0.688117
0.378397
0.068487
0.376021
0.063994
0.684439
0.371727
0.057390
0.996450
0.680141
0.365294
0.056575
0.435499
0.376284
0.378354
0.375965
0.684898
0.368964
0.367057
0.680382
0.680372
0.681459
0.373767
0.378996
0.386569
0.389450
0.394190
0.403351
0.404837
0.332182
0.687828
0.383096
0.363401
0.391793
0.996168
0.058597
0.370022
0.050949
0.680178
0.047695
0.366556
0.056734
0.374420
0.373875
0.374898
0.686654
0.056210
0.368831
0.051643
0.115603
0.314198
0.346031
0.348631
0.355975
0.363504
0.385659
0.102265
0.366719
0.047550
0.682799
0.048542
0.364409
0.363647
0.682002
0.363969
0.365143
0.999692
0.047657
0.290176
0.047261
0.056935
0.999692
0.059412
0.684817
0.372483
0.059299
0.372006
0.387149
0.385305
0.693874
0.063651
0.080143
0.386283
0.996450
0.069565
0.379813
0.692524
0.691071
0.671668
0.358706
0.365282
0.996450
0.049853
0.003472
0.059284
0.132145
0.097348
0.378826
0.384649
0.382691
0.423235
0.396233
0.113017
0.675922
0.038470
0.363946
0.055001
0.054490
0.052428
0.681381
0.367062
0.684490
0.683859
0.366616
0.366273
0.367460
0.683717
0.684245
0.370458
0.683304
0.049545
0.037026
0.036012
0.364358
0.052420
0.365052
0.363510
0.362848
0.344747
0.677189
0.408540
0.310275
0.086866
0.403191
0.399966
0.388480
0.379148
0.373483
0.684970
0.057966
0.369536
0.368365
0.366933
0.050282
0.365291
0.365272
0.365132
0.049151
0.366006
0.051218
0.367682
0.683237
0.683647
0.054748
0.058011
0.373356
0.685957
0.062129
0.372468
0.429996
0.391192
0.997949
0.053208
0.365814
0.683509
0.039306
0.383729
0.997960
0.378320
0.388276
0.385038
0.693478
0.689290
0.075489
0.382572
0.379513
0.687334
0.372256
0.681690
0.064923
0.997960
0.382460
0.056243
0.690133
0.075721
0.691389
0.022632
0.393344
0.080410
0.372556
0.997960
0.371065
0.683059
0.683342
0.683831
0.997960
0.059972
0.714984
0.689374
0.700003
0.687514
0.062677
0.052267
0.383800
0.997960
0.088383
0.696549
0.108823
0.080639
0.079744
0.997960
0.388281
0.078193
0.380622
0.376669
0.057816
0.056915
0.715784
0.710389
0.997960
0.393833
0.073532
0.067043
0.069937
0.066634
0.391586
0.064005
0.053149
0.048574
0.061630
0.056367
0.058141
0.373674
0.068655
0.060671
0.377500
0.060131
0.126670
0.350938
0.053975
0.053328
0.049901
0.366267
0.360319
0.369903
0.688716
0.376226
0.044755
0.044186
0.056730
0.997960
0.685507
0.373422
0.685560
0.060373
0.375649
0.073066
0.997526
0.387491
0.382232
0.081930
0.378151
0.997526
0.687813
0.063913
0.065121
0.384514
0.177657
0.743964
0.493439
0.062361
0.061527
0.055091
0.366558
0.364625
0.363482
0.048015
0.049006
0.685552
0.377752
0.688161
0.692411
0.391505
0.996393
0.044379
0.351367
0.059734
0.055277
0.374452
0.371709
0.056176
0.366798
0.681341
0.050012
0.680466
0.049133
0.368295
0.999160
0.686214
0.377467
0.375030
0.999160
0.059067
0.999160
0.120588
0.412987
0.999160
0.056215
0.999160
0.056999
0.999160
0.685200
0.392480
0.039980
0.365557
0.363145
0.683010
0.365834
0.365402
0.364766
0.048539
0.049414
0.049306
0.300164
0.680505
0.685401
0.999692
0.372018
0.119552
0.372692
0.684370
0.059666
0.352480
0.288457
0.463239
0.051121
0.688888
0.996450
0.067189
0.069803
0.097314
0.053894
0.074931
0.385196
0.074122
0.996450
0.680055
0.365282
0.682022
0.376056
0.381412
0.437742
0.186515
0.029481
0.376359
0.365295
0.690932
0.681120
0.358115
0.357734
0.360134
0.363636
0.365405
0.997526
0.047519
0.364241
0.364624
0.366527
0.054515
0.056068
0.058089
0.058520
0.070299
0.056045
0.371110
0.686896
0.364213
0.026323
0.044699
0.362302
0.681866
0.997526
0.048335
0.363615
0.313684
0.493537
0.433408
0.408465
0.407502
0.329981
0.076003
0.069675
0.374773
0.373942
0.386452
0.376717
0.371410
0.368158
0.366573
0.365815
0.682059
0.365402
0.364969
0.364843
0.365586
0.051542
0.368127
0.054006
0.684177
0.997949
0.684177
0.372833
0.997949
0.062467
0.373154
0.371280
0.053298
0.054878
0.365510
0.369288
0.684704
0.068328
0.688372
0.089111
0.065362
0.075586
0.050133
0.005487
0.381552
0.382919
0.066054
0.070352
0.069977
0.068745
0.375752
0.052970
0.067305
0.374235
0.686115
0.376553
0.071725
0.997960
0.074728
0.687254
0.378509
0.058623
0.057409
0.684197
0.055651
0.055191
0.055609
0.055592
0.085088
0.997960
0.417026
0.121904
0.065753
0.381707
0.075566
0.379813
0.078525
0.997960
0.691315
0.084303
0.997960
0.078128
0.383371
0.075734
0.997960
0.378111
0.372163
0.369584
0.061223
0.684446
0.405159
0.403468
0.093401
0.375153
0.685649
0.685371
0.997960
0.368950
0.682288
0.356671
0.343698
0.357605
0.053855
0.687609
0.062198
0.379285
0.385814
0.391575
0.096655
0.387358
0.032427
0.371253
0.691445
0.997960
0.380071
0.358334
0.061580
0.997960
0.380142
0.381216
0.377204
0.376699
0.084004
0.060421
0.373457
0.061791
0.376002
0.072650
0.692224
0.079204
0.068807
0.701722
0.698604
0.089297
0.072674
0.068084
0.383102
0.377475
0.376754
0.093499
0.996450
0.458679
0.745173
0.682437
0.368140
0.050651
0.048068
0.042376
0.679673
0.680632
0.996393
0.685552
0.092585
0.083275
0.382726
0.405103
0.679927
0.996393
0.000550
0.426568
0.061267
0.053869
0.367441
0.366773
0.680829
0.365553
0.996393
0.050099
0.372443
0.375893
0.062661
0.063821
0.372142
0.686654
0.056798
0.047011
0.341566
0.684099
0.412987
0.063834
0.060753
0.387476
0.372645
0.070770
0.386225
0.062822
0.364726
0.365137
0.047671
0.047780
0.047838
0.047263
0.366180
0.367549
0.379701
0.999692
0.048617
0.411640
0.433854
0.125327
0.422987
0.096604
0.996450
0.040428
0.996450
0.161076
0.644968
0.676881
0.072033
0.377517
0.373237
0.371138
0.996450
0.059521
0.996450
0.064137
0.060696
0.060229
0.066210
0.062542
0.374081
0.378730
0.373354
0.381681
0.406824
0.092050
0.688359
0.689381
0.040924
0.058857
0.364332
0.997526
0.361792
0.364388
0.364676
0.047609
0.997526
0.044264
0.362448
0.365144
0.683297
0.369785
0.353471
0.063109
0.683826
0.685333
0.686896
0.997526
0.055491
0.400943
0.997526
0.065303
0.053026
0.054463
0.380426
0.363733
0.738697
0.075011
0.429127
0.402947
0.332189
0.356476
0.370059
0.686379
0.373271
0.082941
0.391478
0.380514
0.687939
0.372653
0.053877
0.367971
0.366251
0.997949
0.048685
0.680912
0.363893
0.050381
0.682443
0.054216
0.369716
0.370157
0.371323
0.060011
0.061377
0.061978
0.060500
0.371129
0.367808
0.366198
0.368741
0.370885
0.371646
0.375494
0.997960
0.129803
0.381900
0.997960
0.006938
0.662952
0.057704
0.058980
0.997960
0.059370
0.997960
0.066239
0.066584
0.682806
0.684459
0.686115
0.997960
0.686115
0.686778
0.062909
0.370842
0.064254
0.997960
0.370902
0.369862
0.056171
0.997960
0.058125
0.746625
0.063738
0.092843
0.017471
0.396613
0.305928
0.684276
0.378131
0.074060
0.690603
0.075958
0.075497
0.387566
0.070822
0.692599
0.376217
0.375359
0.376482
0.070261
0.687005
0.052883
0.678283
0.052555
0.062949
0.069978
0.084230
0.379383
0.064410
0.053559
0.369461
0.368950
0.997960
0.361372
0.363952
0.358210
0.039066
0.679622
0.372778
0.072753
0.997960
0.691246
0.089822
0.997960
0.074885
0.427512
0.377721
0.689717
0.057675
0.997960
0.344342
0.046694
0.063736
0.371861
0.382180
0.997960
0.393334
0.997960
0.076915
0.373701
0.065312
0.688378
0.379065
0.382494
0.386034
0.089068
0.091667
0.692202
0.997526
0.381820
0.068458
0.997190
0.367041
0.997190
0.109417
0.156080
0.431816
0.142191
0.066098
0.372414
0.681456
0.374817
0.375715
0.032899
0.053138
0.685328
0.084425
0.996393
0.413596
0.112311
0.075624
0.708021
0.025724
0.738833
0.331538
0.682911
0.682432
0.368363
0.996393
0.051860
0.996393
0.050337
0.682342
0.996393
0.059238
0.999160
0.054286
0.368963
0.687096
0.110505
0.323492
0.349318
0.999160
0.070723
0.391096
0.395440
0.389368
0.402653
0.366811
0.372470
0.375977
0.047441
0.047297
0.363456
0.062454
0.370712
0.364372
0.051737
0.683951
0.368795
0.072614
0.131213
0.999692
0.104435
0.029991
0.999692
0.414820
0.037217
0.058079
0.098266
0.325465
0.130934
0.027543
0.685701
0.062143
0.373861
0.371622
0.057435
0.367831
0.042421
0.042809
0.380641
0.996450
0.687978
0.687890
0.379751
0.374423
0.379428
0.685931
0.376430
0.059569
0.376280
0.381121
0.682183
0.682465
0.367956
0.679393
0.046727
0.680991
0.680449
0.679329
0.680270
0.040913
0.041479
0.040348
0.049834
0.100296
0.365616
0.107884
0.697489
0.426440
0.360781
0.009730
0.391629
0.368881
0.096698
0.430612
0.367157
0.374636
0.383174
0.402638
0.415866
0.145936
0.384504
0.702477
0.679892
0.684299
0.997949
0.065362
0.378113
0.997949
0.085907
0.383394
0.689959
0.377026
0.371927
0.054183
0.366400
0.049877
0.364883
0.680840
0.362578
0.047578
0.681668
0.682443
0.683315
0.057100
0.371629
0.684994
0.372617
0.060156
0.370934
0.056074
0.682261
0.682962
0.684141
0.684731
0.685082
0.685848
0.688372
0.067460
0.997960
0.069386
0.746672
0.320356
0.367757
0.367834
0.055318
0.997960
0.373322
0.061497
0.373592
0.061866
0.055844
0.063700
0.062271
0.686778
0.055569
0.997960
0.357015
0.059339
0.371748
0.114173
0.291064
0.055588
0.057664
0.182550
0.405456
0.676290
0.062639
0.678947
0.354237
0.337537
0.065081
0.070631
0.382762
0.690226
0.382866
0.382806
0.072177
0.377462
0.688222
0.369626
0.368918
0.358922
0.386888
0.376848
0.383527
0.360347
0.043708
0.363511
0.374309
0.389689
0.379363
0.688455
0.051788
0.046270
0.368351
0.058080
0.677557
0.374724
0.373728
0.364600
0.362405
0.057713
0.688887
0.383105
0.078243
0.057063
0.386394
0.339674
0.105647
0.690685
0.377721
0.138015
0.177733
0.034064
0.656647
0.355101
0.370366
0.373912
0.079968
0.084950
0.083220
0.372363
0.064432
0.375945
0.686124
0.378424
0.379390
0.382462
0.391190
0.396159
0.095109
0.093956
0.072725
0.703433
0.066520
0.053344
0.074920
0.097383
0.997190
0.131229
0.068579
0.380819
0.996450
0.058051
0.686324
0.399697
0.398694
0.361768
0.055860
0.075609
0.020015
0.164310
0.996393
0.375712
0.120350
0.434541
0.996393
0.159641
0.375761
0.369449
0.682037
0.053616
0.368255
0.046801
0.048865
0.368734
0.058098
0.055125
0.369240
0.999160
0.064672
0.378674
0.099539
0.361570
0.380614
0.072047
0.686720
0.080557
0.370625
0.999160
0.372315
0.388827
0.051931
0.679763
0.364069
0.045558
0.060235
0.999692
0.382758
0.057616
0.370243
0.999692
0.683951
0.683984
0.137497
0.432871
0.447670
0.099022
0.120274
0.692101
0.379777
0.372383
0.009129
0.421908
0.387611
0.687058
0.378059
0.375763
0.375210
0.373668
0.368938
0.681646
0.362061
0.023159
0.046416
0.381266
0.078787
0.379128
0.379418
0.377098
0.685931
0.996450
0.374768
0.060141
0.070599
0.383301
0.377707
0.369489
0.997526
0.052571
0.050186
0.048910
0.047082
0.043464
0.039920
0.038845
0.024411
0.678122
0.120654
0.687508
0.682110
0.294414
0.141497
0.002754
0.027307
0.682492
0.316372
0.375897
0.364191
0.379427
0.369143
0.072046
0.692475
0.385509
0.075796
0.687059
0.059328
0.405519
0.109473
0.077498
0.375801
0.691261
0.078066
0.087483
0.391178
0.385847
0.691417
0.068434
0.686638
0.055587
0.368444
0.997949
0.367376
0.365079
0.044853
0.363759
0.680939
0.051654
0.054899
0.370476
0.058296
0.059111
0.371839
0.055584
0.359511
0.345486
0.040408
0.366833
0.369037
0.058716
0.371851
0.372464
0.685836
0.065350
0.077274
0.083576
0.058969
0.116019
0.682470
0.366962
0.997960
0.369269
0.058443
0.376170
0.373924
0.685400
0.385427
0.386478
0.997960
0.051586
0.057802
0.374287
0.367462
0.045104
0.425006
0.713296
0.491409
0.306338
0.119772
0.431325
0.997960
0.713002
0.676290
0.374560
0.364474
0.363027
0.377184
0.072247
0.088552
0.689271
0.129351
0.377357
0.069928
0.376078
0.369626
0.997960
0.339253
0.367759
0.108225
0.124905
0.411465
0.370687
0.360326
0.047625
0.687052
0.080263
0.074082
0.683402
0.685458
0.050637
0.057716
0.382091
0.067852
0.997960
0.384142
0.378747
0.375264
0.058176
0.997960
0.086718
0.075008
0.081940
0.677844
0.375066
0.026372
0.682782
0.080672
0.385940
0.092744
0.997960
0.680383
0.656647
0.680841
0.435766
0.016290
0.997960
0.690216
0.368761
0.058448
0.372634
0.997960
0.686124
0.688007
0.688178
0.075994
0.997960
0.697229
0.692637
0.129222
0.997819
0.703726
0.690512
0.313195
0.708223
0.088176
0.139669
0.997819
0.353350
0.073524
0.074429
0.088828
0.400278
0.096595
0.996450
0.695784
0.381124
0.693281
0.399241
0.379862
0.406771
0.413765
0.381866
0.180752
0.317942
0.360072
0.054762
0.054194
0.996393
0.050198
0.679218
0.682746
0.371138
0.371916
0.368226
0.046607
0.365586
0.999160
0.682300
0.091848
0.999160
0.090785
0.382482
0.688062
0.038452
0.369461
0.385430
0.690083
0.358836
0.056355
0.683163
0.362090
0.043249
0.402782
0.130239
0.380238
0.388260
0.683923
0.028635
0.057884
0.315279
0.683217
0.442978
0.077555
0.999692
0.372906
0.092831
0.693889
0.374841
0.067845
0.103093
0.382997
0.067355
0.065867
0.376101
0.375906
0.374189
0.370399
0.683766
0.367530
0.048154
0.380615
0.080101
0.381738
0.069083
0.069797
0.689862
0.374393
0.067858
0.996450
0.063533
0.369935
0.061464
0.373505
0.371912
0.369095
0.053618
0.681918
0.365900
0.363506
0.360876
0.357536
0.338209
0.360566
0.386492
0.398337
0.420425
0.375661
0.746003
0.623618
0.676446
0.009228
0.379553
0.745933
0.063850
0.370938
0.373734
0.379702
0.383209
0.378419
0.371808
0.375867
0.679601
0.048070
0.383885
0.697114
0.698348
0.389279
0.997949
0.078099
0.391630
0.693837
0.691417
0.997949
0.073159
0.997949
0.060482
0.372432
0.367376
0.997949
0.367154
0.045560
0.680604
0.047789
0.682584
0.682569
0.370079
0.370954
0.371145
0.054945
0.668611
0.023615
0.345688
0.354059
0.046319
0.055693
0.376503
0.063497
0.685069
0.060644
0.063787
0.071025
0.688276
0.682194
0.679641
0.050591
0.997960
0.054120
0.683564
0.062143
0.376394
0.997960
0.069676
0.696412
0.997960
0.386478
0.078284
0.383570
0.997960
0.690931
0.047540
0.392473
0.997960
0.713296
0.435404
0.028781
0.295346
0.384638
0.360551
0.105771
0.433480
0.373357
0.062624
0.685813
0.083432
0.997960
0.170584
0.997960
0.431309
0.371216
0.066016
0.357129
0.339253
0.684797
0.685318
0.720501
0.395010
0.420272
0.275949
0.367213
0.053164
0.687051
0.381366
0.081078
0.068033
0.687215
0.059570
0.377501
0.997960
0.076354
0.688358
0.379235
0.377156
0.061602
0.074935
0.383885
0.103820
0.397501
0.997960
0.696136
0.677844
0.385050
0.363964
0.055999
0.684486
0.375059
0.067451
0.075967
0.057384
0.067013
0.100178
0.128684
0.380666
0.052386
0.058179
0.997960
0.370365
0.057184
0.058094
0.060204
0.064121
0.370791
0.062310
0.394784
0.372637
0.704493
0.140488
0.372534
0.313195
0.997819
0.334075
0.707474
0.312296
0.353979
0.997819
0.373418
0.384217
0.094082
0.996450
0.699236
0.071941
0.693103
0.996168
0.063368
0.078214
0.062910
0.389298
0.382318
0.050358
0.054791
0.071057
0.062084
0.364934
0.679300
0.057915
0.053818
0.358044
0.362761
0.057133
0.374052
0.050256
0.685554
0.057640
0.101313
0.062360
0.078846
0.393085
0.396716
0.999160
0.694921
0.367440
0.369302
0.686554
0.044692
0.686488
0.056239
0.999160
0.048285
0.025799
0.407079
0.999692
0.133952
0.686955
0.045474
0.690067
0.622366
0.999692
0.025012
0.394841
0.999692
0.383562
0.697549
0.391690
0.085510
0.380214
0.999692
0.074116
0.687562
0.996450
0.377243
0.375615
0.375631
0.374684
0.372972
0.680944
0.363619
0.353913
0.364133
0.379778
0.072471
0.373122
0.996450
0.069203
0.075935
0.382804
0.066897
0.373555
0.682162
0.681454
0.052777
0.054534
0.369055
0.682820
0.367173
0.997526
0.049427
0.360558
0.677963
0.040009
0.376485
0.693347
0.085679
0.085239
0.060867
0.070677
0.116463
0.685601
0.061720
0.134240
0.997526
0.022799
0.349241
0.679842
0.067684
0.687263
0.686589
0.686334
0.679601
0.675449
0.028304
0.046653
0.385016
0.078643
0.698348
0.073849
0.378516
0.081415
0.088609
0.084553
0.079983
0.382594
0.378873
0.068077
0.997949
0.058798
0.367154
0.997949
0.364961
0.997949
0.049301
0.997949
0.054293
0.369944
0.370344
0.369476
0.036022
0.359131
0.684920
0.042284
0.371148
0.683761
0.687256
0.688404
0.997949
0.064666
0.373165
0.687153
0.689315
0.382347
0.688276
0.057135
0.682431
0.366897
0.056088
0.063712
0.066553
0.375788
0.060050
0.078971
0.103601
0.099687
0.026497
0.053147
0.392830
0.367419
0.087944
0.069198
0.364273
0.405733
0.136260
0.115171
0.033285
0.353466
0.683009
0.379453
0.302369
0.441316
0.375494
0.061548
0.643302
0.032084
0.103722
0.612407
0.746183
0.298530
0.376027
0.386287
0.307899
0.326902
0.097234
0.111230
0.706566
0.429940
0.018952
0.741810
0.290538
0.054535
0.685711
0.378459
0.078251
0.687215
0.997960
0.066164
0.388253
0.064503
0.373445
0.375870
0.370148
0.038604
0.997960
0.060263
0.688771
0.093263
0.375977
0.110691
0.033644
0.344988
0.423340
0.697561
0.061103
0.381821
0.090754
0.448857
0.045715
0.181776
0.285733
0.573217
0.028882
0.997960
0.095450
0.049878
0.060367
0.997960
0.057151
0.997960
0.367866
0.368244
0.376817
0.374385
0.029895
0.006258
0.132975
0.202854
0.015368
0.046957
0.324836
0.098066
0.284339
0.467544
0.334137
0.374047
0.997819
0.692803
0.691512
0.396523
0.393863
0.688328
0.116651
0.006703
0.012425
0.351813
0.365442
0.060650
0.067956
0.380365
0.376265
0.375630
0.688473
0.062310
0.369244
0.688853
0.996393
0.048191
0.038835
0.999160
0.685563
0.687948
0.686562
0.685554
0.086049
0.377809
0.999160
0.693494
0.097706
0.087092
0.061826
0.364127
0.686554
0.999160
0.059569
0.999160
0.055446
0.050433
0.365514
0.053202
0.743582
0.407079
0.472467
0.088402
0.699929
0.352765
0.401490
0.307898
0.403356
0.405102
0.393836
0.378358
0.690191
0.680501
0.701191
0.698865
0.064195
0.059780
0.068816
0.064906
0.062059
0.372831
0.373287
0.373368
0.369233
0.999160
0.361235
0.029144
0.999160
0.042856
0.683837
0.684035
0.062532
0.068041
0.690153
0.687672
0.996450
0.373707
0.055395
0.052400
0.997526
0.368467
0.369589
0.369379
0.055758
0.053426
0.366410
0.677963
0.677947
0.685794
0.693347
0.695262
0.689670
0.685005
0.377399
0.066144
0.374116
0.690184
0.691526
0.612395
0.009566
0.397769
0.679842
0.997526
0.054351
0.055011
0.053664
0.044803
0.043814
0.997949
0.036521
0.360961
0.053183
0.376760
0.071297
0.997949
0.074020
0.387467
0.388140
0.692098
0.081678
0.384806
0.997949
0.075385
0.073537
0.070317
0.369857
0.054326
0.049661
0.049769
0.683315
0.052392
0.055330
0.684198
0.684136
0.369569
0.053301
0.385198
0.997949
0.371191
0.063093
0.057228
0.066470
0.073495
0.077830
0.071658
0.069120
0.375616
0.065877
0.380083
0.064452
0.056557
0.052092
0.053314
0.997960
0.059325
0.375323
0.370123
0.373295
0.382392
0.684599
0.071800
0.693926
0.074482
0.367186
0.690026
0.006904
0.273997
0.997960
0.077040
0.701250
0.085021
0.997960
0.359648
0.695910
0.049294
0.422772
0.997960
0.138056
0.074408
0.684931
0.071213
0.743916
0.716239
0.037149
0.372534
0.381001
0.402884
0.144386
0.040390
0.997960
0.098392
0.997960
0.706566
0.100065
0.399831
0.114063
0.369459
0.997960
0.685711
0.071298
0.069345
0.066272
0.690819
0.051858
0.365017
0.367741
0.997960
0.683190
0.060393
0.682378
0.078594
0.997960
0.380052
0.385558
0.028172
0.356024
0.142427
0.368315
0.431226
0.085239
0.998371
0.114083
0.998371
0.057148
0.665516
0.001513
0.338468
0.998371
0.350710
0.373308
0.054995
0.374161
0.060368
0.686317
0.370190
0.683236
0.682403
0.375770
0.688925
0.376797
0.367258
0.399661
0.110590
0.690245
0.997819
0.089511
0.105225
0.361274
0.289475
0.432739
0.393132
0.693432
0.073632
0.072773
0.384686
0.376663
0.368912
0.694576
0.689797
0.060266
0.369266
0.375259
0.379937
0.380843
0.379212
0.687643
0.383341
0.384314
0.075468
0.379087
0.378842
0.688853
0.087453
0.081345
0.068334
0.685181
0.063059
0.685554
0.080766
0.999160
0.697538
0.377809
0.081719
0.398974
0.387673
0.999160
0.065638
0.372794
0.373249
0.378597
0.062884
0.053875
0.367296
0.366741
0.110182
0.999692
0.216013
0.133140
0.092457
0.066947
0.062031
0.365535
0.426834
0.370343
0.380215
0.391815
0.013253
0.363444
0.034701
0.403474
0.079210
0.059423
0.689393
0.058306
0.370416
0.686174
0.686516
0.372390
0.373539
0.370799
0.050439
0.681558
0.035481
0.358413
0.036179
0.061369
0.061660
0.685212
0.387198
0.078277
0.074453
0.061268
0.373183
0.369277
0.997526
0.367764
0.055510
0.061004
0.371240
0.684059
0.682998
0.997526
0.048236
0.024024
0.054937
0.073644
0.076736
0.071631
0.372465
0.685546
0.374582
0.061515
0.060675
0.075796
0.365558
0.734803
0.997526
0.084640
0.363649
0.045934
0.357981
0.997526
0.037389
0.356674
0.355543
0.358472
0.046617
0.687037
0.997949
0.068472
0.379770
0.997949
0.076708
0.690701
0.384353
0.382647
0.076076
0.075584
0.385660
0.387075
0.384898
0.068208
0.374954
0.997949
0.369626
0.683694
0.997949
0.056437
0.997949
0.056620
0.058891
0.685977
0.082236
0.358718
0.358645
0.048069
0.378424
0.690862
0.997949
0.385379
0.079941
0.381656
0.064661
0.371106
0.067281
0.374461
0.373619
0.685497
0.056649
0.056231
0.372851
0.682742
0.365762
0.368001
0.369558
0.997960
0.363795
0.053209
0.384530
0.688440
0.023171
0.671072
0.060854
0.058030
0.396493
0.404012
0.397877
0.378527
0.379778
0.689031
0.997960
0.016077
0.101226
0.333475
0.117490
0.744512
0.690180
0.308177
0.104658
0.041231
0.058755
0.703446
0.405473
0.997960
0.103603
0.066569
0.682412
0.093527
0.094551
0.076557
0.375034
0.684238
0.369147
0.053649
0.061124
0.063268
0.373729
0.690819
0.680630
0.680214
0.682512
0.997960
0.049372
0.027850
0.028440
0.383326
0.424502
0.088399
0.060347
0.405159
0.422834
0.997960
0.719356
0.430033
0.114194
0.114294
0.364151
0.322099
0.419967
0.156972
0.998371
0.665516
0.360937
0.038780
0.380805
0.389041
0.373209
0.058036
0.372715
0.997960
0.371593
0.059779
0.366631
0.685770
0.070443
0.691870
0.688598
0.395319
0.997819
0.013674
0.070457
0.054198
0.365444
0.365824
0.368318
0.371670
0.374018
0.375423
0.371981
0.374822
0.055567
0.052554
0.054515
0.401583
0.996393
0.072687
0.694000
0.076323
0.381056
0.372017
0.996393
0.686337
0.378852
0.383275
0.076424
0.084635
0.091459
0.056286
0.098081
0.406211
0.078216
0.078017
0.073056
0.065853
0.366061
0.068461
0.058067
0.070325
0.037846
0.070971
0.695779
0.086130
0.384248
0.064062
0.999160
0.375116
0.385637
0.057503
0.368598
0.368318
0.367925
0.114261
0.022944
0.712614
0.999692
0.123945
0.376231
0.020420
0.086689
0.154201
0.078036
0.069104
0.741900
0.409002
0.384768
0.112359
0.087901
0.693664
0.688220
0.061400
0.370272
0.056601
0.055894
0.369949
0.372114
0.371772
0.371686
0.677986
0.999160
0.362335
0.047016
0.686117
0.070507
0.072430
0.693931
0.996450
0.373066
0.072090
0.054339
0.683136
0.683088
0.369214
0.060261
0.686607
0.373752
0.060039
0.370646
0.068664
0.092094
0.681507
0.671898
0.055338
0.997526
0.374457
0.685546
0.375931
0.376917
0.370251
0.997526
0.104662
0.394906
0.114511
0.108576
0.058098
0.685754
0.042062
0.358140
0.038148
0.359778
0.681600
0.044755
0.682571
0.365366
0.056601
0.067328
0.070404
0.072045
0.074265
0.690701
0.690041
0.997949
0.379208
0.376329
0.379469
0.075288
0.384429
0.690508
0.690448
0.069503
0.060281
0.057546
0.056966
0.370518
0.057412
0.057092
0.684724
0.371656
0.072637
0.363484
0.342620
0.670790
0.330370
0.058865
0.074522
0.078719
0.691714
0.385125
0.072730
0.058366
0.997960
0.372951
0.387488
0.685497
0.684119
0.684156
0.685109
0.062326
0.042567
0.680777
0.682920
0.997960
0.053779
0.061958
0.688969
0.075619
0.695765
0.051321
0.429377
0.383158
0.693203
0.373147
0.688493
0.081647
0.382688
0.068505
0.048995
0.082237
0.087686
0.694868
0.100131
0.293248
0.135260
0.145035
0.056543
0.372539
0.379530
0.384810
0.076369
0.408468
0.416764
0.674743
0.378105
0.997960
0.682412
0.690319
0.063418
0.370933
0.683210
0.367935
0.051060
0.682159
0.368895
0.057334
0.059009
0.085465
0.067088
0.064418
0.364143
0.997960
0.378114
0.100091
0.633718
0.394561
0.367250
0.135774
0.086854
0.193231
0.719356
0.162407
0.014330
0.685258
0.042621
0.998371
0.670034
0.364743
0.053944
0.338032
0.000241
0.383999
0.376195
0.100860
0.703663
0.685704
0.372996
0.997960
0.372715
0.066533
0.693438
0.065028
0.058149
0.686840
0.128868
0.115501
0.062454
0.121636
0.431751
0.315322
0.374517
0.055871
0.066136
0.371348
0.372885
0.370663
0.054077
0.997819
0.684112
0.374488
0.368717
0.371545
0.067257
0.072390
0.689863
0.387926
0.084814
0.690239
0.059907
0.058856
0.066340
0.684070
0.376166
0.068516
0.122366
0.996393
0.698988
0.675327
0.381125
0.397346
0.691297
0.689350
0.687529
0.373659
0.688590
0.690757
0.638585
0.675766
0.386705
0.077944
0.377515
0.378852
0.360057
0.368200
0.367295
0.370500
0.086404
0.373991
0.999160
0.054873
0.383764
0.391264
0.719737
0.415875
0.427132
0.609741
0.366475
0.999692
0.058397
0.294299
0.019769
0.717838
0.999692
0.135389
0.703690
0.136602
0.690431
0.087650
0.078557
0.368547
0.366449
0.683859
0.684784
0.999160
0.061621
0.692380
0.367071
0.362335
0.687710
0.372306
0.371022
0.378616
0.086302
0.092466
0.064441
0.687060
0.422438
0.381108
0.062299
0.373753
0.065764
0.067572
0.377005
0.063740
0.997526
0.074078
0.997526
0.319085
0.064431
0.423540
0.361914
0.046283
0.054170
0.373814
0.997526
0.373580
0.997526
0.048025
0.600445
0.139958
0.393724
0.081249
0.687574
0.378015
0.056340
0.684787
0.365193
0.048469
0.371454
0.370848
0.997949
0.057304
0.374964
0.375708
0.685897
0.070999
0.381390
0.074096
0.073126
0.690041
0.064940
0.997949
0.357791
0.375654
0.071468
0.384803
0.688821
0.997949
0.378163
0.062856
0.372354
0.371646
0.371246
0.371307
0.997949
0.062042
0.997949
0.062490
0.997960
0.365063
0.353086
0.044712
0.381530
0.384882
0.383056
0.689345
0.379494
0.067486
0.091088
0.389059
0.383027
0.062921
0.056053
0.371267
0.997960
0.047055
0.672929
0.361559
0.365558
0.367141
0.372337
0.687772
0.071088
0.391391
0.384277
0.381837
0.089036
0.324240
0.107303
0.389590
0.691617
0.380421
0.381677
0.369644
0.360387
0.369419
0.089347
0.693957
0.389909
0.126212
0.397578
0.625967
0.085546
0.376017
0.379247
0.382753
0.381289
0.375825
0.084270
0.020930
0.997960
0.378105
0.050045
0.066948
0.056558
0.683210
0.997960
0.366749
0.364746
0.049916
0.662498
0.051788
0.389438
0.997960
0.083114
0.372814
0.065753
0.069594
0.997960
0.035907
0.681471
0.008355
0.675564
0.085808
0.447573
0.997960
0.084890
0.298450
0.041960
0.360055
0.356701
0.035467
0.616766
0.072001
0.691380
0.078462
0.998371
0.684544
0.377373
0.385228
0.075573
0.072962
0.067572
0.083390
0.367510
0.079708
0.997960
0.384493
0.366718
0.050592
0.120310
0.686752
0.997960
0.396715
0.411850
0.997819
0.388559
0.689821
0.078652
0.081444
0.066581
0.366762
0.039705
0.684112
0.370427
0.686780
0.070074
0.687061
0.685894
0.378210
0.688606
0.084585
0.690239
0.996393
0.066197
0.374184
0.687494
0.062105
0.371486
0.383460
0.335662
0.074926
0.281037
0.089741
0.418761
0.691526
0.388059
0.076875
0.072466
0.068283
0.064867
0.073087
0.187762
0.059693
0.999160
0.393438
0.690148
0.369763
0.681505
0.999160
0.366547
0.363595
0.066028
0.687505
0.060124
0.056726
0.373715
0.693733
0.702953
0.090836
0.485120
0.391280
0.393317
0.380517
0.008159
0.301641
0.238778
0.217678
0.061897
0.999692
0.710047
0.116535
0.074306
0.401481
0.086853
0.385004
0.374189
0.053823
0.055608
0.371493
0.686198
0.383049
0.385897
0.373223
0.687676
0.065649
0.999160
0.686181
0.075493
0.363610
0.336138
0.107199
0.079102
0.374424
0.371393
0.064032
0.688339
0.688469
0.065458
0.047831
0.372152
0.372792
0.301667
0.466792
0.435179
0.997526
0.415244
0.679170
0.685176
0.066198
0.069210
0.687577
0.037303
0.346798
0.330420
0.689855
0.690704
0.997526
0.690704
0.376314
0.377582
0.688463
0.685210
0.375355
0.064991
0.302967
0.040965
0.684610
0.684903
0.370316
0.684040
0.373233
0.068979
0.688748
0.381637
0.071477
0.057134
0.369498
0.356336
0.347294
0.048903
0.068583
0.074786
0.378163
0.998505
0.063161
0.372605
0.371858
0.371360
0.998505
0.371307
0.063893
0.070582
0.377460
0.369407
0.374464
0.054528
0.375389
0.382675
0.386272
0.395134
0.693220
0.069340
0.685941
0.083539
0.397783
0.691369
0.064506
0.366353
0.053649
0.370879
0.067682
0.045707
0.040831
0.051125
0.060364
0.687772
0.997960
0.380860
0.082036
0.692001
0.386871
0.691090
0.386507
0.108795
0.387853
0.690994
0.382996
0.378803
0.366330
0.354790
0.382944
0.096914
0.696794
0.072691
0.375658
0.685827
0.362597
0.006203
0.377465
0.378677
0.379515
0.687601
0.060266
0.299388
0.664244
0.008055
0.106849
0.370401
0.368020
0.055258
0.053382
0.366778
0.365210
0.047429
0.325611
0.997960
0.056592
0.401716
0.079821
0.372270
0.373700
0.689440
0.997960
0.080727
0.383314
0.068332
0.362938
0.689647
0.054752
0.694172
0.447573
0.362094
0.274051
0.045050
0.680412
0.041442
0.364698
0.361579
0.427559
0.392429
0.490575
0.050757
0.059002
0.383048
0.689248
0.691237
0.688990
0.379702
0.693317
0.399627
0.098241
0.384493
0.997960
0.374492
0.678054
0.679541
0.134559
0.686752
0.111891
0.453085
0.373704
0.065494
0.997819
0.082091
0.381471
0.997819
0.047352
0.036302
0.068764
0.391982
0.381411
0.997819
0.690612
0.053561
0.376089
0.996393
0.688606
0.088948
0.690239
0.086287
0.389078
0.692356
0.062117
0.685936
0.008303
0.346077
0.350060
0.034929
0.674522
0.110762
0.069412
0.065796
0.372415
0.372101
0.372555
0.699676
0.184967
0.056285
0.402776
0.105075
0.305056
0.362816
0.063577
0.056305
0.049938
0.048045
0.376298
0.375349
0.686860
0.374262
0.058531
0.371567
0.058643
0.063030
0.030328
0.048480
0.135678
0.448578
0.999692
0.404242
0.022084
0.468316
0.265485
0.429370
0.112506
0.703690
0.096026
0.999692
0.699555
0.100152
0.399787
0.383886
0.377790
0.375460
0.061144
0.062540
0.061402
0.070899
0.069203
0.696623
0.355258
0.063391
0.067486
0.050482
0.449463
0.399123
0.393395
0.685085
0.996450
0.059355
0.373645
0.065719
0.059459
0.671299
0.345360
0.052001
0.074678
0.041531
0.022943
0.030075
0.087686
0.017838
0.027731
0.046388
0.385295
0.997526
0.068656
0.360903
0.008205
0.033157
0.014335
0.376321
0.690704
0.374040
0.066009
0.688040
0.997949
0.065044
0.379131
0.002190
0.340925
0.353828
0.049873
0.067965
0.373133
0.684482
0.059767
0.376439
0.687036
0.070714
0.376721
0.997949
0.374071
0.366966
0.016017
0.374841
0.691232
0.374606
0.066734
0.376135
0.374121
0.373232
0.372566
0.372190
0.685088
0.058453
0.061131
0.689442
0.687811
0.997960
0.687811
0.061971
0.380130
0.328713
0.453013
0.386755
0.997960
0.086131
0.683912
0.042038
0.073131
0.363226
0.681647
0.681683
0.683731
0.997960
0.379210
0.682237
0.681377
0.997960
0.054779
0.066041
0.071940
0.997960
0.078378
0.080665
0.691090
0.997960
0.085275
0.386852
0.690994
0.689339
0.687655
0.368850
0.678310
0.351470
0.349074
0.100987
0.997960
0.079890
0.688562
0.376208
0.373072
0.051983
0.374147
0.685521
0.065318
0.684575
0.997960
0.684575
0.050546
0.368350
0.680707
0.051930
0.681566
0.050445
0.364768
0.363392
0.679986
0.025597
0.690295
0.068258
0.011803
0.437653
0.393092
0.691025
0.073809
0.070268
0.379698
0.071950
0.997960
0.051775
0.997960
0.373540
0.068643
0.997960
0.383481
0.391581
0.357018
0.043767
0.998371
0.045466
0.045886
0.998371
0.676593
0.176631
0.345520
0.412451
0.056080
0.997960
0.095326
0.390964
0.118877
0.393381
0.013712
0.084248
0.101071
0.098143
0.374492
0.997960
0.041555
0.392590
0.404067
0.398189
0.126976
0.419993
0.374808
0.060784
0.070675
0.381560
0.997819
0.068393
0.689383
0.997819
0.072245
0.385875
0.408859
0.440612
0.377604
0.368909
0.996393
0.376089
0.074678
0.085831
0.091265
0.099184
0.396412
0.694632
0.072151
0.996393
0.051221
0.680500
0.025941
0.358599
0.024912
0.362172
0.358661
0.361743
0.363478
0.366671
0.386353
0.687543
0.145724
0.999160
0.179051
0.693470
0.088434
0.005773
0.385715
0.376809
0.686938
0.058090
0.374052
0.374668
0.999160
0.374537
0.060300
0.686573
0.058367
0.055914
0.999692
0.685183
0.687936
0.404999
0.404242
0.658176
0.999692
0.290264
0.434308
0.707262
0.696645
0.395630
0.999692
0.400604
0.400677
0.695384
0.103422
0.999160
0.386690
0.379098
0.689327
0.065922
0.375580
0.375090
0.398726
0.701168
0.403424
0.017048
0.677520
0.102533
0.370832
0.326966
0.377048
0.063890
0.059943
0.371623
0.372849
0.695611
0.054988
0.051077
0.681338
0.369206
0.298980
0.190528
0.086298
0.671716
0.997526
0.030031
0.997526
0.366854
0.068718
0.067588
0.061313
0.111952
0.690876
0.365923
0.680840
0.674811
0.057713
0.071502
0.386902
0.382670
0.688463
0.070534
0.694661
0.074165
0.997949
0.036315
0.376025
0.388065
0.684482
0.684467
0.682780
0.059333
0.684615
0.373998
0.063586
0.065006
0.691002
0.378233
0.062956
0.356333
0.044676
0.057842
0.998505
0.064267
0.686116
0.685738
0.685486
0.998505
0.058872
0.371416
0.056087
0.060747
0.070316
0.071319
0.078900
0.433941
0.297125
0.577867
0.315205
0.150670
0.096479
0.700577
0.401591
0.051122
0.997960
0.059328
0.068474
0.063090
0.054022
0.061162
0.073253
0.041648
0.060884
0.034187
0.366753
0.375599
0.380319
0.075199
0.997960
0.074475
0.072950
0.380998
0.690616
0.997960
0.077191
0.070089
0.997960
0.056919
0.997960
0.359821
0.358256
0.068963
0.086484
0.997960
0.691869
0.377684
0.063212
0.682385
0.056807
0.686354
0.371567
0.059740
0.052330
0.039864
0.682008
0.997960
0.048156
0.681362
0.044445
0.361248
0.362314
0.361201
0.997960
0.053493
0.685811
0.087381
0.126279
0.404172
0.383971
0.376079
0.375770
0.375982
0.686006
0.376228
0.066764
0.059719
0.069823
0.680745
0.696413
0.390098
0.403617
0.694432
0.373137
0.050179
0.045421
0.364383
0.358128
0.040069
0.430249
0.998371
0.684698
0.725550
0.666219
0.371568
0.373723
0.093157
0.419621
0.997960
0.112346
0.321067
0.372437
0.410589
0.092064
0.381831
0.676052
0.046139
0.379830
0.384137
0.395322
0.027486
0.120957
0.374595
0.386092
0.079286
0.389035
0.078226
0.376996
0.689383
0.384869
0.011401
0.747190
0.304050
0.374646
0.996393
0.057508
0.065188
0.996393
0.687642
0.080464
0.996393
0.086705
0.692466
0.073829
0.067213
0.369261
0.996393
0.044763
0.361925
0.366209
0.036257
0.996393
0.675631
0.357490
0.360525
0.365412
0.090747
0.712562
0.428998
0.162743
0.123128
0.692280
0.999160
0.383212
0.686938
0.999160
0.061582
0.686968
0.687014
0.376227
0.687014
0.063287
0.999160
0.060523
0.371597
0.055473
0.057417
0.309709
0.747796
0.313175
0.396704
0.079899
0.432764
0.999692
0.124472
0.403392
0.696645
0.098221
0.390471
0.383001
0.031969
0.091271
0.082539
0.074073
0.689327
0.999160
0.378167
0.687080
0.389224
0.391225
0.687437
0.373677
0.395708
0.343767
0.353812
0.350925
0.014290
0.683066
0.063019
0.373247
0.377413
0.408823
0.440852
0.999160
0.121613
0.039402
0.741579
0.006604
0.997526
0.076359
0.125172
0.055119
0.379255
0.372179
0.370204
0.388589
0.388697
0.381491
0.118633
0.366252
0.677653
0.681930
0.051374
0.997526
0.074763
0.388655
0.383524
0.690298
0.080095
0.703672
0.110202
0.064542
0.997949
0.373882
0.056825
0.057961
0.369314
0.683728
0.997949
0.368992
0.057282
0.376946
0.383864
0.694019
0.691002
0.690039
0.048792
0.362732
0.368694
0.060739
0.296633
0.042645
0.061746
0.373097
0.372862
0.372640
0.371395
0.052345
0.055659
0.997960
0.687417
0.369524
0.702077
0.491995
0.307257
0.282258
0.088561
0.997960
0.696289
0.700577
0.074527
0.369186
0.380386
0.382861
0.079889
0.060074
0.997960
0.685122
0.383243
0.045240
0.369483
0.684519
0.997960
0.065259
0.689387
0.071955
0.378474
0.376754
0.065406
0.375803
0.378814
0.062488
0.688373
0.067149
0.055008
0.046736
0.997960
0.064572
0.386823
0.385572
0.075478
0.067613
0.997960
0.057263
0.363794
0.364917
0.054796
0.367396
0.366067
0.364105
0.362318
0.039800
0.048093
0.679400
0.037635
0.353994
0.675406
0.037478
0.358466
0.360107
0.047637
0.997960
0.375111
0.094627
0.392855
0.686270
0.997960
0.058400
0.372320
0.684544
0.372304
0.373253
0.069068
0.401962
0.078482
0.072681
0.997960
0.082909
0.073745
0.069411
0.364710
0.362424
0.681510
0.046520
0.373106
0.382989
0.074382
0.152607
0.114606
0.056703
0.044013
0.365633
0.384399
0.112099
0.012171
0.057584
0.681471
0.066074
0.080561
0.389243
0.062705
0.044113
0.066977
0.035501
0.024940
0.339860
0.432603
0.039509
0.399210
0.740877
0.012432
0.081524
0.082577
0.055634
0.073841
0.997819
0.082566
0.308228
0.069258
0.032236
0.053356
0.369977
0.996393
0.064763
0.690687
0.686396
0.057492
0.075369
0.996393
0.382511
0.687212
0.065465
0.368961
0.056974
0.682606
0.366975
0.047687
0.037932
0.040233
0.362383
0.367022
0.370423
0.375006
0.108560
0.693332
0.116381
0.392066
0.073201
0.099780
0.076419
0.081851
0.067507
0.378511
0.066321
0.067468
0.690223
0.066938
0.066842
0.063520
0.687571
0.060040
0.371118
0.999160
0.054304
0.296810
0.381806
0.407192
0.435050
0.391812
0.379542
0.079556
0.384031
0.383851
0.691356
0.375339
0.105648
0.371695
0.036837
0.999160
0.691873
0.072765
0.379697
0.377917
0.064891
0.371229
0.373685
0.045544
0.673493
0.351758
0.367696
0.357281
0.028309
0.685775
0.999160
0.061941
0.064563
0.690467
0.398607
0.158708
0.334883
0.102302
0.122532
0.348975
0.443852
0.701622
0.482630
0.047670
0.395544
0.379712
0.392246
0.385988
0.383957
0.377027
0.398763
0.374539
0.097855
0.056020
0.063210
0.069430
0.081928
0.082734
0.074969
0.069859
0.074506
0.696350
0.119391
0.423009
0.396242
0.076669
0.383723
0.687586
0.054809
0.047244
0.047919
0.051862
0.683083
0.368306
0.065097
0.386289
0.690231
0.074914
0.062378
0.057264
0.365844
0.370024
0.607634
0.666896
0.998505
0.042750
0.061547
0.998505
0.058466
0.684294
0.053395
0.683094
0.375718
0.058490
0.997960
0.421174
0.626732
0.128203
0.410286
0.388870
0.087367
0.391699
0.075584
0.049982
0.380788
0.383984
0.688031
0.068930
0.372548
0.067543
0.383243
0.393808
0.691774
0.073630
0.054104
0.063231
0.688735
0.069089
0.376329
0.997960
0.062951
0.371620
0.058483
0.055967
0.369846
0.061757
0.997960
0.373472
0.682469
0.679472
0.065649
0.383534
0.382303
0.378739
0.374699
0.120995
0.678741
0.048499
0.364030
0.365120
0.364900
0.681069
0.047006
0.363356
0.364703
0.363939
0.997960
0.033838
0.352712
0.675707
0.032289
0.678082
0.997960
0.041831
0.049492
0.365460
0.073393
0.036452
0.046457
0.049403
0.678945
0.053194
0.997960
0.369896
0.370235
0.066219
0.383642
0.686957
0.076331
0.074193
0.685847
0.378218
0.376943
0.052339
0.363888
0.365018
0.368653
0.319316
0.998371
0.391126
0.086743
0.373717
0.684734
0.374437
0.682404
0.691999
0.695274
0.681492
0.692412
0.366451
0.367321
0.373417
0.376751
0.077558
0.997960
0.382623
0.380010
0.014459
0.684506
0.052481
0.703919
0.997960
0.328758
0.997960
0.315078
0.379975
0.387392
0.366630
0.399348
0.086730
0.690858
0.691858
0.423496
0.369803
0.058038
0.053337
0.064077
0.082083
0.039673
0.996393
0.115033
0.098424
0.380910
0.996393
0.063765
0.683835
0.057962
0.683053
0.055947
0.366575
0.362878
0.681591
0.052017
0.372923
0.374799
0.374541
0.377996
0.999160
0.393065
0.690647
0.085717
0.372515
0.677795
0.055776
0.379337
0.382053
0.691710
0.073799
0.691465
0.072073
0.690200
0.067901
0.375408
0.685651
0.685055
0.370479
0.370144
0.056014
0.062303
0.067778
0.086485
0.107603
0.122216
0.113997
0.115564
0.693868
0.063453
0.114999
0.300530
0.138311
0.380807
0.072116
0.071466
0.071786
0.380525
0.067508
0.370642
0.376731
0.383790
0.999160
0.040340
0.368435
0.681764
0.014186
0.043763
0.058040
0.062101
0.433969
0.083567
0.701370
0.421508
0.075073
0.999160
0.326323
0.098212
0.398839
0.998505
0.148387
0.142896
0.120360
0.695723
0.378576
0.061314
0.690261
0.379690
0.375298
0.381924
0.376367
0.380281
0.377555
0.688412
0.059162
0.091868
0.383996
0.688855
0.688354
0.078606
0.997949
0.404129
0.127302
0.997949
0.103082
0.691374
0.380405
0.052688
0.680234
0.044486
0.368443
0.682849
0.055151
0.997949
0.067790
0.686593
0.365313
0.045349
0.680302
0.050560
0.372145
0.059974
0.608189
0.354841
0.686720
0.374217
0.060391
0.998505
0.060391
0.369495
0.053576
0.059860
0.376573
0.365016
0.005160
0.119035
0.062898
0.381673
0.384695
0.689836
0.381817
0.375271
0.058654
0.378870
0.688031
0.997960
0.064444
0.375980
0.686599
0.386115
0.388652
0.379085
0.687432
0.064460
0.378752
0.070382
0.686836
0.686036
0.374775
0.684417
0.997960
0.684417
0.367113
0.683760
0.685018
0.686557
0.061958
0.060766
0.060328
0.687168
0.070707
0.379728
0.375740
0.104397
0.707219
0.104606
0.677533
0.047118
0.681745
0.047229
0.681188
0.047582
0.682276
0.050975
0.366582
0.042268
0.356961
0.355826
0.677391
0.032781
0.035415
0.037680
0.359943
0.997960
0.361786
0.044140
0.357314
0.041442
0.360366
0.363922
0.997960
0.368828
0.683636
0.683313
0.057923
0.997960
0.372068
0.059994
0.370008
0.370321
0.682514
0.052491
0.054068
0.365869
0.369099
0.614679
0.725545
0.020900
0.491968
0.386522
0.688513
0.377246
0.998371
0.077987
0.093415
0.093464
0.089509
0.037945
0.074788
0.683686
0.683811
0.361911
0.379614
0.072747
0.378862
0.085376
0.381596
0.617923
0.065999
0.069111
0.305462
0.404974
0.622800
0.055545
0.372848
0.360272
0.393310
0.141168
0.097640
0.099273
0.096556
0.405430
0.063412
0.059863
0.996393
0.386014
0.676154
0.996393
0.096932
0.707811
0.690507
0.070775
0.687212
0.372922
0.683288
0.996393
0.683288
0.054692
0.363035
0.677695
0.680135
0.064711
0.996393
0.072922
0.373396
0.996393
0.377996
0.075236
0.999160
0.069313
0.685215
0.372195
0.051701
0.381434
0.384624
0.314888
0.398259
0.368385
0.691269
0.072369
0.380193
0.065828
0.060427
0.058093
0.056724
0.056685
0.372169
0.372770
0.076223
0.999160
0.396822
0.683441
0.087417
0.709155
0.374892
0.746999
0.694464
0.003386
0.019424
0.376501
0.375552
0.686548
0.065696
0.067573
0.688629
0.690483
0.687016
0.736569
0.373154
0.131439
0.417840
0.669979
0.999160
0.669979
0.063642
0.493223
0.415016
0.079731
0.696515
0.151558
0.708455
0.078578
0.106147
0.393916
0.999160
0.111388
0.407623
0.104970
0.391227
0.359713
0.369047
0.372514
0.069911
0.687298
0.066226
0.998505
0.377268
0.998505
0.084013
0.422036
0.412744
0.998505
0.084125
0.070588
0.685382
0.381049
0.084749
0.113088
0.414260
0.112148
0.388442
0.377445
0.375576
0.052523
0.680824
0.048289
0.682849
0.682269
0.685695
0.056469
0.061900
0.688481
0.055022
0.997949
0.063863
0.377831
0.374365
0.997949
0.061813
0.062129
0.060546
0.686094
0.059820
0.375523
0.374432
0.373191
0.375978
0.686837
0.687692
0.686652
0.998505
0.686652
0.361648
0.052549
0.689836
0.997960
0.378453
0.375741
0.063807
0.385628
0.062515
0.069644
0.683096
0.070367
0.084385
0.383477
0.381998
0.358609
0.383004
0.392890
0.997960
0.080299
0.069995
0.374366
0.372363
0.370589
0.684417
0.047882
0.362692
0.050292
0.054713
0.058426
0.061025
0.686492
0.062480
0.686691
0.065600
0.371361
0.336653
0.390654
0.673957
0.997960
0.345699
0.046364
0.682546
0.048483
0.681713
0.049746
0.683148
0.054500
0.682376
0.679655
0.678080
0.677391
0.997960
0.356187
0.357111
0.357698
0.360085
0.679796
0.362397
0.046604
0.682904
0.997960
0.367613
0.364341
0.049619
0.053686
0.053551
0.052794
0.052268
0.056584
0.367863
0.997960
0.051572
0.365844
0.681035
0.115401
0.997960
0.068299
0.392889
0.161808
0.422507
0.747125
0.698404
0.998371
0.067218
0.370013
0.064298
0.077498
0.382741
0.073569
0.682441
0.359810
0.054089
0.681143
0.052678
0.356966
0.361696
0.062358
0.375373
0.382115
0.617923
0.997960
0.617923
0.063563
0.337997
0.281981
0.661916
0.052753
0.682406
0.358713
0.092182
0.067126
0.703533
0.997190
0.703533
0.707588
0.685559
0.682949
0.370986
0.382457
0.413052
0.001414
0.082988
0.169055
0.398566
0.996393
0.060145
0.053094
0.055356
0.055429
0.053876
0.678767
0.038058
0.996393
0.045925
0.069654
0.080880
0.383003
0.373291
0.058841
0.060543
0.068553
0.070945
0.377508
0.683725
0.688779
0.064031
0.383918
0.008994
0.999160
0.299792
0.692923
0.352296
0.072862
0.693751
0.067663
0.376441
0.307065
0.433266
0.387979
0.685966
0.685886
0.685943
0.071376
0.114824
0.686278
0.385412
0.090944
0.082954
0.047152
0.999160
0.065499
0.074652
0.432611
0.382453
0.369809
0.371370
0.373015
0.008448
0.071157
0.061708
0.048141
0.703542
0.677180
0.403986
0.681764
0.370423
0.027846
0.312827
0.146962
0.423304
0.086798
0.341203
0.690523
0.718959
0.399865
0.094597
0.386035
0.404021
0.420613
0.409881
0.395054
0.045626
0.372081
0.063549
0.998505
0.686387
0.376387
0.378373
0.066624
0.066128
0.066549
0.384581
0.116323
0.698719
0.113912
0.441470
0.380459
0.069078
0.384454
0.392882
0.407909
0.387141
0.384960
0.380483
0.381854
0.998505
0.373415
0.365816
0.057552
0.057613
0.067572
0.998396
0.064107
0.686960
0.377027
0.383167
0.065166
0.072726
0.694647
0.069329
0.061904
0.060763
0.372904
0.369443
0.685260
0.056065
0.058118
0.372150
0.998505
0.066612
0.055341
0.061243
0.075588
0.366926
0.048819
0.998505
0.059419
0.072288
0.689836
0.065066
0.685551
0.375114
0.065576
0.383960
0.688039
0.072845
0.397273
0.411424
0.078088
0.337271
0.381451
0.367073
0.382618
0.085976
0.388189
0.382093
0.068667
0.063866
0.059036
0.051506
0.043833
0.041120
0.367647
0.684806
0.686360
0.688761
0.377106
0.066643
0.375899
0.692627
0.055618
0.427254
0.452329
0.341593
0.345699
0.997960
0.041302
0.366645
0.365880
0.997960
0.051877
0.684545
0.057968
0.058034
0.051305
0.362346
0.359279
0.677391
0.037763
0.997960
0.050495
0.426601
0.679827
0.049279
0.377356
0.371092
0.682904
0.372253
0.682670
0.369938
0.369391
0.052744
0.683551
0.046965
0.676181
0.368314
0.052900
0.049776
0.364108
0.485676
0.442606
0.082666
0.686758
0.128411
0.721916
0.999365
0.020371
0.093880
0.056638
0.052199
0.071806
0.048497
0.367052
0.375532
0.686610
0.376241
0.044758
0.362868
0.747731
0.380991
0.052796
0.364629
0.371110
0.369701
0.375583
0.081115
0.025625
0.384449
0.711755
0.363977
0.361886
0.064500
0.373464
0.997960
0.377580
0.389543
0.117126
0.385568
0.097564
0.132880
0.104412
0.060422
0.041114
0.061245
0.054587
0.116232
0.728161
0.714036
0.436915
0.383378
0.687147
0.046397
0.681498
0.368581
0.368305
0.363076
0.352802
0.349312
0.038277
0.996393
0.069293
0.389455
0.383648
0.687684
0.067855
0.998505
0.070155
0.688686
0.381756
0.067438
0.689152
0.382542
0.384475
0.396978
0.622244
0.105207
0.999160
0.063985
0.375664
0.746684
0.377371
0.007747
0.489952
0.062620
0.379813
0.064171
0.061520
0.372950
0.371554
0.366291
0.067832
0.382619
0.367264
0.368367
0.686173
0.074257
0.065829
0.749075
0.103714
0.369306
0.368685
0.367267
0.305811
0.352879
0.685635
0.999160
0.358651
0.041747
0.999160
0.081498
0.699604
0.324264
0.035805
0.424465
0.709723
0.125884
0.001226
0.690523
0.999160
0.399818
0.711869
0.053989
0.385352
0.679504
0.104901
0.399584
0.373516
0.392177
0.332861
0.367406
0.060411
0.063643
0.688601
0.378765
0.378466
0.379311
0.692414
0.700173
0.391126
0.998505
0.084043
0.379586
0.688181
0.065803
0.377644
0.401069
0.363378
0.365748
0.372367
0.691108
0.998505
0.381854
0.068082
0.350842
0.311402
0.400598
0.402485
0.078389
0.383745
0.998396
0.378289
0.687288
0.384571
0.072380
0.997949
0.383164
0.997949
0.060559
0.371883
0.367379
0.364617
0.362424
0.685440
0.061678
0.069934
0.366479
0.683321
0.078635
0.397059
0.064697
0.680225
0.363532
0.367570
0.063987
0.064855
0.685091
0.061903
0.688097
0.075131
0.691989
0.080021
0.092267
0.696224
0.084061
0.352778
0.378502
0.677543
0.077795
0.428799
0.320000
0.367895
0.380028
0.689379
0.687243
0.683705
0.366481
0.997960
0.045030
0.365641
0.058362
0.066191
0.613078
0.375246
0.072496
0.389974
0.997960
0.392780
0.096244
0.683389
0.140612
0.005365
0.045554
0.683135
0.368211
0.366505
0.050917
0.369954
0.685127
0.060355
0.683268
0.052040
0.051820
0.048304
0.045910
0.043504
0.049829
0.693736
0.085671
0.370640
0.054736
0.379466
0.385222
0.687226
0.694633
0.052036
0.370766
0.365317
0.039875
0.678215
0.679138
0.354370
0.042505
0.681738
0.052802
0.115283
0.729763
0.683944
0.420613
0.084182
0.623305
0.177690
0.002631
0.028927
0.071945
0.054675
0.386978
0.693082
0.126010
0.280834
0.044131
0.681853
0.351836
0.047968
0.489734
0.697808
0.363021
0.601865
0.366286
0.351075
0.371090
0.370523
0.373006
0.082583
0.997960
0.127208
0.005911
0.080572
0.388900
0.077306
0.070797
0.383585
0.103084
0.125003
0.104240
0.012508
0.997190
0.151108
0.412261
0.402353
0.359646
0.374583
0.057303
0.396157
0.096486
0.173770
0.015739
0.041894
0.048380
0.055058
0.371395
0.368396
0.677629
0.674718
0.996393
0.674718
0.048985
0.692419
0.691291
0.379337
0.998505
0.066974
0.687026
0.071081
0.073875
0.691063
0.073709
0.072137
0.690719
0.074900
0.686947
0.386331
0.421077
0.372893
0.999160
0.169330
0.999160
0.133641
0.107846
0.326942
0.999160
0.400004
0.033764
0.309419
0.043469
0.369768
0.322467
0.314548
0.163528
0.376886
0.373820
0.999160
0.068283
0.441308
0.330994
0.363150
0.368459
0.362769
0.363438
0.350791
0.351312
0.038455
0.050834
0.051038
0.693736
0.677180
0.333844
0.087740
0.068956
0.068200
0.405850
0.699847
0.082910
0.102616
0.621404
0.115333
0.711869
0.077783
0.054926
0.353174
0.673620
0.339237
0.088888
0.689895
0.031580
0.359345
0.684777
0.685760
0.374284
0.066552
0.379568
0.689652
0.070854
0.070176
0.384822
0.998505
0.083367
0.689588
0.688181
0.998505
0.688181
0.073719
0.365869
0.353809
0.361618
0.685283
0.060525
0.125346
0.700242
0.157248
0.329652
0.998505
0.029932
0.407233
0.699619
0.701970
0.080276
0.379767
0.075672
0.383503
0.088255
0.023408
0.057364
0.059225
0.370764
0.370711
0.368698
0.365659
0.367257
0.687793
0.072075
0.380980
0.381424
0.392628
0.409404
0.393775
0.389583
0.062483
0.377743
0.377093
0.686809
0.060496
0.684560
0.062533
0.686945
0.378494
0.077633
0.997960
0.082984
0.383194
0.684645
0.377619
0.371805
0.392430
0.686178
0.054922
0.407329
0.307858
0.365505
0.073368
0.074856
0.063427
0.997960
0.048208
0.041367
0.366593
0.688546
0.303322
0.684446
0.705496
0.406867
0.078405
0.096510
0.683208
0.017398
0.997960
0.055790
0.377813
0.997960
0.059896
0.997960
0.368271
0.367702
0.683976
0.370426
0.057564
0.364477
0.366080
0.368409
0.355231
0.058566
0.364758
0.436376
0.385571
0.371892
0.067832
0.360272
0.429131
0.124326
0.694633
0.079603
0.379263
0.375127
0.371336
0.049144
0.039202
0.997960
0.679138
0.033409
0.376101
0.375511
0.380140
0.111899
0.688811
0.998371
0.313745
0.998371
0.623305
0.134353
0.998371
0.689024
0.687321
0.382904
0.125285
0.713505
0.479610
0.301060
0.029992
0.997960
0.150854
0.375787
0.165412
0.315154
0.742112
0.300227
0.348801
0.335712
0.373020
0.368895
0.386278
0.099612
0.415445
0.081635
0.692748
0.084472
0.694472
0.391384
0.392704
0.693949
0.695797
0.694470
0.068957
0.403332
0.391581
0.707621
0.996393
0.105674
0.384696
0.370090
0.179818
0.138480
0.337129
0.362714
0.684632
0.380610
0.377816
0.374496
0.372088
0.051658
0.042639
0.036798
0.040762
0.370938
0.384263
0.072092
0.685830
0.379646
0.375529
0.376470
0.069259
0.379730
0.380949
0.999160
0.072495
0.689857
0.072743
0.054858
0.403579
0.680841
0.389559
0.373561
0.687770
0.489360
0.022038
0.745134
0.090973
0.398756
0.065638
0.686019
0.002063
0.070042
0.321173
0.063928
0.477094
0.999160
0.174415
0.699388
0.065904
0.062672
0.318767
0.353338
0.373142
0.687517
0.049025
0.364533
0.343263
0.368950
0.359587
0.344989
0.364344
0.047445
0.365454
0.000901
0.347917
0.179445
0.333403
0.430515
0.999160
0.003642
0.289457
0.148821
0.114069
0.692785
0.071429
0.358880
0.356391
0.999160
0.048091
0.379719
0.386951
0.371184
0.383696
0.056252
0.054913
0.371119
0.375624
0.379169
0.689217
0.380554
0.071963
0.379936
0.382109
0.375868
0.070626
0.689588
0.066812
0.374681
0.998505
0.045569
0.358208
0.362590
0.052011
0.374314
0.322719
0.495965
0.039074
0.698048
0.027790
0.440714
0.093819
0.695124
0.091287
0.083379
0.690515
0.378548
0.374261
0.041968
0.366645
0.368926
0.368985
0.369152
0.369779
0.368721
0.369383
0.059109
0.689674
0.384248
0.394727
0.401235
0.101162
0.407655
0.697157
0.098600
0.381217
0.998505
0.067933
0.684326
0.058668
0.683643
0.060050
0.997960
0.067258
0.380565
0.073611
0.684830
0.067070
0.065385
0.692222
0.686370
0.997960
0.412148
0.692507
0.060524
0.344777
0.365136
0.997960
0.067915
0.369361
0.049786
0.675918
0.042320
0.365988
0.065104
0.380882
0.320613
0.997960
0.095384
0.688324
0.058167
0.684938
0.028070
0.064882
0.062776
0.691524
0.068831
0.065363
0.053221
0.050895
0.369790
0.372556
0.685728
0.055883
0.366305
0.367988
0.042142
0.687484
0.999284
0.168100
0.124716
0.999284
0.396100
0.064140
0.369988
0.700085
0.683824
0.422938
0.396893
0.052932
0.370969
0.693003
0.373457
0.034488
0.363046
0.030813
0.352274
0.058431
0.685248
0.095437
0.110180
0.038720
0.058145
0.058225
0.015148
0.442422
0.092406
0.689434
0.383498
0.063346
0.072938
0.395287
0.408743
0.133480
0.389274
0.218081
0.093822
0.083623
0.997960
0.741610
0.739300
0.409612
0.997960
0.059247
0.352523
0.355914
0.685455
0.085921
0.089974
0.325690
0.368560
0.379552
0.385119
0.694566
0.394430
0.710254
0.394944
0.015080
0.056678
0.088250
0.997190
0.387712
0.746157
0.105090
0.694997
0.609480
0.444082
0.076970
0.420266
0.996393
0.095842
0.065173
0.689095
0.686801
0.377905
0.996393
0.062481
0.683784
0.045725
0.379263
0.051697
0.001992
0.684773
0.054755
0.375122
0.998505
0.372759
0.064975
0.376610
0.689932
0.379388
0.070095
0.999160
0.379973
0.691570
0.421600
0.437317
0.124093
0.061960
0.221214
0.060244
0.999160
0.299327
0.090431
0.681639
0.059711
0.369395
0.377508
0.688651
0.094274
0.700495
0.412615
0.149517
0.018051
0.684960
0.384608
0.082201
0.371637
0.686890
0.055326
0.689569
0.060332
0.369286
0.379757
0.369077
0.343312
0.076699
0.107149
0.742827
0.085414
0.064595
0.681520
0.060882
0.402733
0.387661
0.003494
0.664318
0.312107
0.075402
0.999160
0.090103
0.368294
0.366575
0.695851
0.356391
0.068514
0.690541
0.687519
0.068365
0.998505
0.686447
0.372251
0.685309
0.373934
0.377376
0.378948
0.688325
0.070517
0.070192
0.069961
0.068806
0.376530
0.065980
0.064036
0.374167
0.372453
0.048752
0.042586
0.683607
0.367442
0.370176
0.432502
0.126662
0.397988
0.998505
0.382504
0.064976
0.366702
0.385198
0.690897
0.078510
0.376105
0.684530
0.364279
0.038708
0.359167
0.682906
0.366203
0.681755
0.053381
0.052828
0.370437
0.376876
0.998505
0.689674
0.694960
0.111646
0.711701
0.097785
0.695890
0.082760
0.998505
0.070992
0.684326
0.998505
0.047770
0.366135
0.682017
0.059586
0.061760
0.685390
0.058861
0.371925
0.685148
0.058774
0.053562
0.069635
0.081589
0.077577
0.694719
0.042971
0.356273
0.367289
0.072150
0.688895
0.067894
0.368846
0.686652
0.369230
0.063223
0.369333
0.336948
0.096917
0.405731
0.688324
0.997960
0.375301
0.690028
0.374659
0.060358
0.379313
0.074818
0.997960
0.058802
0.367279
0.683775
0.685500
0.685728
0.997960
0.058124
0.682377
0.684105
0.314420
0.671986
0.317898
0.082868
0.448694
0.687872
0.702328
0.089247
0.381526
0.999284
0.120116
0.121729
0.997960
0.038249
0.688703
0.062866
0.690344
0.379256
0.053396
0.997960
0.369930
0.062540
0.691094
0.072425
0.368244
0.376015
0.317037
0.371950
0.390607
0.998371
0.103349
0.694548
0.386188
0.059500
0.997960
0.387502
0.396044
0.107805
0.281973
0.569054
0.281739
0.177489
0.087283
0.481041
0.025462
0.121689
0.073525
0.058833
0.997960
0.382702
0.371388
0.385502
0.025864
0.357681
0.383414
0.685896
0.375026
0.082443
0.710254
0.997960
0.142785
0.173985
0.628833
0.072081
0.083857
0.690265
0.059038
0.160066
0.011416
0.494370
0.275643
0.667368
0.034996
0.089600
0.384007
0.388970
0.082403
0.069408
0.435677
0.376429
0.065612
0.996393
0.061129
0.376878
0.996393
0.089271
0.065874
0.369659
0.052153
0.058123
0.998505
0.685579
0.376920
0.067091
0.377132
0.999160
0.068282
0.068685
0.373107
0.162326
0.999160
0.107423
0.430598
0.719971
0.999160
0.020138
0.654631
0.364461
0.683025
0.999160
0.063372
0.379151
0.382099
0.392095
0.397152
0.671583
0.999160
0.027933
0.999160
0.369066
0.373245
0.070930
0.375827
0.379917
0.999160
0.068488
0.374765
0.370316
0.361354
0.391588
0.677346
0.742827
0.420979
0.999160
0.070575
0.406754
0.053134
0.372918
0.367035
0.703382
0.361732
0.348172
0.072441
0.083068
0.375909
0.368350
0.382985
0.704200
0.086685
0.126930
0.005424
0.688386
0.998505
0.060973
0.053082
0.048075
0.052954
0.387059
0.686008
0.064692
0.687061
0.046536
0.677052
0.374466
0.064884
0.374553
0.374489
0.374313
0.059710
0.368286
0.365649
0.050860
0.998505
0.371889
0.426403
0.124651
0.402018
0.998505
0.082444
0.998505
0.030028
0.998505
0.048135
0.998505
0.072835
0.375324
0.998396
0.684084
0.038808
0.360718
0.046474
0.043400
0.365725
0.366567
0.367768
0.055684
0.998505
0.376876
0.085542
0.105752
0.127767
0.412918
0.394171
0.696399
0.065273
0.106023
0.069411
0.030053
0.362632
0.353794
0.361354
0.998505
0.367009
0.057862
0.369663
0.369408
0.685148
0.997960
0.685148
0.058362
0.364514
0.377687
0.997960
0.329693
0.117857
0.679105
0.680762
0.052578
0.686218
0.375948
0.056069
0.997960
0.076764
0.403953
0.997960
0.055500
0.418736
0.071047
0.384455
0.688324
0.061595
0.997960
0.690028
0.377645
0.378719
0.081930
0.073687
0.378593
0.374225
0.062193
0.374190
0.375218
0.373423
0.373043
0.053854
0.053920
0.130614
0.629698
0.444382
0.678506
0.374068
0.408166
0.708836
0.705123
0.694854
0.382850
0.710918
0.020090
0.057087
0.047486
0.683480
0.071983
0.688930
0.380381
0.066693
0.367552
0.070826
0.383649
0.372163
0.375014
0.370895
0.684325
0.050785
0.377215
0.998371
0.086089
0.109526
0.399646
0.110587
0.708791
0.366342
0.384123
0.386365
0.385064
0.350998
0.249252
0.312075
0.140059
0.425778
0.405454
0.689382
0.997960
0.070568
0.075300
0.681288
0.373586
0.079141
0.404699
0.083264
0.686076
0.379313
0.379994
0.685896
0.068283
0.083315
0.113244
0.404807
0.063052
0.679606
0.018351
0.695103
0.694105
0.704645
0.395985
0.157083
0.334384
0.348444
0.377437
0.376993
0.378396
0.383466
0.387286
0.375764
0.114091
0.998505
0.129877
0.998505
0.066906
0.086001
0.375912
0.126799
0.412924
0.380839
0.998505
0.370242
0.052143
0.060301
0.064224
0.065031
0.687011
0.687957
0.377584
0.999160
0.066312
0.045603
0.095963
0.424436
0.100139
0.070538
0.434998
0.121471
0.432211
0.255471
0.688919
0.374118
0.374752
0.689659
0.688519
0.381310
0.384887
0.695489
0.049233
0.342133
0.350881
0.365204
0.049332
0.687211
0.062542
0.376398
0.381322
0.072465
0.690343
0.066948
0.369215
0.365317
0.430659
0.089561
0.054525
0.743225
0.730763
0.139002
0.346797
0.097181
0.374605
0.703382
0.999160
0.029704
0.028194
0.376516
0.374969
0.060804
0.370118
0.322352
0.999160
0.403263
0.007959
0.359549
0.375467
0.375819
0.060888
0.367954
0.367794
0.065482
0.998505
0.069067
0.298095
0.002299
0.423281
0.381831
0.680650
0.059862
0.373408
0.373216
0.685460
0.372457
0.056367
0.051655
0.684476
0.055269
0.374391
0.125684
0.400202
0.397101
0.698445
0.072579
0.067416
0.013336
0.669974
0.259875
0.061011
0.070373
0.689183
0.064560
0.052492
0.041419
0.678060
0.679879
0.998505
0.679879
0.681709
0.682403
0.682898
0.370791
0.074088
0.998505
0.697078
0.704320
0.403447
0.998505
0.094188
0.998505
0.085168
0.349472
0.340770
0.025449
0.352136
0.680965
0.363993
0.051154
0.684304
0.367921
0.997960
0.053759
0.051811
0.055156
0.051978
0.680836
0.693388
0.329693
0.997960
0.018116
0.046415
0.997960
0.055700
0.685014
0.997960
0.058449
0.131989
0.055890
0.350728
0.057439
0.363620
0.683341
0.037147
0.101435
0.071895
0.081073
0.070950
0.066968
0.687532
0.077501
0.618744
0.095082
0.393558
0.385537
0.393318
0.002002
0.076316
0.377415
0.684581
0.683458
0.687998
0.613250
0.119047
0.678506
0.055755
0.137856
0.086005
0.087182
0.114630
0.088634
0.127356
0.141894
0.382437
0.376279
0.040697
0.688857
0.688930
0.997960
0.062382
0.683665
0.059159
0.686343
0.069226
0.684323
0.684332
0.369326
0.683761
0.057334
0.378895
0.691478
0.382824
0.386770
0.695739
0.701296
0.081819
0.690757
0.387434
0.391058
0.383619
0.366422
0.393035
0.014145
0.384734
0.419710
0.704381
0.106544
0.058873
0.378180
0.065320
0.373586
0.381132
0.384276
0.997960
0.695990
0.365854
0.377414
0.388809
0.057442
0.365859
0.369669
0.085030
0.708974
0.679606
0.997960
0.076604
0.702187
0.086407
0.996393
0.402006
0.700237
0.677468
0.683135
0.685815
0.373261
0.380218
0.380375
0.362894
0.296000
0.294475
0.492404
0.321593
0.081900
0.385932
0.092927
0.380089
0.377162
0.112055
0.685503
0.370242
0.683905
0.685026
0.687042
0.998505
0.065877
0.064303
0.063104
0.063079
0.063867
0.064648
0.371821
0.420516
0.136135
0.691592
0.689771
0.999160
0.097538
0.139413
0.091309
0.080071
0.077917
0.089060
0.076596
0.073468
0.379330
0.382431
0.057379
0.357834
0.024655
0.679403
0.367345
0.687211
0.687452
0.999160
0.065814
0.688345
0.374146
0.068239
0.375081
0.999160
0.050125
0.383639
0.686122
0.999160
0.376338
0.164481
0.277319
0.015459
0.691572
0.094897
0.092833
0.407276
0.402293
0.319159
0.088272
0.386055
0.297502
0.314809
0.728756
0.403263
0.999160
0.073361
0.052442
0.058635
0.064203
0.057264
0.998505
0.684380
0.425968
0.698899
0.049935
0.065912
0.998505
0.065821
0.677960
0.378678
0.054272
0.373414
0.685460
0.685191
0.057221
0.683822
0.055263
0.371015
0.998505
0.398642
0.696629
0.683103
0.379844
0.087394
0.081891
0.396938
0.698368
0.035408
0.112083
0.384999
0.390230
0.998505
0.379222
0.688187
0.043594
0.034951
0.358945
0.361853
0.364717
0.366006
0.368008
0.362125
0.375957
0.387916
0.403484
0.078071
0.116338
0.072055
0.095310
0.683848
0.077930
0.049949
0.681753
0.040627
0.348513
0.351708
0.036975
0.679947
0.050647
0.055832
0.370940
0.054963
0.997960
0.047859
0.681526
0.047269
0.050803
0.048796
0.078667
0.021836
0.684928
0.679098
0.367443
0.682229
0.376755
0.058648
0.494678
0.327668
0.997960
0.087686
0.684176
0.049802
0.686777
0.369896
0.060901
0.685838
0.074202
0.377315
0.687419
0.383393
0.014541
0.678251
0.021689
0.398080
0.102036
0.617315
0.998505
0.011961
0.383141
0.065541
0.060394
0.058244
0.062147
0.445199
0.389459
0.380628
0.685477
0.080420
0.999284
0.700482
0.700772
0.394241
0.390706
0.686995
0.684107
0.044657
0.055914
0.065092
0.062890
0.682510
0.056217
0.997960
0.369911
0.061229
0.062134
0.053532
0.367735
0.997960
0.371051
0.372904
0.069350
0.998371
0.689178
0.085881
0.103222
0.104589
0.387434
0.997960
0.383587
0.997960
0.095630
0.378085
0.430565
0.103374
0.410143
0.702396
0.098780
0.613348
0.046393
0.419588
0.066698
0.997960
0.056450
0.088797
0.365854
0.689299
0.691365
0.683796
0.681131
0.367846
0.997960
0.063351
0.083918
0.078502
0.072852
0.997960
0.396046
0.997960
0.390079
0.403347
0.381382
0.075646
0.057402
0.060590
0.070719
0.614899
0.383932
0.385648
0.036036
0.998505
0.014487
0.679504
0.103899
0.394908
0.998505
0.002770
0.383440
0.380859
0.077686
0.072133
0.068335
0.061696
0.083004
0.074307
0.687686
0.686441
0.685847
0.685497
0.061194
0.374392
0.416509
0.408377
0.390600
0.078848
0.379375
0.689771
0.095981
0.395200
0.411070
0.394473
0.412188
0.400372
0.704806
0.072763
0.376388
0.371467
0.371006
0.369619
0.365982
0.044029
0.373992
0.064640
0.069113
0.068701
0.379063
0.390713
0.382520
0.062572
0.378857
0.062448
0.370964
0.373465
0.080189
0.686122
0.369168
0.080675
0.412201
0.000126
0.080750
0.390825
0.398295
0.692668
0.407886
0.404627
0.073425
0.317389
0.745151
0.315536
0.014064
0.119326
0.297772
0.361518
0.062757
0.382034
0.061710
0.998505
0.369479
0.039188
0.349539
0.148241
0.309632
0.103821
0.368511
0.998505
0.701671
0.048928
0.684001
0.059882
0.059847
0.685186
0.056285
0.368511
0.368686
0.370203
0.039656
0.045990
0.075384
0.998505
0.367184
0.373599
0.080762
0.394012
0.693363
0.070471
0.680751
0.370890
0.388425
0.080270
0.998505
0.062843
0.051746
0.362351
0.041688
0.045282
0.047776
0.049553
0.053297
0.044197
0.076296
0.103994
0.082216
0.383529
0.364056
0.374202
0.370839
0.680528
0.998505
0.046967
0.681494
0.362362
0.030142
0.353413
0.679947
0.998505
0.051308
0.373098
0.373411
0.372500
0.053376
0.368191
0.683926
0.366490
0.048159
0.364797
0.373606
0.373525
0.056256
0.048404
0.051138
0.060763
0.066146
0.123183
0.997960
0.164705
0.408027
0.998505
0.383722
0.059513
0.372209
0.998505
0.370204
0.371270
0.063319
0.375613
0.383647
0.691647
0.073290
0.998505
0.357207
0.099594
0.388929
0.389751
0.617315
0.075579
0.079950
0.386388
0.686389
0.373383
0.489558
0.374559
0.085169
0.685477
0.687674
0.999284
0.082808
0.391791
0.392917
0.999284
0.375448
0.371503
0.053618
0.047410
0.366773
0.684232
0.997960
0.051624
0.681515
0.052560
0.053833
0.368442
0.366390
0.365725
0.366474
0.054755
0.057333
0.370818
0.683636
0.060806
0.063511
0.685810
0.375387
0.075089
0.074106
0.058498
0.072159
0.081337
0.700858
0.701926
0.697770
0.691052
0.401655
0.997960
0.015657
0.400510
0.051354
0.997960
0.742048
0.377158
0.384510
0.391834
0.397620
0.037407
0.317328
0.078831
0.367926
0.683243
0.055168
0.064830
0.422321
0.997960
0.067548
0.086262
0.111071
0.696190
0.375101
0.366738
0.069536
0.372765
0.377629
0.382123
0.305765
0.581477
0.237625
0.065537
0.998505
0.360643
0.372250
0.998505
0.066653
0.444311
0.424078
0.145584
0.998505
0.672886
0.691130
0.687472
0.080663
0.389449
0.313928
0.404256
0.079768
0.072138
0.062572
0.685606
0.373294
0.119070
0.410385
0.387973
0.046164
0.363894
0.065906
0.073308
0.071342
0.388563
0.396934
0.409611
0.086863
0.696046
0.406450
0.088174
0.379108
0.382500
0.999160
0.073069
0.381322
0.373546
0.378117
0.384411
0.385684
0.384405
0.413272
0.704175
0.061969
0.999160
0.354230
0.076201
0.372185
0.375014
0.375090
0.687387
0.383614
0.427681
0.355590
0.046061
0.999160
0.067109
0.379837
0.999160
0.096271
0.400528
0.398905
0.396807
0.102777
0.377836
0.666397
0.049684
0.014602
0.350602
0.058783
0.689627
0.057115
0.043020
0.066928
0.359384
0.433945
0.410862
0.402294
0.405346
0.084815
0.393324
0.360787
0.376522
0.683181
0.684001
0.061771
0.685363
0.056049
0.368155
0.683542
0.351718
0.357414
0.359228
0.681469
0.046458
0.998505
0.068041
0.387256
0.387549
0.690844
0.381378
0.373138
0.368763
0.383486
0.074652
0.069138
0.060240
0.050816
0.998505
0.367095
0.367724
0.368247
0.053453
0.998505
0.683622
0.685427
0.381955
0.684553
0.684444
0.998505
0.371435
0.388990
0.056050
0.050491
0.367758
0.998505
0.363339
0.034992
0.677394
0.358895
0.364903
0.998505
0.059012
0.998505
0.063503
0.373992
0.687097
0.374379
0.371530
0.050516
0.368508
0.059235
0.362246
0.685710
0.049961
0.683368
0.998505
0.066567
0.376445
0.104979
0.363299
0.118232
0.383722
0.998505
0.373634
0.061218
0.056649
0.998505
0.369328
0.058152
0.378016
0.686461
0.366214
0.008876
0.105503
0.998505
0.058716
0.998505
0.081031
0.689987
0.058144
0.320083
0.367528
0.062573
0.132804
0.104543
0.426099
0.383660
0.056074
0.042007
0.054860
0.070203
0.383641
0.377551
0.375448
0.997960
0.053062
0.376184
0.048175
0.365107
0.050581
0.050522
0.364700
0.681592
0.050451
0.367700
0.366727
0.365707
0.681768
0.050349
0.368444
0.369220
0.368942
0.682838
0.052718
0.681489
0.057074
0.365182
0.049963
0.366443
0.997960
0.683799
0.689561
0.076502
0.072623
0.080092
0.085691
0.113665
0.393816
0.703539
0.032973
0.268582
0.165113
0.406947
0.402205
0.394406
0.997960
0.709232
0.041958
0.408054
0.392815
0.042583
0.685282
0.687134
0.125579
0.699735
0.099456
0.011762
0.997960
0.124168
0.696342
0.055249
0.053015
0.683794
0.371047
0.377125
0.076599
0.287948
0.998505
0.581477
0.309702
0.110510
0.404864
0.300114
0.089215
0.677816
0.111842
0.998505
0.157579
0.083668
0.030807
0.070137
0.075884
0.361953
0.291512
0.667418
0.011998
0.394486
0.694249
0.071879
0.372647
0.685067
0.701956
0.999160
0.070358
0.683157
0.361802
0.365757
0.378936
0.390389
0.059992
0.426301
0.084098
0.696046
0.698796
0.386024
0.692734
0.080878
0.694758
0.076795
0.692328
0.076591
0.072172
0.689037
0.073737
0.390554
0.416499
0.404831
0.070871
0.058001
0.674275
0.371004
0.063485
0.689267
0.374257
0.055611
0.685859
0.096866
0.327695
0.416243
0.045421
0.688736
0.054416
0.687371
0.380641
0.378069
0.383246
0.376060
0.362317
0.306095
0.422503
0.380466
0.101945
0.707348
0.002101
0.441800
0.055023
0.699169
0.064575
0.745265
0.096972
0.705881
0.998505
0.118627
0.398432
0.690157
0.998505
0.068174
0.691911
0.373643
0.068036
0.378007
0.374668
0.371437
0.053785
0.051808
0.362458
0.681602
0.044597
0.682610
0.044622
0.055597
0.064187
0.998505
0.383951
0.998505
0.690844
0.686520
0.048072
0.690655
0.381392
0.377327
0.060252
0.369939
0.053182
0.370722
0.371524
0.371522
0.371106
0.057006
0.062119
0.075763
0.080190
0.056832
0.048495
0.053730
0.048616
0.690260
0.685277
0.685687
0.371974
0.053503
0.367330
0.041085
0.037752
0.044417
0.052267
0.058444
0.375870
0.065226
0.377626
0.377915
0.998505
0.066890
0.687057
0.057449
0.370625
0.998517
0.060399
0.998505
0.048454
0.358802
0.683368
0.070044
0.997960
0.374721
0.683592
0.375313
0.061746
0.063745
0.998505
0.373677
0.998505
0.055773
0.998505
0.373631
0.064335
0.690165
0.375196
0.092838
0.258385
0.399992
0.007630
0.381862
0.078038
0.690063
0.395268
0.096666
0.390289
0.390330
0.998505
0.697208
0.422104
0.083746
0.998505
0.046800
0.365783
0.372956
0.068936
0.062459
0.365583
0.361194
0.678335
0.360836
0.073663
0.680603
0.680424
0.363101
0.364631
0.997960
0.050468
0.997960
0.050919
0.365894
0.682049
0.050686
0.368218
0.368555
0.367997
0.997960
0.049981
0.997960
0.363106
0.362038
0.043525
0.997960
0.366443
0.373938
0.059214
0.997960
0.679441
0.685542
0.694172
0.078720
0.997960
0.095362
0.675155
0.997960
0.675155
0.122369
0.710630
0.420686
0.388294
0.106312
0.088301
0.062760
0.364123
0.378022
0.056270
0.997960
0.687134
0.688670
0.699735
0.675096
0.083227
0.042460
0.068238
0.364696
0.370466
0.998505
0.683794
0.685781
0.088753
0.418515
0.296533
0.309702
0.998505
0.388589
0.084952
0.704183
0.053940
0.998505
0.677816
0.415744
0.423788
0.663793
0.687512
0.685628
0.376134
0.352243
0.347194
0.681353
0.357862
0.389024
0.393352
0.362303
0.055908
0.060286
0.375941
0.077486
0.372727
0.366511
0.685338
0.691160
0.698800
0.672351
0.348517
0.687953
0.188272
0.388778
0.071335
0.385081
0.691001
0.077295
0.075075
0.382420
0.088150
0.390467
0.999160
0.386714
0.381111
0.100414
0.384273
0.388142
0.686475
0.999160
0.370074
0.383914
0.068979
0.686517
0.378543
0.382489
0.076661
0.127208
0.999160
0.397561
0.043966
0.367247
0.999160
0.059390
0.688385
0.376579
0.067744
0.047751
0.375804
0.392995
0.701045
0.728394
0.419367
0.454523
0.706693
0.144482
0.428606
0.377470
0.068044
0.066176
0.378506
0.387760
0.705881
0.089574
0.393668
0.091664
0.079291
0.380605
0.998505
0.380601
0.075968
0.686040
0.684578
0.684676
0.054157
0.683179
0.050653
0.681892
0.682610
0.998505
0.053270
0.373575
0.378759
0.075061
0.692690
0.075921
0.378818
0.366641
0.675154
0.055045
0.625987
0.110666
0.064799
0.387988
0.371626
0.998505
0.060677
0.374099
0.686684
0.059758
0.372487
0.691017
0.378798
0.376631
0.372723
0.686730
0.055089
0.057727
0.377442
0.372820
0.685705
0.685201
0.684249
0.050269
0.367514
0.683942
0.685566
0.998505
0.063731
0.067712
0.379147
0.689465
0.069965
0.071085
0.688295
0.065576
0.416937
0.685512
0.091066
0.053574
0.677902
0.040719
0.034432
0.002592
0.071137
0.070431
0.374548
0.688871
0.688615
0.998505
0.071392
0.067056
0.058285
0.055284
0.064733
0.379075
0.382191
0.689244
0.391562
0.399797
0.128881
0.397152
0.364558
0.998505
0.081332
0.093607
0.399887
0.103688
0.692171
0.383223
0.119075
0.113343
0.341245
0.361050
0.045922
0.380166
0.683767
0.374785
0.686795
0.055796
0.045870
0.998505
0.038936
0.353768
0.049027
0.047990
0.681673
0.364600
0.048322
0.050184
0.051996
0.052110
0.682087
0.682049
0.997960
0.051560
0.683250
0.683120
0.997960
0.052849
0.682549
0.046720
0.679325
0.997960
0.679325
0.041307
0.043843
0.045289
0.030870
0.015252
0.027990
0.066869
0.082465
0.376254
0.404648
0.377580
0.121703
0.675155
0.369599
0.058601
0.699304
0.364382
0.084499
0.997960
0.686295
0.679973
0.377784
0.364459
0.055762
0.687134
0.377465
0.062975
0.312988
0.098252
0.686619
0.997960
0.686619
0.374615
0.688916
0.059075
0.062235
0.064370
0.382782
0.125728
0.145179
0.340808
0.086237
0.342026
0.050099
0.998505
0.134510
0.338044
0.327576
0.394770
0.154316
0.058352
0.663793
0.026586
0.678166
0.678281
0.681353
0.688948
0.998505
0.093334
0.681927
0.058275
0.362290
0.375618
0.999160
0.067498
0.999160
0.688729
0.366511
0.367935
0.378409
0.009757
0.340442
0.999160
0.374213
0.389472
0.376876
0.379218
0.378806
0.688483
0.058699
0.380825
0.692119
0.088466
0.694278
0.695080
0.077762
0.119840
0.694680
0.683925
0.089790
0.071354
0.690230
0.052113
0.372602
0.374589
0.386438
0.398926
0.682167
0.017802
0.386028
0.380938
0.384950
0.062533
0.684248
0.061666
0.686837
0.067443
0.999160
0.688821
0.368161
0.014481
0.196949
0.717481
0.705137
0.999160
0.146041
0.390137
0.391711
0.354176
0.074732
0.381555
0.692799
0.382514
0.691816
0.084389
0.998505
0.392091
0.998505
0.083031
0.085023
0.085254
0.079338
0.064748
0.059130
0.998505
0.054569
0.683373
0.052925
0.051949
0.052280
0.367620
0.684155
0.998505
0.059632
0.686067
0.071010
0.380250
0.065451
0.362321
0.350486
0.026223
0.422533
0.723833
0.182771
0.637419
0.090420
0.066752
0.378032
0.376486
0.375110
0.373708
0.373949
0.067679
0.382950
0.379868
0.377100
0.688112
0.376128
0.061984
0.060642
0.685705
0.998505
0.059503
0.056527
0.057111
0.371887
0.369253
0.372115
0.685566
0.065931
0.998505
0.069863
0.689567
0.381107
0.071986
0.090269
0.414621
0.385207
0.389141
0.998517
0.051842
0.682424
0.362089
0.357075
0.393211
0.419956
0.088449
0.014025
0.066195
0.074205
0.072038
0.078103
0.688969
0.380889
0.074783
0.688208
0.690531
0.689244
0.998505
0.319808
0.385199
0.121345
0.355751
0.998505
0.364558
0.124601
0.042093
0.377817
0.377257
0.082240
0.380512
0.379907
0.675316
0.671582
0.679512
0.356022
0.054754
0.055250
0.376507
0.998505
0.058243
0.364426
0.039693
0.680127
0.046264
0.681691
0.052940
0.682136
0.997960
0.682136
0.055047
0.369556
0.368472
0.052195
0.367170
0.051511
0.052871
0.054405
0.054846
0.053925
0.997960
0.366427
0.364076
0.043036
0.679325
0.039583
0.679098
0.997960
0.363247
0.678170
0.668991
0.353915
0.997960
0.687386
0.106635
0.102955
0.075249
0.076901
0.691121
0.366986
0.048649
0.685320
0.371551
0.367080
0.066423
0.039768
0.030556
0.043298
0.030262
0.685022
0.370198
0.377175
0.346861
0.418498
0.441517
0.072980
0.686619
0.101564
0.688916
0.998505
0.380911
0.998505
0.690500
0.687585
0.378984
0.037231
0.678594
0.326319
0.106088
0.140748
0.157378
0.064651
0.022918
0.412479
0.396148
0.118525
0.698931
0.344017
0.447709
0.078297
0.355661
0.367357
0.366653
0.688948
0.066079
0.365508
0.680637
0.028718
0.998505
0.375618
0.094478
0.076540
0.372952
0.057226
0.056670
0.072849
0.087972
0.343908
0.049168
0.425289
0.060542
0.999160
0.064197
0.384277
0.693491
0.063302
0.377696
0.690133
0.075927
0.091275
0.691595
0.369686
0.003729
0.050986
0.097017
0.999160
0.102505
0.365663
0.381643
0.047839
0.374945
0.384049
0.376190
0.688958
0.042560
0.687245
0.069415
0.693801
0.089757
0.080475
0.065247
0.684490
0.392231
0.311513
0.673274
0.317459
0.389682
0.302757
0.104281
0.100011
0.102283
0.127934
0.415359
0.024103
0.674713
0.040130
0.382753
0.384109
0.381361
0.387606
0.998505
0.081663
0.083467
0.082531
0.690348
0.385517
0.385294
0.071645
0.686646
0.060181
0.369895
0.683373
0.683378
0.683624
0.998505
0.054905
0.053872
0.052822
0.053751
0.686067
0.687561
0.998505
0.375690
0.377882
0.058260
0.078543
0.084698
0.694777
0.392426
0.063606
0.679785
0.025330
0.381134
0.380242
0.378636
0.376577
0.375783
0.376478
0.378361
0.690030
0.688874
0.377705
0.998505
0.378606
0.687902
0.062439
0.373856
0.685705
0.686237
0.374337
0.061010
0.374344
0.061161
0.063133
0.064951
0.378856
0.378903
0.379473
0.381377
0.383440
0.398289
0.696695
0.701562
0.396460
0.069118
0.060382
0.369056
0.699990
0.178297
0.025000
0.688271
0.107987
0.322205
0.361738
0.385320
0.072260
0.998505
0.381007
0.690195
0.371520
0.056934
0.014881
0.044122
0.368405
0.689244
0.038796
0.689745
0.683803
0.701516
0.037668
0.012070
0.424151
0.097822
0.354822
0.372260
0.380569
0.394858
0.387980
0.058169
0.041187
0.365452
0.998505
0.370271
0.065479
0.687687
0.062961
0.372950
0.369093
0.365375
0.682103
0.046143
0.682366
0.050992
0.054012
0.056130
0.057325
0.372376
0.370842
0.369580
0.997960
0.369120
0.368988
0.055057
0.684493
0.056457
0.997960
0.055118
0.367325
0.365253
0.363110
0.361838
0.360214
0.358949
0.045090
0.997960
0.353140
0.344410
0.046440
0.366927
0.381188
0.111036
0.687015
0.997960
0.071781
0.048788
0.025995
0.105244
0.347842
0.050280
0.378088
0.997960
0.357838
0.997960
0.351275
0.001948
0.136041
0.409009
0.404964
0.121881
0.079636
0.092041
0.120043
0.041738
0.997960
0.384868
0.378648
0.086243
0.070331
0.055874
0.693121
0.371204
0.377385
0.092282
0.706172
0.998505
0.115282
0.680093
0.685270
0.998505
0.377945
0.022157
0.394057
0.408098
0.998505
0.400283
0.384832
0.391408
0.063302
0.090052
0.063128
0.076284
0.694615
0.377308
0.680637
0.047958
0.381152
0.420936
0.412712
0.388372
0.685033
0.685062
0.689114
0.374300
0.369585
0.375425
0.368266
0.377124
0.684529
0.071463
0.388620
0.697347
0.072542
0.377765
0.383831
0.408319
0.710838
0.395355
0.345286
0.359748
0.016588
0.386780
0.704842
0.078199
0.397863
0.390369
0.999160
0.066753
0.690650
0.070185
0.691437
0.070254
0.692510
0.075011
0.386590
0.691838
0.387642
0.054799
0.999160
0.123301
0.412648
0.621852
0.093500
0.390831
0.381704
0.380846
0.381452
0.401808
0.097828
0.367244
0.358607
0.681213
0.358830
0.053946
0.375488
0.056863
0.057027
0.375014
0.380554
0.690335
0.690348
0.690124
0.998505
0.690124
0.065169
0.686319
0.059914
0.369729
0.368672
0.368400
0.368714
0.369167
0.683977
0.369058
0.683610
0.051338
0.053025
0.057283
0.375690
0.998505
0.686634
0.688016
0.080772
0.694777
0.998505
0.387737
0.075220
0.684747
0.370317
0.075749
0.689731
0.071927
0.377778
0.375849
0.998505
0.059620
0.064682
0.065820
0.377532
0.377770
0.379208
0.067163
0.065582
0.057986
0.371395
0.059234
0.066434
0.375363
0.686748
0.687042
0.376051
0.377415
0.689504
0.378969
0.395404
0.700005
0.385169
0.122411
0.102200
0.395810
0.998517
0.079657
0.372892
0.699990
0.998517
0.699978
0.427262
0.012203
0.385729
0.374801
0.384628
0.382535
0.055141
0.393163
0.384635
0.702641
0.388860
0.359532
0.027941
0.081396
0.084507
0.353498
0.998505
0.675624
0.392756
0.366142
0.684240
0.082480
0.691883
0.050653
0.040274
0.705860
0.138295
0.322236
0.714582
0.093885
0.430725
0.369607
0.054584
0.998505
0.061879
0.377188
0.686489
0.375020
0.372161
0.685394
0.369319
0.050577
0.684022
0.054938
0.373375
0.686246
0.687122
0.060862
0.371670
0.370402
0.369120
0.370382
0.684670
0.057414
0.371778
0.371711
0.057331
0.997960
0.369068
0.367878
0.051178
0.363187
0.678770
0.048328
0.681681
0.367398
0.370627
0.072317
0.997960
0.374065
0.379993
0.067315
0.024461
0.687015
0.671245
0.684824
0.112097
0.997960
0.053765
0.422138
0.030427
0.678534
0.050735
0.034980
0.997960
0.377420
0.997960
0.117062
0.426440
0.430428
0.387417
0.687371
0.676182
0.997960
0.047387
0.082982
0.085679
0.998505
0.693234
0.692610
0.056082
0.998505
0.071424
0.689792
0.388555
0.391062
0.697503
0.407614
0.375866
0.379479
0.335190
0.369026
0.350598
0.048245
0.385198
0.400444
0.402802
0.393218
0.148403
0.704343
0.998505
0.400453
0.681168
0.998505
0.040167
0.379079
0.069762
0.060790
0.096998
0.085459
0.064770
0.063848
0.096885
0.380632
0.373942
0.392920
0.074100
0.378444
0.064166
0.689361
0.382942
0.386785
0.066563
0.380229
0.999160
0.074601
0.999160
0.402664
0.030369
0.673622
0.051358
0.683758
0.072291
0.106379
0.407701
0.690834
0.071486
0.382626
0.378264
0.380555
0.691150
0.384425
0.692370
0.384443
0.076256
0.999160
0.691838
0.079501
0.069134
0.046523
0.405616
0.332481
0.389983
0.387464
0.386554
0.086981
0.399274
0.715880
0.095926
0.375424
0.368681
0.684723
0.368403
0.059707
0.056659
0.369038
0.368881
0.056134
0.059339
0.063437
0.063848
0.375669
0.378212
0.063008
0.373054
0.374035
0.060749
0.057330
0.055550
0.056053
0.055486
0.056245
0.056228
0.683610
0.998505
0.367420
0.682803
0.998505
0.053929
0.056413
0.060838
0.067012
0.071155
0.079913
0.077686
0.379159
0.998505
0.376352
0.372095
0.069100
0.998505
0.070558
0.377459
0.375087
0.060663
0.684612
0.056061
0.371357
0.371573
0.688771
0.998505
0.688771
0.061873
0.683663
0.998505
0.371191
0.061857
0.375888
0.375058
0.375338
0.687622
0.688473
0.072287
0.395173
0.700005
0.998505
0.380617
0.391232
0.425767
0.028411
0.073030
0.686271
0.998517
0.071533
0.134722
0.143937
0.104548
0.393124
0.387912
0.385139
0.308264
0.360771
0.384356
0.438073
0.117113
0.998505
0.418103
0.420550
0.068925
0.998863
0.036617
0.061343
0.359172
0.065180
0.058693
0.056254
0.054774
0.067308
0.684954
0.055514
0.071822
0.689529
0.405513
0.424409
0.323190
0.398502
0.403901
0.101933
0.998505
0.370145
0.065485
0.069353
0.068051
0.998505
0.064143
0.686702
0.372737
0.056483
0.685873
0.060101
0.376367
0.063587
0.375274
0.686730
0.060129
0.371063
0.057023
0.684670
0.997960
0.059355
0.372555
0.372490
0.685718
0.059964
0.060772
0.060754
0.055587
0.056838
0.056058
0.056178
0.683249
0.378572
0.389261
0.062083
0.058470
0.058066
0.053239
0.682359
0.062613
0.671245
0.374124
0.092277
0.397890
0.104157
0.098415
0.036671
0.061738
0.060771
0.997960
0.039002
0.018033
0.042375
0.703410
0.108858
0.115952
0.092371
0.379304
0.379977
0.071525
0.041749
0.997960
0.378363
0.998505
0.082926
0.371136
0.683383
0.055305
0.381940
0.998505
0.692651
0.072999
0.378505
0.373102
0.377881
0.386578
0.357356
0.374427
0.075689
0.000146
0.456284
0.069206
0.375094
0.699252
0.087633
0.389666
0.492086
0.398092
0.088320
0.052150
0.393085
0.350915
0.064512
0.374398
0.370673
0.361997
0.300707
0.369624
0.419584
0.113606
0.999160
0.394251
0.691998
0.689296
0.687657
0.999160
0.380751
0.383166
0.691740
0.062979
0.062644
0.047759
0.417079
0.400913
0.127624
0.391215
0.329095
0.051795
0.999160
0.372585
0.084865
0.402835
0.394955
0.380163
0.372960
0.372447
0.380561
0.688403
0.691150
0.077430
0.999160
0.066430
0.069792
0.692283
0.385980
0.076862
0.999160
0.310456
0.396336
0.104483
0.693077
0.086295
0.387548
0.113481
0.703675
0.383800
0.070901
0.370713
0.685057
0.372578
0.374114
0.057840
0.684485
0.371879
0.685245
0.684573
0.683930
0.683825
0.998505
0.055641
0.368998
0.059533
0.998505
0.062586
0.998505
0.062647
0.372362
0.370888
0.684641
0.059114
0.369916
0.368240
0.366498
0.365912
0.367012
0.998505
0.366943
0.368666
0.061957
0.376624
0.376535
0.686150
0.375055
0.064125
0.369083
0.057626
0.374983
0.068223
0.377554
0.687851
0.064463
0.371525
0.998505
0.051608
0.362686
0.677276
0.054810
0.061799
0.063105
0.055771
0.073135
0.371191
0.998505
0.064344
0.375665
0.064141
0.063983
0.064959
0.377900
0.393869
0.692217
0.123197
0.406684
0.082900
0.998517
0.005482
0.339567
0.998517
0.373915
0.076687
0.691603
0.104828
0.696768
0.118272
0.391023
0.385586
0.309782
0.346643
0.366235
0.739361
0.411503
0.998505
0.414493
0.379857
0.100886
0.684297
0.390806
0.041199
0.682053
0.998505
0.045636
0.678767
0.041818
0.683803
0.069688
0.745797
0.058663
0.067625
0.698157
0.675954
0.998505
0.052334
0.376013
0.998505
0.056942
0.682818
0.051300
0.066308
0.381172
0.380477
0.068075
0.376620
0.998505
0.375105
0.061322
0.374991
0.998505
0.064883
0.376221
0.687203
0.375080
0.373483
0.059064
0.371943
0.371877
0.060174
0.685450
0.685425
0.997960
0.061980
0.997960
0.686546
0.687574
0.687851
0.058830
0.685141
0.997960
0.062672
0.687471
0.071338
0.997960
0.686044
0.364284
0.362654
0.048531
0.049547
0.082664
0.706413
0.402652
0.679349
0.687909
0.053014
0.376187
0.076183
0.997960
0.056786
0.997960
0.376405
0.074061
0.002657
0.091356
0.997960
0.690698
0.691146
0.381180
0.997960
0.326793
0.136107
0.998505
0.378363
0.082636
0.386560
0.365537
0.004972
0.390787
0.692651
0.387085
0.696431
0.377244
0.060675
0.692368
0.073823
0.438574
0.115911
0.686191
0.998505
0.063963
0.383958
0.392886
0.071652
0.069267
0.377935
0.383154
0.998505
0.432477
0.667435
0.055068
0.384612
0.091010
0.386697
0.364692
0.309636
0.363624
0.399073
0.414048
0.696937
0.072255
0.100925
0.077462
0.379490
0.689296
0.061522
0.380871
0.691740
0.690230
0.075289
0.378460
0.445782
0.689234
0.690069
0.999160
0.374444
0.363337
0.387939
0.061786
0.060639
0.687156
0.068488
0.081552
0.369333
0.367394
0.374053
0.378508
0.999160
0.381391
0.082948
0.074696
0.372944
0.684339
0.071897
0.999160
0.693943
0.381994
0.394573
0.399413
0.710343
0.081954
0.686336
0.345032
0.394929
0.383651
0.107647
0.681807
0.061778
0.685178
0.372674
0.063062
0.058118
0.055738
0.374654
0.061292
0.370324
0.368008
0.366974
0.367795
0.368091
0.371576
0.685761
0.061979
0.064308
0.064598
0.374186
0.370075
0.683188
0.368816
0.058463
0.059141
0.057786
0.054483
0.051432
0.049928
0.050764
0.682539
0.367023
0.056978
0.372825
0.372563
0.684566
0.371325
0.368994
0.366346
0.051169
0.370233
0.373777
0.375670
0.375789
0.373810
0.371221
0.053846
0.679276
0.998505
0.041679
0.681394
0.365941
0.364708
0.682191
0.058008
0.066024
0.125501
0.687201
0.998505
0.375681
0.687117
0.998505
0.066379
0.998505
0.015547
0.420508
0.099113
0.398567
0.074155
0.688031
0.067681
0.061752
0.690279
0.058629
0.998517
0.087622
0.396282
0.393037
0.077112
0.384735
0.365640
0.369067
0.371578
0.046166
0.419722
0.710356
0.060219
0.998505
0.388423
0.998863
0.372123
0.033993
0.036336
0.361805
0.039140
0.355605
0.364052
0.682813
0.373566
0.090736
0.126870
0.374397
0.385333
0.064019
0.046988
0.681648
0.998505
0.056831
0.362264
0.052404
0.064084
0.382524
0.689947
0.689326
0.688423
0.998505
0.065023
0.375493
0.687103
0.064376
0.064731
0.376490
0.687149
0.063589
0.998505
0.059803
0.684730
0.059353
0.372963
0.686055
0.373338
0.059181
0.685425
0.685467
0.374515
0.055449
0.005592
0.079010
0.042364
0.072245
0.373912
0.687349
0.376397
0.371840
0.370780
0.369813
0.680333
0.678887
0.678907
0.680735
0.375575
0.376173
0.062975
0.094116
0.997960
0.386869
0.369805
0.073845
0.074893
0.373895
0.376405
0.997960
0.401129
0.441623
0.075808
0.057650
0.373110
0.376685
0.369897
0.370122
0.398724
0.709054
0.360364
0.387582
0.998505
0.067161
0.617279
0.383884
0.387377
0.095203
0.696431
0.093121
0.683438
0.078696
0.382620
0.081618
0.098815
0.376833
0.330341
0.091171
0.095050
0.098813
0.391049
0.372183
0.373811
0.059752
0.272726
0.084971
0.692284
0.422309
0.087119
0.096171
0.998505
0.398483
0.695451
0.998505
0.695451
0.683585
0.405899
0.405999
0.666254
0.999160
0.086448
0.371016
0.373245
0.057465
0.374982
0.381739
0.999160
0.077315
0.138573
0.423472
0.099503
0.062292
0.061188
0.686315
0.068037
0.690540
0.066463
0.686834
0.373646
0.059111
0.683308
0.048618
0.681518
0.057158
0.370760
0.371588
0.052566
0.047661
0.683436
0.999160
0.369353
0.056162
0.074293
0.100947
0.397182
0.100196
0.423100
0.112808
0.400831
0.040806
0.999160
0.024279
0.059344
0.690578
0.185268
0.998505
0.068928
0.683195
0.686776
0.374946
0.061466
0.998505
0.063326
0.058944
0.052632
0.048266
0.048289
0.684212
0.685761
0.373057
0.685569
0.063329
0.373874
0.370474
0.367931
0.682570
0.366822
0.055049
0.685181
0.060852
0.372044
0.369673
0.367875
0.367266
0.682954
0.052185
0.369643
0.370226
0.369976
0.998505
0.684566
0.367443
0.365377
0.364169
0.050845
0.371843
0.374160
0.374856
0.060721
0.998505
0.054212
0.042524
0.043372
0.364879
0.683156
0.369685
0.380585
0.113540
0.062824
0.140577
0.998973
0.437973
0.063459
0.063470
0.375258
0.375788
0.061623
0.389783
0.397009
0.016266
0.385569
0.998505
0.380668
0.679549
0.680246
0.056581
0.047124
0.060952
0.076401
0.317486
0.747775
0.067627
0.998517
0.378755
0.072023
0.374516
0.373784
0.998505
0.108312
0.391963
0.006254
0.102710
0.000353
0.056689
0.671698
0.039211
0.358905
0.680604
0.047410
0.687658
0.049507
0.376188
0.695368
0.387200
0.075457
0.368137
0.053179
0.361298
0.364953
0.373926
0.371038
0.367984
0.371971
0.381095
0.074377
0.385369
0.075111
0.073018
0.070602
0.378003
0.376568
0.376161
0.687281
0.064852
0.376271
0.375798
0.998505
0.687149
0.061148
0.684793
0.372129
0.997960
0.060837
0.374157
0.372280
0.684742
0.685467
0.372712
0.374590
0.687027
0.675999
0.621927
0.694130
0.054593
0.057943
0.056603
0.060836
0.361601
0.048581
0.043046
0.033088
0.034502
0.360192
0.054027
0.367497
0.083802
0.122216
0.997960
0.392621
0.697846
0.696920
0.683901
0.072902
0.380686
0.070832
0.695906
0.387329
0.997960
0.382799
0.379176
0.058198
0.681197
0.360662
0.385866
0.392489
0.409223
0.344320
0.362336
0.388764
0.691839
0.095293
0.385670
0.087767
0.384926
0.393200
0.372469
0.691160
0.071308
0.069637
0.998505
0.692196
0.062658
0.102206
0.694226
0.998505
0.077110
0.091273
0.683254
0.998505
0.395678
0.366528
0.285727
0.998505
0.069815
0.049155
0.075300
0.409176
0.697127
0.071428
0.098002
0.683585
0.106348
0.398067
0.394972
0.056551
0.090625
0.003792
0.053570
0.044228
0.686951
0.061662
0.058054
0.690230
0.071640
0.418890
0.380787
0.374933
0.685903
0.686315
0.999160
0.065918
0.688681
0.067027
0.686654
0.372915
0.372474
0.051193
0.361927
0.681274
0.052056
0.684564
0.371332
0.365116
0.364688
0.368644
0.097230
0.049668
0.368897
0.390375
0.404391
0.111964
0.705963
0.404916
0.420692
0.140348
0.240429
0.385626
0.234712
0.133398
0.114453
0.017160
0.060637
0.295669
0.999160
0.371149
0.686034
0.065770
0.686087
0.067387
0.374630
0.686412
0.371015
0.051344
0.052474
0.055809
0.684181
0.370597
0.058340
0.684789
0.683717
0.053116
0.681905
0.366253
0.053001
0.684506
0.373126
0.061798
0.371965
0.370064
0.368938
0.683783
0.052614
0.683516
0.368660
0.054116
0.053870
0.052086
0.682922
0.366268
0.365469
0.051391
0.371407
0.685715
0.061460
0.373316
0.685437
0.369438
0.374607
0.372995
0.690202
0.058800
0.687277
0.377860
0.091563
0.372065
0.310360
0.171119
0.058671
0.063470
0.376417
0.059902
0.059974
0.367721
0.068622
0.101414
0.378721
0.378258
0.061460
0.055625
0.369748
0.998517
0.680246
0.686023
0.064137
0.237534
0.156512
0.998517
0.433737
0.690459
0.372212
0.068996
0.379549
0.403784
0.087664
0.051356
0.015775
0.285189
0.616763
0.690037
0.000647
0.681418
0.055515
0.680604
0.683932
0.058614
0.681099
0.686425
0.998505
0.390087
0.100544
0.998505
0.083787
0.696013
0.375547
0.053208
0.998505
0.050946
0.998505
0.379471
0.386330
0.692861
0.080132
0.383864
0.998505
0.690493
0.069299
0.377142
0.998505
0.376530
0.064943
0.375864
0.686915
0.375798
0.375098
0.060488
0.997960
0.057888
0.058234
0.060857
0.374862
0.058312
0.684186
0.368464
0.371372
0.371197
0.374372
0.323185
0.391720
0.047543
0.685587
0.373740
0.681786
0.688962
0.045365
0.362011
0.357702
0.351327
0.350470
0.044450
0.355599
0.103449
0.063936
0.687458
0.415366
0.697846
0.409613
0.119362
0.688106
0.684418
0.075114
0.070301
0.384158
0.703183
0.384397
0.071125
0.997960
0.093478
0.368360
0.392607
0.385641
0.044975
0.063267
0.357090
0.366695
0.381107
0.086537
0.047294
0.093009
0.384382
0.079876
0.069528
0.070453
0.083902
0.133094
0.075391
0.097285
0.083203
0.998505
0.048205
0.747258
0.377608
0.690757
0.688216
0.063035
0.036667
0.113169
0.064345
0.308150
0.043728
0.361666
0.391938
0.391947
0.067907
0.076418
0.400965
0.113252
0.451238
0.098376
0.372940
0.066679
0.999160
0.365097
0.369339
0.045292
0.354524
0.064100
0.368367
0.999160
0.055701
0.999160
0.038823
0.687589
0.038169
0.047451
0.366051
0.052232
0.370531
0.375882
0.065939
0.375251
0.684853
0.369140
0.684966
0.046765
0.999160
0.365373
0.053599
0.683747
0.369322
0.369421
0.083629
0.424312
0.420791
0.386847
0.095578
0.703876
0.695344
0.412878
0.089265
0.365897
0.138905
0.437822
0.410310
0.401972
0.695498
0.085301
0.368812
0.236036
0.414867
0.050773
0.686688
0.059952
0.069171
0.071249
0.380832
0.686412
0.374053
0.686115
0.055833
0.684284
0.054563
0.683894
0.054667
0.368622
0.055692
0.998505
0.368189
0.050207
0.998505
0.366879
0.369109
0.060935
0.375277
0.374374
0.684489
0.685634
0.370870
0.054495
0.369362
0.369448
0.369205
0.368742
0.368412
0.683990
0.368360
0.368146
0.368661
0.057300
0.374377
0.374788
0.373632
0.055457
0.062353
0.998505
0.689676
0.070359
0.688201
0.687024
0.377915
0.379722
0.072961
0.445009
0.706708
0.443491
0.066491
0.368789
0.684202
0.998505
0.374485
0.392723
0.368828
0.306771
0.359954
0.680292
0.041732
0.036689
0.047857
0.066454
0.067460
0.610896
0.401024
0.313782
0.093028
0.043602
0.364711
0.362443
0.374951
0.381924
0.402695
0.106246
0.357918
0.678611
0.084137
0.086062
0.393086
0.998863
0.382746
0.079256
0.058599
0.687362
0.998505
0.050192
0.369014
0.390087
0.408563
0.707149
0.403681
0.111310
0.998505
0.696013
0.689611
0.058774
0.681912
0.070250
0.385487
0.692861
0.998505
0.386233
0.690334
0.690493
0.071077
0.377877
0.066190
0.065747
0.687374
0.687215
0.686915
0.998505
0.375306
0.374410
0.059100
0.684793
0.684373
0.684286
0.060995
0.997960
0.046875
0.076890
0.684578
0.373815
0.055728
0.403175
0.405242
0.424490
0.074649
0.997960
0.685587
0.061688
0.047729
0.997960
0.681811
0.679208
0.676204
0.672833
0.348184
0.683423
0.395112
0.126675
0.052843
0.687458
0.063065
0.162164
0.035580
0.684418
0.372174
0.692859
0.381593
0.068007
0.689593
0.381177
0.074624
0.690382
0.075033
0.997960
0.389051
0.064517
0.690542
0.997960
0.360848
0.362031
0.078870
0.015920
0.424607
0.689445
0.088137
0.998505
0.692587
0.395931
0.435701
0.131522
0.417513
0.405230
0.086485
0.063893
0.050005
0.107860
0.117530
0.076786
0.392866
0.376372
0.684748
0.314940
0.341072
0.123895
0.041473
0.083240
0.076167
0.998505
0.389768
0.366533
0.082899
0.015450
0.202658
0.400279
0.382196
0.999160
0.053377
0.999160
0.367735
0.368220
0.043041
0.686817
0.999160
0.368367
0.031658
0.357970
0.687589
0.677247
0.688186
0.030700
0.362521
0.682656
0.369126
0.373344
0.375631
0.060439
0.683059
0.999160
0.048748
0.363866
0.681274
0.681189
0.683258
0.369503
0.999160
0.372119
0.371467
0.379417
0.111466
0.694812
0.085957
0.086901
0.999160
0.399201
0.696649
0.679394
0.094724
0.705221
0.700784
0.695498
0.999160
0.074951
0.308662
0.671545
0.321407
0.432337
0.054155
0.065871
0.688273
0.073166
0.382276
0.069264
0.376201
0.373357
0.371570
0.684989
0.684284
0.369553
0.053678
0.367979
0.368265
0.369088
0.368891
0.051939
0.052038
0.370913
0.685837
0.062425
0.688017
0.065388
0.061627
0.684886
0.998505
0.057219
0.370567
0.370478
0.370360
0.370331
0.370421
0.685084
0.370818
0.371201
0.371974
0.061079
0.687183
0.063696
0.681388
0.684643
0.399143
0.067449
0.381840
0.998505
0.379514
0.064701
0.377247
0.069480
0.690713
0.688153
0.088134
0.998505
0.080317
0.998505
0.049969
0.372550
0.382065
0.683027
0.617621
0.672595
0.352295
0.998505
0.044171
0.681946
0.049450
0.376139
0.376463
0.359168
0.378879
0.669826
0.682016
0.034861
0.684801
0.686764
0.066290
0.398723
0.396181
0.385762
0.369908
0.686571
0.074937
0.397434
0.998863
0.090513
0.397530
0.096219
0.384180
0.067341
0.071059
0.003423
0.024646
0.077079
0.408416
0.998505
0.415930
0.423877
0.398804
0.385617
0.388817
0.374556
0.060034
0.385961
0.386917
0.387577
0.692861
0.081480
0.383070
0.690334
0.069798
0.065978
0.687722
0.687730
0.065948
0.376560
0.064511
0.686915
0.374787
0.372949
0.057769
0.684373
0.370242
0.370646
0.060673
0.376768
0.391127
0.997960
0.030513
0.110752
0.674739
0.393171
0.417684
0.375587
0.060602
0.685587
0.370686
0.685943
0.368297
0.370225
0.061992
0.103221
0.055418
0.347947
0.667090
0.348980
0.234257
0.393800
0.063608
0.072578
0.164407
0.016787
0.073112
0.679504
0.383828
0.081612
0.074424
0.065810
0.377427
0.078910
0.073739
0.053986
0.362206
0.684806
0.366911
0.062513
0.398303
0.690542
0.041873
0.047511
0.373454
0.114375
0.439928
0.103024
0.085774
0.386282
0.080725
0.385137
0.141136
0.417743
0.703957
0.114094
0.101834
0.679467
0.319596
0.427576
0.119294
0.358262
0.057781
0.051640
0.036154
0.104959
0.279151
0.418293
0.290433
0.359471
0.384765
0.074797
0.065762
0.390822
0.281991
0.413643
0.395314
0.697356
0.071104
0.061133
0.050346
0.053036
0.683067
0.365130
0.055422
0.014538
0.062928
0.119755
0.055990
0.073470
0.077596
0.376616
0.999160
0.042752
0.363174
0.683161
0.369013
0.372569
0.373534
0.053263
0.366918
0.365233
0.680581
0.045530
0.045154
0.049698
0.370221
0.055333
0.372119
0.687679
0.374272
0.366638
0.069219
0.686269
0.056224
0.665630
0.003790
0.047210
0.050772
0.049540
0.371303
0.105904
0.402392
0.085395
0.695498
0.378770
0.999160
0.383413
0.999160
0.697659
0.685332
0.686576
0.068003
0.382448
0.690101
0.688591
0.687039
0.685791
0.684989
0.998505
0.056853
0.055454
0.683960
0.053883
0.369504
0.684069
0.683956
0.685299
0.056654
0.685837
0.998505
0.064790
0.688687
0.067660
0.376653
0.685634
0.373124
0.060023
0.372038
0.998505
0.684816
0.058245
0.685084
0.998505
0.372875
0.373738
0.374763
0.064325
0.998505
0.061694
0.028742
0.070080
0.378551
0.377698
0.074277
0.065674
0.686499
0.375049
0.375147
0.070985
0.688940
0.076482
0.061789
0.003046
0.689876
0.006308
0.016635
0.046826
0.073334
0.100746
0.024914
0.289624
0.371468
0.364379
0.998505
0.054496
0.373422
0.373925
0.687377
0.067597
0.374193
0.059919
0.683320
0.367811
0.053851
0.377376
0.380067
0.383355
0.998517
0.074230
0.688566
0.376830
0.061235
0.385448
0.393719
0.393387
0.090969
0.079246
0.689655
0.070815
0.689990
0.672101
0.687174
0.700130
0.696238
0.031541
0.115958
0.113231
0.405622
0.998505
0.388572
0.041362
0.382184
0.382884
0.383989
0.386553
0.693244
0.080231
0.074693
0.069919
0.066602
0.376143
0.067354
0.377170
0.687691
0.998505
0.064727
0.686772
0.374397
0.372556
0.056411
0.683916
0.055618
0.684447
0.060011
0.375646
0.080898
0.034321
0.997960
0.319987
0.054284
0.343410
0.062036
0.060945
0.061092
0.373001
0.373662
0.372737
0.374560
0.073556
0.432490
0.126042
0.997960
0.057269
0.330109
0.312977
0.358852
0.672445
0.072349
0.615093
0.398068
0.348205
0.015568
0.050243
0.336800
0.386609
0.997960
0.687026
0.067089
0.052575
0.679659
0.033468
0.301927
0.379468
0.377011
0.063309
0.304984
0.390174
0.359966
0.052897
0.998505
0.686090
0.693321
0.336555
0.401562
0.392706
0.379410
0.089558
0.998505
0.110111
0.998505
0.102783
0.376755
0.688394
0.360708
0.027679
0.364866
0.358630
0.354381
0.354702
0.110220
0.701238
0.743458
0.206602
0.663018
0.425730
0.696772
0.049872
0.393731
0.693847
0.054124
0.381247
0.621242
0.373132
0.685297
0.685033
0.684460
0.683067
0.999160
0.364983
0.358953
0.024640
0.683076
0.374890
0.104118
0.368104
0.028471
0.076344
0.037826
0.358553
0.365759
0.999160
0.370950
0.376006
0.384274
0.035770
0.999160
0.362645
0.044547
0.999160
0.366056
0.999160
0.371193
0.062566
0.065163
0.686177
0.999160
0.073373
0.380495
0.999160
0.035085
0.999160
0.665630
0.619870
0.665500
0.696136
0.107926
0.389500
0.046978
0.066731
0.073715
0.072579
0.070546
0.053904
0.076710
0.061409
0.061823
0.062556
0.067161
0.382345
0.074835
0.072264
0.068252
0.064219
0.060934
0.058637
0.371095
0.998505
0.055665
0.370056
0.371032
0.057660
0.058467
0.373116
0.373829
0.061451
0.375196
0.067045
0.689266
0.069285
0.688934
0.066530
0.064266
0.062554
0.686380
0.059561
0.059061
0.060102
0.060169
0.060935
0.998505
0.375238
0.376515
0.687505
0.066715
0.377137
0.064012
0.698732
0.361319
0.686352
0.998505
0.373798
0.373583
0.063715
0.686683
0.066714
0.998505
0.377943
0.372258
0.084436
0.100923
0.352950
0.708986
0.353993
0.066540
0.335611
0.427013
0.101652
0.377280
0.058692
0.061751
0.998505
0.062613
0.393230
0.381139
0.686124
0.681007
0.363392
0.051208
0.371830
0.375385
0.688028
0.378812
0.069018
0.073057
0.383463
0.706044
0.438464
0.064653
0.694146
0.441460
0.325433
0.676261
0.072720
0.998863
0.058186
0.060557
0.057831
0.050842
0.384550
0.315601
0.998863
0.621987
0.104252
0.107265
0.058006
0.381481
0.062309
0.375337
0.377724
0.378875
0.078503
0.082849
0.063242
0.689597
0.687968
0.998505
0.069136
0.688963
0.377737
0.377296
0.687691
0.065260
0.686801
0.374513
0.372281
0.055418
0.054231
0.683488
0.369489
0.058979
0.374685
0.381533
0.997960
0.021453
0.384854
0.366930
0.052287
0.372224
0.685249
0.685318
0.060756
0.060454
0.373503
0.375308
0.685463
0.420424
0.997960
0.062525
0.142023
0.330533
0.395805
0.041933
0.997960
0.672445
0.342244
0.615093
0.348267
0.311060
0.296117
0.138073
0.065278
0.059793
0.060893
0.374620
0.373458
0.686656
0.679659
0.072288
0.693556
0.083611
0.040426
0.072129
0.394202
0.360653
0.052626
0.372079
0.065264
0.082028
0.347695
0.309720
0.379022
0.069163
0.998505
0.084547
0.381707
0.098430
0.397495
0.086626
0.998505
0.384839
0.058849
0.371205
0.696380
0.060105
0.369092
0.069218
0.998505
0.317864
0.026063
0.334823
0.696772
0.998505
0.060448
0.068703
0.687975
0.065031
0.686199
0.397160
0.005204
0.367789
0.372571
0.369307
0.368818
0.048650
0.681747
0.362610
0.042742
0.999160
0.371376
0.382483
0.064314
0.682057
0.034232
0.358861
0.681758
0.999160
0.053548
0.999160
0.393534
0.689649
0.697013
0.014417
0.045978
0.047914
0.068060
0.046544
0.364926
0.060043
0.071409
0.697294
0.379750
0.379686
0.693385
0.999160
0.062839
0.999160
0.347975
0.016431
0.146262
0.029713
0.241301
0.684338
0.676464
0.385891
0.026966
0.743056
0.397154
0.078343
0.691395
0.067160
0.999160
0.373807
0.375194
0.377170
0.071360
0.690027
0.380256
0.378178
0.376039
0.374188
0.372780
0.998505
0.057674
0.371153
0.057299
0.372393
0.373546
0.374398
0.375228
0.376145
0.377322
0.688580
0.688895
0.070151
0.998505
0.689192
0.068231
0.687990
0.064324
0.686804
0.374263
0.373642
0.373397
0.373555
0.062453
0.686296
0.686866
0.687447
0.067544
0.378858
0.378499
0.053761
0.365533
0.385336
0.069031
0.373798
0.998505
0.685951
0.375017
0.374202
0.374236
0.066031
0.373817
0.034974
0.362104
0.020046
0.098397
0.998505
0.410326
0.080406
0.394523
0.400931
0.384620
0.386514
0.391493
0.367040
0.065545
0.411814
0.700650
0.095799
0.073811
0.054485
0.682365
0.684975
0.998517
0.064046
0.689840
0.073089
0.069783
0.690416
0.382023
0.391251
0.098909
0.998863
0.125354
0.322829
0.339215
0.998863
0.048871
0.059128
0.426607
0.694255
0.053347
0.380326
0.078680
0.403892
0.621987
0.104983
0.998863
0.705153
0.049318
0.365704
0.365371
0.364062
0.059684
0.383551
0.694595
0.675175
0.700886
0.691933
0.080440
0.077478
0.998505
0.070935
0.070200
0.377353
0.687848
0.065477
0.686992
0.060258
0.684411
0.683960
0.053379
0.683267
0.368981
0.058212
0.061681
0.997960
0.072187
0.997960
0.688615
0.683450
0.368835
0.371351
0.058765
0.059750
0.060367
0.997960
0.060314
0.054981
0.055310
0.083897
0.340077
0.474744
0.635460
0.458903
0.415621
0.011389
0.672445
0.015078
0.997960
0.344069
0.681623
0.054808
0.363441
0.678371
0.060112
0.679489
0.366018
0.684936
0.685141
0.365506
0.041997
0.035713
0.087050
0.142284
0.249583
0.378640
0.097131
0.998505
0.366591
0.998505
0.684494
0.369111
0.679955
0.671203
0.381280
0.363666
0.056631
0.064081
0.998505
0.386997
0.395161
0.099008
0.688394
0.396832
0.087690
0.393694
0.397944
0.328963
0.360593
0.373522
0.059377
0.386067
0.438870
0.015307
0.131983
0.082687
0.392034
0.382094
0.686630
0.058314
0.049959
0.057260
0.687809
0.067047
0.060884
0.054705
0.051353
0.681747
0.999160
0.364414
0.048999
0.371376
0.684231
0.060294
0.367421
0.999160
0.046743
0.681988
0.363399
0.056262
0.062109
0.085383
0.999160
0.122965
0.103116
0.325867
0.411011
0.083934
0.999160
0.698309
0.055768
0.999160
0.073550
0.391755
0.697294
0.092291
0.396954
0.693385
0.075386
0.681504
0.082242
0.999160
0.711960
0.071875
0.398947
0.016067
0.008119
0.999160
0.176653
0.705472
0.999160
0.094741
0.385761
0.380683
0.062901
0.373736
0.375628
0.378141
0.071990
0.073196
0.379824
0.378040
0.376136
0.374455
0.686162
0.059924
0.372324
0.058391
0.372345
0.998505
0.373385
0.998505
0.375462
0.687964
0.688547
0.068406
0.998505
0.379582
0.070909
0.070688
0.069084
0.688154
0.065337
0.686993
0.374796
0.373995
0.686120
0.686025
0.686125
0.062589
0.064273
0.066073
0.377025
0.375812
0.063672
0.368267
0.051319
0.696547
0.998505
0.071255
0.058818
0.062437
0.998505
0.686099
0.371836
0.056255
0.683290
0.036629
0.350100
0.998505
0.159326
0.404242
0.127943
0.397924
0.391284
0.380597
0.379827
0.998505
0.378130
0.052689
0.082841
0.114941
0.099204
0.704120
0.080505
0.381543
0.366005
0.371144
0.066851
0.382502
0.692275
0.078131
0.381971
0.998863
0.387920
0.998863
0.696367
0.391727
0.032566
0.687981
0.375268
0.032022
0.070672
0.113202
0.694255
0.998863
0.374657
0.051592
0.998863
0.690960
0.403892
0.387519
0.014500
0.736909
0.604372
0.288029
0.357766
0.356347
0.388189
0.096533
0.104085
0.030125
0.675175
0.042367
0.390430
0.998505
0.080062
0.076365
0.998505
0.068096
0.687598
0.064783
0.373304
0.370577
0.683960
0.052712
0.682790
0.367808
0.055580
0.372268
0.686269
0.686040
0.061992
0.375233
0.683450
0.056012
0.371477
0.370611
0.370629
0.371607
0.685274
0.060471
0.055996
0.683140
0.364187
0.357892
0.093825
0.011660
0.125743
0.358609
0.358201
0.144284
0.408630
0.023736
0.664076
0.369785
0.034688
0.039602
0.365349
0.676413
0.338881
0.682623
0.679489
0.051649
0.053037
0.064601
0.683306
0.358838
0.319896
0.338172
0.483307
0.327550
0.385723
0.680601
0.365675
0.369351
0.056497
0.998505
0.356216
0.053128
0.315198
0.076155
0.690624
0.061895
0.073969
0.390704
0.401117
0.700154
0.698569
0.381964
0.017918
0.376874
0.334064
0.058066
0.685762
0.023171
0.413635
0.394543
0.095877
0.998505
0.397437
0.102440
0.391866
0.375885
0.998505
0.054994
0.998505
0.049226
0.054703
0.368387
0.368494
0.684003
0.051896
0.050014
0.048026
0.999160
0.048364
0.053784
0.369372
0.684018
0.054067
0.050830
0.368405
0.051261
0.055433
0.687798
0.691008
0.999160
0.397593
0.083956
0.999160
0.686488
0.707159
0.117149
0.095191
0.428917
0.042650
0.015372
0.125599
0.366267
0.081753
0.407196
0.400912
0.410056
0.716581
0.073819
0.090176
0.069424
0.135495
0.057912
0.683105
0.338987
0.018181
0.060542
0.378319
0.159193
0.008266
0.386338
0.383964
0.691100
0.375414
0.063957
0.378704
0.689202
0.380383
0.072027
0.998505
0.689457
0.688700
0.687774
0.374402
0.373291
0.372662
0.372482
0.059972
0.060996
0.062540
0.686494
0.064782
0.377267
0.378116
0.689063
0.069814
0.998505
0.379658
0.379723
0.068974
0.687553
0.686993
0.374985
0.686464
0.373950
0.060630
0.060235
0.373718
0.685967
0.062752
0.998505
0.377507
0.379058
0.069102
0.386878
0.747995
0.109396
0.053208
0.050715
0.373403
0.369777
0.686099
0.372359
0.369569
0.053303
0.679235
0.015146
0.406628
0.378946
0.102043
0.379733
0.374255
0.998505
0.069150
0.363225
0.385378
0.378130
0.327834
0.379296
0.719079
0.691953
0.616022
0.363672
0.393341
0.082638
0.069728
0.070955
0.385703
0.388035
0.694056
0.079563
0.382458
0.076025
0.074451
0.080628
0.086868
0.668356
0.054474
0.998863
0.074322
0.692957
0.075161
0.298363
0.159151
0.076781
0.998897
0.059461
0.380924
0.078296
0.702418
0.027113
0.406386
0.604730
0.283176
0.371388
0.070709
0.374468
0.448293
0.114596
0.702744
0.998505
0.334035
0.447529
0.110203
0.389151
0.998505
0.078808
0.377111
0.374784
0.686858
0.376051
0.062781
0.684618
0.050416
0.367010
0.682646
0.053706
0.370683
0.372414
0.374027
0.374752
0.686599
0.062141
0.684579
0.372820
0.057225
0.683534
0.369508
0.370373
0.059193
0.372326
0.057970
0.368432
0.997960
0.367061
0.363626
0.374809
0.376908
0.076620
0.432297
0.053450
0.019630
0.059771
0.067615
0.065501
0.054201
0.697762
0.057496
0.740038
0.676413
0.021943
0.364058
0.680031
0.680634
0.684018
0.095065
0.447881
0.356961
0.403317
0.063972
0.693625
0.088175
0.362882
0.367814
0.371730
0.367234
0.373284
0.363157
0.998505
0.674104
0.012276
0.696093
0.396421
0.068525
0.688286
0.380992
0.099494
0.100596
0.699498
0.039009
0.686622
0.070333
0.685762
0.691171
0.083471
0.998505
0.122431
0.384875
0.390771
0.388659
0.381367
0.072475
0.367840
0.053418
0.367403
0.050747
0.998505
0.047877
0.681697
0.051171
0.367806
0.367543
0.367311
0.367043
0.049558
0.366948
0.367646
0.368296
0.999160
0.368560
0.053675
0.683943
0.369208
0.058377
0.063501
0.377661
0.380678
0.389237
0.092967
0.686488
0.410401
0.109686
0.076523
0.999160
0.051162
0.999160
0.671705
0.632595
0.102794
0.330733
0.401741
0.100235
0.699572
0.087474
0.691475
0.372575
0.693289
0.385893
0.683105
0.999160
0.042236
0.032884
0.686923
0.377589
0.071689
0.687894
0.377649
0.380546
0.066190
0.063015
0.687055
0.067329
0.380363
0.380897
0.998505
0.071047
0.379503
0.377752
0.063436
0.685634
0.998505
0.685634
0.372771
0.060925
0.686734
0.998505
0.064056
0.376664
0.377508
0.067344
0.068291
0.688979
0.069687
0.688596
0.378964
0.068377
0.066715
0.064959
0.998505
0.686993
0.686464
0.372649
0.685502
0.058772
0.059154
0.372329
0.063429
0.374170
0.072815
0.691809
0.070190
0.378261
0.121099
0.678834
0.365169
0.365718
0.680275
0.049478
0.052228
0.051994
0.679235
0.998505
0.046684
0.377122
0.378273
0.377622
0.998505
0.365127
0.048803
0.054566
0.370501
0.379235
0.055716
0.683395
0.364997
0.443598
0.046169
0.418013
0.678903
0.047688
0.380352
0.383276
0.386672
0.998863
0.085472
0.998863
0.084479
0.386019
0.387351
0.694793
0.085902
0.386755
0.382088
0.378932
0.381515
0.692957
0.998863
0.385023
0.135866
0.402594
0.998897
0.381423
0.132001
0.998863
0.391611
0.383544
0.114057
0.631127
0.425191
0.065281
0.090641
0.100565
0.367630
0.075789
0.398558
0.091789
0.094762
0.395933
0.368371
0.423113
0.700828
0.370578
0.370403
0.074804
0.377112
0.686360
0.075820
0.366054
0.362421
0.680006
0.046025
0.053799
0.683311
0.056393
0.058270
0.685670
0.062030
0.374625
0.374234
0.060522
0.997960
0.370543
0.997960
0.368053
0.368660
0.370563
0.372976
0.062631
0.687765
0.055525
0.052148
0.682614
0.681597
0.688107
0.380943
0.026099
0.407750
0.371379
0.056641
0.997960
0.686893
0.074895
0.391245
0.119443
0.997960
0.065800
0.601577
0.361975
0.044723
0.365319
0.072508
0.092161
0.377637
0.425747
0.333399
0.693625
0.694895
0.686542
0.050911
0.059344
0.067550
0.056448
0.060938
0.064405
0.674104
0.016096
0.390180
0.998505
0.400335
0.394083
0.998505
0.688286
0.688907
0.696882
0.071106
0.066374
0.693228
0.080899
0.386648
0.689603
0.135798
0.047004
0.104302
0.377278
0.696912
0.064423
0.368618
0.370993
0.690910
0.054144
0.371246
0.367190
0.047413
0.681697
0.998505
0.048539
0.999160
0.683224
0.052334
0.683751
0.052752
0.683292
0.683437
0.999160
0.052435
0.367580
0.052645
0.999160
0.369959
0.686813
0.689023
0.999160
0.074960
0.693354
0.082096
0.702402
0.056928
0.999160
0.387792
0.072011
0.044355
0.368739
0.320889
0.445092
0.684725
0.376008
0.390616
0.073032
0.377837
0.091092
0.691048
0.999160
0.387567
0.406558
0.099834
0.292545
0.679856
0.676450
0.374723
0.999160
0.378376
0.999160
0.687894
0.689711
0.687357
0.061313
0.686419
0.067185
0.998505
0.070944
0.689666
0.689469
0.067928
0.377126
0.062339
0.372864
0.685634
0.058893
0.060076
0.998505
0.062516
0.375819
0.064871
0.065260
0.065125
0.687906
0.377066
0.378766
0.378051
0.378114
0.688075
0.377936
0.066350
0.687154
0.064094
0.062537
0.060881
0.685727
0.371952
0.684731
0.684552
0.370529
0.056100
0.685282
0.068061
0.690277
0.084887
0.068728
0.361928
0.036301
0.998505
0.359460
0.998505
0.680275
0.351952
0.047152
0.048589
0.040747
0.368995
0.374914
0.686476
0.059208
0.048637
0.998505
0.035589
0.679409
0.055967
0.374746
0.371742
0.028628
0.372381
0.395164
0.430181
0.998863
0.429485
0.052015
0.685374
0.068845
0.386960
0.085561
0.694379
0.089509
0.392731
0.083525
0.692458
0.388139
0.393523
0.392066
0.379861
0.385762
0.080266
0.076129
0.393354
0.135587
0.326283
0.697818
0.701021
0.391028
0.701002
0.438826
0.378520
0.372353
0.299439
0.359623
0.311989
0.349292
0.684414
0.690691
0.094125
0.074698
0.381391
0.308505
0.133057
0.694910
0.082815
0.060826
0.063103
0.362553
0.694547
0.058153
0.374082
0.439753
0.137831
0.692076
0.072041
0.678156
0.044060
0.997960
0.369314
0.055942
0.997960
0.057315
0.060320
0.373844
0.373844
0.997960
0.372671
0.055656
0.683534
0.682653
0.366769
0.369347
0.064913
0.687778
0.375446
0.997960
0.041654
0.710675
0.122761
0.079078
0.688144
0.690135
0.702911
0.378147
0.046095
0.059056
0.061568
0.687197
0.073737
0.997960
0.433531
0.367302
0.045015
0.048397
0.370490
0.051246
0.064448
0.693734
0.687141
0.006243
0.343919
0.065233
0.060983
0.997960
0.369807
0.376316
0.377315
0.378896
0.998505
0.035138
0.384702
0.065911
0.690865
0.390180
0.694683
0.079383
0.688286
0.375146
0.066870
0.086510
0.083515
0.693228
0.393239
0.391915
0.386897
0.687281
0.087174
0.375514
0.377580
0.389584
0.388794
0.678744
0.686586
0.675331
0.378014
0.070634
0.687588
0.052042
0.998505
0.046982
0.364475
0.682317
0.367150
0.367293
0.683751
0.999160
0.053352
0.052733
0.052410
0.683437
0.367385
0.366965
0.366728
0.052464
0.369400
0.371946
0.686813
0.375793
0.074235
0.388431
0.999160
0.387926
0.385249
0.078523
0.385728
0.071449
0.999160
0.074342
0.127219
0.071811
0.041992
0.057755
0.058235
0.999160
0.084544
0.096569
0.691475
0.432261
0.380268
0.095372
0.999160
0.026386
0.357124
0.366587
0.061570
0.689641
0.064749
0.068005
0.067930
0.061607
0.058079
0.058843
0.375640
0.687473
0.068938
0.379495
0.380392
0.379667
0.376656
0.376077
0.374032
0.057137
0.056572
0.370378
0.058985
0.686047
0.062721
0.063447
0.998505
0.062328
0.373458
0.063349
0.687817
0.065758
0.688121
0.377126
0.998505
0.377129
0.065336
0.998505
0.375113
0.686687
0.686173
0.058962
0.057408
0.056282
0.055727
0.052758
0.370404
0.667881
0.064382
0.998505
0.690277
0.075781
0.369817
0.366612
0.044367
0.045391
0.363016
0.038599
0.352165
0.042087
0.364933
0.363727
0.367426
0.683148
0.370123
0.056427
0.367812
0.364476
0.047382
0.369605
0.373084
0.685407
0.057636
0.359470
0.485769
0.414349
0.146400
0.454415
0.064382
0.686684
0.371103
0.373480
0.073523
0.385578
0.690116
0.083320
0.385132
0.384112
0.998863
0.391188
0.998863
0.105278
0.090095
0.075006
0.377710
0.390904
0.698719
0.033405
0.343900
0.700470
0.118562
0.375604
0.153552
0.103512
0.377599
0.092047
0.356723
0.318256
0.007197
0.998863
0.377916
0.089692
0.084761
0.690595
0.314735
0.747775
0.408939
0.693159
0.087023
0.997960
0.060953
0.687954
0.377088
0.074123
0.377979
0.393794
0.697010
0.402626
0.055001
0.364177
0.684240
0.057294
0.368878
0.052206
0.683917
0.682788
0.057749
0.372059
0.061514
0.060809
0.057831
0.052191
0.365917
0.364883
0.681224
0.367797
0.062427
0.685713
0.061998
0.045588
0.420793
0.705554
0.403090
0.205228
0.076251
0.072566
0.087028
0.059942
0.365822
0.683105
0.059845
0.997960
0.066174
0.070004
0.062019
0.415068
0.714452
0.105547
0.702034
0.120423
0.694434
0.384812
0.997960
0.049242
0.365289
0.362547
0.358424
0.686542
0.371020
0.072183
0.691981
0.079361
0.053788
0.300508
0.086949
0.400262
0.998505
0.387043
0.104775
0.401003
0.360293
0.012833
0.007767
0.690857
0.087516
0.086389
0.394842
0.687740
0.383026
0.998505
0.063171
0.070478
0.691177
0.998505
0.691177
0.388794
0.058456
0.998505
0.365282
0.380980
0.063371
0.371034
0.047762
0.043903
0.041160
0.681282
0.047796
0.367033
0.368076
0.368576
0.684014
0.999160
0.368309
0.367385
0.999160
0.683091
0.682826
0.366936
0.050401
0.369559
0.685930
0.373814
0.068652
0.379030
0.076830
0.691337
0.074880
0.383390
0.687271
0.999160
0.375143
0.435338
0.126227
0.694872
0.136680
0.678807
0.065531
0.012855
0.999160
0.364983
0.116066
0.383385
0.369590
0.053706
0.345690
0.999160
0.362067
0.052115
0.060445
0.066382
0.378420
0.688782
0.377064
0.060039
0.373257
0.686973
0.374164
0.375414
0.687473
0.378684
0.379667
0.066817
0.998505
0.374453
0.055272
0.365321
0.365065
0.367106
0.056687
0.685956
0.061387
0.686081
0.374084
0.685216
0.683427
0.057992
0.061273
0.373751
0.377010
0.998505
0.066180
0.687249
0.998505
0.063981
0.374662
0.061661
0.060468
0.372743
0.372139
0.371430
0.370648
0.369752
0.029508
0.670356
0.030696
0.069291
0.072746
0.687736
0.998505
0.062019
0.682824
0.998505
0.363052
0.998505
0.678732
0.049004
0.364253
0.364005
0.365898
0.682351
0.368022
0.370133
0.058537
0.688145
0.058890
0.371448
0.685067
0.371704
0.050211
0.421790
0.315842
0.998863
0.133364
0.697031
0.088025
0.689080
0.375251
0.065427
0.378606
0.378233
0.687249
0.071177
0.998863
0.075042
0.075806
0.693783
0.390180
0.101377
0.691067
0.998863
0.382712
0.998863
0.307473
0.411925
0.707195
0.067050
0.094793
0.345388
0.369777
0.004640
0.727692
0.998863
0.117733
0.096523
0.056313
0.054305
0.068866
0.998863
0.085773
0.101260
0.998505
0.021108
0.692854
0.099324
0.997960
0.076843
0.693031
0.071354
0.068126
0.689206
0.034314
0.375312
0.392586
0.997960
0.369371
0.062340
0.373685
0.058670
0.367521
0.997960
0.052552
0.371453
0.372625
0.056402
0.686252
0.997960
0.371562
0.997960
0.049096
0.997960
0.047085
0.053721
0.372541
0.997960
0.685713
0.080510
0.705570
0.998394
0.705554
0.318637
0.705715
0.059102
0.039735
0.683149
0.052161
0.681439
0.054543
0.056986
0.684093
0.373374
0.362600
0.118055
0.710613
0.136020
0.997960
0.123033
0.173316
0.006648
0.061099
0.361570
0.379158
0.059672
0.685224
0.039780
0.998505
0.375724
0.382041
0.387848
0.392566
0.096190
0.128860
0.397765
0.089369
0.097188
0.694355
0.068469
0.083800
0.374251
0.017810
0.380759
0.692721
0.090840
0.398930
0.089496
0.687740
0.067153
0.056158
0.378881
0.075732
0.062246
0.157024
0.048749
0.019212
0.058612
0.689773
0.688456
0.689551
0.376885
0.068657
0.677409
0.678003
0.361535
0.045907
0.045981
0.045124
0.367962
0.053345
0.684014
0.053200
0.683454
0.050794
0.366452
0.365873
0.365341
0.046528
0.366328
0.684528
0.370769
0.068164
0.687878
0.377018
0.062306
0.377650
0.999160
0.383390
0.381446
0.123256
0.723964
0.390260
0.999616
0.398484
0.105892
0.381809
0.167645
0.070678
0.003279
0.084141
0.066572
0.053194
0.044251
0.678785
0.361396
0.363069
0.368416
0.373149
0.686984
0.688293
0.067362
0.377288
0.065272
0.377281
0.688687
0.377229
0.687288
0.068368
0.377733
0.066606
0.377209
0.375054
0.056798
0.365901
0.360925
0.358668
0.361607
0.052628
0.057372
0.057651
0.056464
0.055006
0.370505
0.683729
0.684504
0.998505
0.057834
0.375855
0.376444
0.376492
0.064488
0.375332
0.686287
0.686160
0.373860
0.373650
0.685837
0.373377
0.059386
0.689383
0.059034
0.361029
0.998505
0.059602
0.998505
0.065548
0.069657
0.067279
0.385923
0.064007
0.682824
0.053614
0.366890
0.365611
0.681327
0.680857
0.681255
0.682351
0.682497
0.369745
0.064752
0.392563
0.689035
0.068145
0.685067
0.686797
0.685067
0.051643
0.212678
0.393215
0.108800
0.138192
0.691723
0.689080
0.998863
0.067703
0.688108
0.063931
0.375239
0.686835
0.375382
0.069592
0.071828
0.998863
0.382211
0.379908
0.068017
0.698017
0.379637
0.060883
0.307473
0.998863
0.322047
0.103048
0.724639
0.722013
0.414645
0.376121
0.082944
0.428197
0.447165
0.187182
0.998863
0.698458
0.693964
0.051375
0.687761
0.382593
0.095652
0.693717
0.096950
0.998505
0.067759
0.688890
0.385569
0.390215
0.067984
0.997960
0.378122
0.094404
0.339742
0.085561
0.067190
0.080500
0.071803
0.063208
0.373306
0.053219
0.036838
0.375853
0.057383
0.054277
0.370626
0.372115
0.060958
0.061256
0.683270
0.047313
0.362795
0.997960
0.364414
0.682195
0.372541
0.370673
0.106821
0.422818
0.705570
0.066441
0.098735
0.440465
0.384156
0.050284
0.366644
0.364359
0.997960
0.049193
0.997960
0.683223
0.434058
0.025184
0.383885
0.997960
0.407609
0.419528
0.713662
0.041961
0.997960
0.699703
0.373561
0.382440
0.691133
0.688541
0.371097
0.685319
0.375499
0.381419
0.085055
0.998505
0.697041
0.416281
0.132551
0.695158
0.998505
0.081843
0.687545
0.998505
0.368950
0.038649
0.998505
0.685623
0.387660
0.096095
0.385453
0.690964
0.068360
0.066755
0.685892
0.037945
0.403104
0.682129
0.111104
0.373497
0.378591
0.998505
0.380820
0.065582
0.375010
0.062975
0.357579
0.036621
0.040342
0.680390
0.681734
0.045925
0.052468
0.684477
0.684154
0.053441
0.050988
0.999160
0.365875
0.365030
0.364098
0.044033
0.681183
0.364154
0.054138
0.378114
0.690094
0.375814
0.070462
0.376316
0.690799
0.383343
0.059021
0.300599
0.444091
0.999616
0.086591
0.167152
0.289989
0.060500
0.369885
0.999160
0.035250
0.629858
0.681763
0.079339
0.054064
0.050384
0.363918
0.051712
0.998505
0.685310
0.377171
0.378266
0.688162
0.687754
0.378669
0.070491
0.998505
0.688687
0.069081
0.067969
0.685976
0.373665
0.060777
0.057456
0.304138
0.365020
0.360817
0.357256
0.042480
0.683674
0.683635
0.367314
0.682175
0.681609
0.366726
0.366697
0.051423
0.684504
0.055932
0.374850
0.375881
0.375895
0.686628
0.374737
0.374243
0.998505
0.061418
0.998505
0.373264
0.686168
0.065769
0.998505
0.080403
0.682185
0.361029
0.035565
0.063547
0.386482
0.690057
0.998505
0.381406
0.685587
0.686366
0.058176
0.366864
0.369138
0.044753
0.362242
0.362553
0.045548
0.681964
0.370347
0.379512
0.081398
0.998505
0.071997
0.065362
0.998505
0.057396
0.617316
0.998505
0.011002
0.386054
0.389068
0.084917
0.076793
0.071448
0.688650
0.999405
0.376641
0.688278
0.376169
0.376963
0.686995
0.073509
0.689625
0.072042
0.372356
0.039762
0.687433
0.361190
0.037061
0.373845
0.322047
0.998863
0.388583
0.161389
0.177755
0.425686
0.351506
0.070837
0.392271
0.706225
0.162288
0.414162
0.136560
0.428653
0.049699
0.682127
0.364514
0.059772
0.141635
0.410124
0.102872
0.682076
0.398777
0.399065
0.070861
0.057125
0.373703
0.066189
0.069777
0.086277
0.692132
0.997960
0.067111
0.997960
0.062596
0.685645
0.667427
0.701979
0.365646
0.377096
0.997960
0.681655
0.374524
0.997960
0.378931
0.376192
0.046441
0.360401
0.364414
0.997960
0.368811
0.373243
0.372862
0.046001
0.747960
0.396575
0.055738
0.375021
0.099661
0.112870
0.368929
0.997960
0.046282
0.045567
0.997960
0.046566
0.060232
0.023396
0.997960
0.625411
0.383885
0.393305
0.410658
0.405723
0.675637
0.015376
0.678262
0.686809
0.388448
0.078627
0.069909
0.688485
0.375499
0.998505
0.688753
0.691014
0.391541
0.399884
0.315459
0.092993
0.096937
0.082065
0.081735
0.074256
0.059112
0.683997
0.051835
0.063616
0.075820
0.676644
0.012537
0.347486
0.069443
0.998505
0.067012
0.684673
0.061323
0.354591
0.668465
0.044816
0.047400
0.369995
0.055820
0.057609
0.682962
0.369005
0.057237
0.049740
0.362098
0.363504
0.047548
0.998505
0.053077
0.372914
0.058307
0.373023
0.054512
0.999160
0.366765
0.048873
0.048354
0.047003
0.362327
0.362185
0.362887
0.049809
0.369658
0.373945
0.375998
0.064157
0.378396
0.689167
0.375662
0.372807
0.059992
0.612412
0.079547
0.682597
0.356070
0.365369
0.684037
0.681620
0.685008
0.064891
0.358163
0.436433
0.419750
0.370982
0.365884
0.054642
0.368219
0.371259
0.375642
0.378347
0.378218
0.377107
0.376738
0.687962
0.381228
0.072025
0.071606
0.380505
0.066080
0.998505
0.370326
0.372297
0.004232
0.998505
0.223508
0.363648
0.361941
0.046388
0.367418
0.368049
0.998505
0.049478
0.364015
0.363725
0.364483
0.367225
0.683188
0.056842
0.062589
0.064965
0.064839
0.063390
0.374124
0.061138
0.061175
0.998505
0.061793
0.062538
0.063317
0.067661
0.389730
0.389173
0.998505
0.041182
0.007511
0.687969
0.076326
0.073494
0.690057
0.384382
0.070258
0.050243
0.360654
0.365450
0.362486
0.677140
0.358421
0.359720
0.681964
0.998505
0.681964
0.686355
0.066869
0.098953
0.379677
0.998505
0.378634
0.053109
0.363759
0.315295
0.692579
0.381201
0.383052
0.384392
0.384748
0.999405
0.381773
0.380163
0.067179
0.688721
0.999405
0.688179
0.072564
0.998863
0.079409
0.693754
0.072203
0.042790
0.676338
0.357031
0.045083
0.349145
0.388840
0.705081
0.416580
0.363070
0.417950
0.407913
0.102085
0.422293
0.099799
0.696066
0.121489
0.700046
0.412238
0.088714
0.053418
0.679733
0.357252
0.034452
0.677855
0.066824
0.094122
0.104249
0.073315
0.077530
0.369635
0.377690
0.374244
0.997960
0.379907
0.688663
0.072019
0.069858
0.997960
0.065639
0.072456
0.376478
0.061181
0.089363
0.095109
0.997960
0.058751
0.371000
0.374074
0.687262
0.067004
0.375548
0.043051
0.359006
0.362831
0.681983
0.054665
0.374676
0.378928
0.062935
0.682268
0.054534
0.685274
0.374478
0.376841
0.065738
0.685022
0.054735
0.047077
0.679567
0.364400
0.059041
0.997960
0.386345
0.020752
0.351118
0.382870
0.362334
0.066394
0.369086
0.318289
0.380720
0.071255
0.082656
0.696681
0.693149
0.692023
0.374281
0.067114
0.379562
0.073518
0.077132
0.081908
0.086084
0.108243
0.998505
0.131156
0.693621
0.082197
0.383948
0.375081
0.685178
0.052459
0.682744
0.048721
0.998505
0.020569
0.088502
0.382622
0.689431
0.064905
0.998505
0.372210
0.027856
0.359334
0.376856
0.998505
0.431637
0.059552
0.366257
0.366046
0.680787
0.051030
0.366201
0.683170
0.050103
0.368948
0.053529
0.686238
0.062509
0.689068
0.378193
0.061726
0.056050
0.050635
0.366148
0.366554
0.366692
0.048136
0.048562
0.049947
0.682959
0.056394
0.372277
0.373275
0.058090
0.374290
0.686949
0.372155
0.377356
0.064559
0.687829
0.035187
0.368168
0.680219
0.999160
0.365369
0.367267
0.365855
0.686019
0.433897
0.474244
0.319341
0.045897
0.663135
0.299142
0.028144
0.077864
0.069571
0.071585
0.070716
0.068709
0.067894
0.378784
0.689873
0.690420
0.690086
0.378895
0.060488
0.052044
0.998505
0.369590
0.365103
0.035018
0.417390
0.289214
0.051350
0.370933
0.368107
0.367802
0.365664
0.363822
0.362941
0.363796
0.050385
0.683604
0.369491
0.998505
0.374260
0.687638
0.687012
0.374869
0.061385
0.685879
0.686138
0.374176
0.998505
0.686535
0.375760
0.065033
0.085668
0.395243
0.373917
0.389502
0.062836
0.383018
0.386307
0.379381
0.050857
0.077440
0.065397
0.284049
0.024977
0.040929
0.043229
0.034074
0.029361
0.033779
0.038507
0.681964
0.368051
0.073368
0.393645
0.100831
0.401490
0.103359
0.689528
0.016946
0.344010
0.042677
0.386377
0.689393
0.690942
0.999405
0.076482
0.387490
0.384136
0.074691
0.379184
0.379113
0.688721
0.379825
0.382975
0.083070
0.998863
0.070243
0.394909
0.068299
0.679635
0.377236
0.060466
0.312010
0.669468
0.042514
0.998863
0.713709
0.679568
0.070423
0.317131
0.127850
0.387388
0.690676
0.090425
0.692254
0.078345
0.998863
0.054605
0.365337
0.050012
0.367769
0.683477
0.056449
0.674646
0.076002
0.692233
0.997960
0.071475
0.997960
0.071635
0.079080
0.077722
0.075544
0.381519
0.997960
0.062977
0.375700
0.687768
0.065019
0.370995
0.380833
0.298384
0.693401
0.046016
0.049957
0.683739
0.059699
0.997960
0.054918
0.043530
0.041441
0.045152
0.681428
0.681392
0.373717
0.377995
0.062318
0.373442
0.997960
0.062617
0.687243
0.997960
0.063138
0.997960
0.371731
0.049089
0.046471
0.684777
0.997960
0.075348
0.381206
0.693688
0.103598
0.025709
0.687411
0.670059
0.064267
0.060897
0.064310
0.075159
0.997960
0.387146
0.385632
0.380898
0.373276
0.689315
0.998505
0.071050
0.689951
0.383628
0.072601
0.372325
0.433787
0.066070
0.389421
0.389375
0.384944
0.685178
0.998505
0.054184
0.370714
0.390421
0.058694
0.389077
0.694450
0.387021
0.689416
0.381120
0.058120
0.051277
0.372585
0.372716
0.718080
0.059745
0.097270
0.668365
0.064792
0.998505
0.053052
0.371824
0.371494
0.683035
0.369728
0.999160
0.370576
0.372497
0.065532
0.692104
0.384139
0.066980
0.999160
0.685352
0.367819
0.682968
0.367401
0.999160
0.683403
0.683901
0.056759
0.685501
0.061076
0.373367
0.060778
0.060548
0.685922
0.376297
0.069855
0.066461
0.695178
0.124691
0.010129
0.355476
0.680219
0.366486
0.367128
0.054781
0.374502
0.421536
0.026498
0.999160
0.038921
0.679039
0.003688
0.722859
0.654824
0.080359
0.076695
0.693348
0.385371
0.383659
0.072886
0.381767
0.381483
0.380616
0.377775
0.053287
0.998505
0.043053
0.353220
0.388663
0.060992
0.998505
0.363776
0.372013
0.059723
0.059298
0.058023
0.055571
0.053795
0.052412
0.052116
0.370751
0.055920
0.371660
0.063324
0.376628
0.377450
0.066283
0.686141
0.685573
0.372960
0.685879
0.061344
0.063061
0.064168
0.687130
0.375906
0.069311
0.688439
0.069755
0.686604
0.064664
0.998505
0.372473
0.403074
0.067014
0.689822
0.002386
0.339270
0.356623
0.370764
0.364387
0.674747
0.677307
0.676510
0.998505
0.358206
0.058557
0.691999
0.692396
0.107813
0.387509
0.998505
0.011770
0.399540
0.290824
0.685696
0.372800
0.375434
0.378864
0.690942
0.076919
0.999405
0.083011
0.691804
0.077301
0.382829
0.384347
0.384061
0.388460
0.392780
0.390865
0.373432
0.362177
0.089915
0.395641
0.379761
0.372074
0.380374
0.624797
0.135567
0.412073
0.112697
0.389248
0.386681
0.369547
0.070363
0.690183
0.074752
0.382748
0.998863
0.377539
0.054289
0.998863
0.049110
0.052707
0.059602
0.358311
0.047760
0.064564
0.617369
0.351859
0.005750
0.388918
0.689913
0.079152
0.692723
0.691713
0.690893
0.997960
0.075291
0.073374
0.377554
0.378710
0.372230
0.372602
0.308326
0.488617
0.102062
0.065821
0.998165
0.050091
0.052656
0.685286
0.684008
0.046901
0.680821
0.997960
0.048745
0.368212
0.373682
0.377493
0.067397
0.377894
0.686100
0.375019
0.063056
0.376076
0.997960
0.060564
0.682426
0.997960
0.368396
0.370061
0.060977
0.070914
0.997960
0.037769
0.304528
0.739719
0.061124
0.079374
0.300495
0.429765
0.360849
0.688050
0.383290
0.379651
0.379901
0.376123
0.373217
0.379241
0.069153
0.380506
0.384357
0.692332
0.387833
0.079608
0.692883
0.076252
0.998505
0.693227
0.081897
0.069629
0.061760
0.372061
0.373133
0.383429
0.386285
0.388271
0.998505
0.082649
0.691175
0.384366
0.065958
0.382731
0.367052
0.681065
0.046300
0.361288
0.674729
0.360536
0.036706
0.055844
0.377018
0.685038
0.065861
0.057733
0.998505
0.056061
0.999160
0.063245
0.690395
0.688546
0.692104
0.694231
0.376413
0.055652
0.999160
0.052520
0.367296
0.054458
0.683246
0.057704
0.999160
0.061974
0.687103
0.374513
0.687240
0.374391
0.375333
0.376718
0.385762
0.068650
0.375545
0.999160
0.372733
0.056480
0.683255
0.367905
0.053222
0.999160
0.363342
0.084119
0.095064
0.100210
0.082037
0.998505
0.679039
0.682739
0.151286
0.435622
0.382511
0.390737
0.389703
0.388111
0.384916
0.072696
0.069818
0.068007
0.059977
0.359810
0.039441
0.998505
0.022738
0.073203
0.385856
0.368879
0.069069
0.998505
0.376845
0.064669
0.375724
0.376341
0.375702
0.373161
0.685835
0.370101
0.055780
0.374139
0.377754
0.378524
0.378546
0.687280
0.063206
0.060126
0.058738
0.059120
0.060557
0.374351
0.687130
0.998505
0.687130
0.065382
0.998505
0.377008
0.376964
0.062868
0.059203
0.683179
0.068764
0.689822
0.701305
0.062807
0.677146
0.685548
0.684244
0.683609
0.040247
0.062981
0.030417
0.676510
0.354136
0.052840
0.998505
0.088876
0.392388
0.094792
0.705094
0.052849
0.276974
0.347066
0.367281
0.071941
0.061725
0.373846
0.688876
0.361059
0.083346
0.105715
0.095622
0.385651
0.386080
0.999405
0.387835
0.392385
0.393368
0.070504
0.998863
0.681554
0.072868
0.104126
0.113135
0.389758
0.390931
0.087122
0.689777
0.439644
0.364433
0.374006
0.065653
0.689030
0.072011
0.691016
0.072694
0.377811
0.380291
0.062167
0.681483
0.364880
0.048796
0.687374
0.997960
0.067089
0.997960
0.149614
0.083428
0.997960
0.377758
0.079959
0.387490
0.695272
0.083011
0.080016
0.383540
0.384665
0.997960
0.094465
0.080021
0.065340
0.372229
0.605046
0.358002
0.092062
0.308705
0.746707
0.060954
0.998165
0.049806
0.369580
0.683147
0.052970
0.049063
0.680821
0.681861
0.053812
0.057333
0.059062
0.063565
0.381916
0.689710
0.069255
0.376676
0.377026
0.066843
0.064316
0.059901
0.369959
0.054920
0.688191
0.997960
0.688191
0.041891
0.997960
0.659610
0.001322
0.094917
0.997960
0.106946
0.997960
0.115791
0.065998
0.057228
0.054213
0.053253
0.049546
0.043349
0.380281
0.379875
0.384902
0.693743
0.083552
0.389499
0.998505
0.387105
0.078309
0.074567
0.066722
0.685013
0.081810
0.381969
0.376368
0.687103
0.067573
0.383543
0.387950
0.389860
0.391713
0.389819
0.080252
0.384021
0.691834
0.061545
0.682215
0.033155
0.349210
0.674921
0.351507
0.044627
0.688922
0.368140
0.682731
0.060720
0.373248
0.058835
0.058120
0.061144
0.999160
0.687525
0.383340
0.074843
0.026050
0.075186
0.374254
0.054109
0.999160
0.368715
0.370535
0.371898
0.061983
0.063731
0.999160
0.064124
0.064237
0.064248
0.065660
0.069462
0.075439
0.999160
0.384919
0.382838
0.374612
0.060519
0.372052
0.684171
0.059133
0.058948
0.061730
0.057306
0.367817
0.382128
0.399740
0.396755
0.061918
0.060241
0.161202
0.998505
0.099161
0.078208
0.998505
0.088425
0.390324
0.387089
0.382900
0.379374
0.377444
0.060997
0.998505
0.049182
0.676984
0.053757
0.685475
0.377964
0.381696
0.069424
0.374764
0.377527
0.069414
0.378977
0.379562
0.378697
0.376819
0.998505
0.373598
0.057104
0.375076
0.688992
0.069544
0.069706
0.066710
0.685816
0.685025
0.371230
0.371440
0.684796
0.060397
0.063182
0.063718
0.063854
0.998505
0.376763
0.064384
0.684593
0.685234
0.998505
0.373591
0.063684
0.075120
0.696762
0.370534
0.039607
0.044143
0.060449
0.051978
0.696969
0.366178
0.668188
0.675334
0.342835
0.048373
0.385577
0.387725
0.684380
0.998505
0.396023
0.123291
0.024462
0.070422
0.379445
0.690696
0.999405
0.060872
0.686810
0.687152
0.673654
0.695303
0.097359
0.385319
0.386759
0.693513
0.389410
0.093342
0.095023
0.384850
0.075062
0.061389
0.398045
0.089092
0.998863
0.119140
0.399209
0.689777
0.998863
0.373765
0.378759
0.371054
0.071704
0.690036
0.074541
0.691511
0.073382
0.082180
0.687032
0.372028
0.050384
0.683793
0.049995
0.683212
0.078167
0.100578
0.380971
0.122826
0.331281
0.671043
0.324714
0.079618
0.694284
0.387520
0.078757
0.386020
0.080040
0.071648
0.073198
0.081109
0.368598
0.364643
0.288826
0.334830
0.351928
0.677890
0.095221
0.700700
0.115249
0.363172
0.050472
0.370615
0.369758
0.997960
0.053034
0.681861
0.367438
0.682957
0.682904
0.682304
0.054323
0.687156
0.067924
0.380657
0.378673
0.378078
0.686707
0.997960
0.062631
0.997960
0.057663
0.374655
0.066860
0.380058
0.368895
0.352419
0.272391
0.378210
0.691932
0.073091
0.025341
0.166767
0.374513
0.383523
0.384567
0.680732
0.680576
0.679513
0.677809
0.379990
0.692325
0.693743
0.998505
0.086990
0.388172
0.080119
0.688768
0.379688
0.371314
0.045175
0.682201
0.377175
0.080548
0.998505
0.067929
0.688025
0.070975
0.385987
0.693307
0.390236
0.090478
0.395960
0.082472
0.691958
0.067532
0.364809
0.354192
0.353747
0.678929
0.045223
0.375445
0.054223
0.369679
0.686536
0.060135
0.376209
0.687534
0.061915
0.999160
0.374811
0.378497
0.070057
0.999160
0.682391
0.627946
0.378030
0.055426
0.046805
0.054113
0.059794
0.063885
0.065133
0.998505
0.065468
0.998505
0.687596
0.376645
0.378315
0.688588
0.384849
0.068931
0.398508
0.079538
0.686196
0.064685
0.063393
0.062172
0.998505
0.059999
0.686945
0.392779
0.430297
0.099563
0.679987
0.073773
0.998505
0.685489
0.435371
0.140190
0.448145
0.006812
0.696654
0.412469
0.385830
0.386417
0.383707
0.069089
0.687332
0.061945
0.053887
0.682308
0.364591
0.053245
0.998505
0.372138
0.373966
0.373440
0.372034
0.375159
0.069533
0.689476
0.998505
0.382149
0.072587
0.064612
0.687789
0.059429
0.061762
0.065590
0.998505
0.378014
0.065972
0.061850
0.372132
0.684676
0.998505
0.057425
0.998505
0.373414
0.998505
0.062350
0.686828
0.062780
0.063134
0.064793
0.058908
0.373240
0.373895
0.060145
0.679266
0.069690
0.681099
0.041101
0.359078
0.998505
0.371057
0.375150
0.998505
0.038500
0.339452
0.339097
0.065628
0.998505
0.081803
0.693902
0.378137
0.364194
0.082359
0.999405
0.070712
0.081348
0.693742
0.390579
0.378323
0.371059
0.075243
0.102769
0.100171
0.391093
0.380621
0.070058
0.693341
0.079782
0.398818
0.408688
0.093598
0.697839
0.390243
0.396723
0.096872
0.701356
0.084506
0.395050
0.080501
0.387215
0.059906
0.698131
0.380187
0.376498
0.072455
0.384341
0.691299
0.088533
0.998863
0.314363
0.118419
0.054601
0.998863
0.056581
0.375167
0.380859
0.997960
0.077426
0.696095
0.997960
0.331281
0.072357
0.381624
0.367458
0.055453
0.065748
0.391965
0.396295
0.688917
0.685803
0.998165
0.048732
0.363066
0.664247
0.673721
0.677890
0.668471
0.998165
0.360432
0.700700
0.370537
0.056557
0.683595
0.058234
0.684187
0.056428
0.682945
0.368611
0.368432
0.367124
0.047532
0.363435
0.366397
0.063173
0.378776
0.376562
0.375375
0.055707
0.065664
0.997960
0.373884
0.061404
0.997960
0.686504
0.384765
0.070551
0.350084
0.370824
0.685027
0.082466
0.068781
0.997960
0.693554
0.367137
0.687460
0.997960
0.051860
0.360298
0.356515
0.354202
0.068002
0.089312
0.096842
0.393562
0.085557
0.382471
0.998505
0.069988
0.685965
0.385800
0.045241
0.684430
0.371512
0.070447
0.067989
0.377197
0.688363
0.378845
0.075685
0.998505
0.390759
0.694738
0.391020
0.084399
0.998505
0.382380
0.059526
0.369228
0.043505
0.367920
0.365190
0.374463
0.376501
0.373868
0.687956
0.378560
0.377607
0.375934
0.998505
0.374056
0.374655
0.377195
0.388091
0.368361
0.011546
0.074179
0.077978
0.377316
0.367421
0.365965
0.998505
0.685726
0.377372
0.378060
0.068374
0.067300
0.065969
0.687455
0.687751
0.381985
0.090125
0.399178
0.054774
0.067486
0.067155
0.065662
0.998505
0.375888
0.057273
0.998505
0.682648
0.686945
0.420889
0.679987
0.689590
0.998505
0.067358
0.361487
0.342921
0.705201
0.705209
0.167605
0.108705
0.698798
0.103285
0.697509
0.382059
0.068626
0.998505
0.060947
0.684771
0.053491
0.683198
0.367101
0.054196
0.369255
0.370452
0.370452
0.371096
0.063290
0.689377
0.071361
0.073647
0.690978
0.076234
0.998505
0.378498
0.061241
0.372077
0.374328
0.066728
0.687489
0.686230
0.372626
0.371372
0.370491
0.370532
0.998505
0.058149
0.059442
0.060493
0.998505
0.062165
0.998505
0.061660
0.374484
0.686810
0.375839
0.376985
0.067340
0.053463
0.367564
0.681497
0.359493
0.998505
0.359078
0.057229
0.367061
0.366157
0.044905
0.998505
0.353972
0.061760
0.692083
0.077854
0.692262
0.381313
0.020181
0.377014
0.694891
0.383189
0.050854
0.699288
0.403944
0.020922
0.081031
0.069211
0.392857
0.675778
0.364112
0.371976
0.376445
0.691643
0.689285
0.101767
0.701255
0.386957
0.086532
0.998863
0.695858
0.399916
0.100962
0.384537
0.376152
0.684085
0.376260
0.113694
0.998863
0.384690
0.066407
0.689990
0.073887
0.998863
0.439644
0.703727
0.493844
0.998863
0.156558
0.072016
0.381216
0.377106
0.381164
0.692624
0.056199
0.382798
0.696095
0.053650
0.067455
0.071935
0.055656
0.998165
0.371645
0.998165
0.693281
0.087936
0.688917
0.058500
0.679491
0.681098
0.367635
0.348190
0.039763
0.045719
0.360432
0.998165
0.378728
0.378118
0.049046
0.432705
0.043731
0.370441
0.367965
0.368810
0.055645
0.054326
0.051044
0.681248
0.047704
0.364799
0.372551
0.062730
0.060598
0.053043
0.373757
0.372053
0.686351
0.376584
0.066242
0.686504
0.378084
0.383397
0.691183
0.370575
0.374274
0.079175
0.683343
0.997960
0.063243
0.029130
0.385443
0.383844
0.057265
0.037816
0.355184
0.350406
0.343341
0.391908
0.408975
0.400955
0.998505
0.389277
0.378156
0.056227
0.691745
0.080597
0.701025
0.057075
0.651802
0.000403
0.687623
0.687677
0.688363
0.998505
0.379225
0.076368
0.385285
0.390233
0.393640
0.385632
0.076476
0.381544
0.380155
0.063297
0.998505
0.374063
0.052189
0.075201
0.068182
0.375741
0.373645
0.066995
0.688578
0.687669
0.998505
0.063460
0.375570
0.375102
0.373786
0.372023
0.066501
0.998505
0.085943
0.385035
0.377240
0.998505
0.046837
0.052733
0.374807
0.069345
0.070068
0.379489
0.378627
0.377495
0.065707
0.067326
0.073809
0.384622
0.386336
0.069145
0.377167
0.689582
0.376869
0.062656
0.056999
0.045149
0.682648
0.363684
0.380717
0.094865
0.031136
0.098271
0.304665
0.365698
0.012900
0.079102
0.079310
0.126372
0.064671
0.386877
0.998505
0.099598
0.696604
0.392696
0.068722
0.375897
0.060049
0.998505
0.054766
0.998505
0.367958
0.367793
0.368787
0.369952
0.370876
0.371525
0.062265
0.064314
0.378306
0.690978
0.998505
0.075128
0.068961
0.373339
0.684706
0.370090
0.058232
0.376412
0.066417
0.064154
0.684794
0.370624
0.369651
0.684174
0.055169
0.055538
0.684854
0.998505
0.059498
0.059465
0.373696
0.998505
0.061581
0.998505
0.376056
0.068248
0.688023
0.063804
0.681497
0.998505
0.035359
0.039657
0.360853
0.043812
0.383764
0.353274
0.998505
0.053355
0.334976
0.024963
0.382003
0.378668
0.378860
0.378196
0.086659
0.343114
0.690657
0.403305
0.048884
0.698769
0.151720
0.302432
0.999405
0.063359
0.394709
0.094204
0.350959
0.050175
0.374372
0.112212
0.690821
0.334453
0.421525
0.746697
0.371690
0.084821
0.096493
0.104481
0.409597
0.081458
0.376406
0.998863
0.395617
0.130974
0.117963
0.059975
0.375439
0.688849
0.072451
0.076875
0.074510
0.435638
0.299182
0.120354
0.123144
0.167054
0.112578
0.381553
0.388757
0.371443
0.686322
0.371576
0.686219
0.055079
0.695787
0.688953
0.998165
0.367523
0.354337
0.079893
0.404076
0.103291
0.378008
0.050965
0.043836
0.362776
0.366630
0.369217
0.998165
0.683322
0.365994
0.059808
0.370678
0.376935
0.116995
0.997960
0.112123
0.366468
0.997960
0.053781
0.371057
0.371206
0.683617
0.053131
0.370348
0.057895
0.064452
0.063926
0.682555
0.683191
0.682861
0.997960
0.048628
0.045638
0.066208
0.061320
0.077323
0.079710
0.387185
0.366529
0.064452
0.691618
0.056510
0.367650
0.997960
0.682267
0.369825
0.020721
0.693258
0.678363
0.350944
0.339479
0.014564
0.702596
0.399418
0.395687
0.083711
0.086231
0.744315
0.380058
0.349220
0.386483
0.053776
0.691536
0.358395
0.011722
0.074879
0.067776
0.067401
0.379225
0.998505
0.379955
0.380821
0.387641
0.092399
0.090588
0.067681
0.686008
0.063793
0.375588
0.375435
0.686589
0.074527
0.381775
0.688586
0.689675
0.128563
0.377257
0.070169
0.067107
0.061181
0.998505
0.058363
0.063822
0.069522
0.074385
0.067596
0.082177
0.093468
0.389312
0.691943
0.068729
0.057712
0.684511
0.063803
0.068156
0.378846
0.688444
0.067622
0.998505
0.376301
0.375269
0.374586
0.060050
0.672873
0.063607
0.690831
0.379735
0.065804
0.684652
0.053882
0.038829
0.358062
0.035448
0.058374
0.040144
0.684272
0.372461
0.359463
0.060107
0.356094
0.058639
0.998505
0.058684
0.372606
0.378648
0.390479
0.389209
0.998505
0.078442
0.375817
0.372709
0.370613
0.055684
0.369234
0.053961
0.368756
0.368927
0.369645
0.370773
0.372376
0.370586
0.054459
0.366770
0.370742
0.068255
0.071760
0.378351
0.375223
0.998505
0.372257
0.369633
0.057721
0.375934
0.687528
0.064567
0.060305
0.057098
0.055057
0.683789
0.053565
0.367619
0.369766
0.684854
0.056413
0.684752
0.372365
0.373276
0.998505
0.063467
0.377355
0.688023
0.377812
0.064395
0.060648
0.681497
0.044321
0.998505
0.366035
0.044650
0.306807
0.369047
0.675090
0.680790
0.039428
0.122065
0.375600
0.998505
0.062166
0.374309
0.115801
0.406215
0.379476
0.083189
0.086120
0.359368
0.316675
0.151128
0.683000
0.085590
0.383358
0.999405
0.078040
0.999405
0.107654
0.687491
0.676843
0.376250
0.088079
0.288222
0.312935
0.354624
0.332463
0.393556
0.406056
0.100115
0.998863
0.023474
0.075801
0.412239
0.382796
0.055910
0.685751
0.063202
0.383730
0.385201
0.380117
0.683618
0.373206
0.049790
0.408045
0.710246
0.997960
0.097360
0.431071
0.332206
0.366837
0.378001
0.375386
0.374141
0.399516
0.403200
0.121918
0.370046
0.384777
0.998165
0.091664
0.387699
0.379041
0.682308
0.998165
0.046710
0.367964
0.370778
0.683322
0.369319
0.366728
0.365564
0.372568
0.370309
0.028099
0.035175
0.661263
0.043406
0.681724
0.369790
0.997960
0.684868
0.369692
0.372572
0.997960
0.685888
0.687159
0.049966
0.366577
0.036249
0.365068
0.682861
0.679837
0.356130
0.361843
0.997960
0.688870
0.693785
0.116018
0.318102
0.379099
0.029569
0.058526
0.686324
0.364780
0.370809
0.037255
0.997960
0.378480
0.036558
0.030974
0.024879
0.368912
0.070497
0.695797
0.998505
0.093081
0.998505
0.105779
0.998505
0.381152
0.375265
0.086264
0.413940
0.070827
0.692236
0.072146
0.379658
0.376256
0.066794
0.067349
0.998505
0.689093
0.066672
0.690893
0.704355
0.033223
0.121665
0.063380
0.377290
0.685925
0.377961
0.082679
0.998505
0.374877
0.072288
0.396026
0.135600
0.378185
0.371917
0.998505
0.372017
0.051051
0.998505
0.686663
0.081839
0.388302
0.388253
0.691468
0.388320
0.385781
0.381138
0.377376
0.684553
0.063302
0.687937
0.067893
0.688105
0.377941
0.066541
0.376222
0.374766
0.372716
0.368344
0.045383
0.366388
0.385146
0.687666
0.998505
0.687666
0.368603
0.364918
0.038167
0.368578
0.053790
0.998505
0.359362
0.684272
0.050932
0.368740
0.051842
0.684753
0.058921
0.061109
0.372711
0.377764
0.688075
0.086372
0.399024
0.383694
0.377018
0.687253
0.371199
0.055248
0.684057
0.369571
0.369612
0.369951
0.370498
0.371112
0.056603
0.366862
0.682064
0.363108
0.046388
0.372771
0.375160
0.687015
0.685682
0.061303
0.370612
0.369288
0.057744
0.375433
0.687172
0.064540
0.373623
0.684444
0.683623
0.368056
0.051528
0.998505
0.051698
0.051077
0.368895
0.369640
0.055339
0.372261
0.685915
0.062879
0.688023
0.998505
0.688023
0.378466
0.998505
0.374184
0.053690
0.366035
0.683488
0.054766
0.363866
0.011234
0.030596
0.401959
0.998505
0.382904
0.371374
0.058980
0.998505
0.060243
0.047783
0.413623
0.005483
0.701524
0.691829
0.098224
0.096782
0.696329
0.401183
0.086085
0.387856
0.078506
0.101918
0.070561
0.682794
0.419473
0.294480
0.118297
0.367542
0.013420
0.095568
0.376122
0.346618
0.336254
0.093052
0.402055
0.095382
0.018660
0.418838
0.998863
0.368047
0.055026
0.370134
0.062123
0.687425
0.079122
0.375529
0.998863
0.061657
0.377182
0.385030
0.104665
0.400782
0.066293
0.367056
0.113366
0.303357
0.075298
0.094460
0.379080
0.379371
0.152083
0.710671
0.393054
0.380784
0.691975
0.377477
0.053097
0.372804
0.371846
0.682308
0.051582
0.368661
0.372425
0.378388
0.685383
0.074465
0.379976
0.367716
0.374735
0.045570
0.680246
0.045529
0.366565
0.370151
0.684251
0.060202
0.684816
0.061409
0.062426
0.374804
0.065032
0.376509
0.368330
0.012018
0.997960
0.028851
0.679837
0.033326
0.997960
0.363450
0.077344
0.693785
0.390227
0.413003
0.430850
0.354830
0.006930
0.688916
0.680474
0.072333
0.082892
0.113410
0.071293
0.045301
0.369541
0.371803
0.379556
0.997960
0.998505
0.064405
0.077230
0.072820
0.703836
0.059021
0.068335
0.389352
0.395607
0.403891
0.998726
0.404071
0.388104
0.078830
0.376445
0.373399
0.684922
0.061809
0.689093
0.063618
0.998505
0.138978
0.419685
0.747660
0.640605
0.122179
0.684305
0.368227
0.377965
0.065570
0.690604
0.069038
0.687215
0.085028
0.696696
0.082169
0.998505
0.055118
0.040403
0.358619
0.114118
0.001724
0.382173
0.074827
0.686803
0.072997
0.378882
0.687415
0.064869
0.685841
0.060025
0.375413
0.066136
0.998505
0.688094
0.377388
0.688001
0.376200
0.687070
0.686190
0.684746
0.367633
0.358398
0.365083
0.077489
0.381248
0.058168
0.998505
0.368833
0.372974
0.685197
0.064264
0.351186
0.368121
0.048797
0.060510
0.683880
0.056503
0.685341
0.371426
0.371641
0.059645
0.998505
0.373173
0.374432
0.066936
0.324642
0.374293
0.059516
0.370490
0.055325
0.369984
0.684426
0.370220
0.370564
0.370985
0.371286
0.056210
0.998505
0.369504
0.367254
0.051247
0.685776
0.686298
0.375066
0.998505
0.371433
0.054854
0.684036
0.370131
0.061086
0.998505
0.375772
0.063111
0.059352
0.056542
0.367809
0.681723
0.365368
0.365278
0.998505
0.049568
0.367790
0.683960
0.371200
0.685541
0.373281
0.065167
0.688023
0.377727
0.377422
0.046080
0.371576
0.373313
0.069720
0.998505
0.055001
0.063166
0.998505
0.684860
0.348310
0.384204
0.049681
0.684348
0.370163
0.056321
0.680079
0.998505
0.288912
0.040641
0.386639
0.999405
0.095916
0.402225
0.999405
0.402570
0.072216
0.629862
0.113328
0.418073
0.682794
0.999405
0.289783
0.115930
0.998863
0.746447
0.678240
0.709060
0.063452
0.998863
0.378324
0.690043
0.089264
0.045089
0.307093
0.366991
0.054953
0.055361
0.997960
0.057936
0.059276
0.376055
0.071046
0.378467
0.069284
0.038758
0.695654
0.066719
0.390808
0.393438
0.997960
0.058684
0.044490
0.997960
0.362867
0.997960
0.073670
0.699516
0.123990
0.042701
0.028262
0.696585
0.386753
0.366566
0.362137
0.093177
0.378831
0.685332
0.375322
0.372343
0.048103
0.370778
0.385243
0.699269
0.053165
0.379305
0.336531
0.037910
0.680189
0.360534
0.049326
0.683637
0.371473
0.063305
0.686025
0.686850
0.374566
0.063613
0.686878
0.057972
0.348081
0.019331
0.313091
0.355344
0.675156
0.045592
0.679555
0.080276
0.387909
0.396233
0.105244
0.997960
0.076124
0.694451
0.394108
0.083554
0.380389
0.688241
0.378522
0.997960
0.063853
0.690669
0.374898
0.376385
0.376809
0.110186
0.366123
0.998505
0.685255
0.687154
0.379817
0.058466
0.689234
0.695618
0.691930
0.748505
0.422262
0.137905
0.692485
0.075179
0.686190
0.687435
0.376769
0.068164
0.076209
0.060067
0.683973
0.074680
0.698986
0.060491
0.490468
0.611190
0.052348
0.741238
0.070465
0.023744
0.370735
0.372875
0.373268
0.383113
0.695205
0.408427
0.075873
0.687542
0.347136
0.107774
0.648771
0.494208
0.341063
0.063243
0.683459
0.062213
0.374534
0.998505
0.687415
0.686514
0.063522
0.998505
0.687344
0.377204
0.377298
0.687808
0.065484
0.998505
0.374758
0.372851
0.056668
0.372772
0.064255
0.998505
0.689527
0.069343
0.060017
0.054877
0.371503
0.377089
0.074732
0.370251
0.380868
0.419408
0.086085
0.376935
0.059786
0.371773
0.998505
0.372064
0.054990
0.998505
0.059017
0.998505
0.369640
0.366383
0.349373
0.306967
0.372093
0.056819
0.370438
0.684426
0.684693
0.370715
0.370975
0.371354
0.371637
0.057700
0.057462
0.371964
0.998505
0.059434
0.060282
0.060691
0.059704
0.371433
0.998505
0.055233
0.998505
0.058111
0.374498
0.063905
0.998505
0.062649
0.372809
0.370607
0.052702
0.048091
0.363139
0.362626
0.043621
0.045741
0.048212
0.367903
0.370118
0.685126
0.372560
0.064659
0.376865
0.378198
0.379991
0.027844
0.664153
0.026116
0.998505
0.070098
0.058209
0.998505
0.004994
0.675487
0.318568
0.379134
0.049417
0.683708
0.371936
0.376430
0.371455
0.365590
0.372192
0.379350
0.064526
0.080360
0.087424
0.379024
0.061766
0.693179
0.380564
0.365892
0.046835
0.999405
0.125528
0.088352
0.349446
0.374010
0.045684
0.678240
0.026735
0.092854
0.070887
0.681251
0.088488
0.690336
0.998863
0.380570
0.382637
0.373070
0.376228
0.058086
0.371395
0.997960
0.684980
0.043164
0.386296
0.371646
0.997960
0.366740
0.372225
0.079930
0.388158
0.390012
0.056164
0.691898
0.065174
0.028304
0.064902
0.386771
0.379753
0.383812
0.384666
0.377842
0.057325
0.079238
0.390395
0.347765
0.398622
0.396136
0.401067
0.085886
0.054309
0.043543
0.745661
0.087337
0.699269
0.088725
0.998165
0.333800
0.015794
0.033583
0.357243
0.359480
0.049484
0.373216
0.375827
0.686813
0.064911
0.374566
0.997960
0.372949
0.061491
0.685654
0.368727
0.048726
0.443508
0.317495
0.677643
0.363129
0.097985
0.997960
0.399300
0.020136
0.378477
0.073482
0.080599
0.698181
0.391116
0.075313
0.385567
0.997960
0.071380
0.376565
0.690669
0.997960
0.690669
0.377612
0.101963
0.997960
0.364074
0.685255
0.373964
0.383857
0.067693
0.056653
0.058042
0.065232
0.056256
0.102216
0.399057
0.398954
0.690281
0.075970
0.069915
0.380689
0.691518
0.383761
0.071248
0.375261
0.070308
0.378695
0.998505
0.405727
0.025014
0.388831
0.125580
0.416765
0.998505
0.064982
0.366332
0.684047
0.069368
0.998505
0.392593
0.101413
0.998505
0.045871
0.348828
0.011450
0.422642
0.659164
0.443858
0.417185
0.367729
0.055235
0.998505
0.374534
0.060831
0.372760
0.685785
0.065278
0.376799
0.376590
0.376678
0.376860
0.065504
0.064578
0.686610
0.063192
0.063478
0.998505
0.374785
0.067341
0.383125
0.377453
0.061261
0.686426
0.067599
0.690355
0.057499
0.369462
0.998505
0.030842
0.998505
0.398694
0.377277
0.372476
0.059205
0.686207
0.369871
0.051829
0.054504
0.057737
0.369997
0.682550
0.363521
0.998505
0.055380
0.685396
0.057627
0.057113
0.685054
0.371349
0.058110
0.998505
0.059419
0.686206
0.061277
0.375816
0.683694
0.375644
0.064456
0.373943
0.372086
0.057030
0.055722
0.998505
0.055272
0.057494
0.685300
0.061401
0.062393
0.685599
0.059737
0.369456
0.682874
0.047134
0.041198
0.039676
0.359504
0.679381
0.044927
0.050144
0.053644
0.370239
0.371710
0.062988
0.998505
0.067645
0.688089
0.378206
0.011558
0.431053
0.698553
0.682374
0.056607
0.361683
0.442483
0.629322
0.443688
0.380403
0.060808
0.376573
0.689036
0.063254
0.684016
0.061182
0.367378
0.376965
0.070969
0.380953
0.380155
0.999405
0.068452
0.684822
0.072745
0.405704
0.421759
0.709678
0.345309
0.455571
0.065307
0.360301
0.055655
0.349857
0.743692
0.690866
0.686179
0.073721
0.055182
0.080262
0.690336
0.371151
0.061545
0.068538
0.686080
0.062316
0.371991
0.684980
0.059868
0.371414
0.026373
0.371707
0.684921
0.063069
0.694502
0.072217
0.388850
0.392094
0.082986
0.689261
0.069440
0.365521
0.683620
0.065801
0.080696
0.066456
0.059463
0.055262
0.679654
0.998165
0.067884
0.073837
0.050625
0.380012
0.059942
0.063740
0.679966
0.745661
0.998165
0.164628
0.712206
0.114361
0.067052
0.008773
0.997960
0.677676
0.358454
0.358906
0.048922
0.374658
0.377311
0.376824
0.065997
0.373392
0.372949
0.997960
0.685042
0.373332
0.376238
0.064695
0.363106
0.379968
0.030495
0.701125
0.097610
0.102981
0.327896
0.997960
0.314666
0.101802
0.391620
0.693550
0.385509
0.062846
0.065072
0.064217
0.689329
0.065251
0.687476
0.380330
0.081993
0.997960
0.381829
0.129779
0.375336
0.685315
0.093347
0.091629
0.298261
0.352439
0.680572
0.369217
0.067463
0.393589
0.690808
0.394024
0.390807
0.074836
0.383446
0.691518
0.998505
0.391386
0.082423
0.391358
0.392977
0.077768
0.097787
0.384984
0.998505
0.097770
0.398316
0.382352
0.416765
0.108459
0.998505
0.366019
0.063448
0.382580
0.083946
0.076806
0.376485
0.367556
0.051575
0.713002
0.059642
0.081587
0.617726
0.695652
0.699806
0.051784
0.370512
0.058631
0.998505
0.372846
0.375666
0.687544
0.376489
0.065344
0.687577
0.376713
0.687619
0.063102
0.060485
0.060285
0.684371
0.063040
0.373673
0.373579
0.065239
0.373662
0.061615
0.687200
0.069162
0.690869
0.380824
0.376719
0.050634
0.033766
0.706184
0.381483
0.070880
0.688784
0.374958
0.059330
0.371683
0.368483
0.053873
0.998505
0.370928
0.053028
0.047108
0.056253
0.060192
0.686032
0.372754
0.372445
0.058885
0.998505
0.372251
0.058931
0.372329
0.059132
0.998505
0.064113
0.064208
0.376167
0.686927
0.063034
0.372591
0.685382
0.057276
0.370079
0.056497
0.684572
0.370960
0.058940
0.371843
0.684588
0.371412
0.054801
0.682281
0.365187
0.041211
0.358125
0.359576
0.679665
0.044993
0.366586
0.368741
0.998505
0.057279
0.372962
0.062152
0.376749
0.688986
0.065013
0.375830
0.366458
0.682374
0.368575
0.375356
0.025634
0.672368
0.148327
0.698353
0.430992
0.075992
0.691002
0.075631
0.067843
0.374063
0.687520
0.378303
0.070219
0.063338
0.380335
0.999405
0.066083
0.687820
0.381275
0.089875
0.999405
0.018374
0.399353
0.379826
0.347573
0.441233
0.064955
0.112366
0.998863
0.096233
0.041460
0.365442
0.373779
0.998863
0.384807
0.380123
0.359303
0.007053
0.065453
0.061696
0.059818
0.059754
0.685190
0.372837
0.060130
0.997960
0.049381
0.681341
0.074757
0.690126
0.068543
0.107835
0.388874
0.693416
0.060212
0.044288
0.047374
0.039748
0.370528
0.366868
0.688702
0.041682
0.362136
0.050665
0.365838
0.058602
0.998165
0.054182
0.054568
0.680117
0.998165
0.042906
0.363863
0.109689
0.261435
0.089976
0.677079
0.998165
0.356179
0.363315
0.360761
0.040360
0.358472
0.361293
0.057327
0.377019
0.997960
0.064767
0.060875
0.371172
0.685042
0.371805
0.374089
0.380685
0.084615
0.997960
0.359930
0.300916
0.377047
0.129387
0.694194
0.399440
0.322317
0.406701
0.124767
0.396935
0.382269
0.077669
0.371038
0.687138
0.997960
0.067496
0.361157
0.429495
0.397532
0.088541
0.060050
0.417575
0.997960
0.068654
0.691894
0.112296
0.611798
0.666784
0.376284
0.999261
0.680572
0.374136
0.998726
0.063429
0.998726
0.689513
0.684337
0.071825
0.378581
0.074232
0.083485
0.391279
0.067828
0.389933
0.384644
0.374374
0.402708
0.405207
0.998505
0.696370
0.371305
0.119652
0.054083
0.366274
0.367755
0.057113
0.998505
0.371475
0.373053
0.375783
0.373472
0.372002
0.093853
0.386799
0.998505
0.414918
0.022681
0.054703
0.049414
0.998505
0.054365
0.371343
0.373458
0.375326
0.375835
0.375900
0.064218
0.065198
0.065500
0.063452
0.059578
0.683036
0.045460
0.683977
0.373209
0.388523
0.116780
0.388996
0.374886
0.370430
0.065369
0.381233
0.379929
0.687065
0.373642
0.360789
0.081494
0.398062
0.119115
0.688784
0.687179
0.998505
0.061664
0.371721
0.370828
0.370686
0.057033
0.998505
0.373012
0.374181
0.061755
0.686032
0.998505
0.061395
0.686478
0.373586
0.059985
0.373152
0.372761
0.370973
0.367905
0.053959
0.056494
0.374063
0.686927
0.998505
0.061994
0.372678
0.685447
0.058130
0.684853
0.056780
0.998505
0.056295
0.369932
0.369731
0.683659
0.369450
0.052472
0.680818
0.680875
0.041859
0.359123
0.679665
0.680810
0.364890
0.683165
0.998505
0.368741
0.684094
0.058613
0.372703
0.373055
0.373512
0.059799
0.052837
0.684343
0.363672
0.360030
0.068614
0.093953
0.342545
0.605167
0.116491
0.074252
0.693417
0.084506
0.998505
0.381500
0.377564
0.381414
0.404118
0.744533
0.062782
0.689457
0.379793
0.068853
0.375233
0.701861
0.704720
0.328231
0.999405
0.628633
0.688706
0.072546
0.700703
0.376598
0.119928
0.110972
0.097770
0.998863
0.115042
0.071078
0.064795
0.052113
0.076567
0.004727
0.998863
0.408037
0.369490
0.687125
0.060107
0.685360
0.060427
0.060436
0.685131
0.063622
0.377362
0.374073
0.685408
0.095061
0.376016
0.042387
0.376833
0.997960
0.038051
0.356054
0.360860
0.365373
0.383661
0.691946
0.064548
0.998165
0.057277
0.998165
0.063349
0.364438
0.682988
0.687551
0.058184
0.360808
0.358471
0.364355
0.682062
0.037154
0.678883
0.357706
0.677079
0.046752
0.044746
0.041469
0.997960
0.360526
0.049908
0.685273
0.062563
0.374772
0.997960
0.058539
0.056830
0.055547
0.684463
0.050621
0.061158
0.371267
0.069649
0.683596
0.078539
0.049719
0.062503
0.697135
0.091215
0.997960
0.098143
0.082280
0.137796
0.997960
0.376999
0.056413
0.067362
0.377724
0.380379
0.310685
0.275715
0.465790
0.397816
0.381973
0.381048
0.114117
0.696189
0.698034
0.130680
0.709310
0.014740
0.999261
0.377041
0.373597
0.368873
0.057395
0.998726
0.372635
0.363544
0.046636
0.062072
0.682372
0.686976
0.689237
0.041786
0.998505
0.057147
0.392980
0.393250
0.372258
0.404253
0.063949
0.048598
0.348965
0.014123
0.370708
0.369960
0.369967
0.055199
0.372151
0.056010
0.998505
0.371494
0.375723
0.380675
0.101218
0.090860
0.396691
0.417332
0.421553
0.084423
0.685424
0.051026
0.366682
0.053213
0.053157
0.052084
0.054909
0.057043
0.066434
0.688824
0.063346
0.687795
0.375415
0.366177
0.058497
0.691059
0.375583
0.687342
0.404249
0.688607
0.998505
0.056695
0.370767
0.066584
0.376226
0.998505
0.687065
0.683173
0.055197
0.677321
0.998505
0.369408
0.096415
0.063979
0.062507
0.998505
0.685051
0.684520
0.060408
0.062716
0.374321
0.063356
0.375606
0.063218
0.062924
0.687299
0.063122
0.998505
0.686336
0.374195
0.373207
0.371185
0.366011
0.049886
0.685383
0.373140
0.062378
0.061792
0.372938
0.998505
0.059272
0.684853
0.998505
0.371038
0.056173
0.369201
0.053615
0.368063
0.683366
0.682675
0.050512
0.047761
0.680951
0.362711
0.041767
0.041913
0.362481
0.682490
0.051457
0.683165
0.369063
0.370645
0.684910
0.058426
0.057831
0.057263
0.684566
0.049792
0.680163
0.359094
0.364355
0.111273
0.998505
0.067517
0.684094
0.372229
0.093460
0.698226
0.406865
0.392886
0.374343
0.380917
0.028913
0.178797
0.373100
0.062833
0.999405
0.075050
0.694299
0.079786
0.382442
0.393474
0.704177
0.018261
0.411016
0.378887
0.715474
0.368412
0.392031
0.998863
0.079327
0.082468
0.375542
0.078435
0.105108
0.390204
0.093513
0.701045
0.006649
0.084482
0.699166
0.433777
0.064369
0.061101
0.372895
0.997960
0.060534
0.374779
0.073054
0.377741
0.375042
0.687224
0.067922
0.342308
0.355853
0.046227
0.037557
0.675965
0.679004
0.681523
0.692919
0.691741
0.690772
0.998165
0.063700
0.998165
0.374243
0.075638
0.317240
0.356252
0.374028
0.687609
0.119081
0.053983
0.057843
0.057109
0.052579
0.032067
0.041419
0.361346
0.043412
0.680889
0.045736
0.048174
0.364853
0.050951
0.053519
0.056370
0.058886
0.057077
0.997960
0.683823
0.059774
0.684517
0.685634
0.676199
0.373633
0.373151
0.057452
0.997960
0.680193
0.081097
0.694587
0.400518
0.031784
0.071641
0.481214
0.018873
0.377065
0.055717
0.061871
0.685433
0.075133
0.074307
0.075498
0.060684
0.319998
0.685172
0.390879
0.997960
0.691968
0.359086
0.085056
0.403945
0.705735
0.081039
0.115626
0.689295
0.069215
0.046519
0.050402
0.038808
0.285519
0.667037
0.606312
0.369565
0.998505
0.053662
0.063938
0.056843
0.671292
0.375532
0.699386
0.395847
0.998505
0.696964
0.064964
0.998505
0.044268
0.998505
0.013271
0.394015
0.059660
0.371876
0.372647
0.685828
0.056930
0.060669
0.689236
0.382848
0.084485
0.701650
0.692285
0.100881
0.691884
0.047086
0.998505
0.369303
0.367921
0.369745
0.372959
0.378475
0.361802
0.368638
0.063028
0.375990
0.689653
0.070241
0.677900
0.375666
0.059335
0.690955
0.387076
0.007291
0.746106
0.025991
0.095670
0.360404
0.368170
0.371976
0.374263
0.376226
0.371321
0.038581
0.100233
0.042085
0.153999
0.406135
0.998505
0.407770
0.375894
0.373693
0.057549
0.058046
0.374533
0.376880
0.065852
0.376310
0.376448
0.376477
0.998505
0.065179
0.687724
0.064151
0.063731
0.375599
0.060307
0.998505
0.054826
0.370035
0.057722
0.371495
0.372593
0.685643
0.998505
0.372938
0.060061
0.058899
0.684853
0.685072
0.055400
0.368110
0.367496
0.367244
0.052042
0.682471
0.049183
0.681490
0.364094
0.363162
0.044255
0.363405
0.046628
0.049721
0.998505
0.367887
0.369716
0.371071
0.058390
0.057821
0.998505
0.684731
0.371190
0.063140
0.680092
0.366274
0.105842
0.677308
0.106408
0.388852
0.687325
0.386932
0.127751
0.138912
0.700653
0.408942
0.372530
0.062749
0.421590
0.312185
0.371901
0.367043
0.052184
0.021891
0.089191
0.084371
0.341252
0.011789
0.370304
0.088672
0.138288
0.157199
0.690481
0.715474
0.363285
0.379002
0.326038
0.094506
0.686335
0.998863
0.686335
0.076263
0.398216
0.388220
0.675308
0.998863
0.361693
0.998863
0.388168
0.061406
0.060945
0.372863
0.373384
0.377577
0.997960
0.071031
0.058533
0.373858
0.071483
0.997960
0.366945
0.364312
0.356535
0.032994
0.048549
0.058757
0.380305
0.387752
0.096738
0.102325
0.088632
0.688059
0.384268
0.090242
0.089227
0.038583
0.081022
0.134263
0.998165
0.436197
0.686145
0.998165
0.057033
0.682967
0.046132
0.362522
0.998165
0.680180
0.680889
0.682165
0.050785
0.682554
0.997960
0.368548
0.056050
0.997960
0.058092
0.685198
0.070331
0.685634
0.118100
0.324733
0.381552
0.057539
0.676032
0.365658
0.370630
0.102504
0.406426
0.115095
0.696341
0.364674
0.997960
0.438163
0.063336
0.368138
0.997960
0.073735
0.316191
0.690213
0.692540
0.997960
0.134237
0.112741
0.997960
0.390879
0.389977
0.320816
0.166940
0.031550
0.079918
0.044850
0.384378
0.385188
0.999261
0.363335
0.362488
0.052343
0.360161
0.019168
0.066100
0.051692
0.041907
0.355743
0.366799
0.051779
0.060870
0.690280
0.083446
0.697094
0.395847
0.103336
0.092039
0.683500
0.401457
0.074697
0.135002
0.998505
0.085527
0.686231
0.076524
0.060034
0.685262
0.063408
0.688985
0.382453
0.091328
0.695765
0.129556
0.381355
0.440450
0.047766
0.053377
0.683061
0.367376
0.368086
0.360257
0.311673
0.072307
0.693253
0.069590
0.689653
0.998505
0.369048
0.685728
0.686482
0.377758
0.998505
0.690955
0.063462
0.613982
0.084093
0.394640
0.706902
0.673718
0.683894
0.685413
0.373922
0.053423
0.362657
0.070446
0.998505
0.011920
0.132678
0.407770
0.998505
0.381917
0.375376
0.686990
0.684593
0.375126
0.067540
0.377007
0.687504
0.065699
0.376924
0.065888
0.688213
0.377536
0.687724
0.687646
0.687512
0.687270
0.063805
0.065645
0.998505
0.378651
0.062596
0.685236
0.057643
0.685643
0.059810
0.685713
0.373373
0.372446
0.058752
0.056663
0.368938
0.368153
0.367690
0.367166
0.682844
0.049095
0.681752
0.046443
0.363281
0.681304
0.047135
0.366249
0.998505
0.366905
0.368780
0.056667
0.057964
0.685215
0.057133
0.684731
0.370697
0.371168
0.061483
0.688613
0.089626
0.415092
0.707633
0.129722
0.703558
0.404729
0.096833
0.481814
0.213809
0.717520
0.115666
0.686123
0.118435
0.702269
0.437651
0.057735
0.357060
0.353040
0.683198
0.659102
0.112414
0.097858
0.394314
0.028500
0.690507
0.718279
0.690481
0.998863
0.075559
0.687674
0.108030
0.429218
0.014274
0.129462
0.391936
0.420220
0.604676
0.368820
0.383892
0.388220
0.372859
0.388086
0.360372
0.359866
0.686060
0.373756
0.060899
0.373706
0.378729
0.081345
0.080617
0.997960
0.057439
0.687944
0.362565
0.358636
0.683788
0.681077
0.686089
0.691987
0.388687
0.359491
0.396529
0.706036
0.391075
0.695331
0.403367
0.388782
0.075479
0.998165
0.064976
0.400532
0.022135
0.425484
0.067072
0.070333
0.373326
0.682967
0.998165
0.049135
0.998165
0.362522
0.363528
0.365854
0.367950
0.050503
0.366332
0.682554
0.682719
0.056864
0.371310
0.368516
0.371661
0.385941
0.099385
0.453026
0.443981
0.415801
0.115972
0.368368
0.368456
0.378279
0.098504
0.997960
0.701467
0.328474
0.037160
0.436478
0.389134
0.395248
0.051768
0.685498
0.010237
0.997960
0.316191
0.382530
0.087193
0.385141
0.429201
0.089800
0.375926
0.689451
0.140786
0.714131
0.674734
0.387186
0.999261
0.385906
0.369704
0.364092
0.999261
0.680154
0.374134
0.097508
0.394813
0.998505
0.688188
0.681407
0.676835
0.063292
0.384165
0.389999
0.085525
0.394255
0.998505
0.400778
0.089928
0.394648
0.401457
0.697965
0.398938
0.135298
0.704099
0.420193
0.004250
0.998505
0.074377
0.384964
0.061767
0.998505
0.688985
0.379345
0.383890
0.026349
0.656461
0.317172
0.422885
0.038284
0.682358
0.368349
0.368562
0.365003
0.348326
0.314383
0.074691
0.375179
0.071399
0.071071
0.059979
0.066509
0.058821
0.998505
0.059868
0.087354
0.075559
0.683700
0.379872
0.377612
0.035666
0.001109
0.055407
0.372405
0.371434
0.368751
0.364800
0.045243
0.396082
0.367705
0.370045
0.083672
0.052181
0.054258
0.068097
0.061217
0.059188
0.372807
0.377522
0.373395
0.360398
0.314158
0.125738
0.392113
0.998505
0.688213
0.377454
0.377151
0.376953
0.067957
0.073884
0.691166
0.065961
0.377288
0.069854
0.057695
0.382639
0.123155
0.076180
0.065276
0.375214
0.686169
0.059570
0.371292
0.998505
0.055511
0.369068
0.368401
0.998505
0.050472
0.682385
0.365077
0.047119
0.365023
0.365916
0.998505
0.366249
0.053147
0.055244
0.684383
0.684760
0.371566
0.370648
0.055815
0.370000
0.370226
0.058166
0.687123
0.375317
0.394893
0.405044
0.077322
0.126785
0.399022
0.370886
0.368337
0.326646
0.082562
0.048873
0.998505
0.066075
0.613583
0.392795
0.688111
0.367375
0.012855
0.659102
0.340093
0.397681
0.077268
0.625765
0.070642
0.073659
0.070778
0.024605
0.170062
0.709296
0.435098
0.038234
0.604558
0.002455
0.998863
0.693678
0.310277
0.383082
0.423075
0.672628
0.384270
0.375165
0.367119
0.340468
0.373651
0.374207
0.374129
0.373957
0.062246
0.380059
0.692878
0.694325
0.688919
0.073694
0.060567
0.050424
0.052663
0.372807
0.066474
0.376499
0.384968
0.997960
0.078510
0.354091
0.088243
0.441893
0.099464
0.998165
0.406950
0.020396
0.365247
0.998165
0.074134
0.695555
0.009062
0.998165
0.074936
0.068073
0.059995
0.053225
0.998165
0.364334
0.047219
0.681854
0.367130
0.369123
0.053617
0.681208
0.056474
0.059892
0.061049
0.997960
0.370741
0.067105
0.407187
0.997960
0.711005
0.089384
0.495999
0.053731
0.369785
0.057328
0.375152
0.386546
0.398049
0.124033
0.399776
0.412166
0.394914
0.054599
0.381561
0.381973
0.685634
0.053325
0.622921
0.378597
0.086412
0.997960
0.699209
0.086655
0.076035
0.141446
0.687052
0.378806
0.431236
0.399645
0.362615
0.389598
0.379293
0.364054
0.052224
0.367555
0.060708
0.686935
0.363395
0.085985
0.062365
0.047387
0.037807
0.034816
0.061479
0.693897
0.391110
0.392828
0.392554
0.091499
0.091155
0.088921
0.390924
0.094956
0.700720
0.395498
0.381020
0.093564
0.306606
0.080368
0.407737
0.140671
0.998505
0.398982
0.059588
0.068005
0.062097
0.681481
0.031079
0.365733
0.364327
0.682028
0.045321
0.998505
0.367994
0.369978
0.370053
0.367672
0.059288
0.686806
0.377206
0.063705
0.683067
0.074400
0.385651
0.361081
0.365464
0.358563
0.386711
0.389763
0.076259
0.064096
0.998505
0.684039
0.354070
0.366971
0.056391
0.057980
0.052809
0.682914
0.050168
0.684236
0.049222
0.684354
0.363500
0.364899
0.364638
0.369723
0.063043
0.058755
0.998505
0.058688
0.998505
0.359359
0.022332
0.039935
0.998505
0.392113
0.072438
0.072660
0.378134
0.069151
0.073414
0.381007
0.372663
0.682996
0.366762
0.054092
0.056713
0.740971
0.100610
0.689757
0.998505
0.064385
0.685123
0.059647
0.371772
0.057205
0.371056
0.370555
0.684857
0.054500
0.052750
0.683128
0.366410
0.048845
0.998505
0.365989
0.682262
0.052421
0.998505
0.683786
0.370524
0.371041
0.056850
0.998505
0.684257
0.369165
0.368784
0.368959
0.058050
0.055505
0.061290
0.081676
0.106456
0.336941
0.686385
0.059249
0.678877
0.336639
0.357050
0.058882
0.059696
0.688700
0.674692
0.297942
0.065045
0.074992
0.116468
0.001417
0.391003
0.378435
0.021028
0.656426
0.004273
0.053976
0.367704
0.421502
0.272197
0.730365
0.304861
0.363119
0.341847
0.036119
0.384187
0.101101
0.370933
0.423075
0.998863
0.030536
0.044666
0.691995
0.346773
0.369741
0.373674
0.062491
0.374342
0.374270
0.374136
0.067739
0.384043
0.382956
0.387178
0.074359
0.997960
0.373050
0.691702
0.379899
0.377993
0.392170
0.399269
0.696839
0.093756
0.071698
0.998165
0.699203
0.240131
0.172100
0.001360
0.145540
0.001861
0.068379
0.998165
0.090637
0.998165
0.081747
0.690029
0.377991
0.998165
0.687087
0.368424
0.364949
0.045745
0.046783
0.051167
0.056197
0.059507
0.060302
0.997960
0.686441
0.065210
0.685511
0.372732
0.062866
0.395074
0.711005
0.424634
0.425864
0.372747
0.055978
0.997960
0.372841
0.064779
0.384408
0.097950
0.086305
0.694216
0.997960
0.077943
0.054028
0.353194
0.689850
0.063226
0.365829
0.074985
0.104939
0.386948
0.095644
0.691111
0.050129
0.694314
0.452510
0.097963
0.379825
0.375229
0.065442
0.081546
0.070039
0.070956
0.375927
0.377495
0.056440
0.686935
0.672465
0.998505
0.031918
0.359484
0.677183
0.678645
0.676037
0.061055
0.074709
0.383461
0.384653
0.385232
0.386679
0.998505
0.694056
0.396674
0.399134
0.095730
0.383374
0.365682
0.692757
0.040854
0.998505
0.367136
0.195434
0.425429
0.746872
0.697589
0.047963
0.361207
0.679437
0.363609
0.368136
0.049753
0.684002
0.051998
0.368036
0.683331
0.370453
0.684690
0.373367
0.062292
0.369804
0.368334
0.683399
0.056075
0.388711
0.375537
0.363176
0.681119
0.362314
0.375719
0.118659
0.439154
0.366771
0.058625
0.041634
0.047555
0.998505
0.683151
0.371803
0.371200
0.053641
0.683855
0.369255
0.057798
0.686909
0.684354
0.372711
0.369674
0.056351
0.998505
0.379329
0.075076
0.063990
0.372473
0.063794
0.998505
0.380554
0.054874
0.097644
0.690335
0.692210
0.072891
0.070894
0.378694
0.688264
0.060513
0.683971
0.363018
0.029957
0.090596
0.700249
0.998505
0.086730
0.376721
0.685123
0.998505
0.685123
0.057477
0.685187
0.371541
0.685110
0.684998
0.057035
0.369005
0.683621
0.367540
0.050326
0.365801
0.365904
0.051595
0.368636
0.369273
0.369630
0.370325
0.370643
0.370575
0.370156
0.369425
0.368534
0.367945
0.368128
0.683660
0.369978
0.998505
0.376379
0.376644
0.047553
0.998505
0.366757
0.678720
0.038500
0.678799
0.056089
0.378183
0.998505
0.303778
0.431632
0.374186
0.684580
0.686597
0.045061
0.998505
0.373680
0.034951
0.373321
0.686510
0.998863
0.087549
0.649549
0.998863
0.272197
0.368161
0.688256
0.101455
0.716453
0.385169
0.998863
0.138330
0.682906
0.079500
0.002483
0.025136
0.679246
0.362997
0.374261
0.061694
0.997960
0.374400
0.062995
0.062005
0.062544
0.079249
0.075469
0.380124
0.997960
0.057272
0.367055
0.069551
0.074653
0.067892
0.068304
0.099110
0.120975
0.092264
0.058939
0.004050
0.424715
0.081704
0.421194
0.576203
0.063760
0.392214
0.355897
0.103006
0.086277
0.073706
0.386053
0.382864
0.687030
0.373472
0.054515
0.048624
0.045711
0.680573
0.362799
0.680592
0.055395
0.684660
0.061900
0.064236
0.376927
0.067930
0.068335
0.068820
0.070620
0.688506
0.081893
0.368523
0.378334
0.066555
0.061179
0.684541
0.685842
0.686261
0.375231
0.035614
0.687300
0.364456
0.071213
0.064343
0.369429
0.056114
0.371612
0.997526
0.383884
0.383465
0.387610
0.071099
0.071794
0.040893
0.074007
0.094661
0.094093
0.050665
0.374926
0.384616
0.998505
0.090226
0.689883
0.376680
0.065291
0.684086
0.062080
0.370541
0.311268
0.349034
0.998505
0.046551
0.998505
0.033282
0.036656
0.055869
0.372113
0.688978
0.998505
0.069124
0.688560
0.386679
0.087750
0.394096
0.097850
0.698125
0.396247
0.391579
0.388704
0.018063
0.334146
0.307566
0.130322
0.998505
0.132771
0.169911
0.058492
0.365556
0.681188
0.358897
0.053473
0.371092
0.685067
0.370220
0.683648
0.055298
0.370104
0.058741
0.375163
0.374366
0.057736
0.368540
0.683929
0.369558
0.063989
0.372128
0.681119
0.998505
0.681119
0.682158
0.087517
0.693537
0.069110
0.998505
0.683512
0.681285
0.366629
0.055785
0.057608
0.684870
0.055591
0.684200
0.370088
0.372315
0.373844
0.060499
0.059355
0.682986
0.367199
0.063750
0.998505
0.384873
0.375055
0.372513
0.377241
0.380763
0.376871
0.366690
0.330525
0.048776
0.095511
0.396386
0.069435
0.687246
0.378405
0.064240
0.685031
0.364616
0.017054
0.324740
0.060522
0.060308
0.041886
0.056782
0.054845
0.054337
0.685042
0.054718
0.056785
0.370862
0.998505
0.058153
0.058286
0.998505
0.368793
0.366797
0.366290
0.998505
0.366487
0.052235
0.368912
0.998505
0.369713
0.370240
0.370480
0.370474
0.370182
0.054543
0.683122
0.367908
0.368286
0.061074
0.365884
0.682523
0.682104
0.367923
0.018436
0.030500
0.041319
0.682938
0.357417
0.031641
0.373773
0.392545
0.056773
0.431632
0.689827
0.998505
0.051462
0.370556
0.047527
0.684319
0.371646
0.062046
0.436493
0.059938
0.686510
0.021108
0.084409
0.649549
0.432735
0.367153
0.061181
0.061658
0.440268
0.125595
0.074407
0.690929
0.031778
0.739361
0.998863
0.123766
0.382603
0.372094
0.059885
0.374136
0.686143
0.062954
0.374946
0.685615
0.689768
0.694103
0.689779
0.389081
0.058092
0.037797
0.043197
0.364831
0.997960
0.047503
0.689141
0.393533
0.386222
0.371827
0.365962
0.359213
0.998165
0.086870
0.576203
0.417263
0.398149
0.383208
0.356607
0.357177
0.360382
0.998165
0.063372
0.379963
0.377350
0.373123
0.682226
0.365157
0.363764
0.998165
0.363052
0.048172
0.053124
0.683765
0.371402
0.373482
0.065542
0.377141
0.378732
0.688829
0.073565
0.075142
0.076007
0.075131
0.381218
0.689881
0.067130
0.064837
0.375332
0.062251
0.056923
0.050798
0.031855
0.052444
0.061388
0.377439
0.065726
0.082316
0.080479
0.381598
0.078061
0.374353
0.381337
0.110313
0.359548
0.352981
0.690458
0.685257
0.997526
0.049873
0.064166
0.052541
0.073051
0.362489
0.058311
0.682953
0.052262
0.685443
0.059481
0.048204
0.085810
0.045325
0.071568
0.998505
0.067650
0.362988
0.364772
0.048230
0.366073
0.056038
0.060536
0.374709
0.687393
0.075041
0.083649
0.998505
0.095882
0.698528
0.396880
0.393405
0.390649
0.064845
0.363457
0.363104
0.621239
0.148676
0.272888
0.102321
0.433480
0.284560
0.655650
0.354784
0.046016
0.370872
0.685015
0.685067
0.370402
0.370310
0.683983
0.371688
0.373209
0.059310
0.684413
0.055415
0.998505
0.370637
0.372998
0.376132
0.054260
0.681119
0.364290
0.375068
0.383818
0.998505
0.073842
0.373978
0.368810
0.366042
0.066401
0.379781
0.061390
0.686117
0.056509
0.684426
0.370240
0.058824
0.998505
0.686131
0.370792
0.998505
0.682986
0.059261
0.372844
0.083628
0.387042
0.689927
0.374227
0.374820
0.375198
0.377540
0.678251
0.688932
0.633274
0.097798
0.689815
0.688673
0.687246
0.063929
0.365603
0.998505
0.025669
0.355207
0.357881
0.371758
0.373745
0.687215
0.054408
0.365838
0.051310
0.998505
0.052569
0.369512
0.057375
0.684680
0.057891
0.055354
0.052640
0.682344
0.365856
0.049372
0.050181
0.051584
0.054044
0.683992
0.370029
0.370601
0.370925
0.371106
0.371043
0.370607
0.054005
0.683131
0.369118
0.058395
0.050118
0.367927
0.064834
0.405188
0.390806
0.318832
0.043206
0.998505
0.367107
0.054019
0.363955
0.380954
0.674669
0.056099
0.400498
0.300559
0.056954
0.372694
0.063554
0.375915
0.686911
0.066574
0.679005
0.998863
0.057841
0.662926
0.664249
0.426118
0.343146
0.275244
0.052541
0.998863
0.684081
0.087173
0.998863
0.056782
0.002627
0.600948
0.421722
0.393012
0.379871
0.366171
0.372327
0.061441
0.374570
0.686331
0.063601
0.375207
0.061981
0.384073
0.386904
0.380583
0.997960
0.372231
0.046417
0.997960
0.042398
0.997960
0.055773
0.691607
0.685634
0.682531
0.682646
0.998165
0.359213
0.079759
0.159275
0.699817
0.700755
0.682654
0.998165
0.034008
0.998165
0.360382
0.040426
0.055375
0.058225
0.056927
0.053274
0.998165
0.682460
0.046621
0.363364
0.048693
0.368084
0.683117
0.369628
0.371515
0.373352
0.375315
0.377377
0.071031
0.381215
0.382257
0.382735
0.382376
0.073537
0.380825
0.068030
0.687182
0.064293
0.686362
0.369462
0.364657
0.046910
0.690760
0.098641
0.386915
0.396747
0.383801
0.377906
0.089715
0.385595
0.690468
0.023236
0.637699
0.444815
0.078848
0.071439
0.069752
0.059010
0.681159
0.671280
0.674786
0.998505
0.032336
0.364854
0.685794
0.054910
0.682659
0.045642
0.336589
0.393355
0.702200
0.375375
0.691303
0.405059
0.087730
0.688499
0.054574
0.682366
0.049015
0.369175
0.687393
0.998505
0.073171
0.998505
0.087798
0.394763
0.397557
0.094256
0.694858
0.390090
0.062451
0.667556
0.296281
0.403157
0.621239
0.167552
0.998505
0.320546
0.130471
0.280587
0.740184
0.042542
0.372048
0.998505
0.371234
0.058321
0.371663
0.058136
0.372470
0.372716
0.057859
0.998505
0.055361
0.370637
0.998505
0.373574
0.686839
0.063980
0.058779
0.366006
0.378444
0.083788
0.693537
0.379990
0.382768
0.063846
0.059035
0.074105
0.689172
0.066309
0.686082
0.058600
0.684823
0.056868
0.684185
0.057416
0.056819
0.053477
0.049225
0.364476
0.681882
0.388047
0.112803
0.689927
0.998505
0.689927
0.686314
0.686121
0.686550
0.072228
0.030436
0.082552
0.085993
0.687045
0.063645
0.060455
0.061499
0.372793
0.047946
0.365480
0.685752
0.366733
0.062040
0.687914
0.376102
0.056187
0.364812
0.364468
0.049744
0.681899
0.051821
0.369800
0.684390
0.056679
0.369096
0.367283
0.682419
0.365125
0.364096
0.364540
0.365561
0.052513
0.055192
0.057607
0.371546
0.372069
0.060638
0.372561
0.058935
0.684540
0.369173
0.046685
0.680424
0.679111
0.358958
0.404793
0.379142
0.394633
0.121564
0.059994
0.057244
0.371903
0.684779
0.068497
0.365077
0.688026
0.998505
0.022266
0.076489
0.371844
0.398540
0.094968
0.998505
0.379264
0.064458
0.067331
0.058539
0.288665
0.398702
0.343258
0.701561
0.266344
0.299811
0.092648
0.377236
0.074647
0.094230
0.683404
0.702030
0.035104
0.065850
0.388914
0.383374
0.680435
0.373710
0.372375
0.061609
0.062745
0.375130
0.064123
0.064124
0.375468
0.373799
0.380788
0.064811
0.058275
0.682558
0.372364
0.372828
0.349491
0.675528
0.064242
0.081985
0.109727
0.076661
0.056022
0.368542
0.683846
0.064932
0.088160
0.438852
0.085771
0.381333
0.356545
0.674344
0.675628
0.349005
0.044570
0.681647
0.682802
0.682887
0.682250
0.365772
0.681356
0.681477
0.681023
0.680859
0.050846
0.682775
0.055273
0.997960
0.684773
0.685684
0.686720
0.378149
0.688942
0.689624
0.072755
0.997960
0.689588
0.070055
0.687182
0.997960
0.687182
0.061081
0.684449
0.367268
0.062856
0.398964
0.997526
0.709971
0.408186
0.385177
0.370222
0.355233
0.385665
0.056555
0.687071
0.116099
0.997526
0.445563
0.689740
0.688963
0.686745
0.364639
0.370445
0.339058
0.351377
0.680405
0.998505
0.053279
0.370628
0.998505
0.366865
0.998505
0.369740
0.078568
0.407654
0.040639
0.682088
0.403789
0.079076
0.369464
0.682041
0.367972
0.683875
0.057172
0.378542
0.383318
0.389667
0.693509
0.391773
0.394592
0.091123
0.693058
0.072409
0.683961
0.362363
0.336824
0.307542
0.140884
0.333492
0.135796
0.093403
0.300360
0.151285
0.614271
0.096288
0.368634
0.685015
0.372181
0.374419
0.063052
0.061914
0.998505
0.686035
0.057286
0.055250
0.998505
0.056287
0.685212
0.685338
0.376267
0.688361
0.688949
0.376373
0.060174
0.065775
0.375599
0.686530
0.069608
0.683145
0.378736
0.068826
0.998505
0.061274
0.684858
0.059072
0.685282
0.056936
0.998505
0.368261
0.366323
0.046069
0.679615
0.363722
0.121323
0.725724
0.143334
0.006598
0.374853
0.065717
0.062030
0.059305
0.063060
0.374075
0.378531
0.055230
0.682506
0.370473
0.372791
0.059149
0.686869
0.063722
0.372748
0.375687
0.377573
0.681539
0.051208
0.680486
0.374753
0.056023
0.366221
0.365785
0.365672
0.682415
0.051275
0.369672
0.370710
0.370872
0.369992
0.368414
0.683213
0.365718
0.364238
0.998505
0.681457
0.682000
0.683050
0.684307
0.372432
0.373619
0.375849
0.374010
0.373350
0.056237
0.364004
0.998505
0.360082
0.357548
0.369688
0.055317
0.017894
0.126482
0.689286
0.063769
0.041275
0.685091
0.057876
0.068369
0.388016
0.054660
0.688026
0.688964
0.052174
0.998505
0.101283
0.398410
0.082113
0.685510
0.069566
0.382758
0.377656
0.119121
0.434991
0.125834
0.998863
0.316162
0.394149
0.008363
0.697382
0.998863
0.400682
0.408004
0.114051
0.063766
0.998863
0.383489
0.401992
0.058837
0.371898
0.372907
0.685840
0.063292
0.375310
0.997960
0.375635
0.997960
0.063814
0.373707
0.997960
0.058018
0.055629
0.378299
0.070054
0.690884
0.068175
0.383662
0.707469
0.392507
0.687211
0.684431
0.369957
0.373784
0.689398
0.690347
0.076547
0.382584
0.069289
0.678743
0.037856
0.674344
0.356527
0.042631
0.360560
0.364585
0.050479
0.051918
0.050672
0.049102
0.681023
0.364179
0.049011
0.682775
0.997960
0.682775
0.055771
0.371678
0.373643
0.375902
0.687235
0.379924
0.072177
0.997960
0.380730
0.069811
0.068107
0.687782
0.376918
0.375445
0.686802
0.060157
0.062595
0.371078
0.419496
0.416518
0.117754
0.081540
0.366370
0.681781
0.361519
0.357716
0.997526
0.057487
0.095442
0.001896
0.309993
0.382330
0.379078
0.373815
0.367160
0.360044
0.044238
0.031344
0.675096
0.049838
0.998505
0.371671
0.682659
0.053326
0.367318
0.377895
0.998505
0.327012
0.431364
0.668675
0.060826
0.685603
0.372908
0.054517
0.683875
0.998505
0.369221
0.063328
0.691719
0.079446
0.998505
0.387773
0.389850
0.084215
0.380331
0.998505
0.689361
0.683961
0.051133
0.684030
0.077246
0.678362
0.325902
0.086623
0.437900
0.699908
0.086416
0.270806
0.998505
0.056914
0.056060
0.062331
0.998505
0.375560
0.063403
0.061930
0.057836
0.369492
0.683948
0.055058
0.057340
0.061541
0.066126
0.069690
0.068103
0.060736
0.998505
0.684155
0.372617
0.374419
0.380510
0.067777
0.998505
0.071506
0.064206
0.055867
0.370842
0.685007
0.372283
0.372366
0.056303
0.051174
0.681207
0.044351
0.679039
0.038141
0.048446
0.109107
0.354250
0.336536
0.064409
0.066518
0.686796
0.061996
0.998505
0.376810
0.377238
0.055738
0.998505
0.057403
0.998505
0.060310
0.998505
0.056377
0.998505
0.061528
0.367951
0.682958
0.041646
0.681002
0.366551
0.057343
0.366192
0.365720
0.998505
0.366931
0.052833
0.684269
0.056844
0.372102
0.685843
0.372116
0.684500
0.683213
0.364286
0.363771
0.047397
0.365697
0.368247
0.370932
0.373164
0.375186
0.687956
0.375025
0.372581
0.055231
0.682570
0.043890
0.360129
0.043389
0.061765
0.690934
0.685403
0.628978
0.385058
0.671828
0.051467
0.684482
0.059804
0.692341
0.378571
0.998505
0.122632
0.355337
0.660619
0.328666
0.393742
0.139383
0.384928
0.094368
0.282588
0.107226
0.387653
0.390361
0.458385
0.699936
0.113960
0.390508
0.003808
0.998863
0.014675
0.697382
0.403498
0.112275
0.383090
0.393054
0.096898
0.376896
0.384044
0.066700
0.372921
0.373777
0.374520
0.063953
0.375584
0.064474
0.061505
0.376042
0.375109
0.373722
0.058232
0.997960
0.057956
0.379217
0.997960
0.383004
0.079101
0.407761
0.695974
0.063944
0.109839
0.373307
0.373322
0.375503
0.069801
0.072090
0.998165
0.381719
0.998165
0.067173
0.360647
0.677147
0.371639
0.048308
0.043244
0.047014
0.368327
0.368640
0.367816
0.998165
0.049449
0.365605
0.049729
0.682177
0.367016
0.053501
0.997960
0.056774
0.059593
0.062877
0.065900
0.068100
0.069093
0.069142
0.068622
0.688131
0.067122
0.067062
0.067859
0.068693
0.068153
0.379547
0.063481
0.356635
0.997526
0.671125
0.383255
0.353367
0.384732
0.064106
0.997526
0.058674
0.386202
0.997526
0.416088
0.163216
0.030230
0.092281
0.129655
0.081671
0.063876
0.372920
0.681989
0.998505
0.054305
0.055954
0.373705
0.068765
0.076064
0.350895
0.388400
0.082452
0.691431
0.147850
0.685899
0.458597
0.105479
0.379275
0.685710
0.684668
0.055391
0.683875
0.370517
0.063509
0.381048
0.382134
0.387773
0.690274
0.384411
0.384085
0.998505
0.058887
0.010314
0.045423
0.363239
0.060444
0.684143
0.363613
0.368451
0.026940
0.691478
0.056109
0.281457
0.998505
0.270806
0.374613
0.685668
0.686980
0.687057
0.686980
0.687007
0.375677
0.059102
0.684806
0.055312
0.369820
0.059215
0.686605
0.375631
0.377712
0.379001
0.066631
0.059758
0.054627
0.057712
0.068062
0.376396
0.372987
0.062232
0.372629
0.369972
0.053235
0.370510
0.998505
0.685007
0.058919
0.998505
0.368102
0.365147
0.043676
0.680846
0.040847
0.680310
0.364373
0.350310
0.278313
0.116437
0.374616
0.063915
0.998505
0.064636
0.379127
0.380400
0.377216
0.057144
0.372430
0.060236
0.060535
0.054864
0.362175
0.368327
0.051832
0.371224
0.687449
0.051985
0.371300
0.683417
0.049201
0.362591
0.364816
0.050858
0.368613
0.369777
0.998505
0.371319
0.998505
0.685554
0.373578
0.370276
0.367490
0.049574
0.363487
0.681020
0.050819
0.054009
0.056912
0.060187
0.376134
0.377585
0.374902
0.370317
0.369664
0.055474
0.364175
0.998505
0.683202
0.686743
0.082387
0.339307
0.407379
0.056104
0.679702
0.056279
0.684502
0.071248
0.378090
0.998505
0.053511
0.067902
0.145384
0.998505
0.359142
0.386040
0.074088
0.692445
0.034642
0.005955
0.436416
0.108877
0.389581
0.096146
0.998863
0.391720
0.386001
0.080711
0.622859
0.087850
0.091074
0.698152
0.701591
0.406021
0.394326
0.704685
0.127395
0.071942
0.998863
0.377302
0.374607
0.063964
0.375633
0.375723
0.371908
0.997949
0.063294
0.375080
0.062023
0.372873
0.057062
0.687297
0.691257
0.388537
0.093437
0.083800
0.389242
0.997960
0.135420
0.310249
0.360421
0.372324
0.066951
0.686788
0.068908
0.071102
0.382040
0.689893
0.380658
0.070820
0.068647
0.066168
0.372924
0.683121
0.683545
0.998165
0.055741
0.998165
0.053016
0.051286
0.997960
0.366275
0.050964
0.682502
0.367322
0.054595
0.997960
0.684197
0.685119
0.686079
0.686870
0.687334
0.376951
0.997960
0.065855
0.066100
0.997526
0.377744
0.379339
0.072747
0.382610
0.375924
0.296999
0.341536
0.318371
0.424684
0.050241
0.688754
0.997526
0.075444
0.085565
0.052877
0.075624
0.399895
0.387139
0.308500
0.420488
0.412944
0.690540
0.997526
0.070208
0.372777
0.372728
0.690628
0.998505
0.072920
0.998505
0.059990
0.388522
0.368288
0.998505
0.088503
0.078609
0.394852
0.998505
0.125092
0.382929
0.067588
0.371754
0.683937
0.684401
0.370762
0.061708
0.065195
0.689962
0.383810
0.998505
0.378877
0.071940
0.068916
0.383147
0.362468
0.021519
0.680772
0.056380
0.686573
0.364653
0.356139
0.387280
0.397527
0.083290
0.322938
0.270120
0.011294
0.388521
0.081729
0.042160
0.066297
0.062972
0.063775
0.376651
0.061099
0.685637
0.371356
0.058132
0.686043
0.685587
0.686605
0.687581
0.688287
0.380445
0.063324
0.685358
0.371302
0.055310
0.681552
0.053572
0.998505
0.367701
0.050959
0.998505
0.053994
0.685007
0.059160
0.059210
0.053468
0.364440
0.680521
0.362062
0.360800
0.041206
0.360196
0.682561
0.380604
0.166731
0.715201
0.743650
0.685853
0.064678
0.998505
0.380573
0.070658
0.998505
0.687823
0.374973
0.373886
0.057282
0.684077
0.050389
0.683173
0.056706
0.687449
0.689766
0.064099
0.371454
0.684048
0.045969
0.363147
0.365446
0.683477
0.684013
0.998505
0.369777
0.058946
0.685554
0.061381
0.998505
0.371926
0.054290
0.998505
0.365772
0.365670
0.682865
0.683753
0.684498
0.684869
0.375849
0.057225
0.372061
0.363552
0.365307
0.061568
0.682595
0.058622
0.686743
0.385292
0.372957
0.408024
0.403035
0.056323
0.684465
0.371198
0.370777
0.055229
0.100347
0.363980
0.699291
0.998505
0.026442
0.660619
0.382371
0.391972
0.086975
0.444832
0.707151
0.748505
0.074145
0.432668
0.393342
0.385228
0.699936
0.694716
0.378822
0.071583
0.692679
0.395474
0.103534
0.102402
0.086767
0.374306
0.114827
0.143234
0.179356
0.376340
0.690267
0.063795
0.686547
0.064168
0.375670
0.063483
0.346072
0.079248
0.023832
0.062449
0.377305
0.377707
0.359957
0.370077
0.135776
0.997960
0.402073
0.104419
0.081635
0.393041
0.079551
0.372413
0.054172
0.055456
0.059660
0.373490
0.687630
0.688517
0.689812
0.071184
0.380755
0.072366
0.380565
0.998165
0.068278
0.058748
0.062232
0.370395
0.998165
0.370156
0.684065
0.053028
0.052027
0.051546
0.051399
0.051646
0.367255
0.053447
0.055414
0.057682
0.372935
0.374519
0.063626
0.063908
0.065188
0.687002
0.375003
0.064416
0.376396
0.376668
0.378385
0.380585
0.076048
0.375038
0.687095
0.367201
0.099047
0.371881
0.371634
0.061907
0.375444
0.690903
0.380641
0.400652
0.076995
0.997526
0.389051
0.410262
0.349920
0.210636
0.320454
0.382504
0.691998
0.079958
0.076757
0.689244
0.384802
0.078360
0.374098
0.677902
0.371625
0.067145
0.443544
0.402335
0.998505
0.133585
0.044163
0.296363
0.064476
0.369181
0.370708
0.365286
0.048450
0.052830
0.055923
0.058918
0.065546
0.067749
0.066178
0.372355
0.998505
0.384480
0.683911
0.998505
0.683911
0.075131
0.685549
0.373873
0.374261
0.364134
0.062020
0.388468
0.391992
0.998505
0.693312
0.386765
0.087216
0.385876
0.385350
0.418037
0.378130
0.374186
0.374516
0.063554
0.998505
0.685637
0.372118
0.685229
0.374144
0.376082
0.066201
0.065616
0.066223
0.687789
0.377210
0.371303
0.050599
0.680106
0.046596
0.366711
0.047557
0.681177
0.049037
0.366379
0.055016
0.370387
0.056679
0.682956
0.049088
0.680504
0.680521
0.358948
0.355086
0.032974
0.679422
0.117830
0.715201
0.998505
0.087392
0.058099
0.061591
0.064797
0.071280
0.688701
0.068830
0.066660
0.375219
0.058043
0.369661
0.684079
0.053746
0.684028
0.062045
0.378032
0.688424
0.376940
0.372769
0.998505
0.051987
0.365778
0.998505
0.365446
0.053016
0.684013
0.057436
0.373973
0.375387
0.375351
0.686239
0.061058
0.371466
0.058499
0.058724
0.062433
0.067062
0.062233
0.080321
0.099755
0.057558
0.363591
0.360963
0.355617
0.387877
0.067298
0.684571
0.372859
0.374405
0.057195
0.998505
0.384239
0.429187
0.053442
0.060480
0.372494
0.371003
0.052865
0.367645
0.021565
0.098876
0.125283
0.409190
0.694388
0.092675
0.998505
0.091660
0.399317
0.999403
0.397412
0.068372
0.032974
0.069471
0.371368
0.082421
0.374605
0.686626
0.065898
0.395474
0.702732
0.700767
0.703538
0.704550
0.380548
0.368935
0.386914
0.075660
0.998863
0.375426
0.374817
0.063605
0.375285
0.374821
0.673598
0.694053
0.638149
0.682215
0.688917
0.689013
0.997960
0.304297
0.094298
0.702734
0.402073
0.698333
0.703416
0.088252
0.390360
0.389365
0.055020
0.998165
0.682267
0.682502
0.368929
0.057893
0.062675
0.067706
0.071170
0.073117
0.382097
0.689567
0.070471
0.066376
0.689591
0.373584
0.062027
0.685015
0.058398
0.055339
0.053805
0.683096
0.367783
0.052277
0.682860
0.052537
0.054133
0.997960
0.683876
0.058746
0.060345
0.061301
0.997960
0.062842
0.063123
0.374015
0.062683
0.687120
0.997526
0.379032
0.997526
0.074826
0.687095
0.682026
0.997526
0.062445
0.376927
0.380356
0.997526
0.077065
0.102629
0.436223
0.074033
0.692050
0.085113
0.690586
0.119846
0.693489
0.716823
0.106548
0.374810
0.075851
0.692742
0.998505
0.079123
0.387468
0.065253
0.687949
0.052626
0.688552
0.068826
0.301991
0.171699
0.699863
0.301190
0.280276
0.339766
0.364148
0.366320
0.046364
0.678938
0.998505
0.046028
0.684844
0.683914
0.372209
0.059774
0.369074
0.367234
0.053898
0.045107
0.086583
0.070330
0.077298
0.372705
0.683502
0.367900
0.370259
0.371274
0.372968
0.081200
0.402784
0.397370
0.087316
0.099477
0.691963
0.065203
0.998505
0.312881
0.435439
0.998505
0.686634
0.376146
0.374650
0.372836
0.685471
0.373107
0.063676
0.066970
0.377045
0.375072
0.063408
0.998505
0.687789
0.687786
0.048567
0.361994
0.282186
0.660388
0.362674
0.363341
0.048357
0.682006
0.366711
0.683597
0.053069
0.365414
0.681538
0.364010
0.043278
0.679633
0.677810
0.033196
0.998505
0.679422
0.111770
0.085306
0.051146
0.683589
0.057377
0.682506
0.061444
0.686927
0.376777
0.374671
0.057256
0.052803
0.683196
0.054246
0.998505
0.683505
0.061276
0.070683
0.069565
0.376551
0.998505
0.372769
0.056509
0.366472
0.048205
0.050019
0.053937
0.054479
0.057442
0.060671
0.375258
0.060855
0.059830
0.060362
0.685604
0.375212
0.072196
0.674631
0.314022
0.107508
0.998505
0.706453
0.077599
0.370022
0.359471
0.392731
0.393700
0.069307
0.686666
0.373910
0.054234
0.036967
0.006302
0.002251
0.679879
0.359166
0.389287
0.060659
0.370918
0.367810
0.047057
0.430309
0.377257
0.998505
0.092721
0.385845
0.693974
0.382374
0.085477
0.684993
0.092640
0.381405
0.059526
0.692016
0.747972
0.310815
0.082217
0.069286
0.030157
0.088992
0.398387
0.998863
0.407407
0.415211
0.108029
0.433708
0.684664
0.689047
0.063434
0.374789
0.374007
0.062407
0.374515
0.374353
0.373790
0.070847
0.359898
0.120226
0.044681
0.381588
0.381715
0.385600
0.057501
0.997960
0.101360
0.403107
0.997960
0.399513
0.048030
0.068560
0.070265
0.064464
0.054375
0.055372
0.366049
0.053836
0.369074
0.373850
0.378580
0.690108
0.690483
0.382092
0.998165
0.689567
0.054420
0.041523
0.368324
0.684096
0.062023
0.373526
0.055643
0.683680
0.368803
0.368309
0.052904
0.682994
0.367941
0.368241
0.054744
0.056113
0.057388
0.684549
0.371858
0.060575
0.060981
0.685178
0.373204
0.061378
0.374235
0.063519
0.376795
0.068370
0.083382
0.087559
0.379754
0.060227
0.376887
0.689001
0.382130
0.380356
0.095338
0.997526
0.098486
0.692050
0.997526
0.077978
0.068450
0.014093
0.997526
0.421438
0.366763
0.358659
0.691631
0.385591
0.086826
0.747246
0.070258
0.057382
0.382840
0.364663
0.683071
0.071047
0.395265
0.001145
0.677909
0.083377
0.998505
0.048281
0.372234
0.363835
0.675811
0.356357
0.356831
0.034573
0.367321
0.685870
0.371612
0.998505
0.053919
0.682408
0.366606
0.366590
0.370551
0.064986
0.373992
0.369423
0.998505
0.049654
0.998505
0.056981
0.998505
0.381967
0.091020
0.384653
0.678329
0.699900
0.395435
0.379213
0.046287
0.329627
0.006224
0.067543
0.060477
0.363004
0.376373
0.373954
0.057655
0.058804
0.372603
0.063969
0.685828
0.374374
0.374032
0.064476
0.067154
0.062003
0.050454
0.277717
0.322528
0.998505
0.025192
0.681062
0.047296
0.998505
0.682006
0.051270
0.049900
0.364673
0.998505
0.681538
0.680808
0.042301
0.032849
0.679141
0.679422
0.366260
0.683929
0.676501
0.363641
0.057637
0.052292
0.681763
0.365979
0.683950
0.686927
0.686581
0.053421
0.998505
0.366720
0.367576
0.053544
0.054406
0.057370
0.374490
0.687831
0.998505
0.064616
0.059841
0.682802
0.681158
0.674327
0.349942
0.347150
0.368002
0.369300
0.058541
0.058714
0.998505
0.054109
0.683829
0.371804
0.375322
0.055865
0.683519
0.353369
0.321107
0.106606
0.117788
0.210245
0.352761
0.074090
0.082839
0.076477
0.068650
0.066218
0.061209
0.373020
0.110143
0.350040
0.271041
0.044762
0.998505
0.692686
0.405975
0.061463
0.366074
0.041043
0.378685
0.683378
0.062579
0.294413
0.037778
0.685142
0.065391
0.052426
0.998505
0.066786
0.691845
0.080816
0.172519
0.998863
0.413085
0.317456
0.675446
0.702758
0.699452
0.097038
0.083873
0.000141
0.023679
0.378804
0.700604
0.374996
0.061412
0.058733
0.685277
0.372729
0.373403
0.061644
0.373961
0.369278
0.372620
0.088894
0.693951
0.702922
0.409145
0.380470
0.381629
0.997960
0.056726
0.082119
0.674949
0.002958
0.357256
0.060408
0.684765
0.372049
0.685425
0.061926
0.373792
0.057592
0.370611
0.372038
0.687750
0.380744
0.381882
0.382633
0.998165
0.072559
0.361549
0.034304
0.359458
0.684096
0.998165
0.370410
0.372393
0.056184
0.683901
0.054639
0.368553
0.683298
0.368257
0.368164
0.368254
0.368651
0.369174
0.056376
0.684176
0.371056
0.371269
0.059741
0.997526
0.060385
0.997526
0.373229
0.685357
0.067037
0.091239
0.336391
0.375721
0.997526
0.690185
0.067856
0.684370
0.382713
0.081820
0.085282
0.399558
0.381208
0.069414
0.045937
0.369323
0.373422
0.040569
0.386022
0.069997
0.094614
0.038814
0.074434
0.085873
0.998505
0.700381
0.494702
0.051267
0.040492
0.070079
0.052070
0.375742
0.377791
0.068867
0.069209
0.104778
0.361526
0.058924
0.683556
0.362824
0.355253
0.351377
0.348786
0.680275
0.367955
0.057361
0.372097
0.684934
0.683964
0.366864
0.682974
0.686925
0.376351
0.686835
0.684425
0.998505
0.051262
0.047170
0.367018
0.055887
0.071672
0.097476
0.382280
0.998505
0.683257
0.380244
0.386596
0.381408
0.368855
0.356146
0.353865
0.387215
0.373105
0.363346
0.050722
0.374497
0.052909
0.998505
0.683964
0.057620
0.998505
0.685828
0.371016
0.686180
0.374582
0.372821
0.046961
0.998505
0.354463
0.005111
0.045537
0.681471
0.363663
0.047067
0.047662
0.363687
0.047315
0.681316
0.047581
0.046872
0.362879
0.681354
0.033781
0.676057
0.355915
0.047955
0.034259
0.042972
0.360698
0.049799
0.365478
0.681866
0.363509
0.370399
0.060252
0.058266
0.053349
0.682812
0.366569
0.366437
0.367395
0.368074
0.055392
0.372593
0.063595
0.063388
0.062457
0.371697
0.053709
0.358624
0.998505
0.351230
0.335144
0.338034
0.054665
0.686041
0.054230
0.050582
0.683829
0.998505
0.060613
0.688437
0.063987
0.998505
0.372908
0.371484
0.698784
0.381039
0.998505
0.685796
0.699487
0.093087
0.705468
0.099183
0.998505
0.688303
0.428481
0.998505
0.740704
0.358246
0.068861
0.692686
0.105626
0.689346
0.998505
0.055369
0.358933
0.037953
0.998505
0.683378
0.060572
0.368219
0.373709
0.369650
0.022313
0.367293
0.038629
0.689627
0.078587
0.085105
0.365096
0.358362
0.070702
0.379472
0.089062
0.998863
0.699452
0.264283
0.321345
0.335576
0.294890
0.059838
0.056165
0.369830
0.056254
0.684684
0.371259
0.059192
0.372990
0.060702
0.060287
0.076211
0.997949
0.074487
0.693951
0.098574
0.026111
0.036204
0.380126
0.997960
0.065200
0.687624
0.369462
0.056255
0.368755
0.055749
0.371732
0.997960
0.374775
0.686932
0.685652
0.684883
0.686152
0.375826
0.691224
0.076381
0.076765
0.073200
0.070065
0.056524
0.359366
0.363320
0.049406
0.055612
0.683654
0.370350
0.056524
0.684184
0.055471
0.369085
0.997960
0.368707
0.683163
0.053832
0.997960
0.683400
0.683627
0.683895
0.057229
0.684456
0.371243
0.372371
0.684885
0.372734
0.685133
0.062780
0.376734
0.009922
0.360746
0.682602
0.377417
0.370466
0.057467
0.691238
0.997526
0.691238
0.696148
0.380093
0.997526
0.685485
0.675887
0.039228
0.997526
0.070176
0.693896
0.379205
0.399229
0.997526
0.998505
0.057417
0.700381
0.167562
0.998505
0.745961
0.374249
0.998505
0.066436
0.300653
0.357692
0.369269
0.357496
0.680917
0.998505
0.061396
0.064492
0.364654
0.040884
0.035528
0.025857
0.036617
0.057200
0.378590
0.376062
0.056430
0.054111
0.053350
0.366973
0.370076
0.998505
0.063111
0.058052
0.684425
0.365383
0.682462
0.998505
0.369919
0.085183
0.998505
0.316278
0.103413
0.076930
0.024729
0.065344
0.685636
0.370527
0.681604
0.357568
0.361272
0.693894
0.682058
0.676493
0.053147
0.048181
0.049758
0.370296
0.998505
0.054088
0.054043
0.683541
0.055109
0.368537
0.369825
0.052729
0.676155
0.365554
0.046818
0.367306
0.998505
0.681471
0.045687
0.680635
0.045417
0.681316
0.681175
0.681316
0.681412
0.364497
0.365013
0.366173
0.360993
0.360333
0.369061
0.998505
0.363586
0.047613
0.682220
0.998505
0.682220
0.362039
0.050482
0.062217
0.685977
0.057981
0.682747
0.369100
0.051460
0.683366
0.053260
0.370171
0.684804
0.059524
0.373037
0.059098
0.370174
0.363986
0.030113
0.035466
0.681962
0.356525
0.036134
0.064604
0.998505
0.374073
0.064533
0.113618
0.071950
0.610700
0.374556
0.071441
0.064114
0.998505
0.377354
0.073808
0.037537
0.072765
0.134750
0.068075
0.089137
0.414747
0.712066
0.086992
0.375253
0.293156
0.403525
0.672650
0.028538
0.041218
0.698156
0.422666
0.319669
0.378286
0.056568
0.360553
0.348135
0.038713
0.047047
0.066680
0.998505
0.379411
0.358555
0.038964
0.671037
0.031711
0.367507
0.056492
0.009865
0.998863
0.306321
0.998863
0.107179
0.406819
0.403703
0.125476
0.645608
0.573780
0.375118
0.430090
0.370383
0.369138
0.368657
0.053695
0.369501
0.370464
0.371388
0.372226
0.685147
0.685469
0.665196
0.384120
0.747554
0.363798
0.088861
0.997949
0.392458
0.061596
0.379967
0.379330
0.371228
0.052208
0.067593
0.059986
0.370799
0.371898
0.372823
0.064044
0.378194
0.377718
0.374952
0.374445
0.377212
0.381170
0.690751
0.688894
0.998165
0.374361
0.054544
0.364362
0.681461
0.998165
0.050830
0.684036
0.683516
0.369851
0.684037
0.056338
0.369583
0.368707
0.997960
0.054033
0.368672
0.054118
0.054494
0.055037
0.055700
0.056443
0.684260
0.370724
0.058644
0.059319
0.060356
0.062179
0.067555
0.997526
0.688121
0.686772
0.047977
0.997526
0.370553
0.038633
0.380465
0.402815
0.381154
0.692134
0.061978
0.685485
0.360735
0.051429
0.059897
0.377643
0.997526
0.097208
0.997526
0.115068
0.004845
0.690291
0.075071
0.671364
0.306795
0.135438
0.081330
0.379228
0.358912
0.388513
0.071114
0.000896
0.679402
0.998505
0.037459
0.680917
0.060889
0.686651
0.682676
0.681778
0.682570
0.379471
0.384326
0.382205
0.692070
0.069218
0.372964
0.684925
0.998505
0.056046
0.369910
0.371992
0.373546
0.998505
0.052366
0.362693
0.050442
0.369079
0.061683
0.746364
0.707949
0.365487
0.351953
0.465106
0.165157
0.074370
0.682345
0.369987
0.048676
0.682454
0.677367
0.363535
0.355374
0.019008
0.370761
0.046049
0.679832
0.045338
0.048117
0.998505
0.681720
0.048165
0.362496
0.681110
0.362209
0.042158
0.681335
0.058805
0.371241
0.368380
0.681471
0.048024
0.045640
0.680668
0.045066
0.046247
0.998505
0.364083
0.364518
0.365350
0.366593
0.036562
0.017901
0.056750
0.097732
0.060674
0.363844
0.681561
0.366204
0.050271
0.681866
0.682208
0.678678
0.058993
0.687886
0.377228
0.371740
0.373962
0.053479
0.368909
0.683508
0.054967
0.371491
0.372832
0.372939
0.684710
0.685144
0.050156
0.056408
0.379403
0.679622
0.998505
0.375231
0.063790
0.686041
0.403538
0.143147
0.408225
0.281537
0.660640
0.302443
0.069306
0.689323
0.069663
0.378816
0.372683
0.363250
0.363139
0.384206
0.393620
0.699474
0.694686
0.705232
0.093811
0.375508
0.372363
0.283513
0.344124
0.998505
0.058786
0.374898
0.311747
0.378478
0.066998
0.384084
0.061089
0.070051
0.090530
0.058481
0.058842
0.062821
0.375182
0.378716
0.391426
0.052747
0.998505
0.358952
0.067603
0.380824
0.314455
0.374210
0.113411
0.429186
0.123349
0.998863
0.703114
0.309613
0.277645
0.377941
0.386398
0.055580
0.054656
0.367985
0.052108
0.682810
0.054020
0.370577
0.371774
0.372758
0.373037
0.373252
0.333565
0.360985
0.650122
0.075139
0.018767
0.024135
0.688673
0.997949
0.076918
0.375553
0.388694
0.997949
0.376173
0.684600
0.685358
0.997960
0.064006
0.067008
0.379620
0.688746
0.068991
0.378946
0.381101
0.070571
0.063973
0.057023
0.365692
0.364981
0.364316
0.046205
0.047809
0.365772
0.052985
0.998165
0.683311
0.056761
0.057010
0.997960
0.369583
0.055097
0.369358
0.369190
0.369118
0.369171
0.369341
0.055787
0.684155
0.370446
0.370350
0.058298
0.684712
0.373668
0.376647
0.381270
0.077727
0.070089
0.675210
0.076147
0.684758
0.361434
0.042745
0.387891
0.693622
0.038550
0.097272
0.052828
0.367909
0.052482
0.376153
0.382059
0.088437
0.408063
0.429896
0.370187
0.997526
0.681042
0.383353
0.071644
0.382715
0.080706
0.116459
0.691553
0.098046
0.309185
0.357151
0.690702
0.998505
0.062839
0.679402
0.030876
0.368564
0.693515
0.384639
0.375093
0.370836
0.376171
0.389624
0.311695
0.692070
0.689566
0.686632
0.998505
0.060902
0.374553
0.374648
0.374117
0.063231
0.061758
0.372419
0.057318
0.053852
0.685122
0.685847
0.998505
0.068956
0.365487
0.998505
0.363096
0.998505
0.743974
0.424613
0.357659
0.364562
0.371684
0.052248
0.366862
0.379864
0.325383
0.609359
0.367415
0.049869
0.998505
0.679832
0.043913
0.045713
0.045058
0.998505
0.679980
0.363059
0.680264
0.058151
0.684409
0.071399
0.373085
0.998505
0.054741
0.367135
0.046227
0.680839
0.362932
0.363252
0.046601
0.046740
0.364401
0.043458
0.037569
0.678299
0.266668
0.312358
0.113609
0.998505
0.379862
0.050335
0.053122
0.052640
0.046557
0.034055
0.045478
0.055653
0.998505
0.385719
0.078072
0.088608
0.349253
0.292300
0.663787
0.363300
0.367894
0.058627
0.373684
0.372168
0.685386
0.059555
0.998505
0.059899
0.047877
0.364062
0.065325
0.359076
0.022996
0.397393
0.697911
0.408193
0.058237
0.688720
0.047376
0.386142
0.382308
0.689330
0.378014
0.687422
0.366918
0.677432
0.051323
0.998505
0.093423
0.705232
0.420759
0.417857
0.055971
0.369924
0.364525
0.350889
0.350122
0.387658
0.077240
0.689537
0.380053
0.688873
0.388373
0.998505
0.390495
0.687353
0.686679
0.670864
0.297664
0.376065
0.377099
0.379782
0.067632
0.376952
0.053729
0.036070
0.056522
0.378249
0.399992
0.385355
0.468626
0.109904
0.087098
0.414190
0.295451
0.356349
0.060103
0.685365
0.684266
0.683768
0.054699
0.367363
0.052553
0.368824
0.370504
0.371950
0.373039
0.373478
0.685839
0.373849
0.041637
0.369965
0.379854
0.671950
0.373783
0.059033
0.088688
0.074237
0.074147
0.076542
0.375436
0.372342
0.059797
0.059484
0.063033
0.062167
0.374943
0.064398
0.065102
0.066163
0.067465
0.066062
0.368635
0.364382
0.363180
0.681407
0.048125
0.364385
0.998165
0.045692
0.364555
0.998165
0.051801
0.054506
0.056814
0.370774
0.370442
0.056412
0.056053
0.369807
0.684012
0.369737
0.369761
0.055921
0.684244
0.056779
0.684453
0.370898
0.370914
0.060694
0.997526
0.074142
0.997526
0.692135
0.384101
0.085949
0.684133
0.083641
0.080067
0.406682
0.677112
0.036074
0.144967
0.997526
0.111187
0.685170
0.377941
0.695439
0.674326
0.404437
0.115985
0.997526
0.117161
0.074800
0.689153
0.385797
0.077341
0.998505
0.690552
0.441621
0.413380
0.425673
0.085935
0.335802
0.367750
0.690702
0.063079
0.679702
0.034152
0.373667
0.384231
0.386123
0.692314
0.379555
0.072671
0.619947
0.365577
0.385073
0.383080
0.376775
0.686632
0.372255
0.063081
0.070245
0.065777
0.687623
0.687730
0.063302
0.374742
0.998505
0.371208
0.372217
0.065988
0.371771
0.375714
0.248818
0.743624
0.375165
0.173863
0.998505
0.353395
0.675741
0.680721
0.687334
0.092684
0.058914
0.008633
0.064579
0.092376
0.686622
0.048660
0.043678
0.362712
0.363412
0.043921
0.042573
0.042179
0.041750
0.046115
0.071562
0.378185
0.077359
0.998505
0.056365
0.050690
0.998505
0.364510
0.998505
0.680839
0.680769
0.681124
0.364507
0.045321
0.359924
0.358012
0.030416
0.324409
0.291587
0.338614
0.097212
0.402886
0.359919
0.364729
0.683704
0.353396
0.349796
0.332908
0.051785
0.371710
0.072731
0.690505
0.069002
0.687874
0.073982
0.359572
0.364846
0.682964
0.369044
0.060829
0.372797
0.685748
0.061737
0.687297
0.064646
0.051114
0.683440
0.039719
0.363089
0.035852
0.388994
0.998505
0.083582
0.998505
0.084170
0.698158
0.087057
0.383983
0.690366
0.689330
0.059870
0.684293
0.048241
0.367016
0.049648
0.039263
0.135402
0.092420
0.380286
0.682117
0.363549
0.356485
0.015966
0.050659
0.066038
0.083654
0.088136
0.379183
0.377820
0.084256
0.697094
0.406721
0.390966
0.049446
0.998505
0.417830
0.002007
0.074673
0.063866
0.998505
0.047660
0.998505
0.055141
0.998505
0.052487
0.377328
0.358664
0.393407
0.998863
0.376384
0.998863
0.346630
0.301328
0.058967
0.685450
0.042984
0.057557
0.684135
0.368838
0.054676
0.370107
0.683727
0.060351
0.374042
0.064198
0.373903
0.685532
0.061112
0.371898
0.058889
0.056088
0.688173
0.997949
0.050323
0.364520
0.679967
0.377967
0.061223
0.059985
0.372887
0.375176
0.685528
0.997960
0.372254
0.370733
0.373015
0.375463
0.373652
0.367173
0.363680
0.997960
0.047301
0.681661
0.998165
0.049641
0.681045
0.046759
0.364912
0.682146
0.366147
0.368013
0.056294
0.370847
0.997960
0.684373
0.370741
0.370557
0.370380
0.370320
0.370418
0.370570
0.057200
0.684684
0.371116
0.371161
0.375238
0.062289
0.376067
0.077243
0.387748
0.093482
0.108244
0.110942
0.694157
0.702577
0.397707
0.392960
0.064232
0.414768
0.297118
0.425652
0.374408
0.687886
0.061746
0.065031
0.997526
0.048253
0.709148
0.079027
0.402097
0.381289
0.058392
0.386902
0.386293
0.378281
0.066840
0.072781
0.129896
0.391266
0.082779
0.063158
0.338234
0.358136
0.372682
0.680843
0.076424
0.688773
0.087223
0.694134
0.072450
0.376829
0.392060
0.379184
0.698597
0.381119
0.381764
0.375192
0.685715
0.060029
0.067310
0.686921
0.686055
0.059941
0.062173
0.687252
0.998505
0.374742
0.062849
0.062546
0.375520
0.072326
0.375442
0.032039
0.312308
0.408941
0.041255
0.353395
0.998505
0.357184
0.048616
0.015817
0.680997
0.402161
0.094421
0.691386
0.079916
0.689503
0.371325
0.048344
0.998505
0.681375
0.681341
0.680660
0.362517
0.048242
0.688248
0.061674
0.998505
0.057441
0.050648
0.679516
0.363383
0.365018
0.363946
0.363925
0.045942
0.681124
0.048776
0.046546
0.679886
0.360841
0.360457
0.036012
0.685687
0.369529
0.691790
0.383489
0.036989
0.998505
0.355568
0.041287
0.352134
0.345038
0.029677
0.683051
0.360921
0.062256
0.393812
0.382400
0.123328
0.634920
0.123537
0.685532
0.365130
0.369032
0.059632
0.073562
0.372762
0.309626
0.381766
0.998505
0.068360
0.687098
0.055248
0.998505
0.065818
0.389015
0.085687
0.691900
0.079968
0.093307
0.699058
0.090053
0.694280
0.386494
0.070637
0.378624
0.059751
0.681135
0.681983
0.365396
0.679393
0.066862
0.358790
0.038293
0.043472
0.058845
0.038670
0.354613
0.354440
0.369481
0.376788
0.384566
0.068759
0.056414
0.067323
0.105106
0.095356
0.065744
0.687196
0.361416
0.105313
0.694732
0.690201
0.030054
0.680128
0.033508
0.087068
0.677339
0.378162
0.045898
0.369986
0.367210
0.352405
0.696891
0.087884
0.059404
0.315914
0.113377
0.075761
0.210046
0.998863
0.416918
0.371316
0.060102
0.371037
0.060644
0.374569
0.375424
0.375939
0.686487
0.686172
0.061908
0.372914
0.371749
0.684204
0.997949
0.050133
0.365843
0.676542
0.679967
0.997949
0.059003
0.681165
0.055135
0.371336
0.689150
0.371794
0.058195
0.060406
0.361396
0.384765
0.376881
0.997960
0.367931
0.997960
0.046224
0.682579
0.681202
0.050950
0.681879
0.364350
0.366675
0.366613
0.051050
0.683142
0.054417
0.370584
0.370884
0.684373
0.370799
0.371056
0.370966
0.684346
0.684271
0.684268
0.684379
0.057962
0.684223
0.365680
0.050726
0.997960
0.688665
0.378812
0.693139
0.997526
0.693139
0.697583
0.110195
0.092022
0.096434
0.094191
0.076058
0.369951
0.338381
0.359472
0.062985
0.687886
0.997526
0.378933
0.080029
0.014189
0.371480
0.364333
0.997526
0.385944
0.050901
0.686067
0.070287
0.080479
0.078418
0.682081
0.998505
0.069151
0.384913
0.057505
0.998505
0.067911
0.023978
0.076178
0.095132
0.089754
0.119772
0.027129
0.047274
0.058232
0.364789
0.429269
0.148607
0.389157
0.698597
0.080574
0.686943
0.037814
0.369207
0.686506
0.372772
0.054059
0.684362
0.998505
0.062002
0.687252
0.064701
0.998505
0.065172
0.373566
0.688155
0.379207
0.998505
0.685518
0.369312
0.019130
0.345127
0.674968
0.353217
0.677360
0.427578
0.025085
0.075980
0.369667
0.998505
0.369616
0.384280
0.377842
0.368932
0.364856
0.365109
0.364137
0.362969
0.680821
0.055194
0.368918
0.365081
0.052824
0.998505
0.362385
0.998505
0.679516
0.044718
0.048274
0.046565
0.046082
0.046923
0.048782
0.681481
0.043853
0.679867
0.361760
0.366048
0.373640
0.383041
0.077983
0.094595
0.665530
0.031428
0.392817
0.358318
0.363477
0.030141
0.367684
0.687770
0.059437
0.371929
0.694907
0.998505
0.368086
0.345139
0.012914
0.685256
0.370344
0.055835
0.306442
0.685743
0.310929
0.425099
0.111862
0.085013
0.391448
0.431472
0.389605
0.683549
0.069728
0.377751
0.377817
0.998505
0.385963
0.092743
0.395091
0.998505
0.084220
0.998505
0.385023
0.382531
0.383608
0.066559
0.065982
0.685487
0.357391
0.677425
0.696909
0.357644
0.683821
0.998505
0.048238
0.046399
0.692843
0.359024
0.371094
0.686454
0.687619
0.075442
0.696928
0.400954
0.396417
0.072968
0.377850
0.087897
0.998505
0.095421
0.682426
0.139558
0.364239
0.494350
0.391786
0.396571
0.355596
0.059887
0.056018
0.682770
0.050048
0.678495
0.130856
0.703640
0.382053
0.432087
0.287331
0.630317
0.418254
0.998863
0.119858
0.686115
0.374181
0.066726
0.686624
0.070753
0.378863
0.068774
0.686487
0.374720
0.059783
0.056568
0.059047
0.059741
0.063127
0.060128
0.350189
0.039792
0.363410
0.044730
0.997949
0.366513
0.997949
0.057647
0.061169
0.373259
0.107540
0.695499
0.371590
0.687261
0.368226
0.043537
0.042857
0.048083
0.060397
0.373310
0.371466
0.369244
0.367022
0.370268
0.368972
0.683725
0.368348
0.054878
0.370473
0.370809
0.370951
0.057537
0.371142
0.371013
0.057030
0.370747
0.056532
0.057181
0.057214
0.366570
0.685009
0.060179
0.381227
0.387208
0.068449
0.378757
0.383389
0.075921
0.075870
0.051513
0.677283
0.367923
0.691669
0.054028
0.029846
0.364315
0.059150
0.696731
0.686764
0.078138
0.997526
0.688573
0.008587
0.266097
0.673526
0.296408
0.069496
0.997526
0.083375
0.371103
0.995841
0.048680
0.369248
0.374891
0.693959
0.385782
0.385571
0.080807
0.086048
0.404263
0.998505
0.105246
0.998505
0.040828
0.036324
0.998505
0.377691
0.372350
0.093963
0.998505
0.149783
0.402053
0.315471
0.339507
0.383647
0.372245
0.372649
0.369838
0.998505
0.049191
0.370901
0.374560
0.373123
0.067637
0.686759
0.068751
0.369377
0.685616
0.054576
0.421946
0.681117
0.076368
0.338138
0.341845
0.671224
0.034543
0.377201
0.712174
0.110534
0.069201
0.364602
0.691386
0.678592
0.676735
0.690955
0.686844
0.053713
0.050687
0.047783
0.045310
0.045313
0.048477
0.362940
0.358826
0.998505
0.361251
0.034187
0.679516
0.040994
0.998505
0.680352
0.362468
0.362907
0.049736
0.049915
0.363563
0.361989
0.680286
0.362136
0.365387
0.684263
0.381241
0.392537
0.061596
0.340636
0.998505
0.280132
0.410699
0.346138
0.048802
0.998505
0.352817
0.075288
0.059960
0.100746
0.384346
0.743381
0.346948
0.046041
0.684514
0.056710
0.606437
0.400250
0.095864
0.375639
0.998505
0.079722
0.694585
0.374757
0.094030
0.689943
0.688285
0.064347
0.684148
0.061611
0.074034
0.686504
0.370095
0.012641
0.695746
0.691954
0.386979
0.692886
0.691687
0.386250
0.385856
0.998505
0.073688
0.364314
0.374311
0.352790
0.674466
0.356534
0.368474
0.056820
0.998505
0.685767
0.692843
0.680494
0.054157
0.366462
0.364290
0.381560
0.065496
0.998505
0.693553
0.376857
0.367536
0.066383
0.057819
0.998505
0.099311
0.998505
0.725629
0.130244
0.359340
0.068121
0.374056
0.998505
0.054036
0.998505
0.365844
0.078804
0.678862
0.730355
0.708356
0.136224
0.150552
0.046223
0.745539
0.355303
0.375690
0.064608
0.072797
0.074503
0.077088
0.381878
0.684992
0.686401
0.053971
0.050272
0.684849
0.687454
0.997949
0.064575
0.386103
0.372516
0.997949
0.042686
0.997949
0.044736
0.364203
0.366675
0.052826
0.348559
0.420241
0.997960
0.103548
0.683614
0.066984
0.056535
0.681092
0.361711
0.053545
0.379071
0.076151
0.074982
0.068839
0.061881
0.372318
0.370413
0.684193
0.369476
0.055320
0.370196
0.997960
0.370788
0.997960
0.370921
0.370608
0.684421
0.370587
0.369170
0.372778
0.061889
0.997960
0.370337
0.685009
0.678495
0.071815
0.997960
0.378401
0.377155
0.685215
0.387039
0.053232
0.377726
0.997526
0.385366
0.697087
0.669816
0.044982
0.084878
0.090815
0.401114
0.384842
0.378236
0.686508
0.382307
0.120859
0.320649
0.379504
0.688337
0.687519
0.086255
0.995841
0.372167
0.051599
0.052803
0.066652
0.082341
0.085251
0.389160
0.390730
0.119027
0.695803
0.103769
0.998505
0.094433
0.064746
0.023616
0.125858
0.998505
0.083507
0.121221
0.429155
0.746925
0.098509
0.392840
0.282306
0.370191
0.394163
0.067769
0.369227
0.111857
0.058702
0.053400
0.053792
0.998505
0.373189
0.064873
0.690232
0.004847
0.427691
0.417281
0.298294
0.053549
0.338185
0.355521
0.343376
0.675217
0.362102
0.095292
0.155877
0.365303
0.077421
0.998505
0.364602
0.041651
0.091721
0.077019
0.071203
0.377492
0.372020
0.369650
0.048040
0.682095
0.046843
0.679856
0.681192
0.034561
0.026613
0.025575
0.036891
0.035412
0.036107
0.040335
0.358633
0.043038
0.998505
0.049592
0.682639
0.363879
0.998505
0.680286
0.364266
0.059002
0.375269
0.382412
0.385406
0.372590
0.090585
0.343848
0.313285
0.419090
0.101266
0.007745
0.694671
0.998505
0.382328
0.072399
0.998505
0.049805
0.348277
0.042247
0.369149
0.056658
0.032764
0.374751
0.696483
0.694419
0.371870
0.085604
0.367218
0.688360
0.361802
0.070941
0.689943
0.048852
0.679576
0.056474
0.092114
0.690472
0.377129
0.030109
0.073788
0.384380
0.077273
0.077429
0.072743
0.691498
0.388277
0.391498
0.077894
0.076702
0.062026
0.039598
0.352458
0.034850
0.066368
0.378618
0.054800
0.079252
0.363574
0.365042
0.998505
0.037634
0.082030
0.735776
0.399720
0.066559
0.691018
0.382585
0.366174
0.353846
0.057773
0.053754
0.411157
0.725629
0.489724
0.046361
0.064753
0.084353
0.059028
0.369552
0.683143
0.049358
0.366175
0.053108
0.089883
0.387744
0.999169
0.147141
0.136289
0.998863
0.414769
0.063235
0.375163
0.997526
0.068045
0.378789
0.692209
0.384546
0.372205
0.048746
0.046006
0.366671
0.055074
0.061635
0.065517
0.383609
0.384923
0.065016
0.049060
0.043973
0.040165
0.040536
0.044120
0.043958
0.323861
0.335516
0.673352
0.745786
0.004752
0.371678
0.684220
0.681092
0.681676
0.045064
0.368356
0.684017
0.068464
0.997960
0.071936
0.686005
0.684854
0.684770
0.370787
0.055653
0.369747
0.683900
0.056196
0.056802
0.370856
0.370466
0.997960
0.370231
0.369598
0.683063
0.058721
0.997960
0.060673
0.997960
0.053895
0.074139
0.122594
0.053205
0.056743
0.370599
0.071508
0.693348
0.686868
0.997526
0.377726
0.043301
0.355156
0.356680
0.057507
0.675085
0.397659
0.099366
0.108720
0.312322
0.354082
0.080439
0.125279
0.087749
0.095061
0.384444
0.688337
0.068038
0.681254
0.053791
0.066819
0.372096
0.376146
0.685961
0.072674
0.087881
0.087372
0.387311
0.998505
0.082769
0.395120
0.079196
0.338695
0.114502
0.700260
0.389921
0.070762
0.082421
0.129653
0.086085
0.381032
0.383265
0.323265
0.666408
0.039950
0.291337
0.415082
0.413458
0.685920
0.681582
0.998505
0.367252
0.058131
0.376426
0.374235
0.374726
0.311290
0.434243
0.394285
0.310141
0.349004
0.672945
0.042591
0.362102
0.391975
0.391555
0.998505
0.087736
0.368580
0.063075
0.363421
0.699497
0.129100
0.087304
0.693658
0.692445
0.688550
0.376576
0.056779
0.683899
0.046467
0.998505
0.039116
0.354264
0.352015
0.352487
0.355451
0.356954
0.351751
0.351363
0.034713
0.364919
0.681715
0.364335
0.366953
0.048399
0.045670
0.044602
0.363227
0.366637
0.064843
0.698708
0.123435
0.368695
0.368199
0.135530
0.675583
0.702900
0.042377
0.051532
0.095064
0.401339
0.438935
0.062896
0.687943
0.675729
0.687188
0.054856
0.370992
0.683889
0.998505
0.054416
0.074371
0.082987
0.690448
0.075705
0.684824
0.038951
0.293411
0.342473
0.280993
0.131040
0.275239
0.315663
0.998697
0.716981
0.365251
0.998505
0.673283
0.073800
0.998505
0.060485
0.998505
0.380633
0.388276
0.083149
0.363817
0.069277
0.688486
0.371255
0.041688
0.353762
0.360039
0.380030
0.370614
0.114514
0.045218
0.059671
0.053749
0.068875
0.394728
0.135857
0.998505
0.010299
0.389432
0.121821
0.095521
0.054442
0.054176
0.052007
0.049092
0.102858
0.367160
0.998505
0.684576
0.064447
0.998505
0.368527
0.367422
0.054079
0.370309
0.683254
0.062548
0.701744
0.089377
0.400514
0.059459
0.745581
0.371179
0.061107
0.686487
0.373579
0.058188
0.689940
0.385485
0.069624
0.067230
0.363654
0.680736
0.683065
0.683046
0.057659
0.370282
0.372599
0.997949
0.057611
0.364776
0.681140
0.045321
0.680501
0.043814
0.341884
0.333762
0.674620
0.011085
0.034951
0.091790
0.094159
0.069673
0.056924
0.997960
0.045513
0.366315
0.997960
0.061858
0.069752
0.375352
0.063388
0.372610
0.684099
0.998165
0.055173
0.369328
0.998165
0.369399
0.683960
0.056545
0.056573
0.370257
0.369331
0.367725
0.365934
0.679082
0.373489
0.066485
0.373360
0.702981
0.997960
0.702981
0.693815
0.687121
0.112789
0.135286
0.421481
0.693348
0.407632
0.379317
0.082923
0.341583
0.683859
0.997526
0.683859
0.116113
0.319671
0.067969
0.117883
0.015949
0.675762
0.357208
0.363878
0.997526
0.379696
0.376485
0.079267
0.371951
0.688129
0.687883
0.375330
0.371202
0.686851
0.075555
0.617694
0.151092
0.073455
0.695803
0.384352
0.066205
0.379575
0.381424
0.077277
0.104326
0.075929
0.687020
0.369559
0.069400
0.998505
0.076371
0.691019
0.073746
0.239778
0.418981
0.669601
0.334012
0.998505
0.103292
0.685920
0.371416
0.359467
0.042638
0.057484
0.061092
0.374052
0.379630
0.688941
0.057522
0.386994
0.392335
0.688813
0.067914
0.359622
0.698222
0.998505
0.086241
0.059376
0.676598
0.057126
0.078378
0.692505
0.028813
0.692675
0.696303
0.383703
0.073995
0.072264
0.375358
0.368908
0.682566
0.043480
0.359420
0.034696
0.998505
0.676280
0.677313
0.359306
0.032905
0.680682
0.046985
0.361268
0.680676
0.045329
0.998505
0.367424
0.366283
0.365047
0.680962
0.370955
0.998505
0.687694
0.381943
0.425013
0.372164
0.431669
0.277372
0.078954
0.327540
0.025063
0.399919
0.998505
0.378809
0.378013
0.076420
0.080352
0.065034
0.055478
0.072735
0.372469
0.683889
0.067554
0.382360
0.382369
0.684895
0.076778
0.126643
0.223882
0.314739
0.331049
0.737134
0.211294
0.080606
0.470577
0.717173
0.138121
0.079588
0.061225
0.071476
0.070268
0.690165
0.372499
0.048191
0.046971
0.362765
0.394921
0.381199
0.383360
0.382394
0.377342
0.054052
0.684399
0.681702
0.374110
0.053583
0.998505
0.046951
0.682815
0.683558
0.099957
0.998505
0.705983
0.036368
0.998505
0.340441
0.050813
0.998505
0.682227
0.682035
0.681932
0.369456
0.039155
0.367967
0.371308
0.687337
0.373315
0.364179
0.365315
0.053442
0.683804
0.058872
0.060590
0.061423
0.689910
0.687029
0.373935
0.052357
0.054837
0.055998
0.684861
0.373316
0.370495
0.048544
0.374516
0.065826
0.373197
0.368638
0.680148
0.046796
0.051440
0.683230
0.368748
0.367199
0.366294
0.371117
0.049391
0.364435
0.681138
0.047119
0.680858
0.045750
0.353049
0.354816
0.997949
0.017483
0.371783
0.400064
0.317379
0.364621
0.682894
0.681676
0.365192
0.682395
0.684017
0.055131
0.371798
0.684056
0.058456
0.057410
0.055388
0.054466
0.368692
0.368909
0.054892
0.998165
0.055494
0.369674
0.369708
0.369582
0.051983
0.046152
0.038379
0.042491
0.372510
0.085412
0.339577
0.392927
0.379447
0.378536
0.687555
0.054816
0.048591
0.036331
0.235896
0.718290
0.129275
0.388183
0.061056
0.686019
0.060279
0.683859
0.065470
0.407028
0.997526
0.365137
0.301184
0.060572
0.997526
0.358156
0.057661
0.387128
0.074038
0.060901
0.394514
0.367060
0.375000
0.063739
0.369627
0.372956
0.689703
0.000073
0.430471
0.998505
0.436195
0.076663
0.390849
0.080209
0.998505
0.689461
0.691890
0.397589
0.381560
0.687907
0.998505
0.378545
0.377921
0.388951
0.383682
0.378556
0.379650
0.299100
0.331311
0.289823
0.109277
0.399878
0.370863
0.354930
0.037624
0.998505
0.678336
0.064988
0.050678
0.057638
0.067588
0.073246
0.056851
0.076089
0.398653
0.060008
0.055323
0.077986
0.078777
0.998505
0.058180
0.998505
0.062535
0.689350
0.378588
0.051897
0.073452
0.387871
0.077785
0.381160
0.079791
0.378370
0.998505
0.685887
0.044842
0.998505
0.678642
0.040587
0.043189
0.048707
0.048989
0.364284
0.689025
0.062245
0.692439
0.042547
0.998505
0.363948
0.683734
0.683259
0.682645
0.049087
0.048547
0.053231
0.063344
0.045087
0.678773
0.382690
0.072788
0.133572
0.676899
0.335986
0.054142
0.691764
0.091500
0.396427
0.359575
0.367921
0.389785
0.374528
0.064659
0.689347
0.375643
0.378074
0.383242
0.382406
0.375152
0.393002
0.142484
0.998505
0.181371
0.998505
0.426495
0.684588
0.402794
0.318036
0.141504
0.446154
0.998505
0.696154
0.686852
0.690163
0.047987
0.057134
0.683750
0.366831
0.366377
0.058494
0.407836
0.361325
0.423999
0.691025
0.689842
0.375209
0.371328
0.059566
0.054656
0.681125
0.048819
0.051940
0.998505
0.056713
0.082800
0.090451
0.402634
0.433611
0.609893
0.003404
0.364161
0.363597
0.045497
0.681932
0.047075
0.371178
0.391990
0.282472
0.389454
0.117071
0.358754
0.043792
0.362662
0.051935
0.056911
0.059948
0.685121
0.997526
0.373288
0.062933
0.370684
0.051968
0.997526
0.368040
0.067184
0.068219
0.065898
0.055278
0.369511
0.683004
0.683612
0.997526
0.053423
0.682711
0.683230
0.997526
0.053945
0.681199
0.681398
0.997949
0.047834
0.681138
0.997949
0.047225
0.997949
0.046980
0.681666
0.055960
0.057346
0.052236
0.388945
0.623054
0.675632
0.997960
0.051513
0.682894
0.047654
0.363195
0.050004
0.367777
0.684056
0.997960
0.054332
0.682680
0.053291
0.367761
0.682940
0.053479
0.998165
0.368953
0.683500
0.369247
0.369357
0.369068
0.683293
0.681962
0.365549
0.997960
0.386752
0.072943
0.691509
0.020926
0.701856
0.343234
0.370411
0.055034
0.997526
0.113219
0.699207
0.491835
0.071339
0.683025
0.371486
0.364812
0.049979
0.387911
0.997526
0.128134
0.701432
0.307563
0.683234
0.028424
0.675762
0.676831
0.058525
0.997526
0.694834
0.697533
0.382584
0.362930
0.370783
0.684385
0.684610
0.689703
0.998505
0.312697
0.070682
0.437686
0.047454
0.696743
0.998505
0.095432
0.077060
0.086194
0.397589
0.695809
0.078360
0.376909
0.069599
0.070988
0.065508
0.183757
0.045331
0.056884
0.072411
0.064394
0.363200
0.406893
0.618727
0.477430
0.006463
0.678578
0.348048
0.039475
0.059895
0.065469
0.998505
0.073117
0.688357
0.998505
0.073052
0.380723
0.068397
0.682809
0.054120
0.353504
0.677057
0.064130
0.379054
0.050116
0.058676
0.998505
0.689350
0.687052
0.369038
0.066550
0.066269
0.689641
0.383936
0.071785
0.373952
0.057386
0.049264
0.678642
0.042495
0.050522
0.684166
0.369382
0.053092
0.374574
0.691178
0.086687
0.689883
0.048665
0.679783
0.365649
0.371199
0.368507
0.053173
0.683249
0.046183
0.680247
0.358599
0.359273
0.059593
0.681496
0.699176
0.290129
0.091431
0.682864
0.064810
0.998505
0.374872
0.065302
0.685677
0.374273
0.365004
0.046215
0.439834
0.081243
0.382113
0.381371
0.998505
0.075313
0.416914
0.412341
0.693522
0.747528
0.006993
0.084498
0.052643
0.693274
0.070744
0.665653
0.034656
0.697904
0.061392
0.084933
0.071357
0.053400
0.037840
0.369858
0.998505
0.371519
0.682999
0.381855
0.395302
0.434384
0.641527
0.080189
0.067521
0.687102
0.373329
0.369948
0.366416
0.362782
0.362189
0.364740
0.048102
0.361909
0.681823
0.385809
0.368429
0.370312
0.380081
0.998505
0.024975
0.047753
0.359844
0.679593
0.679294
0.099502
0.612766
0.072878
0.745068
0.684842
0.047385
0.998505
0.362711
0.052013
0.370147
0.370972
0.371583
0.058694
0.058821
0.058757
0.058144
0.056590
0.683755
0.373387
0.069521
0.687575
0.685221
0.058120
0.052032
0.046918
0.045994
0.365772
0.367984
0.367701
0.368827
0.683230
0.054671
0.365545
0.364108
0.681398
0.047809
0.364511
0.364316
0.362000
0.047595
0.681666
0.997949
0.055655
0.374046
0.684806
0.060719
0.399128
0.321229
0.374491
0.380878
0.367468
0.361464
0.362250
0.681934
0.682591
0.683804
0.053412
0.366738
0.682101
0.366921
0.051732
0.682641
0.368014
0.683453
0.368573
0.368950
0.683437
0.369093
0.054296
0.367352
0.050960
0.052712
0.072972
0.075570
0.074390
0.081210
0.068879
0.042832
0.061568
0.373430
0.372296
0.368491
0.066068
0.997526
0.079838
0.381791
0.080563
0.683316
0.053754
0.379691
0.387562
0.394658
0.689658
0.381733
0.377754
0.042694
0.028271
0.676831
0.040852
0.054683
0.399178
0.125802
0.382584
0.997526
0.038822
0.051244
0.052742
0.040368
0.380918
0.312697
0.998505
0.326224
0.405854
0.091697
0.697166
0.399250
0.702050
0.400725
0.085937
0.392211
0.998505
0.077667
0.068162
0.377734
0.377989
0.436533
0.280278
0.251051
0.998505
0.673605
0.686903
0.042339
0.675332
0.415227
0.312982
0.057395
0.998505
0.354200
0.048025
0.998505
0.083957
0.095588
0.684980
0.374217
0.061996
0.378594
0.376076
0.369138
0.680044
0.024026
0.354397
0.361309
0.998505
0.369520
0.373486
0.376412
0.382967
0.059490
0.050212
0.366037
0.055615
0.684727
0.375290
0.378279
0.066846
0.372544
0.685112
0.684709
0.048331
0.048843
0.681923
0.366480
0.367804
0.362899
0.059028
0.609907
0.072332
0.691215
0.063928
0.045538
0.045693
0.072453
0.055478
0.370907
0.054038
0.051605
0.683172
0.039548
0.998505
0.678818
0.367230
0.366557
0.054477
0.369987
0.998505
0.075661
0.691764
0.067999
0.688401
0.378223
0.369132
0.061999
0.399370
0.694803
0.382048
0.052968
0.011027
0.369862
0.117122
0.136878
0.998505
0.104997
0.078349
0.390657
0.330668
0.998505
0.624829
0.110005
0.642269
0.032931
0.338753
0.013128
0.998505
0.065954
0.683767
0.051754
0.684720
0.057302
0.374949
0.064198
0.384079
0.390066
0.396634
0.117450
0.998505
0.034411
0.685481
0.998505
0.685481
0.683517
0.681007
0.679321
0.679568
0.363997
0.998505
0.054528
0.073065
0.377682
0.383724
0.368673
0.020099
0.286027
0.048501
0.683455
0.048845
0.367584
0.365127
0.059388
0.063174
0.684842
0.056442
0.046125
0.680457
0.366200
0.053544
0.683956
0.370080
0.370091
0.997526
0.684084
0.683935
0.057758
0.684254
0.685745
0.375929
0.064014
0.376201
0.683936
0.997526
0.048132
0.679040
0.678203
0.358791
0.047416
0.365934
0.368312
0.683643
0.053787
0.050760
0.364276
0.363987
0.997949
0.046955
0.361902
0.680964
0.683028
0.367485
0.053060
0.684492
0.684795
0.997960
0.370612
0.370643
0.378919
0.392162
0.082439
0.374277
0.363625
0.362531
0.364541
0.049958
0.366424
0.050762
0.682101
0.682202
0.997960
0.366678
0.998165
0.052245
0.683034
0.368149
0.368499
0.054132
0.683470
0.683489
0.053162
0.060791
0.688328
0.078844
0.696558
0.388552
0.389598
0.378633
0.371633
0.371893
0.059273
0.056618
0.052684
0.050595
0.064354
0.069865
0.706112
0.075617
0.682384
0.373260
0.371213
0.086966
0.398616
0.697717
0.084317
0.062456
0.684523
0.049542
0.042017
0.353769
0.365501
0.081539
0.105820
0.054151
0.116428
0.681498
0.680320
0.998505
0.039239
0.073959
0.410724
0.028911
0.708280
0.333955
0.088411
0.404994
0.702050
0.104708
0.998505
0.143356
0.117140
0.084242
0.384488
0.376946
0.375916
0.376649
0.321241
0.250798
0.401060
0.060571
0.075864
0.302671
0.672621
0.032043
0.315959
0.121659
0.364673
0.072974
0.366777
0.028883
0.301342
0.140537
0.998505
0.084053
0.367536
0.998505
0.369951
0.684833
0.998505
0.367555
0.035400
0.091743
0.599999
0.024113
0.054201
0.998505
0.687449
0.062230
0.998505
0.682046
0.681703
0.051116
0.686442
0.998505
0.373120
0.062942
0.686457
0.373880
0.369210
0.683858
0.049266
0.998505
0.363946
0.363773
0.045616
0.291701
0.998505
0.302618
0.998505
0.066190
0.369780
0.358430
0.368932
0.371009
0.366356
0.364928
0.044117
0.998505
0.375344
0.032874
0.360614
0.678182
0.092067
0.067363
0.689108
0.063955
0.077386
0.067833
0.684723
0.373162
0.368312
0.371358
0.084513
0.428961
0.087081
0.693787
0.379717
0.021871
0.688671
0.084591
0.402635
0.094898
0.397752
0.998505
0.089170
0.998505
0.330668
0.405372
0.358798
0.663542
0.013463
0.682910
0.066834
0.386624
0.070621
0.686559
0.056156
0.998505
0.684720
0.685948
0.075915
0.998505
0.692638
0.431575
0.249102
0.067371
0.072733
0.064464
0.373629
0.059288
0.366625
0.361374
0.358763
0.047447
0.045456
0.681135
0.679006
0.362782
0.383314
0.058713
0.064721
0.002071
0.368409
0.056574
0.368056
0.998505
0.366143
0.370847
0.054253
0.998505
0.055714
0.998505
0.053001
0.682990
0.053889
0.054503
0.369433
0.683533
0.997526
0.370091
0.054993
0.368818
0.683603
0.369022
0.369507
0.060185
0.373232
0.372576
0.370924
0.052821
0.362289
0.042811
0.046893
0.055449
0.684735
0.368110
0.366426
0.682923
0.051246
0.997526
0.049347
0.364816
0.681078
0.044727
0.357648
0.362633
0.051184
0.055433
0.684235
0.369344
0.055921
0.684795
0.053596
0.368444
0.368557
0.367471
0.372324
0.070934
0.056157
0.050632
0.365360
0.681794
0.997960
0.049335
0.049117
0.365930
0.682202
0.050389
0.682437
0.366933
0.367281
0.367605
0.367967
0.682936
0.368784
0.368886
0.368862
0.058538
0.997960
0.688328
0.083332
0.689339
0.684041
0.997960
0.370083
0.997526
0.057156
0.369278
0.369055
0.367438
0.043345
0.114180
0.702263
0.437955
0.363489
0.368465
0.392432
0.104582
0.696377
0.404291
0.703308
0.687983
0.054568
0.370637
0.365566
0.045251
0.997526
0.364917
0.365072
0.675295
0.704520
0.045847
0.367994
0.363633
0.998505
0.379383
0.100157
0.413746
0.998505
0.003455
0.005969
0.383719
0.080426
0.063487
0.085595
0.136844
0.998505
0.719483
0.076373
0.686906
0.687037
0.689713
0.673352
0.420612
0.400177
0.998505
0.697265
0.093083
0.613309
0.704123
0.496653
0.014513
0.052296
0.050037
0.014809
0.613110
0.409769
0.047755
0.708145
0.070323
0.351745
0.681061
0.048699
0.373599
0.053431
0.360021
0.425598
0.698904
0.143837
0.668451
0.362056
0.061611
0.078433
0.074398
0.366969
0.050300
0.050238
0.051778
0.370634
0.057884
0.060171
0.687365
0.375487
0.375110
0.058919
0.055195
0.367570
0.047841
0.044807
0.681315
0.045028
0.698141
0.609907
0.387917
0.376571
0.367737
0.386763
0.364850
0.364185
0.366141
0.363788
0.361540
0.047185
0.060087
0.686388
0.371444
0.024918
0.022587
0.341310
0.362946
0.013616
0.681697
0.067688
0.369132
0.998505
0.367985
0.052726
0.685581
0.052785
0.387708
0.390830
0.681771
0.998505
0.681771
0.059248
0.386099
0.688695
0.072924
0.074035
0.088517
0.110701
0.091524
0.110923
0.128519
0.120051
0.370920
0.368690
0.998505
0.366907
0.056799
0.685173
0.059620
0.685512
0.055843
0.052935
0.057385
0.073869
0.387567
0.087265
0.385407
0.456513
0.118561
0.684052
0.063760
0.998505
0.686652
0.368464
0.361721
0.045665
0.998505
0.050659
0.679006
0.043355
0.998505
0.055155
0.699286
0.692280
0.998505
0.092287
0.346564
0.368873
0.367973
0.052093
0.683557
0.052068
0.368189
0.052560
0.683161
0.055115
0.684200
0.682709
0.053687
0.368590
0.052788
0.683533
0.369000
0.052847
0.366851
0.682606
0.367067
0.368103
0.058955
0.374173
0.373069
0.371119
0.997526
0.369215
0.051124
0.375746
0.688509
0.070286
0.375152
0.685054
0.056009
0.116282
0.681892
0.047470
0.046745
0.681344
0.036490
0.353750
0.359129
0.365141
0.683812
0.997949
0.370335
0.053611
0.049905
0.048076
0.048719
0.049376
0.367287
0.683491
0.683655
0.682878
0.682286
0.366702
0.365736
0.049517
0.048805
0.997960
0.048560
0.048747
0.365294
0.049254
0.049712
0.050014
0.050267
0.050848
0.052073
0.053646
0.054770
0.054905
0.372080
0.376277
0.071547
0.380873
0.081073
0.067770
0.371913
0.059646
0.044875
0.997526
0.368370
0.054124
0.685598
0.683142
0.070429
0.154978
0.004280
0.071829
0.065292
0.087516
0.408006
0.073524
0.408523
0.378617
0.373993
0.684442
0.683228
0.363511
0.997526
0.045815
0.360689
0.679890
0.388684
0.086593
0.998505
0.368215
0.373385
0.370441
0.070062
0.998505
0.694542
0.413746
0.392567
0.288442
0.072598
0.998505
0.389093
0.998505
0.697979
0.434379
0.432945
0.051542
0.375353
0.374812
0.373314
0.374039
0.701417
0.695832
0.087740
0.389117
0.385968
0.704123
0.440526
0.063041
0.053438
0.998505
0.677448
0.679220
0.666306
0.319603
0.998505
0.122242
0.428447
0.319491
0.361031
0.374905
0.372635
0.682006
0.686029
0.998505
0.132558
0.707764
0.436337
0.343356
0.393495
0.368866
0.400075
0.077468
0.370364
0.056460
0.690501
0.387811
0.061188
0.998505
0.065619
0.688733
0.377348
0.375383
0.372437
0.368693
0.366068
0.365551
0.365356
0.047845
0.095511
0.424657
0.433183
0.067780
0.367009
0.372109
0.691941
0.687133
0.363400
0.362721
0.363701
0.360876
0.048813
0.369058
0.998505
0.037572
0.678714
0.016962
0.673252
0.022325
0.678510
0.048714
0.681344
0.051212
0.364153
0.362954
0.060627
0.686387
0.384279
0.092371
0.070728
0.068648
0.673676
0.077578
0.377378
0.689252
0.002316
0.671446
0.085536
0.412349
0.113866
0.701804
0.675513
0.083602
0.687103
0.050788
0.366110
0.369204
0.056158
0.683685
0.372258
0.057555
0.998505
0.052930
0.685516
0.374837
0.381926
0.382783
0.385149
0.127768
0.057695
0.998505
0.060871
0.686652
0.072608
0.079242
0.367780
0.116264
0.077598
0.073309
0.362505
0.348490
0.306985
0.050325
0.067570
0.399319
0.069166
0.035226
0.336462
0.370696
0.365955
0.048891
0.682552
0.050132
0.051210
0.998505
0.052431
0.053552
0.683687
0.050192
0.050137
0.366461
0.997526
0.366840
0.052863
0.682345
0.366735
0.051534
0.366027
0.367668
0.060237
0.374446
0.374142
0.372142
0.369215
0.997526
0.054253
0.997526
0.068891
0.997526
0.087198
0.314325
0.097634
0.697267
0.430394
0.047310
0.680546
0.680738
0.030975
0.339751
0.356085
0.682939
0.369394
0.683812
0.054477
0.049803
0.364018
0.363594
0.680336
0.046354
0.048204
0.050319
0.052495
0.053827
0.053558
0.052935
0.052167
0.367043
0.366011
0.681412
0.048046
0.681261
0.680983
0.047557
0.997960
0.681371
0.681382
0.681421
0.681679
0.682289
0.368376
0.369594
0.058491
0.685997
0.685909
0.687701
0.382913
0.382260
0.049321
0.370715
0.382962
0.054382
0.997526
0.682522
0.683199
0.369537
0.693589
0.396139
0.691924
0.683211
0.685072
0.683211
0.366382
0.383311
0.382863
0.062274
0.684442
0.369498
0.366750
0.040805
0.360788
0.997526
0.679129
0.362731
0.373347
0.667974
0.078188
0.075347
0.066398
0.064271
0.069136
0.694542
0.006876
0.397466
0.288454
0.353472
0.079045
0.071484
0.686414
0.387151
0.088216
0.139997
0.072507
0.377120
0.059160
0.372229
0.377591
0.057109
0.372926
0.393568
0.690188
0.084779
0.693956
0.386488
0.069264
0.688257
0.061331
0.362536
0.365722
0.348606
0.291148
0.421782
0.704998
0.334408
0.052841
0.059756
0.058014
0.374051
0.054594
0.368467
0.370189
0.686029
0.087188
0.693377
0.360851
0.692747
0.688808
0.058199
0.379177
0.400984
0.073294
0.383322
0.408087
0.631772
0.092495
0.069774
0.689680
0.688652
0.067638
0.686863
0.372296
0.368964
0.366215
0.366737
0.366310
0.362758
0.099674
0.702103
0.111092
0.357171
0.366630
0.372825
0.060531
0.363400
0.681729
0.998505
0.051144
0.365942
0.367494
0.371756
0.056473
0.053269
0.680009
0.035527
0.677149
0.350903
0.035714
0.363861
0.681338
0.364361
0.048226
0.049865
0.684301
0.372987
0.686387
0.385280
0.088829
0.690949
0.369504
0.000755
0.689252
0.313110
0.358986
0.998505
0.056532
0.998505
0.013527
0.039796
0.998505
0.054917
0.687800
0.375957
0.065859
0.695958
0.391985
0.434719
0.382960
0.376538
0.060474
0.371318
0.998505
0.685516
0.688397
0.363867
0.078816
0.065362
0.690686
0.055423
0.050091
0.062816
0.080693
0.684783
0.013915
0.088941
0.442734
0.998505
0.061186
0.309376
0.059910
0.688292
0.998505
0.082516
0.682001
0.428032
0.058610
0.381440
0.048492
0.681791
0.048753
0.365830
0.682656
0.682843
0.682656
0.051777
0.365986
0.998505
0.364131
0.045228
0.681386
0.364612
0.052547
0.682519
0.052771
0.997526
0.367370
0.059182
0.374891
0.374287
0.373912
0.060541
0.370831
0.368607
0.997526
0.368721
0.370823
0.083401
0.088191
0.374088
0.697267
0.997526
0.382344
0.045436
0.363872
0.680546
0.049263
0.340658
0.351659
0.362991
0.052098
0.051751
0.050130
0.680425
0.680656
0.680336
0.362285
0.362337
0.681656
0.682613
0.683411
0.683982
0.684046
0.997960
0.056612
0.682525
0.997960
0.049269
0.364239
0.364249
0.997960
0.363682
0.046766
0.046498
0.046356
0.046757
0.048535
0.050837
0.053333
0.683726
0.058612
0.685921
0.375737
0.071824
0.690503
0.380711
0.376009
0.372907
0.060945
0.368010
0.367010
0.051595
0.369946
0.380005
0.380533
0.100560
0.332761
0.081325
0.679896
0.377581
0.378624
0.690386
0.069924
0.685400
0.062445
0.369931
0.046938
0.359605
0.677744
0.045909
0.048308
0.052417
0.340079
0.306479
0.412691
0.690176
0.687537
0.688019
0.998505
0.380794
0.053377
0.678324
0.687234
0.998505
0.379926
0.673187
0.382020
0.691130
0.692848
0.083841
0.311686
0.063841
0.372218
0.685132
0.052619
0.998505
0.055248
0.380284
0.687607
0.079733
0.694304
0.074022
0.686308
0.064278
0.369322
0.371318
0.069992
0.061852
0.044813
0.358423
0.040648
0.039090
0.046406
0.369280
0.368142
0.053262
0.362495
0.048643
0.366348
0.377929
0.998505
0.086447
0.998505
0.051155
0.998505
0.377365
0.683098
0.389991
0.081518
0.391902
0.320257
0.998505
0.324945
0.998505
0.691678
0.071867
0.064121
0.669018
0.303385
0.350120
0.365365
0.049591
0.998505
0.055843
0.387581
0.684204
0.998505
0.344160
0.279706
0.682502
0.392436
0.116559
0.049538
0.052760
0.371794
0.060467
0.998505
0.388038
0.365364
0.387256
0.368353
0.041981
0.680230
0.037908
0.362651
0.363814
0.998505
0.048701
0.682241
0.052455
0.687055
0.372948
0.075100
0.088938
0.391780
0.068539
0.688163
0.030918
0.068300
0.691828
0.072702
0.043426
0.687939
0.393847
0.361254
0.373978
0.056086
0.378062
0.688274
0.687800
0.078307
0.998505
0.695958
0.401847
0.689453
0.998505
0.069120
0.059866
0.685516
0.377073
0.382208
0.386661
0.049474
0.690686
0.998505
0.383533
0.358330
0.369839
0.998505
0.687828
0.037245
0.415762
0.998505
0.129928
0.384432
0.064589
0.091845
0.686715
0.077559
0.998505
0.377653
0.711063
0.132343
0.369630
0.048409
0.681717
0.364987
0.049270
0.682321
0.366550
0.052110
0.051566
0.365446
0.681585
0.362780
0.041441
0.363723
0.681378
0.051713
0.054037
0.368653
0.682821
0.056534
0.061927
0.375050
0.061381
0.060203
0.685068
0.372388
0.370034
0.683075
0.055915
0.368200
0.057560
0.374431
0.382864
0.672503
0.074517
0.050606
0.362104
0.679760
0.047894
0.378970
0.373616
0.361112
0.053578
0.682029
0.681291
0.680395
0.363494
0.046591
0.362392
0.679603
0.680175
0.364377
0.366999
0.682613
0.368742
0.058414
0.371353
0.684463
0.056550
0.053693
0.050847
0.048624
0.363864
0.363682
0.997960
0.680660
0.362810
0.362693
0.046818
0.997960
0.681445
0.367945
0.684702
0.997960
0.684702
0.375845
0.687812
0.383012
0.692023
0.687244
0.685121
0.371424
0.367386
0.365681
0.681082
0.055305
0.062086
0.066601
0.388018
0.066685
0.072131
0.997526
0.061526
0.690386
0.076753
0.074648
0.376176
0.997526
0.371751
0.048265
0.051141
0.049962
0.997526
0.682493
0.684238
0.314963
0.421372
0.410881
0.088038
0.073249
0.376811
0.071638
0.384227
0.384054
0.361667
0.369932
0.072031
0.080614
0.691197
0.031767
0.059322
0.369555
0.064752
0.380986
0.692863
0.998505
0.064701
0.367904
0.686953
0.069391
0.372023
0.998505
0.076775
0.386869
0.688638
0.071236
0.055787
0.027185
0.069660
0.371709
0.388417
0.370197
0.041754
0.361600
0.363275
0.683562
0.683613
0.682743
0.680136
0.679602
0.681124
0.682203
0.049713
0.376546
0.367933
0.685946
0.360592
0.051825
0.686955
0.073970
0.387352
0.068273
0.690761
0.387067
0.009215
0.115428
0.056076
0.074236
0.069046
0.668040
0.009135
0.348269
0.692538
0.032134
0.363895
0.049360
0.050968
0.375949
0.702103
0.381474
0.679039
0.658460
0.045270
0.071246
0.015179
0.998505
0.684839
0.685140
0.372124
0.095134
0.054400
0.689802
0.354250
0.082248
0.053202
0.682783
0.044918
0.681682
0.046682
0.047790
0.052085
0.998505
0.054504
0.998505
0.059444
0.377174
0.082578
0.395164
0.688163
0.672131
0.998505
0.058217
0.998505
0.070933
0.369239
0.055406
0.060692
0.684951
0.688272
0.688767
0.688274
0.998505
0.070623
0.998505
0.066047
0.702573
0.424326
0.315659
0.368041
0.688202
0.061333
0.377494
0.383500
0.386470
0.092949
0.998505
0.089796
0.057935
0.400016
0.383960
0.054747
0.051134
0.071426
0.371589
0.998505
0.113734
0.000914
0.404568
0.659993
0.362862
0.355585
0.069133
0.385097
0.123983
0.747127
0.069421
0.366446
0.048325
0.681765
0.365073
0.049779
0.682398
0.051808
0.998505
0.052676
0.682360
0.366389
0.045182
0.359769
0.366509
0.049332
0.997526
0.367999
0.054076
0.370591
0.997526
0.061985
0.061673
0.372007
0.997526
0.059262
0.372532
0.684888
0.058208
0.997526
0.052703
0.359293
0.373125
0.686467
0.375490
0.052378
0.365611
0.048047
0.680409
0.047596
0.361911
0.379283
0.374946
0.683973
0.054412
0.054196
0.365147
0.363847
0.680837
0.363011
0.361449
0.045018
0.048048
0.053228
0.058854
0.062741
0.065082
0.065029
0.063048
0.684747
0.997960
0.371676
0.052568
0.048041
0.363364
0.363095
0.363370
0.363262
0.046620
0.997960
0.364551
0.365828
0.367323
0.055479
0.684702
0.059923
0.063611
0.068656
0.381807
0.377444
0.373679
0.059851
0.684183
0.053084
0.365618
0.365814
0.682224
0.684432
0.687467
0.690677
0.687533
0.361215
0.064052
0.382827
0.384244
0.385555
0.385742
0.073850
0.686594
0.374787
0.057731
0.370961
0.997526
0.368149
0.051318
0.048457
0.069812
0.279034
0.697102
0.689749
0.381309
0.378803
0.998505
0.077944
0.389148
0.386398
0.079308
0.699751
0.998505
0.092348
0.302159
0.998505
0.688930
0.066023
0.104632
0.407008
0.692863
0.073724
0.379578
0.691555
0.061991
0.683127
0.041495
0.017136
0.401285
0.395917
0.079447
0.669315
0.687200
0.681356
0.674125
0.048830
0.682036
0.680752
0.998505
0.365560
0.681658
0.055882
0.370929
0.365652
0.360151
0.361520
0.366291
0.369798
0.366241
0.376600
0.675126
0.050275
0.070316
0.998505
0.686955
0.377279
0.380397
0.687959
0.690761
0.380479
0.386883
0.097111
0.696521
0.057262
0.407138
0.389637
0.695697
0.075995
0.998505
0.365807
0.362457
0.361859
0.040896
0.379013
0.044405
0.006878
0.026611
0.051456
0.998505
0.677982
0.075723
0.053753
0.056741
0.368955
0.065139
0.373906
0.345973
0.350834
0.998505
0.362627
0.055426
0.998505
0.681565
0.048227
0.368409
0.998505
0.369186
0.064947
0.687055
0.383613
0.373131
0.378938
0.088934
0.093159
0.383996
0.066977
0.080488
0.076650
0.690001
0.060743
0.363746
0.363021
0.066059
0.377747
0.379826
0.378176
0.378136
0.065566
0.066199
0.082239
0.368890
0.307418
0.073717
0.048869
0.062154
0.370361
0.070243
0.078242
0.090574
0.071804
0.404609
0.370013
0.395529
0.382137
0.692208
0.365042
0.307521
0.388692
0.068336
0.085469
0.123134
0.998505
0.109261
0.057219
0.050673
0.077210
0.371083
0.084868
0.427499
0.701916
0.047690
0.048166
0.047668
0.048140
0.048859
0.050538
0.052021
0.368566
0.683293
0.055046
0.371242
0.683511
0.058271
0.365792
0.997526
0.053218
0.682191
0.051691
0.368521
0.683634
0.057937
0.060663
0.372202
0.371674
0.371757
0.058413
0.371953
0.684990
0.060486
0.684611
0.060999
0.040015
0.303882
0.686428
0.060970
0.364496
0.365581
0.681278
0.681191
0.047640
0.049018
0.042926
0.051925
0.055232
0.997526
0.055785
0.054346
0.052537
0.365320
0.365131
0.364135
0.681826
0.683199
0.685353
0.375560
0.687703
0.377294
0.068370
0.377428
0.063722
0.060829
0.685980
0.371816
0.052265
0.047933
0.363447
0.997960
0.680861
0.680827
0.364280
0.051168
0.682354
0.368789
0.057993
0.058615
0.997960
0.685316
0.067216
0.997526
0.375869
0.373486
0.684906
0.370244
0.683844
0.366943
0.055051
0.064358
0.118646
0.084874
0.089987
0.086956
0.052061
0.071770
0.076224
0.384209
0.080330
0.384453
0.690307
0.380666
0.066962
0.372969
0.997526
0.370961
0.049923
0.997526
0.679003
0.671435
0.341843
0.402989
0.083965
0.394826
0.080984
0.689637
0.079743
0.391519
0.390144
0.692335
0.363056
0.699751
0.418692
0.011186
0.688930
0.065770
0.088219
0.998505
0.086314
0.386522
0.374041
0.033842
0.092096
0.016751
0.365669
0.017392
0.139538
0.399681
0.401699
0.673485
0.062718
0.023869
0.362820
0.998505
0.038085
0.052589
0.045928
0.363258
0.367547
0.374709
0.077948
0.378832
0.374338
0.053459
0.047904
0.054485
0.064199
0.066966
0.070387
0.072146
0.059051
0.998505
0.373404
0.377736
0.365474
0.689270
0.054184
0.013362
0.408251
0.679645
0.395942
0.998505
0.394922
0.095584
0.320247
0.998505
0.077782
0.375213
0.366571
0.360367
0.359560
0.042619
0.678545
0.352647
0.372980
0.412093
0.367240
0.071848
0.095403
0.693162
0.053515
0.677335
0.368167
0.055854
0.685749
0.029667
0.358269
0.679256
0.051410
0.678837
0.050599
0.049911
0.112663
0.317375
0.685449
0.380529
0.090404
0.422348
0.170332
0.059417
0.672547
0.343550
0.016178
0.678608
0.077808
0.380657
0.379195
0.682357
0.681014
0.998505
0.051725
0.376377
0.072573
0.075012
0.070743
0.687369
0.688367
0.686047
0.685383
0.382120
0.140698
0.466608
0.686615
0.375690
0.998505
0.686660
0.688618
0.690211
0.410166
0.998505
0.133289
0.998505
0.702299
0.043366
0.998505
0.353031
0.617634
0.407155
0.422260
0.441936
0.120645
0.091449
0.998505
0.697455
0.705790
0.695118
0.362350
0.380030
0.364111
0.042502
0.681429
0.364685
0.682115
0.998505
0.365985
0.053358
0.683581
0.055867
0.056980
0.057395
0.686472
0.378073
0.066433
0.684782
0.058753
0.365869
0.367247
0.052190
0.370415
0.059437
0.684979
0.372341
0.684499
0.997526
0.058220
0.371771
0.684852
0.060385
0.685473
0.041396
0.997526
0.405496
0.695245
0.095603
0.106014
0.365235
0.681399
0.048738
0.364081
0.682756
0.681825
0.368336
0.368605
0.053947
0.368244
0.683229
0.056465
0.055628
0.055798
0.056781
0.056921
0.058697
0.062147
0.997960
0.377246
0.069043
0.378856
0.378079
0.687981
0.065425
0.688427
0.066888
0.055856
0.366993
0.049017
0.680861
0.048631
0.364566
0.365887
0.056434
0.059193
0.371822
0.997960
0.372900
0.372859
0.372582
0.064800
0.687311
0.375612
0.377297
0.371987
0.057605
0.369930
0.368745
0.683731
0.380096
0.106669
0.703948
0.696634
0.997526
0.002564
0.688604
0.073984
0.997526
0.385049
0.385705
0.073393
0.378162
0.379933
0.065839
0.685305
0.048952
0.366214
0.363989
0.042118
0.027226
0.047594
0.086095
0.403503
0.405624
0.998505
0.391030
0.079830
0.694441
0.084669
0.388582
0.383600
0.670240
0.047073
0.413098
0.376910
0.998505
0.071312
0.076138
0.066960
0.061479
0.366861
0.998505
0.286678
0.685914
0.372040
0.998505
0.378347
0.047472
0.078067
0.075285
0.998505
0.374731
0.030922
0.040099
0.681098
0.998505
0.361825
0.361928
0.048780
0.064528
0.386633
0.085818
0.381586
0.375690
0.373995
0.066954
0.998505
0.069454
0.696103
0.373665
0.679224
0.044752
0.060421
0.064632
0.371244
0.043392
0.669344
0.004443
0.672483
0.040704
0.131022
0.094735
0.408334
0.036622
0.380355
0.105812
0.694569
0.061101
0.998505
0.035587
0.358302
0.038291
0.998505
0.368949
0.998505
0.688909
0.084616
0.327279
0.370432
0.059810
0.376063
0.374405
0.363831
0.372132
0.374572
0.045675
0.407903
0.077478
0.712592
0.369325
0.372376
0.108070
0.310519
0.400014
0.697123
0.426697
0.103742
0.710106
0.437014
0.099995
0.682811
0.375479
0.021688
0.689106
0.062711
0.688435
0.068269
0.060514
0.053790
0.056283
0.370597
0.998505
0.061077
0.377769
0.376244
0.998505
0.374912
0.371515
0.374258
0.399157
0.417236
0.430602
0.406521
0.063753
0.686660
0.066322
0.690211
0.063811
0.082645
0.424245
0.497460
0.072403
0.689529
0.378636
0.034674
0.998505
0.081104
0.400017
0.392038
0.714397
0.722996
0.122388
0.386332
0.705790
0.383995
0.392945
0.379910
0.366315
0.041375
0.998505
0.043486
0.998505
0.364685
0.365624
0.052079
0.055301
0.370187
0.370303
0.684623
0.998505
0.371622
0.374374
0.382052
0.380322
0.063282
0.367726
0.997526
0.055867
0.056924
0.685284
0.372581
0.684795
0.371700
0.684499
0.058194
0.371701
0.684791
0.060295
0.685417
0.061270
0.352695
0.606163
0.032742
0.076061
0.696627
0.111112
0.055829
0.051497
0.050676
0.053102
0.055247
0.369002
0.367754
0.682102
0.052442
0.368763
0.354697
0.373329
0.686207
0.686431
0.997526
0.067329
0.379268
0.068530
0.688950
0.069963
0.378814
0.378270
0.997960
0.068447
0.997960
0.688427
0.378719
0.056211
0.683952
0.051575
0.367679
0.052685
0.056205
0.684438
0.067073
0.067311
0.685568
0.061752
0.371855
0.370313
0.048818
0.070916
0.064078
0.108705
0.058107
0.374396
0.056028
0.055151
0.057037
0.372944
0.375261
0.035942
0.383214
0.078646
0.354536
0.068252
0.068411
0.070374
0.382707
0.073869
0.688971
0.064243
0.377019
0.997526
0.065319
0.046567
0.359744
0.997526
0.682512
0.684594
0.682974
0.698298
0.998505
0.113467
0.102906
0.097648
0.050968
0.060532
0.076976
0.071631
0.119149
0.054003
0.297335
0.166390
0.039017
0.029882
0.068949
0.381766
0.381833
0.383622
0.064762
0.341145
0.345763
0.292457
0.998505
0.118880
0.013826
0.688884
0.065634
0.998505
0.065250
0.998505
0.071004
0.998505
0.048380
0.052563
0.052539
0.042152
0.683984
0.688741
0.692139
0.998505
0.079850
0.687296
0.376244
0.691221
0.688757
0.127249
0.062397
0.349281
0.998505
0.049466
0.998505
0.366740
0.998505
0.360797
0.032889
0.026354
0.678195
0.342813
0.100181
0.708903
0.413927
0.087965
0.681563
0.067129
0.998505
0.063610
0.679160
0.359463
0.351344
0.677665
0.358612
0.057567
0.128995
0.046815
0.388409
0.343744
0.024619
0.687508
0.369203
0.045531
0.693009
0.375474
0.376330
0.091703
0.422766
0.998505
0.369853
0.712592
0.368287
0.068622
0.685617
0.049117
0.121184
0.083273
0.416234
0.998505
0.390610
0.102332
0.080826
0.076412
0.385203
0.691693
0.071950
0.378123
0.688445
0.071083
0.385404
0.379452
0.372182
0.056809
0.372841
0.687380
0.998505
0.376244
0.373278
0.058017
0.683295
0.385847
0.094903
0.998505
0.098018
0.377849
0.380697
0.687676
0.380503
0.089136
0.391935
0.127882
0.681473
0.065122
0.685640
0.053606
0.711941
0.379991
0.703188
0.684501
0.998505
0.117422
0.154298
0.446191
0.014085
0.132765
0.396177
0.401805
0.369100
0.369459
0.030591
0.677672
0.036870
0.681477
0.364849
0.049962
0.682639
0.056515
0.371262
0.370042
0.684364
0.057639
0.686205
0.069624
0.076071
0.384505
0.075969
0.371961
0.371282
0.997526
0.060364
0.062383
0.373292
0.372612
0.371841
0.684507
0.058233
0.371598
0.684751
0.060156
0.373611
0.373802
0.685381
0.060233
0.354115
0.397289
0.699873
0.073771
0.684274
0.683301
0.683751
0.684382
0.683720
0.682783
0.682102
0.997526
0.048586
0.334015
0.997526
0.105043
0.095585
0.377510
0.377553
0.688533
0.689590
0.071445
0.997960
0.379614
0.069218
0.378160
0.377981
0.689296
0.394855
0.378719
0.713804
0.050705
0.681481
0.370433
0.683404
0.683461
0.684205
0.374281
0.687599
0.071063
0.687101
0.687522
0.370347
0.042861
0.061545
0.997526
0.693366
0.389245
0.715069
0.683949
0.376317
0.683191
0.369710
0.683726
0.686348
0.680572
0.010002
0.047683
0.683962
0.061764
0.997526
0.687077
0.380419
0.072344
0.687484
0.374143
0.054789
0.376443
0.997526
0.079428
0.366786
0.682512
0.376516
0.372257
0.367923
0.106418
0.110048
0.998505
0.397500
0.083039
0.370054
0.374337
0.071102
0.998505
0.683071
0.735543
0.037837
0.695579
0.998505
0.383777
0.054597
0.690681
0.998505
0.076452
0.386922
0.061292
0.021381
0.106056
0.389557
0.470282
0.745345
0.073372
0.378542
0.381174
0.376645
0.687673
0.063396
0.683116
0.060519
0.693133
0.375068
0.362591
0.044338
0.683984
0.062736
0.072908
0.058748
0.060429
0.688724
0.076996
0.691221
0.698199
0.097735
0.672894
0.105696
0.998505
0.054217
0.368223
0.033913
0.998505
0.368126
0.106469
0.601394
0.371679
0.070143
0.392892
0.998505
0.083304
0.998505
0.059584
0.694569
0.122746
0.681470
0.370728
0.354938
0.033978
0.045732
0.395049
0.172984
0.432732
0.013859
0.685627
0.071099
0.998505
0.359778
0.357700
0.347417
0.073528
0.742477
0.283657
0.363063
0.114837
0.410133
0.013015
0.057389
0.374007
0.998505
0.364559
0.143668
0.699834
0.117051
0.068134
0.393155
0.998505
0.699984
0.072560
0.691693
0.998505
0.072366
0.378093
0.359176
0.079090
0.391778
0.688860
0.998505
0.063811
0.373123
0.373775
0.374480
0.374741
0.059226
0.056462
0.373875
0.068370
0.711205
0.712784
0.103478
0.385885
0.384391
0.383918
0.078439
0.998505
0.388539
0.380120
0.372665
0.055789
0.692055
0.086499
0.680147
0.124160
0.107160
0.703188
0.128299
0.054937
0.077058
0.361719
0.066812
0.690005
0.139293
0.388575
0.378910
0.285893
0.325374
0.671412
0.343857
0.363394
0.364526
0.681774
0.051146
0.054620
0.057223
0.053401
0.368959
0.056032
0.373483
0.072081
0.997526
0.084156
0.083428
0.069642
0.375292
0.065030
0.064279
0.375952
0.685836
0.061882
0.059525
0.371355
0.371141
0.371443
0.684675
0.059728
0.373336
0.373733
0.373627
0.372095
0.385573
0.997526
0.698188
0.083874
0.065825
0.061480
0.371232
0.059774
0.061676
0.369131
0.051561
0.364205
0.664417
0.997526
0.334015
0.042798
0.388114
0.074478
0.380927
0.071281
0.380594
0.689197
0.071038
0.069321
0.687906
0.377496
0.068096
0.385248
0.436417
0.420231
0.684941
0.097383
0.997960
0.681481
0.369942
0.370464
0.372087
0.375965
0.069699
0.071823
0.067247
0.061962
0.058197
0.379799
0.337201
0.061523
0.389245
0.997526
0.378362
0.369963
0.698233
0.371926
0.682563
0.373048
0.372818
0.014315
0.374626
0.055616
0.997526
0.683962
0.375680
0.064108
0.065829
0.070199
0.070451
0.049725
0.680689
0.048389
0.378280
0.377068
0.078247
0.689448
0.379206
0.048490
0.357594
0.704145
0.998505
0.410255
0.391054
0.383306
0.998505
0.081078
0.309930
0.265807
0.479767
0.002703
0.402177
0.367361
0.383777
0.998505
0.077841
0.382735
0.383053
0.691604
0.686531
0.685276
0.382889
0.703623
0.998505
0.703623
0.064863
0.059063
0.382558
0.084799
0.077065
0.688227
0.068601
0.374140
0.074798
0.070870
0.682077
0.366342
0.364333
0.050341
0.058616
0.672741
0.998505
0.358706
0.377070
0.669378
0.698199
0.098552
0.605557
0.411675
0.998505
0.424977
0.031945
0.050772
0.998505
0.041243
0.998505
0.105383
0.484435
0.281980
0.072513
0.998505
0.007373
0.389684
0.085695
0.057576
0.107777
0.392967
0.377311
0.367967
0.363837
0.357815
0.280799
0.040358
0.129266
0.200211
0.391192
0.390918
0.378457
0.074203
0.048198
0.395403
0.365761
0.038501
0.339167
0.152137
0.702713
0.057663
0.623935
0.400165
0.027949
0.085287
0.089276
0.079579
0.398739
0.998505
0.068199
0.375232
0.345116
0.699984
0.375869
0.077083
0.074373
0.071904
0.377837
0.360924
0.998505
0.060570
0.390279
0.078952
0.068544
0.998505
0.061659
0.998505
0.372927
0.058307
0.998505
0.684232
0.371926
0.069989
0.370712
0.120717
0.057606
0.051924
0.057894
0.082012
0.075783
0.693644
0.693070
0.063157
0.683760
0.044202
0.368201
0.012428
0.703355
0.098042
0.998505
0.107789
0.005313
0.998505
0.435077
0.061089
0.075742
0.359506
0.293885
0.436401
0.389998
0.371746
0.286399
0.661504
0.044387
0.364056
0.364978
0.048601
0.365228
0.682357
0.054420
0.681962
0.367953
0.685886
0.998505
0.684908
0.384507
0.693785
0.081045
0.997526
0.070984
0.687794
0.687198
0.686572
0.374632
0.373431
0.997526
0.058742
0.371030
0.684346
0.058423
0.372253
0.372769
0.373109
0.373208
0.373097
0.355965
0.088706
0.095542
0.087840
0.687334
0.378346
0.059499
0.378190
0.368169
0.369582
0.997526
0.046151
0.361816
0.016175
0.020660
0.688463
0.364721
0.687907
0.069972
0.689105
0.997960
0.070132
0.687794
0.067280
0.066308
0.376510
0.377208
0.097338
0.018587
0.177041
0.997960
0.365378
0.071921
0.054462
0.058570
0.058345
0.060530
0.063908
0.375032
0.375035
0.061160
0.684623
0.376087
0.386870
0.028831
0.461058
0.114358
0.286609
0.421637
0.397308
0.374473
0.381638
0.050390
0.056809
0.071427
0.062433
0.997526
0.374884
0.375049
0.375566
0.065082
0.373661
0.372236
0.068944
0.690374
0.052437
0.674636
0.353556
0.074185
0.382547
0.387556
0.689922
0.059606
0.997526
0.042558
0.412443
0.414128
0.703282
0.708488
0.083353
0.378610
0.400947
0.386404
0.054154
0.998505
0.049627
0.133610
0.086432
0.083486
0.382507
0.401927
0.070200
0.024505
0.070249
0.380923
0.374599
0.998505
0.035268
0.703623
0.018905
0.426971
0.053675
0.394892
0.390527
0.391732
0.380169
0.380207
0.065469
0.998505
0.385492
0.066296
0.681400
0.682412
0.366650
0.685889
0.022917
0.332287
0.360030
0.050251
0.070575
0.357988
0.348209
0.024857
0.096396
0.434422
0.130686
0.440797
0.679642
0.671621
0.040644
0.307218
0.695572
0.713190
0.740980
0.294840
0.078258
0.370593
0.308340
0.395858
0.065363
0.398156
0.388328
0.686002
0.055841
0.364217
0.297445
0.337780
0.376469
0.696716
0.393989
0.400709
0.393974
0.375179
0.383761
0.083975
0.998505
0.026265
0.442479
0.998505
0.130823
0.405500
0.325854
0.679121
0.325827
0.099741
0.998505
0.102132
0.998505
0.099048
0.699834
0.387714
0.374959
0.051787
0.676359
0.103182
0.114228
0.692019
0.071031
0.381352
0.306672
0.670680
0.308504
0.690766
0.686156
0.066121
0.687561
0.059359
0.685333
0.371200
0.370708
0.054259
0.684179
0.058763
0.998505
0.381885
0.690769
0.713582
0.410468
0.349880
0.676290
0.085956
0.693070
0.087933
0.035836
0.038116
0.683081
0.056533
0.009843
0.314997
0.009677
0.399807
0.998505
0.011891
0.184852
0.053596
0.385054
0.378181
0.425942
0.364626
0.070374
0.374159
0.363350
0.361244
0.680037
0.041841
0.046258
0.681752
0.681564
0.681752
0.366719
0.368186
0.049008
0.365587
0.369598
0.685886
0.068685
0.693785
0.384230
0.067375
0.688994
0.075192
0.379969
0.377621
0.375920
0.062451
0.060285
0.685020
0.371555
0.057384
0.057340
0.371319
0.371747
0.372131
0.372367
0.059437
0.372355
0.078544
0.067709
0.084170
0.385256
0.073356
0.374267
0.367767
0.680882
0.997526
0.052586
0.363196
0.366337
0.360051
0.694169
0.347262
0.060743
0.683218
0.377948
0.687805
0.379239
0.379534
0.687794
0.997960
0.376298
0.064276
0.375372
0.386015
0.396684
0.445383
0.322720
0.354178
0.391684
0.364677
0.378402
0.685169
0.684652
0.684766
0.060246
0.684606
0.371803
0.056698
0.373313
0.997526
0.396502
0.997526
0.143059
0.416570
0.318388
0.277834
0.427106
0.997526
0.369497
0.680209
0.045049
0.997526
0.369505
0.374125
0.066659
0.997526
0.378255
0.379076
0.686723
0.064024
0.997526
0.380157
0.089472
0.071329
0.089115
0.081725
0.077549
0.694670
0.387556
0.066694
0.357921
0.997526
0.146169
0.126583
0.123513
0.392888
0.402341
0.104376
0.396828
0.998505
0.384362
0.123958
0.104398
0.382769
0.998505
0.385714
0.707162
0.679061
0.998505
0.336826
0.316427
0.069443
0.377456
0.686573
0.065826
0.273625
0.998505
0.302422
0.053042
0.386332
0.380596
0.382274
0.076492
0.085148
0.384171
0.094102
0.074618
0.681633
0.368477
0.998505
0.051434
0.386015
0.736676
0.632566
0.072096
0.688122
0.998505
0.126052
0.410710
0.710454
0.149572
0.461513
0.375186
0.086696
0.401711
0.679642
0.708030
0.379957
0.398636
0.095134
0.354064
0.669295
0.310572
0.393735
0.072735
0.384668
0.696181
0.697734
0.383950
0.376409
0.368737
0.384636
0.372124
0.375642
0.694340
0.103115
0.245814
0.107963
0.089302
0.380007
0.374297
0.107431
0.698065
0.126549
0.403799
0.400738
0.408462
0.120422
0.374663
0.689477
0.074371
0.373051
0.381593
0.085057
0.100890
0.386912
0.389055
0.380819
0.378178
0.059789
0.084184
0.697047
0.088305
0.393603
0.390239
0.310093
0.379779
0.614944
0.082781
0.379716
0.998505
0.372894
0.373031
0.998505
0.371124
0.370644
0.056147
0.051416
0.366856
0.055384
0.687450
0.374300
0.153177
0.410468
0.681817
0.998505
0.007943
0.144032
0.034740
0.433597
0.088755
0.683081
0.998505
0.381842
0.044487
0.998505
0.079798
0.355690
0.322805
0.998505
0.621288
0.741913
0.365141
0.075360
0.020758
0.285688
0.466144
0.305652
0.279942
0.349255
0.361526
0.048444
0.048743
0.049506
0.681855
0.048414
0.682564
0.366356
0.048414
0.051344
0.055093
0.684937
0.373106
0.379415
0.067453
0.081850
0.385810
0.384429
0.381355
0.378009
0.375420
0.684809
0.997526
0.058236
0.056813
0.056649
0.997526
0.057233
0.371167
0.371487
0.371740
0.997526
0.061740
0.693365
0.691952
0.695668
0.393021
0.689263
0.696161
0.065211
0.040491
0.028298
0.043678
0.052036
0.058101
0.047620
0.047441
0.359563
0.669841
0.037457
0.055157
0.063475
0.067495
0.067397
0.066408
0.064508
0.373880
0.373619
0.433448
0.382839
0.395499
0.300437
0.407701
0.692929
0.667197
0.678954
0.372934
0.061273
0.058844
0.058848
0.058517
0.370459
0.683627
0.368890
0.997526
0.373313
0.382409
0.391480
0.081265
0.001011
0.371178
0.369524
0.054573
0.054749
0.363244
0.360466
0.676754
0.362827
0.679983
0.061584
0.070386
0.381325
0.070896
0.997526
0.067775
0.068786
0.380386
0.381766
0.690254
0.692977
0.692760
0.091823
0.997526
0.693933
0.088875
0.403081
0.368817
0.679536
0.998505
0.696694
0.113447
0.698269
0.407067
0.704441
0.112617
0.109460
0.072017
0.110207
0.138304
0.998505
0.069232
0.075420
0.694309
0.085404
0.375198
0.678481
0.044907
0.070485
0.077912
0.089533
0.687790
0.081371
0.307867
0.055158
0.009049
0.036877
0.069678
0.704172
0.393839
0.187214
0.146429
0.411371
0.392473
0.049141
0.050123
0.682412
0.056910
0.057608
0.322021
0.485846
0.330591
0.065022
0.078582
0.380441
0.455742
0.716957
0.998505
0.716957
0.070620
0.402078
0.154520
0.708030
0.401608
0.372165
0.364292
0.045637
0.045866
0.310572
0.689207
0.084409
0.387474
0.382015
0.079918
0.091714
0.694208
0.389195
0.380975
0.376733
0.083321
0.998505
0.105977
0.998505
0.454159
0.246312
0.703396
0.391365
0.382329
0.370072
0.131271
0.127341
0.384295
0.685618
0.379605
0.076747
0.998505
0.694047
0.380868
0.075797
0.697239
0.998505
0.087651
0.691127
0.998505
0.381329
0.381013
0.081423
0.998505
0.333089
0.392920
0.090045
0.315783
0.355744
0.488396
0.430065
0.434947
0.050805
0.051154
0.052554
0.685242
0.369478
0.369663
0.057105
0.998505
0.685358
0.056918
0.367486
0.346550
0.018251
0.451269
0.462337
0.718055
0.131336
0.469334
0.319171
0.998505
0.365634
0.034312
0.678491
0.082384
0.998505
0.418611
0.142605
0.311414
0.016899
0.291555
0.215259
0.397739
0.685632
0.249803
0.998505
0.593977
0.405980
0.329129
0.320376
0.194713
0.365128
0.049835
0.998505
0.052450
0.998505
0.367823
0.047663
0.682047
0.365592
0.051426
0.684969
0.685901
0.059094
0.064845
0.071732
0.085848
0.393484
0.388550
0.692579
0.074031
0.688458
0.063529
0.372230
0.371112
0.997526
0.683829
0.055996
0.056000
0.056258
0.370499
0.057026
0.371226
0.371524
0.063691
0.016879
0.400060
0.394003
1.000000
0.089182
0.687110
0.685212
1.000000
0.047978
0.367263
0.684897
0.058252
0.686752
0.053613
0.372776
0.051172
0.369736
0.381172
0.094897
0.434488
0.997960
0.063681
0.373167
0.372458
0.118911
0.997960
0.168871
0.307401
0.387393
0.383376
0.997960
0.063870
0.684241
0.687908
0.378455
0.372360
0.371259
0.058148
0.370906
0.997526
0.055388
0.366945
0.048357
0.366597
0.354681
0.678839
0.664621
0.368037
0.368239
0.367418
0.363840
0.358802
0.354080
0.352647
0.355928
0.363370
0.681579
0.372120
0.069219
0.073117
0.074133
0.383728
0.384734
0.386158
0.387455
0.084054
0.084536
0.086389
0.093583
0.095831
0.093868
0.089001
0.068257
0.060429
0.385457
0.065134
0.406836
0.698269
0.998505
0.698269
0.103771
0.119163
0.410982
0.693392
0.395765
0.098978
0.691364
0.693363
0.083736
0.376746
0.998505
0.358461
0.273385
0.704755
0.697328
0.077687
0.679761
0.110736
0.399473
0.058014
0.999912
0.685902
0.689459
0.674579
0.398626
0.999912
0.113125
0.711940
0.447959
0.676581
0.681451
0.998505
0.366995
0.688704
0.059666
0.372152
0.303279
0.440066
0.692450
0.692596
0.695019
0.069361
0.710454
0.103500
0.031655
0.084447
0.397885
0.697452
0.717222
0.385667
0.376972
0.066993
0.360414
0.686672
0.390441
0.693112
0.386418
0.998505
0.080798
0.998505
0.083545
0.388226
0.695249
0.075993
0.689092
0.076335
0.076767
0.630623
0.717768
0.630623
0.734896
0.085326
0.695874
0.694586
0.377886
0.065887
0.380600
0.688078
0.051623
0.352172
0.678832
0.068008
0.069454
0.378954
0.070024
0.072938
0.081319
0.382466
0.385579
0.073397
0.377806
0.392028
0.132514
0.690435
0.692012
0.028558
0.390796
0.373820
0.440013
0.435260
0.998505
0.422855
0.730303
0.410006
0.044259
0.683187
0.051563
0.057552
0.065629
0.069989
0.069497
0.385098
0.053549
0.303324
0.025464
0.684545
0.077216
0.747416
0.098520
0.305238
0.089832
0.697572
0.321725
0.386907
0.083592
0.368914
0.106208
0.479104
0.698001
0.066985
0.140871
0.025085
0.043709
0.342087
0.360334
0.358028
0.593977
0.044540
0.109700
0.433371
0.223115
0.017597
0.053667
0.682607
0.369776
0.057852
0.683243
0.371033
0.052564
0.053807
0.054815
0.371793
0.371615
0.998505
0.376019
0.998505
0.378573
0.078879
0.083513
0.081782
0.380838
0.689105
0.376290
0.059697
0.370818
0.370056
0.683829
0.055307
0.369490
0.683480
0.683538
0.369977
0.683981
0.370940
0.372386
0.632191
0.997526
0.033146
0.385527
0.103432
0.695942
0.093854
0.377495
0.371289
0.685927
0.687371
1.000000
0.374557
0.997960
0.064822
0.687966
0.062110
0.070472
0.704342
0.693637
0.717444
0.434922
0.061872
0.380058
0.386984
0.293012
0.152726
0.997960
0.415648
0.617200
0.432803
0.070013
0.368093
0.071020
0.066665
0.384951
0.381354
0.375581
0.371745
0.372008
0.058954
0.373447
0.056202
0.371615
0.355828
0.353212
0.041442
0.052982
0.054042
0.051640
0.047727
0.041769
0.032388
0.027514
0.029166
0.353533
0.045615
0.051857
0.056611
0.687324
0.074300
0.387044
0.389692
0.997526
0.088681
0.393154
0.997526
0.694228
0.092864
0.377598
0.629800
0.062877
0.683158
0.073169
0.684469
0.110606
0.680731
0.357228
0.377900
0.067905
0.089689
0.694956
0.699295
0.405669
0.394337
0.998505
0.092665
0.693363
0.380003
0.073999
0.383825
0.380861
0.321831
0.119847
0.697328
0.100207
0.066980
0.998505
0.084066
0.396422
0.062671
0.684494
0.065300
0.077915
0.691141
0.412481
0.455990
0.343627
0.468589
0.705971
0.328730
0.354928
0.681451
0.058648
0.687305
0.063441
0.368017
0.372496
0.367963
0.378070
0.066223
0.381293
0.381851
0.380153
0.689271
0.085014
0.419173
0.408145
0.157525
0.404046
0.390530
0.070041
0.378780
0.386422
0.346975
0.057472
0.071165
0.692610
0.079813
0.691444
0.386197
0.085692
0.697377
0.396683
0.394388
0.379339
0.998505
0.067994
0.008376
0.308575
0.133925
0.394972
0.398643
0.385919
0.085446
0.386191
0.071262
0.688840
0.377605
0.024646
0.350100
0.998505
0.678832
0.684484
0.378256
0.069386
0.687268
0.068332
0.688420
0.378922
0.377674
0.078326
0.692489
0.121385
0.394619
0.067482
0.441671
0.075473
0.697171
0.707885
0.653480
0.435260
0.097832
0.056721
0.710809
0.106695
0.363877
0.681585
0.684047
0.687035
0.690135
0.389119
0.998505
0.695551
0.377063
0.368544
0.039162
0.365689
0.686736
0.678647
0.038214
0.042700
0.351601
0.392218
0.409155
0.073776
0.391124
0.998505
0.106944
0.701059
0.113365
0.143733
0.998505
0.700810
0.119542
0.748116
0.414775
0.102966
0.086223
0.708773
0.400930
0.077576
0.444611
0.004934
0.043982
0.062972
0.373831
0.684740
0.685959
0.684798
0.373680
0.061841
0.374513
0.373999
0.685901
0.065173
0.069460
0.690150
0.688862
0.379208
0.381116
0.064738
0.373671
0.685271
0.057332
0.369683
0.369179
0.683419
0.054443
0.054733
0.369267
0.369382
0.369637
0.370217
0.370982
0.375293
0.685566
0.029278
0.390937
0.711186
0.058838
0.086942
0.082112
0.399419
0.385011
0.377590
0.378403
0.687371
0.073200
0.377677
0.997960
0.068537
0.377075
0.396012
0.696079
0.131915
0.494811
0.299770
0.073642
0.997960
0.692995
0.073051
0.401104
0.127886
0.695688
0.377232
0.376478
0.705422
0.079362
0.997960
0.689355
0.077168
0.997960
0.377036
0.997526
0.685010
0.684998
0.374674
0.064297
0.997526
0.051356
0.063606
0.357323
0.054222
0.997526
0.373787
0.065307
0.997526
0.361331
0.019819
0.681284
0.045474
0.054243
0.997526
0.058337
0.688518
0.074838
0.997526
0.692420
0.089552
0.394836
0.395018
0.089937
0.087618
0.069534
0.688444
0.089158
0.377071
0.685685
0.057677
0.997526
0.684469
0.376955
0.051312
0.383139
0.998505
0.392005
0.104232
0.425208
0.098636
0.998505
0.394337
0.092826
0.389927
0.389259
0.064389
0.998505
0.389581
0.377596
0.104191
0.162412
0.065061
0.056432
0.341218
0.026774
0.376424
0.361124
0.685026
0.072527
0.998505
0.025366
0.174428
0.367038
0.345167
0.264086
0.164036
0.404713
0.323091
0.371611
0.085871
0.068880
0.686170
0.055206
0.365978
0.056082
0.053817
0.682749
0.373012
0.379585
0.998505
0.082928
0.393547
0.379870
0.073828
0.699911
0.069850
0.382184
0.359507
0.058032
0.684058
0.050965
0.687150
0.381360
0.076913
0.384342
0.998505
0.081652
0.998505
0.694203
0.405506
0.398384
0.068589
0.054520
0.285551
0.348168
0.998505
0.676457
0.394447
0.400292
0.397794
0.103659
0.704002
0.073428
0.998505
0.376546
0.040347
0.363386
0.050443
0.684484
0.373308
0.074361
0.692177
0.069745
0.688420
0.998505
0.688420
0.688079
0.071713
0.687865
0.072562
0.998505
0.701112
0.699518
0.386661
0.365891
0.352146
0.998505
0.032348
0.741783
0.007149
0.687502
0.710809
0.048379
0.054086
0.061593
0.069413
0.075858
0.082103
0.087129
0.108714
0.396371
0.046711
0.686320
0.042851
0.678647
0.028572
0.691400
0.367331
0.383938
0.130208
0.072466
0.416094
0.142311
0.704130
0.138119
0.715809
0.028489
0.377904
0.700810
0.136777
0.727106
0.426303
0.407128
0.088019
0.747959
0.410903
0.150870
0.696479
0.998505
0.099219
0.998505
0.361365
0.067793
0.063764
0.684798
0.374086
0.686512
0.065074
0.064203
0.062109
0.062837
0.065310
0.378151
0.379790
0.998505
0.687884
0.064061
0.372651
0.371656
0.684455
0.056324
0.683550
0.054297
0.053674
0.054049
0.683393
0.369317
0.369505
0.369815
0.370557
0.371466
0.375612
0.688471
0.387177
0.115901
0.703784
0.401454
1.000000
0.378298
0.378691
0.387050
0.389480
0.384591
0.385096
0.085514
0.080855
0.073491
0.379505
0.688477
0.383309
0.092989
0.690374
0.010801
0.070951
0.378897
0.059373
0.113689
0.197104
1.000000
0.396236
0.997960
0.395410
0.112572
0.696249
0.078956
0.086621
0.083399
0.688288
0.077976
0.381578
0.374772
0.371105
0.373044
0.685848
0.377207
0.068592
0.380405
0.380059
0.373963
0.380956
0.068023
0.060951
0.700113
0.077739
0.087626
0.700742
0.403703
0.381936
0.683741
0.064371
0.078198
0.997526
0.382433
0.079168
0.088475
0.094315
0.695590
0.090517
0.997526
0.694310
0.692694
0.118314
0.400994
0.685685
0.997526
0.685685
0.372046
0.366650
0.381267
0.998505
0.041708
0.104223
0.998505
0.400630
0.098410
0.369466
0.696855
0.382594
0.084752
0.998505
0.378457
0.071124
0.399761
0.420490
0.001960
0.388303
0.998505
0.405198
0.369773
0.015361
0.129673
0.059368
0.998505
0.361124
0.082660
0.409443
0.153567
0.999186
0.115001
0.368754
0.094420
0.998505
0.116497
0.392006
0.998505
0.082281
0.685535
0.064062
0.369473
0.365960
0.998505
0.683223
0.052815
0.051422
0.054711
0.075374
0.120278
0.684454
0.090680
0.745979
0.041965
0.357909
0.360586
0.074309
0.377934
0.054420
0.053828
0.059757
0.381378
0.384346
0.692392
0.078313
0.078417
0.084725
0.098591
0.104370
0.694297
0.050249
0.684417
0.037375
0.998505
0.051065
0.404396
0.696962
0.403735
0.094157
0.070374
0.394625
0.082621
0.064895
0.998505
0.369431
0.998505
0.371795
0.045962
0.051829
0.084549
0.693844
0.385790
0.068716
0.688420
0.377834
0.068421
0.069184
0.690498
0.065816
0.405023
0.102372
0.088313
0.374185
0.385616
0.109848
0.653480
0.746396
0.369275
0.091168
0.998505
0.054296
0.684051
0.370346
0.684892
0.378880
0.998505
0.386667
0.998505
0.340743
0.393684
0.136550
0.118085
0.672437
0.056726
0.367078
0.998505
0.691400
0.127164
0.429838
0.389960
0.076667
0.695608
0.143549
0.148594
0.681923
0.139731
0.065348
0.435225
0.444706
0.411063
0.715107
0.064130
0.695005
0.385742
0.162345
0.094440
0.362412
0.081496
0.328161
0.419776
0.067725
0.070099
0.688214
0.067753
0.686512
0.068365
0.377159
0.686258
0.373822
0.374401
0.687664
0.998505
0.377173
0.378325
0.377802
0.375177
0.060154
0.371022
0.684135
0.055746
0.368679
0.368240
0.368432
0.369028
0.055527
0.056674
0.057626
0.058621
0.371676
0.372490
0.373028
0.063966
0.395882
0.136104
1.000000
0.080778
0.690268
0.389608
0.375244
0.373545
0.120785
0.376318
0.387977
0.695260
0.696121
0.691579
0.375832
0.068205
0.362337
0.072032
1.000000
0.384391
0.386619
0.674240
0.398933
1.000000
0.429786
0.405094
0.125787
0.093186
0.070428
0.053820
0.148144
0.080906
0.694508
0.997960
0.082498
0.997526
0.074347
0.057140
0.053925
0.058950
0.061560
0.375706
0.072521
0.682853
0.367401
0.085356
0.692224
0.692415
0.696138
0.369051
0.700113
0.397453
0.997526
0.401394
0.997526
0.074341
0.362845
0.081901
0.382433
0.691653
0.688810
0.385698
0.089300
0.694111
0.086064
0.390472
0.084301
0.074915
0.144948
0.297909
0.376951
0.368936
0.370615
0.372063
0.056052
0.360846
0.685023
0.381169
0.998505
0.126518
0.698463
0.085309
0.392896
0.693360
0.134815
0.432422
0.057887
0.709469
0.084433
0.998505
0.021303
0.998505
0.381943
0.083911
0.998505
0.073600
0.374391
0.393098
0.073612
0.362704
0.674861
0.172245
0.439220
0.138602
0.452252
0.062615
0.689077
0.056275
0.430159
0.374725
0.385686
0.070360
0.378329
0.998505
0.373171
0.055414
0.369078
0.056075
0.054379
0.998505
0.683442
0.059135
0.346179
0.171886
0.998505
0.058247
0.062707
0.046728
0.046504
0.008890
0.379180
0.687321
0.685098
0.686726
0.689198
0.382224
0.386312
0.998505
0.692392
0.391248
0.998505
0.104206
0.998505
0.702591
0.073307
0.998505
0.066809
0.064477
0.697013
0.109723
0.403735
0.998505
0.388124
0.998505
0.688527
0.375177
0.998505
0.374560
0.064326
0.371795
0.998505
0.688576
0.674351
0.051384
0.998505
0.389389
0.381600
0.379384
0.069820
0.689320
0.690498
0.998505
0.084958
0.390573
0.699543
0.685069
0.699543
0.062214
0.377597
0.123736
0.058012
0.025101
0.679388
0.050388
0.049537
0.998505
0.684051
0.374559
0.066584
0.690172
0.381106
0.381424
0.679692
0.081972
0.747066
0.393444
0.064638
0.368059
0.105227
0.091218
0.400474
0.408412
0.413842
0.377067
0.049470
0.998505
0.695608
0.060245
0.998505
0.377476
0.087273
0.056715
0.739693
0.070919
0.401755
0.401887
0.414995
0.671334
0.037511
0.410044
0.064160
0.998505
0.440818
0.383000
0.695283
0.069094
0.689325
0.073159
0.688083
0.065426
0.377625
0.374553
0.686019
0.686158
0.686886
0.374339
0.376852
0.377291
0.375949
0.061080
0.058555
0.057270
0.683955
0.055406
0.368570
0.054000
0.683256
0.683689
0.684228
0.371762
0.997526
0.372971
0.373473
0.374075
0.062230
0.059798
0.058718
0.383678
0.701311
0.103497
0.114340
0.382557
0.300594
0.427707
1.000000
0.139048
0.394358
0.387319
0.066887
0.377871
0.687824
0.050680
1.000000
0.350480
0.384798
0.056991
0.387748
0.087039
0.671423
0.398228
0.202345
0.309822
0.355207
0.679091
0.362745
0.348033
0.319735
0.701823
0.079716
0.080710
0.094673
0.691316
0.378065
0.997526
0.683113
0.681829
0.683917
0.373329
0.062574
0.687138
0.375683
0.369836
0.997526
0.092757
0.073453
0.601239
0.070601
0.738760
0.378262
0.406617
0.383755
0.063723
0.377532
0.080269
0.070365
0.382725
0.997526
0.075241
0.997526
0.693207
0.085399
0.694600
0.394684
0.146741
0.614444
0.155105
0.059105
0.682137
0.370350
0.052286
0.689359
0.317248
0.668951
0.046417
0.710723
0.490691
0.365649
0.088869
0.738578
0.434923
0.998505
0.089568
0.681966
0.132023
0.053733
0.149233
0.701748
0.059963
0.042284
0.403540
0.324216
0.370793
0.371568
0.068868
0.052645
0.684379
0.362664
0.070546
0.998505
0.125076
0.998505
0.072123
0.368970
0.370916
0.684664
0.058240
0.060998
0.372477
0.372344
0.435137
0.046965
0.050488
0.062411
0.684902
0.998505
0.369840
0.369048
0.055220
0.355443
0.323079
0.375903
0.388447
0.687758
0.689447
0.313959
0.336781
0.686244
0.070207
0.058348
0.061195
0.067356
0.692424
0.694243
0.083113
0.086043
0.089770
0.394932
0.395395
0.102373
0.096593
0.088634
0.380093
0.393576
0.402958
0.393761
0.088529
0.087154
0.698101
0.068065
0.079612
0.385598
0.043938
0.374499
0.688140
0.084007
0.395434
0.390474
0.381162
0.004406
0.693803
0.693844
0.693803
0.072067
0.380793
0.067729
0.058949
0.070469
0.086596
0.310028
0.385826
0.091394
0.998505
0.057712
0.316932
0.059510
0.053651
0.048041
0.046081
0.044376
0.362999
0.051810
0.684051
0.371945
0.071192
0.067517
0.687075
0.372419
0.053856
0.333147
0.389731
0.104025
0.073373
0.068523
0.393488
0.708744
0.707891
0.998505
0.132696
0.683970
0.079824
0.383679
0.075779
0.103020
0.085605
0.071688
0.998505
0.077483
0.998505
0.060579
0.998505
0.395713
0.445080
0.417090
0.368511
0.094572
0.998505
0.120416
0.386514
0.098860
0.107736
0.396761
0.073601
0.396286
0.108535
0.126654
0.369518
0.371798
0.372563
0.685841
0.058850
0.370753
0.059833
0.372845
0.061752
0.685854
0.059765
0.684112
0.683756
0.683819
0.055370
0.054648
0.369106
0.055076
0.056030
0.370702
0.997526
0.371762
0.062424
0.375250
0.375232
0.373733
0.371839
0.997526
0.055825
0.386870
0.062306
0.079924
0.707072
0.079312
0.298308
0.144276
0.385670
0.395646
0.066089
0.686684
0.061707
0.691378
0.623759
0.345790
0.309802
0.022903
1.000000
0.070320
0.399139
0.384197
0.113798
1.000000
0.166290
0.377869
1.000000
0.679091
0.679084
0.357054
0.070860
0.380428
0.693520
0.081839
0.072909
0.061339
0.069545
0.043225
0.049562
0.056544
0.371973
0.685852
0.687742
0.687138
0.092297
0.421321
0.426772
0.677132
0.040880
0.026835
0.047874
0.032037
0.052567
0.049364
0.368463
0.063739
0.360413
0.678262
0.374490
0.379560
0.685576
0.069035
0.053356
0.056954
0.997526
0.391425
0.000883
0.399927
0.393917
0.997526
0.382980
0.365897
0.051095
0.997526
0.383183
0.624105
0.104501
0.461037
0.385387
0.472766
0.209711
0.068954
0.069284
0.096696
0.114426
0.692205
0.081648
0.347979
0.380024
0.686041
0.062243
0.998505
0.307711
0.428947
0.051994
0.684889
0.054266
0.049108
0.366305
0.365745
0.102102
0.355395
0.716253
0.338629
0.416013
0.052920
0.369485
0.370495
0.371056
0.683185
0.372363
0.436004
0.998505
0.098972
0.688906
0.998505
0.063419
0.684902
0.371243
0.369659
0.058238
0.055138
0.029910
0.052904
0.055573
0.053646
0.059426
0.350667
0.449661
0.008010
0.998505
0.066798
0.388336
0.376567
0.074490
0.082961
0.694455
0.391554
0.091789
0.694160
0.075033
0.084304
0.384834
0.083060
0.998505
0.387787
0.080575
0.071928
0.693821
0.408309
0.140038
0.077020
0.393484
0.066831
0.070178
0.055894
0.686150
0.085776
0.697120
0.122330
0.131362
0.036747
0.681056
0.403430
0.086912
0.998505
0.056342
0.371241
0.998505
0.048743
0.312182
0.429882
0.113504
0.705559
0.685069
0.705559
0.687545
0.683265
0.683264
0.682620
0.681952
0.364318
0.047582
0.365495
0.368931
0.062340
0.377574
0.063614
0.384834
0.058110
0.998505
0.381013
0.691824
0.385609
0.072862
0.374799
0.076249
0.702472
0.117873
0.404958
0.409242
0.719869
0.098688
0.373807
0.079836
0.389296
0.388569
0.076607
0.074001
0.373792
0.690543
0.384187
0.361755
0.051243
0.744260
0.081772
0.090517
0.032356
0.094824
0.377693
0.094053
0.122218
0.998505
0.098641
0.385941
0.998505
0.702679
0.392796
0.059861
0.372217
0.058834
0.057693
0.055704
0.998505
0.054818
0.997526
0.058558
0.685181
0.059132
0.370999
0.684112
0.370262
0.055489
0.683416
0.683615
0.683872
0.997526
0.057439
0.684540
0.372450
0.374240
0.065825
0.060737
0.685311
0.685007
0.057638
0.055865
0.057732
0.372234
1.000000
0.385542
0.057680
0.294129
0.368912
0.074189
0.088256
0.370341
0.371470
0.379445
0.687824
0.129361
0.321232
0.046667
0.267393
0.669182
0.416039
0.068667
0.090936
0.094420
0.496783
0.405035
1.000000
0.061854
0.679084
0.043079
1.000000
0.687750
0.686212
0.076126
0.997526
0.687712
0.681400
0.675363
0.681640
0.678776
0.682076
0.683780
0.376024
0.377657
0.379972
0.367998
0.058434
0.030657
0.022809
0.056439
0.680530
0.050474
0.360008
0.997526
0.678863
0.677660
0.353604
0.059973
0.056641
0.061063
0.371833
0.997526
0.685576
0.052071
0.730744
0.037723
0.387987
0.061719
0.390204
0.388580
0.381507
0.371354
0.368411
0.053167
0.689359
0.379039
0.301114
0.173003
0.124603
0.744676
0.271793
0.327972
0.323700
0.133511
0.189882
0.090916
0.114386
0.118695
0.322908
0.674329
0.040952
0.036758
0.357136
0.112025
0.365753
0.684889
0.684392
0.998505
0.049559
0.050532
0.051527
0.049866
0.425166
0.313359
0.743946
0.045967
0.368925
0.370267
0.055999
0.053720
0.998505
0.056723
0.058459
0.189231
0.334867
0.381928
0.076982
0.688822
0.060183
0.050650
0.039548
0.045811
0.683450
0.375052
0.998505
0.682289
0.681431
0.681644
0.683798
0.404131
0.110272
0.124389
0.998505
0.077086
0.379249
0.085883
0.386949
0.692579
0.088926
0.390228
0.998505
0.694160
0.052180
0.998505
0.387274
0.694180
0.693701
0.692112
0.688394
0.378148
0.112434
0.998505
0.387756
0.086595
0.692337
0.063802
0.998505
0.370754
0.071277
0.998505
0.697120
0.025819
0.998505
0.414238
0.395135
0.092648
0.365440
0.102910
0.058518
0.364281
0.697133
0.686348
0.131268
0.716892
0.141074
0.075365
0.687545
0.373717
0.362420
0.051770
0.049872
0.364655
0.681597
0.681711
0.366587
0.058623
0.998505
0.687276
0.687780
0.036816
0.368085
0.686454
0.378221
0.080614
0.072357
0.064436
0.694032
0.679962
0.690236
0.085511
0.998505
0.385459
0.060411
0.044517
0.376240
0.379235
0.385177
0.388294
0.072992
0.375681
0.063508
0.683499
0.048597
0.310996
0.068667
0.400510
0.998505
0.378782
0.688279
0.689186
0.075099
0.118681
0.647790
0.417411
0.078441
0.426747
0.446738
0.084524
0.050594
0.367654
0.371009
0.685355
0.371640
0.998505
0.367691
0.050142
0.370567
0.372119
0.684909
0.059447
0.370829
0.684032
0.056035
0.055147
0.055255
0.056281
0.057470
0.058059
0.058759
0.372314
0.059653
0.062340
0.372384
0.367173
0.373654
0.369476
1.000000
0.685799
0.055568
0.371244
0.074504
0.058039
0.085737
0.056624
0.004739
0.688886
0.051658
0.685048
0.372864
0.381605
0.082944
0.085780
0.139477
0.601280
0.594131
0.416039
1.000000
0.186556
0.287062
0.094694
0.090973
0.693318
0.698778
0.065224
0.370348
0.372232
0.376506
0.688685
0.069772
0.692951
0.063015
0.050601
0.039283
0.056173
0.043018
0.050887
0.054958
0.371502
0.067244
0.078482
0.087363
0.406716
0.373250
0.366419
0.373972
0.042340
0.364110
0.680655
0.363849
0.040059
0.031941
0.030621
0.358785
0.050725
0.673764
0.379026
0.070516
0.065725
0.076658
0.386844
0.406255
0.420059
0.368222
0.386797
0.369689
0.007623
0.997526
0.684320
0.346082
0.007435
0.688520
0.383080
0.436234
0.382310
0.622068
0.696946
0.301000
0.077824
0.086508
0.096667
0.404802
0.998505
0.147853
0.375300
0.094595
0.022625
0.443326
0.996876
0.045758
0.998505
0.054284
0.371558
0.371275
0.369809
0.369850
0.682323
0.680992
0.680249
0.047476
0.678286
0.045650
0.055653
0.057829
0.059303
0.369619
0.051285
0.365680
0.362801
0.376394
0.072603
0.116284
0.095610
0.375549
0.060117
0.056479
0.687650
0.371559
0.055053
0.069644
0.373440
0.367288
0.051305
0.046196
0.055938
0.096344
0.696208
0.145329
0.160616
0.067876
0.372906
0.318998
0.999001
0.102528
0.390497
0.390685
0.423228
0.379273
0.061650
0.998505
0.368074
0.078858
0.693701
0.386408
0.072478
0.076376
0.107373
0.376747
0.062946
0.998505
0.693985
0.390721
0.067044
0.684774
0.371969
0.063293
0.697120
0.069823
0.095025
0.399615
0.374142
0.115743
0.005576
0.089672
0.145577
0.401068
0.055392
0.057288
0.407585
0.716892
0.998505
0.716892
0.127955
0.101874
0.039315
0.051559
0.366731
0.367435
0.050052
0.050340
0.051632
0.367782
0.059861
0.375596
0.066027
0.370217
0.009125
0.671442
0.063219
0.380241
0.074028
0.374009
0.998505
0.075145
0.372436
0.082039
0.677302
0.004156
0.064550
0.999994
0.683095
0.038687
0.377205
0.077836
0.077388
0.381723
0.066555
0.998505
0.064266
0.688027
0.069894
0.077444
0.089033
0.082840
0.377994
0.058655
0.099551
0.012332
0.039926
0.998505
0.360510
0.456650
0.162383
0.121094
0.363868
0.048944
0.362759
0.053273
0.060379
0.998505
0.371640
0.368369
0.051111
0.371395
0.373478
0.685260
0.060648
0.370628
0.683935
0.055505
0.683339
0.683940
0.684694
0.685039
0.685230
0.687097
0.685230
0.685176
0.059175
0.054371
0.683797
0.053777
1.000000
0.057012
0.685327
0.053569
0.069645
1.000000
0.061319
0.137723
0.397605
0.378001
0.673374
0.051706
0.102705
0.100293
0.387922
0.068386
1.000000
0.685619
0.068470
0.316837
0.594131
0.465483
0.712394
0.417321
0.003887
0.391577
0.706258
0.389204
0.074381
0.074441
0.377638
0.374981
0.688756
0.372264
0.060121
0.681839
0.997526
0.366126
0.682742
0.681814
0.681772
0.683079
0.056151
0.373437
0.385418
0.398378
0.093173
0.673174
0.304979
0.129502
0.052786
0.363973
0.362935
0.997526
0.363502
0.039569
0.360004
0.997526
0.028643
0.362241
0.682746
0.371758
0.075791
0.384537
0.997526
0.004044
0.395906
0.375138
0.039520
0.681415
0.024504
0.370585
0.040130
0.008076
0.074841
0.686785
0.363681
0.374894
0.687302
0.132145
0.246249
0.119787
0.998505
0.403869
0.702033
0.998505
0.100405
0.089209
0.121237
0.121611
0.996876
0.077083
0.694077
0.383113
0.075184
0.075527
0.068408
0.372454
0.056253
0.052605
0.053817
0.368262
0.048812
0.364587
0.047803
0.041381
0.373742
0.687136
0.063324
0.685880
0.052111
0.044781
0.032197
0.686570
0.392785
0.687913
0.690501
0.382460
0.077377
0.381280
0.693021
0.383946
0.089698
0.395254
0.085735
0.375398
0.365912
0.365194
0.068924
0.998505
0.690717
0.442759
0.727572
0.173364
0.216920
0.748505
0.408949
0.694338
0.695113
0.720681
0.684114
0.999001
0.355726
0.019075
0.056660
0.071213
0.384486
0.078151
0.998505
0.385390
0.702373
0.422591
0.313148
0.078448
0.074863
0.383523
0.074145
0.067163
0.065232
0.374197
0.063609
0.066559
0.378777
0.328771
0.998505
0.108464
0.668930
0.742180
0.444490
0.407000
0.387356
0.377408
0.614756
0.407585
0.162147
0.161076
0.173003
0.998505
0.685377
0.049647
0.998505
0.369158
0.369020
0.683079
0.683405
0.369337
0.059719
0.998505
0.686825
0.382091
0.063873
0.686065
0.687142
0.381454
0.074140
0.687643
0.056419
0.103833
0.042144
0.665291
0.681801
0.665291
0.307671
0.288297
0.329787
0.605196
0.686202
0.689361
0.691448
0.380975
0.067169
0.376673
0.065483
0.998505
0.688027
0.380078
0.685887
0.682998
0.998505
0.380927
0.118503
0.696383
0.098303
0.375790
0.457669
0.107111
0.998505
0.003042
0.060660
0.053315
0.048521
0.686293
0.998505
0.063556
0.685676
0.372755
0.062681
0.684088
0.066770
0.374100
0.685494
0.058071
0.369067
0.368646
0.368789
0.370123
0.372557
0.373841
0.374610
0.997526
0.374747
0.374174
0.686408
0.041598
0.031904
0.686975
0.059131
0.057120
0.368598
0.049841
0.116595
0.701176
0.240032
0.417792
0.386536
0.690848
0.047217
0.685516
0.110273
0.408544
0.401433
0.332026
0.040693
0.387894
0.290195
0.678026
0.037802
0.402300
0.417321
0.696709
1.000000
0.074692
0.398005
0.094841
0.082444
1.000000
0.076476
0.376758
0.685998
0.372127
0.362330
0.045955
0.681839
0.059186
0.997526
0.051035
0.683079
0.366485
0.681109
0.373078
0.382744
0.393027
0.072838
0.682108
0.093807
0.696187
0.114332
0.365384
0.997526
0.046843
0.365949
0.050821
0.685542
0.049928
0.047822
0.371380
0.375335
0.687458
0.063299
0.997526
0.081630
0.426819
0.013797
0.997526
0.039761
0.341533
0.365096
0.375470
0.379111
0.997526
0.066844
0.684043
0.021387
0.366540
0.437106
0.702154
0.178116
0.070197
0.691934
0.391079
0.123077
0.397636
0.692925
0.998505
0.083141
0.105210
0.102864
0.387786
0.077397
0.088041
0.088264
0.386568
0.687105
0.374640
0.370887
0.683425
0.046867
0.050657
0.355625
0.361047
0.359835
0.365266
0.373212
0.687463
0.376707
0.687864
0.054913
0.345795
0.382523
0.013255
0.381207
0.093946
0.690986
0.382546
0.081741
0.383564
0.387457
0.690215
0.085988
0.998505
0.093428
0.369027
0.682361
0.998505
0.368311
0.079029
0.074818
0.424552
0.705672
0.051099
0.466107
0.308671
0.105181
0.391260
0.392670
0.694616
0.139218
0.343295
0.042340
0.717313
0.702851
0.401790
0.031908
0.069377
0.689726
0.301813
0.135444
0.305289
0.385361
0.691071
0.688173
0.072468
0.998505
0.689904
0.689258
0.375229
0.371425
0.053651
0.364606
0.365258
0.683481
0.039379
0.356949
0.073254
0.710885
0.335968
0.998505
0.699015
0.688051
0.016653
0.133105
0.681713
0.118420
0.368205
0.062883
0.684094
0.683064
0.684094
0.684598
0.369241
0.369734
0.371306
0.060819
0.686825
0.063262
0.062273
0.058840
0.061488
0.378795
0.070670
0.380906
0.061203
0.048672
0.618430
0.710362
0.409605
0.377148
0.245184
0.056077
0.348649
0.999994
0.042496
0.690851
0.382966
0.077233
0.070535
0.065041
0.998505
0.376999
0.067253
0.688959
0.379698
0.378672
0.054549
0.380927
0.998505
0.394312
0.998505
0.367337
0.639301
0.114231
0.692029
0.029419
0.053191
0.062878
0.684266
0.370457
0.060214
0.063883
0.378467
0.688202
0.066335
0.380555
0.075746
0.690212
0.067039
0.685397
0.056020
0.367917
0.367649
0.368029
0.370242
0.066174
0.377948
0.378733
0.687097
0.075658
0.077198
0.079891
0.033226
0.067686
0.057672
0.371606
0.369293
0.684434
0.050427
0.383018
0.440862
0.116163
0.394766
0.382662
0.367392
0.369876
1.000000
0.071213
0.601499
0.404441
0.078417
0.376339
0.042489
0.370366
0.602595
0.421363
0.120611
0.125707
0.355024
0.062478
0.693641
0.084132
0.390327
0.693674
0.693960
0.076199
0.376787
0.685483
0.366492
0.355069
0.045949
0.685561
0.376166
0.052774
0.682213
0.366096
0.364537
0.056018
0.997526
0.381821
0.692707
0.074843
0.686324
0.066381
0.687188
0.066879
0.997526
0.050059
0.050251
0.683703
0.372791
0.376744
0.378483
0.075402
0.687084
0.997526
0.687084
0.687458
0.064357
0.378203
0.109970
0.376937
0.043156
0.678597
0.032272
0.997526
0.061015
0.695340
0.688865
0.388293
0.390980
0.682073
0.054491
0.387666
0.688170
0.385219
0.042403
0.690653
0.065997
0.112508
0.070421
0.072120
0.382516
0.086224
0.996876
0.409597
0.088664
0.996876
0.691579
0.692688
0.386108
0.380238
0.374481
0.683425
0.680190
0.679225
0.359411
0.998505
0.034360
0.359280
0.368200
0.377413
0.069342
0.380390
0.689802
0.377447
0.063477
0.328330
0.145809
0.690638
0.087730
0.998505
0.690986
0.068991
0.391739
0.690215
0.998505
0.382765
0.098273
0.028167
0.043413
0.362997
0.365481
0.067084
0.390980
0.404725
0.090169
0.420986
0.702660
0.035521
0.059692
0.679282
0.049372
0.685457
0.009977
0.161434
0.027560
0.998505
0.150663
0.629764
0.393082
0.372809
0.074641
0.017123
0.678104
0.310144
0.070060
0.059880
0.067310
0.371748
0.379836
0.075181
0.689258
0.379428
0.376362
0.057298
0.684172
0.051397
0.368520
0.363089
0.370998
0.046614
0.430924
0.056724
0.998505
0.335968
0.392049
0.363781
0.088231
0.372663
0.605699
0.110696
0.380436
0.046978
0.682470
0.055995
0.684598
0.371702
0.371421
0.057716
0.061743
0.063524
0.062508
0.374950
0.374657
0.685564
0.374597
0.064544
0.687384
0.381253
0.066761
0.998505
0.052918
0.310749
0.683415
0.312214
0.077639
0.062359
0.685438
0.039883
0.369945
0.071630
0.691870
0.692932
0.692083
0.068358
0.377345
0.066317
0.066292
0.687922
0.375908
0.372752
0.060329
0.679627
0.084693
0.139816
0.057336
0.998505
0.107366
0.115244
0.998505
0.039777
0.040977
0.686022
0.373095
0.685306
0.686899
0.998505
0.058510
0.376357
0.706560
0.080325
0.363532
0.371890
0.061252
0.368178
0.367434
0.366330
0.366374
0.367331
0.373444
0.691772
0.382508
0.072273
0.689586
0.691624
0.091491
0.379994
0.399578
0.688827
0.715935
0.385714
0.062773
0.373554
0.367117
0.692140
1.000000
0.078445
0.381855
0.378754
0.684360
1.000000
0.369876
0.678889
0.674545
0.601499
0.059808
0.377402
0.687639
0.672024
0.362918
0.374279
0.383809
1.000000
0.127219
0.404340
1.000000
0.070440
0.064850
0.693071
0.072863
0.055389
0.057709
0.685133
0.051587
0.359309
0.699908
0.060610
0.367993
0.682978
0.051329
0.680955
0.052174
0.057816
0.687747
0.688417
0.082513
0.073964
0.997526
0.078942
0.736315
0.374011
0.054293
0.368235
0.055234
0.688413
0.683703
0.688005
0.380724
0.081210
0.079770
0.687084
0.079224
0.072893
0.378341
0.378780
0.087355
0.693132
0.388052
0.054092
0.997526
0.063483
0.687278
0.099349
0.091371
0.406660
0.386011
0.996728
0.055694
0.369836
0.998505
0.688170
0.054804
0.360309
0.347191
0.681275
0.998505
0.681275
0.684905
0.384481
0.697217
0.088736
0.079146
0.385896
0.076688
0.073702
0.070812
0.066779
0.062520
0.060605
0.366458
0.361295
0.677386
0.355649
0.358979
0.682125
0.687050
0.689883
0.691031
0.689802
0.998505
0.066886
0.391335
0.407392
0.682281
0.707102
0.060171
0.690986
0.365057
0.084777
0.374307
0.062676
0.382765
0.998505
0.117517
0.704634
0.063706
0.042857
0.065474
0.386775
0.390399
0.398784
0.398883
0.702660
0.998505
0.702660
0.059906
0.030233
0.684804
0.311149
0.998505
0.630365
0.197702
0.697765
0.053714
0.998505
0.322084
0.688736
0.394021
0.998505
0.027484
0.387674
0.063103
0.687822
0.998505
0.376765
0.382255
0.072808
0.381412
0.067087
0.063022
0.055734
0.041484
0.052652
0.056252
0.063159
0.371564
0.683564
0.998505
0.045226
0.635458
0.389266
0.417697
0.306176
0.063406
0.292657
0.486565
0.714468
0.429668
0.049416
0.050139
0.058307
0.685865
0.063447
0.058712
0.062989
0.998505
0.687228
0.375815
0.686791
0.686885
0.373736
0.374505
0.687603
0.066098
0.066638
0.384615
0.686400
0.047709
0.364762
0.998505
0.074634
0.998505
0.083055
0.063922
0.999994
0.376103
0.072472
0.084348
0.085494
0.077092
0.068941
0.998505
0.375614
0.065108
0.686859
0.373792
0.059353
0.054537
0.065988
0.998505
0.132562
0.998505
0.359457
0.150243
0.373769
0.386485
0.354611
0.051725
0.371842
0.372347
0.684869
0.064179
0.686899
0.071364
0.092714
0.710792
0.419606
0.080516
0.077127
0.033340
0.365475
0.365174
0.364900
0.365302
0.367564
0.371551
0.688283
0.069616
0.384357
0.391210
0.059948
0.068248
0.402329
0.434809
0.134043
0.386815
0.388357
0.386741
0.372133
0.367248
0.051198
0.692140
0.375102
0.688812
0.687614
0.381099
0.684360
0.370046
0.083125
0.601499
0.086395
0.382260
0.381248
0.045812
0.079009
0.380548
0.691151
0.103109
0.079057
0.378353
0.109258
0.693641
0.670913
0.069187
0.362506
0.368995
0.680663
0.998173
0.049272
0.050314
0.048692
0.366144
0.681853
0.365847
0.051946
0.368479
0.369234
0.997526
0.063708
0.688417
0.073257
0.379950
0.070729
0.088524
0.409433
0.997526
0.081096
0.371985
0.057558
0.997526
0.684383
0.073242
0.066591
0.292009
0.350237
0.065623
0.691971
0.695511
0.694848
0.380171
0.074780
0.385559
0.383222
0.997526
0.383269
0.068756
0.997526
0.111051
0.997526
0.126506
0.997526
0.075397
0.682073
0.049450
0.679943
0.049302
0.042267
0.363919
0.365264
0.683160
0.041079
0.368664
0.367652
0.083713
0.091157
0.083919
0.380530
0.384029
0.076403
0.686973
0.996876
0.062420
0.684692
0.685710
0.061886
0.058230
0.364271
0.679609
0.040706
0.998505
0.045872
0.373606
0.068955
0.075972
0.076770
0.381256
0.998505
0.082551
0.376582
0.998505
0.374415
0.238376
0.341514
0.122990
0.293250
0.684404
0.998505
0.041627
0.059970
0.087951
0.372862
0.359900
0.684534
0.054015
0.380569
0.385285
0.391753
0.396110
0.093511
0.702660
0.076779
0.680981
0.681187
0.375250
0.430048
0.335058
0.748088
0.081259
0.147558
0.093381
0.307927
0.390417
0.087716
0.172379
0.125405
0.097919
0.078605
0.998505
0.064988
0.687822
0.386007
0.386725
0.688501
0.063876
0.686553
0.367346
0.684101
0.680958
0.048917
0.688962
0.690179
0.072719
0.684120
0.374344
0.366437
0.685269
0.039206
0.303666
0.370962
0.050715
0.430035
0.414600
0.998505
0.399524
0.682850
0.682692
0.059947
0.375212
0.686442
0.377160
0.998505
0.376633
0.074559
0.386934
0.374891
0.375981
0.375733
0.687549
0.064655
0.998505
0.059593
0.695349
0.002180
0.326030
0.666963
0.001341
0.028153
0.095331
0.086235
0.999994
0.379227
0.383344
0.378308
0.389820
0.392923
0.077318
0.998505
0.066288
0.998505
0.064973
0.380009
0.376206
0.998505
0.045903
0.998505
0.374398
0.024465
0.034833
0.704308
0.675419
0.083869
0.081460
0.372604
0.382433
0.052437
0.371247
0.369648
0.371606
0.691053
0.097183
0.710792
0.712529
0.691431
0.388126
0.700001
0.061955
0.368721
0.365819
0.051532
0.050525
0.370704
0.374088
0.056907
0.056461
0.373419
0.369136
0.368238
0.388409
0.369534
0.672085
0.063192
0.369513
0.696794
0.688359
0.684253
1.000000
0.369056
0.371106
0.375846
0.377404
0.064501
0.068782
0.691157
0.387524
0.400617
0.135032
0.107066
0.689566
0.672350
0.692123
0.396390
0.087626
0.086951
0.092585
0.690714
0.072069
1.000000
0.359687
0.065253
0.071341
0.080160
0.036402
0.043236
0.047048
0.680896
0.998173
0.045404
0.045515
0.046223
0.047725
0.052002
0.683508
0.370438
0.372707
0.066193
0.379183
0.686194
0.687830
0.070296
0.670644
0.997526
0.066092
0.997526
0.654185
0.685162
0.066451
0.382764
0.997526
0.691878
0.330178
0.256365
0.033408
0.695511
0.389793
0.079773
0.687045
0.689953
0.692195
0.997526
0.383222
0.388692
0.091510
0.131505
0.425726
0.363032
0.167496
0.072044
0.686529
0.682762
0.045737
0.688155
0.033654
0.683163
0.031428
0.679046
0.355118
0.034005
0.364289
0.379049
0.696764
0.389201
0.386395
0.384023
0.689803
0.996728
0.071079
0.374348
0.996876
0.059380
0.685434
0.060723
0.685229
0.370213
0.363705
0.360944
0.054457
0.064475
0.375231
0.689344
0.380262
0.380406
0.385266
0.073586
0.689962
0.082924
0.376264
0.324725
0.068860
0.034244
0.998505
0.156463
0.053870
0.370839
0.381990
0.051853
0.388899
0.374046
0.684585
0.052235
0.369450
0.372647
0.378821
0.386446
0.693139
0.087431
0.084092
0.074962
0.058742
0.047957
0.170277
0.328557
0.149057
0.048082
0.086440
0.398299
0.676667
0.998505
0.676667
0.381309
0.385889
0.144668
0.689712
0.395240
0.360839
0.389097
0.692253
0.111927
0.745536
0.375406
0.685272
0.371773
0.683940
0.362018
0.348264
0.040443
0.066310
0.688962
0.071672
0.383784
0.374655
0.365040
0.369038
0.998505
0.370406
0.350771
0.058543
0.387820
0.125617
0.029278
0.686137
0.069701
0.998505
0.682692
0.374389
0.379571
0.374450
0.371708
0.079429
0.998505
0.693736
0.383427
0.066806
0.057254
0.686400
0.369695
0.074013
0.367312
0.080661
0.093531
0.292833
0.333604
0.280606
0.066324
0.999994
0.391199
0.378230
0.040667
0.080044
0.999994
0.084874
0.999994
0.081963
0.075283
0.686082
0.057709
0.045892
0.049679
0.057633
0.088770
0.693637
0.104313
0.327794
0.035812
0.688039
0.675419
0.076594
0.388634
0.387247
0.088900
0.061579
0.366877
0.059282
0.684780
0.054449
0.066934
0.063714
0.423874
0.403718
0.675079
0.998505
0.366986
0.070593
0.376533
0.370802
0.383868
0.374026
0.089954
0.051227
0.670990
0.019804
0.686614
0.073924
1.000000
0.381433
0.053364
0.684143
1.000000
0.065053
0.098161
0.381195
0.370444
0.366483
0.049517
0.060133
0.061304
0.063590
0.689076
0.691097
0.692092
0.392240
0.418828
0.749910
0.082813
0.087713
0.373765
0.365398
0.360114
0.375946
0.383997
0.389607
0.079715
1.000000
0.380212
0.062202
0.067231
0.687948
0.688500
0.998173
0.372234
0.681592
0.363902
0.680896
0.364113
0.997526
0.681036
0.368735
0.054549
0.684082
0.372978
0.375116
0.066155
0.376313
0.997526
0.059720
0.997526
0.107744
0.670644
0.287798
0.401886
0.063331
0.684626
0.058503
0.055939
0.007742
0.382283
0.380264
0.355132
0.060695
0.089701
0.093723
0.073838
0.371130
0.376327
0.385955
0.390139
0.082521
0.378972
0.298795
0.160645
0.084578
0.170541
0.004182
0.432970
0.695231
0.681231
0.051880
0.686500
0.370436
0.045607
0.340623
0.357312
0.038412
0.356250
0.678029
0.069310
0.394213
0.693267
0.084325
0.384459
0.076686
0.072328
0.066780
0.061126
0.058365
0.056471
0.684685
0.372553
0.371847
0.371906
0.057031
0.057310
0.690347
0.079293
0.077778
0.069287
0.998505
0.379223
0.383618
0.689962
0.691372
0.998505
0.691372
0.089729
0.382742
0.056635
0.164068
0.674609
0.998505
0.674609
0.367095
0.367111
0.060161
0.374248
0.686118
0.053454
0.366788
0.365723
0.689446
0.693139
0.694475
0.693420
0.384526
0.380046
0.369938
0.111359
0.998505
0.237136
0.356281
0.679928
0.377303
0.123209
0.009011
0.368036
0.381309
0.372540
0.998505
0.678824
0.710937
0.070125
0.391726
0.372472
0.414997
0.748313
0.074428
0.371415
0.367847
0.049011
0.679564
0.353582
0.342503
0.060649
0.380416
0.060132
0.063853
0.075468
0.085883
0.383811
0.386349
0.071869
0.046857
0.069617
0.617881
0.061036
0.998505
0.496150
0.700456
0.435080
0.061621
0.077609
0.071185
0.062163
0.078458
0.692678
0.110998
0.141976
0.075768
0.688313
0.690057
0.379046
0.357920
0.330161
0.417395
0.096394
0.694770
0.998505
0.077168
0.686315
0.297967
0.080736
0.362328
0.074255
0.999994
0.687925
0.347772
0.079361
0.999994
0.392995
0.694609
0.075754
0.371467
0.059248
0.998505
0.353012
0.362829
0.402933
0.425090
0.998505
0.123121
0.040687
0.341550
0.064837
0.998505
0.381942
0.077383
0.998505
0.378681
0.062582
0.060100
0.371389
0.370261
0.693201
0.998505
0.059100
0.128422
0.011972
0.421127
0.423394
0.017649
0.077253
0.018375
0.054062
0.997526
0.689046
0.701876
0.049189
0.375942
0.053345
0.394069
0.686694
0.393496
0.073018
0.039139
0.055865
1.000000
0.066876
0.058839
0.041075
0.049786
1.000000
0.046149
0.373599
0.690308
0.067163
0.377042
0.691097
0.388313
0.152349
0.008290
0.013845
0.420739
0.383491
0.363900
0.692489
0.689094
0.693636
0.693735
1.000000
0.385173
0.057773
0.053720
0.688118
0.377557
0.687948
0.063988
0.368837
0.681906
0.050792
0.365763
0.680602
0.052333
0.368735
0.997526
0.060268
0.685180
0.376200
0.069662
0.067022
0.686784
0.374467
0.058434
0.680766
0.099153
0.427770
0.182045
0.377362
0.378023
0.067880
0.686939
0.683407
0.672134
0.072227
0.366687
0.044054
0.385671
0.674581
0.383617
0.067018
0.044979
0.049813
0.077962
0.691878
0.997526
0.365943
0.270431
0.602271
0.026207
0.997526
0.185504
0.695231
0.997526
0.350083
0.039639
0.685086
0.386030
0.072975
0.040567
0.104751
0.389768
0.068786
0.082173
0.090020
0.386039
0.689050
0.394890
0.077468
0.688412
0.381095
0.375346
0.371851
0.685000
0.684685
0.998505
0.058817
0.371031
0.370079
0.686174
0.690347
0.401414
0.693310
0.998505
0.070419
0.688242
0.058590
0.378363
0.689829
0.378839
0.076629
0.692487
0.692968
0.107210
0.034973
0.358651
0.341961
0.005065
0.045755
0.677982
0.362806
0.041309
0.689207
0.062988
0.685858
0.050358
0.362090
0.055202
0.068786
0.078180
0.080094
0.383341
0.379462
0.373656
0.373554
0.090662
0.007316
0.168785
0.122457
0.385965
0.692834
0.086550
0.613458
0.087606
0.998505
0.037529
0.398949
0.354701
0.095997
0.411419
0.415596
0.131268
0.073643
0.370505
0.048401
0.681396
0.365478
0.052511
0.053730
0.067215
0.070963
0.686067
0.685074
0.689544
0.694349
0.998505
0.087591
0.998505
0.069974
0.728462
0.998505
0.136224
0.745846
0.357922
0.300685
0.136476
0.076448
0.091514
0.998505
0.687693
0.687585
0.008258
0.019127
0.096388
0.596492
0.080886
0.043791
0.374528
0.374041
0.326888
0.040685
0.420608
0.088793
0.391375
0.075849
0.382875
0.998505
0.374506
0.056498
0.066624
0.748197
0.312289
0.659838
0.314662
0.383502
0.074100
0.389607
0.381290
0.378092
0.078704
0.998505
0.044164
0.375832
0.998505
0.401819
0.134148
0.487668
0.032992
0.035532
0.998505
0.050917
0.690733
0.381966
0.069444
0.378681
0.998505
0.687180
0.057057
0.060115
0.057064
0.371116
0.692223
0.073010
0.997526
0.020869
0.598378
0.143499
0.351779
0.674506
0.085316
0.393683
0.008254
0.396978
0.378550
0.693572
0.675927
0.997526
0.064070
0.393496
0.396671
0.391751
0.687768
0.693354
0.061202
1.000000
0.058437
0.378159
0.361655
0.358352
0.685430
1.000000
0.383360
0.381411
0.087581
0.687966
0.371252
0.704277
0.418610
0.094165
0.620414
0.068803
0.688370
0.072932
0.407877
0.438307
0.379441
0.075299
0.691975
0.058034
0.998173
0.055376
0.055389
0.687088
0.058011
0.053658
0.683535
0.053265
0.055589
0.682686
0.370953
0.371922
0.375201
0.069795
0.070257
0.072205
0.997526
0.063451
0.374184
0.054886
0.683285
0.051940
0.386760
0.997526
0.700036
0.378565
0.071331
0.997526
0.062491
0.048898
0.009715
0.101604
0.685338
0.369130
0.671285
0.056502
0.685213
0.375851
0.378771
0.065011
0.397622
0.094020
0.387810
0.398556
0.414793
0.014191
0.161940
0.298450
0.025552
0.109089
0.372880
0.672741
0.038273
0.998505
0.380728
0.096589
0.996728
0.319349
0.421803
0.430636
0.096126
0.690065
0.384602
0.996728
0.075537
0.381580
0.384259
0.384575
0.381840
0.374058
0.371633
0.685000
0.370838
0.371580
0.055282
0.367984
0.369831
0.389634
0.400371
0.098892
0.384485
0.682787
0.371621
0.683207
0.057750
0.687381
0.375325
0.070377
0.692968
0.090611
0.431177
0.363562
0.362458
0.338033
0.677165
0.677982
0.998505
0.677982
0.425037
0.288963
0.124043
0.384064
0.369076
0.366783
0.369637
0.375098
0.690984
0.691790
0.998505
0.075041
0.998505
0.029003
0.132738
0.998505
0.111222
0.092801
0.391560
0.695311
0.381537
0.398905
0.493814
0.692221
0.024675
0.998505
0.379592
0.399708
0.109472
0.093676
0.076614
0.685964
0.369930
0.049199
0.679617
0.053347
0.998505
0.687825
0.392874
0.074506
0.377392
0.371894
0.376970
0.388227
0.396276
0.396427
0.079231
0.690299
0.373768
0.149799
0.048248
0.297483
0.064404
0.374714
0.064988
0.998505
0.063398
0.687693
0.375673
0.039959
0.998505
0.367948
0.435132
0.648830
0.596492
0.681359
0.377565
0.388524
0.119353
0.747950
0.306529
0.395121
0.096296
0.679833
0.066027
0.064868
0.059010
0.062905
0.687911
0.680614
0.121549
0.624359
0.051088
0.058180
0.399509
0.061518
0.072806
0.027065
0.078280
0.083698
0.073811
0.998505
0.375832
0.112123
0.998505
0.062821
0.998505
0.155628
0.104906
0.097354
0.381966
0.998505
0.075749
0.377227
0.687180
0.373836
0.683936
0.053506
0.684036
0.683878
0.060984
0.997526
0.074321
0.689158
0.056906
0.074788
0.055700
0.438037
0.418014
0.625016
0.997526
0.011483
0.692628
0.378750
0.393927
0.099801
0.699777
0.398805
0.698428
0.697547
0.386678
1.000000
0.380784
0.069727
0.689077
0.692244
0.001489
0.017123
0.053075
0.069135
1.000000
0.020620
0.429090
0.307701
0.088369
0.727560
0.379235
0.076648
0.079228
0.382970
0.697095
0.682994
0.132050
0.371014
0.385977
0.382086
0.068417
0.363528
0.680615
0.046298
0.998173
0.049011
0.368946
0.998173
0.053264
0.997526
0.063899
0.374558
0.685785
0.376779
0.382980
0.693534
0.383464
0.074500
0.688503
0.686774
0.043469
0.048264
0.680972
0.045210
0.371819
0.388005
0.090118
0.057610
0.065552
0.072271
0.377773
0.073996
0.997526
0.388025
0.387400
0.374584
0.057319
0.061386
0.688565
0.686435
0.997526
0.686435
0.080249
0.385806
0.688944
0.693458
0.102660
0.374463
0.606303
0.665712
0.426137
0.997526
0.029502
0.996728
0.353257
0.053647
0.383235
0.049446
0.694364
0.658598
0.621713
0.378546
0.690065
0.996728
0.071581
0.065751
0.377253
0.381824
0.385963
0.996728
0.384560
0.998505
0.062007
0.684657
0.370635
0.052642
0.683785
0.049250
0.368153
0.379008
0.393665
0.368078
0.042001
0.062301
0.363979
0.685686
0.044756
0.064954
0.383112
0.073760
0.065275
0.048846
0.065728
0.325677
0.025993
0.027844
0.353135
0.352114
0.044997
0.101203
0.557251
0.225348
0.026341
0.366520
0.683966
0.366066
0.681255
0.056536
0.068554
0.075198
0.076334
0.380533
0.081202
0.393048
0.389861
0.405213
0.392633
0.385579
0.376474
0.688029
0.388796
0.383196
0.389090
0.153049
0.080671
0.083839
0.401788
0.693611
0.077549
0.687844
0.067574
0.685682
0.371991
0.055548
0.681520
0.063000
0.687825
0.382041
0.381291
0.078581
0.688461
0.052986
0.377191
0.385845
0.397106
0.395394
0.398806
0.700348
0.111636
0.998505
0.746791
0.374038
0.374124
0.374491
0.372687
0.058347
0.051907
0.686592
0.061183
0.377214
0.672042
0.685470
0.308776
0.017713
0.356260
0.367576
0.372546
0.393515
0.376521
0.319445
0.067295
0.403641
0.033755
0.998505
0.063314
0.998505
0.059214
0.998505
0.070716
0.374263
0.370895
0.683940
0.683163
0.679351
0.061526
0.999994
0.096282
0.693848
0.697427
0.999994
0.095756
0.062932
0.382088
0.088324
0.125111
0.697339
0.491946
0.078692
0.033215
0.998505
0.147737
0.085334
0.696773
0.372749
0.363606
0.683936
0.357458
0.046727
0.684446
0.058050
0.372165
0.063190
0.376949
0.686880
0.065799
0.685967
0.688307
0.997526
0.087400
0.067037
0.311948
0.112336
0.400496
0.007112
0.472087
0.053242
0.688259
0.110399
0.092526
0.089462
0.085946
0.385433
0.693260
0.069369
0.071694
1.000000
0.366240
1.000000
0.058882
1.000000
0.383705
0.671953
0.233269
0.073699
0.360894
0.685387
0.379648
0.056915
0.997526
0.050413
0.108658
0.024613
0.377493
0.078618
0.373298
0.388905
0.689464
0.372656
0.375133
0.026363
0.025740
0.033906
0.048091
0.682255
0.365845
0.370894
0.065890
0.368111
0.051600
0.692108
0.383356
0.081011
0.675228
0.064685
0.063160
0.366969
0.678067
0.353439
0.043956
0.361261
0.060536
0.403132
0.068520
0.997526
0.676396
0.682436
0.688296
0.687290
0.385482
0.068043
0.372238
0.682910
0.383726
0.383651
0.070993
0.073457
0.070643
0.067148
0.070386
0.388847
0.997526
0.080529
0.068748
0.997526
0.000424
0.352818
0.997526
0.426137
0.066983
0.034340
0.066048
0.387061
0.691842
0.089487
0.658598
0.000701
0.082738
0.326622
0.307378
0.062363
0.061758
0.996728
0.373429
0.372642
0.378021
0.384758
0.088902
0.376222
0.372826
0.368856
0.683909
0.047294
0.681266
0.045219
0.052367
0.374196
0.362955
0.302854
0.372246
0.998505
0.070293
0.060124
0.361794
0.998505
0.684694
0.071445
0.687323
0.678191
0.666335
0.661626
0.998505
0.012070
0.060050
0.118769
0.384436
0.223761
0.421719
0.998505
0.442030
0.080622
0.058053
0.363155
0.675640
0.362922
0.058245
0.378484
0.687792
0.068304
0.389290
0.391791
0.686847
0.384580
0.375349
0.998505
0.058284
0.998505
0.073227
0.391168
0.073803
0.129020
0.745800
0.700737
0.392361
0.388484
0.064493
0.685073
0.064804
0.683461
0.056321
0.059453
0.685961
0.075259
0.690862
0.077657
0.998505
0.050144
0.367529
0.366958
0.374148
0.385812
0.391679
0.406930
0.412663
0.705328
0.391090
0.126755
0.375328
0.374166
0.066241
0.063674
0.058901
0.051754
0.048484
0.367844
0.059322
0.686154
0.052455
0.073241
0.084179
0.686152
0.050578
0.077701
0.079633
0.069564
0.050018
0.060891
0.362887
0.347128
0.323526
0.001564
0.407362
0.688295
0.083084
0.689219
0.082063
0.690165
0.057622
0.363901
0.679351
0.050348
0.999994
0.076620
0.999994
0.404367
0.382938
0.076081
0.084459
0.061657
0.017745
0.154942
0.998505
0.412309
0.288614
0.053521
0.998505
0.410692
0.003027
0.195105
0.080030
0.399928
0.359243
0.676142
0.351793
0.064252
0.371576
0.683813
0.371534
0.372359
0.374143
0.068856
0.380961
0.378638
0.370514
0.688307
0.058282
0.684459
0.746241
0.997526
0.111256
0.408652
0.034271
1.000000
0.124291
0.095173
0.385650
0.384960
1.000000
0.083770
0.069759
0.387243
0.388102
0.384925
0.093418
0.673996
0.071147
0.083551
0.058383
0.621942
0.374225
0.061467
0.063448
0.690045
0.375964
0.373133
0.074061
0.347473
0.407408
0.170617
0.105361
0.386375
0.077311
0.064219
0.073797
0.066129
0.030728
0.998173
0.091502
0.382272
0.998173
0.363877
0.371660
0.062666
0.046357
0.364253
0.997526
0.362700
0.373100
0.068248
0.678175
0.683323
0.997526
0.043981
0.016820
0.342961
0.047277
0.042496
0.412929
0.378974
0.997526
0.373057
0.309287
0.365210
0.377867
0.073028
0.078269
0.068535
0.683143
0.368231
0.069684
0.691682
0.387707
0.385867
0.383475
0.380975
0.392581
0.387734
0.070090
0.380151
0.387144
0.396169
0.381043
0.030401
0.182698
0.023899
0.089994
0.360675
0.394953
0.101319
0.069136
0.064484
0.059956
0.736664
0.996728
0.342860
0.369469
0.369523
0.373742
0.062738
0.061424
0.362096
0.384240
0.391455
0.080545
0.068847
0.374711
0.368575
0.682684
0.044693
0.362442
0.047065
0.684070
0.369221
0.339279
0.366573
0.387736
0.382278
0.695913
0.075569
0.362213
0.384059
0.692911
0.070559
0.049126
0.060115
0.046201
0.324111
0.337049
0.694130
0.109324
0.708269
0.998505
0.408627
0.065859
0.138435
0.998505
0.385916
0.049508
0.349519
0.691982
0.349489
0.052828
0.374859
0.685331
0.064895
0.687741
0.065855
0.063102
0.375343
0.998505
0.057256
0.998505
0.369936
0.077095
0.998505
0.696966
0.386071
0.107477
0.110547
0.099749
0.131768
0.003903
0.434868
0.998505
0.688288
0.049892
0.362443
0.369768
0.087097
0.694871
0.090122
0.036181
0.367227
0.364480
0.370026
0.385425
0.396631
0.386582
0.114258
0.407343
0.700916
0.397737
0.387270
0.381187
0.092468
0.697564
0.375523
0.686012
0.683361
0.052104
0.372535
0.998505
0.374322
0.138973
0.998505
0.408116
0.129079
0.690937
0.389137
0.395826
0.071821
0.998505
0.367570
0.351457
0.034016
0.626546
0.081182
0.710044
0.701328
0.420930
0.418782
0.386623
0.379481
0.070357
0.375106
0.368012
0.417286
0.088146
0.681942
0.379548
0.392163
0.071157
0.684104
0.687618
0.685730
0.112731
0.693141
0.104234
0.037584
0.355332
0.013120
0.441456
0.742123
0.215592
0.706996
0.998505
0.077862
0.701659
0.367591
0.072489
0.375383
0.375670
0.062652
0.060258
0.684937
0.374471
0.068289
0.379103
0.374810
0.690645
0.367595
0.288998
0.428084
0.098009
0.112992
0.039301
0.075207
0.397966
0.093187
0.377848
0.377136
0.691404
1.000000
0.080331
1.000000
0.068510
0.069992
0.382287
0.400233
1.000000
0.398698
0.685817
0.679224
0.706040
0.074801
0.686586
0.378656
0.064608
0.061403
0.060083
0.040901
0.291365
0.071108
0.020443
0.689852
0.094672
0.378919
0.375004
0.370404
0.371392
0.671736
0.997526
0.086270
0.413820
0.998173
0.381625
0.063480
0.065313
0.997526
0.067326
0.343120
0.672878
0.052337
0.088728
0.013202
0.033289
0.678175
0.040198
0.997526
0.677644
0.032353
0.049879
0.696445
0.682312
0.418931
0.407763
0.072586
0.108576
0.065162
0.068097
0.378227
0.070371
0.370675
0.684417
0.683143
0.068287
0.689954
0.384191
0.692695
0.691171
0.075034
0.997526
0.385251
0.692284
0.997526
0.692284
0.696289
0.007436
0.491076
0.630821
0.997526
0.630821
0.691377
0.391051
0.370528
0.349631
0.366739
0.686648
0.375918
0.123141
0.074532
0.374545
0.372850
0.377745
0.068897
0.390067
0.383285
0.358145
0.079563
0.998505
0.688699
0.378803
0.063625
0.366662
0.357828
0.044761
0.998505
0.366240
0.068804
0.998505
0.384504
0.719516
0.397543
0.998505
0.093118
0.004030
0.165609
0.039498
0.023591
0.367497
0.376018
0.357857
0.041429
0.059107
0.355387
0.366845
0.174490
0.105947
0.998505
0.395267
0.689938
0.082731
0.064760
0.353757
0.393441
0.694678
0.389927
0.042191
0.685331
0.998505
0.374568
0.684764
0.680204
0.684254
0.682825
0.066270
0.076725
0.074489
0.048337
0.380188
0.408207
0.118812
0.367516
0.705409
0.697758
0.705842
0.710890
0.088617
0.380841
0.376713
0.383516
0.358969
0.352785
0.395609
0.094525
0.694773
0.694916
0.025990
0.353625
0.367330
0.372565
0.378798
0.088236
0.691905
0.107771
0.402158
0.998505
0.400511
0.392828
0.096353
0.706234
0.084956
0.998505
0.370241
0.360927
0.057845
0.378808
0.688771
0.062946
0.148709
0.408116
0.616292
0.091856
0.998505
0.081180
0.383448
0.383636
0.367570
0.998505
0.033614
0.035245
0.349036
0.066675
0.117640
0.323906
0.104177
0.089049
0.091264
0.073538
0.378015
0.376606
0.999994
0.100635
0.632874
0.364340
0.390604
0.403905
0.066473
0.998505
0.371330
0.375752
0.070564
0.374301
0.998505
0.685439
0.069402
0.087168
0.076932
0.114690
0.051894
0.093737
0.392317
0.057229
0.687618
0.378820
0.076855
0.379372
0.997526
0.688095
0.062660
0.372644
0.374839
0.062480
0.061276
0.374868
0.371921
0.032885
0.067081
0.003612
0.144483
0.394451
0.997526
0.087522
0.369438
0.372151
0.074056
1.000000
0.065028
0.691404
0.071830
0.385650
0.397404
0.690458
0.698589
0.439830
0.106036
0.685817
0.367886
0.393201
0.407969
0.078002
0.072404
1.000000
0.690285
0.689164
0.370547
0.997526
0.352712
0.007243
0.055787
0.691555
0.997526
0.378214
0.683110
0.997526
0.051959
0.386348
0.671736
0.031500
0.692274
0.699373
0.069990
0.997526
0.377580
0.067862
0.376666
0.066489
0.364002
0.387180
0.688397
0.997526
0.376562
0.031630
0.048047
0.352019
0.010777
0.035872
0.050274
0.361515
0.388162
0.674733
0.379265
0.711101
0.092095
0.690363
0.437875
0.406313
0.072359
0.375730
0.997526
0.061022
0.381372
0.997526
0.689954
0.383680
0.058712
0.077852
0.692678
0.396468
0.394284
0.383866
0.395411
0.111456
0.368610
0.290614
0.443992
0.002950
0.377541
0.367060
0.686351
0.372070
0.679292
0.681018
0.370674
0.063939
0.384130
0.690815
0.078853
0.076761
0.383565
0.703072
0.373170
0.389754
0.076272
0.693097
0.385021
0.382768
0.374566
0.998505
0.042077
0.355167
0.044518
0.681715
0.368643
0.370552
0.101340
0.126242
0.435244
0.117880
0.086263
0.058196
0.998505
0.101189
0.369645
0.367489
0.681960
0.033783
0.386043
0.019471
0.681978
0.088132
0.360771
0.998505
0.372480
0.077694
0.074111
0.119789
0.698953
0.386066
0.053211
0.393516
0.693916
0.387791
0.070390
0.055302
0.052812
0.056656
0.062064
0.047776
0.362494
0.377774
0.700357
0.696142
0.679975
0.998505
0.391216
0.429795
0.059520
0.673782
0.385465
0.090426
0.083736
0.451191
0.098939
0.057474
0.998505
0.046375
0.359755
0.384615
0.077229
0.075649
0.381152
0.063962
0.385196
0.386505
0.061388
0.687289
0.057125
0.691905
0.998505
0.074857
0.700828
0.104581
0.090066
0.400909
0.678284
0.407900
0.074902
0.685384
0.365883
0.349177
0.345853
0.015959
0.367170
0.998505
0.055887
0.023367
0.744894
0.006817
0.073231
0.998505
0.691332
0.692003
0.383636
0.058528
0.034848
0.351774
0.061177
0.093322
0.326226
0.676451
0.700574
0.676451
0.701481
0.103598
0.088271
0.377371
0.056854
0.038902
0.686347
0.065492
0.414895
0.412823
0.147414
0.048588
0.358727
0.091991
0.055218
0.688574
0.685439
0.380733
0.391649
0.068918
0.998505
0.067286
0.050824
0.679586
0.361575
0.050904
0.686416
0.067272
0.691343
0.072915
0.688095
0.066754
0.997526
0.065850
0.373817
0.057754
0.997526
0.055805
0.060379
0.997526
0.685306
0.686674
0.096292
0.383032
0.384048
0.384645
1.000000
0.066976
0.364277
0.686142
0.044874
0.687891
0.079666
0.386286
0.083567
0.075831
0.081881
0.411382
0.390669
0.388423
0.382061
0.110387
0.390653
0.073799
1.000000
0.384033
0.383154
0.376845
0.373089
0.369428
0.366848
0.388045
0.005960
0.379032
0.074104
0.370214
0.364885
0.365697
0.997526
0.037863
0.696638
0.092974
0.087265
0.076201
0.380360
0.688258
0.379349
0.689215
0.374806
0.054001
0.067721
0.690062
0.383167
0.068033
0.363945
0.997526
0.682642
0.673503
0.671901
0.355200
0.060053
0.358194
0.358878
0.687547
0.997526
0.103304
0.090030
0.493415
0.450071
0.409532
0.394653
0.997526
0.375730
0.063359
0.997526
0.381372
0.381714
0.377712
0.681051
0.373828
0.042699
0.099033
0.058640
0.011860
0.416451
0.166677
0.692778
0.360311
0.071808
0.372077
0.681253
0.077113
0.386689
0.702109
0.065734
0.372588
0.365714
0.993522
0.061406
0.381204
0.680585
0.070301
0.395790
0.678428
0.996728
0.012283
0.686129
0.039035
0.399847
0.392621
0.079486
0.068174
0.026090
0.669456
0.023893
0.680216
0.032008
0.402942
0.998505
0.399546
0.157472
0.394034
0.306226
0.038983
0.048993
0.364293
0.684329
0.681960
0.998505
0.374215
0.626323
0.681978
0.998505
0.088562
0.361838
0.360779
0.061675
0.372796
0.491011
0.652139
0.153038
0.702618
0.399909
0.105888
0.084066
0.689595
0.380201
0.058773
0.373851
0.373062
0.684285
0.998505
0.044583
0.378484
0.692025
0.398047
0.033610
0.340105
0.389912
0.692325
0.326746
0.365888
0.063053
0.407518
0.088549
0.998505
0.406736
0.121358
0.686930
0.110918
0.056356
0.053147
0.687205
0.686610
0.371214
0.086738
0.070102
0.078412
0.616148
0.673380
0.001889
0.071045
0.089607
0.094630
0.998505
0.700828
0.062102
0.369040
0.682440
0.079717
0.089873
0.685624
0.364133
0.338941
0.350956
0.039467
0.266991
0.358788
0.386366
0.998505
0.399451
0.373508
0.381632
0.388975
0.060765
0.091344
0.390713
0.742147
0.678587
0.372733
0.998505
0.102607
0.698644
0.028295
0.998505
0.147652
0.412598
0.698042
0.109994
0.390523
0.372297
0.689632
0.062922
0.689014
0.100270
0.109772
0.075975
0.056359
0.065570
0.422334
0.003774
0.064730
0.688574
0.389073
0.298163
0.073086
0.072247
0.998505
0.066550
0.374320
0.363494
0.052101
0.684152
0.059663
0.378008
0.380596
0.688519
0.069614
0.071208
0.691402
0.070190
0.063033
0.684067
0.058220
0.685832
0.383655
0.387793
0.694499
0.070004
0.089002
0.069075
0.689069
0.082772
0.076377
1.000000
0.364277
0.040179
0.684895
0.081231
0.401159
0.392949
1.000000
0.075862
0.398274
1.000000
0.376066
0.408921
0.098865
0.078810
1.000000
0.385788
0.068442
0.016058
0.083878
0.060159
0.051438
0.343024
0.291054
0.036492
0.106950
0.997526
0.059838
0.358230
0.041589
0.365528
0.071526
0.669014
0.006145
0.068108
0.997526
0.074822
0.689266
0.381937
0.380449
0.070474
0.372117
0.997526
0.375139
0.043557
0.365567
0.374772
0.361040
0.353096
0.026079
0.028193
0.997526
0.094302
0.685946
0.015710
0.025769
0.015201
0.392319
0.697790
0.154769
0.712795
0.997526
0.097463
0.688839
0.066863
0.069129
0.688945
0.381921
0.377304
0.365690
0.087079
0.343518
0.997526
0.313812
0.693310
0.997526
0.137755
0.026601
0.675190
0.122691
0.378136
0.997526
0.688627
0.394915
0.397763
0.389358
0.684885
0.384376
0.066122
0.349086
0.037701
0.052481
0.677370
0.059663
0.065782
0.019701
0.110463
0.096629
0.343139
0.996414
0.395209
0.080810
0.688931
0.367914
0.365006
0.334361
0.007054
0.367944
0.072384
0.021602
0.091498
0.112922
0.067481
0.317132
0.413323
0.356347
0.419708
0.681378
0.690084
0.054300
0.383898
0.357650
0.690760
0.019016
0.060317
0.067301
0.352654
0.356992
0.684831
0.742993
0.274732
0.741654
0.064844
0.998505
0.384101
0.403030
0.122804
0.998505
0.068212
0.382566
0.381834
0.691770
0.373062
0.371415
0.055475
0.363990
0.386750
0.409784
0.401680
0.061538
0.404814
0.031468
0.998505
0.621103
0.389010
0.099474
0.396093
0.702821
0.322046
0.089614
0.437128
0.743614
0.455458
0.389018
0.051221
0.368408
0.371372
0.400807
0.089340
0.691030
0.383693
0.616148
0.073035
0.375554
0.383233
0.388151
0.397936
0.098362
0.095601
0.054655
0.998505
0.088333
0.700846
0.689961
0.376698
0.372350
0.336606
0.047373
0.069850
0.009295
0.053578
0.378733
0.430431
0.691056
0.693096
0.393951
0.408381
0.382048
0.145046
0.363300
0.041633
0.351691
0.376060
0.121895
0.694542
0.421550
0.096091
0.103339
0.106553
0.111987
0.052807
0.093970
0.381732
0.370583
0.689014
0.999994
0.689014
0.686413
0.682303
0.676685
0.700123
0.303525
0.083050
0.688571
0.047502
0.683444
0.669955
0.004246
0.998505
0.383479
0.690801
0.372499
0.369546
0.055516
0.364619
0.683420
0.053605
0.077662
0.381368
0.082541
0.691402
0.997526
0.691402
0.079730
0.078725
0.068266
0.040593
0.061216
0.082256
0.077331
0.696863
0.056011
0.372785
1.000000
0.689069
0.384475
0.375168
0.050845
0.048423
0.063344
0.081337
0.093453
1.000000
0.089059
0.069584
0.370525
0.695769
0.407502
0.383008
0.034389
1.000000
0.387457
0.064906
1.000000
0.347294
0.316658
0.379323
0.686961
0.361283
0.353478
0.100493
0.014197
0.083108
0.069815
0.051015
0.359238
0.065522
0.390951
0.121902
0.094898
0.997526
0.392694
0.385440
0.075894
0.689604
0.071064
0.690924
0.068516
0.371724
0.683849
0.058813
0.036758
0.997526
0.357638
0.354713
0.676428
0.041092
0.683827
0.056677
0.701383
0.049480
0.377789
0.376936
0.393898
0.700747
0.087933
0.123415
0.712795
0.390477
0.690859
0.067300
0.081507
0.081794
0.078588
0.065903
0.353962
0.292960
0.114205
0.300702
0.073074
0.079054
0.693310
0.082509
0.433680
0.421080
0.183892
0.390618
0.391039
0.366372
0.380054
0.376138
0.374128
0.993522
0.393592
0.068135
0.341572
0.357855
0.360204
0.996414
0.368353
0.996414
0.373276
0.088632
0.612881
0.019000
0.109248
0.399286
0.685303
0.377918
0.100541
0.271577
0.398232
0.339689
0.075630
0.998505
0.301195
0.321223
0.429373
0.297191
0.153770
0.322213
0.117739
0.681841
0.672713
0.057513
0.379447
0.059937
0.404814
0.354203
0.381383
0.688687
0.998505
0.060160
0.365043
0.371633
0.307424
0.741654
0.409814
0.706078
0.702618
0.107573
0.695318
0.700666
0.069006
0.692160
0.693043
0.691770
0.694583
0.072388
0.374743
0.378715
0.377230
0.089296
0.107500
0.424649
0.424202
0.117629
0.689801
0.308123
0.063996
0.071241
0.377370
0.436116
0.706933
0.747095
0.046453
0.158926
0.706685
0.998505
0.706685
0.694972
0.364285
0.071505
0.393123
0.099396
0.382568
0.375900
0.376301
0.375649
0.391874
0.379835
0.385938
0.998505
0.096700
0.390819
0.375655
0.682440
0.065645
0.701113
0.110039
0.697248
0.383901
0.349415
0.065129
0.690645
0.691883
0.998505
0.051999
0.362944
0.378633
0.998505
0.391092
0.113087
0.673398
0.703862
0.372680
0.667725
0.367241
0.405374
0.077471
0.998505
0.088567
0.694935
0.092150
0.403356
0.335898
0.375244
0.692357
0.374479
0.052061
0.686446
0.370631
0.368964
0.356901
0.016190
0.015834
0.685040
0.405527
0.439450
0.070745
0.688997
0.360377
0.003050
0.693361
0.081824
0.690801
0.073255
0.048484
0.022522
0.054135
0.677996
0.058745
0.083865
0.409354
0.101629
0.997526
0.088367
0.691402
0.388506
0.694832
0.694659
0.072043
0.376528
0.686430
0.692588
0.997526
0.383322
0.683716
1.000000
0.375259
0.380629
0.392977
0.059101
1.000000
0.369650
1.000000
0.072021
0.388772
0.088876
0.694681
0.081892
0.055602
0.374792
0.363840
0.371310
0.007217
0.090932
0.385986
0.086224
0.038433
1.000000
0.361774
0.380094
0.057871
0.362361
0.356670
0.063230
0.390961
0.997526
0.075853
0.365675
0.365477
0.696070
0.370767
0.367197
0.997526
0.388698
0.359577
0.079215
0.381146
0.688667
0.068086
0.688462
0.066104
0.370933
0.684589
0.682782
0.045002
0.678045
0.358183
0.359331
0.355496
0.043451
0.681978
0.369227
0.000447
0.164278
0.331638
0.378258
0.695661
0.092737
0.997526
0.382697
0.390139
0.371169
0.070194
0.078677
0.398553
0.400480
0.083553
0.691939
0.070133
0.073105
0.682132
0.063868
0.082784
0.997526
0.091569
0.069134
0.997526
0.133811
0.381870
0.099037
0.997526
0.091577
0.682795
0.371223
0.053280
0.052001
0.376454
0.369326
0.356636
0.363498
0.996414
0.048811
0.058011
0.684505
0.376742
0.002799
0.996414
0.292571
0.996414
0.362101
0.089577
0.383972
0.399258
0.044078
0.283570
0.438187
0.404823
0.296225
0.998505
0.604456
0.627440
0.744904
0.247096
0.670868
0.340789
0.434966
0.088850
0.086756
0.998505
0.080296
0.059553
0.397855
0.361364
0.384474
0.373372
0.372209
0.371083
0.380351
0.383572
0.323815
0.699194
0.404849
0.120910
0.395637
0.998505
0.384850
0.072182
0.386313
0.393565
0.389121
0.998505
0.694583
0.072203
0.686126
0.066693
0.998505
0.398164
0.413699
0.400090
0.432146
0.072603
0.998505
0.371647
0.052236
0.060574
0.998505
0.127601
0.303707
0.095627
0.698303
0.161044
0.452938
0.392070
0.359387
0.360390
0.677953
0.395178
0.096043
0.068371
0.687718
0.056121
0.390334
0.404474
0.367624
0.398153
0.078335
0.388889
0.695690
0.689209
0.678470
0.081871
0.697564
0.147481
0.411280
0.093429
0.121564
0.378812
0.380951
0.381531
0.691883
0.085934
0.369402
0.381424
0.389715
0.695919
0.050031
0.697890
0.117969
0.349829
0.306268
0.078548
0.383729
0.386483
0.076638
0.386063
0.089820
0.020388
0.402786
0.385858
0.406922
0.086056
0.075411
0.997526
0.363359
0.030628
0.030662
0.005268
0.366317
0.069415
0.090437
0.406980
0.010989
0.379115
0.687725
0.379831
0.087822
0.090742
0.696966
0.081794
0.692257
0.379767
0.368375
0.052878
0.383639
0.385680
0.410497
0.997526
0.414018
0.407938
0.100644
0.694166
0.091475
0.694659
0.096937
0.397730
0.384504
0.070305
0.076992
0.380066
0.373447
0.082168
0.093021
0.072772
0.361330
0.375905
0.018426
0.363350
0.068208
0.071415
1.000000
0.080713
1.000000
0.391170
0.078782
1.000000
0.057282
0.684591
0.022393
0.055603
0.695533
1.000000
0.695533
0.066644
0.056020
0.689488
1.000000
0.687014
0.368528
0.364424
0.058802
0.690821
0.385059
0.683807
0.997526
0.369029
0.381063
0.997526
0.022408
0.370171
0.005605
0.056117
0.070063
0.064418
0.057883
0.051581
0.069731
0.687672
0.064785
0.372448
0.369305
0.035402
0.677272
0.347369
0.361262
0.040858
0.679244
0.364597
0.368108
0.099234
0.345276
0.682150
0.695661
0.695723
0.698379
0.105151
0.072030
0.040208
0.070682
0.417388
0.403637
0.397015
0.114607
0.702249
0.397208
0.388860
0.406597
0.089535
0.997526
0.098864
0.092636
0.698112
0.106469
0.108279
0.396388
0.100909
0.997526
0.402844
0.413724
0.075198
0.368198
0.993522
0.043730
0.050064
0.368696
0.363412
0.680124
0.051517
0.366889
0.996414
0.062562
0.686340
0.086433
0.311652
0.608007
0.063440
0.102006
0.676121
0.127810
0.139725
0.045651
0.322122
0.372461
0.689945
0.093564
0.599673
0.016867
0.422561
0.359608
0.407470
0.346677
0.998505
0.046120
0.698810
0.702567
0.392561
0.998505
0.036309
0.375063
0.383264
0.376986
0.382945
0.372273
0.374249
0.359948
0.370721
0.399644
0.119107
0.137625
0.698824
0.998505
0.094006
0.384261
0.085138
0.390400
0.696434
0.098002
0.694583
0.081690
0.065070
0.676614
0.073795
0.398164
0.998505
0.096307
0.402354
0.372992
0.025169
0.049586
0.367796
0.368622
0.381335
0.379011
0.998505
0.379955
0.083112
0.998505
0.391305
0.076436
0.362995
0.359807
0.364075
0.368232
0.397660
0.087159
0.998505
0.374250
0.072146
0.402753
0.379459
0.400819
0.414739
0.401845
0.055987
0.076233
0.068529
0.064069
0.692057
0.386159
0.402128
0.151012
0.369420
0.390635
0.064333
0.382426
0.689886
0.016151
0.031922
0.694648
0.064314
0.693875
0.090322
0.083139
0.697045
0.697890
0.073498
0.072662
0.998505
0.084023
0.086570
0.383506
0.376908
0.009070
0.464339
0.407357
0.997526
0.405782
0.997526
0.092257
0.681742
0.364032
0.693465
0.419401
0.375813
0.365802
0.367891
0.702730
0.044156
0.126491
0.377059
0.686422
0.379010
0.084318
0.695049
0.393871
0.389807
0.998505
0.692257
0.688002
0.067005
0.377750
0.407260
0.708371
0.702609
0.407780
0.417208
0.094105
0.396976
0.696504
0.395264
0.087988
0.093340
0.389543
0.693558
0.997526
0.064671
0.997526
0.366410
0.674572
0.060696
0.387472
1.000000
0.017789
0.368175
0.384621
0.387027
0.690760
0.693214
0.389953
0.404951
0.079889
0.691650
0.382393
0.122955
0.701257
0.147290
0.395595
0.695533
0.386614
0.073565
1.000000
0.380527
0.074069
0.074878
0.382687
0.372031
0.387701
0.086688
0.372763
0.056047
0.367921
0.357673
0.382954
0.024454
0.997526
0.672210
0.680880
0.678997
0.684861
0.682209
0.363399
0.369856
0.049369
0.070879
0.997526
0.373510
0.368843
0.365670
0.338628
0.292206
0.043817
0.677929
0.046586
0.681128
0.051325
0.072536
0.395620
0.340479
0.682150
0.099097
0.413715
0.997526
0.706048
0.095961
0.693327
0.412342
0.997526
0.102707
0.114278
0.698049
0.399171
0.997526
0.389191
0.113657
0.695486
0.706846
0.706819
0.397138
0.398918
0.404067
0.111084
0.283750
0.196728
0.717454
0.133664
0.706340
0.402340
0.113692
0.043083
0.675838
0.364519
0.369164
0.369846
0.682607
0.372400
0.683598
0.686421
0.380136
0.087631
0.082147
0.386642
0.996414
0.061141
0.717125
0.429166
0.625365
0.084755
0.077033
0.071720
0.068581
0.086146
0.399682
0.088874
0.360169
0.284746
0.118956
0.702524
0.420790
0.177901
0.084790
0.044334
0.057562
0.065075
0.403864
0.660854
0.073575
0.374747
0.377892
0.690155
0.072510
0.084591
0.060178
0.372807
0.117869
0.420776
0.409360
0.397193
0.692403
0.106718
0.082834
0.006170
0.099158
0.121502
0.091559
0.361225
0.063106
0.998505
0.355661
0.043160
0.405287
0.998505
0.392488
0.361132
0.024601
0.045785
0.370535
0.376955
0.391323
0.386637
0.383787
0.076910
0.674414
0.007892
0.382835
0.376031
0.372242
0.079965
0.418547
0.392041
0.371819
0.083613
0.380207
0.683724
0.110401
0.145551
0.998505
0.394622
0.048902
0.100369
0.299476
0.283653
0.349809
0.364398
0.045891
0.378861
0.363861
0.998505
0.072675
0.070843
0.376972
0.056405
0.049813
0.051781
0.375914
0.364860
0.084433
0.385344
0.368366
0.684234
0.685555
0.445160
0.031361
0.364524
0.389957
0.702503
0.700553
0.385099
0.377134
0.110864
0.997526
0.156707
0.703442
0.085930
0.699866
0.698651
0.083542
0.693465
0.113026
0.697393
0.686634
0.997526
0.686634
0.084864
0.374808
0.087543
0.374996
0.998505
0.374959
0.063868
0.093295
0.085224
0.998505
0.389807
0.382970
0.381907
0.066444
0.379633
0.687663
0.096604
0.407780
0.997526
0.393654
0.092522
0.400024
0.394224
0.094953
0.073598
0.386102
0.382086
0.387248
0.693558
0.389997
0.037164
0.381002
0.997526
0.021913
0.333207
0.687074
0.105634
0.394601
0.693813
1.000000
0.080266
0.097391
0.390104
0.402235
0.092954
0.691354
0.071850
0.314002
1.000000
0.384386
0.088344
0.695389
0.382303
0.389695
0.386660
0.077915
0.997526
0.093293
0.997526
0.398007
0.397954
0.071950
0.064321
0.997526
0.056865
0.369675
0.343328
0.688053
0.333366
0.315673
0.365137
0.371346
0.364611
0.041352
0.997526
0.681722
0.404244
0.064208
0.380673
0.059154
0.371362
0.053098
0.299365
0.059706
0.369261
0.047492
0.680710
0.053723
0.376989
0.997526
0.405276
0.117312
0.401995
0.117294
0.997526
0.413715
0.138880
0.695970
0.701312
0.167625
0.339233
0.691142
0.102919
0.997526
0.076664
0.694448
0.675738
0.408822
0.086595
0.412411
0.384109
0.081135
0.693741
0.110608
0.125279
0.240350
0.577065
0.287698
0.382273
0.993522
0.706340
0.707035
0.104677
0.347811
0.030502
0.365997
0.058313
0.376002
0.380142
0.380231
0.687593
0.072648
0.996414
0.045185
0.050824
0.687871
0.027897
0.402119
0.325925
0.674651
0.026892
0.384708
0.375831
0.680938
0.681247
0.405267
0.678863
0.682327
0.036203
0.302437
0.090092
0.131163
0.004921
0.998505
0.357905
0.671885
0.998505
0.072277
0.396932
0.686393
0.071730
0.374799
0.380746
0.081095
0.696336
0.998505
0.388875
0.141262
0.381177
0.420014
0.387761
0.998505
0.065033
0.998505
0.377208
0.998505
0.391935
0.074384
0.063787
0.069759
0.084270
0.627503
0.134585
0.107832
0.389281
0.065067
0.066402
0.067107
0.998505
0.073866
0.390021
0.696155
0.693125
0.079979
0.066278
0.665500
0.275502
0.058973
0.077114
0.389937
0.690933
0.387119
0.351725
0.381760
0.080229
0.691668
0.381445
0.063418
0.136171
0.078362
0.631336
0.408266
0.998505
0.002130
0.336005
0.368956
0.371721
0.687161
0.373318
0.081819
0.381490
0.998505
0.689820
0.059309
0.369420
0.998505
0.051080
0.686089
0.998505
0.080671
0.681316
0.684234
0.998505
0.382775
0.391980
0.123030
0.041628
0.090042
0.696653
0.096544
0.389716
0.376303
0.073648
0.130824
0.358086
0.093447
0.404078
0.384201
0.443315
0.434975
0.070388
0.003408
0.745504
0.310716
0.065609
0.062167
0.373998
0.388181
0.079596
0.067721
0.063187
0.685085
0.077473
0.388471
0.688512
0.070753
0.077182
0.378267
0.376977
0.061932
0.073731
0.074739
0.381740
0.081286
0.696935
0.383882
0.091570
0.699289
0.109390
0.695415
0.690103
0.997526
0.690103
0.088024
0.367143
0.669311
0.287098
0.086509
0.370822
0.019393
0.362160
0.668149
0.066349
0.380267
0.385349
0.386007
0.385183
0.087282
0.697269
0.694243
0.080763
0.382224
0.303743
1.000000
0.006658
0.378911
0.079850
0.388336
0.086388
0.076613
0.690861
0.080923
0.097477
0.109337
0.403644
0.113712
0.404763
0.087762
0.673574
0.677218
0.045094
0.058887
0.376088
0.997526
0.022666
0.120604
0.056594
0.047210
0.356114
0.038923
0.430509
0.404244
0.997526
0.101331
0.997526
0.691759
0.380128
0.690503
0.061791
0.997526
0.375005
0.055456
0.680477
0.067855
0.311756
0.045295
0.402532
0.997526
0.138335
0.096583
0.386460
0.429272
0.002146
0.997526
0.391771
0.452736
0.126343
0.096392
0.997526
0.400008
0.386627
0.016506
0.009929
0.070490
0.690293
0.071539
0.690836
0.685049
0.080026
0.122494
0.118461
0.398246
0.539272
0.079022
0.387674
0.436886
0.329749
0.407359
0.020417
0.349473
0.670329
0.360618
0.993522
0.066940
0.388094
0.087582
0.088883
0.095397
0.066835
0.378397
0.355342
0.046318
0.009072
0.058819
0.993522
0.694082
0.077428
0.090873
0.678708
0.363556
0.382164
0.374362
0.406260
0.067715
0.004737
0.064399
0.686413
0.704006
0.998505
0.112958
0.641650
0.392259
0.383216
0.006581
0.399582
0.697206
0.081446
0.377538
0.379580
0.345240
0.132944
0.388875
0.998505
0.080494
0.998505
0.066435
0.376373
0.074522
0.399077
0.676182
0.101168
0.054682
0.695287
0.690909
0.051901
0.998505
0.087819
0.104412
0.098626
0.381774
0.998505
0.687429
0.678793
0.380093
0.378958
0.086768
0.079047
0.100777
0.687442
0.380318
0.052742
0.699517
0.162413
0.720735
0.746891
0.081930
0.085401
0.367384
0.075490
0.998505
0.071560
0.690664
0.377458
0.686151
0.061415
0.390754
0.368130
0.354518
0.732598
0.302574
0.340020
0.044951
0.378975
0.998505
0.379772
0.377714
0.072304
0.689820
0.378571
0.372792
0.052411
0.367111
0.998505
0.058835
0.686089
0.058894
0.052935
0.055057
0.044233
0.687407
0.384401
0.098228
0.699279
0.998505
0.393128
0.389974
0.384719
0.380825
0.079280
0.397305
0.090579
0.374594
0.402016
0.382309
0.353767
0.429679
0.997526
0.686430
0.303238
0.385824
0.065392
0.997526
0.370756
0.388747
0.079624
0.997526
0.063511
0.687988
0.081701
0.359747
0.998505
0.068711
0.691348
0.377138
0.364365
0.071584
0.997526
0.075197
0.383884
0.383066
0.382528
0.383627
0.082066
0.086185
0.078429
0.115227
0.695415
0.075076
0.068024
0.127870
0.408269
0.094145
0.437609
0.015401
0.679622
0.100713
0.097007
0.080915
0.069760
0.378748
0.384243
1.000000
0.385490
0.059053
0.079881
0.386297
1.000000
0.382224
0.380906
0.301472
0.068323
0.691979
0.078067
0.997526
0.081159
0.682082
0.070048
0.077148
0.700662
0.702155
0.997526
0.702155
0.406421
0.084451
0.073891
0.364500
0.380948
0.997526
0.040927
0.387873
0.997526
0.697346
0.684648
0.682134
0.047096
0.063857
0.373705
0.441218
0.135448
0.033467
0.691759
0.076482
0.065459
0.056529
0.072246
0.390171
0.084244
0.682928
0.370698
0.367177
0.129596
0.624165
0.138366
0.699891
0.121181
0.678793
0.721128
0.291501
0.047942
0.396353
0.171400
0.698694
0.997526
0.400994
0.396931
0.394799
0.030709
0.997526
0.040416
0.377447
0.997526
0.055311
0.038857
0.690037
0.673338
0.683913
0.393161
0.099322
0.082934
0.011877
0.683300
0.019654
0.011596
0.022660
0.385806
0.397263
0.060187
0.358181
0.678802
0.068939
0.996414
0.395183
0.996414
0.060549
0.371892
0.996414
0.046749
0.734310
0.100626
0.132765
0.090599
0.067485
0.993522
0.147037
0.100193
0.032368
0.106495
0.011568
0.073222
0.067181
0.998505
0.687711
0.381814
0.366732
0.410767
0.157247
0.720158
0.118249
0.377668
0.074921
0.359433
0.696096
0.066976
0.376134
0.369223
0.130548
0.998505
0.047196
0.390872
0.017915
0.095941
0.370796
0.370928
0.393855
0.407506
0.388520
0.398603
0.711197
0.367155
0.377370
0.049743
0.692652
0.065922
0.390820
0.692850
0.998505
0.071776
0.678793
0.378715
0.379949
0.396578
0.092034
0.998505
0.067961
0.683273
0.687442
0.080616
0.998505
0.421747
0.998505
0.111731
0.998505
0.694398
0.386746
0.380301
0.069318
0.374619
0.374037
0.686151
0.045054
0.067543
0.397562
0.058906
0.390265
0.302574
0.669653
0.373358
0.998505
0.684380
0.378975
0.690168
0.382129
0.079170
0.690096
0.068866
0.684745
0.055823
0.369922
0.683713
0.061835
0.074428
0.081962
0.370717
0.681017
0.998505
0.040277
0.701552
0.071416
0.084423
0.699279
0.381157
0.069556
0.686176
0.377652
0.380003
0.101747
0.708753
0.386817
0.027084
0.052337
0.311144
0.347016
0.386199
0.080016
0.069075
0.000313
0.074246
0.360958
0.363714
0.384726
0.077335
0.689570
0.074959
0.682901
0.032181
0.683720
0.050629
0.074475
0.691346
0.373259
0.382058
0.381619
0.381543
0.058792
0.375765
0.378139
0.690168
0.073161
0.690176
0.997526
0.690176
0.098877
0.068121
0.997526
0.371753
0.081136
0.688421
0.010147
0.279719
0.421978
0.997526
0.097495
0.694130
1.000000
0.696604
0.070493
0.383595
0.380628
0.386772
0.387709
0.077611
0.693896
0.078797
0.381452
0.378454
0.375274
0.372346
0.375333
0.079285
0.693039
0.078036
0.997526
0.682082
0.078471
0.093544
0.404360
0.702155
0.405681
0.092491
0.997526
0.076296
0.378787
0.378943
0.689792
0.072360
0.671435
0.387766
0.373079
0.055365
0.055284
0.377717
0.093452
0.091109
0.997526
0.326529
0.112345
0.387078
0.388217
0.997526
0.075487
0.997526
0.398887
0.092088
0.061982
0.684529
0.367185
0.025525
0.155552
0.022028
0.392957
0.142291
0.073935
0.699977
0.160449
0.120298
0.997526
0.443442
0.096092
0.064854
0.391277
0.390838
0.377787
0.046699
0.665732
0.062054
0.997526
0.064067
0.047968
0.997526
0.347324
0.357100
0.135640
0.400125
0.148696
0.612307
0.359107
0.676044
0.358640
0.376030
0.317263
0.417957
0.105373
0.690976
0.045534
0.378190
0.393418
0.086690
0.085889
0.376183
0.690352
0.685063
0.364878
0.111733
0.408665
0.693435
0.090629
0.390814
0.386913
0.076174
0.370146
0.486747
0.392564
0.603891
0.727571
0.086239
0.380596
0.075596
0.073662
0.418569
0.112313
0.711471
0.143963
0.406918
0.998505
0.372189
0.375815
0.074964
0.378854
0.371609
0.060350
0.308854
0.033187
0.742598
0.320909
0.222841
0.122234
0.415691
0.702641
0.077926
0.998505
0.383299
0.998505
0.391274
0.057114
0.690657
0.374885
0.032040
0.682521
0.067904
0.686534
0.081553
0.080577
0.071726
0.385053
0.689777
0.394556
0.087521
0.396321
0.386128
0.056934
0.682919
0.059821
0.069714
0.092257
0.134890
0.416740
0.088036
0.694398
0.390540
0.387320
0.388172
0.382115
0.044925
0.684006
0.048980
0.375493
0.067589
0.397707
0.402155
0.362296
0.396640
0.006188
0.998505
0.064958
0.690319
0.381768
0.077844
0.384192
0.080843
0.691204
0.069977
0.686628
0.061869
0.382515
0.366089
0.374984
0.691089
0.998505
0.184593
0.061179
0.681017
0.070495
0.383740
0.102595
0.998505
0.384111
0.373622
0.059037
0.684483
0.373652
0.687007
0.102533
0.700089
0.061165
0.030090
0.116755
0.425311
0.627724
0.123038
0.067525
0.686710
0.689688
0.698546
0.426276
0.056385
0.686620
0.075657
0.691408
0.386858
0.383522
0.064727
0.685699
0.373685
0.081165
0.705463
0.129559
0.367527
0.346886
0.051587
0.357473
0.354141
0.362550
0.685587
0.062606
0.081420
0.690176
0.069096
0.298172
0.997526
0.367652
0.374311
0.062872
0.682726
0.378250
0.117272
0.698444
0.421978
0.108927
0.705283
0.384626
0.083001
0.057149
0.376830
1.000000
0.078394
0.698138
0.078975
0.695667
0.386220
0.380230
0.374096
0.063606
0.685788
0.066629
0.111859
0.385489
0.684761
0.368275
0.058856
0.997526
0.095373
0.401713
0.403497
0.700113
0.092127
0.387114
0.074859
0.375553
0.374954
0.376480
0.377267
0.687947
0.374382
0.058211
0.997526
0.684555
0.377484
0.077210
0.691356
0.692431
0.384054
0.032868
0.374635
0.690319
0.083809
0.378797
0.689736
0.692315
0.089055
0.997526
0.371569
0.035346
0.741842
0.997526
0.140315
0.400371
0.323128
0.375521
0.997526
0.699977
0.133710
0.378535
0.682862
0.039791
0.404233
0.040709
0.061470
0.060126
0.057432
0.046187
0.360320
0.045588
0.050969
0.031166
0.015801
0.666704
0.087738
0.439611
0.993517
0.068564
0.370773
0.676044
0.993517
0.375081
0.390825
0.156098
0.713976
0.396675
0.375513
0.363769
0.685061
0.068281
0.689429
0.688046
0.384396
0.356226
0.374384
0.996414
0.071277
0.310491
0.668105
0.064576
0.683005
0.068173
0.681846
0.066051
0.361309
0.086514
0.293500
0.295007
0.688254
0.696632
0.689187
0.699713
0.086507
0.998505
0.153360
0.413437
0.117036
0.685518
0.055336
0.041907
0.083936
0.072388
0.054297
0.372071
0.113668
0.327870
0.608570
0.008744
0.696810
0.113491
0.403898
0.701460
0.074967
0.063085
0.064509
0.391274
0.998505
0.081667
0.691095
0.122327
0.406228
0.120930
0.371255
0.998505
0.686534
0.689237
0.083284
0.690736
0.389304
0.081306
0.998505
0.388469
0.065885
0.365802
0.998505
0.371381
0.071446
0.385222
0.381776
0.687945
0.092564
0.397672
0.398027
0.407779
0.146234
0.421642
0.036874
0.679933
0.099517
0.323489
0.117258
0.098531
0.385733
0.695086
0.371805
0.998505
0.384001
0.071094
0.690105
0.380082
0.072636
0.682677
0.073681
0.691319
0.380706
0.376824
0.056210
0.435517
0.048824
0.678338
0.041066
0.440909
0.371011
0.686948
0.080094
0.185733
0.679697
0.085618
0.375594
0.373622
0.998505
0.051335
0.683635
0.376116
0.087692
0.055323
0.432632
0.488178
0.065341
0.375655
0.292402
0.747188
0.003717
0.373881
0.997526
0.070031
0.742700
0.354819
0.351023
0.366667
0.380785
0.379010
0.380092
0.379572
0.063008
0.684236
0.373085
0.083964
0.998505
0.401796
0.400952
0.285149
0.359180
0.063950
0.670059
0.031996
0.677122
0.356550
0.063446
0.694238
0.084531
0.380186
0.683147
0.373981
0.368518
0.050197
0.997526
0.368652
0.069251
0.687363
0.056990
0.686560
0.375609
0.378332
0.063600
0.997526
0.045234
0.086030
1.000000
0.695546
0.085666
1.000000
0.695667
0.692324
0.372496
0.371973
0.376026
0.387716
0.066828
0.741152
0.055335
0.369492
0.692625
0.399568
0.088363
0.181771
0.404823
0.148548
0.087724
0.692410
0.071470
0.371646
0.685083
0.370151
0.058494
0.685950
0.372389
0.058863
0.684555
0.060278
0.686812
0.383649
0.383072
0.381225
0.380649
0.001356
0.050775
0.095661
0.424046
0.997526
0.378797
0.084933
0.383193
0.384309
0.111822
0.313168
0.664541
0.036556
0.092712
0.384213
0.997526
0.395560
0.699977
0.136678
0.419874
0.314536
0.678152
0.616621
0.037162
0.376303
0.373633
0.360147
0.363999
0.032300
0.024672
0.030410
0.042267
0.669274
0.993517
0.341815
0.377240
0.394538
0.066359
0.040831
0.342448
0.018372
0.351528
0.715209
0.389661
0.317505
0.163572
0.991732
0.071566
0.991732
0.068503
0.360482
0.395985
0.389121
0.383249
0.379899
0.366687
0.683338
0.306206
0.668105
0.996414
0.035411
0.676986
0.051513
0.993522
0.055808
0.362009
0.993522
0.024714
0.287518
0.091511
0.066983
0.393070
0.378988
0.395034
0.392755
0.387739
0.998505
0.096621
0.673332
0.698725
0.395549
0.993535
0.694437
0.052664
0.363792
0.997169
0.099701
0.406653
0.674411
0.075937
0.370103
0.366224
0.373706
0.398188
0.383548
0.686873
0.366810
0.386288
0.107271
0.368809
0.378659
0.998505
0.064315
0.683859
0.686534
0.069629
0.691148
0.082891
0.692758
0.394040
0.086107
0.385992
0.690218
0.382514
0.070061
0.061321
0.998505
0.063614
0.375722
0.687945
0.998505
0.093784
0.998505
0.095326
0.744468
0.112514
0.682206
0.036553
0.414432
0.998505
0.175824
0.340366
0.418285
0.437711
0.092658
0.392458
0.384848
0.688777
0.065564
0.688179
0.065424
0.370975
0.998505
0.369304
0.374761
0.376817
0.056050
0.362360
0.387612
0.747575
0.647041
0.491643
0.100547
0.686948
0.998505
0.686948
0.067357
0.998505
0.037103
0.367407
0.684012
0.051133
0.683635
0.998505
0.683635
0.372269
0.997526
0.425375
0.365564
0.043664
0.997526
0.065927
0.609382
0.063166
0.683822
0.686710
0.043502
0.354819
0.997526
0.672518
0.667447
0.372640
0.371956
0.067248
0.369333
0.369959
0.998505
0.684236
0.375032
0.402774
0.998505
0.298131
0.364817
0.369624
0.021718
0.686534
0.025166
0.349092
0.675771
0.044161
0.690477
0.059083
0.373656
0.685809
0.365505
0.359136
0.360342
0.045303
0.363080
0.055840
0.997526
0.375016
0.058406
0.686294
0.374721
0.074548
0.678270
0.029720
1.000000
0.397596
0.402796
0.089392
0.695667
0.387085
0.064244
0.370232
0.369595
0.376047
0.383258
0.057694
0.379465
0.341113
0.688420
0.382783
0.414070
0.125586
0.997526
0.148025
0.693506
0.351409
0.383070
0.063961
0.364365
0.365244
0.368023
0.371017
0.684936
0.372044
0.372673
0.059133
0.997526
0.374741
0.373522
0.373770
0.376435
0.381889
0.151361
0.997526
0.039600
0.379797
0.684008
0.406024
0.686698
0.396922
0.073128
0.659431
0.130525
0.304524
0.691298
0.094474
0.130452
0.060545
0.354775
0.066446
0.421132
0.061278
0.672385
0.314928
0.370895
0.374615
0.049011
0.354235
0.997526
0.017774
0.666780
0.993517
0.666780
0.349469
0.357082
0.351166
0.338214
0.061317
0.070796
0.659760
0.009572
0.977455
0.069571
0.683654
