#dev
0.186686
0.929120
0.702418
0.024368
0.728237
0.597416
0.425901
0.466245
0.333051
0.102637
0.018085
0.934607
0.864955
0.835596
0.133522
0.425560
0.923369
0.761788
0.917794
0.421183
0.220475
0.263832
0.458050
0.859775
0.963741
0.126546
0.523255
0.637426
0.670789
0.124997
0.030895
0.952770
0.710953
0.875401
0.168628
0.527916
0.602094
0.329660
0.832662
0.052807
0.140633
0.895120
0.584653
0.239638
0.677311
0.984478
0.538107
0.129499
0.313069
0.923870
0.372774
0.365856
0.442340
0.131557
0.747324
0.498675
0.550851
0.121133
0.989812
0.078344
0.539233
0.962201
0.641588
0.768712
0.321990
0.862470
0.810414
0.491699
0.194816
0.517457
0.745828
0.109388
0.295387
0.040607
0.524938
0.360283
0.648457
0.855659
0.467013
0.060505
0.202549
0.856442
0.164614
0.433944
0.271476
0.853674
0.908789
0.182493
0.900159
0.504498
0.423753
0.492982
0.313382
0.213866
0.137498
0.904941
0.382628
0.296964
0.670451
0.245937
0.486429
0.872762
0.593288
0.951412
0.441982
0.628906
0.102662
0.905584
0.970136
0.850230
0.702295
0.710167
0.214428
0.764322
0.915706
0.359136
0.881277
0.639476
0.951978
0.880348
0.988701
0.718672
0.100198
0.417958
0.812445
0.518440
0.741439
0.651883
0.380762
0.528127
0.586061
0.670213
0.693697
0.662192
0.212155
0.574855
0.302686
0.929182
0.888726
0.966680
0.976861
0.653737
0.001844
0.140275
0.070554
0.924435
0.197796
0.545565
0.980996
0.927098
0.445231
0.929156
0.506905
0.881245
0.976370
0.246482
0.170073
0.831887
0.170291
0.990506
0.997802
0.699587
0.610935
0.176845
0.160351
0.382538
0.307108
0.881318
0.162813
0.193877
0.467119
0.575760
0.375006
0.348211
0.638786
0.542840
0.088189
0.160641
0.865819
0.471096
0.477455
0.150822
0.979895
0.897366
0.959260
0.649832
0.997113
0.044733
0.022442
0.069020
0.867764
0.728520
0.407590
0.722224
0.636077
0.409090
0.165288
0.494862
0.295455
0.055434
0.961635
0.458734
0.715035
0.754857
0.764872
0.457788
0.702594
0.827469
0.656668
0.189647
0.340951
0.555457
0.804728
0.316973
0.771244
0.351047
0.120474
0.832642
0.724619
0.708074
0.739300
0.428419
0.748867
0.413921
0.305795
0.868137
0.709963
0.154206
0.148732
0.717188
0.038911
0.594624
0.488756
0.838905
0.157212
0.654496
0.955721
0.427934
0.661926
0.736080
0.194515
0.338020
0.342874
0.993223
0.421789
0.888414
0.896123
0.022309
0.347079
0.245135
0.792377
0.957122
0.197986
0.900946
0.956110
0.525879
0.169761
0.485701
0.557918
0.971349
0.856375
0.375797
0.962100
0.491196
0.185971
0.821159
0.894494
0.282174
0.573778
0.038247
0.689183
0.984963
0.087043
0.130290
0.571268
0.051629
0.978132
0.477624
0.667305
0.880078
0.244520
0.312776
0.683341
0.673650
0.600415
0.461854
0.127414
0.442965
0.248841
0.335712
0.800714
0.034317
0.901474
0.315104
0.057776
0.066784
0.054576
0.052180
0.606606
0.320688
0.463199
0.248870
0.246777
0.934181
0.104404
0.248148
0.836514
0.333243
0.647359
0.848384
0.644568
0.603209
0.189706
0.919878
0.332317
0.076337
0.833032
0.446486
0.675742
0.688733
0.785187
0.048642
0.372388
0.689133
0.244927
0.866133
0.278756
0.959138
0.168160
0.122960
0.129148
0.536314
0.380013
0.980484
0.435125
0.284319
0.800129
0.360739
0.139626
0.503467
0.128737
0.726042
0.782494
0.955941
0.209031
0.004549
0.052568
0.236368
0.869738
0.609573
0.580456
0.954633
0.965015
0.202969
0.637275
0.226481
0.093313
0.373587
0.816576
0.761251
0.290858
0.849290
0.104813
0.276817
0.479027
0.327906
0.602359
0.300570
0.390116
0.326047
0.201386
0.982895
0.816721
0.916386
0.214982
0.565703
0.711865
0.399718
0.286636
0.432867
0.717780
0.368125
0.190380
0.400276
0.100339
0.524613
0.706263
0.368974
0.714899
0.781514
0.766870
0.812835
0.101076
0.548336
0.208818
0.559311
0.093705
0.707270
0.715759
0.064176
0.612104
0.263373
0.940715
0.104504
0.638450
0.233098
0.176485
0.603254
0.579510
0.420268
0.681390
0.848182
0.406613
0.727909
0.538596
0.731039
0.541167
0.707463
0.452262
0.973278
0.673623
0.777557
0.681460
0.644135
0.520684
0.811314
0.448559
0.247971
0.309014
0.436811
0.994895
0.251201
0.065604
0.996909
0.402253
0.235698
0.059207
0.733810
0.559961
0.865177
0.109633
0.696256
0.987281
0.103006
0.519730
0.393532
0.668944
0.553016
0.818176
0.354995
0.724900
0.447070
0.981038
0.995811
0.507168
0.572090
0.649680
0.272262
0.037476
0.821569
0.827236
0.251235
0.306500
0.938653
0.532303
0.370407
0.633156
0.365192
0.755855
0.764750
0.611542
0.758709
0.316157
0.752227
0.281826
0.131356
0.769460
0.562106
0.474257
0.505311
0.515847
0.542985
0.264432
0.380842
0.666225
0.778262
0.411351
0.948840
0.806316
0.872899
0.343150
0.230875
0.626751
0.249691
0.821052
0.937955
0.776941
0.932933
0.009118
0.654734
0.458233
0.313987
0.261932
0.688917
0.084627
0.832626
0.017307
0.895374
0.114736
0.900517
0.546296
0.669676
0.376074
0.503320
0.814864
0.894557
0.263685
0.994829
0.994146
0.562575
0.172701
0.123582
0.409607
0.345886
0.913791
0.777328
0.431078
0.155747
0.328648
0.495730
0.509609
0.455681
0.458525
0.173258
0.594507
0.348222
0.683045
0.473297
0.392688
0.439994
0.921832
0.206281
0.537424
0.757491
0.132238
0.928895
0.936306
0.199132
0.719185
0.421991
0.387439
0.690722
0.545870
0.860354
0.553843
0.492908
0.867159
0.740454
0.431180
0.482042
0.742756
0.060158
0.442333
0.290413
0.288600
0.408405
0.950149
0.408257
0.128174
0.319081
0.549749
0.787439
0.668064
0.251996
0.533980
0.574092
0.573754
0.399609
0.016536
0.872785
0.213585
0.180018
0.740557
0.305487
0.694317
0.998090
0.536576
0.581479
0.675919
0.855281
0.959776
0.705726
0.843077
0.616740
0.116900
0.298588
0.065317
0.638390
0.168791
0.114081
0.907305
0.687507
0.093446
0.171564
0.688469
0.313387
0.941388
0.260434
0.341083
0.429457
0.981784
0.352206
0.404624
0.728783
0.592669
0.931731
0.820003
0.779732
0.807206
0.321132
0.370050
0.330270
0.702559
0.957393
0.444654
0.315299
0.967723
0.648250
0.003802
0.622918
0.467682
0.280727
0.555499
0.378576
0.436483
0.112046
0.465442
0.880948
0.380969
0.812112
0.951214
0.634707
0.206737
0.138588
0.586686
0.922184
0.631912
0.657195
0.625830
0.021620
0.322999
0.028007
0.944081
0.482067
0.357679
0.179535
0.056974
0.506182
0.626132
0.411771
0.598688
0.658639
0.456372
0.192096
0.588297
0.230636
0.468102
0.828416
0.961353
0.055171
0.098487
0.375707
0.553617
0.523179
0.123760
0.218492
0.268522
0.621141
0.341235
0.795065
0.488585
0.854917
0.442491
0.521308
0.273678
0.785032
0.362640
0.124065
0.067655
0.152587
0.441702
0.406641
0.973331
0.283958
0.788413
0.902200
0.289898
0.922356
0.047099
0.493934
0.494119
0.125377
0.384401
0.822494
0.916660
0.404617
0.031340
0.199560
0.668949
0.365202
0.030962
0.698885
0.237350
0.463127
0.393107
0.609594
0.325213
0.854363
0.382914
0.377192
0.906600
0.113979
0.952805
0.501103
0.896990
0.792428
0.949782
0.438743
0.856801
0.520792
0.819051
0.829309
0.655761
0.832135
0.505847
0.099482
0.144497
0.922147
0.601742
0.661069
0.630518
0.602738
0.758073
0.229812
0.037384
0.315707
0.813000
0.666927
0.158294
0.862816
0.062284
0.911634
0.690619
0.800600
0.806384
0.884630
0.969978
0.054744
0.684023
0.409044
0.396924
0.275542
0.857766
0.536263
0.773916
0.813275
0.650328
0.857804
0.624430
0.704840
0.587892
0.219328
0.451146
0.979725
0.632201
0.376212
0.879473
0.397776
0.867113
0.798853
0.221270
0.891011
0.534890
0.666182
0.848521
0.699073
0.626933
0.803245
0.476781
0.149325
0.554103
0.508316
0.284186
0.159004
0.630950
0.070935
0.416324
0.733499
0.381128
0.858444
0.704730
0.641359
0.229468
0.807929
0.133721
0.187133
0.008353
0.525603
0.174746
0.935907
0.437452
0.098231
0.439701
0.711343
0.199008
0.652597
0.226676
0.269102
0.334710
0.259688
0.407142
0.301495
0.140991
0.430269
0.368561
0.652717
0.790097
0.257137
0.438283
0.597580
0.104450
0.655316
0.602931
0.274708
0.858226
0.672825
0.553673
0.866895
0.066348
0.888945
0.954962
0.120029
0.887584
0.490908
0.597792
0.505476
0.252540
0.089862
0.175039
0.711261
0.413159
0.178422
0.145124
0.631253
0.378955
0.680076
0.541597
0.279805
0.284589
0.239442
0.073074
0.747160
0.048261
0.055680
0.044601
0.818064
0.202524
0.582263
0.044513
0.076480
0.276970
0.577261
0.178269
0.321407
0.901349
0.671234
0.512809
0.015439
0.490225
0.065769
0.113655
0.105879
0.625557
0.535485
0.326129
0.209639
0.527578
0.789671
0.157409
0.383510
0.300022
0.276127
0.565353
0.041138
0.252866
0.857908
0.132564
0.291718
0.891084
0.751561
0.901346
0.812053
0.254846
0.830620
0.640424
0.306728
0.895799
0.627420
0.502449
0.628310
0.862568
0.225855
0.079620
0.423025
0.680875
0.953191
0.361898
0.923698
0.280492
0.435397
0.809132
0.651818
0.520750
0.871953
0.847509
0.719655
0.073195
0.366584
0.946608
0.281095
0.655959
0.982723
0.302349
0.090237
0.498038
0.899446
0.991490
0.948273
0.508344
0.256747
0.645191
0.894498
0.296488
0.989680
0.754518
0.903573
0.348860
0.259663
0.133465
0.650027
0.510827
0.957989
0.960857
0.888183
0.216646
0.750794
0.758998
0.451667
0.692810
0.184962
0.373652
0.815875
0.734728
0.518902
0.148214
0.088455
0.514354
0.078184
0.107994
0.930184
0.658127
0.570607
0.333604
0.979613
0.277686
0.794450
0.472325
0.311376
0.524337
0.513221
0.352099
0.236927
0.153391
0.784915
0.935021
0.528342
0.654082
0.168099
0.308638
0.066119
0.149634
0.784752
0.668386
0.870208
0.971905
0.113703
0.319568
0.843880
0.834381
0.391305
0.070560
0.950830
0.681610
0.989402
0.620635
0.549939
0.694730
0.865978
0.707783
0.556519
0.740727
0.991609
0.088193
0.795140
0.723551
0.255046
0.755271
0.403221
0.331126
0.063214
0.479880
0.466711
0.373394
0.353263
0.244377
0.984021
0.119565
0.815338
0.852356
0.010974
0.411233
0.431648
0.997008
0.921259
0.042385
0.227271
0.858859
0.591491
0.444859
0.017001
0.545240
0.189683
0.632784
0.646062
0.968144
0.797189
0.972848
0.345680
0.344805
0.247940
0.536965
0.551533
0.079041
0.230250
0.734786
0.417881
0.195643
0.505416
0.837193
0.965611
0.531194
0.177613
0.907023
0.851121
0.980923
0.659751
0.115202
0.266676
0.132700
0.662672
0.301507
0.972824
0.627960
0.267581
0.848556
0.520227
0.539182
0.485302
0.181323
0.801902
0.580167
0.456910
0.735533
0.256500
0.126510
0.388609
0.606355
0.747896
0.048702
0.954172
0.890753
0.913761
0.400692
0.239820
0.366046
0.003730
0.885691
0.582457
0.544211
0.922820
0.983618
0.080521
0.543546
0.724324
0.087904
0.089513
0.910555
0.633918
0.302180
0.087936
0.586566
0.168297
0.700521
0.585022
0.273376
0.981457
0.290922
0.894266
0.435099
0.033669
0.245082
0.006325
0.050970
0.945139
0.694743
0.335078
0.774687
0.240961
0.744001
0.890140
0.675431
0.497914
0.928270
0.540555
0.846242
0.408287
0.955976
0.304988
0.526154
0.831717
0.912428
0.344892
0.449476
0.222998
0.572392
0.094930
0.911718
0.221326
0.866300
0.269449
0.826789
0.843145
0.854305
0.599857
0.190831
0.924735
0.683784
0.834247
0.008045
0.359506
0.512829
0.751004
0.563430
0.025289
0.269636
0.670208
0.933942
0.215096
0.552741
0.892465
0.847203
0.096424
0.048381
0.841027
0.256750
0.314081
0.309874
0.850431
0.682759
0.014148
0.792166
0.938866
0.142006
0.355711
0.017336
0.661470
0.082315
0.155541
0.940024
0.892066
0.663278
0.701326
0.933868
0.979619
0.052227
0.603349
0.701112
0.015856
0.494464
0.823752
0.359608
0.509169
0.178854
0.827343
0.448365
0.648553
0.560086
0.098309
0.750307
0.855936
0.570183
0.632450
0.216620
0.746033
0.103900
0.373392
0.620507
0.954453
0.392327
0.951769
0.520642
0.056260
0.279665
0.156062
0.999454
0.461939
0.430417
0.319368
0.203578
0.963447
0.855222
0.864255
0.870487
0.712010
0.637617
0.583417
0.615263
0.777940
0.952100
0.182205
0.285423
0.742033
0.513890
0.614476
0.102390
0.153196
0.917667
0.109399
0.699898
0.547652
0.377860
0.426902
0.568949
0.435229
0.445384
0.315795
0.523933
0.576415
0.160507
0.263132
0.735426
0.092714
0.921053
0.907310
0.923911
0.549592
0.258628
0.791207
0.689162
0.937404
0.678971
0.165490
0.547963
0.497148
0.238945
0.635238
0.375849
0.624839
0.401741
0.254014
0.076203
0.405519
0.780377
0.996595
0.833528
0.924336
0.291016
0.032136
0.320521
0.861199
0.182472
0.130423
0.215568
0.464988
0.873780
0.481395
0.015624
0.025319
0.052136
0.917709
0.987977
0.100988
0.389798
0.586845
0.453757
0.945297
0.408744
0.717433
0.119001
0.694803
0.630711
0.817821
0.720048
0.599272
0.419403
0.096417
0.605332
0.990790
0.869762
0.625678
0.483617
0.177445
0.291540
0.916349
0.299401
0.344602
0.133480
0.617159
0.091646
0.931594
0.509211
0.608025
0.716034
0.385249
0.522679
0.272026
0.099282
0.469934
0.602405
0.282188
0.304434
0.216977
0.589952
0.252283
0.347790
0.639134
0.985345
0.614437
0.572761
0.517123
0.924377
0.497771
0.276590
0.118702
0.090180
0.198517
0.447749
0.853891
0.081476
0.419168
0.321802
0.555106
0.056668
0.287864
0.340626
0.734522
0.577507
0.584328
0.014677
0.483887
0.616367
0.539654
0.573247
0.299602
0.341978
0.347658
0.747781
0.427671
0.531526
0.538658
0.094698
0.203256
0.540831
0.894663
0.125036
0.416401
0.014320
0.510049
0.788771
0.061783
0.045050
0.165002
0.353715
0.753223
0.961213
0.730899
0.136542
0.914792
0.525484
0.077378
0.272238
0.145397
0.590216
0.719450
0.555940
0.423154
0.204508
0.408264
0.337098
0.334230
0.165439
0.319287
0.391522
0.027161
0.188683
0.573962
0.215503
0.091436
0.933781
0.302439
0.272836
0.005989
0.043872
0.431682
0.547278
0.901463
0.182804
0.090964
0.398559
0.316149
0.605358
0.050287
0.950373
0.820242
0.456733
0.640938
0.236276
0.241833
0.440261
0.205083
0.448745
0.890460
0.439216
0.445853
0.154086
0.264124
0.648169
0.123463
0.199679
0.101839
0.826927
0.998264
0.620370
0.148777
0.798147
0.749450
0.689585
0.212072
0.677237
0.899091
0.821903
0.063844
0.756374
0.505134
0.453033
0.789961
0.216148
0.123354
0.858109
0.568634
0.958457
0.205714
0.849320
0.606933
0.939326
0.739174
0.070660
0.564586
0.324022
0.432304
0.254063
0.986545
0.029538
0.633724
0.562670
0.766352
0.498481
0.282894
0.690339
0.923691
0.647941
0.525393
0.550682
0.937937
0.437945
0.006802
0.184607
0.706166
0.534623
0.735775
0.875187
0.044023
0.528050
0.581661
0.697840
0.151490
0.209393
0.575312
0.771853
0.590597
0.445999
0.814468
0.745087
0.005259
0.557898
0.591037
0.875686
0.771818
0.837470
0.039412
0.757721
0.862113
0.247000
0.605795
0.394287
0.601536
0.586045
0.945154
0.080283
0.290957
0.166954
0.386933
0.443914
0.988198
0.002665
0.492977
0.470939
0.204893
0.068752
0.521446
0.693492
0.710846
0.656128
0.284640
0.749719
0.274410
0.006104
0.920675
0.706774
0.471743
0.803002
0.105018
0.554735
0.872142
0.225392
0.933601
0.711759
0.637633
0.456316
0.699553
0.491889
0.783415
0.703485
0.254870
0.959089
0.936947
0.057270
0.150242
0.278755
0.047035
0.138950
0.943922
0.357480
0.254295
0.482684
0.486389
0.382283
0.149199
0.252919
0.753440
0.694414
0.756314
0.733281
0.407501
0.836014
0.620536
0.032445
0.315911
0.464129
0.894530
0.103896
0.205724
0.929190
0.632208
0.141243
0.556442
0.132610
0.361105
0.936554
0.153888
0.197663
0.451626
0.891157
0.988033
0.570614
0.822407
0.200869
0.772711
0.772241
0.101743
0.330888
0.302389
0.380904
0.223083
0.133568
0.506915
0.065106
0.270052
0.864510
0.894881
0.934722
0.389865
0.999967
0.174965
0.156661
0.934277
0.779300
0.656661
0.115150
0.069591
0.715029
0.610867
0.993696
0.311435
0.901529
0.529979
0.041378
0.159961
0.580221
0.938908
0.158703
0.345314
0.399562
0.954600
0.418013
0.734312
0.754644
0.913427
0.512212
0.524581
0.162859
0.433821
0.617432
0.023227
0.285017
0.215698
0.145727
0.119618
0.938341
0.017886
0.160794
0.796055
0.568850
0.528667
0.812346
0.940843
0.502295
0.540731
0.914700
0.084468
0.018739
0.107806
0.325399
0.454666
0.586422
0.952782
0.065610
0.907909
0.432986
0.432496
0.332414
0.545376
0.060798
0.068144
0.772969
0.347362
0.158829
0.107361
0.382473
0.382164
0.004457
0.488850
0.334656
0.469108
0.559355
0.986663
0.309514
0.740121
0.765980
0.381903
0.724687
0.974177
0.563728
0.267329
0.652375
0.732465
0.931911
0.166725
0.483259
0.041957
0.192669
0.037401
0.124350
0.238378
0.279996
0.021157
0.153068
0.647982
0.907181
0.476651
0.030817
0.356753
0.297161
0.183541
0.476674
0.666149
0.428321
0.584820
0.012929
0.980794
0.688847
0.816465
0.265312
0.314672
0.319357
0.960405
0.568648
0.071802
0.496729
0.454606
0.314785
0.972837
0.108979
0.769118
0.469373
0.412627
0.976036
0.784691
0.392673
0.082158
0.065268
0.626105
0.451163
0.542194
0.261612
0.199919
0.929064
0.750785
0.904942
0.380418
0.999586
0.060750
0.716741
0.999586
0.596243
0.804071
0.740943
0.627223
0.811096
0.064807
0.278672
0.114123
0.065802
0.366950
0.433752
0.163529
0.951176
0.309781
0.033186
0.264581
0.570086
0.625313
0.217841
0.265027
0.574511
0.970430
0.485070
0.428480
0.505030
0.193847
0.024520
0.838035
0.290360
0.788597
0.611043
0.592571
0.663698
0.516812
0.315951
0.099832
0.288801
0.107356
0.703692
0.923481
0.774222
0.946022
0.482428
0.705985
0.155877
0.004710
0.308386
0.390986
0.435085
0.576807
0.936070
0.892757
0.632040
0.621782
0.037559
0.700661
0.236057
0.577998
0.958887
0.217084
0.758318
0.018709
0.661616
0.571037
0.096602
0.626032
0.131711
0.449829
0.999869
0.435944
0.999869
0.007551
0.473719
0.146015
0.782821
0.813209
0.152586
0.177203
0.324457
0.693553
0.805016
0.374113
0.351118
0.584285
0.740167
0.086304
0.636756
0.027092
0.360463
0.785933
0.858528
0.023084
0.556529
0.434577
0.235275
0.442065
0.577605
0.184547
0.829855
0.783901
0.871715
0.544204
0.293416
0.881911
0.950170
0.709620
0.985614
0.842543
0.954430
0.754756
0.912521
0.341429
0.628842
0.215592
0.614439
0.678213
0.841061
0.971218
0.137096
0.675694
0.075600
0.872177
0.206440
0.896477
0.059565
0.682844
0.671241
0.155596
0.389399
0.464418
0.447477
0.202950
0.911822
0.636646
0.909385
0.616618
0.291066
0.712354
0.036572
0.628537
0.460051
0.926456
0.303651
0.148108
0.219174
0.991858
0.494793
0.867049
0.498635
0.554451
0.843096
0.839611
0.546252
0.118474
0.183696
0.514716
0.522194
0.536601
0.516717
0.138916
0.576075
0.355113
0.645000
0.898568
0.023964
0.356981
0.072603
0.883312
0.727886
0.522245
0.110464
0.046883
0.375575
0.027963
0.169733
0.041131
0.152265
0.025737
0.361983
0.189861
0.050008
0.184260
0.146895
0.644995
0.955992
0.772768
0.546739
0.982368
0.054071
0.528408
0.104852
0.311270
0.239599
0.320267
0.820779
0.413103
0.134898
0.553680
0.813326
0.122052
0.271441
0.193111
0.806718
0.105697
0.617045
0.797581
0.113544
0.496626
0.335967
0.120822
0.807303
0.427257
0.612430
0.924956
0.740021
0.447442
0.709782
0.685001
0.516386
0.498563
0.824915
0.704417
0.331941
0.813324
0.754258
0.413029
0.612405
0.847574
0.244527
0.425161
0.594910
0.886034
0.640191
0.791436
0.106786
0.064136
0.693326
0.503426
0.108056
0.438687
0.745670
0.418617
0.650714
0.398726
0.445675
0.948717
0.649365
0.775416
0.029922
0.347188
0.178556
0.489429
0.426835
0.999586
0.350070
0.389689
0.399079
0.850010
0.284742
0.422669
0.528529
0.597152
0.824396
0.011480
0.981528
0.156835
0.593227
0.078365
0.569479
0.441687
0.384956
0.103609
0.328195
0.564283
0.084729
0.662309
0.169915
0.173498
0.347385
0.845648
0.219020
0.815372
0.896715
0.892032
0.906981
0.733984
0.161533
0.856988
0.908211
0.643815
0.504672
0.192098
0.046459
0.196148
0.937323
0.377382
0.886025
0.596115
0.430516
0.874870
0.510598
0.305979
0.272380
0.368950
0.573670
0.680970
0.705031
0.116620
0.339042
0.647035
0.186521
0.442210
0.800525
0.050791
0.236039
0.530249
0.931035
0.730197
0.156114
0.360009
0.439277
0.794179
0.002567
0.408286
0.256065
0.168961
0.292080
0.755071
0.194659
0.010934
0.607565
0.951105
0.406126
0.927790
0.481876
0.047453
0.255359
0.652741
0.177791
0.005213
0.869481
0.176938
0.907832
0.367554
0.326281
0.142927
0.899296
0.015204
0.643339
0.551815
0.522714
0.578382
0.459702
0.537694
0.620475
0.040404
0.928576
0.098361
0.226524
0.247645
0.099001
0.959045
0.941962
0.803493
0.074631
0.888026
0.344571
0.645801
0.837479
0.216105
0.043721
0.823288
0.824455
0.706883
0.973853
0.540553
0.577434
0.936829
0.174451
0.737628
0.657871
0.363029
0.603858
0.721341
0.050997
0.156122
0.247025
0.944753
0.680708
0.764815
0.218695
0.819235
0.034369
0.149143
0.345939
0.682767
0.049054
0.499643
0.496575
0.088221
0.050965
0.360122
0.158837
0.626739
0.053726
0.938900
0.475664
0.383187
0.916572
0.557257
0.393981
0.011736
0.719527
0.909306
0.151953
0.608029
0.131021
0.843313
0.139054
0.187488
0.097135
0.704317
0.915252
0.414114
0.865960
0.869297
0.854042
0.376650
0.342427
0.661378
0.513585
0.904928
0.137220
0.535120
0.271945
0.243557
0.188807
0.701741
0.364190
0.547071
0.682838
0.616411
0.905917
0.684082
0.522581
0.119173
0.501010
0.400868
0.094211
0.130709
0.129949
0.019679
0.469687
0.512313
0.263999
0.165652
0.867944
0.848983
0.912537
0.519888
0.694056
0.082574
0.994724
0.385416
0.259825
0.169992
0.238840
0.887561
0.493635
0.565362
0.241294
0.998634
0.461232
0.316407
0.056601
0.019758
0.759599
0.827078
0.937587
0.053772
0.369778
0.371446
0.224708
0.004728
0.937510
0.643721
0.808679
0.195110
0.995526
0.054706
0.430525
0.931618
0.796176
0.379093
0.595587
0.196594
0.584224
0.998103
0.373233
0.674487
0.070719
0.201482
0.061570
0.331360
0.407532
0.968462
0.685163
0.365940
0.305412
0.446847
0.208949
0.975199
0.397871
0.783047
0.081724
0.798124
0.433443
0.459037
0.793314
0.500287
0.949983
0.919219
0.092775
0.480087
0.001075
0.540327
0.510512
0.965757
0.525369
0.441769
0.122415
0.254941
0.922758
0.990241
0.692173
0.699793
0.084576
0.362880
0.629713
0.092771
0.204059
0.789307
0.602435
0.406051
0.523712
0.548710
0.881283
0.079534
0.235874
0.266548
0.840768
0.434002
0.536661
0.504333
0.434281
0.974709
0.008685
0.267304
0.904068
0.328414
0.663342
0.305351
0.751475
0.062519
0.369718
0.372959
0.085104
0.717508
0.716979
0.599689
0.745258
0.311598
0.454941
0.443301
0.294084
0.012421
0.309703
0.477189
0.080783
0.137255
0.626054
0.860630
0.705517
0.272422
0.815949
0.097324
0.176533
0.585468
0.034640
0.681888
0.791761
0.940948
0.826943
0.026930
0.984667
0.682223
0.321392
0.450977
0.307540
0.976829
0.957223
0.770076
0.933335
0.870542
0.937788
0.688067
0.136420
0.193174
0.765493
0.721271
0.556671
0.604993
0.150881
0.056135
0.600649
0.373237
0.547217
0.740929
0.325514
0.289666
0.958809
0.907065
0.869962
0.958128
0.845243
0.738579
0.022916
0.830618
0.905415
0.330597
0.482848
0.795626
0.707355
0.054539
0.683358
0.127422
0.136836
0.969013
0.715503
0.602380
0.996022
0.054844
0.633098
0.850993
0.991164
0.718887
0.599079
0.423673
0.425724
0.196940
0.531402
0.846013
0.954291
0.018332
0.795047
0.475458
0.467115
0.885228
0.518476
0.456284
0.950759
0.714119
0.291410
0.322760
0.814878
0.715774
0.625695
0.000011
0.667975
0.517660
0.979181
0.386590
0.767528
0.208560
0.497296
0.519517
0.935340
0.792258
0.608980
0.278356
0.612495
0.843391
0.210009
0.796062
0.096882
0.866177
0.411763
0.436373
0.948722
0.152127
0.558142
0.455429
0.826689
0.236967
0.795665
0.983361
0.811613
0.775160
0.596449
0.793646
0.940954
0.922166
0.002560
0.636949
0.491529
0.764092
0.501670
0.724657
0.458670
0.819843
0.423436
0.887015
0.057165
0.005336
0.925923
0.992985
0.455010
0.269650
0.430812
0.504285
0.808983
0.450896
0.971195
0.504382
0.137189
0.050913
0.089374
0.226553
0.998634
0.599843
0.713970
0.306180
0.052046
0.818952
0.952695
0.556164
0.126766
0.106982
0.852609
0.396498
0.407899
0.464227
0.344315
0.812026
0.113796
0.219227
0.537377
0.157697
0.160143
0.081030
0.055644
0.399458
0.253004
0.714176
0.774080
0.794421
0.770862
0.153386
0.271095
0.837429
0.755531
0.811361
0.967084
0.710269
0.137882
0.732265
0.483196
0.840303
0.499122
0.938089
0.186022
0.279619
0.791392
0.521851
0.880355
0.835807
0.949656
0.930874
0.602833
0.962322
0.957654
0.621589
0.058486
0.200741
0.513478
0.423288
0.713395
0.998865
0.520823
0.962887
0.241886
0.027854
0.439255
0.283004
0.815029
0.713017
0.575595
0.873716
0.943891
0.775449
0.539502
0.843625
0.529581
0.083948
0.174724
0.933965
0.019475
0.158054
0.246977
0.127014
0.549288
0.141000
0.738169
0.988439
0.805571
0.112135
0.360051
0.397957
0.175984
0.163037
0.772883
0.640489
0.827222
0.615132
0.263772
0.280576
0.299131
0.492953
0.873819
0.465721
0.250097
0.549192
0.939694
0.423785
0.151694
0.287946
0.181760
0.293677
0.575301
0.682816
0.697667
0.400463
0.102300
0.128042
0.549377
0.732489
0.731602
0.194214
0.026665
0.260968
0.659804
0.445237
0.767151
0.657436
0.723128
0.979503
0.769312
0.691892
0.166174
0.914355
0.180311
0.648958
0.337266
0.276963
0.726182
0.479974
0.797191
0.094152
0.601179
0.349098
0.107911
0.895420
0.791007
0.948862
0.477724
0.723425
0.588305
0.407477
0.763422
0.560376
0.806861
0.222960
0.149430
0.161841
0.924505
0.108828
0.766541
0.585884
0.515933
0.577821
0.503512
0.518923
0.480426
0.913723
0.275229
0.243217
0.251943
0.760626
0.809731
0.037055
0.598490
0.002578
0.918803
0.829237
0.394304
0.007026
0.835176
0.285634
0.674069
0.490115
0.192913
0.537951
0.067054
0.542157
0.052344
0.683410
0.746485
0.273410
0.029875
0.808066
0.123161
0.633918
0.385883
0.794786
0.641909
0.491261
0.197508
0.857456
0.106206
0.765619
0.640924
0.743319
0.533502
0.306039
0.620073
0.622293
0.626520
0.212873
0.493213
0.951847
0.701090
0.171311
0.499104
0.294144
0.427778
0.246150
0.252309
0.253668
0.783465
0.919447
0.239823
0.092735
0.352605
0.335661
0.033948
0.222864
0.920842
0.893038
0.660537
0.825099
0.442176
0.109276
0.246179
0.344353
0.883266
0.952395
0.777823
0.163719
0.524867
0.406960
0.406229
0.385461
0.572778
0.518497
0.619509
0.426825
0.862899
0.586709
0.761079
0.040749
0.172840
0.856696
0.020363
0.963356
0.460543
0.267276
0.984552
0.600563
0.698064
0.571115
0.202106
0.033190
0.222736
0.941970
0.867260
0.041222
0.770490
0.763076
0.129777
0.330056
0.004370
0.365601
0.403074
0.550966
0.115689
0.509042
0.170672
0.020166
0.466796
0.303172
0.756815
0.090772
0.532664
0.234474
0.459989
0.363891
0.231423
0.134161
0.772697
0.142822
0.678742
0.999586
0.331699
0.650957
0.884110
0.930316
0.701574
0.321896
0.597417
0.671634
0.877124
0.311389
0.610403
0.967592
0.687390
0.016158
0.474144
0.434764
0.117938
0.665111
0.125902
0.748055
0.686894
0.147492
0.710769
0.085811
0.503159
0.842359
0.459482
0.958897
0.625238
0.860498
0.926331
0.077259
0.323973
0.945208
0.917498
0.295962
0.958166
0.330856
0.285176
0.703455
0.550573
0.527335
0.564186
0.294516
0.099662
0.281701
0.485324
0.177536
0.394441
0.944708
0.439860
0.499564
0.191444
0.591973
0.889347
0.617707
0.665967
0.074244
0.933126
0.960858
0.666299
0.716099
0.617189
0.151056
0.701655
0.310577
0.868681
0.412966
0.800437
0.891028
0.618600
0.451553
0.950633
0.632873
0.601261
0.164648
0.640996
0.638029
0.534828
0.855980
0.969315
0.884260
0.856544
0.586917
0.578563
0.740392
0.545004
0.747478
0.576024
0.225749
0.867442
0.619412
0.134401
0.056859
0.372085
0.161011
0.264059
0.014609
0.255589
0.463773
0.675587
0.678079
0.196509
0.548468
0.662108
0.114014
0.102927
0.600460
0.758605
0.049592
0.392702
0.343263
0.865111
0.866348
0.747176
0.451972
0.632978
0.769808
0.764282
0.385197
0.836567
0.656888
0.017606
0.420715
0.111318
0.825154
0.308351
0.405982
0.805020
0.157690
0.903847
0.653786
0.530764
0.047035
0.487475
0.634250
0.642812
0.973320
0.020648
0.729707
0.893028
0.566447
0.529940
0.155980
0.624448
0.510671
0.695328
0.523665
0.476377
0.002056
0.414644
0.962223
0.714783
0.464422
0.062280
0.788106
0.262644
0.046269
0.926443
0.630608
0.633970
0.347822
0.200279
0.484528
0.415943
0.011265
0.491034
0.320540
0.386501
0.005264
0.093434
0.620115
0.787051
0.763193
0.415445
0.214132
0.725875
0.018750
0.035511
0.029355
0.998484
0.057677
0.670940
0.705835
0.154348
0.364647
0.029968
0.696083
0.090084
0.093500
0.459637
0.533336
0.528907
0.590241
0.764391
0.585397
0.973518
0.873791
0.504389
0.650745
0.160026
0.161430
0.858181
0.547664
0.056360
0.705250
0.293470
0.972205
0.448950
0.483464
0.296149
0.168379
0.352504
0.375904
0.397329
0.159951
0.612192
0.416012
0.268350
0.467886
0.195459
0.230606
0.454199
0.395539
0.888588
0.891879
0.037816
0.604016
0.314615
0.010952
0.494569
0.306310
0.814704
0.505565
0.952990
0.198458
0.521906
0.942478
0.941519
0.421328
0.688544
0.663436
0.310501
0.344198
0.587303
0.886994
0.884677
0.451940
0.219478
0.081597
0.456579
0.256664
0.056434
0.931603
0.080027
0.064414
0.583939
0.080667
0.291730
0.655182
0.782124
0.308408
0.576056
0.809072
0.671906
0.258468
0.213445
0.304193
0.803993
0.030143
0.908719
0.462540
0.218358
0.722256
0.495567
0.441532
0.665483
0.086910
0.443422
0.805538
0.766803
0.131419
0.160549
0.710239
0.813965
0.477900
0.671751
0.660884
0.008682
0.339688
0.552234
0.828397
0.100444
0.749487
0.093890
0.969724
0.982868
0.432728
0.061870
0.211222
0.678079
0.077231
0.734665
0.151144
0.903661
0.432559
0.798953
0.743726
0.123044
0.264333
0.351908
0.799843
0.013611
0.884591
0.431128
0.319469
0.571458
0.332781
0.000318
0.898803
0.829187
0.956166
0.943714
0.254004
0.411958
0.655881
0.812233
0.832358
0.462718
0.557299
0.689545
0.883205
0.692303
0.822094
0.648726
0.312150
0.363249
0.344933
0.813713
0.704614
0.603609
0.630034
0.660188
0.874416
0.821834
0.291327
0.945370
0.950193
0.705655
0.793230
0.775030
0.871649
0.933530
0.785306
0.950154
0.227912
0.700216
0.080678
0.708407
0.865114
0.398718
0.991923
0.531898
0.837362
0.546723
0.735452
0.249827
0.026823
0.580617
0.421681
0.561151
0.551109
0.545573
0.098577
0.349292
0.580471
0.613746
0.354780
0.190679
0.058782
0.689235
0.419101
0.876059
0.450511
0.079789
0.928973
0.094436
0.894914
0.099842
0.853743
0.872400
0.146914
0.832733
0.331401
0.536661
0.514312
0.734281
0.650732
0.666698
0.490314
0.964358
0.635422
0.441600
0.240281
0.743819
0.472372
0.345974
0.078157
0.654036
0.392735
0.191960
0.091277
0.925133
0.739626
0.817432
0.407098
0.743535
0.129215
0.535590
0.990600
0.593159
0.779442
0.011842
0.300291
0.317912
0.399696
0.725000
0.581512
0.943479
0.421751
0.698585
0.740390
0.357771
0.032539
0.853163
0.806679
0.303009
0.528068
0.892911
0.379938
0.656100
0.639138
0.281724
0.566120
0.092580
0.737278
0.940476
0.890506
0.664566
0.376634
0.084033
0.141863
0.593533
0.486707
0.062445
0.920318
0.749591
0.333895
0.545605
0.670285
0.722778
0.107747
0.436442
0.757259
0.497697
0.761466
0.978426
0.754630
0.476790
0.505298
0.774389
0.840061
0.212556
0.685474
0.413170
0.340484
0.504859
0.608965
0.837745
0.025095
0.592841
0.233593
0.134755
0.226002
0.915434
0.431450
0.153916
0.999622
0.520412
0.257998
0.521760
0.046446
0.906715
0.185748
0.864580
0.434487
0.422565
0.565825
0.239140
0.259137
0.893713
0.497754
0.897445
0.390126
0.549971
0.261984
0.516237
0.560192
0.978784
0.304577
0.507403
0.129450
0.733641
0.372276
0.018493
0.288413
0.631218
0.551316
0.181337
0.849502
0.249667
0.046566
0.691372
0.714516
0.303740
0.290288
0.942794
0.921004
0.329667
0.242398
0.918874
0.675374
0.419876
0.246619
0.728484
0.020741
0.107810
0.858733
0.396615
0.793231
0.715893
0.342870
0.738083
0.056437
0.391951
0.827586
0.270861
0.518877
0.314627
0.072782
0.232018
0.017127
0.336851
0.678203
0.339976
0.455539
0.145770
0.980469
0.668948
0.834213
0.381641
0.563956
0.453628
0.856766
0.408281
0.836336
0.085359
0.009276
0.441607
0.686509
0.677735
0.846862
0.695360
0.404703
0.224212
0.154358
0.316053
0.464886
0.319458
0.786444
0.171005
0.970596
0.117810
0.698840
0.589443
0.678887
0.526700
0.298480
0.799460
0.034362
0.622045
0.844186
0.962181
0.166914
0.890424
0.781667
0.084914
0.792721
0.784930
0.393708
0.950347
0.477582
0.285723
0.768319
0.078632
0.203607
0.911809
0.349190
0.240346
0.162586
0.088932
0.232908
0.554240
0.579568
0.762895
0.149553
0.674899
0.155139
0.903210
0.925230
0.239198
0.770751
0.485747
0.128956
0.880961
0.903849
0.013864
0.988639
0.821540
0.083421
0.646077
0.192567
0.928074
0.626293
0.977324
0.529108
0.125778
0.133708
0.074744
0.847930
0.127377
0.209578
0.024030
0.424873
0.370415
0.858697
0.197041
0.588230
0.146870
0.917042
0.325617
0.509194
0.781813
0.898229
0.052378
0.200902
0.027778
0.160845
0.640652
0.320309
0.045216
0.520717
0.348199
0.870960
0.439716
0.169496
0.410794
0.892895
0.123558
0.194987
0.621473
0.963024
0.609098
0.417502
0.030600
0.564419
0.868187
0.807643
0.904326
0.099471
0.795633
0.191103
0.759349
0.487481
0.583006
0.391630
0.207387
0.604231
0.975920
0.639693
0.582090
0.475834
0.284533
0.066666
0.645164
0.552708
0.521123
0.106836
0.259761
0.966988
0.825214
0.695886
0.132237
0.557893
0.127338
0.447872
0.834575
0.258357
0.315875
0.535546
0.277330
0.031183
0.072741
0.422950
0.977003
0.766681
0.395499
0.895807
0.394289
0.983546
0.034742
0.104931
0.774539
0.871956
0.852558
0.540594
0.434744
0.478563
0.203334
0.560879
0.870054
0.937415
0.901975
0.233260
0.126734
0.613552
0.273492
0.854031
0.258915
0.346081
0.065280
0.482189
0.676801
0.138353
0.089900
0.669890
0.549154
0.862239
0.088899
0.156751
0.060062
0.023517
0.251468
0.595724
0.077851
0.312644
0.666517
0.228928
0.183505
0.210523
0.861054
0.277077
0.959504
0.487593
0.906288
0.449670
0.062255
0.416327
0.827433
0.337963
0.918528
0.286009
0.502209
0.291497
0.596780
0.722907
0.692051
0.083289
0.628141
0.471426
0.431288
0.980063
0.581024
0.759639
0.862214
0.602596
0.241770
0.967337
0.704176
0.897367
0.207177
0.082242
0.385353
0.963585
0.860708
0.400598
0.246756
0.068018
0.562294
0.866661
0.995640
0.721936
0.833148
0.600625
0.383729
0.837391
0.435204
0.019666
0.104687
0.980815
0.024818
0.979896
0.632523
0.216757
0.169174
0.760089
0.692223
0.708998
0.540301
0.157783
0.596954
0.705412
0.306485
0.395534
0.680587
0.970916
0.806768
0.845015
0.674809
0.703532
0.375620
0.409013
0.348544
0.134999
0.458196
0.880106
0.062132
0.901975
0.369975
0.078395
0.655371
0.008516
0.078274
0.401843
0.149262
0.276417
0.259004
0.678670
0.005319
0.197722
0.574046
0.453460
0.859754
0.523221
0.258452
0.862965
0.985529
0.811443
0.759994
0.844396
0.783082
0.953089
0.565826
0.082854
0.957098
0.914317
0.633596
0.844551
0.095626
0.006077
0.840493
0.891949
0.069488
0.892737
0.818521
0.253749
0.251705
0.667693
0.874772
0.678857
0.302589
0.122162
0.740511
0.575604
0.257502
0.150822
0.663169
0.796549
0.518728
0.018743
0.283580
0.430303
0.015516
0.261884
0.431340
0.194759
0.228557
0.721351
0.950567
0.964800
0.745738
0.892126
0.134664
0.520507
0.840209
0.281895
0.922155
0.861729
0.852054
0.066139
0.478258
0.228930
0.570273
0.342417
0.872382
0.609823
0.808420
0.939662
0.646039
0.542527
0.948084
0.846782
0.956243
0.978948
0.689183
0.067440
0.655907
0.111582
0.941486
0.372883
0.036385
0.141845
0.861443
0.159374
0.581374
0.961906
0.172671
0.178081
0.960981
0.602465
0.094695
0.409402
0.796973
0.768203
0.476877
0.026232
0.543768
0.027306
0.924007
0.316505
0.915482
0.662248
0.184637
0.308955
0.829836
0.231427
0.527819
0.720969
0.189540
0.674740
0.979978
0.886885
0.257110
0.944834
0.650000
0.551468
0.848434
0.518063
0.002383
0.458518
0.443607
0.577734
0.208093
0.519746
0.132849
0.744349
0.019507
0.114794
0.544416
0.014628
0.185738
0.709667
0.676111
0.359138
0.000581
0.056951
0.429928
0.497545
0.207085
0.686070
0.359941
0.735578
0.267101
0.243229
0.338279
0.907680
0.834523
0.396353
0.845988
0.157492
0.587844
0.986861
0.150013
0.222536
0.118411
0.753924
0.651394
0.521814
0.119417
0.253363
0.021887
0.612146
0.258495
0.377603
0.897385
0.651769
0.971493
0.599484
0.799351
0.543238
0.411542
0.514769
0.714389
0.311835
0.397553
0.359242
0.403581
0.384245
0.698254
0.698535
0.735397
0.373920
0.177385
0.814330
0.259076
0.346811
0.324845
0.180399
0.151309
0.661330
0.666780
0.686745
0.791711
0.160990
0.440698
0.639830
0.437717
0.793011
0.242783
0.360846
0.084720
0.661588
0.903347
0.100914
0.092096
0.865200
0.469540
0.780107
0.931480
0.462135
0.515570
0.383675
0.543586
0.040992
0.250224
0.970706
0.769081
0.110747
0.536678
0.783896
0.814585
0.070518
0.514677
0.619622
0.315507
0.558649
0.351168
0.010201
0.524062
0.435292
0.620361
0.079320
0.165916
0.427430
0.102667
0.710897
0.427033
0.199962
0.615880
0.584105
0.129829
0.435080
0.869695
0.195531
0.882863
0.763067
0.831747
0.345150
0.711183
0.433687
0.572056
0.197309
0.437061
0.525586
0.922300
0.541709
0.847064
0.823148
0.252708
0.732513
0.086967
0.041942
0.485526
0.045429
0.828544
0.635553
0.679809
0.291737
0.781228
0.482759
0.734311
0.002700
0.228435
0.333906
0.357143
0.745244
0.276209
0.222114
0.383002
0.156882
0.655854
0.336629
0.018474
0.460947
0.639455
0.064123
0.947381
0.017767
0.246404
0.465820
0.512392
0.218472
0.451093
0.044630
0.034064
0.680031
0.979354
0.922497
0.659073
0.556495
0.108524
0.883412
0.917032
0.255474
0.189602
0.016107
0.178870
0.212971
0.588026
0.020702
0.764413
0.515695
0.012284
0.718317
0.154992
0.309125
0.558858
0.748979
0.287837
0.442450
0.961803
0.172674
0.698588
0.887990
0.881206
0.246902
0.339583
0.952257
0.404634
0.571945
0.534326
0.347036
0.248815
0.336861
0.079453
0.099895
0.336640
0.314008
0.118150
0.201854
0.060370
0.521073
0.773714
0.322315
0.620761
0.064927
0.636165
0.484099
0.520704
0.303250
0.072628
0.260011
0.679789
0.294353
0.814688
0.911831
0.483636
0.973807
0.741045
0.137291
0.571573
0.003700
0.896282
0.774137
0.652747
0.926188
0.288171
0.595942
0.400346
0.741523
0.405168
0.244339
0.454638
0.180325
0.758100
0.758606
0.138018
0.593349
0.437686
0.577341
0.191204
0.116349
0.101844
0.148829
0.143101
0.644689
0.169562
0.356601
0.963200
0.467619
0.054534
0.414001
0.972586
0.446267
0.071519
0.634935
0.336884
0.386740
0.288156
0.585558
0.483446
0.259499
0.968335
0.460836
0.798733
0.881675
0.800602
0.617616
0.715543
0.328057
0.563758
0.898165
0.710251
0.121172
0.036004
0.670804
0.636619
0.107847
0.384730
0.232079
0.735607
0.029651
0.109235
0.802401
0.512620
0.293021
0.273197
0.607724
0.569352
0.231339
0.729165
0.386964
0.443015
0.599667
0.572314
0.870726
0.239693
0.761822
0.980671
0.723469
0.470868
0.611582
0.016175
0.869690
0.304790
0.042357
0.034573
0.885576
0.641271
0.554070
0.038251
0.940896
0.895312
0.408166
0.107631
0.940971
0.439413
0.641975
0.763511
0.724088
0.785942
0.996593
0.591371
0.203804
0.190861
0.647178
0.342775
0.855707
0.501791
0.034405
0.208989
0.191101
0.251812
0.548568
0.525132
0.452149
0.882664
0.515644
0.343703
0.429603
0.155896
0.564010
0.445333
0.630554
0.538859
0.932377
0.309922
0.203811
0.316738
0.519132
0.527847
0.618384
0.236685
0.110296
0.310208
0.749137
0.411875
0.381733
0.177859
0.275487
0.450103
0.309549
0.136497
0.275839
0.193711
0.883430
0.541744
0.093543
0.106919
0.578316
0.333190
0.560068
0.187081
0.461660
0.075661
0.947787
0.943680
0.892545
0.542664
0.657641
0.540601
0.285443
0.960672
0.054570
0.862903
0.879919
0.100436
0.584276
0.200357
0.877308
0.546370
0.735820
0.259545
0.909512
0.637638
0.562821
0.569601
0.811602
0.992289
0.707640
0.450590
0.030746
0.482645
0.663644
0.906973
0.155874
0.107444
0.695276
0.102365
0.666172
0.031619
0.358647
0.898419
0.727348
0.063129
0.230370
0.904715
0.102207
0.979432
0.672466
0.114306
0.860475
0.172675
0.508885
0.689380
0.680419
0.367827
0.246264
0.433378
0.224380
0.294169
0.179309
0.731941
0.169030
0.816894
0.730095
0.979049
0.290484
0.618179
0.890693
0.112403
0.090278
0.058833
0.489169
0.671162
0.330920
0.652360
0.358786
0.739023
0.793853
0.989686
0.647412
0.147676
0.327316
0.108335
0.606010
0.963189
0.800095
0.645127
0.998576
0.305923
0.887357
0.133590
0.897214
0.630187
0.388716
0.290588
0.290719
0.551863
0.203008
0.912138
0.728101
0.921391
0.579784
0.943927
0.834232
0.778460
0.239593
0.082547
0.026957
0.447963
0.543279
0.120529
0.296643
0.120609
0.718925
0.690445
0.502739
0.754317
0.081988
0.906158
0.929306
0.154200
0.052454
0.504959
0.813832
0.681676
0.159628
0.622036
0.321642
0.420755
0.191954
0.484567
0.941691
0.927713
0.491984
0.849609
0.097923
0.466690
0.118249
0.724928
0.548146
0.356165
0.983502
0.429073
0.759724
0.987630
0.155512
0.886695
0.016244
0.776784
0.275189
0.986211
0.133947
0.913321
0.003546
0.512001
0.532832
0.256548
0.871784
0.076253
0.611947
0.857538
0.592721
0.122610
0.071865
0.936682
0.237105
0.911406
0.559610
0.040016
0.364360
0.475960
0.796342
0.868435
0.886104
0.860368
0.941316
0.563811
0.229097
0.527156
0.835077
0.481665
0.860543
0.473594
0.332570
0.801574
0.035673
0.430597
0.923789
0.015850
0.052402
0.697232
0.096656
0.608141
0.162085
0.642948
0.133663
0.972160
0.634973
0.191607
0.570004
0.134415
0.344053
0.486148
0.055032
0.613027
0.376281
0.266784
0.639068
0.168909
0.854796
0.922773
0.201271
0.358940
0.842853
0.888188
0.098316
0.178429
0.367859
0.533335
0.764240
0.349137
0.454010
0.489433
0.654547
0.558236
0.271284
0.766161
0.187533
0.443638
0.017759
0.957440
0.387069
0.034656
0.856670
0.455320
0.327544
0.548552
0.769003
0.126608
0.886367
0.689467
0.680704
0.370591
0.244779
0.344813
0.039183
0.434223
0.175721
0.695507
0.489512
0.175784
0.909090
0.292522
0.513639
0.048485
0.870822
0.566818
0.407700
0.627803
0.312445
0.168790
0.578829
0.783450
0.851769
0.534258
0.624242
0.148586
0.661572
0.376482
0.526250
0.461857
0.009918
0.558887
0.556369
0.045685
0.470265
0.834496
0.363251
0.077273
0.388889
0.490520
0.440424
0.644490
0.487361
0.427214
0.683120
0.141117
0.264612
0.967767
0.485130
0.426199
0.481349
0.751495
0.467685
0.978107
0.403665
0.838416
0.128034
0.940415
0.956299
0.254073
0.835358
0.455319
0.902182
0.155468
0.559864
0.779821
0.896229
0.800468
0.605912
0.695475
0.639510
0.174178
0.524364
0.266680
0.626276
0.258511
0.130463
0.734298
0.481335
0.239370
0.462650
0.706961
0.838976
0.815325
0.130996
0.834634
0.936354
0.009887
0.351430
0.117713
0.762662
0.476095
0.308447
0.266799
0.008642
0.118421
0.083447
0.226830
0.346481
0.516198
0.211743
0.804959
0.244719
0.110066
0.956266
0.281697
0.202701
0.575267
0.312342
0.973602
0.949885
0.341816
0.772074
0.784224
0.881983
0.592506
0.399727
0.206044
0.992747
0.457857
0.206418
0.694610
0.860960
0.887034
0.302949
0.548598
0.529927
0.081843
0.477817
0.914699
0.393960
0.385336
0.551717
0.359498
0.864799
0.487489
0.943004
0.974145
0.121917
0.289830
0.917665
0.610792
0.504677
0.222658
0.054014
0.798595
0.041445
0.368342
0.822362
0.904402
0.800200
0.692522
0.718922
0.171254
0.456643
0.999911
0.101570
0.160201
0.338771
0.326665
0.754967
0.684386
0.456895
0.376381
0.191968
0.124385
0.270732
0.687288
0.697770
0.568758
0.623745
0.258443
0.682241
0.380615
0.472529
0.990247
0.702518
0.911826
0.167682
0.281117
0.744216
0.424311
0.645477
0.786115
0.446195
0.210592
0.108395
0.988670
0.283292
0.582187
0.111818
0.850566
0.849628
0.015349
0.547307
0.562802
0.658659
0.124518
0.201584
0.440621
0.888043
0.386984
0.116010
0.582116
0.574542
0.826826
0.724387
0.255128
0.718318
0.138207
0.417440
0.977453
0.632849
0.490604
0.089572
0.218221
0.706641
0.311212
0.046199
0.053289
0.290602
0.529359
0.176275
0.355863
0.939303
0.737798
0.171861
0.268647
0.198932
0.666708
0.061748
0.280716
0.017144
0.765291
0.035352
0.887972
0.852556
0.077425
0.191900
0.139412
0.370663
0.312672
0.043412
0.623151
0.149561
0.930266
0.522356
0.308962
0.988114
0.346110
0.449887
0.992350
0.850971
0.263088
0.571399
0.655358
0.322904
0.631661
0.885053
0.319605
0.037960
0.436209
0.208016
0.787589
0.239397
0.235188
0.235379
0.091054
0.491734
0.069112
0.348833
0.454111
0.167745
0.695628
0.586099
0.769486
0.466995
0.368569
0.557086
0.036480
0.168651
0.097519
0.117685
0.148338
0.594562
0.102886
0.824839
0.996165
0.357974
0.412273
0.994753
0.899546
0.632091
0.167462
0.576506
0.125737
0.108874
0.464970
0.402159
0.136605
0.484034
0.720965
0.157325
0.544449
0.635723
0.714501
0.968017
0.574984
0.332827
0.249426
0.764745
0.560853
0.969259
0.709720
0.867032
0.226503
0.862975
0.637184
0.943811
0.801495
0.956504
0.602782
0.920077
0.512525
0.418083
0.389061
0.399427
0.374795
0.761740
0.463176
0.997070
0.222814
0.508055
0.557332
0.978992
0.303130
0.406341
0.342004
0.990253
0.882661
0.379545
0.679968
0.248233
0.013739
0.165556
0.085867
0.553598
0.820342
0.377428
0.133337
0.121130
0.330423
0.139353
0.793271
0.701616
0.550255
0.558439
0.742934
0.511686
0.153158
0.032189
0.543768
0.226976
0.004036
0.470268
0.279945
0.950871
0.851591
0.113133
0.611116
0.731356
0.652728
0.180330
0.599336
0.556394
0.330987
0.483006
0.796522
0.867636
0.667550
0.528037
0.646850
0.656069
0.755609
0.149248
0.786606
0.164001
0.965054
0.182825
0.377746
0.747350
0.034585
0.001972
0.553034
0.541757
0.274474
0.417336
0.789254
0.326215
0.389206
0.596231
0.766792
0.348579
0.250774
0.551029
0.771688
0.437898
0.347226
0.732712
0.999911
0.446441
0.738253
0.497909
0.329817
0.590076
0.159000
0.622385
0.130995
0.230815
0.548255
0.625595
0.916523
0.925934
0.257754
0.483522
0.858199
0.159183
0.632335
0.319533
0.154973
0.280120
0.710472
0.915759
0.554377
0.781460
0.091408
0.598217
0.103436
0.934957
0.619359
0.288990
0.873906
0.531612
0.442832
0.725966
0.438578
0.557331
0.945495
0.318628
0.539271
0.891844
0.314085
0.159398
0.498486
0.928549
0.228801
0.936673
0.597765
0.117129
0.624454
0.225255
0.035853
0.680008
0.890159
0.673827
0.144751
0.857748
0.137376
0.013356
0.784691
0.316888
0.578194
0.605082
0.059715
0.485002
0.097408
0.196791
0.540604
0.350139
0.174577
0.910290
0.694890
0.322682
0.489017
0.724887
0.395114
0.363883
0.316823
0.318970
0.693562
0.353133
0.871381
0.286621
0.048670
0.320943
0.636427
0.145114
0.196189
0.301676
0.754143
0.113052
0.754930
0.353522
0.342814
0.273062
0.617296
0.306884
0.083541
0.076986
0.420588
0.699178
0.309917
0.329521
0.944649
0.656665
0.606586
0.156516
0.700419
0.324035
0.442340
0.369572
0.124524
0.311299
0.672946
0.156176
0.586427
0.125800
0.811916
0.716043
0.552935
0.144571
0.419949
0.125395
0.992885
0.428454
0.863094
0.121892
0.992494
0.012813
0.265587
0.178567
0.185765
0.768583
0.886950
0.174278
0.378126
0.909165
0.207676
0.404437
0.595442
0.730180
0.958745
0.826755
0.962179
0.576547
0.594285
0.254677
0.585786
0.810272
0.622801
0.132562
0.080501
0.037816
0.791325
0.222405
0.130649
0.992134
0.791105
0.657248
0.495887
0.555281
0.527650
0.761070
0.070447
0.865881
0.598410
0.672899
0.793835
0.554213
0.646278
0.252483
0.686967
0.768094
0.326704
0.079001
0.667862
0.036198
0.532339
0.409983
0.743709
0.512721
0.975816
0.056500
0.137682
0.968149
0.624089
0.798563
0.891995
0.854812
0.614515
0.741903
0.793359
0.061487
0.142813
0.168484
0.439774
0.866756
0.297842
0.707261
0.052098
0.253477
0.500712
0.032251
0.920458
0.913506
0.081535
0.749685
0.151642
0.068914
0.762823
0.367033
0.683321
0.888875
0.503250
0.430535
0.185291
0.875309
0.049800
0.495438
0.854923
0.819314
0.832943
0.959717
0.908389
0.848437
0.872841
0.087276
0.492689
0.854678
0.421083
0.394540
0.314644
0.237576
0.090321
0.833277
0.567204
0.047309
0.593555
0.715358
0.092971
0.260972
0.467656
0.668918
0.568992
0.171370
0.755911
0.151741
0.031610
0.672023
0.707687
0.472411
0.038422
0.153671
0.404753
0.718922
0.460170
0.180323
0.012077
0.925517
0.164127
0.475356
0.325705
0.727560
0.670915
0.839743
0.597632
0.709301
0.785699
0.160603
0.121394
0.057615
0.023051
0.149888
0.242868
0.409049
0.670639
0.694129
0.064051
0.553741
0.214564
0.166342
0.232046
0.423487
0.813446
0.403588
0.872055
0.704735
0.068774
0.013686
0.879436
0.813085
0.726427
0.506048
0.048431
0.773737
0.651101
0.681829
0.295988
0.380634
0.257222
0.149585
0.658275
0.448569
0.668922
0.495382
0.086975
0.354416
0.377242
0.381593
0.566274
0.197442
0.020608
0.386318
0.595104
0.840207
0.638117
0.044754
0.940562
0.851241
0.133719
0.993816
0.246805
0.722983
0.589959
0.139707
0.980522
0.932619
0.125890
0.012650
0.382647
0.932611
0.395653
0.200292
0.071269
0.469907
0.059261
0.577687
0.369816
0.939945
0.159585
0.702792
0.906400
0.470374
0.640341
0.807018
0.805353
0.020650
0.117141
0.475004
0.553239
0.882630
0.642011
0.929968
0.223326
0.213734
0.802974
0.483980
0.961131
0.752013
0.092934
0.698683
0.917349
0.010140
0.631496
0.263170
0.033513
0.365549
0.891911
0.023204
0.281866
0.633941
0.982214
0.590256
0.098304
0.494619
0.960828
0.979896
0.461354
0.324527
0.885445
0.846318
0.418797
0.373713
0.349589
0.521820
0.076086
0.292875
0.750665
0.775036
0.288619
0.802715
0.850037
0.367096
0.366354
0.008347
0.270127
0.117503
0.249404
0.727894
0.663119
0.657495
0.264016
0.174636
0.664606
0.823779
0.058722
0.843329
0.494652
0.064495
0.661005
0.174375
0.816032
0.236663
0.218415
0.159751
0.129812
0.073719
0.498902
0.901553
0.553459
0.806252
0.149853
0.111827
0.055063
0.201133
0.251947
0.759311
0.424258
0.525677
0.472748
0.617663
0.058499
0.885626
0.917818
0.177821
0.691572
0.379016
0.308026
0.565845
0.945675
0.762502
0.766283
0.302837
0.052054
0.661685
0.082876
0.485597
0.557780
0.951185
0.825303
0.520197
0.664515
0.071738
0.967460
0.654670
0.172559
0.887835
0.407413
0.214898
0.520617
0.977293
0.817897
0.617337
0.105709
0.099852
0.896204
0.615574
0.972864
0.240932
0.338972
0.021407
0.911528
0.154142
0.523455
0.746044
0.363106
0.426238
0.112684
0.838429
0.006374
0.814775
0.971981
0.395302
0.166446
0.124701
0.165061
0.405290
0.807098
0.218106
0.337479
0.625682
0.880856
0.523115
0.863836
0.318184
0.588853
0.614644
0.274668
0.666085
0.052007
0.182094
0.153404
0.021456
0.222805
0.936915
0.038751
0.083080
0.325739
0.315760
0.441136
0.691535
0.500547
0.131281
0.612713
0.887298
0.267267
0.650660
0.850461
0.445559
0.423342
0.839128
0.184228
0.715965
0.876668
0.198873
0.051252
0.740887
0.224595
0.629062
0.902925
0.434574
0.264353
0.005799
0.466943
0.780532
0.418993
0.566682
0.109511
0.421557
0.828186
0.127495
0.340380
0.566940
0.604121
0.462270
0.082743
0.439508
0.495548
0.755498
0.916821
0.632871
0.952825
0.659111
0.798477
0.354891
0.159127
0.538903
0.872568
0.189758
0.099993
0.716466
0.237030
0.045300
0.344349
0.754054
0.081635
0.175765
0.861110
0.801091
0.410805
0.629263
0.399313
0.041554
0.870424
0.193507
0.516344
0.029976
0.513646
0.668212
0.094793
0.968366
0.061788
0.326425
0.787448
0.404394
0.416628
0.223647
0.462248
0.679631
0.354939
0.040550
0.872059
0.341584
0.151971
0.604662
0.982021
0.380400
0.926568
0.814958
0.981059
0.145345
0.037510
0.311922
0.861791
0.331823
0.571127
0.799462
0.749444
0.060530
0.698650
0.073796
0.117044
0.459420
0.224602
0.672113
0.659703
0.828885
0.442986
0.978767
0.480763
0.552901
0.336227
0.961862
0.229027
0.904905
0.234729
0.535403
0.828689
0.387571
0.266463
0.413269
0.167715
0.700318
0.901867
0.037040
0.809473
0.916711
0.697153
0.500383
0.015938
0.404533
0.188435
0.872994
0.715688
0.972414
0.941164
0.945987
0.909606
0.075851
0.837545
0.411523
0.322114
0.669152
0.033940
0.070140
0.113349
0.814435
0.057806
0.781899
0.451883
0.930007
0.578228
0.978480
0.789713
0.913012
0.486500
0.303840
0.409009
0.249751
0.495891
0.006041
0.148449
0.934977
0.117388
0.452230
0.137501
0.972124
0.117082
0.456339
0.638354
0.692043
0.609244
0.103414
0.032674
0.990429
0.407139
0.518267
0.206401
0.084781
0.933224
0.386542
0.739495
0.881204
0.595481
0.304865
0.854969
0.729360
0.452907
0.759302
0.025665
0.050031
0.028355
0.238290
0.777778
0.222507
0.260345
0.942050
0.913892
0.506628
0.718675
0.504352
0.248702
0.794173
0.914693
0.077745
0.698176
0.393245
0.811313
0.017749
0.174918
0.963588
0.646993
0.937226
0.253137
0.365913
0.021050
0.275648
0.806912
0.649368
0.605420
0.160287
0.173364
0.372478
0.033036
0.632547
0.522691
0.988025
0.819786
0.412646
0.751386
0.284421
0.881955
0.903366
0.872055
0.887728
0.262364
0.947300
0.618363
0.221290
0.446229
0.794497
0.179136
0.085318
0.674044
0.385910
0.030728
0.257175
0.407432
0.474058
0.957437
0.184606
0.710628
0.581760
0.288953
0.517988
0.332739
0.622873
0.191427
0.832644
0.443505
0.190480
0.621305
0.466376
0.939573
0.556724
0.182278
0.838132
0.322252
0.058116
0.055866
0.427968
0.096740
0.478200
0.142664
0.652368
0.373633
0.738295
0.338288
0.138209
0.705221
0.602976
0.056577
0.218044
0.672279
0.371104
0.830679
0.283390
0.284378
0.810639
0.494924
0.744977
0.972752
0.795991
0.548686
0.672550
0.865733
0.594217
0.096231
0.494254
0.841008
0.129339
0.059286
0.808797
0.666576
0.425293
0.284069
0.143540
0.665215
0.114577
0.870962
0.229137
0.979517
0.213173
0.498892
0.766222
0.561641
0.348532
0.200889
0.051261
0.771744
0.316795
0.771764
0.885779
0.420835
0.002409
0.600405
0.703835
0.639080
0.567120
0.861016
0.464250
0.162540
0.889183
0.860506
0.823644
0.005086
0.975514
0.410178
0.049850
0.684785
0.681307
0.903256
0.778555
0.794285
0.240150
0.666582
0.643775
0.003336
0.753584
0.992947
0.219585
0.241241
0.817723
0.224838
0.149926
0.682200
0.515654
0.572525
0.478448
0.023551
0.201827
0.027947
0.543761
0.854075
0.206979
0.346221
0.508796
0.526967
0.142068
0.471103
0.137677
0.921688
0.954333
0.888496
0.419949
0.764701
0.849563
0.909308
0.530294
0.416647
0.437729
0.062373
0.471252
0.280592
0.764695
0.169726
0.005738
0.471975
0.775328
0.876865
0.683272
0.267196
0.212074
0.813236
0.296446
0.937702
0.221318
0.103677
0.978893
0.124949
0.235367
0.876981
0.739263
0.335900
0.972848
0.007501
0.992953
0.777452
0.091245
0.660748
0.939538
0.612281
0.803052
0.922195
0.383402
0.240512
0.286914
0.794803
0.111652
0.995981
0.376808
0.126780
0.640030
0.218972
0.669759
0.345399
0.286861
0.227373
0.964288
0.540640
0.018685
0.875454
0.920376
0.076439
0.570554
0.955772
0.844519
0.166478
0.329451
0.379014
0.861824
0.191851
0.590980
0.244618
0.987040
0.962527
0.876614
0.399347
0.278155
0.933052
0.210230
0.851218
0.614424
0.922170
0.886315
0.363500
0.434354
0.299384
0.465685
0.271381
0.981806
0.579579
0.264650
0.037221
0.207551
0.896768
0.576382
0.456250
0.161722
0.944135
0.504524
0.831899
0.675931
0.500834
0.683708
0.619411
0.793457
0.994356
0.003937
0.170692
0.166998
0.345611
0.799521
0.656813
0.645739
0.333699
0.971455
0.273794
0.140912
0.417409
0.207284
0.400302
0.450040
0.426068
0.476442
0.842904
0.877366
0.145825
0.302995
0.217561
0.788863
0.988015
0.052236
0.338859
0.746005
0.839872
0.572658
0.356973
0.869319
0.617559
0.579767
0.853965
0.870656
0.017024
0.081752
0.915439
0.776918
0.586236
0.967225
0.981957
0.246670
0.416529
0.499625
0.380404
0.287930
0.911407
0.398192
0.583636
0.838439
0.975650
0.297930
0.364361
0.520793
0.360043
0.646275
0.935079
0.870687
0.378530
0.347203
0.410814
0.627956
0.913131
0.148569
0.427957
0.432392
0.962219
0.393006
0.335821
0.369190
0.441517
0.193403
0.767850
0.636236
0.782915
0.786529
0.172533
0.765799
0.909459
0.709648
0.486559
0.919248
0.507798
0.037223
0.285365
0.112320
0.331298
0.745424
0.548315
0.631817
0.503898
0.812074
0.941763
0.418172
0.959632
0.793432
0.887351
0.842538
0.045207
0.688483
0.002021
0.866405
0.780023
0.658170
0.865721
0.285384
0.952852
0.962269
0.296458
0.110059
0.327712
0.567158
0.885330
0.593442
0.220398
0.879975
0.133435
0.178813
0.125998
0.703882
0.727022
0.400010
0.257451
0.370634
0.547546
0.439498
0.673859
0.284486
0.622206
0.543102
0.309490
0.359470
0.232404
0.443689
0.882076
0.713351
0.588816
0.483434
0.380461
0.018512
0.300691
0.604010
0.172554
0.234506
0.183587
0.138748
0.596923
0.550252
0.806141
0.467902
0.114710
0.846433
0.536440
0.648844
0.408627
0.310490
0.347844
0.903538
0.475728
0.067145
0.340414
0.115968
0.320198
0.255182
0.056790
0.777184
0.908156
0.424502
0.371942
0.114225
0.992136
0.843608
0.837773
0.684732
0.188770
0.303575
0.111392
0.729470
0.536682
0.646331
0.906788
0.002266
0.956776
0.008452
0.122644
0.077626
0.665125
0.991451
0.424811
0.941412
0.277383
0.590206
0.033120
0.654691
0.017936
0.036297
0.383295
0.434891
0.078438
0.155841
0.232016
0.495685
0.527696
0.674215
0.845029
0.536077
0.573256
0.004871
0.774638
0.962577
0.027035
0.677292
0.185919
0.593520
0.191953
0.040757
0.444579
0.042759
0.519917
0.435832
0.119063
0.757283
0.296519
0.473784
0.483119
0.319892
0.584360
0.584093
0.011941
0.388598
0.051542
0.870023
0.146568
0.277995
0.268264
0.699275
0.330796
0.677744
0.262952
0.107879
0.997422
0.317395
0.577316
0.126952
0.963275
0.227197
0.781280
0.779307
0.674047
0.797702
0.234987
0.821096
0.681141
0.527993
0.193920
0.017099
0.816215
0.578234
0.819459
0.890557
0.109361
0.146910
0.002508
0.642757
0.850224
0.900345
0.650859
0.316332
0.266112
0.050457
0.296994
0.911268
0.457398
0.048884
0.914486
0.045143
0.030235
0.818815
0.097158
0.979737
0.763669
0.041526
0.461780
0.374842
0.778433
0.548778
0.035230
0.546096
0.595548
0.625003
0.530569
0.225835
0.913968
0.009367
0.899985
0.892266
0.549151
0.106283
0.269707
0.540190
0.081878
0.097232
0.753086
0.822941
0.114083
0.014512
0.440497
0.666333
0.532719
0.841052
0.862650
0.716749
0.682824
0.276057
0.998374
0.172145
0.357576
0.125086
0.576924
0.100916
0.958897
0.490279
0.136718
0.999140
0.702764
0.672271
0.482644
0.823597
0.053472
0.017662
0.764275
0.063920
0.271493
0.340740
0.758089
0.029921
0.430146
0.934722
0.951382
0.555595
0.334559
0.321997
0.540004
0.748333
0.821539
0.471620
0.183373
0.335222
0.362316
0.710488
0.376512
0.963212
0.298945
0.328698
0.062956
0.400304
0.801596
0.571927
0.434804
0.587765
0.827653
0.267176
0.094017
0.472209
0.598949
0.956762
0.072828
0.758090
0.885657
0.586997
0.118052
0.781910
0.361344
0.714513
0.668384
0.344840
0.062368
0.541371
0.426513
0.135462
0.806845
0.790676
0.226955
0.523304
0.986517
0.392812
0.200754
0.560438
0.293432
0.808178
0.261281
0.655750
0.458852
0.689489
0.699846
0.107048
0.412399
0.843739
0.751122
0.621768
0.285306
0.433508
0.228828
0.618828
0.424727
0.136679
0.650836
0.082899
0.020220
0.124231
0.375993
0.497783
0.704601
0.013562
0.415303
0.987179
0.636782
0.190040
0.307648
0.667575
0.333708
0.576764
0.361452
0.907329
0.043247
0.070967
0.052319
0.085774
0.563197
0.688415
0.373028
0.563135
0.358598
0.182370
0.693675
0.272456
0.027204
0.483335
0.490455
0.104172
0.950173
0.176400
0.222517
0.407345
0.352542
0.065469
0.305548
0.423338
0.418427
0.323215
0.472964
0.601429
0.163687
0.181982
0.802543
0.934762
0.990322
0.457990
0.086545
0.971443
0.430402
0.527573
0.352305
0.881494
0.153003
0.782481
0.810169
0.136807
0.647365
0.908715
0.975784
0.338958
0.823246
0.871479
0.640064
0.718597
0.470884
0.793412
0.745699
0.649480
0.905802
0.514720
0.373510
0.348793
0.167276
0.786749
0.292130
0.061312
0.745127
0.523869
0.023806
0.595558
0.550751
0.305870
0.818098
0.852388
0.720089
0.351958
0.291173
0.076479
0.005609
0.180179
0.815425
0.194640
0.070141
0.309180
0.863371
0.866676
0.698310
0.073479
0.799076
0.459039
0.974030
0.314227
0.744615
0.112391
0.189474
0.514386
0.849864
0.574616
0.928509
0.494353
0.079905
0.533137
0.354106
0.929756
0.570841
0.436548
0.594615
0.540167
0.054234
0.236685
0.810327
0.403034
0.221875
0.208972
0.492960
0.532625
0.402135
0.981143
0.942647
0.925302
0.299820
0.687555
0.237085
0.990017
0.862887
0.697080
0.085291
0.671478
0.678408
0.674894
0.395308
0.131727
0.560226
0.730119
0.504360
0.317495
0.612377
0.578692
0.566596
0.823350
0.772705
0.880624
0.484560
0.616451
0.444569
0.168217
0.844883
0.354247
0.891934
0.902066
0.087015
0.372619
0.732623
0.618899
0.528841
0.103906
0.540694
0.127015
0.729754
0.341847
0.733601
0.638006
0.710518
0.277506
0.841514
0.783123
0.345823
0.945278
0.750297
0.596169
0.246334
0.233839
0.688576
0.754196
0.373118
0.760476
0.752156
0.190119
0.577819
0.490279
0.581868
0.598452
0.551439
0.549936
0.936678
0.231329
0.927092
0.269757
0.132349
0.818423
0.874692
0.601603
0.493837
0.693348
0.543431
0.453724
0.740378
0.371542
0.955070
0.389427
0.776500
0.157439
0.922422
0.022866
0.187028
0.478066
0.930175
0.514135
0.363984
0.271727
0.258027
0.503840
0.958921
0.489008
0.209933
0.555279
0.133845
0.783405
0.820536
0.595588
0.052035
0.334067
0.695199
0.605297
0.428658
0.116602
0.479732
0.022817
0.768506
0.341993
0.298255
0.364696
0.719969
0.350407
0.212714
0.756974
0.632713
0.467059
0.387327
0.504631
0.830807
0.802062
0.149700
0.056612
0.009032
0.165263
0.163054
0.549041
0.781041
0.239732
0.518729
0.309277
0.303429
0.342585
0.954296
0.793169
0.666573
0.037315
0.751573
0.406096
0.774604
0.945093
0.993905
0.758664
0.673765
0.340594
0.008262
0.348011
0.967737
0.876914
0.402120
0.387634
0.364711
0.539619
0.466523
0.969115
0.614901
0.017022
0.865923
0.598920
0.746842
0.036561
0.905011
0.067852
0.521059
0.159526
0.857255
0.969482
0.362094
0.461335
0.385617
0.860817
0.473053
0.724596
0.181171
0.162219
0.696248
0.119152
0.210229
0.516721
0.571375
0.078371
0.187053
0.298670
0.618259
0.554727
0.791201
0.589570
0.590496
0.260167
0.111714
0.770954
0.312306
0.687223
0.632396
0.450386
0.023369
0.843992
0.752727
0.001955
0.261987
0.008080
0.269044
0.315842
0.359280
0.558862
0.993551
0.396145
0.286502
0.840723
0.759758
0.189937
0.881504
0.158606
0.619038
0.175598
0.412853
0.636738
0.162946
0.971359
0.852290
0.866804
0.370613
0.966651
0.496022
0.727413
0.362434
0.134476
0.377512
0.526240
0.294934
0.892293
0.970748
0.862660
0.633530
0.765901
0.511857
0.354679
0.138087
0.533791
0.933991
0.251149
0.460827
0.331355
0.277743
0.950010
0.829341
0.452185
0.916315
0.666074
0.332947
0.359080
0.227217
0.897753
0.984245
0.006208
0.203362
0.500316
0.547043
0.256323
0.975858
0.012637
0.836346
0.967803
0.415289
0.442840
0.457197
0.724435
0.482849
0.893418
0.080026
0.919841
0.242433
0.705012
0.096053
0.705910
0.726328
0.086308
0.773981
0.622769
0.769689
0.451103
0.687799
0.483194
0.397339
0.737376
0.715573
0.457825
0.699970
0.281573
0.253302
0.454401
0.124214
0.167949
0.300816
0.694108
0.008852
0.280838
0.284523
0.235046
0.865643
0.329541
0.332950
0.685179
0.127885
0.273030
0.335485
0.077742
0.686691
0.586030
0.284606
0.178023
0.663260
0.529872
0.340900
0.163265
0.481239
0.730761
0.154258
0.713117
0.909456
0.244100
0.531224
0.096721
0.141779
0.574980
0.787184
0.608957
0.014139
0.619983
0.964232
0.941532
0.772608
0.841451
0.354372
0.257838
0.591051
0.439292
0.938347
0.341762
0.779769
0.463314
0.099834
0.411809
0.861793
0.436675
0.891823
0.719795
0.752129
0.723234
0.477499
0.808616
0.035316
0.762739
0.824491
0.191690
0.972796
0.971556
0.153360
0.877124
0.605652
0.226203
0.805144
0.716518
0.168652
0.934679
0.546810
0.370059
0.563813
0.888333
0.747764
0.088799
0.718027
0.866063
0.377065
0.599123
0.178986
0.933469
0.353654
0.694653
0.992678
0.002230
0.066329
0.493365
0.007065
0.558764
0.924156
0.482565
0.809947
0.964843
0.830864
0.966401
0.131268
0.914361
0.649998
0.348685
0.114613
0.897425
0.864322
0.061425
0.329975
0.882062
0.978449
0.104358
0.997197
0.241442
0.184754
0.045141
0.901150
0.706134
0.748296
0.380097
0.986561
0.141495
0.477392
0.042611
0.250598
0.184222
0.965318
0.225493
0.229444
0.523025
0.619840
0.944692
0.073019
0.289438
0.367245
0.788585
0.688130
0.908434
0.524509
0.178103
0.020226
0.726524
0.297362
0.300955
0.849741
0.028715
0.475166
0.505350
0.160102
0.025571
0.869748
0.656388
0.646720
0.247642
0.270179
0.317587
0.282759
0.346122
0.966766
0.151156
0.337855
0.744308
0.214539
0.898190
0.207095
0.202557
0.260801
0.453055
0.992759
0.297223
0.325991
0.868176
0.681326
0.828513
0.197335
0.584057
0.960029
0.379434
0.037589
0.476782
0.255275
0.873652
0.715343
0.638004
0.280353
0.109046
0.189738
0.571392
0.630135
0.570467
0.413589
0.110002
0.430641
0.403282
0.209269
0.970657
0.463071
0.421850
0.897785
0.088224
0.053824
0.456645
0.071351
0.573063
0.419506
0.842024
0.163670
0.151611
0.441240
0.404964
0.932020
0.860334
0.425056
0.034009
0.084966
0.628441
0.490611
0.747077
0.204852
0.500960
0.572069
0.706132
0.382754
0.901070
0.662413
0.774618
0.334816
0.523790
0.982343
0.018168
0.854207
0.141196
0.999599
0.609342
0.595547
0.015041
0.118089
0.404551
0.133702
0.727168
0.573974
0.451354
0.903317
0.494184
0.567330
0.647666
0.848234
0.883608
0.215025
0.869693
0.901685
0.045125
0.207889
0.768580
0.711658
0.784416
0.228910
0.234113
0.425331
0.918691
0.875791
0.965641
0.878639
0.989840
0.737473
0.017293
0.899791
0.680856
0.229333
0.963230
0.749329
0.226602
0.806593
0.901558
0.275826
0.058303
0.409253
0.733518
0.379644
0.683822
0.400646
0.727356
0.732897
0.428784
0.348356
0.623425
0.709641
0.177120
0.560691
0.137076
0.615689
0.418415
0.180656
0.457071
0.973847
0.982377
0.496182
0.866827
0.890898
0.301428
0.140484
0.190821
0.902519
0.358417
0.517273
0.004988
0.828469
0.850060
0.626239
0.173651
0.661695
0.214391
0.815899
0.871311
0.622227
0.953144
0.731335
0.009845
0.912478
0.032901
0.028554
0.474061
0.269312
0.711630
0.516639
0.434181
0.896395
0.033966
0.282296
0.775150
0.226106
0.827653
0.614057
0.491541
0.073778
0.657658
0.037776
0.234419
0.150306
0.930920
0.410166
0.663507
0.555974
0.754790
0.499166
0.314192
0.424547
0.032073
0.061678
0.403825
0.379828
0.405315
0.660663
0.803940
0.136466
0.557356
0.941217
0.832698
0.574220
0.033079
0.202774
0.972340
0.763363
0.402292
0.802330
0.096731
0.963587
0.453403
0.438944
0.670239
0.976563
0.144232
0.986806
0.126894
0.742212
0.676439
0.344083
0.592988
0.741380
0.974537
0.375329
0.221255
0.035660
0.694551
0.371401
0.964324
0.243026
0.050809
0.504176
0.042285
0.942166
0.105986
0.282492
0.926431
0.117081
0.827964
0.336060
0.250378
0.916816
0.269864
0.577910
0.912034
0.005131
0.504120
0.582461
0.095834
0.825309
0.749064
0.321550
0.234338
0.591896
0.013137
0.227653
0.860871
0.551647
0.077823
0.201945
0.059324
0.009702
0.010326
0.001366
0.081314
0.695501
0.389919
0.567123
0.822391
0.819361
0.031219
0.987414
0.984472
0.640092
0.161063
0.907023
0.017527
0.693531
0.455458
0.339834
0.555267
0.110329
0.255657
0.838471
0.122178
0.439363
0.078733
0.205973
0.087031
0.273524
0.623349
0.072545
0.224656
0.101748
0.985398
0.427674
0.986483
0.461389
0.364834
0.112726
0.693436
0.586687
0.022722
0.407125
0.984210
0.712152
0.479121
0.544505
0.968856
0.536351
0.504944
0.683107
0.752580
0.545465
0.416032
0.733204
0.267733
0.073083
0.821170
0.266333
0.252345
0.690420
0.587932
0.546542
0.670095
0.509124
0.385788
0.629215
0.917283
0.335538
0.704387
0.701140
0.153927
0.192085
0.853512
0.435858
0.043046
0.387155
0.576128
0.106806
0.166191
0.323150
0.723270
0.632242
0.472001
0.332964
0.618972
0.407731
0.481847
0.845779
0.376088
0.394481
0.860145
0.947156
0.398127
0.106087
0.499264
0.357143
0.231741
0.654739
0.475295
0.153635
0.921714
0.407622
0.089205
0.442758
0.067371
0.489803
0.607577
0.190963
0.939610
0.802702
0.448706
0.876827
0.618378
0.566499
0.273819
0.708031
0.962968
0.596553
0.449657
0.766469
0.377835
0.091065
0.966793
0.899511
0.815008
0.439589
0.806773
0.947567
0.025297
0.306266
0.738347
0.388685
0.983308
0.641380
0.236275
0.763182
0.149277
0.520484
0.912286
0.810395
0.261591
0.289090
0.142882
0.772470
0.879815
0.937178
0.198460
0.385701
0.605553
0.272296
0.707621
0.948793
0.718468
0.181051
0.923845
0.212460
0.782527
0.240879
0.552704
0.530194
0.242687
0.388925
0.509503
0.522410
0.268808
0.291259
0.432163
0.883676
0.469952
0.048782
0.204113
0.775445
0.941248
0.788517
0.638165
0.536659
0.494184
0.429572
0.435396
0.175670
0.421235
0.188038
0.022873
0.914818
0.552850
0.447362
0.960047
0.001380
0.459461
0.020091
0.714429
0.304897
0.947832
0.160030
0.280899
0.042550
0.498896
0.344318
0.753120
0.134436
0.226510
0.773185
0.556882
0.434476
0.521160
0.968417
0.989963
0.827249
0.731683
0.074143
0.456912
0.265105
0.468014
0.556359
0.674937
0.254310
0.049840
0.588728
0.103180
0.516218
0.934964
0.426265
0.215785
0.154136
0.026929
0.477354
0.412426
0.174959
0.457984
0.356659
0.610768
0.845044
0.879187
0.252250
0.775568
0.722371
0.557151
0.082078
0.049980
0.093616
0.503741
0.806918
0.116698
0.669422
0.762502
0.365103
0.139777
0.139474
0.389576
0.001768
0.941751
0.368639
0.127702
0.581666
0.133582
0.605945
0.544135
0.146641
0.025253
0.980859
0.236123
0.650053
0.449823
0.349442
0.584181
0.161290
0.890403
0.221667
0.421725
0.871316
0.623910
0.217375
0.591748
0.979101
0.213305
0.351022
0.863629
0.829864
0.676189
0.195160
0.506854
0.887273
0.726520
0.802136
0.368586
0.927823
0.681463
0.527380
0.718340
0.968327
0.110194
0.872074
0.029513
0.395281
0.098162
0.096373
0.122567
0.623269
0.740834
0.016645
0.541097
0.730875
0.156456
0.633564
0.246877
0.315905
0.018427
0.506013
0.764951
0.483190
0.314547
0.224545
0.080599
0.180727
0.311882
0.505108
0.167103
0.083288
0.471099
0.048437
0.021042
0.983477
0.049577
0.999599
0.154944
0.448833
0.999599
0.109739
0.825323
0.113931
0.149320
0.840395
0.565816
0.634544
0.443708
0.432300
0.661003
0.824603
0.270039
0.518884
0.595543
0.400501
0.747878
0.290274
0.269430
0.807030
0.437081
0.466909
0.661232
0.213109
0.550740
0.216445
0.895306
0.418950
0.162018
0.327899
0.690772
0.876513
0.716816
0.087755
0.994436
0.441134
0.184969
0.014852
0.974983
0.322994
0.872856
0.940899
0.808710
0.151794
0.130374
0.085159
0.629493
0.062731
0.625294
0.651079
0.693318
0.759450
0.847277
0.376867
0.250962
0.410029
0.721094
0.880919
0.595825
0.831774
0.441884
0.957772
0.506650
0.363290
0.542109
0.274253
0.320114
0.298411
0.017030
0.683797
0.614064
0.253329
0.689250
0.286470
0.160397
0.889898
0.608741
0.002014
0.103982
0.355690
0.747758
0.053862
0.161343
0.502791
0.754449
0.066268
0.915397
0.587398
0.628564
0.308890
0.650068
0.952745
0.540469
0.759728
0.744963
0.177164
0.153182
0.546546
0.794080
0.892746
0.858216
0.838823
0.666291
0.810364
0.790802
0.438974
0.766476
0.332854
0.949194
0.126867
0.345971
0.206139
0.666204
0.881246
0.645534
0.200779
0.138151
0.493312
0.713462
0.383803
0.135823
0.030693
0.440525
0.729244
0.941868
0.255921
0.691029
0.019282
0.376757
0.275441
0.618968
0.146571
0.497881
0.638279
0.557665
0.279613
0.549735
0.234754
0.212666
0.181055
0.483037
0.003931
0.707464
0.354585
0.181988
0.654597
0.000812
0.267667
0.386103
0.771037
0.968192
0.579424
0.469727
0.416240
0.408049
0.067269
0.161746
0.187818
0.269820
0.560956
0.222340
0.824048
0.613809
0.973977
0.925032
0.519177
0.295544
0.082000
0.161671
0.880532
0.946374
0.695482
0.446177
0.658743
0.809379
0.764800
0.249695
0.392515
0.931028
0.744059
0.774628
0.738210
0.634630
0.524102
0.646586
0.481743
0.376287
0.772692
0.359615
0.957211
0.756627
0.734039
0.798690
0.396507
0.615613
0.131155
0.541193
0.602069
0.740835
0.770291
0.022068
0.437874
0.474176
0.801077
0.261324
0.060654
0.594008
0.170054
0.782279
0.324792
0.701084
0.996953
0.288937
0.573189
0.351303
0.077127
0.674763
0.426919
0.497201
0.191730
0.165951
0.485190
0.046318
0.908017
0.882644
0.992182
0.377045
0.141039
0.463106
0.888888
0.313770
0.287241
0.629994
0.788129
0.930394
0.639318
0.785024
0.452963
0.312447
0.256068
0.858557
0.461838
0.095157
0.244003
0.283255
0.950753
0.675302
0.558747
0.034626
0.402662
0.317696
0.050635
0.224157
0.687753
0.731184
0.161975
0.384715
0.965318
0.460188
0.792182
0.415281
0.753769
0.633278
0.985459
0.519256
0.577832
0.516755
0.070021
0.019547
0.153008
0.562351
0.980683
0.833039
0.519581
0.121017
0.401996
0.480787
0.241899
0.000954
0.213392
0.935844
0.009177
0.467330
0.994607
0.947365
0.177433
0.237388
0.194373
0.000375
0.690175
0.626410
0.711847
0.712387
0.226829
0.589960
0.908997
0.716856
0.644572
0.313159
0.622363
0.789616
0.015242
0.029961
0.530254
0.848105
0.699826
0.960431
0.759557
0.813535
0.256612
0.662081
0.684622
0.852022
0.024590
0.467118
0.325918
0.990090
0.362752
0.269999
0.241800
0.180355
0.831629
0.222318
0.513309
0.831484
0.570916
0.352642
0.836650
0.228809
0.423343
0.959527
0.395113
0.883972
0.568927
0.513152
0.412757
0.248527
0.826095
0.665671
0.974060
0.601951
0.029599
0.717865
0.001790
0.832684
0.864022
0.159439
0.441264
0.934719
0.992508
0.816626
0.721439
0.864385
0.721236
0.061807
0.017391
0.074105
0.651333
0.808533
0.586986
0.053290
0.833344
0.708756
0.406096
0.161793
0.818810
0.648756
0.187619
0.398329
0.334928
0.102106
0.892771
0.574443
0.148994
0.922297
0.578422
0.092595
0.269135
0.259027
0.468329
0.692848
0.097879
0.459642
0.882508
0.533955
0.338770
0.304206
0.048200
0.818179
0.598529
0.936979
0.085080
0.221136
0.145264
0.350754
0.890865
0.123954
0.515760
0.690205
0.332262
0.399999
0.622649
0.636893
0.698197
0.226714
0.128033
0.377219
0.722323
0.378433
0.728146
0.525062
0.601569
0.121466
0.160558
0.747004
0.095512
0.450750
0.399233
0.828511
0.303101
0.859795
0.263749
0.616795
0.690981
0.363682
0.329032
0.507578
0.050594
0.449125
0.295045
0.220147
0.745368
0.216038
0.247614
0.073763
0.877664
0.020954
0.319695
0.368971
0.157393
0.612800
0.126308
0.054350
0.637220
0.353976
0.897509
0.371664
0.236372
0.791874
0.045322
0.603719
0.796892
0.344814
0.967669
0.367212
0.289888
0.307947
0.382024
0.799665
0.749193
0.994718
0.482575
0.671655
0.386869
0.692856
0.487915
0.333898
0.517109
0.924870
0.874314
0.888616
0.057166
0.315578
0.126860
0.195600
0.207513
0.346061
0.463704
0.909580
0.957265
0.437415
0.645379
0.555251
0.380213
0.790321
0.041989
0.522398
0.644050
0.199163
0.137761
0.383152
0.659642
0.462350
0.625637
0.999259
0.181019
0.987011
0.754555
0.382901
0.419092
0.790564
0.240156
0.335774
0.090072
0.302628
0.782450
0.584795
0.214122
0.136401
0.572809
0.616310
0.344186
0.910359
0.196798
0.427472
0.832164
0.695926
0.663994
0.339590
0.506380
0.650646
0.055051
0.358296
0.359536
0.330129
0.352464
0.111199
0.297931
0.893791
0.360103
0.903862
0.545022
0.073248
0.706972
0.906038
0.976407
0.161838
0.877020
0.801655
0.960821
0.322224
0.035859
0.782211
0.461234
0.968841
0.834908
0.142299
0.027141
0.244899
0.484090
0.540804
0.995796
0.421011
0.487622
0.548982
0.875859
0.244815
0.747611
0.228710
0.467501
0.578144
0.142799
0.216518
0.281613
0.389814
0.492513
0.161989
0.057034
0.006503
0.498165
0.147193
0.485362
0.249709
0.217886
0.146226
0.281606
0.350750
0.947322
0.153913
0.675901
0.595163
0.546308
0.788151
0.734271
0.118734
0.934206
0.153328
0.178970
0.885463
0.264847
0.229308
0.902477
0.207943
0.446144
0.942503
0.031547
0.417233
0.872017
0.287808
0.373791
0.006066
0.339957
0.042369
0.590575
0.419224
0.912526
0.868263
0.505317
0.170660
0.393754
0.299553
0.140835
0.260118
0.001768
0.592743
0.245606
0.434051
0.769102
0.765382
0.125810
0.286923
0.155859
0.917121
0.253935
0.989602
0.953951
0.916699
0.628359
0.630814
0.850660
0.527471
0.761630
0.194182
0.236243
0.547832
0.074682
0.605417
0.134590
0.560174
0.763641
0.469128
0.331309
0.646413
0.825466
0.079315
0.115124
0.157186
0.115925
0.398208
0.953206
0.267916
0.352327
0.430184
0.227779
0.054429
0.945196
0.106037
0.880866
0.844669
0.075549
0.382292
0.878987
0.306552
0.452462
0.054146
0.424407
0.504759
0.660832
0.192145
0.330605
0.875321
0.710262
0.414316
0.145233
0.834626
0.638160
0.278969
0.063968
0.651678
0.415884
0.170049
0.225510
0.096310
0.615122
0.497227
0.325218
0.543030
0.768840
0.056963
0.018357
0.206200
0.109899
0.817768
0.111297
0.537608
0.690731
0.381650
0.039599
0.796791
0.125855
0.222248
0.507323
0.156742
0.499150
0.655966
0.985144
0.416348
0.030063
0.122327
0.031210
0.423693
0.884600
0.849954
0.275064
0.373532
0.082310
0.590718
0.480251
0.414201
0.620439
0.901541
0.136175
0.904923
0.089018
0.135493
0.707008
0.609163
0.860703
0.924892
0.339441
0.233052
0.128234
0.662164
0.778199
0.643902
0.149158
0.331718
0.406721
0.690930
0.107253
0.649864
0.090422
0.641262
0.375300
0.821113
0.393414
0.416209
0.073605
0.147364
0.346002
0.625637
0.516090
0.903369
0.239280
0.164038
0.703105
0.683492
0.674986
0.558283
0.625470
0.302023
0.159194
0.552278
0.235299
0.381399
0.827839
0.738052
0.295330
0.225772
0.618865
0.536187
0.317107
0.009333
0.384151
0.869845
0.062688
0.118150
0.107508
0.111797
0.749616
0.443222
0.604498
0.676665
0.864204
0.077810
0.180237
0.168129
0.010929
0.397034
0.760844
0.926753
0.577682
0.695944
0.097397
0.048022
0.649633
0.346821
0.794416
0.826163
0.826932
0.579888
0.836333
0.735760
0.208895
0.875659
0.095204
0.082800
0.912031
0.323090
0.293064
0.666838
0.250369
0.996078
0.276714
0.007851
0.080155
0.141673
0.127081
0.951072
0.300025
0.075944
0.877208
0.800834
0.901985
0.826443
0.931972
0.314966
0.134702
0.531821
0.070051
0.163474
0.912207
0.056740
0.237836
0.302575
0.768587
0.460671
0.710899
0.605445
0.909961
0.488665
0.268417
0.226317
0.783045
0.856362
0.388301
0.241472
0.396132
0.365231
0.386652
0.030039
0.271116
0.001762
0.576954
0.534624
0.549192
0.699672
0.766803
0.616323
0.639704
0.040295
0.519174
0.314615
0.909837
0.355606
0.029606
0.298387
0.827879
0.612682
0.080285
0.492712
0.557001
0.588969
0.368825
0.864109
0.158936
0.795147
0.537491
0.206371
0.013846
0.826588
0.083396
0.285593
0.046746
0.394743
0.069414
0.657013
0.422159
0.634978
0.408782
0.372329
0.123632
0.945490
0.614836
0.653338
0.667133
0.980402
0.114434
0.649426
0.047440
0.505911
0.764331
0.840394
0.121806
0.997454
0.501250
0.444522
0.279623
0.584085
0.437294
0.781099
0.511498
0.568382
0.193639
0.587879
0.504136
0.210700
0.279548
0.462223
0.073392
0.069068
0.475315
0.269831
0.078563
0.343676
0.993009
0.420832
0.704944
0.660064
0.866175
0.458135
0.974374
0.419751
0.179084
0.529991
0.157124
0.492272
0.179605
0.854927
0.072365
0.969010
0.741269
0.544026
0.534549
0.156838
0.435322
0.668907
0.432260
0.777694
0.450085
0.783952
0.414364
0.637521
0.732315
0.492975
0.252157
0.122678
0.924839
0.842640
0.789276
0.921270
0.509723
0.310999
0.673910
0.107877
0.031799
0.907143
0.777474
0.288958
0.540472
0.109497
0.374718
0.108389
0.537268
0.232056
0.623202
0.143168
0.513214
0.740932
0.013135
0.772566
0.786638
0.453105
0.936553
0.033647
0.162641
0.574974
0.069384
0.945239
0.206877
0.804163
0.389639
0.313509
0.606455
0.082472
0.435296
0.257201
0.550028
0.893665
0.198548
0.600458
0.839287
0.824021
0.268363
0.660737
0.459569
0.646334
0.408098
0.927302
0.219589
0.360922
0.127334
0.037311
0.645781
0.939120
0.944203
0.144686
0.265029
0.370986
0.253461
0.947232
0.969276
0.584759
0.524109
0.786489
0.145140
0.734993
0.051924
0.536671
0.003691
0.033163
0.038321
0.224503
0.926991
0.561824
0.362157
0.232102
0.766475
0.536098
0.553764
0.523978
0.890370
0.041127
0.983718
0.735301
0.766097
0.674892
0.298796
0.965348
0.083472
0.652071
0.146016
0.650718
0.901957
0.150441
0.491109
0.719896
0.738321
0.615098
0.175669
0.735907
0.020103
0.970259
0.879895
0.658321
0.207157
0.550780
0.524404
0.050345
0.342119
0.867270
0.311205
0.731164
0.716746
0.105736
0.573379
0.347343
0.042198
0.565285
0.175251
0.788708
0.467081
0.820252
0.226464
0.591842
0.398743
0.505162
0.987908
0.105485
0.424166
0.745627
0.245450
0.493695
0.191980
0.863399
0.596046
0.240700
0.573578
0.271412
0.564341
0.421654
0.357931
0.131437
0.577313
0.200831
0.412255
0.293627
0.447815
0.007590
0.341710
0.179238
0.329836
0.174428
0.060412
0.244666
0.330604
0.163577
0.119461
0.600697
0.115839
0.381532
0.573784
0.614024
0.490001
0.116307
0.478409
0.231256
0.935503
0.821386
0.828332
0.416093
0.362847
0.413868
0.858304
0.039584
0.563415
0.912064
0.735336
0.607218
0.321311
0.679292
0.865225
0.125473
0.379799
0.194342
0.524257
0.718807
0.068436
0.173315
0.470017
0.305119
0.772239
0.419612
0.404013
0.956729
0.504872
0.985678
0.898783
0.732733
0.870938
0.457838
0.080306
0.719337
0.952366
0.899847
0.311728
0.193952
0.211582
0.546523
0.367353
0.907406
0.997547
0.670386
0.549230
0.111785
0.594724
0.455365
0.486909
0.538867
0.941198
0.615288
0.500433
0.929869
0.929102
0.163730
0.595675
0.039665
0.903643
0.057422
0.019715
0.380554
0.208673
0.639309
0.624195
0.159183
0.046053
0.249831
0.780322
0.206907
0.979139
0.266242
0.646079
0.754600
0.120422
0.988941
0.011995
0.187934
0.449595
0.093235
0.725897
0.703166
0.657617
0.157852
0.720860
0.815414
0.298455
0.421799
0.517302
0.934820
0.543354
0.948694
0.734912
0.688449
0.960115
0.538288
0.799972
0.029676
0.516137
0.488632
0.757327
0.628399
0.759899
0.393777
0.654664
0.995847
0.249096
0.038434
0.542436
0.672128
0.189590
0.382750
0.080182
0.732679
0.149379
0.845599
0.335555
0.475512
0.884451
0.309451
0.554324
0.292920
0.824161
0.115888
0.838017
0.251934
0.974902
0.789274
0.332819
0.384440
0.321502
0.144298
0.423453
0.457378
0.175310
0.494692
0.166051
0.598057
0.757250
0.152878
0.631942
0.261098
0.656586
0.027454
0.592831
0.612657
0.785829
0.516320
0.394829
0.800054
0.922182
0.846203
0.043739
0.112201
0.563205
0.622191
0.888431
0.262687
0.335770
0.294899
0.653534
0.351344
0.384488
0.201880
0.065874
0.809623
0.603178
0.362392
0.942883
0.227317
0.056569
0.471792
0.549180
0.823772
0.627386
0.357194
0.384153
0.355340
0.287871
0.432811
0.364958
0.816512
0.703211
0.203958
0.314236
0.003265
0.942702
0.994970
0.870087
0.456514
0.015135
0.559394
0.699400
0.818262
0.916909
0.921395
0.428507
0.024623
0.840945
0.405303
0.892861
0.074299
0.644439
0.655013
0.457855
0.378537
0.413662
0.205125
0.755306
0.683764
0.841102
0.629523
0.616074
0.509979
0.787818
0.107855
0.331800
0.450040
0.032250
0.673009
0.143210
0.994909
0.293407
0.049397
0.695533
0.989929
0.695295
0.588158
0.712499
0.073771
0.241913
0.936389
0.579581
0.425762
0.475867
0.937357
0.577450
0.754097
0.473623
0.401219
0.022376
0.336660
0.908158
0.474052
0.328015
0.201795
0.103973
0.889460
0.450776
0.566830
0.385360
0.543590
0.189031
0.780213
0.439001
0.082108
0.416685
0.315887
0.785343
0.127321
0.508008
0.407611
0.486014
0.865016
0.588835
0.482151
0.159614
0.023111
0.886931
0.433927
0.785394
0.236590
0.580916
0.494455
0.240282
0.943478
0.314147
0.986777
0.433020
0.692305
0.770409
0.851456
0.210196
0.069410
0.647481
0.704359
0.150089
0.740784
0.429529
0.289529
0.215598
0.823502
0.888619
0.959498
0.088169
0.291162
0.250383
0.921285
0.478553
0.320388
0.871418
0.084317
0.732119
0.705161
0.700965
0.826354
0.588105
0.115546
0.263157
0.729036
0.782085
0.329764
0.596845
0.434493
0.614544
0.505353
0.147845
0.331214
0.258056
0.317580
0.815403
0.618231
0.100344
0.731888
0.924620
0.733216
0.276553
0.501965
0.215193
0.708142
0.734242
0.015307
0.811833
0.016010
0.692256
0.721340
0.246003
0.658526
0.611653
0.374688
0.898807
0.116391
0.143199
0.295278
0.510613
0.324605
0.424996
0.705096
0.432390
0.512521
0.192680
0.783733
0.873528
0.264585
0.711717
0.554186
0.864247
0.199184
0.007576
0.870624
0.388148
0.650738
0.415717
0.486030
0.117501
0.829440
0.980741
0.923066
0.961527
0.763378
0.489570
0.832893
0.557670
0.273374
0.139143
0.424922
0.539560
0.149963
0.080348
0.017564
0.272964
0.437421
0.709028
0.787094
0.304693
0.858721
0.001038
0.219471
0.999259
0.472512
0.367593
0.157631
0.716227
0.202094
0.692502
0.556634
0.201742
0.493552
0.203992
0.232127
0.396220
0.269928
0.727556
0.465415
0.684821
0.432832
0.056011
0.712316
0.937269
0.895768
0.099223
0.773232
0.680554
0.615583
0.376080
0.676992
0.375411
0.981723
0.069365
0.489502
0.100296
0.460137
0.611319
0.714358
0.332148
0.008305
0.231843
0.090834
0.400410
0.108231
0.257141
0.218588
0.684089
0.195266
0.666028
0.461335
0.747506
0.166120
0.762487
0.775879
0.066936
0.137862
0.621911
0.860257
0.907825
0.293921
0.327057
0.056458
0.562538
0.820137
0.087257
0.629841
0.765679
0.415343
0.086971
0.088985
0.553486
0.702700
0.840152
0.425545
0.433415
0.100306
0.735102
0.222484
0.959201
0.097112
0.187000
0.288953
0.066772
0.671890
0.015850
0.478428
0.890720
0.272434
0.526429
0.890474
0.744615
0.806900
0.771478
0.361779
0.178366
0.691583
0.163770
0.744530
0.110880
0.835814
0.298130
0.534765
0.237252
0.446089
0.428680
0.144286
0.909208
0.603170
0.694506
0.060891
0.340029
0.347467
0.120180
0.976036
0.067079
0.623470
0.654688
0.199121
0.564563
0.241818
0.618794
0.455216
0.606413
0.360447
0.768935
0.969401
0.476187
0.941442
0.664655
0.176580
0.371432
0.769077
0.852315
0.920643
0.989951
0.713117
0.803397
0.690436
0.372235
0.769973
0.120841
0.711002
0.837749
0.527358
0.848285
0.104902
0.443863
0.074843
0.178339
0.257740
0.638474
0.256389
0.397520
0.970991
0.915793
0.749448
0.764584
0.330179
0.736315
0.710660
0.479792
0.932912
0.075624
0.087023
0.046283
0.544210
0.733099
0.824697
0.779105
0.320325
0.393362
0.770419
0.907296
0.770544
0.995005
0.442678
0.611577
0.022352
0.749080
0.925214
0.213044
0.991326
0.362286
0.012546
0.892337
0.614997
0.276824
0.508838
0.386355
0.630965
0.832591
0.074621
0.739825
0.814211
0.901521
0.542273
0.838042
0.347007
0.124216
0.726549
0.117754
0.896172
0.203268
0.971159
0.317893
0.998781
0.477694
0.261115
0.011617
0.764443
0.894719
0.442171
0.364824
0.983144
0.596884
0.906799
0.077117
0.850485
0.942445
0.998291
0.003880
0.483546
0.779346
0.053136
0.482036
0.009623
0.201964
0.633138
0.955584
0.032172
0.333283
0.513825
0.790992
0.018870
0.368802
0.799773
0.126985
0.815421
0.061883
0.270182
0.214234
0.196106
0.074274
0.343447
0.959071
0.944009
0.830889
0.745937
0.357034
0.041957
0.074812
0.920498
0.549145
0.140915
0.758834
0.991514
0.765417
0.656294
0.437592
0.527170
0.642344
0.584422
0.674669
0.201833
0.066921
0.000608
0.012318
0.792344
0.858844
0.125463
0.689557
0.756334
0.351723
0.865608
0.602197
0.937263
0.166863
0.745941
0.802830
0.453299
0.629927
0.660218
0.298614
0.773041
0.098854
0.740900
0.129140
0.812722
0.734975
0.863751
0.837453
0.293311
0.539363
0.692394
0.594530
0.242848
0.921080
0.177343
0.073971
0.324632
0.087807
0.856597
0.803673
0.505184
0.624248
0.073858
0.171309
0.821281
0.017994
0.108173
0.228768
0.271139
0.421896
0.577269
0.047350
0.733860
0.718516
0.077126
0.912554
0.640655
0.135252
0.703133
0.328553
0.692635
0.204187
0.573316
0.513670
0.289026
0.271643
0.061111
0.116984
0.526835
0.838510
0.822534
0.752063
0.422807
0.600473
0.658555
0.028186
0.640133
0.800723
0.435497
0.135397
0.959077
0.597107
0.951035
0.202588
0.480315
0.068249
0.397325
0.264406
0.294485
0.773061
0.661261
0.332070
0.777680
0.766468
0.700029
0.025879
0.701402
0.538837
0.832189
0.175884
0.881952
0.662495
0.544251
0.586450
0.778145
0.217413
0.993183
0.566515
0.401558
0.348242
0.308957
0.298614
0.488650
0.141821
0.199953
0.526180
0.441843
0.270303
0.728990
0.422382
0.154109
0.429444
0.059552
0.828525
0.050380
0.220298
0.930353
0.951731
0.304991
0.028580
0.671088
0.147709
0.007731
0.199094
0.151818
0.814490
0.566500
0.979494
0.700845
0.838414
0.851125
0.711867
0.128886
0.287553
0.733958
0.522636
0.567386
0.385454
0.986202
0.538301
0.232368
0.377234
0.534615
0.720848
0.937778
0.397389
0.654117
0.575623
0.288790
0.747861
0.889972
0.640332
0.430405
0.226178
0.122216
0.248026
0.063561
0.882290
0.494122
0.856842
0.582944
0.483719
0.405555
0.720938
0.410284
0.614094
0.658398
0.118958
0.775896
0.271371
0.039318
0.068203
0.080808
0.578367
0.604303
0.409516
0.902668
0.683501
0.271169
0.312161
0.650581
0.771697
0.958979
0.399174
0.146506
0.878838
0.692884
0.853722
0.665139
0.887387
0.083892
0.382786
0.262708
0.577250
0.144629
0.929450
0.230542
0.487833
0.497495
0.229677
0.271351
0.609652
0.638719
0.690983
0.368437
0.733875
0.742643
0.663105
0.441355
0.734530
0.711763
0.805578
0.578097
0.901678
0.220475
0.312097
0.891060
0.867171
0.769383
0.901360
0.430603
0.022199
0.402099
0.450579
0.043559
0.894037
0.361700
0.449392
0.329509
0.676529
0.437829
0.154077
0.556877
0.364872
0.920565
0.787026
0.545194
0.272407
0.510867
0.763513
0.199663
0.568970
0.301033
0.943004
0.559581
0.012924
0.328222
0.048516
0.462415
0.809675
0.499856
0.724625
0.159183
0.247945
0.906308
0.309342
0.482323
0.092515
0.172790
0.170810
0.361903
0.972013
0.292051
0.846948
0.116661
0.937527
0.040273
0.962247
0.879199
0.899481
0.062504
0.764934
0.725245
0.615180
0.957589
0.710793
0.400227
0.808385
0.366850
0.944999
0.416818
0.787914
0.330861
0.225184
0.538249
0.699037
0.914326
0.259221
0.177285
0.315690
0.684284
0.868591
0.802067
0.761572
0.669995
0.647933
0.429587
0.854065
0.526735
0.985926
0.446469
0.188676
0.097465
0.601125
0.175556
0.837162
0.227476
0.084799
0.515612
0.505458
0.583513
0.834215
0.939475
0.495533
0.390887
0.003881
0.821985
0.317931
0.194256
0.545765
0.271090
0.710278
0.219218
0.695960
0.001064
0.204796
0.145885
0.585085
0.572724
0.749890
0.570125
0.490265
0.147979
0.894222
0.325148
0.141891
0.490679
0.275181
0.852257
0.779734
0.877462
0.878067
0.865643
0.198104
0.055462
0.430247
0.557460
0.003654
0.952067
0.220457
0.175653
0.953529
0.168483
0.363802
0.102164
0.564696
0.896123
0.515894
0.921636
0.752639
0.914656
0.145326
0.743310
0.931654
0.254063
0.744059
0.298636
0.698800
0.530983
0.754350
0.645691
0.635245
0.361766
0.154219
0.464795
0.145261
0.680475
0.628792
0.707849
0.164161
0.678238
0.291613
0.281765
0.598884
0.968899
0.159668
0.502701
0.912078
0.872423
0.851486
0.486242
0.263015
0.398650
0.514566
0.656846
0.313672
0.717092
0.637567
0.999644
0.118021
0.426510
0.999236
0.746108
0.434947
0.444570
0.019021
0.466589
0.712544
0.011421
0.444852
0.653355
0.588137
0.456220
0.511827
0.882870
0.422053
0.113893
0.050205
0.837485
0.354530
0.277222
0.303854
0.771269
0.273026
0.915676
0.147572
0.047569
0.171792
0.565910
0.778578
0.516627
0.494862
0.409963
0.488153
0.774768
0.584769
0.628108
0.973176
0.506744
0.990895
0.756861
0.869951
0.257210
0.719464
0.622986
0.513692
0.370715
0.878369
0.749411
0.247674
0.230913
0.728004
0.086331
0.499671
0.302433
0.584317
0.267268
0.304955
0.800783
0.319811
0.441580
0.151806
0.788814
0.406361
0.317625
0.046117
0.309332
0.371519
0.449286
0.296934
0.233204
0.575386
0.707288
0.897311
0.236049
0.032956
0.349360
0.869163
0.854037
0.328742
0.302911
0.833246
0.534380
0.015070
0.222931
0.304188
0.847273
0.318014
0.218223
0.165820
0.406041
0.857999
0.841849
0.995821
0.128229
0.834632
0.117676
0.844846
0.323905
0.933510
0.983832
0.869528
0.014359
0.839478
0.145255
0.428686
0.144996
0.735868
0.869968
0.607231
0.975183
0.629354
0.775324
0.283952
0.404128
0.658729
0.028737
0.130902
0.058925
0.163596
0.139155
0.068580
0.346516
0.942969
0.506927
0.619434
0.807628
0.608290
0.106438
0.141426
0.944188
0.811394
0.932798
0.594062
0.393365
0.533501
0.595345
0.224157
0.046329
0.981125
0.490532
0.462059
0.347825
0.420566
0.247858
0.417593
0.937691
0.762944
0.387496
0.356683
0.615975
0.701981
0.738882
0.544740
0.921972
0.819254
0.887021
0.153373
0.741614
0.465539
0.588233
0.756660
0.108619
0.358319
0.439403
0.177885
0.788546
0.207354
0.413982
0.394902
0.361750
0.092264
0.872509
0.351587
0.115767
0.615049
0.103651
0.255630
0.368931
0.679888
0.000842
0.342373
0.358425
0.302842
0.386660
0.645648
0.005321
0.612624
0.378144
0.706626
0.918481
0.704415
0.766947
0.959440
0.605206
0.583040
0.253556
0.018414
0.939901
0.957424
0.719089
0.938931
0.408234
0.300099
0.095069
0.586613
0.132848
0.585131
0.464259
0.304034
0.321672
0.483916
0.316483
0.558858
0.919735
0.096126
0.524267
0.062213
0.232782
0.385096
0.085269
0.003248
0.203170
0.282241
0.602453
0.519087
0.416957
0.629745
0.298714
0.944447
0.601701
0.997720
0.159590
0.819789
0.117493
0.491103
0.994423
0.310335
0.263932
0.549360
0.340995
0.752111
0.121924
0.832250
0.608741
0.318600
0.354969
0.517805
0.667921
0.537599
0.127628
0.951686
0.362824
0.430992
0.637567
0.554718
0.131864
0.172522
0.311614
0.999236
0.709411
0.035890
0.981176
0.555229
0.024753
0.088235
0.439010
0.467511
0.280490
0.668363
0.307003
0.658296
0.001109
0.089288
0.668703
0.712386
0.711430
0.612646
0.265032
0.929838
0.500050
0.072880
0.657530
0.958865
0.382535
0.982315
0.354337
0.321742
0.755635
0.778188
0.125710
0.779030
0.861223
0.961182
0.423302
0.589492
0.193378
0.546877
0.926687
0.219138
0.930911
0.209204
0.036340
0.279505
0.048814
0.639878
0.363444
0.576215
0.903079
0.553100
0.917003
0.814356
0.550897
0.425666
0.725489
0.724739
0.978608
0.646072
0.755760
0.178673
0.988516
0.341011
0.392894
0.079670
0.827836
0.514644
0.841675
0.836394
0.422830
0.457789
0.009072
0.706918
0.362403
0.015210
0.866802
0.981791
0.721152
0.515805
0.598004
0.360874
0.444497
0.921070
0.860553
0.042064
0.969980
0.401701
0.094372
0.340949
0.020259
0.652727
0.538445
0.508509
0.175331
0.267894
0.566619
0.015102
0.874111
0.550010
0.395489
0.676175
0.477914
0.793089
0.443193
0.658164
0.879460
0.064003
0.639188
0.718630
0.898706
0.487301
0.301268
0.896301
0.268690
0.320073
0.540473
0.714860
0.887385
0.439426
0.245030
0.536284
0.061584
0.170243
0.983054
0.779517
0.671622
0.494257
0.587100
0.889257
0.376255
0.113903
0.912593
0.325663
0.599596
0.528485
0.451969
0.873540
0.900397
0.320355
0.026711
0.710834
0.331154
0.271574
0.044339
0.199521
0.323110
0.434924
0.405276
0.082676
0.864908
0.987511
0.668021
0.802022
0.018776
0.892357
0.857547
0.149587
0.989119
0.297314
0.142588
0.391564
0.734428
0.096978
0.558655
0.854723
0.813564
0.479796
0.045234
0.545761
0.460738
0.058553
0.062544
0.528429
0.577672
0.739439
0.204328
0.155640
0.064255
0.896079
0.011909
0.034538
0.937045
0.175357
0.088918
0.278979
0.624685
0.038673
0.817791
0.710215
0.406065
0.524196
0.174961
0.533804
0.756014
0.963508
0.252415
0.526922
0.578636
0.182438
0.024339
0.090003
0.493946
0.915220
0.288483
0.871750
0.162174
0.539925
0.686734
0.085572
0.604612
0.249456
0.626554
0.663838
0.741812
0.276568
0.127213
0.906288
0.410718
0.835221
0.179255
0.179719
0.542378
0.988035
0.693896
0.223690
0.441237
0.336440
0.327028
0.964416
0.275012
0.313875
0.170356
0.986038
0.389497
0.172614
0.024683
0.551760
0.443397
0.642845
0.706420
0.700468
0.011943
0.531720
0.821513
0.407836
0.241425
0.465389
0.888820
0.331884
0.716089
0.725487
0.250219
0.545653
0.399663
0.532023
0.399647
0.685340
0.394081
0.937911
0.937507
0.637058
0.032364
0.159046
0.115874
0.132083
0.328302
0.772385
0.260499
0.169584
0.699838
0.299336
0.127183
0.942877
0.260913
0.951041
0.568206
0.261371
0.532815
0.366114
0.992162
0.084721
0.224408
0.561909
0.893580
0.156463
0.366060
0.261433
0.614407
0.255414
0.297769
0.385242
0.714258
0.175720
0.397781
0.618757
0.400387
0.210373
0.895468
0.559816
0.666421
0.995262
0.929519
0.920371
0.859916
0.214618
0.337065
0.173317
0.326242
0.564794
0.247985
0.895463
0.527863
0.508700
0.527617
0.027849
0.315987
0.762339
0.685945
0.443618
0.022269
0.968602
0.137055
0.342393
0.162703
0.009833
0.343547
0.261042
0.209280
0.564447
0.470401
0.258515
0.227097
0.545721
0.864614
0.373236
0.819362
0.491376
0.993136
0.713868
0.628600
0.866123
0.044217
0.897928
0.452024
0.958312
0.217263
0.540019
0.419761
0.005307
0.894464
0.575971
0.717780
0.576325
0.363567
0.526894
0.309005
0.829155
0.114765
0.915491
0.296401
0.088156
0.894262
0.675590
0.995454
0.361970
0.700904
0.195975
0.939472
0.824012
0.657719
0.934594
0.662895
0.357411
0.684117
0.074086
0.913098
0.756014
0.003129
0.381395
0.382137
0.858521
0.716923
0.121857
0.063089
0.354779
0.807961
0.072241
0.091884
0.369745
0.416830
0.310550
0.590237
0.626392
0.914754
0.637287
0.467912
0.485504
0.042086
0.229810
0.747338
0.726596
0.996265
0.146613
0.348739
0.385336
0.205509
0.701880
0.012357
0.411306
0.359189
0.814582
0.463110
0.514789
0.933010
0.414511
0.853683
0.288655
0.656635
0.745757
0.000522
0.024167
0.442742
0.253789
0.983675
0.387531
0.908266
0.155095
0.080691
0.133937
0.558920
0.169522
0.995742
0.951154
0.624438
0.318354
0.411200
0.536012
0.681169
0.650879
0.497957
0.601541
0.196925
0.925659
0.374786
0.224305
0.705868
0.228910
0.292730
0.101747
0.053750
0.521931
0.458571
0.775901
0.240260
0.855137
0.807361
0.867595
0.379348
0.322325
0.327213
0.075849
0.863223
0.531805
0.854280
0.149140
0.473797
0.889126
0.950348
0.794013
0.068404
0.189486
0.892585
0.414446
0.065979
0.948491
0.021837
0.581611
0.876011
0.521610
0.274000
0.924278
0.105589
0.011217
0.204244
0.957988
0.918906
0.293088
0.486653
0.786138
0.737543
0.441152
0.996595
0.204848
0.096708
0.541590
0.159090
0.919620
0.309841
0.188158
0.006900
0.275618
0.648474
0.085139
0.554716
0.352364
0.382145
0.569505
0.113037
0.761770
0.720080
0.838551
0.473390
0.096946
0.787272
0.244307
0.916508
0.335879
0.196806
0.623871
0.882166
0.533846
0.851547
0.880127
0.033237
0.812862
0.734659
0.436333
0.221172
0.744181
0.902385
0.959102
0.623958
0.036281
0.555858
0.497462
0.173451
0.598215
0.182715
0.712937
0.143898
0.205760
0.674449
0.890833
0.749043
0.611694
0.251803
0.311869
0.337369
0.014510
0.787384
0.133599
0.813908
0.631856
0.880730
0.162166
0.517510
0.062637
0.104460
0.688276
0.693298
0.308553
0.348281
0.490008
0.904837
0.452310
0.897365
0.164392
0.196957
0.043178
0.909161
0.306554
0.250401
0.255088
0.523665
0.798460
0.350052
0.689189
0.041463
0.359758
0.140247
0.669598
0.125887
0.733373
0.269020
0.702797
0.883987
0.782993
0.267524
0.159461
0.118960
0.644677
0.995521
0.710954
0.046491
0.848768
0.566993
0.676768
0.961089
0.381279
0.694490
0.576082
0.717164
0.527832
0.433820
0.235621
0.553744
0.502052
0.433767
0.993028
0.701556
0.439692
0.294450
0.603148
0.935765
0.897367
0.793097
0.453545
0.705938
0.260065
0.562006
0.722105
0.724687
0.086001
0.799276
0.057153
0.825492
0.724026
0.492040
0.669597
0.015205
0.272945
0.152026
0.134532
0.563983
0.030617
0.656634
0.490638
0.170303
0.842528
0.391692
0.980658
0.296487
0.715400
0.675737
0.123186
0.134890
0.643873
0.565113
0.169701
0.640475
0.911957
0.484256
0.852984
0.564902
0.202093
0.070071
0.942248
0.723033
0.371560
0.771858
0.301957
0.196610
0.858720
0.701477
0.017737
0.323176
0.652242
0.309544
0.863097
0.481533
0.808754
0.483975
0.891018
0.328187
0.524234
0.672977
0.747708
0.581619
0.059322
0.655930
0.221786
0.371646
0.868223
0.387210
0.407537
0.357497
0.486310
0.168777
0.319170
0.918237
0.166131
0.750808
0.034784
0.989409
0.410443
0.283499
0.961071
0.176653
0.101123
0.549571
0.127126
0.346028
0.453163
0.282494
0.868897
0.556888
0.794256
0.540906
0.732845
0.160700
0.865266
0.970412
0.083156
0.691889
0.809717
0.979589
0.962818
0.487741
0.047621
0.511511
0.253898
0.316035
0.258801
0.564022
0.671566
0.793243
0.603431
0.243899
0.472339
0.534084
0.124816
0.009258
0.868727
0.385440
0.975344
0.422533
0.726010
0.224234
0.066788
0.731463
0.175254
0.709023
0.528336
0.373124
0.359629
0.497605
0.939392
0.533144
0.985320
0.315865
0.840683
0.288107
0.067398
0.283959
0.839721
0.671802
0.685340
0.081463
0.960422
0.863635
0.679777
0.229643
0.658548
0.376961
0.315703
0.461997
0.473594
0.163058
0.838800
0.178739
0.374435
0.576250
0.938719
0.281217
0.413164
0.497627
0.330844
0.562077
0.683562
0.710993
0.698004
0.699491
0.313880
0.739188
0.364278
0.041269
0.506384
0.890104
0.619906
0.649147
0.088478
0.322407
0.941756
0.746102
0.454215
0.348233
0.616800
0.120848
0.864450
0.255578
0.682948
0.403590
0.224573
0.202537
0.654978
0.255083
0.478275
0.739368
0.503326
0.585732
0.623633
0.517058
0.146558
0.230909
0.975335
0.491831
0.448163
0.200428
0.237353
0.417123
0.065262
0.450955
0.208866
0.595844
0.468214
0.216258
0.689847
0.448307
0.070075
0.497265
0.470175
0.621611
0.504609
0.446790
0.938310
0.545418
0.048762
0.776883
0.014951
0.932166
0.675277
0.023751
0.158305
0.866586
0.964865
0.689192
0.376883
0.453818
0.623790
0.960914
0.471450
0.355961
0.707254
0.528840
0.479901
0.786284
0.203806
0.951721
0.059543
0.225662
0.800474
0.188678
0.774227
0.338732
0.628366
0.253649
0.094912
0.593514
0.337062
0.046459
0.929056
0.208283
0.013083
0.191013
0.396242
0.277771
0.339694
0.207161
0.016024
0.766491
0.885818
0.455388
0.792420
0.233403
0.951447
0.529591
0.612760
0.387146
0.172847
0.708174
0.593879
0.316698
0.386631
0.591559
0.844688
0.435223
0.901901
0.901616
0.831700
0.985798
0.452603
0.942206
0.065840
0.542101
0.639539
0.144391
0.779210
0.184468
0.674614
0.653187
0.655834
0.316194
0.494361
0.748194
0.719065
0.014773
0.621215
0.312226
0.280268
0.980901
0.885502
0.223114
0.460777
0.881491
0.936893
0.203155
0.925664
0.993311
0.777384
0.737454
0.749414
0.586998
0.841550
0.485886
0.077702
0.477381
0.233795
0.842394
0.935684
0.370001
0.453120
0.727844
0.562853
0.304312
0.937236
0.986209
0.100836
0.114892
0.230052
0.145225
0.818646
0.870630
0.006887
0.418114
0.996845
0.910648
0.114552
0.388051
0.696654
0.061008
0.529583
0.416764
0.173050
0.809102
0.585417
0.647282
0.334928
0.538127
0.143022
0.082141
0.264924
0.022061
0.800979
0.275396
0.162937
0.375902
0.778933
0.202034
0.618906
0.905128
0.328095
0.993613
0.722232
0.145182
0.286293
0.945525
0.219193
0.903257
0.612306
0.109589
0.699887
0.872536
0.110694
0.345845
0.000653
0.998965
0.079710
0.988701
0.379394
0.823030
0.505792
0.713689
0.751520
0.908706
0.247799
0.310141
0.615077
0.806916
0.896301
0.269531
0.892708
0.216539
0.422870
0.395877
0.431174
0.427918
0.999330
0.149697
0.567708
0.415928
0.575931
0.126128
0.435630
0.877347
0.141884
0.025904
0.512608
0.651954
0.641787
0.649318
0.421244
0.283523
0.887178
0.631704
0.510405
0.175443
0.187813
0.257585
0.803197
0.250026
0.600954
0.511703
0.691936
0.339109
0.974262
0.430739
0.912084
0.559060
0.951305
0.800675
0.627802
0.982927
0.477179
0.152142
0.625462
0.077744
0.541559
0.799608
0.023853
0.171816
0.930415
0.169363
0.378528
0.185411
0.925579
0.044470
0.562337
0.263416
0.539883
0.910472
0.245905
0.539030
0.148397
0.460917
0.754023
0.017082
0.963691
0.273759
0.531664
0.461622
0.692403
0.814385
0.583629
0.907406
0.935890
0.484171
0.143519
0.175088
0.290346
0.499977
0.241609
0.976473
0.039577
0.654155
0.959814
0.254113
0.491253
0.520248
0.339851
0.448681
0.106720
0.599646
0.424229
0.051865
0.133871
0.271469
0.707083
0.940381
0.537519
0.843796
0.723306
0.440944
0.994584
0.500159
0.151772
0.423728
0.991320
0.591607
0.115705
0.024601
0.832799
0.501625
0.466050
0.150037
0.403984
0.777977
0.289768
0.003481
0.856580
0.310972
0.423678
0.502573
0.133327
0.079766
0.027308
0.132200
0.274909
0.284498
0.598323
0.232132
0.224669
0.039300
0.946652
0.367890
0.999029
0.699109
0.204540
0.730881
0.322697
0.172328
0.686873
0.898764
0.615817
0.674342
0.751449
0.920862
0.633795
0.127794
0.577706
0.748227
0.378033
0.453298
0.009633
0.973173
0.564661
0.629863
0.616060
0.069638
0.080623
0.245238
0.527923
0.432272
0.228467
0.064455
0.440129
0.595173
0.172340
0.268841
0.618866
0.396990
0.918987
0.173176
0.955979
0.059309
0.263787
0.739020
0.655293
0.205709
0.906075
0.386820
0.329105
0.799933
0.189879
0.146986
0.605972
0.587863
0.502508
0.868735
0.204819
0.138498
0.907703
0.672621
0.888387
0.477259
0.292695
0.345166
0.266451
0.058461
0.656861
0.548017
0.742849
0.634919
0.697884
0.275280
0.579196
0.137801
0.890443
0.525925
0.342869
0.899993
0.680459
0.857919
0.600093
0.346662
0.409586
0.910636
0.461221
0.276979
0.361582
0.785192
0.260934
0.195201
0.903133
0.881213
0.709358
0.175867
0.641874
0.534884
0.151086
0.809484
0.706186
0.078255
0.159864
0.948974
0.574015
0.344218
0.541006
0.824820
0.047441
0.635309
0.547313
0.146630
0.239040
0.826863
0.794904
0.516158
0.354963
0.014761
0.222464
0.318554
0.224841
0.483145
0.622345
0.334239
0.333630
0.155503
0.607910
0.681082
0.495757
0.110284
0.613702
0.983932
0.264784
0.555879
0.070318
0.652690
0.476364
0.345025
0.593252
0.367730
0.809660
0.000368
0.885134
0.955990
0.550471
0.265418
0.506300
0.122642
0.273003
0.692203
0.324115
0.104158
0.898023
0.141532
0.833118
0.102752
0.801799
0.576534
0.844297
0.458087
0.658043
0.056776
0.892568
0.002468
0.856381
0.630005
0.898999
0.757716
0.814923
0.222050
0.862168
0.377047
0.497214
0.852546
0.027203
0.059404
0.958294
0.374291
0.898966
0.597204
0.080463
0.625901
0.607143
0.025831
0.163398
0.689094
0.396963
0.773684
0.849010
0.000873
0.983182
0.248346
0.679312
0.143869
0.161934
0.405414
0.392895
0.341481
0.592045
0.733800
0.896547
0.243644
0.123367
0.441397
0.534188
0.589177
0.225211
0.858819
0.193477
0.465907
0.135866
0.601782
0.616142
0.213991
0.668776
0.984107
0.732741
0.693995
0.448704
0.177546
0.444988
0.691931
0.660331
0.529777
0.094177
0.290372
0.542375
0.121032
0.245075
0.089160
0.394381
0.639856
0.790041
0.311710
0.244811
0.051072
0.944089
0.043476
0.693598
0.610006
0.211182
0.687034
0.347578
0.826740
0.904898
0.112263
0.442672
0.017135
0.399524
0.968281
0.343731
0.592760
0.864128
0.103622
0.954770
0.973018
0.232652
0.519444
0.404109
0.667396
0.024958
0.332671
0.607618
0.126134
0.140458
0.736077
0.297735
0.330175
0.982020
0.656871
0.346950
0.956874
0.351738
0.081256
0.644591
0.472043
0.933367
0.553948
0.509555
0.550892
0.890324
0.387186
0.665415
0.194606
0.448526
0.316370
0.866420
0.393793
0.105747
0.003483
0.463276
0.787861
0.929548
0.567655
0.828432
0.807479
0.432620
0.973734
0.835553
0.077361
0.403568
0.053679
0.392860
0.444387
0.325846
0.491283
0.672572
0.912014
0.437414
0.946859
0.638322
0.770493
0.915453
0.423282
0.150491
0.562761
0.757726
0.625454
0.399194
0.701366
0.865270
0.698864
0.171188
0.020124
0.097421
0.965530
0.167399
0.507686
0.203854
0.832896
0.840722
0.615173
0.870416
0.518129
0.280265
0.777558
0.523995
0.801110
0.210600
0.043700
0.201294
0.247871
0.057620
0.612587
0.918807
0.895471
0.032413
0.747429
0.605192
0.781704
0.749566
0.343088
0.337860
0.070514
0.896558
0.698879
0.225453
0.357688
0.948312
0.874948
0.705952
0.641924
0.839585
0.947971
0.992667
0.873721
0.503248
0.326553
0.150095
0.018016
0.312374
0.818816
0.368532
0.614748
0.957894
0.878859
0.026929
0.432823
0.302673
0.394068
0.481493
0.384532
0.100609
0.745047
0.133228
0.406339
0.400678
0.892064
0.448454
0.884223
0.387954
0.868396
0.516342
0.883078
0.685172
0.728451
0.507895
0.264940
0.760309
0.377875
0.679338
0.694412
0.490387
0.459297
0.264530
0.835309
0.723891
0.970611
0.697295
0.153254
0.390097
0.426705
0.864210
0.927319
0.521499
0.248797
0.826626
0.221487
0.105587
0.770708
0.280058
0.915120
0.756350
0.615739
0.598487
0.791126
0.507979
0.532765
0.096907
0.341302
0.969106
0.631652
0.140268
0.189525
0.443064
0.856436
0.230883
0.033941
0.397655
0.744450
0.565819
0.057053
0.758100
0.789855
0.914559
0.995129
0.472487
0.044195
0.715526
0.252460
0.655189
0.912362
0.015394
0.707945
0.517482
0.141989
0.311495
0.416781
0.334709
0.944226
0.336228
0.343752
0.636661
0.445011
0.721074
0.270931
0.824879
0.653614
0.971418
0.155457
0.871965
0.989060
0.993574
0.635248
0.919915
0.749021
0.060739
0.114785
0.415349
0.598323
0.650524
0.541067
0.269356
0.038132
0.395490
0.592870
0.950474
0.469284
0.868951
0.655001
0.874989
0.945618
0.287306
0.593402
0.085039
0.321556
0.200103
0.555933
0.559428
0.512630
0.909955
0.726294
0.314265
0.023077
0.812733
0.192818
0.371792
0.249800
0.967987
0.757272
0.029291
0.080504
0.440464
0.108221
0.390989
0.683303
0.033387
0.185046
0.751246
0.587806
0.746970
0.738114
0.976045
0.120086
0.222429
0.882617
0.032497
0.146925
0.700590
0.292779
0.195485
0.063621
0.059777
0.393058
0.321047
0.914047
0.771729
0.386748
0.944161
0.835574
0.395368
0.992500
0.532333
0.283421
0.331771
0.717581
0.126047
0.301555
0.101975
0.124318
0.114639
0.797795
0.541462
0.693801
0.245359
0.160633
0.987371
0.268435
0.030094
0.670453
0.269606
0.981723
0.806013
0.038576
0.904834
0.738411
0.302709
0.818486
0.179637
0.478932
0.070771
0.623798
0.439267
0.296396
0.608158
0.540315
0.062016
0.229039
0.976557
0.302775
0.783549
0.842284
0.797004
0.922646
0.774624
0.267912
0.341282
0.188200
0.500747
0.768343
0.253778
0.732928
0.781226
0.335937
0.930153
0.088444
0.792646
0.874301
0.598881
0.943034
0.249766
0.803909
0.475788
0.840883
0.663609
0.010346
0.438431
0.138290
0.987688
0.042045
0.072729
0.260677
0.981081
0.602780
0.388802
0.893112
0.150645
0.812138
0.431626
0.378349
0.890093
0.458390
0.151938
0.740429
0.663915
0.082257
0.058181
0.783837
0.338945
0.312539
0.824221
0.626693
0.642478
0.951456
0.778869
0.415671
0.616801
0.952986
0.340582
0.727702
0.786192
0.128783
0.461142
0.636728
0.791212
0.093225
0.190433
0.202596
0.760633
0.636510
0.320218
0.396530
0.764660
0.473642
0.448425
0.884276
0.952135
0.101782
0.159426
0.299324
0.344022
0.612717
0.944678
0.044172
0.707224
0.164014
0.518205
0.131501
0.235384
0.684327
0.511066
0.227651
0.232066
0.157186
0.778163
0.980885
0.238961
0.734510
0.511640
0.733532
0.736756
0.326761
0.741426
0.141951
0.124933
0.410987
0.001040
0.607055
0.162169
0.410305
0.753167
0.281321
0.720798
0.307469
0.584221
0.030317
0.923794
0.448965
0.091527
0.836877
0.634407
0.922231
0.374085
0.727558
0.547408
0.203796
0.093312
0.341636
0.774159
0.096637
0.360567
0.454870
0.855609
0.526515
0.322653
0.300038
0.408864
0.634276
0.015497
0.814753
0.492159
0.478604
0.022491
0.399577
0.934610
0.605080
0.062046
0.525635
0.042793
0.905749
0.115087
0.214721
0.784523
0.611228
0.035784
0.884841
0.826536
0.556466
0.137865
0.152854
0.029594
0.032893
0.556396
0.490645
0.590792
0.684330
0.714797
0.203485
0.174822
0.981818
0.114847
0.334973
0.846375
0.392562
0.471128
0.082246
0.454724
0.369433
0.660241
0.142919
0.425332
0.767826
0.700603
0.610225
0.575800
0.143673
0.343907
0.318682
0.034852
0.106914
0.589513
0.636957
0.340875
0.364893
0.445218
0.059645
0.114715
0.265581
0.390689
0.501904
0.921269
0.376208
0.764377
0.121255
0.183689
0.353136
0.623242
0.934560
0.717556
0.877304
0.621923
0.354956
0.081936
0.659479
0.150177
0.417293
0.768252
0.233256
0.052933
0.499891
0.081935
0.833106
0.856150
0.377870
0.528026
0.841048
0.825895
0.786173
0.749612
0.929186
0.611485
0.140065
0.543146
0.836504
0.551970
0.703480
0.690276
0.016175
0.266204
0.341094
0.101622
0.853001
0.379852
0.803338
0.910671
0.567468
0.569178
0.523583
0.329089
0.940847
0.594676
0.636861
0.468850
0.871496
0.152622
0.827594
0.438781
0.122369
0.856412
0.881897
0.367783
0.169181
0.061041
0.144731
0.924988
0.392748
0.823945
0.384379
0.276533
0.172071
0.736327
0.751623
0.414198
0.280342
0.515501
0.228361
0.634497
0.027519
0.897093
0.314131
0.656687
0.352691
0.954346
0.057617
0.009672
0.135256
0.999410
0.705561
0.235909
0.728951
0.999410
0.428344
0.241052
0.921128
0.648247
0.720085
0.170744
0.402834
0.176356
0.682120
0.898216
0.265267
0.747568
0.150577
0.389702
0.491983
0.948601
0.520023
0.937831
0.025661
0.856355
0.733588
0.191272
0.410941
0.152095
0.587961
0.127236
0.785443
0.240500
0.576358
0.552482
0.413840
0.595817
0.153235
0.839435
0.633381
0.977337
0.151757
0.970331
0.771706
0.301763
0.519007
0.201789
0.253592
0.263207
0.210080
0.699799
0.036084
0.857158
0.390110
0.302330
0.114407
0.319128
0.907025
0.912328
0.396538
0.830015
0.425707
0.223097
0.634273
0.288687
0.749123
0.143274
0.564126
0.299898
0.521028
0.079045
0.303183
0.986158
0.019432
0.602895
0.572921
0.691474
0.656261
0.994008
0.307459
0.910483
0.626596
0.975221
0.820325
0.827932
0.165376
0.041897
0.243780
0.592071
0.819360
0.222722
0.564436
0.444618
0.011012
0.621717
0.015223
0.084551
0.926426
0.652005
0.962878
0.320171
0.103739
0.519195
0.977615
0.252423
0.218068
0.076797
0.572535
0.693251
0.874895
0.035705
0.848889
0.438210
0.141161
0.339300
0.033258
0.737390
0.201826
0.036904
0.807179
0.119062
0.553353
0.719547
0.431167
0.564775
0.392801
0.588867
0.585242
0.282882
0.174830
0.874707
0.578296
0.521738
0.265974
0.008736
0.219383
0.467915
0.287693
0.906316
0.155347
0.424490
0.402689
0.659804
0.430393
0.717355
0.743205
0.953232
0.343009
0.863124
0.420080
0.667632
0.402090
0.101898
0.586212
0.351684
0.214756
0.775131
0.591288
0.924243
0.979894
0.958274
0.073804
0.891046
0.780256
0.156714
0.343796
0.281606
0.037455
0.580672
0.551807
0.025067
0.153481
0.040867
0.087253
0.713550
0.953688
0.784586
0.557979
0.073050
0.873322
0.725739
0.461838
0.446929
0.805643
0.538959
0.644788
0.464083
0.926970
0.684983
0.456584
0.628312
0.014500
0.732659
0.757444
0.939659
0.517529
0.633848
0.924245
0.001600
0.782535
0.105139
0.564370
0.336147
0.077311
0.860452
0.815188
0.324957
0.728258
0.428790
0.917566
0.118322
0.456948
0.161213
0.967440
0.852095
0.665010
0.181846
0.619359
0.228764
0.617921
0.542631
0.523403
0.143369
0.475127
0.195815
0.889785
0.055208
0.522338
0.268615
0.995934
0.756354
0.507388
0.100283
0.365386
0.398991
0.248734
0.843291
0.677337
0.993480
0.869769
0.820559
0.115489
0.252560
0.666371
0.123721
0.474512
0.855971
0.402649
0.909978
0.036016
0.962534
0.273004
0.955197
0.361866
0.418808
0.716764
0.138896
0.460273
0.057856
0.476305
0.728951
0.201568
0.500558
0.291999
0.315684
0.045087
0.752951
0.336781
0.926464
0.380131
0.504894
0.538311
0.684646
0.344915
0.975356
0.121889
0.718929
0.437718
0.657261
0.836390
0.023170
0.587632
0.831425
0.862189
0.213907
0.924388
0.050626
0.547232
0.960527
0.193414
0.760244
0.599486
0.170406
0.576659
0.948378
0.033587
0.005590
0.116698
0.377589
0.795575
0.714599
0.403032
0.170406
0.516496
0.515386
0.320448
0.226235
0.577029
0.967759
0.869590
0.110066
0.014366
0.952172
0.223439
0.441850
0.041642
0.724854
0.388671
0.745134
0.961233
0.166916
0.190573
0.796732
0.277381
0.079394
0.621559
0.415098
0.201455
0.910940
0.197807
0.789699
0.704637
0.025868
0.402063
0.889977
0.627399
0.335090
0.083521
0.500220
0.281309
0.800619
0.102469
0.352634
0.764786
0.887176
0.297185
0.818476
0.007709
0.045217
0.996781
0.356890
0.117177
0.763523
0.773948
0.400300
0.034452
0.793407
0.628292
0.607988
0.056685
0.909363
0.500323
0.277036
0.511523
0.793444
0.359438
0.539862
0.492335
0.495408
0.491378
0.475125
0.120349
0.782108
0.171523
0.135340
0.460555
0.824299
0.273893
0.268820
0.003221
0.024955
0.390323
0.250851
0.164151
0.740758
0.562714
0.801707
0.545606
0.729328
0.340702
0.866385
0.836682
0.833135
0.629034
0.768769
0.176823
0.822427
0.979285
0.184376
0.128488
0.021653
0.889649
0.650560
0.033313
0.066182
0.318874
0.347868
0.498732
0.530023
0.495211
0.634563
0.976167
0.553970
0.941712
0.738744
0.354616
0.732227
0.163314
0.846158
0.070780
0.301158
0.100804
0.350988
0.404550
0.955115
0.188746
0.842656
0.221485
0.902240
0.829457
0.611869
0.886379
0.000106
0.468523
0.498660
0.207712
0.081792
0.118809
0.245628
0.994840
0.923620
0.503354
0.429574
0.890690
0.414737
0.581532
0.339658
0.964294
0.486015
0.679938
0.962390
0.850902
0.533389
0.097043
0.682386
0.863329
0.642644
0.700032
0.368932
0.176496
0.774498
0.729445
0.694932
0.227180
0.508280
0.802515
0.626527
0.551534
0.448995
0.724083
0.875380
0.192011
0.377528
0.423647
0.364666
0.190438
0.740405
0.621992
0.614849
0.801909
0.628935
0.158573
0.893476
0.531203
0.654848
0.483651
0.528787
0.635057
0.679410
0.323563
0.290917
0.934903
0.456336
0.884377
0.074806
0.839872
0.588157
0.073817
0.450397
0.942728
0.625526
0.733328
0.200086
0.084983
0.435710
0.905651
0.759063
0.914257
0.578361
0.076478
0.076769
0.294183
0.724059
0.417019
0.999410
0.112991
0.730225
0.591883
0.642982
0.504690
0.755290
0.893034
0.042348
0.506172
0.419217
0.265120
0.670026
0.598242
0.762392
0.479255
0.881518
0.756030
0.783845
0.179542
0.422971
0.758934
0.449972
0.122891
0.338587
0.964228
0.059271
0.975193
0.672310
0.248148
0.619364
0.094379
0.461033
0.926041
0.928747
0.687612
0.848517
0.128859
0.624158
0.756692
0.101420
0.672904
0.123199
0.734462
0.509273
0.857733
0.593487
0.320835
0.523758
0.167129
0.418649
0.139680
0.010813
0.943160
0.634258
0.331176
0.920563
0.026042
0.671585
0.176898
0.340272
0.984639
0.093975
0.419406
0.396628
0.145148
0.631639
0.911857
0.475088
0.509474
0.429653
0.927448
0.181556
0.049877
0.406677
0.419403
0.388447
0.592126
0.785934
0.279881
0.882919
0.734183
0.184857
0.465335
0.916442
0.279606
0.036904
0.485509
0.485445
0.641729
0.141507
0.176739
0.143043
0.353177
0.791209
0.865441
0.538967
0.311601
0.375631
0.676622
0.743155
0.932167
0.698930
0.041587
0.558891
0.045449
0.231593
0.829531
0.851962
0.870077
0.331325
0.374765
0.087779
0.756671
0.466056
0.134517
0.500466
0.806228
0.930873
0.415596
0.135159
0.934720
0.418446
0.410174
0.472503
0.118037
0.449208
0.524185
0.825022
0.398813
0.635240
0.243662
0.597770
0.869584
0.504369
0.626074
0.036470
0.225292
0.284109
0.221491
0.998257
0.171491
0.196433
0.102241
0.622846
0.911597
0.173426
0.724519
0.652210
0.155208
0.121946
0.059946
0.438166
0.487263
0.265920
0.552989
0.830143
0.021622
0.422699
0.698984
0.887021
0.898575
0.242216
0.849612
0.491633
0.349517
0.293258
0.174448
0.045176
0.578479
0.930758
0.709552
0.609524
0.043741
0.054260
0.262360
0.572842
0.667032
0.275123
0.505883
0.609877
0.966006
0.674891
0.258564
0.661240
0.870173
0.957942
0.317415
0.681407
0.423102
0.498026
0.884036
0.115287
0.435771
0.842652
0.922998
0.617357
0.287883
0.885440
0.531314
0.381365
0.185906
0.030056
0.622267
0.105660
0.597732
0.558054
0.966986
0.878889
0.973000
0.556143
0.657457
0.979926
0.013264
0.557596
0.604239
0.387974
0.324933
0.580867
0.244326
0.884249
0.526905
0.001150
0.677210
0.482786
0.410437
0.334586
0.172341
0.088961
0.286546
0.138938
0.085428
0.081230
0.791065
0.099590
0.605222
0.822433
0.343808
0.658295
0.331904
0.106428
0.729711
0.108641
0.102547
0.455671
0.549543
0.703175
0.852427
0.023992
0.098136
0.440709
0.991546
0.191910
0.701040
0.146966
0.376205
0.704099
0.403579
0.232635
0.045354
0.572569
0.395976
0.783535
0.271378
0.931875
0.773159
0.338563
0.969888
0.113868
0.867500
0.462651
0.352523
0.224852
0.533136
0.052729
0.466159
0.735094
0.362916
0.990036
0.389726
0.688889
0.928271
0.075931
0.618238
0.329914
0.385275
0.991519
0.009757
0.719937
0.191843
0.333624
0.059235
0.866342
0.342766
0.922338
0.879851
0.119113
0.022557
0.005822
0.788556
0.778855
0.845126
0.138900
0.463170
0.898852
0.197924
0.987741
0.653341
0.137883
0.049393
0.639925
0.260944
0.994888
0.184850
0.375699
0.365393
0.147284
0.089148
0.902357
0.548821
0.533807
0.835761
0.561389
0.502051
0.929621
0.721977
0.701298
0.676502
0.511982
0.218596
0.653346
0.235373
0.311969
0.899223
0.360824
0.279981
0.791495
0.557667
0.673962
0.548614
0.421684
0.000198
0.533933
0.254760
0.212213
0.159885
0.303606
0.432409
0.341973
0.979830
0.354961
0.056165
0.356483
0.067029
0.860438
0.005220
0.861289
0.654337
0.646703
0.829415
0.083979
0.009729
0.715203
0.673471
0.478516
0.793835
0.797069
0.027383
0.379007
0.042505
0.444830
0.336496
0.297574
0.603888
0.946478
0.547987
0.321183
0.011703
0.726866
0.249769
0.260516
0.559830
0.247317
0.015946
0.102636
0.749364
0.268790
0.487080
0.327352
0.408283
0.170647
0.645154
0.971010
0.596012
0.951979
0.988185
0.713793
0.469634
0.142974
0.148171
0.777281
0.534074
0.849606
0.943125
0.144754
0.163312
0.197248
0.408415
0.451025
0.861108
0.850973
0.747804
0.271904
0.934539
0.817382
0.098329
0.213004
0.948210
0.291795
0.967560
0.937742
0.486840
0.744455
0.113410
0.666067
0.213934
0.250675
0.666373
0.846569
0.418892
0.195373
0.597181
0.080107
0.997803
0.026514
0.098973
0.424452
0.027415
0.721118
0.456260
0.205403
0.539886
0.759838
0.121559
0.215671
0.169624
0.801867
0.607447
0.810974
0.764201
0.203013
0.753938
0.072334
0.679352
0.240087
0.760246
0.850614
0.023600
0.280070
0.121820
0.646783
0.900293
0.470356
0.318548
0.709112
0.392549
0.306344
0.522650
0.293063
0.437894
0.056036
0.984200
0.374672
0.491650
0.561380
0.591750
0.424203
0.238263
0.887993
0.862967
0.620893
0.193975
0.325548
0.497694
0.656186
0.578050
0.939503
0.309925
0.362698
0.898245
0.501557
0.766743
0.697461
0.493590
0.864014
0.406573
0.275429
0.357581
0.546533
0.725807
0.914484
0.590684
0.248874
0.836007
0.534842
0.325036
0.638602
0.661809
0.819264
0.058224
0.640395
0.396025
0.165933
0.725202
0.529280
0.622463
0.383994
0.059471
0.712007
0.655346
0.801777
0.616103
0.035442
0.329390
0.090855
0.494108
0.856136
0.450168
0.453075
0.176900
0.695705
0.939133
0.971691
0.412297
0.179252
0.343771
0.033265
0.519239
0.506123
0.371030
0.582745
0.118785
0.627869
0.794079
0.620602
0.717693
0.296068
0.623069
0.893769
0.230711
0.859546
0.637060
0.270264
0.954610
0.882721
0.917724
0.448797
0.647085
0.756884
0.560905
0.364054
0.520915
0.088687
0.659438
0.877516
0.551005
0.301329
0.823723
0.861046
0.781888
0.772183
0.043807
0.901624
0.197505
0.575919
0.691036
0.192670
0.415014
0.296640
0.735669
0.389729
0.340533
0.129990
0.130889
0.751797
0.186958
0.002313
0.329213
0.767272
0.721863
0.496441
0.584653
0.975181
0.465446
0.971992
0.317842
0.184655
0.082858
0.303560
0.130641
0.912164
0.559276
0.706123
0.034962
0.287155
0.666828
0.168496
0.075406
0.909882
0.845902
0.239670
0.478976
0.214416
0.155308
0.398374
0.944135
0.626220
0.480993
0.743775
0.106703
0.585213
0.425917
0.457615
0.996815
0.006612
0.288091
0.759768
0.569046
0.694890
0.432559
0.186425
0.770864
0.129316
0.198922
0.911322
0.971172
0.968264
0.890544
0.875535
0.743723
0.936091
0.356171
0.232533
0.566586
0.870023
0.299809
0.516114
0.020386
0.821285
0.700448
0.135475
0.840395
0.977510
0.158735
0.851422
0.981150
0.852111
0.541915
0.520218
0.701706
0.767527
0.009171
0.258130
0.073888
0.036478
0.264482
0.603611
0.988488
0.859175
0.210081
0.980334
0.402891
0.542025
0.926714
0.710046
0.690390
0.988948
0.062842
0.828181
0.452906
0.101077
0.108532
0.528240
0.215902
0.872240
0.105535
0.135635
0.192199
0.011020
0.906504
0.192489
0.669891
0.327061
0.056674
0.548267
0.922560
0.158189
0.503009
0.995155
0.465942
0.601245
0.020647
0.082082
0.586902
0.355627
0.225717
0.579088
0.675090
0.753564
0.167723
0.858258
0.806636
0.991151
0.473849
0.094473
0.308418
0.192120
0.170826
0.976300
0.701294
0.531957
0.316344
0.034029
0.245648
0.070050
0.219365
0.139452
0.541869
0.825550
0.964544
0.283801
0.755260
0.179027
0.437220
0.891366
0.507144
0.374106
0.688213
0.343695
0.503801
0.265203
0.007600
0.661859
0.248770
0.840395
0.078678
0.682731
0.622960
0.320170
0.251820
0.252223
0.626169
0.968228
0.866558
0.798413
0.792645
0.371215
0.322099
0.916926
0.846325
0.868940
0.774064
0.747896
0.406656
0.610545
0.050369
0.507536
0.999410
0.403331
0.734824
0.425639
0.714746
0.362365
0.845621
0.347410
0.987938
0.519601
0.129577
0.527786
0.380725
0.389602
0.351678
0.602425
0.944164
0.344961
0.995978
0.143637
0.160923
0.388755
0.865376
0.236130
0.845933
0.697455
0.055765
0.446574
0.390726
0.211787
0.271934
0.855655
0.425898
0.265225
0.346850
0.175349
0.669053
0.388145
0.479934
0.265312
0.521979
0.256772
0.070350
0.316137
0.551522
0.897925
0.032608
0.016564
0.989016
0.637958
0.447563
0.770883
0.202730
0.868883
0.735272
0.008244
0.610767
0.265066
0.509693
0.025514
0.816440
0.935426
0.770539
0.249888
0.957295
0.751173
0.346164
0.088630
0.189637
0.406876
0.873550
0.364964
0.194302
0.109127
0.297340
0.107008
0.132309
0.145268
0.708801
0.968331
0.131251
0.264262
0.506164
0.793749
0.409455
0.149580
0.628215
0.703696
0.294127
0.423491
0.140715
0.128159
0.645215
0.283746
0.496949
0.471898
0.526473
0.024751
0.465844
0.703407
0.071179
0.369989
0.249029
0.219756
0.558851
0.571841
0.777080
0.608799
0.171822
0.996925
0.279215
0.591805
0.142168
0.084450
0.013630
0.837953
0.169655
0.863565
0.690600
0.773642
0.714300
0.161787
0.639838
0.912414
0.901097
0.295801
0.799282
0.975681
0.162264
0.770479
0.125604
0.702270
0.961203
0.731102
0.148028
0.220032
0.053656
0.823498
0.066281
0.311023
0.041293
0.470112
0.600198
0.400789
0.741413
0.416636
0.661257
0.371498
0.148171
0.840487
0.873251
0.989410
0.994909
0.232666
0.917873
0.172807
0.877023
0.108780
0.128047
0.251982
0.278235
0.110563
0.563581
0.705361
0.112238
0.010314
0.955680
0.434024
0.482981
0.108259
0.234164
0.971692
0.451270
0.644952
0.297958
0.051106
0.828153
0.562201
0.059579
0.765315
0.286347
0.708338
0.500728
0.199920
0.763856
0.665527
0.291431
0.568116
0.837189
0.593602
0.831045
0.674579
0.058156
0.948981
0.107305
0.258739
0.505080
0.807725
0.389821
0.636747
0.808063
0.754755
0.187134
0.960190
0.714522
0.399672
0.420881
0.645864
0.895838
0.343236
0.085511
0.584369
0.923335
0.694076
0.555476
0.007066
0.410860
0.666199
0.821282
0.454475
0.715499
0.564718
0.538095
0.639536
0.775059
0.077291
0.472008
0.803228
0.843148
0.766180
0.455063
0.006873
0.746450
0.331698
0.895807
0.955602
0.755041
0.470021
0.431681
0.083696
0.130561
0.151708
0.006826
0.609233
0.538495
0.123480
0.176816
0.859067
0.903592
0.403417
0.303038
0.823935
0.310123
0.064145
0.635620
0.497418
0.232796
0.278655
0.301296
0.123726
0.917929
0.983216
0.361709
0.991565
0.679927
0.440203
0.024366
0.500519
0.363144
0.332905
0.039405
0.949965
0.693008
0.010338
0.883982
0.088134
0.614890
0.120207
0.874783
0.061795
0.662394
0.182004
0.410195
0.848506
0.474133
0.219707
0.331065
0.778488
0.007789
0.774560
0.445038
0.778980
0.845524
0.372247
0.909511
0.839285
0.371039
0.642841
0.462275
0.910308
0.196656
0.414244
0.371276
0.450932
0.684003
0.145210
0.749290
0.719467
0.123877
0.004086
0.958807
0.208060
0.993605
0.502781
0.489509
0.529661
0.802242
0.177501
0.807165
0.210858
0.457864
0.980825
0.489928
0.011841
0.674279
0.472953
0.836269
0.300570
0.988207
0.029400
0.258327
0.037852
0.028199
0.121047
0.984382
0.890906
0.293652
0.570082
0.063425
0.864776
0.130788
0.888613
0.681238
0.524872
0.581469
0.509188
0.508721
0.953307
0.313638
0.608581
0.966056
0.031620
0.886698
0.295232
0.016945
0.639973
0.863517
0.210894
0.631284
0.996775
0.939437
0.919372
0.457040
0.393761
0.738569
0.197700
0.217208
0.192348
0.634072
0.182432
0.949287
0.492207
0.021704
0.977682
0.595708
0.638672
0.538642
0.320630
0.656626
0.650236
0.630904
0.289858
0.263229
0.090939
0.475342
0.194450
0.111495
0.427042
0.133358
0.106341
0.313641
0.956784
0.014626
0.201153
0.337399
0.122044
0.556206
0.906484
0.381010
0.958956
0.755717
0.871212
0.703193
0.350424
0.851329
0.061520
0.630353
0.258521
0.515297
0.752538
0.095479
0.562028
0.155039
0.259226
0.131324
0.249120
0.013948
0.673647
0.610760
0.434373
0.185642
0.432329
0.675348
0.821694
0.336454
0.807968
0.553934
0.331263
0.042758
0.532299
0.291038
0.581711
0.347304
0.136324
0.083430
0.873001
0.311949
0.711848
0.375857
0.277276
0.366811
0.923153
0.365754
0.112438
0.736571
0.044894
0.493776
0.566637
0.755988
0.684323
0.593413
0.853066
0.795931
0.821925
0.489306
0.217463
0.619882
0.830507
0.680148
0.281140
0.324744
0.711619
0.637595
0.887895
0.619322
0.719820
0.876134
0.313279
0.823495
0.676261
0.088361
0.790717
0.880058
0.247019
0.943241
0.884244
0.342759
0.468950
0.868297
0.787139
0.206057
0.333866
0.896676
0.816593
0.776622
0.824715
0.182140
0.795533
0.240230
0.766290
0.654289
0.924648
0.071303
0.085653
0.696947
0.833078
0.871141
0.748808
0.238527
0.609687
0.244689
0.971827
0.907199
0.534651
0.058289
0.315210
0.448486
0.401560
0.220897
0.525138
0.560207
0.613417
0.341291
0.346829
0.160725
0.693857
0.311136
0.912513
0.471856
0.441411
0.609861
0.405740
0.627463
0.305557
0.718043
0.777737
0.882072
0.736070
0.241719
0.890090
0.319490
0.481544
0.705291
0.177899
0.787488
0.239990
0.464607
0.162262
0.008581
0.517632
0.057703
0.830850
0.445605
0.276346
0.766353
0.287914
0.900438
0.362718
0.159219
0.434282
0.470352
0.151232
0.363448
0.854980
0.714093
0.311460
0.436978
0.194938
0.633258
0.556848
0.143890
0.016512
0.657480
0.255318
0.059436
0.428152
0.647558
0.405785
0.124037
0.419828
0.271292
0.908085
0.634810
0.153343
0.844386
0.896789
0.302034
0.046691
0.104482
0.963996
0.233320
0.020285
0.750770
0.076278
0.851845
0.195352
0.144717
0.282261
0.352567
0.653876
0.148534
0.717447
0.882258
0.885036
0.855796
0.921357
0.460071
0.601838
0.231227
0.990237
0.484188
0.857056
0.571529
0.169654
0.480345
0.510174
0.983100
0.140480
0.507436
0.084021
0.861750
0.635934
0.046073
0.935443
0.879694
0.235477
0.444544
0.279648
0.321136
0.974134
0.503836
0.330768
0.453960
0.965820
0.954682
0.076523
0.035183
0.921095
0.554476
0.214254
0.184916
0.519678
0.934509
0.807683
0.750169
0.024371
0.016602
0.343850
0.547659
0.665862
0.635753
0.940207
0.515138
0.729133
0.528872
0.881919
0.914186
0.395865
0.140727
0.165062
0.273903
0.378951
0.052603
0.035690
0.313749
0.782669
0.537346
0.447248
0.563781
0.164717
0.800886
0.506441
0.849612
0.115516
0.384143
0.983844
0.125212
0.129234
0.703814
0.270697
0.825881
0.864908
0.523643
0.504863
0.842666
0.001960
0.721536
0.750916
0.363674
0.621013
0.988918
0.682865
0.022156
0.899176
0.237791
0.311057
0.480235
0.831244
0.653437
0.342120
0.564420
0.779298
0.406204
0.234086
0.267677
0.939152
0.398364
0.176605
0.115289
0.991329
0.680011
0.903954
0.939883
0.396899
0.914199
0.548494
0.765948
0.296415
0.833066
0.823701
0.116676
0.987433
0.815218
0.644794
0.335792
0.378234
0.575841
0.354319
0.783689
0.950108
0.525406
0.819632
0.699259
0.087414
0.384810
0.655653
0.904490
0.554860
0.393623
0.343212
0.015508
0.488438
0.396980
0.251079
0.668317
0.015178
0.713506
0.015807
0.085995
0.194477
0.173507
0.921839
0.832371
0.968943
0.760144
0.186159
0.399991
0.486341
0.807210
0.264885
0.561974
0.188877
0.610825
0.638521
0.731765
0.316212
0.238460
0.219735
0.584948
0.710649
0.391174
0.581060
0.425647
0.495101
0.752310
0.185276
0.358446
0.186870
0.680799
0.580729
0.746372
0.154914
0.456888
0.006649
0.297017
0.989006
0.124058
0.745675
0.882076
0.961808
0.088968
0.115254
0.930048
0.386920
0.821841
0.756152
0.366037
0.536961
0.757281
0.451612
0.144795
0.037077
0.829301
0.488381
0.830691
0.114155
0.217539
0.491240
0.428069
0.005572
0.052212
0.963151
0.123694
0.630559
0.975271
0.727884
0.245206
0.641035
0.021184
0.182003
0.900725
0.207813
0.933492
0.346372
0.389307
0.795038
0.428222
0.088622
0.863477
0.335059
0.441864
0.539043
0.296810
0.164044
0.934138
0.411648
0.833710
0.013741
0.462390
0.985125
0.957288
0.897010
0.598117
0.507392
0.845466
0.666060
0.143879
0.421622
0.145967
0.076671
0.342230
0.527022
0.397519
0.744641
0.393247
0.987207
0.276771
0.240102
0.143993
0.282575
0.936804
0.710521
0.046437
0.117267
0.211823
0.755553
0.149081
0.079701
0.541081
0.369777
0.975101
0.208722
0.870116
0.617665
0.614066
0.522370
0.635269
0.476098
0.917333
0.057380
0.453715
0.062025
0.525594
0.875808
0.410839
0.017388
0.991662
0.198539
0.554123
0.332665
0.647674
0.720851
0.171404
0.708927
0.743153
0.753224
0.314590
0.962440
0.122794
0.124591
0.600062
0.913898
0.178850
0.197867
0.205932
0.046370
0.345316
0.883508
0.685285
0.504069
0.576968
0.634445
0.824036
0.201891
0.637168
0.913340
0.752104
0.059147
0.900105
0.640976
0.436575
0.217544
0.786104
0.207210
0.224037
0.282840
0.407449
0.628998
0.794502
0.793063
0.755810
0.989142
0.388693
0.586874
0.544274
0.825058
0.980777
0.268875
0.344953
0.396350
0.056173
0.461240
0.389254
0.527426
0.794326
0.831925
0.258739
0.577918
0.584355
0.509648
0.860948
0.167178
0.361596
0.367365
0.711861
0.994372
0.048875
0.883699
0.524518
0.924477
0.331139
0.901980
0.805725
0.721230
0.858059
0.297488
0.198080
0.216295
0.138499
0.455376
0.265614
0.421892
0.604281
0.846371
0.635306
0.281021
0.429262
0.078801
0.684972
0.361308
0.403182
0.489374
0.356723
0.338312
0.797470
0.919084
0.204278
0.381650
0.400895
0.284173
0.216859
0.399231
0.534671
0.296570
0.550987
0.154786
0.526884
0.286882
0.527750
0.742139
0.091734
0.031022
0.584794
0.263640
0.936206
0.445810
0.511487
0.354008
0.431130
0.588324
0.929003
0.745597
0.919991
0.829146
0.525376
0.264717
0.391706
0.053470
0.924051
0.655894
0.366605
0.130987
0.892937
0.673609
0.601099
0.461649
0.013275
0.977512
0.128473
0.598380
0.282345
0.082991
0.352738
0.639380
0.763753
0.816384
0.890700
0.314045
0.401106
0.312450
0.214983
0.421521
0.036612
0.276776
0.347621
0.155174
0.321615
0.270789
0.959286
0.917564
0.351441
0.711518
0.672121
0.728217
0.016917
0.709056
0.682345
0.402031
0.238477
0.185321
0.410001
0.152774
0.669392
0.868583
0.754057
0.398879
0.340013
0.976688
0.047911
0.734743
0.017213
0.972120
0.448655
0.618695
0.208999
0.775028
0.588301
0.329581
0.424348
0.884090
0.810763
0.590097
0.158069
0.904351
0.518587
0.551054
0.499514
0.987648
0.471181
0.103079
0.136256
0.423488
0.584140
0.929076
0.947877
0.391697
0.759046
0.952214
0.453452
0.315100
0.765980
0.662241
0.916478
0.990147
0.557610
0.931454
0.234147
0.181754
0.823953
0.746390
0.390219
0.648667
0.920195
0.589886
0.762304
0.917206
0.694935
0.990036
0.209914
0.890844
0.500999
0.909204
0.378218
0.714531
0.933033
0.750746
0.017320
0.896098
0.362226
0.808728
0.305992
0.510084
0.244972
0.143516
0.884178
0.405878
0.694639
0.222699
0.726782
0.543298
0.008833
0.982983
0.553234
0.262602
0.432932
0.427194
0.290357
0.713568
0.190101
0.825750
0.108812
0.777462
0.660436
0.320353
0.854663
0.072800
0.064611
0.177384
0.502955
0.688682
0.079491
0.479750
0.054874
0.043667
0.118153
0.220617
0.690263
0.630959
0.674400
0.034593
0.676929
0.631407
0.764524
0.307031
0.170482
0.539764
0.013235
0.698061
0.388319
0.044616
0.749939
0.933998
0.502521
0.260865
0.422832
0.706449
0.189938
0.505790
0.321255
0.001893
0.836994
0.325853
0.528155
0.906916
0.639538
0.658804
0.070616
0.813574
0.716527
0.388638
0.372803
0.824488
0.807056
0.700396
0.177268
0.538887
0.313953
0.695797
0.531754
0.221601
0.549406
0.113918
0.043081
0.721440
0.918193
0.185375
0.290533
0.439811
0.816380
0.902175
0.840798
0.853107
0.835994
0.124107
0.096839
0.683448
0.042083
0.078468
0.985241
0.083765
0.954869
0.102280
0.091234
0.368828
0.237818
0.881044
0.997642
0.769455
0.008444
0.458317
0.592833
0.720271
0.182647
0.725908
0.412010
0.791698
0.100122
0.801901
0.954045
0.945536
0.106858
0.306552
0.769878
0.403892
0.274307
0.244845
0.205214
0.568408
0.481338
0.486451
0.116009
0.777761
0.876642
0.233111
0.385627
0.835015
0.962389
0.711201
0.742577
0.433519
0.115563
0.501327
0.401672
0.543103
0.196783
0.592031
0.733073
0.341932
0.627148
0.642786
0.666024
0.169854
0.065896
0.080917
0.129625
0.684714
0.953632
0.103394
0.653573
0.793917
0.040507
0.269887
0.788652
0.051639
0.673109
0.067170
0.860382
0.021248
0.629392
0.303115
0.199725
0.238547
0.463826
0.703856
0.471327
0.931917
0.435110
0.190234
0.471201
0.789889
0.651151
0.595872
0.330115
0.966449
0.079409
0.452845
0.833699
0.002677
0.768661
0.852262
0.562256
0.665344
0.228426
0.523496
0.128653
0.275752
0.366976
0.451486
0.427120
0.264330
0.134421
0.647478
0.834163
0.448967
0.724845
0.732814
0.669552
0.330485
0.516025
0.712564
0.234075
0.131409
0.256639
0.677785
0.804628
0.900749
0.223013
0.950401
0.358673
0.966026
0.268811
0.688593
0.400919
0.954465
0.974399
0.815545
0.316584
0.319989
0.295035
0.979472
0.528286
0.515444
0.520158
0.554195
0.597448
0.025899
0.535615
0.450066
0.105492
0.236680
0.857163
0.024488
0.853640
0.528415
0.941431
0.006442
0.921066
0.972188
0.628942
0.223763
0.566749
0.114124
0.216061
0.735856
0.607638
0.585589
0.556638
0.715525
0.870789
0.819480
0.461889
0.125540
0.825595
0.083895
0.685079
0.729866
0.639012
0.122371
0.366889
0.643724
0.356209
0.097584
0.097957
0.998745
0.459786
0.627358
0.718432
0.472770
0.717493
0.754431
0.411556
0.753563
0.180833
0.652892
0.388869
0.727609
0.047869
0.114655
0.964294
0.583549
0.457417
0.920789
0.264777
0.828930
0.853325
0.548821
0.400762
0.491987
0.419897
0.433990
0.637650
0.583658
0.533063
0.747570
0.416845
0.684042
0.292427
0.108139
0.338504
0.611647
0.386744
0.453576
0.651437
0.945956
0.411939
0.795726
0.882198
0.898307
0.563243
0.501293
0.193078
0.121474
0.727790
0.008565
0.089487
0.026762
0.136444
0.338879
0.137782
0.619875
0.728842
0.905094
0.575679
0.901228
0.687928
0.889348
0.254427
0.927653
0.013283
0.963498
0.134431
0.172064
0.439481
0.384314
0.938087
0.114394
0.238950
0.209871
0.153622
0.866264
0.860206
0.673860
0.974478
0.185729
0.683119
0.912665
0.277373
0.636305
0.273594
0.479892
0.200202
0.842305
0.100709
0.290364
0.324209
0.293232
0.059257
0.117984
0.923745
0.503493
0.998532
0.008870
0.985974
0.886503
0.582091
0.364066
0.971214
0.848128
0.840711
0.068276
0.065535
0.533589
0.988506
0.387442
0.438574
0.361876
0.066564
0.095746
0.963454
0.486465
0.484908
0.010470
0.668658
0.461872
0.137250
0.071908
0.481875
0.191706
0.355339
0.987887
0.626505
0.194088
0.131156
0.122711
0.906020
0.939533
0.809432
0.525089
0.720614
0.267428
0.680474
0.206910
0.673450
0.978278
0.159523
0.874820
0.210440
0.800880
0.282637
0.321326
0.285613
0.698492
0.124677
0.565593
0.652036
0.616069
0.230227
0.231813
0.765593
0.408148
0.693297
0.622761
0.363962
0.957401
0.581696
0.717295
0.747834
0.635629
0.212416
0.044541
0.644646
0.665521
0.742684
0.887546
0.510393
0.553342
0.654438
0.790415
0.440145
0.817103
0.343948
0.302311
0.464890
0.015905
0.658855
0.628175
0.347749
0.675080
0.186863
0.380168
0.727431
0.726449
0.338187
0.368531
0.246207
0.468182
0.081168
0.939974
0.533392
0.766204
0.000442
0.292531
0.467303
0.037242
0.422108
0.666023
0.117386
0.788023
0.572252
0.947191
0.266340
0.748011
0.345299
0.829995
0.256867
0.583637
0.607416
0.948581
0.410596
0.276301
0.257647
0.738553
0.973713
0.487392
0.334935
0.989234
0.985065
0.921036
0.471327
0.104912
0.902812
0.175864
0.238670
0.898120
0.013870
0.994413
0.565307
0.865965
0.570035
0.863231
0.167645
0.346537
0.213454
0.575608
0.965112
0.883525
0.274146
0.676399
0.951547
0.632127
0.130228
0.495567
0.066481
0.478997
0.438111
0.121854
0.940364
0.905881
0.070572
0.560036
0.032273
0.855285
0.184888
0.027880
0.800137
0.233306
0.605186
0.567938
0.164456
0.157975
0.229060
0.999747
0.006543
0.001106
0.022466
0.809579
0.494214
0.219836
0.679925
0.876257
0.505690
0.394540
0.917196
0.655111
0.943166
0.918406
0.777676
0.658441
0.710978
0.978286
0.131056
0.681115
0.087399
0.555952
0.588700
0.268880
0.032721
0.814966
0.510493
0.396610
0.203501
0.744300
0.119757
0.389323
0.344357
0.050635
0.415279
0.132163
0.891953
0.944058
0.752662
0.199440
0.754421
0.485390
0.597604
0.268234
0.158234
0.068461
0.202148
0.196963
0.627923
0.329867
0.976804
0.868525
0.385690
0.416592
0.016335
0.792757
0.640944
0.124774
0.958877
0.802646
0.156671
0.648957
0.725479
0.778315
0.511988
0.670725
0.292694
0.304734
0.369667
0.560386
0.821835
0.672353
0.654184
0.779489
0.016346
0.620694
0.560128
0.040981
0.549371
0.206135
0.061808
0.715407
0.827330
0.946547
0.511352
0.845314
0.996691
0.803802
0.282624
0.347085
0.209310
0.253935
0.639315
0.613336
0.219970
0.854448
0.334448
0.274593
0.865964
0.836109
0.001493
0.003420
0.074800
0.856818
0.899857
0.536262
0.448940
0.488816
0.114720
0.495947
0.999651
0.686845
0.641285
0.347438
0.222229
0.165277
0.570802
0.532729
0.240379
0.879046
0.380366
0.524791
0.179278
0.713007
0.711105
0.097267
0.113728
0.286114
0.557249
0.507792
0.221953
0.912565
0.862520
0.149982
0.484735
0.824530
0.156167
0.327083
0.321960
0.494320
0.847177
0.821848
0.679055
0.911538
0.577907
0.771746
0.115633
0.109176
0.406987
0.766497
0.315717
0.229828
0.647897
0.633137
0.132010
0.372721
0.331565
0.885555
0.529284
0.304565
0.495460
0.535903
0.821886
0.089590
0.194283
0.311386
0.109682
0.080734
0.753952
0.630581
0.742055
0.595868
0.686164
0.979372
0.401700
0.608078
0.789765
0.020430
0.654255
0.832182
0.591055
0.476339
0.945821
0.662583
0.831253
0.071518
0.922294
0.278671
0.467956
0.799990
0.700440
0.198878
0.500476
0.125190
0.433685
0.245336
0.097608
0.206194
0.012688
0.937114
0.351259
0.595917
0.333569
0.217327
0.710402
0.456725
0.800939
0.140812
0.586382
0.995164
0.139028
0.004521
0.941368
0.509522
0.426784
0.738841
0.164794
0.073236
0.300890
0.338308
0.355493
0.016816
0.467600
0.385136
0.016627
0.016226
0.997914
0.295802
0.252794
0.913428
0.053026
0.833916
0.059296
0.474027
0.884744
0.512757
0.297558
0.888297
0.599534
0.136120
0.152391
0.127996
0.670338
0.571252
0.319856
0.636806
0.666955
0.634452
0.042080
0.533225
0.777540
0.216786
0.409918
0.489679
0.269193
0.277692
0.727632
0.090492
0.927301
0.171732
0.167141
0.306254
0.298524
0.111268
0.533213
0.216835
0.302531
0.268112
0.675487
0.405653
0.768772
0.684077
0.487484
0.091293
0.976852
0.422519
0.455718
0.788868
0.347307
0.198027
0.401578
0.753755
0.542563
0.619527
0.292406
0.978035
0.129192
0.367485
0.292898
0.829940
0.339870
0.557231
0.449822
0.466142
0.808979
0.729740
0.527744
0.744433
0.375982
0.939659
0.375813
0.031174
0.326530
0.405675
0.250130
0.966287
0.927939
0.575535
0.546469
0.023186
0.702902
0.708599
0.327218
0.608092
0.947055
0.461494
0.626826
0.181033
0.140728
0.292492
0.173659
0.569523
0.725650
0.890101
0.614098
0.577482
0.540669
0.440109
0.417680
0.380232
0.848243
0.329123
0.089858
0.927176
0.381430
0.344284
0.441137
0.954590
0.229680
0.368269
0.136321
0.721399
0.425447
0.832497
0.363794
0.622135
0.041671
0.423199
0.869332
0.476863
0.945792
0.925173
0.048961
0.042700
0.546991
0.123896
0.906881
0.802682
0.121957
0.902347
0.183190
0.954082
0.297138
0.395545
0.426909
0.000491
0.333629
0.641285
0.420341
0.711350
0.210375
0.164864
0.771919
0.517134
0.186947
0.279450
0.047205
0.474018
0.674012
0.393416
0.830311
0.767576
0.711039
0.452052
0.321496
0.719906
0.272471
0.751695
0.665630
0.387721
0.999988
0.003828
0.359987
0.073358
0.324350
0.703855
0.074835
0.362522
0.858501
0.276079
0.803457
0.749388
0.354284
0.072770
0.935414
0.454296
0.284447
0.657898
0.149543
0.411683
0.644595
0.298624
0.348663
0.929369
0.099679
0.660357
0.213266
0.439990
0.344389
0.591593
0.702606
0.248186
0.458480
0.626755
0.454337
0.062017
0.553187
0.010177
0.863041
0.144762
0.794399
0.029962
0.597970
0.566245
0.607332
0.171593
0.754884
0.875837
0.905875
0.029530
0.139023
0.088422
0.421428
0.819154
0.618439
0.368340
0.739462
0.026730
0.951109
0.834624
0.579863
0.833912
0.216455
0.285762
0.006613
0.114803
0.322910
0.067624
0.934957
0.483838
0.227775
0.169784
0.065869
0.074674
0.313277
0.740954
0.748593
0.753667
0.992093
0.542984
0.516968
0.663035
0.354756
0.316384
0.913167
0.492074
0.667806
0.181716
0.686763
0.380164
0.542049
0.045678
0.505511
0.850133
0.731148
0.685207
0.639004
0.688983
0.017477
0.836344
0.863919
0.066102
0.579768
0.977701
0.510938
0.784830
0.309869
0.753710
0.533724
0.076343
0.807599
0.484941
0.869305
0.487077
0.396370
0.238053
0.800877
0.700774
0.490369
0.424541
0.386753
0.639151
0.638509
0.235569
0.125738
0.263541
0.562257
0.941779
0.466785
0.562721
0.594448
0.655906
0.600841
0.465629
0.074225
0.708095
0.491302
0.614707
0.028673
0.876542
0.586655
0.125993
0.803205
0.079061
0.129423
0.742484
0.228467
0.415699
0.928380
0.051285
0.328830
0.981843
0.629671
0.123056
0.993353
0.390571
0.624602
0.781591
0.310576
0.369144
0.219763
0.506162
0.389258
0.966535
0.505148
0.290638
0.283160
0.337408
0.659143
0.759218
0.553525
0.685604
0.380755
0.893742
0.841751
0.861482
0.629030
0.333661
0.499934
0.338788
0.251199
0.635305
0.360995
0.287467
0.003181
0.937706
0.004779
0.917102
0.501288
0.289999
0.883087
0.837752
0.119688
0.609689
0.255593
0.139850
0.575661
0.817807
0.270068
0.771813
0.970037
0.639116
0.013482
0.116450
0.403601
0.662909
0.144251
0.568234
0.736315
0.379214
0.578087
0.849374
0.844099
0.679950
0.038118
0.201143
0.340833
0.935197
0.851055
0.530970
0.639165
0.708541
0.541270
0.493670
0.624601
0.996658
0.269462
0.661101
0.507890
0.897873
0.566950
0.295543
0.138806
0.134848
0.711350
0.419038
0.739765
0.495774
0.164377
0.906815
0.348347
0.461801
0.797666
0.985443
0.467212
0.084226
0.325597
0.109123
0.666610
0.747922
0.715096
0.939602
0.808442
0.108579
0.476757
0.957901
0.294285
0.985358
0.398108
0.067178
0.812167
0.497965
0.553673
0.874697
0.160368
0.098004
0.773829
0.515072
0.430600
0.606447
0.740281
0.558238
0.504573
0.077199
0.424673
0.742243
0.190771
0.342210
0.096010
0.806147
0.135571
0.396818
0.598888
0.817224
0.102419
0.592302
0.414326
0.506160
0.026808
0.200184
0.633774
0.583071
0.359765
0.380651
0.739680
0.816509
0.029419
0.553545
0.937071
0.249905
0.534126
0.559499
0.023766
0.909544
0.621400
0.782583
0.835052
0.251571
0.578421
0.352962
0.424490
0.600982
0.470588
0.973829
0.227753
0.573025
0.807328
0.433688
0.742243
0.729118
0.916153
0.132035
0.092298
0.218990
0.078414
0.419700
0.448041
0.284088
0.769227
0.237505
0.444652
0.051954
0.679825
0.728253
0.686796
0.016778
0.847887
0.544038
0.408210
0.879033
0.929138
0.617145
0.536455
0.580195
0.395178
0.898588
0.544463
0.412284
0.205768
0.981181
0.669949
0.173125
0.980956
0.647922
0.576562
0.565942
0.075814
0.052569
0.401849
0.166630
0.659253
0.825471
0.080965
0.486669
0.323549
0.578834
0.905354
0.298451
0.042510
0.783275
0.635390
0.739273
0.077733
0.320374
0.157670
0.718592
0.562428
0.249325
0.293187
0.190459
0.813736
0.822091
0.913082
0.461390
0.514321
0.949803
0.104783
0.347070
0.823974
0.369605
0.712958
0.805090
0.527776
0.438654
0.726221
0.212849
0.779411
0.840329
0.620643
0.459449
0.871044
0.623575
0.942877
0.129169
0.253949
0.803271
0.016660
0.595127
0.480011
0.667979
0.193294
0.560260
0.551252
0.708712
0.405854
0.395639
0.804740
0.482635
0.903644
0.372341
0.860110
0.339967
0.773064
0.073334
0.487455
0.898622
0.637671
0.838682
0.669704
0.874258
0.577625
0.145428
0.525514
0.834947
0.730060
0.379000
0.500163
0.668253
0.740671
0.999464
0.672507
0.339547
0.202995
0.911675
0.346575
0.746153
0.540766
0.538234
0.978103
0.291638
0.366272
0.661191
0.796140
0.674265
0.547137
0.314748
0.916990
0.806249
0.570665
0.320770
0.558417
0.055774
0.640915
0.827669
0.564264
0.978509
0.122324
0.621579
0.147666
0.773026
0.456736
0.432953
0.392573
0.545634
0.372823
0.604975
0.674015
0.341900
0.435666
0.774768
0.710805
0.328788
0.210427
0.999651
0.735016
0.230588
0.449551
0.043120
0.999651
0.052011
0.118309
0.191285
0.379225
0.156050
0.888007
0.418404
0.373100
0.250084
0.938800
0.979357
0.851549
0.360809
0.163180
0.492683
0.946313
0.292236
0.788966
0.996684
0.525338
0.417081
0.728150
0.357124
0.313938
0.208522
0.189338
0.066420
0.406145
0.617245
0.540373
0.046226
0.643240
0.507724
0.618494
0.617048
0.381788
0.799528
0.979850
0.116611
0.747538
0.523018
0.374944
0.669496
0.684178
0.577267
0.429347
0.157538
0.190601
0.511733
0.106439
0.758518
0.314763
0.379464
0.397313
0.927002
0.688588
0.912665
0.297863
0.724445
0.083181
0.032234
0.829476
0.976779
0.307801
0.649449
0.581924
0.279209
0.424846
0.775041
0.308771
0.984276
0.096143
0.090210
0.899976
0.526909
0.787261
0.124169
0.865753
0.957314
0.644602
0.339104
0.172099
0.989292
0.217559
0.358165
0.112839
0.019922
0.652221
0.944569
0.236189
0.150422
0.845369
0.606085
0.375686
0.622991
0.863885
0.862014
0.385122
0.092383
0.235313
0.569113
0.423730
0.753128
0.764959
0.605372
0.869146
0.445267
0.082513
0.799760
0.299360
0.036278
0.150149
0.962361
0.237506
0.619799
0.442226
0.200079
0.611431
0.549684
0.136155
0.432484
0.368860
0.129805
0.621268
0.981429
0.493752
0.666497
0.358559
0.674710
0.484431
0.744387
0.014155
0.753130
0.232932
0.361838
0.983040
0.723497
0.350860
0.235984
0.540912
0.675861
0.342392
0.107353
0.769414
0.547202
0.261626
0.610653
0.936279
0.728024
0.600595
0.773309
0.754142
0.682133
0.236443
0.920763
0.951550
0.089289
0.281473
0.842990
0.162855
0.178420
0.197392
0.067899
0.560589
0.445374
0.483775
0.723688
0.929064
0.940552
0.668632
0.405155
0.510548
0.661673
0.113493
0.011785
0.678678
0.735877
0.803382
0.443105
0.025618
0.760615
0.689758
0.236438
0.242031
0.678516
0.267418
0.552613
0.158647
0.468743
0.729529
0.867113
0.676081
0.874100
0.702716
0.240252
0.190756
0.774250
0.020143
0.224712
0.419050
0.132388
0.157900
0.348480
0.603070
0.954313
0.361234
0.125479
0.558193
0.220285
0.004039
0.402826
0.487500
0.393843
0.848734
0.199210
0.268525
0.036930
0.454901
0.292219
0.824995
0.223321
0.233656
0.212829
0.276234
0.345479
0.880097
0.526203
0.839980
0.353226
0.317047
0.452299
0.715165
0.292868
0.637665
0.464143
0.638719
0.876066
0.239961
0.923562
0.978138
0.889276
0.159446
0.156656
0.557098
0.044384
0.893534
0.042600
0.117041
0.903202
0.498218
0.208457
0.707612
0.419154
0.369454
0.368174
0.155059
0.005274
0.999651
0.706973
0.421636
0.419817
0.252423
0.286790
0.955624
0.971214
0.096994
0.683668
0.149966
0.598345
0.987987
0.768525
0.280669
0.050183
0.382111
0.122327
0.367654
0.754619
0.499519
0.155230
0.738655
0.303154
0.909320
0.324077
0.194792
0.289596
0.907828
0.231955
0.567851
0.169832
0.192508
0.192436
0.931579
0.072388
0.397346
0.428442
0.705687
0.908574
0.096348
0.920741
0.943732
0.252387
0.758128
0.479685
0.458058
0.224564
0.853123
0.131154
0.324231
0.259378
0.241899
0.800648
0.676144
0.441270
0.584037
0.886960
0.987602
0.152178
0.137037
0.649729
0.907737
0.697475
0.907970
0.825820
0.831228
0.303413
0.980931
0.142594
0.129745
0.373807
0.383766
0.937999
0.222210
0.926654
0.350582
0.126228
0.526938
0.018166
0.163921
0.883688
0.911056
0.314401
0.163567
0.465077
0.359123
0.448596
0.338186
0.207441
0.535021
0.861470
0.381404
0.426835
0.254864
0.465085
0.014890
0.365325
0.154169
0.998135
0.936108
0.584998
0.284504
0.698486
0.225891
0.131789
0.762276
0.050961
0.598153
0.978479
0.898628
0.565116
0.247901
0.698346
0.432452
0.786516
0.370292
0.185631
0.270271
0.079850
0.908515
0.615032
0.693890
0.974262
0.826635
0.480708
0.750082
0.408393
0.889605
0.658245
0.891405
0.729687
0.620103
0.345347
0.033263
0.511121
0.953835
0.734902
0.653497
0.667315
0.153818
0.305840
0.245556
0.046311
0.401874
0.053006
0.187373
0.005535
0.153239
0.358998
0.482657
0.859757
0.918490
0.002537
0.930963
0.721233
0.585770
0.135134
0.383345
0.890686
0.285034
0.498245
0.122182
0.652032
0.053305
0.426180
0.081277
0.170600
0.223892
0.937263
0.094730
0.087484
0.430639
0.780205
0.363786
0.782051
0.897359
0.419571
0.577522
0.877879
0.138848
0.530599
0.068157
0.178596
0.308934
0.468231
0.961313
0.420370
0.027766
0.888898
0.666784
0.145044
0.049396
0.168912
0.401407
0.056939
0.395318
0.584764
0.632229
0.898848
0.493092
0.424600
0.749319
0.437269
0.194014
0.984840
0.531618
0.398869
0.681729
0.891502
0.649076
0.261903
0.966045
0.664205
0.876960
0.836970
0.733500
0.126015
0.695313
0.527105
0.508426
0.039896
0.553865
0.540784
0.684773
0.530268
0.330663
0.942679
0.698341
0.905460
0.165784
0.112708
0.209604
0.835078
0.158880
0.587514
0.306282
0.528732
0.864306
0.570596
0.669191
0.104319
0.567990
0.104959
0.990801
0.392033
0.188180
0.539798
0.418991
0.583534
0.413731
0.999651
0.133108
0.746266
0.999651
0.746266
0.407101
0.133853
0.999651
0.714848
0.075810
0.739483
0.468751
0.455035
0.217973
0.633903
0.715681
0.971815
0.123656
0.266409
0.164847
0.833633
0.121620
0.949072
0.528908
0.842166
0.518038
0.745304
0.731545
0.839515
0.990531
0.588260
0.734390
0.230223
0.145143
0.453724
0.397084
0.283098
0.076512
0.967220
0.490228
0.176457
0.320953
0.053504
0.992261
0.025016
0.879212
0.905893
0.693623
0.790964
0.045518
0.123222
0.770882
0.976452
0.619227
0.578783
0.597658
0.556900
0.060875
0.865274
0.580195
0.028503
0.761567
0.341554
0.679970
0.790040
0.158181
0.901510
0.184562
0.986604
0.891238
0.025269
0.866529
0.335863
0.871238
0.062799
0.317749
0.307702
0.405730
0.566020
0.837803
0.104102
0.716044
0.026108
0.897679
0.503305
0.121079
0.207848
0.987344
0.403008
0.127216
0.194728
0.414569
0.480734
0.988725
0.980689
0.664346
0.241636
0.202104
0.352958
0.799334
0.847787
0.689744
0.712733
0.612028
0.818263
0.292108
0.356095
0.093739
0.302762
0.911106
0.487919
0.012683
0.306594
0.378175
0.439807
0.977214
0.672163
0.615458
0.204418
0.268037
0.788735
0.033688
0.649953
0.657375
0.942631
0.591505
0.728842
0.580063
0.764948
0.612870
0.404661
0.802196
0.761547
0.016411
0.073491
0.552689
0.095018
0.106602
0.304967
0.081444
0.352457
0.674707
0.050363
0.408840
0.494623
0.879942
0.008559
0.493350
0.606863
0.860062
0.975744
0.010048
0.822375
0.246916
0.273165
0.979673
0.273152
0.836820
0.213060
0.677383
0.349296
0.548057
0.161859
0.878203
0.666315
0.057582
0.649305
0.842706
0.002258
0.074901
0.882066
0.526374
0.168831
0.121152
0.601717
0.808320
0.216503
0.833117
0.803267
0.813097
0.983484
0.712058
0.146491
0.360810
0.519635
0.752148
0.865420
0.678038
0.133090
0.488381
0.450191
0.671435
0.300556
0.534198
0.850835
0.478478
0.580025
0.079030
0.367125
0.820676
0.391601
0.889121
0.846758
0.783544
0.560117
0.014614
0.342348
0.408584
0.110707
0.424226
0.674125
0.513981
0.790929
0.547968
0.530020
0.055338
0.272722
0.949218
0.099984
0.422817
0.123593
0.920924
0.000779
0.157957
0.385051
0.416460
0.286782
0.708127
0.460318
0.703274
0.969350
0.049363
0.792606
0.145455
0.161231
0.063787
0.356373
0.367970
0.125010
0.705041
0.930621
0.377894
0.208717
0.707499
0.665744
0.273409
0.392639
0.360294
0.081148
0.575855
0.616176
0.877490
0.873899
0.699279
0.790940
0.271026
0.466046
0.707409
0.105815
0.123817
0.131026
0.711868
0.419536
0.162811
0.443295
0.739483
0.999651
0.253073
0.034321
0.566796
0.673202
0.932184
0.456008
0.572535
0.795588
0.858666
0.301135
0.422667
0.510827
0.451644
0.044250
0.158339
0.593674
0.689113
0.578296
0.122288
0.102196
0.048992
0.641637
0.357633
0.400361
0.795969
0.580474
0.576734
0.256253
0.154513
0.194218
0.663818
0.812311
0.141403
0.541421
0.208201
0.717484
0.563312
0.791201
0.808392
0.293277
0.601658
0.430219
0.848124
0.521420
0.725900
0.615438
0.489494
0.307300
0.349860
0.482296
0.231562
0.229283
0.109997
0.857679
0.879936
0.840264
0.570764
0.714999
0.108340
0.976955
0.205528
0.769696
0.270646
0.058935
0.051596
0.819151
0.154511
0.549771
0.368850
0.550002
0.227914
0.804829
0.051553
0.883489
0.499522
0.064770
0.544971
0.118151
0.634033
0.162263
0.429663
0.818032
0.785082
0.305922
0.968092
0.039670
0.940903
0.475688
0.306610
0.095364
0.241058
0.315427
0.221049
0.913495
0.894864
0.920868
0.550778
0.525510
0.301789
0.495591
0.533265
0.427313
0.888480
0.057760
0.112158
0.220495
0.793071
0.220872
0.914592
0.023536
0.961237
0.709880
0.679934
0.688866
0.695648
0.798568
0.658945
0.699674
0.306039
0.025745
0.310426
0.128379
0.935359
0.549240
0.906918
0.891692
0.942121
0.682426
0.561750
0.456745
0.563204
0.804316
0.330568
0.657475
0.987466
0.889509
0.279936
0.435747
0.070409
0.738459
0.596360
0.489849
0.704989
0.143755
0.508395
0.403224
0.434166
0.168121
0.073749
0.044638
0.206756
0.570489
0.038534
0.630346
0.809056
0.755366
0.287201
0.869064
0.379187
0.167232
0.883944
0.168287
0.567245
0.457357
0.858417
0.859333
0.239658
0.338345
0.444022
0.238836
0.647394
0.557065
0.153352
0.663572
0.551141
0.776441
0.324991
0.757648
0.897784
0.199606
0.535114
0.577314
0.106462
0.007063
0.707223
0.456793
0.293525
0.041226
0.029107
0.653568
0.647489
0.767608
0.787383
0.294917
0.570775
0.394329
0.330809
0.768018
0.907002
0.839749
0.182336
0.408775
0.952747
0.122062
0.429347
0.242244
0.752231
0.996557
0.258900
0.769062
0.242865
0.499825
0.681559
0.333895
0.868982
0.361310
0.149410
0.956419
0.629767
0.318702
0.951500
0.452531
0.854003
0.704430
0.727740
0.070138
0.086929
0.657186
0.429371
0.353440
0.980707
0.028262
0.053792
0.722553
0.256538
0.992657
0.961636
0.799024
0.269545
0.206380
0.746640
0.356261
0.182815
0.388616
0.707767
0.725294
0.291478
0.454862
0.137795
0.723823
0.428957
0.176022
0.453867
0.718720
0.049101
0.739483
0.293852
0.544777
0.727857
0.952327
0.213239
0.825517
0.015685
0.644806
0.386592
0.957918
0.488515
0.242865
0.827426
0.368953
0.442515
0.239908
0.491265
0.470619
0.250740
0.604232
0.630426
0.213650
0.266824
0.427690
0.631684
0.329091
0.724987
0.963255
0.707734
0.539212
0.924048
0.786118
0.608149
0.004798
0.762315
0.130663
0.087535
0.026102
0.117336
0.049469
0.062622
0.470368
0.646275
0.155448
0.423839
0.796958
0.685471
0.761387
0.292656
0.176013
0.526962
0.561318
0.570170
0.129260
0.780544
0.616123
0.575979
0.989999
0.736476
0.744145
0.084532
0.208268
0.930071
0.080789
0.518624
0.088340
0.888090
0.085663
0.330433
0.707647
0.580681
0.839758
0.797940
0.844368
0.293281
0.708821
0.681508
0.347552
0.711727
0.144311
0.248910
0.177970
0.331365
0.264014
0.398778
0.785961
0.067131
0.286344
0.538161
0.577243
0.975793
0.693093
0.029914
0.248882
0.482474
0.144510
0.684635
0.101970
0.719274
0.569361
0.678828
0.198573
0.681831
0.074331
0.419356
0.118784
0.646722
0.356933
0.211756
0.076270
0.785020
0.330884
0.828816
0.302026
0.380595
0.771662
0.402467
0.736931
0.600933
0.723343
0.897444
0.562272
0.067545
0.358475
0.174527
0.618328
0.586317
0.305196
0.454243
0.036152
0.488389
0.426331
0.472584
0.955364
0.121808
0.602180
0.637105
0.086531
0.755220
0.602108
0.887384
0.462816
0.498282
0.171960
0.315428
0.421311
0.910097
0.478622
0.970778
0.865728
0.716498
0.175345
0.957591
0.942001
0.059063
0.139582
0.207231
0.456517
0.881752
0.118305
0.194476
0.779943
0.463339
0.745642
0.857393
0.501383
0.622704
0.997303
0.813620
0.168451
0.266370
0.860860
0.357039
0.805929
0.579771
0.747446
0.120733
0.333347
0.261002
0.787708
0.641223
0.080961
0.593401
0.153711
0.526228
0.462280
0.295373
0.861412
0.668765
0.924225
0.776314
0.239972
0.854034
0.034900
0.579224
0.430766
0.546214
0.252397
0.176185
0.598825
0.228387
0.361394
0.284141
0.122681
0.993185
0.879968
0.226524
0.167173
0.471413
0.086071
0.431852
0.951587
0.452529
0.647683
0.643424
0.588298
0.740256
0.665602
0.134005
0.892445
0.929019
0.053033
0.854564
0.530622
0.647104
0.428210
0.784983
0.687467
0.639310
0.728831
0.444340
0.156605
0.338906
0.760534
0.816103
0.901784
0.773662
0.353218
0.465180
0.352238
0.965695
0.253069
0.095169
0.290260
0.999651
0.105234
0.800076
0.024523
0.023005
0.433889
0.452495
0.999651
0.194595
0.160380
0.715211
0.193373
0.358256
0.325035
0.604890
0.929653
0.002884
0.654737
0.812875
0.582301
0.537740
0.155890
0.310511
0.981831
0.596843
0.467913
0.040122
0.296817
0.501303
0.658035
0.578876
0.327829
0.438295
0.123384
0.210453
0.558525
0.973558
0.330259
0.278672
0.580814
0.619717
0.956030
0.184710
0.316924
0.768439
0.840083
0.414890
0.603197
0.706301
0.443478
0.596647
0.305907
0.905657
0.203078
0.783225
0.453618
0.530380
0.481977
0.328980
0.310440
0.074498
0.048446
0.312548
0.218949
0.695751
0.241254
0.829454
0.421216
0.786989
0.828126
0.553431
0.353970
0.301366
0.960994
0.060387
0.713888
0.702071
0.548386
0.933780
0.427730
0.017908
0.570136
0.897543
0.737758
0.460866
0.668270
0.034476
0.545736
0.493550
0.372486
0.785469
0.740743
0.950214
0.218456
0.238521
0.180959
0.126702
0.248207
0.416326
0.693241
0.207599
0.947028
0.676494
0.704284
0.523828
0.870534
0.127996
0.902953
0.195222
0.395311
0.429231
0.556398
0.459446
0.330636
0.614704
0.336004
0.404353
0.247379
0.455479
0.748194
0.873189
0.300845
0.085866
0.303198
0.362682
0.081011
0.687833
0.215693
0.375332
0.447517
0.433558
0.668828
0.013070
0.775795
0.184650
0.488047
0.887475
0.229605
0.708804
0.386492
0.284886
0.305777
0.138660
0.153592
0.419060
0.487592
0.107093
0.779557
0.861298
0.459464
0.924884
0.729017
0.573222
0.339691
0.745081
0.132212
0.630773
0.189177
0.221017
0.750584
0.186955
0.858337
0.348126
0.957736
0.430775
0.794680
0.552797
0.213972
0.540880
0.799738
0.583143
0.332654
0.919357
0.992699
0.404937
0.890646
0.822895
0.302864
0.008407
0.746498
0.618599
0.114347
0.295076
0.543811
0.997789
0.961504
0.904442
0.210459
0.035379
0.206694
0.933734
0.655845
0.921409
0.004120
0.835074
0.628902
0.685851
0.692596
0.787653
0.961751
0.443239
0.491012
0.341454
0.292250
0.489685
0.464646
0.026943
0.859499
0.365290
0.456846
0.694328
0.797960
0.358483
0.854455
0.968313
0.638292
0.467960
0.788946
0.120997
0.748325
0.879957
0.827743
0.727247
0.429615
0.375048
0.337761
0.383434
0.209555
0.795353
0.008562
0.861326
0.843566
0.810387
0.305749
0.012677
0.146110
0.482242
0.732721
0.324969
0.404333
0.797572
0.354458
0.902123
0.867477
0.888210
0.270877
0.062714
0.143794
0.572046
0.106915
0.328531
0.941586
0.313120
0.645937
0.043747
0.051081
0.119440
0.803451
0.490736
0.999651
0.685880
0.134203
0.130062
0.185756
0.485164
0.247859
0.162949
0.782911
0.752365
0.216660
0.420959
0.371175
0.775429
0.317872
0.002589
0.855803
0.865874
0.093641
0.668088
0.965733
0.949507
0.636321
0.268175
0.450455
0.565930
0.472524
0.566516
0.001566
0.899972
0.035262
0.142469
0.482673
0.093065
0.919468
0.720773
0.190383
0.046811
0.520322
0.113833
0.007469
0.919107
0.350143
0.233597
0.275470
0.764892
0.165944
0.424333
0.831197
0.522295
0.956211
0.691604
0.165049
0.008449
0.069570
0.622656
0.485605
0.719701
0.603815
0.384933
0.953583
0.464774
0.692435
0.487330
0.489659
0.867726
0.155078
0.937577
0.797431
0.215383
0.043341
0.332430
0.179504
0.381072
0.885334
0.688233
0.887618
0.506903
0.680371
0.730409
0.335179
0.879008
0.234203
0.793311
0.132616
0.076715
0.867784
0.677889
0.374674
0.844875
0.537828
0.124331
0.627863
0.539930
0.431406
0.190239
0.021683
0.980689
0.142506
0.601293
0.546423
0.624522
0.905610
0.239450
0.082873
0.453350
0.396633
0.641666
0.736491
0.540473
0.458568
0.847283
0.293756
0.962344
0.458313
0.911493
0.056614
0.234118
0.226506
0.626454
0.659333
0.736934
0.299546
0.540687
0.318346
0.235018
0.014530
0.981127
0.825568
0.934272
0.140690
0.408943
0.638671
0.889244
0.136253
0.189160
0.525268
0.125539
0.483649
0.021754
0.030903
0.284445
0.653260
0.946159
0.034114
0.513601
0.801475
0.877878
0.182880
0.092998
0.862443
0.711132
0.372184
0.667832
0.259018
0.080168
0.585146
0.508544
0.055540
0.488694
0.065967
0.955636
0.415963
0.261034
0.479425
0.412760
0.764902
0.568870
0.168390
0.940871
0.173387
0.681879
0.499062
0.177841
0.098794
0.476631
0.906780
0.695316
0.140227
0.622684
0.368218
0.725541
0.663647
0.614023
0.545747
0.897441
0.789625
0.903511
0.615482
0.150094
0.901718
0.662745
0.312750
0.513597
0.653031
0.574029
0.940176
0.117643
0.847425
0.368726
0.088582
0.496420
0.021665
0.470253
0.645985
0.378805
0.324169
0.852697
0.013253
0.293626
0.190307
0.469509
0.426682
0.073801
0.465786
0.082012
0.199748
0.037534
0.187632
0.875250
0.752577
0.071071
0.152782
0.598867
0.383881
0.081538
0.190174
0.432657
0.163920
0.360594
0.503366
0.028841
0.567942
0.064412
0.413737
0.014063
0.928880
0.522144
0.952789
0.291098
0.539101
0.916723
0.216453
0.020066
0.768831
0.506483
0.691856
0.797829
0.560502
0.175776
0.431910
0.017791
0.692527
0.404029
0.316499
0.265445
0.229968
0.100072
0.658289
0.155795
0.747893
0.999651
0.213357
0.063786
0.615894
0.834626
0.564143
0.718470
0.350504
0.035459
0.988927
0.302018
0.192532
0.689405
0.816438
0.128765
0.833947
0.324056
0.812923
0.091150
0.460116
0.015245
0.436498
0.930320
0.849141
0.910607
0.101011
0.633029
0.556934
0.463830
0.966389
0.259862
0.462284
0.831886
0.638791
0.964407
0.721235
0.277888
0.715774
0.480443
0.970481
0.513866
0.490918
0.332114
0.248432
0.943716
0.279308
0.467132
0.815225
0.944998
0.977365
0.291598
0.266269
0.610976
0.911774
0.672569
0.386744
0.198045
0.843882
0.706043
0.097564
0.559270
0.805738
0.867870
0.029396
0.747458
0.176832
0.876999
0.334649
0.130661
0.038159
0.617437
0.834595
0.653322
0.131060
0.059900
0.697866
0.405689
0.017855
0.178077
0.177928
0.525644
0.901831
0.609079
0.292459
0.477592
0.674854
0.613412
0.420953
0.244304
0.577863
0.956833
0.013967
0.475341
0.385641
0.483908
0.755797
0.690247
0.276531
0.285130
0.270665
0.185843
0.724966
0.510921
0.822046
0.242532
0.142240
0.843467
0.003054
0.378171
0.575295
0.120004
0.218066
0.999936
0.747481
0.127211
0.363453
0.999936
0.646199
0.744315
0.887425
0.731775
0.233377
0.662066
0.948922
0.765170
0.687883
0.213276
0.224932
0.334839
0.205059
0.116921
0.706225
0.593960
0.790724
0.464742
0.910683
0.713459
0.151280
0.820552
0.957819
0.419750
0.706170
0.200765
0.928757
0.634858
0.916596
0.809641
0.812794
0.623403
0.873459
0.957625
0.578563
0.689580
0.477720
0.641465
0.815331
0.731874
0.067610
0.380140
0.525697
0.134003
0.049240
0.009404
0.744367
0.562203
0.066769
0.278342
0.360199
0.750424
0.398995
0.160951
0.153491
0.019775
0.031471
0.301457
0.372750
0.814257
0.964264
0.819839
0.081820
0.393832
0.559507
0.789702
0.848202
0.944472
0.690986
0.898895
0.627363
0.914122
0.258054
0.558750
0.858489
0.518612
0.693012
0.843906
0.928854
0.972222
0.896398
0.034807
0.313297
0.457797
0.846977
0.971268
0.550294
0.769463
0.767977
0.290064
0.897002
0.529861
0.300650
0.653390
0.304419
0.230542
0.799719
0.128898
0.484257
0.880325
0.578703
0.665790
0.187070
0.817797
0.199493
0.444508
0.684228
0.281155
0.519629
0.438516
0.323907
0.395773
0.029251
0.603772
0.314822
0.586289
0.671096
0.352017
0.654190
0.529112
0.031814
0.624942
0.853406
0.100691
0.008333
0.583766
0.493305
0.548926
0.323462
0.388378
0.249345
0.006220
0.921198
0.346919
0.126470
0.052383
0.999651
0.658289
0.323585
0.391090
0.340375
0.666002
0.190558
0.620747
0.214908
0.359162
0.248869
0.317831
0.641714
0.107066
0.799203
0.091393
0.216228
0.048148
0.627218
0.408147
0.580021
0.120985
0.158339
0.662748
0.262796
0.643783
0.589368
0.833120
0.959667
0.868504
0.805099
0.761627
0.874871
0.830097
0.655706
0.504337
0.049194
0.574383
0.582447
0.983415
0.995704
0.611774
0.193851
0.109050
0.890626
0.605419
0.035202
0.840750
0.943588
0.868611
0.705998
0.551003
0.641544
0.583361
0.080064
0.489435
0.607403
0.235741
0.010072
0.559145
0.918980
0.928677
0.563034
0.679851
0.524162
0.923854
0.968598
0.379987
0.789043
0.284851
0.672078
0.321772
0.198767
0.256715
0.695541
0.093340
0.564716
0.295347
0.121156
0.908881
0.091595
0.335150
0.541510
0.934004
0.936568
0.196591
0.563696
0.626465
0.108731
0.337218
0.621573
0.063440
0.167189
0.650280
0.829382
0.261615
0.182577
0.533644
0.207562
0.229980
0.998472
0.401650
0.683589
0.721648
0.312383
0.135672
0.958083
0.162406
0.564287
0.370862
0.123861
0.326325
0.393716
0.599336
0.200617
0.452253
0.461683
0.693133
0.125347
0.035844
0.133353
0.985714
0.350850
0.708628
0.511767
0.136011
0.586239
0.437028
0.107479
0.421090
0.375282
0.690789
0.758863
0.791587
0.299801
0.853808
0.450891
0.614030
0.452969
0.881098
0.980363
0.090534
0.122132
0.670130
0.113838
0.768191
0.833075
0.135975
0.531228
0.601277
0.948200
0.677685
0.965556
0.080301
0.322207
0.451870
0.132561
0.425915
0.688116
0.661334
0.045559
0.332064
0.031408
0.202268
0.181036
0.160175
0.940181
0.507433
0.795536
0.872835
0.445985
0.774111
0.388092
0.248651
0.516464
0.707628
0.295138
0.546739
0.872444
0.161924
0.433815
0.655680
0.095430
0.069861
0.059136
0.843511
0.905703
0.764509
0.651460
0.357213
0.536839
0.369228
0.831316
0.746654
0.242357
0.534307
0.933379
0.712735
0.248690
0.310973
0.032214
0.415598
0.942128
0.753579
0.067685
0.298727
0.444165
0.536291
0.083173
0.970397
0.109770
0.054317
0.577257
0.276416
0.168558
0.478779
0.738417
0.248061
0.933557
0.860314
0.838786
0.826482
0.611907
0.675263
0.809753
0.468976
0.074080
0.210108
0.809337
0.612125
0.452535
0.649382
0.265186
0.289944
0.548491
0.918540
0.081458
0.629343
0.799952
0.719691
0.623187
0.727209
0.500395
0.252413
0.225196
0.169496
0.722557
0.036229
0.848495
0.908421
0.584513
0.732309
0.456409
0.954173
0.356336
0.820354
0.241937
0.249733
0.127798
0.327839
0.595573
0.806107
0.195217
0.172334
0.519306
0.524108
0.755115
0.187677
0.049848
0.492348
0.362021
0.919548
0.031640
0.569927
0.787657
0.138463
0.163470
0.617079
0.450904
0.805334
0.854688
0.937235
0.436176
0.498207
0.737567
0.651476
0.917950
0.864375
0.582944
0.091220
0.618704
0.280084
0.820343
0.366673
0.976072
0.095220
0.126588
0.278267
0.133813
0.611549
0.012097
0.083389
0.523585
0.523873
0.941952
0.317930
0.915587
0.161460
0.516846
0.267965
0.802861
0.454586
0.891214
0.266573
0.185326
0.554430
0.003415
0.089528
0.246163
0.124845
0.963592
0.285658
0.497641
0.156893
0.013605
0.606706
0.320289
0.121234
0.811992
0.210725
0.954958
0.243408
0.173655
0.274792
0.129878
0.771206
0.124469
0.948994
0.234563
0.144483
0.827487
0.455440
0.081227
0.302989
0.259086
0.934039
0.536183
0.038725
0.916296
0.570963
0.044211
0.861719
0.323639
0.435389
0.115741
0.332418
0.425743
0.723789
0.143333
0.998472
0.701601
0.558934
0.053569
0.998472
0.619358
0.198746
0.920628
0.870946
0.680645
0.030901
0.412358
0.745945
0.293823
0.273715
0.520547
0.236285
0.873226
0.833714
0.756659
0.101374
0.869716
0.303811
0.076864
0.708260
0.748762
0.206410
0.932039
0.735147
0.576560
0.722617
0.062180
0.614636
0.690967
0.435362
0.125416
0.492628
0.439029
0.295073
0.078005
0.619775
0.311446
0.742892
0.663630
0.282543
0.878972
0.794169
0.845804
0.994274
0.158793
0.431944
0.402568
0.484996
0.015054
0.577730
0.333603
0.348012
0.679932
0.764344
0.764049
0.301733
0.519631
0.361576
0.396169
0.921544
0.860308
0.838208
0.910962
0.887640
0.925519
0.980729
0.380026
0.014178
0.159968
0.736964
0.208701
0.290553
0.161316
0.277793
0.811569
0.329236
0.896737
0.947980
0.709803
0.912948
0.424981
0.842598
0.547268
0.937867
0.105644
0.243161
0.081316
0.114410
0.680184
0.880911
0.619459
0.202454
0.125413
0.876952
0.170785
0.697738
0.078511
0.012472
0.459443
0.359055
0.728282
0.089013
0.776875
0.364371
0.472877
0.289832
0.221626
0.535439
0.518569
0.499446
0.154496
0.786312
0.893598
0.189431
0.568171
0.777220
0.578368
0.053743
0.841933
0.722014
0.408343
0.755048
0.503102
0.169193
0.935397
0.712759
0.548833
0.602705
0.180757
0.471250
0.668086
0.372425
0.368484
0.089821
0.839044
0.233415
0.779849
0.810634
0.929063
0.849743
0.350344
0.712670
0.681127
0.689480
0.873301
0.733658
0.093677
0.723226
0.555213
0.532287
0.372023
0.144584
0.362632
0.723542
0.203923
0.596892
0.330620
0.713720
0.865705
0.240401
0.786751
0.211189
0.046685
0.786227
0.847981
0.625879
0.158742
0.700711
0.432681
0.486291
0.316832
0.223299
0.305873
0.297842
0.098616
0.204337
0.048352
0.400735
0.253265
0.852144
0.562816
0.428562
0.788201
0.061568
0.352107
0.349148
0.547819
0.593731
0.923012
0.324940
0.661221
0.987738
0.677163
0.158876
0.900155
0.943212
0.488979
0.900064
0.298580
0.235393
0.076563
0.637890
0.758776
0.964337
0.529146
0.089022
0.144381
0.533027
0.045183
0.614100
0.549039
0.866778
0.686446
0.733996
0.462992
0.683620
0.690206
0.353244
0.043520
0.491778
0.575598
0.153464
0.154962
0.300248
0.699999
0.264989
0.478353
0.889932
0.382204
0.242156
0.169657
0.998791
0.573639
0.798100
0.561133
0.752060
0.485977
0.049000
0.716360
0.429322
0.779405
0.385478
0.651726
0.750011
0.883331
0.349620
0.033223
0.807986
0.294127
0.466418
0.453775
0.287187
0.281259
0.478495
0.672907
0.013685
0.099733
0.358272
0.262301
0.465820
0.174832
0.227695
0.999936
0.216548
0.186937
0.275111
0.884495
0.521613
0.004866
0.738983
0.773007
0.938585
0.939543
0.307523
0.552130
0.164430
0.620195
0.093848
0.451388
0.557488
0.893101
0.629431
0.135286
0.131900
0.740698
0.713817
0.203294
0.783591
0.125599
0.151850
0.355881
0.888364
0.932640
0.575686
0.089581
0.509779
0.276017
0.243906
0.146247
0.720164
0.767084
0.753140
0.401252
0.446315
0.107495
0.948808
0.568063
0.098052
0.335025
0.550101
0.579976
0.303102
0.255418
0.038960
0.513412
0.370413
0.139637
0.241643
0.092292
0.135026
0.545510
0.651891
0.482994
0.334374
0.576382
0.163649
0.999293
0.096175
0.754336
0.864889
0.403474
0.434065
0.745968
0.617983
0.552437
0.535303
0.015695
0.151162
0.706735
0.256138
0.223048
0.254281
0.828768
0.270129
0.251142
0.214096
0.748272
0.632343
0.625225
0.252532
0.195195
0.002133
0.021480
0.218612
0.090193
0.017348
0.392370
0.262505
0.261569
0.676244
0.058337
0.929845
0.216327
0.887119
0.095446
0.406598
0.946210
0.151367
0.441009
0.729337
0.882630
0.699097
0.846932
0.722078
0.335108
0.327957
0.933556
0.907630
0.535621
0.470061
0.981665
0.956735
0.167416
0.877866
0.390680
0.029623
0.054782
0.260925
0.117294
0.388818
0.024965
0.689485
0.378251
0.535254
0.491869
0.809925
0.987771
0.317711
0.642401
0.577692
0.235344
0.073039
0.490826
0.226497
0.071201
0.816134
0.187135
0.463421
0.729531
0.367706
0.676472
0.047825
0.005062
0.747746
0.884719
0.101682
0.225646
0.695626
0.498383
0.068434
0.097236
0.935867
0.985318
0.529621
0.900620
0.282941
0.808387
0.180337
0.900481
0.469606
0.780852
0.717751
0.992972
0.151284
0.835810
0.007153
0.820875
0.953037
0.189989
0.437755
0.375405
0.114643
0.204139
0.380277
0.077491
0.791142
0.329543
0.109267
0.882464
0.778443
0.205974
0.688540
0.020928
0.363076
0.485931
0.355845
0.812542
0.508075
0.720166
0.834996
0.852571
0.158884
0.989230
0.186836
0.854581
0.419111
0.915741
0.955324
0.164323
0.650170
0.674988
0.127138
0.364587
0.495106
0.241753
0.192031
0.440280
0.828261
0.895288
0.240856
0.435675
0.961402
0.150394
0.676978
0.727208
0.975272
0.410730
0.587666
0.567628
0.034507
0.542739
0.451971
0.089889
0.334063
0.958800
0.712167
0.948038
0.126629
0.062194
0.352994
0.220336
0.912398
0.851765
0.046830
0.142112
0.998472
0.438799
0.273077
0.415506
0.096607
0.998472
0.672907
0.411832
0.059915
0.622317
0.954386
0.586706
0.041801
0.088897
0.583346
0.913683
0.957457
0.118606
0.404487
0.719753
0.034025
0.688165
0.341604
0.965872
0.530416
0.935367
0.218248
0.389423
0.958600
0.203383
0.558911
0.399490
0.441411
0.046788
0.206952
0.832761
0.053810
0.769493
0.519802
0.938202
0.557257
0.465698
0.360228
0.957749
0.005481
0.681460
0.001925
0.182104
0.953540
0.063416
0.985748
0.794773
0.541308
0.894985
0.960954
0.379482
0.507257
0.374759
0.919747
0.409318
0.788044
0.424413
0.263604
0.409848
0.702640
0.453732
0.840817
0.890003
0.844660
0.509753
0.965554
0.457106
0.610556
0.918679
0.202815
0.216477
0.281398
0.388357
0.098848
0.338999
0.618139
0.992623
0.504853
0.345912
0.000235
0.095654
0.619861
0.790052
0.070226
0.605316
0.537290
0.734717
0.086606
0.401984
0.074193
0.170020
0.537910
0.477981
0.882217
0.733808
0.945337
0.768900
0.658897
0.088420
0.951966
0.559977
0.305413
0.861186
0.145549
0.578473
0.705185
0.298018
0.330120
0.228606
0.753809
0.614749
0.999895
0.602953
0.166303
0.916196
0.287112
0.299046
0.468475
0.741219
0.972836
0.739797
0.475545
0.582937
0.945175
0.120852
0.237737
0.473704
0.550725
0.188420
0.138377
0.557720
0.260058
0.860725
0.048452
0.190885
0.213325
0.240137
0.640437
0.994913
0.143892
0.488264
0.345630
0.734969
0.621964
0.691665
0.689674
0.718316
0.101190
0.992106
0.781452
0.253498
0.083863
0.325118
0.466211
0.740300
0.397962
0.958402
0.724434
0.401773
0.765268
0.423854
0.427470
0.539565
0.056405
0.841800
0.907825
0.058074
0.007841
0.913598
0.308944
0.723806
0.208811
0.051077
0.423540
0.113070
0.453366
0.182167
0.272466
0.159678
0.554337
0.357346
0.813768
0.897692
0.501146
0.438723
0.684133
0.952216
0.840952
0.112225
0.277084
0.160471
0.910563
0.374867
0.753059
0.799441
0.442363
0.336600
0.989280
0.195739
0.118111
0.884959
0.229885
0.235184
0.215922
0.907629
0.241265
0.758288
0.063787
0.691983
0.550533
0.104211
0.912487
0.832341
0.517306
0.778001
0.016066
0.907832
0.215936
0.288543
0.462894
0.950711
0.776520
0.609662
0.047783
0.833287
0.822503
0.222413
0.488205
0.359307
0.058909
0.618566
0.447060
0.673087
0.000866
0.095611
0.372057
0.388613
0.114413
0.311740
0.448024
0.305313
0.581967
0.851023
0.193432
0.102873
0.049323
0.977517
0.235371
0.801991
0.589820
0.131967
0.158364
0.690479
0.423720
0.998472
0.466987
0.113827
0.060686
0.721048
0.504065
0.078606
0.569726
0.598376
0.049387
0.559489
0.195113
0.809154
0.401262
0.774292
0.242960
0.524792
0.933179
0.410522
0.524551
0.805632
0.596972
0.941893
0.109574
0.383267
0.026451
0.171943
0.452040
0.242787
0.297899
0.710093
0.187043
0.202761
0.879091
0.714518
0.997349
0.074770
0.586398
0.896883
0.184346
0.713777
0.059268
0.911161
0.692245
0.200532
0.073581
0.384439
0.904818
0.936634
0.050704
0.455607
0.621816
0.787920
0.337396
0.903948
0.523536
0.335469
0.802466
0.331451
0.426987
0.835422
0.947892
0.139694
0.740434
0.745815
0.103114
0.865741
0.233784
0.544152
0.258853
0.134884
0.293747
0.474032
0.207903
0.796397
0.942653
0.559985
0.761174
0.648736
0.520504
0.501084
0.873282
0.371624
0.997684
0.476807
0.378324
0.375077
0.571719
0.601018
0.147317
0.182099
0.660855
0.166641
0.637938
0.787181
0.529552
0.406251
0.927703
0.203060
0.940438
0.520965
0.176065
0.821844
0.032139
0.017153
0.430909
0.393574
0.665464
0.049857
0.521784
0.657651
0.088901
0.662609
0.066553
0.164094
0.759714
0.491639
0.569876
0.478175
0.565081
0.171181
0.280458
0.081059
0.548909
0.135504
0.577948
0.340294
0.328871
0.609156
0.467919
0.328646
0.933868
0.953171
0.921863
0.091090
0.287914
0.382206
0.065554
0.692907
0.480106
0.872904
0.209547
0.693779
0.494110
0.381560
0.905687
0.172367
0.910934
0.610297
0.688197
0.333831
0.166526
0.383517
0.861553
0.751827
0.146339
0.395028
0.183633
0.280994
0.871919
0.882823
0.224705
0.402425
0.903991
0.701342
0.082985
0.681109
0.210701
0.855839
0.137835
0.991162
0.971458
0.702313
0.113143
0.243649
0.183399
0.608629
0.506797
0.496960
0.570269
0.624026
0.877319
0.176626
0.958503
0.868012
0.634976
0.737930
0.762715
0.475570
0.290831
0.700014
0.027278
0.620325
0.111224
0.715897
0.601311
0.774344
0.204621
0.042082
0.714503
0.893029
0.239404
0.679354
0.688604
0.873447
0.621294
0.990008
0.716248
0.708527
0.523200
0.094867
0.001566
0.328982
0.993368
0.826903
0.756694
0.817437
0.414158
0.899594
0.240032
0.419925
0.147171
0.841862
0.595669
0.540296
0.694034
0.683928
0.582732
0.451750
0.398285
0.547889
0.476940
0.112045
0.494329
0.823398
0.577173
0.837303
0.415608
0.284563
0.684478
0.332875
0.056516
0.042830
0.951206
0.154495
0.351116
0.018014
0.169800
0.081918
0.905773
0.453393
0.414348
0.430152
0.681094
0.286835
0.369437
0.477731
0.149085
0.653293
0.405009
0.207450
0.102045
0.313589
0.934575
0.863631
0.115708
0.037740
0.345274
0.375696
0.690755
0.601204
0.503485
0.242322
0.532619
0.468585
0.794317
0.928056
0.372880
0.079021
0.905417
0.587732
0.873769
0.054856
0.261020
0.026106
0.548199
0.424353
0.965322
0.089236
0.432747
0.736493
0.042594
0.033040
0.493085
0.118358
0.774343
0.874411
0.052124
0.151949
0.263028
0.078152
0.902004
0.469684
0.574564
0.577870
0.292421
0.650076
0.989576
0.277019
0.639755
0.472878
0.322008
0.580316
0.143248
0.424048
0.223527
0.215701
0.454951
0.254604
0.897836
0.719412
0.167197
0.045269
0.199550
0.365299
0.052621
0.933902
0.421066
0.464507
0.223938
0.170285
0.895692
0.580527
0.540088
0.389776
0.318320
0.081429
0.647510
0.782632
0.342606
0.167020
0.845199
0.690078
0.726971
0.191499
0.944179
0.014118
0.225894
0.176884
0.259721
0.790209
0.447722
0.350573
0.741299
0.366453
0.399434
0.610553
0.783150
0.558339
0.021065
0.839380
0.849434
0.024230
0.270375
0.065344
0.433426
0.225894
0.579185
0.765588
0.900623
0.914122
0.577969
0.077123
0.150964
0.997762
0.920791
0.830951
0.094969
0.222817
0.868706
0.951330
0.351175
0.786189
0.771012
0.713593
0.125841
0.237512
0.969239
0.273137
0.578054
0.855545
0.421870
0.955886
0.360802
0.617987
0.976352
0.523847
0.077675
0.582186
0.901018
0.532595
0.830973
0.548071
0.719747
0.311673
0.445358
0.544311
0.487301
0.901849
0.525864
0.646983
0.308713
0.649855
0.804002
0.761271
0.781379
0.313214
0.903812
0.047363
0.247744
0.483615
0.243536
0.099978
0.648014
0.462559
0.409970
0.666956
0.698963
0.279772
0.492639
0.658095
0.173804
0.242575
0.144407
0.414749
0.780724
0.948878
0.003865
0.319392
0.330023
0.340765
0.642201
0.879999
0.322037
0.669552
0.811995
0.656182
0.294882
0.783359
0.015485
0.953954
0.241493
0.328224
0.672913
0.926959
0.372929
0.214098
0.464272
0.829170
0.687120
0.274840
0.106514
0.084385
0.151446
0.730947
0.388422
0.910225
0.260156
0.926104
0.052102
0.469482
0.954608
0.481770
0.027504
0.352213
0.050963
0.422638
0.898462
0.222412
0.795802
0.941666
0.718352
0.219797
0.839359
0.065025
0.673239
0.388431
0.886934
0.860090
0.491969
0.629702
0.654393
0.615971
0.167477
0.239641
0.340653
0.275070
0.832010
0.703396
0.950139
0.761890
0.731119
0.468858
0.997375
0.744761
0.986422
0.714330
0.934332
0.077026
0.403995
0.329695
0.998472
0.378127
0.350921
0.998472
0.653293
0.419848
0.944283
0.614181
0.061314
0.007938
0.237605
0.678045
0.613700
0.884209
0.182623
0.547235
0.760914
0.010109
0.810358
0.010977
0.550566
0.414683
0.965044
0.646053
0.499932
0.648000
0.427510
0.263777
0.321520
0.808616
0.751574
0.874462
0.980837
0.733651
0.777202
0.341156
0.012172
0.610553
0.709845
0.578536
0.808495
0.460017
0.587214
0.678453
0.145585
0.705370
0.884240
0.252763
0.075574
0.794114
0.034387
0.040468
0.592684
0.778291
0.731074
0.565791
0.429902
0.644876
0.585855
0.914030
0.270020
0.065297
0.989014
0.242511
0.562496
0.201066
0.881436
0.115965
0.527959
0.154001
0.501413
0.472522
0.538315
0.025039
0.523366
0.733260
0.600093
0.082413
0.223434
0.181947
0.594002
0.022322
0.365137
0.101081
0.171237
0.314056
0.231808
0.766372
0.947738
0.284889
0.085545
0.206912
0.026609
0.342682
0.108765
0.347756
0.511023
0.027720
0.497133
0.391973
0.868840
0.698427
0.594175
0.181497
0.110379
0.403650
0.170059
0.439160
0.732236
0.989524
0.891093
0.979005
0.644849
0.890675
0.552992
0.882642
0.985211
0.319739
0.469918
0.352547
0.919630
0.198842
0.841983
0.867864
0.692112
0.971541
0.645043
0.561522
0.762607
0.240516
0.386354
0.497050
0.104665
0.638522
0.595360
0.368250
0.782524
0.648233
0.427454
0.276459
0.271057
0.727918
0.866195
0.325501
0.820404
0.608558
0.441750
0.402461
0.187166
0.335136
0.725178
0.943846
0.176507
0.408268
0.304045
0.404174
0.569763
0.416978
0.048314
0.401997
0.789811
0.060876
0.899679
0.893217
0.205499
0.208829
0.430824
0.661565
0.655362
0.696937
0.696452
0.791295
0.922281
0.543365
0.491464
0.639647
0.592041
0.060758
0.137544
0.120168
0.541165
0.184401
0.433821
0.478383
0.019138
0.459057
0.536079
0.246191
0.697157
0.589304
0.337122
0.930150
0.664817
0.853806
0.440042
0.372976
0.166348
0.156938
0.008645
0.450266
0.112924
0.481923
0.193122
0.070831
0.304569
0.005431
0.576365
0.756086
0.796760
0.418638
0.642594
0.720519
0.389298
0.155095
0.970250
0.372127
0.469315
0.879317
0.639749
0.931493
0.061792
0.666641
0.527250
0.035311
0.319141
0.776185
0.141413
0.271097
0.690475
0.553385
0.723375
0.782714
0.759402
0.111827
0.352959
0.011406
0.319355
0.648438
0.027445
0.086140
0.494826
0.200530
0.453809
0.064175
0.926794
0.813950
0.831089
0.533640
0.767146
0.461449
0.015725
0.832027
0.000211
0.929245
0.338241
0.287535
0.382539
0.321894
0.008054
0.010197
0.624383
0.988281
0.194893
0.871786
0.351972
0.628447
0.825003
0.879670
0.454286
0.374146
0.506016
0.758523
0.698494
0.281350
0.626241
0.806439
0.285737
0.959355
0.721576
0.734288
0.614424
0.868433
0.965216
0.924227
0.280734
0.105539
0.677249
0.131056
0.218534
0.380400
0.794214
0.841867
0.792991
0.904656
0.847911
0.705320
0.229726
0.837639
0.555787
0.666672
0.520252
0.116148
0.613186
0.240532
0.471834
0.351430
0.801366
0.183977
0.927362
0.210557
0.044307
0.833917
0.664103
0.064347
0.131340
0.102089
0.369788
0.729879
0.400239
0.308206
0.404786
0.958973
0.784694
0.328077
0.289390
0.818517
0.168490
0.262022
0.738686
0.714446
0.463135
0.734929
0.322006
0.265988
0.102227
0.939696
0.901648
0.324566
0.700221
0.469491
0.842958
0.733583
0.290314
0.362003
0.755864
0.069093
0.280351
0.533221
0.381823
0.012020
0.169667
0.999455
0.610068
0.091465
0.297455
0.999455
0.168381
0.175635
0.358801
0.832848
0.152917
0.882430
0.199806
0.258456
0.762387
0.360997
0.618296
0.285901
0.439478
0.195291
0.581382
0.594376
0.063356
0.603881
0.832494
0.954259
0.397771
0.537347
0.922698
0.557859
0.212829
0.718319
0.674700
0.280019
0.673003
0.771358
0.555654
0.621912
0.355596
0.595037
0.144223
0.947856
0.591732
0.667235
0.506977
0.955770
0.880128
0.533849
0.465488
0.793981
0.114716
0.845359
0.163785
0.439335
0.977016
0.305680
0.621378
0.144727
0.994024
0.661725
0.273931
0.630855
0.357445
0.564648
0.415775
0.091678
0.280110
0.996669
0.628734
0.782153
0.304303
0.745120
0.999233
0.154409
0.432994
0.224360
0.657575
0.615860
0.321260
0.223832
0.901244
0.606781
0.118796
0.299455
0.514390
0.292968
0.956703
0.868065
0.283246
0.013327
0.318808
0.900175
0.055455
0.806632
0.909659
0.621020
0.383850
0.732081
0.642903
0.913831
0.395926
0.939520
0.773893
0.131148
0.926935
0.925527
0.722507
0.241162
0.489443
0.917125
0.744114
0.649839
0.458094
0.018680
0.260488
0.930118
0.400688
0.978329
0.794760
0.137776
0.120584
0.188878
0.736232
0.027576
0.385123
0.267106
0.247104
0.227950
0.303982
0.859253
0.903804
0.259196
0.053225
0.725648
0.014443
0.957778
0.387710
0.862012
0.079504
0.713062
0.528364
0.039283
0.657912
0.545081
0.792751
0.479596
0.792283
0.111890
0.608056
0.147448
0.446976
0.688723
0.514886
0.707587
0.666362
0.011563
0.007673
0.392577
0.898949
0.924516
0.241461
0.812681
0.420057
0.360395
0.803753
0.030150
0.770879
0.460567
0.051170
0.582305
0.598229
0.293983
0.700916
0.568247
0.194950
0.653518
0.562544
0.579446
0.107876
0.824671
0.721953
0.243829
0.585041
0.868220
0.231800
0.227012
0.797347
0.212573
0.115012
0.875595
0.097379
0.888156
0.304411
0.650512
0.209259
0.276809
0.184877
0.359599
0.802234
0.312499
0.697231
0.906110
0.245608
0.721004
0.137178
0.193970
0.316386
0.488002
0.829196
0.513085
0.810731
0.706309
0.874957
0.632911
0.457606
0.479937
0.128615
0.095484
0.543646
0.408105
0.006340
0.377785
0.512675
0.386168
0.623745
0.417223
0.515975
0.139263
0.110170
0.114470
0.959497
0.941913
0.670824
0.168173
0.255021
0.813226
0.563278
0.701263
0.951605
0.850148
0.489943
0.525712
0.653756
0.054395
0.958653
0.400498
0.559923
0.603574
0.764095
0.777006
0.250339
0.141199
0.338122
0.229648
0.671885
0.447460
0.999455
0.318588
0.162426
0.412611
0.376805
0.705955
0.253381
0.483027
0.755404
0.383411
0.016161
0.544865
0.783781
0.753573
0.571194
0.611918
0.236006
0.838736
0.850059
0.277286
0.800354
0.319162
0.612093
0.051248
0.410656
0.131621
0.643535
0.893136
0.713897
0.673329
0.561084
0.294901
0.490254
0.066150
0.042442
0.015478
0.384275
0.059368
0.892752
0.113198
0.198791
0.017509
0.960995
0.692558
0.753929
0.969736
0.693495
0.258927
0.538395
0.556126
0.254803
0.294339
0.804679
0.482609
0.345896
0.960604
0.968886
0.051239
0.026879
0.580354
0.363941
0.148349
0.911237
0.917169
0.115550
0.604564
0.681070
0.494382
0.826738
0.863954
0.101474
0.026880
0.137253
0.862992
0.945805
0.556893
0.741716
0.793700
0.824770
0.695465
0.161063
0.051213
0.918155
0.385372
0.559962
0.108018
0.600220
0.024645
0.284406
0.950945
0.724144
0.875587
0.664760
0.120315
0.667648
0.481951
0.054778
0.532878
0.655861
0.923526
0.088503
0.302757
0.367420
0.296320
0.696610
0.520759
0.629340
0.258152
0.079813
0.657210
0.332942
0.811239
0.701406
0.333977
0.509326
0.989337
0.909514
0.006348
0.225086
0.858273
0.367085
0.615767
0.267924
0.603222
0.998443
0.702591
0.143008
0.888633
0.959065
0.908672
0.083812
0.858970
0.613137
0.528887
0.469901
0.868959
0.933977
0.987092
0.347049
0.106278
0.007333
0.935472
0.754939
0.309832
0.658098
0.898786
0.111708
0.952215
0.987727
0.220612
0.294259
0.001560
0.012583
0.902919
0.834417
0.458865
0.451842
0.320940
0.354032
0.081605
0.206244
0.221724
0.251579
0.149956
0.483901
0.528383
0.477755
0.951557
0.014120
0.846126
0.981411
0.545056
0.101441
0.195773
0.037634
0.298888
0.526280
0.552623
0.889104
0.724128
0.721012
0.332121
0.126464
0.059730
0.326252
0.799506
0.424302
0.303142
0.855612
0.671136
0.041693
0.583797
0.822207
0.274951
0.029753
0.673132
0.469622
0.822944
0.987355
0.531039
0.226462
0.567793
0.328360
0.170516
0.798810
0.239080
0.212370
0.142002
0.420086
0.723762
0.123047
0.005674
0.293598
0.934698
0.615185
0.479862
0.649373
0.335706
0.289713
0.279708
0.663079
0.219544
0.875049
0.041941
0.679611
0.295837
0.408230
0.265995
0.785399
0.090624
0.419208
0.782055
0.679101
0.411239
0.459807
0.323556
0.506915
0.434605
0.003088
0.072346
0.722518
0.750926
0.121222
0.343472
0.078161
0.776858
0.367062
0.464309
0.387739
0.853412
0.107301
0.507474
0.168966
0.746668
0.338664
0.283542
0.182436
0.501390
0.100420
0.691946
0.119049
0.426953
0.290266
0.111262
0.391068
0.433698
0.582246
0.756779
0.805177
0.847336
0.868042
0.067996
0.262654
0.652912
0.496973
0.174939
0.531302
0.071958
0.148885
0.520845
0.242582
0.130350
0.397393
0.097061
0.567952
0.433667
0.803624
0.385576
0.976777
0.555125
0.582069
0.810169
0.067085
0.189301
0.042131
0.588324
0.536926
0.104844
0.891464
0.875551
0.235949
0.658539
0.975112
0.488993
0.520217
0.878677
0.319909
0.822269
0.553867
0.476318
0.143177
0.149515
0.343842
0.859659
0.689248
0.241464
0.353081
0.991844
0.282139
0.254903
0.066769
0.600647
0.467385
0.430736
0.548790
0.596020
0.684603
0.263628
0.343709
0.026610
0.923341
0.053280
0.185340
0.379229
0.610705
0.976114
0.092851
0.537904
0.637599
0.935647
0.816114
0.235304
0.512372
0.166222
0.785782
0.984950
0.932401
0.130939
0.554011
0.335100
0.365754
0.220400
0.037467
0.064187
0.051306
0.720916
0.917477
0.794478
0.155490
0.872727
0.140211
0.258473
0.900739
0.520911
0.353894
0.356610
0.522260
0.111362
0.778468
0.612028
0.868369
0.885671
0.547720
0.997391
0.771588
0.163017
0.064946
0.390820
0.654103
0.192112
0.065111
0.545355
0.847137
0.136814
0.682866
0.033745
0.189080
0.296709
0.049831
0.683869
0.495758
0.427488
0.058614
0.748213
0.576494
0.330641
0.317102
0.073482
0.694337
0.340178
0.215646
0.645732
0.565183
0.604998
0.292634
0.796183
0.469993
0.605118
0.920460
0.448846
0.362856
0.151296
0.313397
0.880944
0.525471
0.500328
0.660139
0.530244
0.610445
0.519205
0.844799
0.321268
0.580578
0.193975
0.888460
0.368132
0.072493
0.893851
0.675763
0.740615
0.058302
0.655374
0.843754
0.418919
0.050623
0.379206
0.128772
0.700409
0.680764
0.064643
0.076676
0.919044
0.698041
0.422041
0.516315
0.577975
0.695440
0.075852
0.629745
0.232236
0.302660
0.822554
0.988215
0.968111
0.826084
0.557036
0.582972
0.056753
0.214853
0.593259
0.296189
0.682101
0.635609
0.542775
0.421135
0.099143
0.422965
0.086876
0.852559
0.631883
0.799642
0.091063
0.388165
0.706795
0.825636
0.316891
0.779368
0.194662
0.819800
0.536031
0.672878
0.431065
0.014619
0.241156
0.432253
0.054639
0.954723
0.271619
0.917714
0.565976
0.865183
0.969293
0.140252
0.013662
0.614675
0.688589
0.158349
0.374513
0.433341
0.388891
0.628309
0.851442
0.152076
0.218371
0.887044
0.975241
0.580037
0.583364
0.533580
0.998620
0.635556
0.611974
0.486266
0.716511
0.074561
0.999455
0.149558
0.352145
0.999455
0.292650
0.801591
0.313715
0.747951
0.980677
0.185274
0.113936
0.861345
0.948495
0.114133
0.067068
0.734004
0.366959
0.602456
0.612838
0.908967
0.608979
0.232659
0.113151
0.851962
0.764154
0.812819
0.897135
0.943721
0.255690
0.854298
0.892897
0.173923
0.120649
0.243290
0.324216
0.285000
0.840540
0.740202
0.841991
0.273940
0.839240
0.933765
0.388729
0.362953
0.078443
0.618717
0.726619
0.997678
0.111349
0.982622
0.484611
0.811005
0.834320
0.063599
0.058256
0.722455
0.881547
0.870944
0.410399
0.332678
0.314263
0.898518
0.625659
0.159643
0.185380
0.169326
0.743369
0.171558
0.731140
0.951533
0.380504
0.859794
0.918945
0.012998
0.828232
0.105981
0.205230
0.999756
0.123228
0.408011
0.757846
0.081536
0.839929
0.201589
0.292180
0.752064
0.476047
0.842984
0.946057
0.638810
0.187715
0.085130
0.215728
0.604438
0.318399
0.097755
0.021952
0.476887
0.429090
0.251943
0.255442
0.633988
0.015670
0.243663
0.239135
0.364435
0.857217
0.887302
0.190491
0.683908
0.211128
0.021112
0.473929
0.825786
0.014388
0.868357
0.760743
0.060573
0.294052
0.561631
0.789283
0.771116
0.566672
0.018646
0.166672
0.125714
0.720391
0.345425
0.546545
0.661324
0.251266
0.311199
0.323728
0.886773
0.965125
0.296942
0.021994
0.522993
0.978186
0.559028
0.427160
0.455019
0.845695
0.498189
0.894165
0.229427
0.631793
0.193302
0.589358
0.201011
0.091572
0.295372
0.720979
0.033086
0.675283
0.009801
0.361559
0.365659
0.764567
0.589147
0.622329
0.372821
0.312618
0.263254
0.845346
0.782618
0.457699
0.832100
0.824235
0.486152
0.707506
0.206942
0.836650
0.233960
0.117438
0.709278
0.504821
0.332426
0.597900
0.111474
0.026020
0.796031
0.844890
0.648460
0.510352
0.777007
0.577102
0.951907
0.703761
0.336093
0.135970
0.196518
0.981189
0.899760
0.338926
0.326424
0.687054
0.092842
0.718862
0.906602
0.742998
0.672910
0.304499
0.762532
0.298499
0.015081
0.439050
0.708065
0.477696
0.103949
0.262127
0.378293
0.181576
0.242787
0.527951
0.776894
0.191570
0.258600
0.959299
0.896344
0.538325
0.793548
0.070667
0.689106
0.344663
0.366937
0.987229
0.257516
0.018081
0.164769
0.561632
0.122933
0.195974
0.472581
0.793508
0.548611
0.973440
0.178295
0.103886
0.577805
0.453173
0.810497
0.247238
0.645440
0.130647
0.979020
0.068505
0.498984
0.193494
0.293245
0.613711
0.877477
0.896442
0.652811
0.885145
0.575437
0.417383
0.124644
0.700932
0.423142
0.243386
0.451478
0.082958
0.424707
0.775742
0.883437
0.778931
0.258536
0.366234
0.103796
0.743089
0.648330
0.772486
0.348884
0.446991
0.845351
0.649265
0.151485
0.159726
0.652010
0.293626
0.752039
0.960860
0.921171
0.751644
0.677810
0.736162
0.870944
0.040070
0.996429
0.709233
0.257902
0.114775
0.193902
0.965570
0.888870
0.678331
0.741190
0.553221
0.869021
0.150227
0.814118
0.763177
0.584153
0.659210
0.044055
0.691758
0.384298
0.089235
0.186718
0.427290
0.194974
0.896275
0.397706
0.866937
0.736901
0.787721
0.949847
0.111077
0.324335
0.640892
0.382114
0.378636
0.460475
0.250882
0.755272
0.885294
0.014006
0.205993
0.037325
0.717086
0.459249
0.742336
0.160597
0.999756
0.224585
0.849966
0.411754
0.582112
0.644072
0.889210
0.764153
0.451935
0.557449
0.134947
0.560347
0.003756
0.593452
0.178348
0.613171
0.548643
0.984620
0.420518
0.555107
0.903617
0.675887
0.014347
0.107901
0.523844
0.004724
0.844201
0.827271
0.777288
0.127323
0.707467
0.934815
0.937814
0.009445
0.174349
0.386030
0.990385
0.292255
0.222492
0.691578
0.147474
0.734518
0.298950
0.153032
0.501682
0.878215
0.878441
0.397899
0.090270
0.474559
0.835540
0.814972
0.349367
0.915681
0.797848
0.972317
0.687071
0.552149
0.412863
0.228414
0.325828
0.430958
0.755375
0.763301
0.447179
0.489605
0.584069
0.511590
0.730192
0.901080
0.281545
0.182940
0.994292
0.627806
0.084212
0.527245
0.645519
0.840077
0.927225
0.420275
0.961759
0.951072
0.241443
0.498674
0.838860
0.364961
0.488004
0.108732
0.028694
0.610503
0.791755
0.007963
0.127546
0.307567
0.724944
0.688352
0.785528
0.090309
0.131318
0.600998
0.893923
0.374899
0.699226
0.038483
0.628301
0.132609
0.168334
0.668157
0.363373
0.015904
0.263023
0.760281
0.985500
0.425766
0.408080
0.182694
0.286832
0.026648
0.517464
0.260861
0.879487
0.669774
0.720176
0.260650
0.789107
0.518591
0.160910
0.532122
0.116549
0.959327
0.396347
0.356710
0.358209
0.686229
0.606745
0.227245
0.285367
0.471116
0.609842
0.229759
0.258483
0.840619
0.549763
0.316582
0.223146
0.206554
0.234366
0.599996
0.051729
0.424333
0.303726
0.252084
0.681946
0.024494
0.170814
0.676279
0.405585
0.191162
0.720014
0.185675
0.594705
0.400706
0.864272
0.457960
0.957353
0.420405
0.828330
0.371888
0.601210
0.271726
0.571672
0.909828
0.684017
0.940869
0.515208
0.438822
0.348746
0.685806
0.436714
0.612673
0.392134
0.999455
0.306497
0.733948
0.530416
0.538591
0.797839
0.897115
0.719246
0.266073
0.327587
0.442458
0.666099
0.060530
0.751088
0.612488
0.824726
0.628817
0.712621
0.635870
0.266764
0.894451
0.868867
0.664741
0.360839
0.612293
0.300893
0.837264
0.252357
0.896970
0.789512
0.854382
0.522088
0.752652
0.080763
0.087019
0.316694
0.406351
0.959212
0.465124
0.571301
0.879337
0.095851
0.859105
0.349820
0.983775
0.778911
0.073109
0.402142
0.490749
0.100776
0.512973
0.039016
0.502425
0.840497
0.264133
0.038248
0.980381
0.323800
0.269767
0.374118
0.573849
0.182780
0.200262
0.882072
0.479769
0.194128
0.974071
0.981093
0.409467
0.813207
0.578273
0.999756
0.718984
0.433062
0.459146
0.104131
0.999756
0.098557
0.119129
0.617191
0.283800
0.931305
0.019161
0.607302
0.379497
0.045795
0.685395
0.697683
0.344919
0.149729
0.506111
0.268793
0.822216
0.388426
0.134849
0.597702
0.351709
0.894128
0.045624
0.368981
0.170179
0.989165
0.121322
0.511449
0.065603
0.339683
0.570739
0.046865
0.233661
0.972597
0.002605
0.728548
0.162917
0.981609
0.786790
0.815087
0.993922
0.284508
0.848020
0.799393
0.208045
0.878408
0.069671
0.900787
0.294096
0.643684
0.947465
0.154079
0.088935
0.639822
0.297821
0.192787
0.900516
0.332449
0.574859
0.944015
0.391098
0.902972
0.925037
0.221932
0.351709
0.379493
0.859445
0.339245
0.247999
0.246250
0.561161
0.737195
0.308146
0.441478
0.187794
0.072080
0.485880
0.540309
0.256421
0.169628
0.130508
0.786590
0.597403
0.669041
0.380152
0.629083
0.582654
0.599475
0.147622
0.223637
0.129640
0.558203
0.058212
0.971037
0.470846
0.758777
0.527356
0.604471
0.085354
0.077920
0.520117
0.451934
0.599411
0.112527
0.834681
0.655429
0.570822
0.345515
0.403765
0.005188
0.931300
0.165916
0.250741
0.365201
0.634791
0.970890
0.995308
0.944440
0.770531
0.843485
0.035184
0.971917
0.679177
0.720128
0.578262
0.025297
0.449919
0.077948
0.141127
0.751469
0.676624
0.448025
0.026311
0.209216
0.471758
0.632231
0.938078
0.311981
0.047411
0.926111
0.575085
0.902342
0.601904
0.657745
0.762725
0.946039
0.836308
0.594087
0.957197
0.085639
0.065185
0.565150
0.500946
0.782710
0.086810
0.757704
0.552621
0.239984
0.606270
0.450869
0.606533
0.015569
0.035771
0.345009
0.892991
0.300918
0.765078
0.583353
0.882995
0.360880
0.945782
0.015477
0.763696
0.052586
0.269532
0.307590
0.706425
0.691508
0.446160
0.046854
0.450842
0.137320
0.970930
0.174571
0.030329
0.799511
0.261847
0.463174
0.589439
0.732480
0.238394
0.144466
0.524583
0.102763
0.742007
0.741469
0.647924
0.607269
0.188834
0.347951
0.128350
0.457447
0.805639
0.671932
0.829930
0.911947
0.557576
0.119663
0.646738
0.717983
0.789359
0.873136
0.716340
0.833044
0.412260
0.840969
0.386127
0.719947
0.825550
0.888618
0.153950
0.575374
0.278824
0.546259
0.709383
0.598942
0.786565
0.040267
0.350823
0.167769
0.583347
0.257677
0.367579
0.428245
0.651573
0.814993
0.360212
0.527078
0.617249
0.617742
0.566470
0.699484
0.956212
0.941547
0.188125
0.731954
0.505789
0.587504
0.834315
0.486051
0.866966
0.653645
0.285686
0.722655
0.327759
0.519920
0.282963
0.788102
0.772860
0.595621
0.032522
0.879764
0.330410
0.303831
0.814979
0.560965
0.106315
0.772827
0.480256
0.502393
0.310661
0.253463
0.641752
0.275417
0.393159
0.573601
0.109064
0.814273
0.484538
0.991559
0.365937
0.548762
0.288595
0.230694
0.649445
0.783087
0.153690
0.241302
0.452447
0.419771
0.581503
0.902157
0.942751
0.333742
0.666244
0.202883
0.238151
0.218534
0.843825
0.872680
0.351865
0.478915
0.171241
0.545087
0.317546
0.703898
0.564830
0.898923
0.390965
0.189426
0.274567
0.990499
0.415094
0.206637
0.241908
0.811725
0.519441
0.841658
0.122232
0.764941
0.130178
0.925651
0.000147
0.951937
0.106501
0.285348
0.396800
0.317460
0.236531
0.277436
0.882240
0.574263
0.853316
0.624848
0.641491
0.446725
0.232641
0.295745
0.988390
0.004824
0.458553
0.700525
0.223943
0.292893
0.573028
0.518787
0.152710
0.083311
0.030936
0.994269
0.117817
0.571018
0.462459
0.585484
0.818189
0.259453
0.688982
0.264119
0.515406
0.932809
0.266021
0.890256
0.216646
0.646119
0.943346
0.637863
0.088102
0.448049
0.477679
0.117455
0.873163
0.357778
0.831225
0.163961
0.484063
0.895208
0.798292
0.292024
0.836340
0.583129
0.365044
0.930504
0.393593
0.842794
0.201242
0.142132
0.886305
0.054587
0.669178
0.818940
0.222753
0.388719
0.909705
0.072443
0.291710
0.884946
0.208729
0.759112
0.094398
0.904452
0.974278
0.893391
0.475087
0.142872
0.763402
0.995715
0.543311
0.203970
0.623022
0.642237
0.202722
0.034039
0.267302
0.363574
0.888321
0.224519
0.758175
0.365876
0.640837
0.143546
0.321995
0.900211
0.849233
0.566924
0.894672
0.613286
0.814147
0.877902
0.095445
0.298947
0.530131
0.097693
0.475246
0.319131
0.043864
0.719005
0.999455
0.443938
0.413064
0.263396
0.855296
0.629981
0.051254
0.190376
0.433138
0.374398
0.497341
0.809801
0.327862
0.067939
0.593016
0.937761
0.009001
0.878737
0.179608
0.233962
0.354918
0.811117
0.405033
0.307871
0.323446
0.174369
0.898618
0.527000
0.685881
0.302423
0.217910
0.805348
0.251329
0.890959
0.966041
0.588493
0.277592
0.470282
0.455541
0.977192
0.826930
0.517412
0.370882
0.110445
0.882214
0.063222
0.283039
0.150752
0.777759
0.701341
0.680037
0.739513
0.840353
0.532727
0.591963
0.301695
0.985013
0.958190
0.461224
0.930651
0.006382
0.582371
0.301741
0.552546
0.574502
0.835241
0.926992
0.103624
0.841337
0.816667
0.237982
0.422485
0.157561
0.999756
0.462612
0.505772
0.535901
0.582259
0.198980
0.662973
0.269761
0.683192
0.127436
0.570196
0.571895
0.097002
0.641053
0.321384
0.826709
0.939920
0.639186
0.538012
0.395339
0.309164
0.701420
0.576192
0.682884
0.869077
0.015739
0.686550
0.857551
0.619408
0.034181
0.882382
0.950174
0.752184
0.768141
0.672388
0.782891
0.632397
0.160547
0.054612
0.436942
0.436846
0.141189
0.258849
0.442660
0.482781
0.728781
0.098286
0.214923
0.698361
0.192782
0.052057
0.854318
0.002032
0.242427
0.875042
0.162049
0.336244
0.742551
0.817928
0.683582
0.057990
0.447226
0.059300
0.895003
0.936692
0.934355
0.494439
0.104086
0.808185
0.667690
0.306369
0.566803
0.438018
0.117194
0.149260
0.265248
0.360925
0.953677
0.110232
0.285011
0.685932
0.677840
0.862344
0.033553
0.434812
0.935351
0.480488
0.405163
0.059077
0.355872
0.836294
0.405938
0.047789
0.791786
0.313072
0.671820
0.982530
0.438103
0.954324
0.446053
0.050993
0.714041
0.168199
0.116118
0.728062
0.064267
0.516380
0.765121
0.450616
0.687858
0.101643
0.774028
0.324710
0.679600
0.988471
0.458712
0.932674
0.334254
0.221790
0.663495
0.671811
0.442381
0.298498
0.019212
0.820980
0.928078
0.765044
0.051459
0.058931
0.135727
0.503881
0.070845
0.857837
0.565206
0.696026
0.853238
0.253174
0.842871
0.542003
0.820071
0.699863
0.768396
0.146616
0.037058
0.114179
0.323910
0.253994
0.878774
0.868058
0.609884
0.409268
0.155514
0.340648
0.679412
0.945622
0.601101
0.081652
0.685653
0.695136
0.593542
0.439566
0.502530
0.416042
0.276918
0.439435
0.001901
0.456423
0.808986
0.340316
0.306206
0.645905
0.445787
0.790234
0.028547
0.754967
0.747129
0.250715
0.565772
0.190813
0.234988
0.855839
0.837729
0.621258
0.454134
0.370534
0.239701
0.774357
0.983515
0.235152
0.377045
0.731878
0.500698
0.940378
0.122496
0.616955
0.491142
0.327474
0.527925
0.899262
0.536151
0.809856
0.843634
0.672466
0.027517
0.465806
0.668808
0.521251
0.778732
0.258778
0.755226
0.174034
0.750933
0.147701
0.000919
0.294314
0.615254
0.198658
0.348488
0.713854
0.419787
0.191643
0.901253
0.335408
0.406370
0.119133
0.205345
0.498575
0.231906
0.931100
0.042985
0.398334
0.177571
0.224925
0.826447
0.432752
0.297815
0.186334
0.967824
0.816749
0.774927
0.133825
0.980587
0.287290
0.643670
0.725738
0.207965
0.018174
0.658133
0.274676
0.492959
0.408042
0.747969
0.243879
0.937072
0.073449
0.596222
0.459597
0.630937
0.211726
0.443314
0.542619
0.480358
0.459937
0.842813
0.777496
0.455983
0.102064
0.560391
0.604632
0.833143
0.024418
0.898047
0.496941
0.689012
0.418540
0.955983
0.595267
0.625350
0.032968
0.713374
0.327640
0.784030
0.603415
0.550226
0.519199
0.726261
0.190240
0.163141
0.980030
0.021024
0.939629
0.700479
0.292431
0.909401
0.599429
0.793444
0.311181
0.514082
0.972963
0.660051
0.368184
0.691804
0.816821
0.263991
0.261196
0.084427
0.086328
0.009720
0.776866
0.624956
0.431193
0.522738
0.519663
0.970481
0.642285
0.808326
0.505750
0.946564
0.968451
0.595824
0.946890
0.338331
0.651898
0.785906
0.553168
0.602902
0.385759
0.936895
0.980746
0.515891
0.063758
0.198731
0.744966
0.220784
0.977015
0.560115
0.309710
0.802783
0.496519
0.980228
0.497626
0.646339
0.162932
0.680255
0.986287
0.605422
0.561511
0.555216
0.152910
0.174570
0.384056
0.300970
0.892266
0.513000
0.839011
0.136975
0.293060
0.569278
0.153955
0.128926
0.048346
0.765006
0.082468
0.497622
0.573488
0.417270
0.262415
0.346716
0.685442
0.364666
0.329499
0.091874
0.081621
0.273848
0.144838
0.151489
0.263578
0.865120
0.296689
0.022702
0.045947
0.438412
0.554177
0.559053
0.736530
0.596362
0.727241
0.664510
0.878513
0.049613
0.885590
0.784675
0.316476
0.810960
0.246243
0.805397
0.037054
0.508794
0.811620
0.542104
0.792702
0.905246
0.757842
0.934668
0.039606
0.028586
0.287076
0.851376
0.101942
0.520148
0.491814
0.785211
0.154888
0.360322
0.477905
0.413704
0.335295
0.942060
0.474062
0.442447
0.825916
0.479542
0.757214
0.298306
0.697645
0.809062
0.456269
0.252518
0.762247
0.203195
0.594215
0.591282
0.110370
0.681569
0.194452
0.401976
0.857919
0.375216
0.938240
0.780681
0.166650
0.558902
0.414411
0.399659
0.657607
0.389015
0.570073
0.994672
0.011011
0.914517
0.844022
0.768595
0.002656
0.415980
0.856750
0.771251
0.420765
0.282566
0.328123
0.051655
0.741624
0.778437
0.403538
0.818200
0.916849
0.857198
0.271170
0.749327
0.986616
0.443607
0.248239
0.221025
0.125094
0.963440
0.476135
0.041403
0.337135
0.621929
0.488018
0.774387
0.846261
0.624741
0.865084
0.096492
0.777354
0.928690
0.567867
0.549043
0.374258
0.787195
0.577617
0.444178
0.580634
0.512264
0.892413
0.461620
0.526724
0.064190
0.547845
0.274314
0.526813
0.965333
0.949150
0.488525
0.620749
0.137679
0.858839
0.636294
0.053188
0.717303
0.751294
0.258118
0.238789
0.193484
0.965436
0.338349
0.619327
0.956700
0.122318
0.066749
0.085889
0.978006
0.262092
0.892764
0.568758
0.951701
0.151859
0.894565
0.539145
0.242425
0.451887
0.117591
0.117258
0.925005
0.054038
0.746012
0.633866
0.487929
0.746109
0.988815
0.787910
0.396097
0.654363
0.607718
0.218239
0.041732
0.090771
0.039095
0.647260
0.129560
0.820241
0.502986
0.839309
0.578594
0.377194
0.020078
0.074858
0.522400
0.332760
0.527368
0.597929
0.256270
0.948271
0.684958
0.520111
0.426450
0.973750
0.373856
0.728876
0.655772
0.660274
0.406323
0.765840
0.033761
0.972257
0.698969
0.024621
0.708551
0.302033
0.921510
0.627102
0.553447
0.418443
0.742541
0.427320
0.752649
0.309112
0.793563
0.766758
0.977824
0.810512
0.894305
0.163381
0.788597
0.440028
0.190547
0.405948
0.273742
0.551670
0.399376
0.688511
0.903289
0.404874
0.319379
0.148094
0.841846
0.959197
0.112515
0.448481
0.696269
0.353637
0.302459
0.919178
0.062107
0.186633
0.147578
0.041863
0.377845
0.392289
0.456314
0.155030
0.188285
0.392628
0.423835
0.795832
0.012136
0.399189
0.821095
0.837989
0.767062
0.516452
0.484848
0.034656
0.150623
0.112609
0.148169
0.800769
0.139453
0.140198
0.558397
0.432809
0.843003
0.752151
0.880208
0.874521
0.432650
0.131644
0.637446
0.800714
0.722084
0.822596
0.704053
0.961011
0.769814
0.069322
0.392423
0.450896
0.538172
0.228209
0.021316
0.955530
0.213416
0.852715
0.974102
0.935902
0.165891
0.898747
0.665028
0.637561
0.214538
0.395623
0.234172
0.436651
0.722535
0.795449
0.392845
0.180422
0.066177
0.889610
0.577072
0.410914
0.022076
0.175982
0.608191
0.809030
0.052886
0.807057
0.561962
0.286446
0.142598
0.851854
0.400365
0.356613
0.652186
0.589709
0.497721
0.001833
0.407441
0.620008
0.103046
0.036607
0.275045
0.838725
0.616634
0.060445
0.571523
0.092340
0.647792
0.655200
0.633265
0.786117
0.973951
0.468903
0.205769
0.525280
0.470765
0.439262
0.599970
0.885061
0.000785
0.481310
0.769290
0.539557
0.759390
0.679895
0.295531
0.507947
0.636825
0.464023
0.018447
0.238909
0.260778
0.831542
0.989898
0.986143
0.187123
0.433075
0.244061
0.062653
0.422406
0.992193
0.184279
0.564322
0.483736
0.897382
0.068109
0.706322
0.310808
0.066378
0.808975
0.274815
0.588279
0.565686
0.310850
0.458246
0.740194
0.885754
0.183632
0.263813
0.145456
0.243756
0.473854
0.293587
0.353044
0.376777
0.119827
0.721374
0.590432
0.860647
0.693586
0.917800
0.735676
0.952957
0.224547
0.281039
0.724413
0.018889
0.971673
0.079931
0.883459
0.008465
0.991433
0.562505
0.703080
0.763272
0.666672
0.455638
0.594968
0.736598
0.554774
0.432131
0.231548
0.406463
0.379661
0.973080
0.357817
0.186994
0.738040
0.551213
0.727303
0.236978
0.482120
0.621805
0.991021
0.509699
0.254359
0.870799
0.399072
0.766099
0.619606
0.545504
0.729641
0.712097
0.610657
0.914449
0.594872
0.845120
0.578367
0.574002
0.577136
0.976404
0.430280
0.966706
0.396501
0.502878
0.924554
0.298091
0.609218
0.650861
0.540740
0.655161
0.280523
0.715808
0.816863
0.332803
0.490168
0.436919
0.273825
0.877872
0.727277
0.528835
0.353437
0.550470
0.758476
0.047679
0.994649
0.585487
0.939777
0.995202
0.742521
0.794390
0.453288
0.709474
0.914285
0.578833
0.333345
0.296910
0.483876
0.907202
0.386588
0.318965
0.747486
0.227801
0.174608
0.144729
0.614128
0.825004
0.818136
0.852272
0.752571
0.856261
0.685021
0.137806
0.654218
0.999054
0.211134
0.750582
0.134888
0.470343
0.079338
0.187705
0.700804
0.511342
0.636204
0.478398
0.708350
0.533778
0.383489
0.380242
0.875946
0.698577
0.999672
0.015966
0.091395
0.614142
0.469082
0.760832
0.090615
0.391128
0.599307
0.206649
0.564276
0.937668
0.553282
0.485058
0.287513
0.759208
0.056560
0.382908
0.033955
0.197954
0.443093
0.576031
0.007418
0.238051
0.438973
0.541257
0.340931
0.365223
0.052079
0.173639
0.770722
0.577116
0.869878
0.026965
0.399192
0.737936
0.185354
0.648079
0.382041
0.725314
0.124595
0.223481
0.386057
0.067421
0.275172
0.281144
0.600734
0.525004
0.383282
0.619468
0.393004
0.268770
0.654750
0.393531
0.173893
0.042002
0.950207
0.848024
0.611677
0.007679
0.081940
0.814980
0.750800
0.557091
0.107645
0.608095
0.261100
0.322961
0.567183
0.456381
0.689094
0.286487
0.349703
0.287255
0.062697
0.408376
0.121675
0.190521
0.687123
0.460351
0.438597
0.708493
0.999500
0.444014
0.821949
0.865943
0.891221
0.211085
0.030354
0.216197
0.750583
0.846878
0.586111
0.434007
0.524768
0.470244
0.085899
0.071329
0.290574
0.407268
0.274742
0.882409
0.450755
0.642202
0.764479
0.781254
0.435713
0.412787
0.165983
0.654644
0.916228
0.643073
0.256215
0.153494
0.292239
0.923949
0.509618
0.635563
0.029341
0.650162
0.929088
0.205645
0.791983
0.188118
0.738980
0.313797
0.792894
0.029352
0.509599
0.193508
0.473882
0.650408
0.012267
0.412114
0.044940
0.292956
0.633365
0.874513
0.137276
0.062141
0.066421
0.474319
0.331360
0.252225
0.049068
0.477016
0.672629
0.704022
0.896931
0.197121
0.913963
0.508119
0.023816
0.192675
0.663384
0.642591
0.526007
0.438945
0.265165
0.997267
0.481382
0.699586
0.109526
0.933618
0.089315
0.824969
0.516504
0.476964
0.106939
0.257994
0.848966
0.774970
0.657978
0.698724
0.413209
0.593849
0.072789
0.298374
0.947253
0.794098
0.617846
0.845385
0.380734
0.535376
0.179257
0.143317
0.489152
0.931670
0.052046
0.930471
0.331664
0.211424
0.063302
0.570095
0.837510
0.752977
0.415598
0.959932
0.832579
0.455407
0.704548
0.329981
0.525374
0.482617
0.852414
0.273689
0.210437
0.869973
0.754350
0.493288
0.516696
0.615572
0.785253
0.634483
0.106753
0.671868
0.228130
0.585824
0.609028
0.609171
0.908255
0.867447
0.885298
0.213808
0.834655
0.922828
0.258448
0.905537
0.429424
0.243121
0.165258
0.778152
0.668037
0.330693
0.082549
0.372989
0.346972
0.377675
0.586769
0.497965
0.159169
0.574663
0.741653
0.187487
0.698698
0.848939
0.719428
0.365500
0.072928
0.282401
0.811503
0.201580
0.097602
0.995340
0.796858
0.986403
0.695913
0.968741
0.642519
0.968414
0.459725
0.477216
0.701624
0.029933
0.686577
0.926116
0.051288
0.802263
0.641686
0.135980
0.334732
0.711217
0.105583
0.248098
0.009300
0.564614
0.735716
0.486431
0.182672
0.121064
0.908789
0.100141
0.282027
0.266250
0.018970
0.821069
0.542435
0.292104
0.168733
0.542074
0.228266
0.070857
0.021682
0.392577
0.481122
0.557009
0.492577
0.741054
0.695269
0.874573
0.865271
0.471659
0.191732
0.765283
0.025412
0.291622
0.139517
0.318499
0.926753
0.252268
0.960451
0.779626
0.067457
0.581187
0.766064
0.867569
0.009846
0.594796
0.483175
0.121095
0.442074
0.704691
0.611234
0.459276
0.545942
0.460076
0.760272
0.674283
0.828694
0.341396
0.094030
0.189654
0.909621
0.280784
0.425328
0.999500
0.145979
0.695903
0.081298
0.561481
0.713673
0.565587
0.457669
0.028388
0.982343
0.712109
0.446991
0.971089
0.947611
0.678414
0.297373
0.742697
0.414402
0.924639
0.722458
0.355249
0.041430
0.465651
0.404733
0.852896
0.285941
0.165606
0.690787
0.258467
0.372888
0.618696
0.319801
0.504069
0.966060
0.511089
0.246919
0.013677
0.391873
0.077262
0.238402
0.641008
0.774674
0.392505
0.038844
0.255637
0.409423
0.800777
0.064921
0.862691
0.481990
0.328922
0.896792
0.606486
0.191753
0.346584
0.808701
0.388286
0.512883
0.905429
0.805102
0.086783
0.811165
0.837305
0.567658
0.142608
0.108334
0.061854
0.441164
0.612942
0.735983
0.199541
0.521467
0.948399
0.960738
0.102812
0.593898
0.843379
0.890688
0.699628
0.504088
0.386102
0.823308
0.530500
0.531078
0.630774
0.385198
0.789489
0.841660
0.048720
0.295929
0.835818
0.610388
0.426738
0.798754
0.106661
0.226705
0.680174
0.410720
0.761342
0.123448
0.167785
0.309159
0.147395
0.453348
0.039992
0.780223
0.271346
0.525107
0.447868
0.582134
0.650261
0.860655
0.285454
0.929516
0.529504
0.832167
0.152884
0.178328
0.090025
0.322469
0.204287
0.010717
0.594078
0.076265
0.196365
0.297036
0.887584
0.582039
0.766753
0.394213
0.293324
0.264987
0.553266
0.955977
0.991589
0.658453
0.195465
0.645648
0.840552
0.343368
0.440049
0.205472
0.380892
0.949383
0.074495
0.131040
0.188666
0.154775
0.234443
0.693163
0.774322
0.520802
0.936367
0.944592
0.908224
0.375753
0.567078
0.831927
0.415274
0.909354
0.276218
0.024652
0.500970
0.843736
0.949856
0.978912
0.223469
0.566724
0.046947
0.212894
0.532479
0.609646
0.332238
0.407650
0.874755
0.847835
0.387392
0.620247
0.782974
0.429192
0.096785
0.447965
0.482134
0.185917
0.627569
0.990184
0.774572
0.257315
0.219144
0.979935
0.507263
0.807433
0.500756
0.795938
0.536115
0.629517
0.625269
0.498419
0.331474
0.018583
0.971688
0.572816
0.313468
0.601934
0.180069
0.213709
0.558913
0.742535
0.163390
0.470216
0.123542
0.178823
0.236765
0.121611
0.611701
0.602786
0.532131
0.210069
0.584532
0.881736
0.265109
0.662804
0.508089
0.432980
0.700764
0.559354
0.332737
0.308981
0.759256
0.496598
0.889357
0.647230
0.215195
0.063963
0.558065
0.197056
0.402413
0.038221
0.379788
0.427471
0.936944
0.149597
0.755698
0.627584
0.335535
0.751556
0.226339
0.175558
0.826792
0.772531
0.700629
0.623856
0.341197
0.750758
0.577166
0.491299
0.420889
0.046050
0.646010
0.450430
0.811375
0.044464
0.656134
0.538276
0.244840
0.206384
0.412149
0.467321
0.519256
0.755330
0.265415
0.954946
0.733318
0.033571
0.731296
0.397137
0.460306
0.865400
0.722742
0.038367
0.642140
0.758420
0.981745
0.339135
0.366686
0.474333
0.874494
0.008289
0.697500
0.453152
0.967452
0.808467
0.931728
0.212803
0.187746
0.666728
0.833938
0.256526
0.855278
0.492009
0.307559
0.327385
0.474406
0.938770
0.069654
0.410892
0.455240
0.293966
0.059061
0.046040
0.761006
0.193486
0.574414
0.339095
0.757569
0.595073
0.471237
0.144807
0.980280
0.807365
0.781707
0.982145
0.384602
0.468502
0.914665
0.166622
0.460441
0.611314
0.376289
0.883233
0.962257
0.883714
0.875076
0.492162
0.331637
0.009792
0.561507
0.487041
0.106231
0.686303
0.248245
0.430418
0.956369
0.676824
0.177791
0.825468
0.752279
0.367465
0.590207
0.683222
0.321694
0.818609
0.004419
0.181779
0.937835
0.331091
0.195456
0.943199
0.005876
0.046147
0.931191
0.464832
0.863921
0.529523
0.152145
0.008684
0.850660
0.923785
0.634853
0.883452
0.131730
0.970891
0.893427
0.641868
0.832676
0.250767
0.937126
0.088140
0.457431
0.701506
0.227919
0.457999
0.833530
0.092846
0.156938
0.243243
0.921704
0.436130
0.389935
0.413717
0.057939
0.509742
0.498927
0.507318
0.907140
0.047036
0.301452
0.961637
0.742819
0.821667
0.843562
0.132850
0.317144
0.629598
0.982924
0.656047
0.537553
0.124361
0.221177
0.848628
0.454078
0.837735
0.888912
0.931150
0.516710
0.597038
0.762999
0.358967
0.062382
0.626884
0.877112
0.928503
0.211285
0.951371
0.026710
0.683625
0.514042
0.455241
0.545750
0.624371
0.313101
0.142066
0.292340
0.670675
0.929228
0.375866
0.794394
0.100467
0.819311
0.200840
0.716280
0.341693
0.184094
0.302825
0.677145
0.613079
0.339988
0.765524
0.116946
0.774590
0.260671
0.053861
0.924751
0.145849
0.091594
0.554763
0.645106
0.994003
0.240451
0.560217
0.913567
0.380505
0.742694
0.686235
0.665144
0.822596
0.433703
0.891014
0.354406
0.487620
0.765559
0.352501
0.840515
0.848749
0.670733
0.465217
0.563189
0.825981
0.278370
0.953595
0.677381
0.587029
0.659236
0.018537
0.857919
0.544437
0.537550
0.339148
0.634921
0.547476
0.533551
0.555700
0.402863
0.204119
0.258271
0.335304
0.359060
0.288129
0.287097
0.650375
0.690967
0.881694
0.803538
0.222916
0.638319
0.602381
0.688391
0.055599
0.819368
0.775831
0.738256
0.395554
0.744914
0.490676
0.534046
0.656911
0.770503
0.119352
0.794532
0.037641
0.624560
0.464400
0.688763
0.338471
0.062669
0.198545
0.687987
0.919879
0.223652
0.620337
0.302805
0.339282
0.379029
0.498885
0.462182
0.056492
0.655582
0.561944
0.881598
0.152223
0.122883
0.432970
0.619298
0.452363
0.923550
0.057448
0.510052
0.962921
0.279697
0.761691
0.220030
0.752980
0.517850
0.400118
0.505841
0.038608
0.492690
0.693741
0.904198
0.741984
0.405783
0.201633
0.091364
0.358901
0.878955
0.741303
0.395884
0.055375
0.295205
0.560266
0.333226
0.131073
0.826897
0.721285
0.262979
0.793492
0.867143
0.793541
0.601064
0.651689
0.823457
0.821761
0.000779
0.890595
0.652340
0.189699
0.144190
0.264566
0.260876
0.402274
0.652899
0.249346
0.799899
0.215674
0.074950
0.921895
0.167960
0.164467
0.169995
0.763697
0.153135
0.321433
0.081908
0.080875
0.899594
0.515979
0.537908
0.438643
0.808514
0.901461
0.573865
0.362615
0.000923
0.355881
0.381607
0.869029
0.688057
0.113784
0.677400
0.563114
0.738962
0.133888
0.269882
0.362028
0.603787
0.115345
0.576091
0.237951
0.164522
0.878402
0.308027
0.979165
0.834853
0.849681
0.088692
0.182942
0.031202
0.949935
0.811838
0.733670
0.373643
0.818765
0.136525
0.702321
0.455814
0.556766
0.906009
0.107700
0.726743
0.285511
0.847000
0.594102
0.855979
0.568663
0.783605
0.951399
0.479796
0.086843
0.480604
0.289131
0.445752
0.882323
0.100589
0.691999
0.752349
0.689372
0.152896
0.555881
0.408987
0.528683
0.560398
0.616099
0.179486
0.290645
0.450955
0.627425
0.802785
0.867514
0.168430
0.792008
0.161557
0.658546
0.515431
0.520085
0.269732
0.588773
0.904793
0.971451
0.821534
0.009847
0.974742
0.695081
0.757746
0.832916
0.676031
0.551203
0.401554
0.556066
0.277191
0.065122
0.660217
0.553944
0.362546
0.385118
0.715905
0.390650
0.469660
0.667174
0.096762
0.279179
0.578280
0.915784
0.757240
0.156199
0.318236
0.110780
0.456248
0.668839
0.402744
0.742463
0.626027
0.413794
0.856569
0.168078
0.818895
0.746211
0.832813
0.358196
0.620243
0.838692
0.981907
0.597308
0.463093
0.355785
0.032741
0.373908
0.583060
0.287504
0.596720
0.485910
0.345236
0.311946
0.635654
0.101084
0.460757
0.421642
0.015470
0.062376
0.217189
0.824870
0.368362
0.887003
0.471351
0.930231
0.921547
0.057917
0.916170
0.133049
0.133592
0.087768
0.326411
0.472804
0.068546
0.299523
0.325647
0.833357
0.083436
0.744914
0.999910
0.003012
0.172994
0.285381
0.563532
0.179891
0.218781
0.695328
0.442405
0.689214
0.042329
0.031679
0.105239
0.621804
0.863909
0.418276
0.099732
0.741282
0.922347
0.486654
0.794372
0.068144
0.761021
0.936400
0.237112
0.684938
0.332523
0.283356
0.032616
0.804226
0.162674
0.863907
0.174393
0.446054
0.285534
0.546904
0.873047
0.639342
0.383186
0.645777
0.867384
0.276821
0.758999
0.885106
0.267456
0.739635
0.459471
0.480818
0.106111
0.524187
0.602873
0.573177
0.338357
0.692740
0.635279
0.897905
0.067768
0.108057
0.725122
0.293826
0.260272
0.662311
0.532443
0.885260
0.763526
0.867707
0.401222
0.613359
0.142452
0.020832
0.172572
0.651363
0.897848
0.199435
0.899720
0.662525
0.206594
0.598144
0.156145
0.243532
0.232186
0.391952
0.306511
0.247635
0.548218
0.650856
0.293308
0.366436
0.711952
0.768098
0.464672
0.843130
0.859237
0.844395
0.811696
0.827745
0.376383
0.162408
0.324624
0.611040
0.671867
0.944641
0.941424
0.091855
0.425413
0.403676
0.721071
0.755930
0.960395
0.540211
0.195947
0.445067
0.765912
0.330084
0.658590
0.155699
0.307448
0.959132
0.029777
0.266819
0.901634
0.441602
0.596941
0.309253
0.305251
0.605248
0.760127
0.861537
0.166979
0.590252
0.980067
0.211339
0.420002
0.219938
0.689327
0.234371
0.034143
0.123500
0.349473
0.802970
0.198848
0.073736
0.258435
0.091539
0.546479
0.629422
0.823069
0.152676
0.444067
0.810260
0.799758
0.212240
0.847895
0.884446
0.504749
0.499412
0.817920
0.601338
0.037055
0.174025
0.288852
0.775366
0.517929
0.732276
0.274271
0.427514
0.907003
0.217235
0.693998
0.856975
0.827917
0.795313
0.739416
0.672140
0.544054
0.806601
0.074754
0.815062
0.833437
0.887461
0.584713
0.810023
0.383128
0.189276
0.362118
0.431666
0.866800
0.178344
0.647427
0.783126
0.290629
0.958543
0.620739
0.695381
0.245152
0.079883
0.863868
0.686106
0.434073
0.311178
0.684756
0.464147
0.361896
0.901861
0.980235
0.633466
0.244195
0.333856
0.229193
0.571374
0.497833
0.976335
0.301712
0.147909
0.310684
0.270259
0.957636
0.468373
0.565734
0.061440
0.029213
0.095974
0.383745
0.305459
0.847722
0.416996
0.879972
0.029414
0.415818
0.102323
0.828531
0.957880
0.250401
0.886007
0.264572
0.506803
0.751279
0.498075
0.897983
0.691604
0.087222
0.163115
0.378390
0.266606
0.053107
0.201336
0.051976
0.853001
0.431859
0.271764
0.045391
0.772725
0.306631
0.489626
0.256688
0.189202
0.142849
0.077641
0.630868
0.346414
0.153997
0.404156
0.747939
0.085859
0.483978
0.984546
0.101153
0.962516
0.083492
0.524932
0.135768
0.479950
0.352086
0.852635
0.344786
0.690095
0.415660
0.073458
0.964867
0.927846
0.428863
0.724225
0.617305
0.267675
0.721558
0.736302
0.926493
0.196014
0.734197
0.613223
0.599728
0.247624
0.741109
0.258088
0.842339
0.203699
0.942922
0.003907
0.532488
0.557306
0.395896
0.726490
0.309350
0.840239
0.885166
0.813175
0.202029
0.206463
0.110824
0.564574
0.506802
0.872077
0.482452
0.397531
0.216411
0.220886
0.372988
0.557367
0.123020
0.058103
0.502461
0.731979
0.009237
0.701734
0.263652
0.769794
0.658890
0.770631
0.494851
0.152633
0.357886
0.197996
0.600660
0.962161
0.508912
0.566843
0.843768
0.038264
0.892447
0.336388
0.323683
0.077125
0.207804
0.271662
0.039686
0.508138
0.105963
0.878579
0.843589
0.558613
0.061754
0.218059
0.033941
0.634413
0.754485
0.069973
0.259834
0.668441
0.058216
0.344446
0.893829
0.807001
0.257150
0.307356
0.626141
0.590392
0.466681
0.871294
0.924377
0.747202
0.771907
0.784575
0.814855
0.954286
0.905177
0.270342
0.964880
0.243564
0.031687
0.875955
0.994223
0.474116
0.853317
0.199681
0.704047
0.979328
0.778784
0.586551
0.290468
0.674572
0.642477
0.006757
0.587100
0.835455
0.731831
0.436378
0.857894
0.179318
0.847296
0.298755
0.211383
0.786643
0.460242
0.652621
0.325375
0.752152
0.739946
0.946071
0.024069
0.959876
0.325139
0.519387
0.426444
0.218702
0.049704
0.719514
0.646259
0.595960
0.773718
0.178940
0.552833
0.551593
0.695157
0.565613
0.252288
0.544135
0.745699
0.091393
0.997652
0.776030
0.424908
0.296837
0.131272
0.528267
0.765913
0.741717
0.774536
0.945520
0.414995
0.214788
0.849945
0.750253
0.456289
0.033466
0.112960
0.248997
0.827237
0.894338
0.321548
0.442191
0.703401
0.128000
0.037504
0.340848
0.132572
0.035439
0.565064
0.743495
0.564435
0.276033
0.840267
0.234416
0.646989
0.936760
0.012289
0.762554
0.184869
0.445196
0.750707
0.567263
0.214942
0.761543
0.887258
0.884664
0.535320
0.272879
0.696064
0.733076
0.306232
0.351001
0.443277
0.308872
0.652955
0.067947
0.728149
0.280291
0.967099
0.894336
0.697291
0.436016
0.294541
0.248034
0.468634
0.101609
0.084862
0.286859
0.749568
0.088639
0.473645
0.730924
0.795111
0.281295
0.287719
0.498959
0.818693
0.620618
0.263649
0.399139
0.954034
0.028704
0.507395
0.738598
0.757566
0.770228
0.501214
0.826168
0.344298
0.906749
0.782116
0.618717
0.045623
0.625015
0.621470
0.990890
0.366570
0.563026
0.270954
0.938429
0.075733
0.300273
0.796664
0.713536
0.978582
0.389131
0.687881
0.053047
0.971209
0.885027
0.834161
0.022155
0.935501
0.970169
0.444928
0.142989
0.179121
0.880359
0.917638
0.602878
0.127080
0.841780
0.718670
0.995289
0.690587
0.744545
0.246971
0.900344
0.949668
0.945998
0.422763
0.183923
0.936964
0.267870
0.947770
0.316513
0.271280
0.270050
0.681624
0.776352
0.202849
0.327146
0.280674
0.306648
0.261789
0.463713
0.856358
0.903662
0.782543
0.115841
0.183452
0.990618
0.167925
0.761128
0.473858
0.710374
0.086127
0.210390
0.525656
0.185721
0.014121
0.281993
0.553543
0.347481
0.474537
0.816652
0.145971
0.524106
0.205386
0.754833
0.813532
0.788455
0.770022
0.242623
0.776605
0.543409
0.097221
0.891550
0.069083
0.332944
0.149095
0.064413
0.336999
0.333603
0.780239
0.047764
0.810928
0.716582
0.479613
0.592154
0.800787
0.486114
0.603512
0.427442
0.469713
0.767815
0.111825
0.100883
0.905400
0.723103
0.330757
0.933115
0.235035
0.543812
0.675245
0.868626
0.382870
0.685399
0.287390
0.824489
0.503636
0.837549
0.568942
0.359762
0.143315
0.926909
0.414047
0.628529
0.081098
0.876824
0.562329
0.906443
0.939275
0.201405
0.793570
0.243142
0.154981
0.933430
0.246776
0.974205
0.479506
0.634438
0.963549
0.894314
0.794590
0.426936
0.995367
0.550081
0.744997
0.348700
0.165408
0.543135
0.313672
0.942477
0.598863
0.362401
0.387921
0.555503
0.613604
0.494367
0.257099
0.385664
0.850420
0.531142
0.565907
0.038133
0.894905
0.332273
0.041187
0.270192
0.049854
0.856057
0.379450
0.334645
0.727822
0.902166
0.389577
0.874931
0.690247
0.276986
0.239455
0.778300
0.526119
0.867700
0.662670
0.717250
0.475425
0.086638
0.994837
0.873123
0.517972
0.404149
0.978429
0.468021
0.296314
0.240783
0.496786
0.270206
0.573700
0.836989
0.665867
0.081236
0.867453
0.594196
0.466728
0.867155
0.390094
0.502846
0.079916
0.527357
0.391914
0.092836
0.069206
0.278728
0.268273
0.796396
0.137354
0.104496
0.883630
0.873645
0.468809
0.120994
0.404574
0.272095
0.108329
0.855214
0.630607
0.863011
0.871989
0.214459
0.390377
0.793621
0.216530
0.139226
0.730776
0.823311
0.120011
0.943440
0.486881
0.066688
0.463407
0.903450
0.674188
0.874127
0.808475
0.609535
0.204687
0.452428
0.797833
0.650873
0.581032
0.310614
0.161758
0.686389
0.775705
0.738792
0.302479
0.538349
0.934425
0.056139
0.487447
0.421047
0.256235
0.546456
0.461662
0.430949
0.470184
0.319723
0.976203
0.233994
0.245195
0.263493
0.812779
0.106679
0.302767
0.980965
0.896737
0.845608
0.540354
0.839576
0.364461
0.140346
0.377317
0.896012
0.863452
0.001045
0.488025
0.425795
0.089415
0.299047
0.942246
0.707801
0.826043
0.078695
0.308049
0.720126
0.568443
0.554258
0.935018
0.852191
0.745718
0.749165
0.296015
0.971436
0.474465
0.056652
0.965795
0.278761
0.581924
0.202340
0.518536
0.906378
0.041414
0.629792
0.969361
0.950925
0.216388
0.279403
0.425006
0.373837
0.962655
0.517525
0.575198
0.454696
0.287929
0.134779
0.700644
0.250578
0.307181
0.267361
0.818879
0.028803
0.601973
0.809826
0.680728
0.119565
0.029098
0.748359
0.984887
0.031024
0.812851
0.325638
0.734820
0.418897
0.476989
0.386966
0.131745
0.276498
0.454898
0.596709
0.212363
0.164617
0.984557
0.758008
0.204817
0.823426
0.120056
0.630262
0.817437
0.974647
0.142476
0.690446
0.590388
0.639960
0.645110
0.107895
0.650536
0.963894
0.713713
0.038765
0.506624
0.163246
0.580861
0.546774
0.619142
0.142091
0.360614
0.230797
0.762750
0.057475
0.968475
0.806951
0.476442
0.226196
0.401883
0.631497
0.147287
0.492432
0.544934
0.749461
0.398944
0.278215
0.711087
0.659656
0.029413
0.997461
0.939922
0.356687
0.758832
0.297087
0.605685
0.460745
0.674525
0.397882
0.210684
0.602080
0.585781
0.829771
0.156591
0.774035
0.285812
0.511816
0.189313
0.800641
0.145581
0.821974
0.773093
0.435871
0.888133
0.175013
0.588600
0.084672
0.089261
0.302972
0.186527
0.733408
0.868755
0.769676
0.628007
0.031128
0.746545
0.091740
0.068373
0.564358
0.281481
0.760422
0.100524
0.317491
0.351322
0.523154
0.474538
0.068240
0.906454
0.786428
0.304073
0.602439
0.294442
0.223274
0.107350
0.073341
0.537397
0.623454
0.107812
0.615627
0.900508
0.211763
0.030379
0.351052
0.041315
0.812814
0.614142
0.697793
0.720457
0.077254
0.958488
0.285475
0.402655
0.956558
0.411358
0.757927
0.920588
0.658011
0.576571
0.151116
0.224676
0.598977
0.289855
0.808625
0.031309
0.565505
0.515246
0.745238
0.015273
0.254233
0.516456
0.903802
0.095246
0.012534
0.630324
0.643877
0.032725
0.498286
0.326870
0.434807
0.124483
0.750302
0.095178
0.841740
0.508859
0.120446
0.205454
0.341519
0.740539
0.480409
0.521187
0.996186
0.702825
0.125794
0.774408
0.864409
0.928354
0.887933
0.871248
0.924159
0.468213
0.894334
0.711179
0.001565
0.986865
0.440867
0.324892
0.398456
0.839445
0.036159
0.053306
0.841570
0.003923
0.318893
0.490832
0.655880
0.560396
0.434058
0.534107
0.418682
0.522142
0.271043
0.443875
0.364812
0.488929
0.635882
0.220536
0.681093
0.494875
0.857034
0.987863
0.103439
0.415508
0.148641
0.696230
0.576167
0.157930
0.401116
0.314927
0.672344
0.032329
0.294706
0.348170
0.138345
0.062686
0.080024
0.843606
0.806359
0.581367
0.117631
0.974602
0.816027
0.230205
0.878168
0.474447
0.060559
0.095495
0.371010
0.934746
0.093066
0.193499
0.673450
0.801516
0.823982
0.126327
0.888442
0.407532
0.748584
0.596509
0.466128
0.961780
0.562109
0.425669
0.616053
0.017027
0.855673
0.013474
0.730928
0.791660
0.505375
0.214450
0.291209
0.116385
0.845125
0.741191
0.059117
0.791082
0.085907
0.433783
0.171905
0.400093
0.654654
0.499355
0.662532
0.070158
0.478427
0.727236
0.361009
0.235965
0.147192
0.250463
0.935566
0.972211
0.623713
0.851693
0.127911
0.173756
0.613647
0.720943
0.113921
0.429126
0.104200
0.756153
0.207278
0.496456
0.276103
0.668986
0.130422
0.311089
0.201294
0.703549
0.350532
0.433260
0.276802
0.502221
0.048480
0.082580
0.392661
0.540173
0.420286
0.749870
0.676295
0.499703
0.952817
0.970016
0.445235
0.540545
0.051408
0.872231
0.491013
0.637830
0.894834
0.583778
0.125863
0.172525
0.354496
0.483989
0.776093
0.858645
0.426517
0.518397
0.386519
0.638246
0.308478
0.665851
0.203613
0.551629
0.412076
0.879456
0.684678
0.150906
0.378664
0.116768
0.499489
0.046420
0.180505
0.954366
0.871941
0.605724
0.505016
0.812224
0.484133
0.034047
0.675046
0.356440
0.825182
0.595344
0.932515
0.614154
0.312524
0.048107
0.067049
0.927753
0.704479
0.605711
0.401417
0.849898
0.828717
0.444949
0.332013
0.486098
0.400774
0.707950
0.979848
0.724306
0.737878
0.723281
0.534586
0.144878
0.383690
0.135000
0.304569
0.619523
0.555777
0.518745
0.037105
0.422095
0.776131
0.798769
0.197898
0.871176
0.021250
0.197873
0.532771
0.685645
0.067248
0.064303
0.549679
0.487596
0.851496
0.658437
0.709813
0.656933
0.429092
0.951953
0.992823
0.500416
0.383127
0.719597
0.477042
0.713386
0.124694
0.386789
0.259370
0.200278
0.773765
0.355350
0.023947
0.592726
0.986559
0.156466
0.181131
0.420599
0.039533
0.988657
0.550031
0.807943
0.404511
0.874522
0.094909
0.285248
0.273144
0.121248
0.278343
0.631699
0.690515
0.475557
0.926914
0.432691
0.925360
0.725454
0.367175
0.902447
0.085611
0.592009
0.464404
0.669553
0.039454
0.069560
0.551708
0.141866
0.040249
0.579198
0.274724
0.290777
0.803860
0.987008
0.783864
0.554259
0.734324
0.966093
0.402817
0.931437
0.732575
0.032430
0.793920
0.403358
0.106888
0.713723
0.367930
0.786983
0.195907
0.493821
0.371480
0.030558
0.937991
0.861392
0.088632
0.354106
0.906065
0.850320
0.256129
0.390877
0.766318
0.932882
0.192412
0.503579
0.312610
0.978894
0.839660
0.439022
0.636239
0.860517
0.712027
0.699407
0.682173
0.220872
0.412019
0.997730
0.846601
0.164522
0.435417
0.525223
0.924885
0.320617
0.432129
0.884093
0.021061
0.698276
0.159389
0.369383
0.986857
0.243758
0.272552
0.056934
0.935969
0.437124
0.799446
0.154317
0.853562
0.971258
0.073448
0.379278
0.626754
0.549094
0.729017
0.373674
0.903387
0.548230
0.746562
0.264839
0.347502
0.340405
0.860990
0.422451
0.513635
0.942755
0.794031
0.995960
0.980853
0.616857
0.842865
0.270737
0.453142
0.640095
0.449517
0.862745
0.486575
0.544213
0.313979
0.940887
0.696246
0.361548
0.329478
0.214270
0.937117
0.226409
0.469151
0.000847
0.862172
0.854822
0.112813
0.681992
0.617165
0.949928
0.187770
0.383072
0.521990
0.354151
0.590503
0.310974
0.561682
0.365913
0.720694
0.278856
0.122147
0.053519
0.495942
0.907973
0.773122
0.798589
0.379542
0.642132
0.249142
0.775204
0.774054
0.951332
0.193472
0.379297
0.843809
0.964670
0.404264
0.948482
0.453857
0.668559
0.310490
0.809961
0.590907
0.456328
0.370397
0.039700
0.987523
0.737951
0.049956
0.258003
0.562619
0.579419
0.634716
0.695035
0.561911
0.302387
0.346977
0.176776
0.508621
0.045430
0.181717
0.071127
0.318851
0.674530
0.499347
0.731265
0.493606
0.885285
0.290314
0.136398
0.450680
0.912488
0.084658
0.988348
0.819202
0.050991
0.756876
0.127227
0.386579
0.088521
0.870342
0.104121
0.095269
0.196963
0.222858
0.838275
0.753042
0.560729
0.762018
0.407790
0.397323
0.823485
0.011308
0.015107
0.478299
0.888643
0.420487
0.542391
0.367710
0.842711
0.070851
0.799906
0.315836
0.208524
0.731421
0.677055
0.757818
0.849269
0.288829
0.957401
0.186116
0.902660
0.834270
0.253831
0.267015
0.942976
0.567140
0.478282
0.078455
0.259299
0.908096
0.774009
0.611135
0.860354
0.654855
0.121223
0.816454
0.525896
0.372031
0.764687
0.549248
0.424545
0.801098
0.512257
0.770715
0.308161
0.586743
0.295770
0.112092
0.919938
0.829685
0.571615
0.601571
0.660937
0.540781
0.240866
0.508929
0.938206
0.243918
0.283263
0.332337
0.454261
0.371845
0.892514
0.141777
0.526682
0.445463
0.161213
0.490105
0.679007
0.908031
0.552937
0.826812
0.097878
0.095629
0.199356
0.706399
0.281301
0.717779
0.325983
0.712431
0.530688
0.060395
0.617850
0.044008
0.883483
0.429718
0.534195
0.491834
0.209184
0.262421
0.339308
0.409092
0.361665
0.324833
0.976902
0.335156
0.404158
0.113826
0.841813
0.719207
0.706008
0.413319
0.630993
0.512052
0.405432
0.022871
0.843463
0.028117
0.889639
0.387200
0.375529
0.940309
0.159689
0.755769
0.174484
0.557339
0.615682
0.987263
0.894563
0.879443
0.858973
0.191671
0.188080
0.552094
0.799189
0.439063
0.079561
0.690400
0.959192
0.234478
0.150059
0.065899
0.471796
0.697710
0.013552
0.003369
0.485913
0.339445
0.229872
0.183286
0.471763
0.294861
0.973602
0.775358
0.206378
0.275656
0.992094
0.814148
0.800573
0.603816
0.836490
0.577601
0.312132
0.377249
0.657475
0.036026
0.889598
0.329811
0.814424
0.029999
0.665810
0.636899
0.485295
0.999556
0.618283
0.385643
0.583394
0.595697
0.418591
0.564356
0.236548
0.873153
0.839975
0.096816
0.596237
0.963545
0.901460
0.770967
0.653208
0.170100
0.037974
0.584221
0.695753
0.979614
0.133898
0.747906
0.985242
0.782821
0.525927
0.025810
0.060180
0.541032
0.077764
0.281463
0.746775
0.405834
0.619943
0.849648
0.024089
0.036380
0.892086
0.393028
0.166739
0.448027
0.688830
0.701672
0.422261
0.806455
0.916130
0.604545
0.150038
0.276950
0.230330
0.810328
0.802325
0.707673
0.923590
0.712017
0.735587
0.411186
0.098378
0.966778
0.143960
0.187492
0.349868
0.100223
0.870153
0.065798
0.354393
0.442437
0.608177
0.327149
0.697383
0.951173
0.624558
0.486110
0.015391
0.844291
0.319712
0.071653
0.170518
0.486876
0.380173
0.754140
0.615272
0.555909
0.258786
0.350372
0.782231
0.643876
0.008731
0.219731
0.982935
0.028292
0.005493
0.993697
0.708543
0.302548
0.657389
0.394994
0.971937
0.769638
0.340812
0.272178
0.545061
0.388516
0.433533
0.055911
0.051210
0.436831
0.562728
0.524155
0.341345
0.826643
0.060248
0.418997
0.684898
0.953909
0.824206
0.696322
0.854382
0.459843
0.443447
0.603683
0.291700
0.074001
0.841730
0.698810
0.371592
0.645598
0.055537
0.152607
0.280143
0.261142
0.958881
0.272252
0.706744
0.312358
0.098118
0.162266
0.206019
0.197134
0.778906
0.578979
0.568804
0.796127
0.557578
0.575519
0.491775
0.616048
0.403495
0.963855
0.444206
0.784323
0.512558
0.405200
0.384952
0.535188
0.731932
0.282434
0.417185
0.169646
0.391135
0.094607
0.913817
0.286292
0.285581
0.865014
0.980767
0.560981
0.308185
0.875943
0.523145
0.054459
0.627124
0.574803
0.862657
0.611449
0.139759
0.861758
0.841654
0.904758
0.642217
0.526824
0.205744
0.205598
0.611409
0.697273
0.644913
0.517670
0.743230
0.861315
0.102067
0.898247
0.391293
0.912932
0.533579
0.064497
0.440479
0.511312
0.482060
0.816897
0.986477
0.646844
0.146643
0.832557
0.705839
0.168704
0.707548
0.527657
0.142243
0.155792
0.872911
0.357474
0.126881
0.636497
0.907407
0.121499
0.439309
0.501229
0.011247
0.936046
0.016659
0.457135
0.128980
0.003237
0.872752
0.983256
0.161161
0.478186
0.405028
0.127642
0.756259
0.559947
0.379031
0.300804
0.300148
0.710088
0.191849
0.351997
0.367544
0.048655
0.553877
0.040297
0.522701
0.763261
0.690695
0.639542
0.270698
0.674923
0.173934
0.937818
0.778263
0.175289
0.333652
0.135391
0.363314
0.934594
0.054381
0.618283
0.109912
0.999556
0.101575
0.864681
0.718027
0.860238
0.688570
0.219977
0.277443
0.958383
0.709525
0.587173
0.389883
0.851980
0.520413
0.325710
0.379831
0.391788
0.324790
0.192112
0.383136
0.279194
0.938708
0.311905
0.153852
0.779679
0.663006
0.015383
0.498964
0.015131
0.804795
0.948087
0.301078
0.251011
0.879739
0.631910
0.913593
0.510920
0.750866
0.206818
0.944749
0.456552
0.930513
0.565918
0.807952
0.928418
0.265985
0.131983
0.424357
0.874646
0.194915
0.970015
0.185417
0.233262
0.063145
0.630746
0.080132
0.669082
0.188319
0.651277
0.173413
0.000035
0.890073
0.062901
0.594167
0.639554
0.728499
0.868344
0.607522
0.000821
0.254068
0.531664
0.254734
0.483933
0.403902
0.088237
0.543470
0.436466
0.932559
0.028937
0.153897
0.239006
0.263594
0.374985
0.532779
0.926756
0.636166
0.055862
0.815814
0.382569
0.315896
0.284283
0.032037
0.101252
0.779935
0.026026
0.084205
0.664720
0.683432
0.059339
0.193686
0.826907
0.001002
0.663903
0.272236
0.289888
0.116865
0.562668
0.507906
0.771637
0.837346
0.735202
0.596655
0.593627
0.017765
0.737041
0.330593
0.134873
0.852381
0.788512
0.780288
0.849386
0.163115
0.465906
0.241617
0.976711
0.454017
0.149197
0.413087
0.300451
0.959653
0.499507
0.430470
0.646602
0.714436
0.186738
0.211712
0.940935
0.285763
0.627586
0.903105
0.350610
0.648188
0.875758
0.711180
0.967202
0.801870
0.512949
0.244173
0.903115
0.651339
0.888744
0.159429
0.187261
0.027278
0.552305
0.953083
0.184401
0.143266
0.894985
0.466692
0.010677
0.492138
0.801714
0.000187
0.769940
0.885320
0.395544
0.986398
0.945235
0.877724
0.393608
0.221132
0.610222
0.976911
0.298067
0.672828
0.799053
0.256429
0.980765
0.482802
0.521863
0.149751
0.528060
0.773118
0.028054
0.334912
0.569740
0.213468
0.601281
0.694780
0.284733
0.667214
0.878681
0.989525
0.652180
0.892712
0.491572
0.163985
0.079821
0.769195
0.154414
0.362685
0.807085
0.443345
0.721306
0.890646
0.446793
0.546950
0.582162
0.362077
0.930482
0.157977
0.090807
0.366679
0.175659
0.704487
0.870762
0.571555
0.951113
0.827084
0.307040
0.604609
0.115074
0.402202
0.638805
0.343381
0.311667
0.113343
0.762602
0.794324
0.988742
0.065265
0.442732
0.195908
0.634692
0.938672
0.517370
0.841121
0.297130
0.848802
0.158557
0.589067
0.850764
0.715874
0.173205
0.741692
0.218284
0.190876
0.961849
0.692001
0.643605
0.665917
0.170904
0.999556
0.455032
0.076905
0.657572
0.523021
0.362765
0.214869
0.702283
0.590927
0.480288
0.796360
0.663596
0.530960
0.569111
0.561121
0.138123
0.511920
0.346705
0.490165
0.167030
0.652244
0.111782
0.944032
0.039998
0.945994
0.513651
0.276516
0.202941
0.511015
0.087404
0.929240
0.474055
0.600816
0.119812
0.383895
0.534737
0.045355
0.203266
0.153867
0.449546
0.959199
0.853984
0.896853
0.383416
0.663165
0.955804
0.446500
0.887839
0.083711
0.166093
0.612692
0.143207
0.371490
0.644133
0.052257
0.003762
0.486519
0.377487
0.726924
0.585845
0.574521
0.565528
0.852442
0.569979
0.570893
0.032945
0.007983
0.312711
0.751278
0.785640
0.971212
0.854374
0.458433
0.867225
0.630642
0.591596
0.703522
0.640887
0.008357
0.808573
0.417445
0.007912
0.807968
0.771957
0.137638
0.613861
0.327737
0.342506
0.602997
0.504149
0.705023
0.654926
0.011256
0.424744
0.365083
0.245538
0.408077
0.957340
0.736428
0.646960
0.336107
0.102597
0.796805
0.509024
0.407864
0.935198
0.164902
0.995121
0.983098
0.440091
0.633141
0.468217
0.655519
0.974519
0.224292
0.792148
0.483846
0.593571
0.864388
0.313313
0.957984
0.320843
0.708974
0.496823
0.864891
0.667574
0.198160
0.119981
0.724197
0.114701
0.004435
0.584774
0.186548
0.918748
0.678528
0.619089
0.035684
0.514395
0.792735
0.072358
0.687879
0.728820
0.574583
0.463394
0.740910
0.244298
0.060176
0.053746
0.262454
0.729629
0.866408
0.755825
0.619865
0.275437
0.271735
0.757505
0.406622
0.415404
0.940597
0.079555
0.004220
0.781627
0.657941
0.963966
0.792714
0.248354
0.735403
0.214405
0.671026
0.169720
0.484625
0.928375
0.224101
0.653303
0.547288
0.137204
0.354284
0.856540
0.944565
0.227257
0.927296
0.405468
0.026058
0.785573
0.838827
0.557860
0.922329
0.186675
0.928236
0.742679
0.544950
0.415174
0.314838
0.166284
0.339695
0.760992
0.645671
0.079179
0.134987
0.199803
0.478925
0.825193
0.088801
0.909470
0.814041
0.462836
0.519557
0.011811
0.769060
0.554923
0.703773
0.665509
0.421489
0.900976
0.475651
0.077149
0.115793
0.755110
0.908842
0.209520
0.515630
0.382195
0.782334
0.424923
0.681023
0.093686
0.012053
0.341401
0.490465
0.842422
0.394973
0.745702
0.238235
0.698246
0.788443
0.802301
0.822285
0.463126
0.205419
0.435875
0.124458
0.189573
0.015139
0.917787
0.170692
0.547988
0.813777
0.237221
0.064333
0.939838
0.183127
0.025796
0.302820
0.801488
0.146567
0.981414
0.118759
0.450133
0.408890
0.629626
0.142063
0.128759
0.509012
0.518548
0.662525
0.417612
0.279750
0.009147
0.312453
0.090717
0.755883
0.946821
0.616502
0.177735
0.447403
0.396305
0.681823
0.881863
0.705726
0.767394
0.565544
0.692539
0.147239
0.736268
0.706398
0.150307
0.707531
0.563980
0.406510
0.732785
0.869853
0.079213
0.412039
0.150464
0.396762
0.251095
0.763939
0.824804
0.461732
0.500514
0.334407
0.608521
0.149413
0.847962
0.107004
0.523026
0.387798
0.695020
0.247261
0.289160
0.558147
0.116917
0.715887
0.557330
0.661582
0.996485
0.140474
0.579191
0.413759
0.255716
0.347735
0.666488
0.197277
0.800134
0.502550
0.449635
0.178142
0.152532
0.760025
0.668346
0.999919
0.709065
0.140710
0.922434
0.781621
0.500459
0.650509
0.893283
0.355862
0.060797
0.254500
0.651405
0.767916
0.325225
0.068011
0.431326
0.814771
0.697902
0.712076
0.429138
0.344228
0.205362
0.937264
0.617651
0.801892
0.248798
0.606685
0.352506
0.771819
0.658452
0.023538
0.726706
0.228562
0.217018
0.940804
0.019055
0.754170
0.830124
0.439207
0.257012
0.203971
0.516910
0.601284
0.484957
0.045224
0.754333
0.664527
0.387605
0.955226
0.176345
0.397026
0.792359
0.409385
0.054029
0.018729
0.075372
0.871198
0.075139
0.976101
0.669860
0.067901
0.020665
0.575199
0.752024
0.997636
0.680574
0.367536
0.524488
0.362912
0.549073
0.665825
0.578423
0.704588
0.138894
0.716205
0.076959
0.310891
0.411072
0.364766
0.431771
0.484470
0.447824
0.196277
0.944138
0.001383
0.826772
0.430726
0.237692
0.920174
0.770152
0.099404
0.143526
0.924860
0.236856
0.619440
0.914511
0.787443
0.252107
0.698317
0.884243
0.285226
0.592218
0.804473
0.071061
0.024231
0.982734
0.684772
0.117390
0.667887
0.359169
0.964498
0.692108
0.912154
0.971680
0.772730
0.145778
0.093535
0.789006
0.309148
0.357028
0.271111
0.232760
0.443451
0.138980
0.240665
0.820084
0.623104
0.067628
0.768025
0.239387
0.788624
0.664238
0.966591
0.268601
0.809471
0.510033
0.584158
0.165404
0.980946
0.327207
0.947081
0.721164
0.608619
0.543329
0.672800
0.441088
0.068506
0.318641
0.288992
0.767760
0.307500
0.894196
0.670153
0.239019
0.550123
0.084035
0.348139
0.908126
0.437117
0.441990
0.197062
0.558264
0.543225
0.472879
0.706368
0.627578
0.732137
0.102826
0.807779
0.597743
0.304148
0.582585
0.327205
0.770183
0.996811
0.163920
0.204260
0.100892
0.402699
0.089287
0.318640
0.437783
0.985168
0.731020
0.257299
0.021125
0.988563
0.153621
0.484532
0.212670
0.961135
0.231998
0.691688
0.126686
0.316655
0.004247
0.942805
0.539840
0.255549
0.418721
0.254774
0.869681
0.021733
0.035245
0.529038
0.611543
0.882169
0.027074
0.787899
0.092795
0.549588
0.705700
0.488207
0.072489
0.113663
0.691551
0.372717
0.504035
0.662882
0.700668
0.085312
0.308341
0.851153
0.866082
0.012031
0.036054
0.044173
0.702374
0.237258
0.993283
0.647268
0.876798
0.641942
0.787806
0.716929
0.728879
0.083805
0.954210
0.362794
0.825221
0.650488
0.327882
0.297328
0.324613
0.574598
0.259746
0.650838
0.621863
0.750789
0.556259
0.975345
0.933072
0.652182
0.761581
0.770084
0.460519
0.315620
0.698711
0.353178
0.546611
0.457632
0.103720
0.630043
0.292539
0.250760
0.065272
0.342257
0.211668
0.175804
0.472093
0.466359
0.328155
0.827824
0.386495
0.987100
0.169924
0.671447
0.082513
0.133064
0.278453
0.516188
0.993884
0.345009
0.336766
0.945305
0.599364
0.681307
0.956859
0.168625
0.580029
0.905101
0.458092
0.661043
0.340435
0.670470
0.983018
0.221664
0.664060
0.478403
0.644895
0.559239
0.255187
0.527645
0.674748
0.290066
0.945447
0.532732
0.062208
0.483883
0.264312
0.235383
0.775234
0.567693
0.598786
0.581839
0.094874
0.727174
0.087783
0.358575
0.132708
0.456018
0.689715
0.217757
0.827294
0.175695
0.466581
0.185630
0.930692
0.235051
0.289568
0.198572
0.907653
0.049281
0.850560
0.859035
0.598263
0.828787
0.232582
0.420797
0.819317
0.572522
0.529551
0.999628
0.089115
0.798311
0.794438
0.616298
0.752966
0.466182
0.030363
0.898564
0.157482
0.620524
0.874623
0.218176
0.662685
0.381977
0.694427
0.167692
0.505783
0.078997
0.537561
0.038306
0.197639
0.087348
0.393177
0.213993
0.085259
0.205751
0.008679
0.191168
0.028083
0.046670
0.428693
0.230509
0.124185
0.668855
0.431528
0.084392
0.380403
0.775705
0.956493
0.877193
0.678319
0.800484
0.870787
0.275894
0.860471
0.692781
0.555442
0.726482
0.247250
0.603690
0.193450
0.570770
0.628051
0.880596
0.326578
0.543495
0.968088
0.063402
0.576696
0.898049
0.687108
0.206749
0.878258
0.559668
0.834481
0.918244
0.475914
0.268195
0.477780
0.629011
0.249340
0.081188
0.794167
0.724559
0.940051
0.466719
0.095432
0.233035
0.985224
0.050028
0.202361
0.562593
0.183927
0.087508
0.320575
0.615635
0.213390
0.545446
0.950992
0.097075
0.318363
0.051471
0.220647
0.635944
0.665678
0.677707
0.655354
0.910514
0.098926
0.891839
0.380458
0.309680
0.163877
0.883398
0.560021
0.077304
0.482828
0.816961
0.832856
0.718458
0.123278
0.283067
0.324856
0.840313
0.680938
0.884667
0.494467
0.246466
0.135692
0.507047
0.569782
0.988927
0.258116
0.539262
0.363591
0.241064
0.668997
0.234181
0.993434
0.118556
0.670013
0.272972
0.908191
0.321731
0.364648
0.620778
0.036143
0.376451
0.428207
0.278136
0.961568
0.033532
0.327630
0.823524
0.431702
0.567198
0.857994
0.654689
0.051722
0.356628
0.185211
0.940150
0.585126
0.603581
0.154375
0.029478
0.417538
0.742624
0.541403
0.905560
0.525175
0.244564
0.151733
0.329685
0.010848
0.851381
0.773392
0.188715
0.210636
0.861923
0.651407
0.932132
0.548044
0.008692
0.904291
0.536959
0.218442
0.620648
0.798841
0.483477
0.158349
0.595572
0.543380
0.509564
0.309418
0.945501
0.618165
0.353313
0.377960
0.114145
0.610618
0.131159
0.054009
0.477212
0.397079
0.942910
0.160228
0.553023
0.756517
0.678326
0.605614
0.896554
0.668565
0.926849
0.211629
0.896739
0.051562
0.388983
0.833145
0.013144
0.058457
0.953019
0.321729
0.189248
0.651219
0.754343
0.367245
0.378069
0.759083
0.368464
0.432464
0.470676
0.743123
0.017044
0.676086
0.385541
0.849165
0.174283
0.410832
0.405802
0.360262
0.999754
0.673140
0.068311
0.858875
0.642308
0.620843
0.048466
0.519184
0.995642
0.508936
0.667002
0.376405
0.849495
0.464073
0.024918
0.969077
0.102035
0.389451
0.604395
0.858605
0.802979
0.330146
0.906529
0.673228
0.657891
0.754605
0.949571
0.143238
0.839477
0.669562
0.416172
0.638581
0.890266
0.237719
0.665597
0.464072
0.587223
0.610782
0.287504
0.482328
0.591770
0.755134
0.075838
0.042522
0.976838
0.491970
0.810177
0.826210
0.675906
0.140792
0.909838
0.570742
0.579564
0.122038
0.782235
0.296987
0.126835
0.202746
0.227624
0.111048
0.937010
0.554416
0.840245
0.938697
0.110735
0.214982
0.510849
0.115255
0.526050
0.421612
0.484393
0.130435
0.917311
0.606973
0.352757
0.414959
0.575776
0.862031
0.806204
0.860201
0.395125
0.581182
0.166247
0.150034
0.120365
0.772651
0.960723
0.430961
0.383267
0.575192
0.160376
0.687552
0.432508
0.542083
0.802936
0.369394
0.824534
0.890495
0.510426
0.637054
0.336497
0.558161
0.829863
0.470895
0.521612
0.433926
0.165258
0.090555
0.848334
0.642626
0.635224
0.546227
0.867924
0.360538
0.097926
0.206893
0.132211
0.142611
0.492714
0.535813
0.348615
0.468243
0.011618
0.219967
0.898453
0.704525
0.436892
0.226979
0.164820
0.474774
0.562784
0.879145
0.097509
0.770596
0.307338
0.847571
0.985680
0.806610
0.056860
0.227566
0.087813
0.571713
0.662191
0.316172
0.577725
0.247216
0.309307
0.490287
0.372335
0.842385
0.251330
0.904759
0.900085
0.728526
0.945744
0.679166
0.509385
0.654494
0.867413
0.513961
0.186617
0.704835
0.839747
0.325106
0.907715
0.656205
0.864660
0.674167
0.562411
0.922301
0.655444
0.520728
0.914227
0.610768
0.450693
0.767577
0.862236
0.990038
0.574354
0.197765
0.894559
0.457109
0.015930
0.816857
0.532374
0.970302
0.241952
0.273414
0.892584
0.160002
0.267967
0.505426
0.804893
0.235528
0.769260
0.978615
0.934352
0.382262
0.785031
0.882440
0.734786
0.089030
0.268316
0.328671
0.115220
0.494796
0.793068
0.462439
0.185511
0.113922
0.887677
0.312834
0.275943
0.642501
0.505159
0.155140
0.437353
0.901357
0.645164
0.964455
0.334216
0.504890
0.239912
0.655256
0.775613
0.714452
0.529869
0.026997
0.192652
0.029994
0.757168
0.585255
0.192040
0.768277
0.363989
0.453671
0.592444
0.778450
0.814750
0.815854
0.202990
0.149093
0.777369
0.469670
0.323916
0.591872
0.859216
0.989593
0.751715
0.957500
0.353669
0.385936
0.536383
0.999754
0.382316
0.726534
0.365015
0.689526
0.248788
0.782108
0.555697
0.059637
0.144687
0.454485
0.723793
0.676260
0.440681
0.073750
0.913409
0.878230
0.652820
0.574500
0.119494
0.793898
0.379558
0.845178
0.763859
0.374232
0.071345
0.624973
0.472596
0.745642
0.143482
0.664176
0.557015
0.813349
0.990814
0.955748
0.190284
0.305835
0.560443
0.398568
0.494748
0.396584
0.954698
0.313752
0.532154
0.443816
0.781533
0.327117
0.968801
0.610788
0.208791
0.384968
0.840201
0.511211
0.774683
0.578400
0.407173
0.643486
0.868539
0.613478
0.541160
0.795478
0.129420
0.641283
0.036816
0.614135
0.068603
0.821946
0.782135
0.921853
0.554846
0.869334
0.050038
0.638639
0.005623
0.446017
0.461796
0.334877
0.596551
0.048955
0.235269
0.727321
0.475595
0.951931
0.414579
0.058429
0.085486
0.217253
0.299803
0.218727
0.541467
0.232251
0.594159
0.119755
0.662899
0.000612
0.872885
0.872516
0.344442
0.468925
0.285109
0.428218
0.400207
0.798624
0.532035
0.884343
0.794226
0.116007
0.647993
0.523539
0.051255
0.160550
0.143682
0.944052
0.938807
0.286164
0.273301
0.451068
0.836720
0.692630
0.351235
0.035621
0.223618
0.925734
0.883455
0.083145
0.866453
0.794561
0.179412
0.973226
0.602779
0.732375
0.879776
0.485879
0.355368
0.452172
0.453176
0.682418
0.561873
0.807490
0.082630
0.429723
0.682058
0.210767
0.052851
0.968820
0.552071
0.542403
0.758115
0.859948
0.076580
0.319824
0.943969
0.968887
0.119664
0.212864
0.863514
0.079697
0.304961
0.874723
0.431190
0.648187
0.142931
0.200815
0.376340
0.553533
0.142727
0.584841
0.190068
0.602286
0.060000
0.675396
0.598184
0.613434
0.698361
0.569860
0.328721
0.023746
0.786755
0.947048
0.444697
0.941971
0.759853
0.327314
0.023447
0.025868
0.183041
0.559115
0.946872
0.518897
0.293607
0.724372
0.158048
0.559727
0.428347
0.500725
0.496460
0.747695
0.024738
0.545567
0.876153
0.925691
0.514807
0.712774
0.769668
0.727611
0.671361
0.775642
0.029039
0.364008
0.255822
0.315710
0.758456
0.104497
0.892780
0.412883
0.168462
0.411199
0.742752
0.713376
0.927562
0.620309
0.342549
0.193295
0.994742
0.629898
0.060089
0.921510
0.198056
0.386375
0.392142
0.159659
0.024853
0.959413
0.291166
0.132599
0.234550
0.029570
0.109584
0.531982
0.693478
0.292698
0.411919
0.660606
0.383326
0.203313
0.939649
0.827084
0.142027
0.962570
0.579383
0.009685
0.572518
0.516823
0.238307
0.634971
0.586326
0.311327
0.260560
0.567440
0.269854
0.408213
0.363907
0.888429
0.383174
0.469075
0.755750
0.464424
0.930632
0.951041
0.421136
0.859660
0.739238
0.171782
0.819687
0.387790
0.963510
0.174190
0.991091
0.484049
0.422721
0.457576
0.950343
0.133794
0.880939
0.166482
0.261875
0.946088
0.848978
0.431512
0.565271
0.726693
0.608221
0.323963
0.898899
0.766181
0.515779
0.734043
0.839380
0.865870
0.751910
0.226804
0.762669
0.899552
0.962119
0.929145
0.502285
0.584235
0.598206
0.098042
0.194112
0.599645
0.216495
0.291666
0.064320
0.854588
0.511634
0.572918
0.043550
0.008409
0.086312
0.714825
0.629278
0.387077
0.938669
0.729697
0.919258
0.614530
0.619541
0.723425
0.798594
0.148962
0.122392
0.081908
0.275071
0.868172
0.643050
0.561740
0.862138
0.894751
0.629295
0.199671
0.943825
0.356967
0.448954
0.027187
0.504959
0.220342
0.878320
0.814367
0.554473
0.032981
0.461139
0.141798
0.637239
0.349156
0.044733
0.666099
0.945503
0.034075
0.068547
0.626399
0.676427
0.021313
0.987888
0.977495
0.205869
0.665550
0.760100
0.134819
0.675902
0.488757
0.221997
0.280115
0.336922
0.099181
0.238103
0.313518
0.103751
0.719823
0.412905
0.381292
0.734902
0.306684
0.322716
0.986112
0.828136
0.486047
0.441508
0.539479
0.743352
0.673406
0.189585
0.104172
0.962420
0.042143
0.725775
0.415211
0.418357
0.635453
0.805952
0.777269
0.663644
0.616889
0.238497
0.082577
0.386842
0.549706
0.347564
0.678299
0.762152
0.908237
0.496725
0.322588
0.259189
0.841126
0.889450
0.425027
0.228038
0.220328
0.731483
0.575131
0.482257
0.275466
0.768096
0.161710
0.951837
0.793154
0.472717
0.300214
0.787437
0.977954
0.710842
0.173032
0.132250
0.257453
0.904547
0.091962
0.500680
0.559745
0.120263
0.689754
0.722910
0.998018
0.559763
0.700385
0.937489
0.423887
0.787075
0.091360
0.893111
0.527919
0.230122
0.146162
0.905667
0.001249
0.784591
0.475654
0.304112
0.764232
0.370369
0.362770
0.982181
0.314343
0.370979
0.048628
0.193041
0.352720
0.769021
0.267998
0.717795
0.883155
0.392580
0.990109
0.790620
0.914462
0.847823
0.853449
0.254177
0.572094
0.942301
0.371548
0.476853
0.281796
0.634409
0.785911
0.013001
0.530842
0.881540
0.342008
0.300504
0.454014
0.229040
0.138455
0.135116
0.904382
0.282414
0.156763
0.053613
0.135075
0.456455
0.211949
0.210151
0.478663
0.888977
0.700100
0.001488
0.316202
0.357689
0.969172
0.542990
0.888354
0.331926
0.949806
0.621538
0.435556
0.234367
0.383964
0.753342
0.441814
0.060730
0.345456
0.300978
0.185277
0.109326
0.006933
0.898217
0.015902
0.780402
0.256037
0.883897
0.042995
0.712545
0.266937
0.544369
0.839426
0.597086
0.694581
0.242325
0.080534
0.440236
0.464152
0.298886
0.319020
0.087424
0.098382
0.673885
0.546827
0.167548
0.065761
0.230856
0.364947
0.111091
0.383007
0.900301
0.135185
0.321718
0.789346
0.385633
0.946747
0.384209
0.586742
0.756436
0.726881
0.242620
0.051835
0.205502
0.849931
0.623271
0.249218
0.318747
0.753579
0.571522
0.673379
0.126625
0.814811
0.454992
0.213899
0.224947
0.140514
0.216479
0.255799
0.921919
0.417310
0.266989
0.808745
0.283362
0.080379
0.344168
0.404285
0.503118
0.199057
0.747408
0.342759
0.160881
0.644729
0.843080
0.928774
0.882526
0.670248
0.028653
0.558283
0.972608
0.465288
0.791844
0.348000
0.826059
0.893759
0.111077
0.099801
0.974214
0.411896
0.649094
0.424428
0.403970
0.140159
0.044386
0.999576
0.012946
0.356901
0.157634
0.082359
0.164192
0.305901
0.713627
0.639541
0.592703
0.747649
0.325801
0.904233
0.015548
0.147614
0.145616
0.623540
0.348638
0.809302
0.312762
0.461691
0.114153
0.606524
0.333359
0.494884
0.417935
0.769566
0.602123
0.018239
0.096083
0.349302
0.623099
0.242605
0.617266
0.534973
0.499590
0.639362
0.893010
0.810247
0.977780
0.478193
0.716130
0.755221
0.735518
0.463724
0.104743
0.255370
0.874766
0.014222
0.410310
0.187640
0.792091
0.825613
0.483718
0.404028
0.527219
0.347921
0.861665
0.718207
0.507452
0.074049
0.511254
0.674996
0.670444
0.242275
0.875387
0.308612
0.535500
0.308024
0.313963
0.896283
0.852754
0.205652
0.601296
0.520705
0.360166
0.840075
0.280993
0.059240
0.462368
0.998106
0.804920
0.120245
0.526871
0.011965
0.698861
0.407449
0.607656
0.338390
0.257025
0.581225
0.061456
0.016476
0.520409
0.829608
0.447466
0.750374
0.636964
0.100094
0.448268
0.628364
0.027983
0.173075
0.641575
0.970951
0.535614
0.986081
0.034193
0.215300
0.638260
0.710953
0.258253
0.543679
0.677886
0.019365
0.814288
0.086136
0.427162
0.580555
0.736692
0.143283
0.112680
0.563214
0.237292
0.139111
0.128128
0.564803
0.356542
0.815804
0.339878
0.879257
0.445655
0.896634
0.375578
0.110573
0.115040
0.677581
0.909366
0.226946
0.234849
0.356069
0.827671
0.969207
0.954189
0.693399
0.936272
0.928780
0.730584
0.647440
0.508557
0.304377
0.916233
0.950018
0.729541
0.652269
0.840174
0.269281
0.260096
0.541200
0.035102
0.355978
0.327621
0.697654
0.685660
0.672859
0.586581
0.627957
0.594808
0.931950
0.675508
0.087249
0.471430
0.182771
0.413318
0.747977
0.802721
0.808047
0.461522
0.727873
0.577919
0.678454
0.360955
0.854231
0.936402
0.715439
0.010180
0.862148
0.105602
0.116411
0.062262
0.702859
0.627197
0.149223
0.599141
0.437539
0.619877
0.846964
0.816620
0.334333
0.141980
0.487928
0.883700
0.903864
0.467506
0.772163
0.489789
0.192172
0.316482
0.182180
0.771418
0.300546
0.749211
0.702947
0.022561
0.279084
0.179344
0.670919
0.092469
0.314264
0.840572
0.803968
0.211720
0.929100
0.285551
0.948270
0.757910
0.275714
0.254813
0.763502
0.570301
0.921765
0.351126
0.687496
0.788552
0.821021
0.636104
0.293626
0.061403
0.780630
0.947975
0.530665
0.631255
0.168977
0.760943
0.752399
0.330923
0.183257
0.778496
0.573541
0.557433
0.659539
0.607747
0.085017
0.466797
0.999576
0.727055
0.446970
0.104044
0.362198
0.831184
0.904973
0.011117
0.210660
0.249796
0.397477
0.032087
0.194567
0.347870
0.379002
0.683173
0.956458
0.249818
0.846325
0.114236
0.092223
0.203938
0.641120
0.738699
0.910481
0.633325
0.203390
0.961328
0.340086
0.452598
0.741351
0.863968
0.621278
0.080822
0.975365
0.262627
0.213759
0.421168
0.633738
0.658076
0.347484
0.803491
0.942372
0.400425
0.586076
0.492193
0.426034
0.863486
0.784715
0.015460
0.128656
0.611087
0.129669
0.362103
0.049961
0.266139
0.630290
0.779542
0.606925
0.441927
0.190741
0.673519
0.666231
0.338693
0.271405
0.311498
0.297678
0.168795
0.322281
0.943639
0.492523
0.969035
0.654835
0.526110
0.533279
0.654686
0.846804
0.831302
0.335393
0.728502
0.137445
0.900367
0.483661
0.288883
0.419310
0.999140
0.668611
0.090292
0.826761
0.614773
0.586453
0.149037
0.880444
0.134903
0.130708
0.808381
0.599552
0.413318
0.888972
0.375312
0.477972
0.097362
0.563521
0.310774
0.633852
0.695859
0.692918
0.936109
0.791490
0.647330
0.181304
0.448268
0.906043
0.023679
0.094760
0.499105
0.920894
0.813228
0.646501
0.270923
0.689595
0.479711
0.685695
0.706255
0.443452
0.623195
0.733547
0.679261
0.645755
0.179431
0.314719
0.716917
0.307422
0.712156
0.386086
0.815767
0.618968
0.676632
0.176739
0.245394
0.961990
0.182348
0.315764
0.924557
0.740974
0.050327
0.564803
0.634905
0.373893
0.059675
0.602294
0.113155
0.907546
0.094727
0.921443
0.254782
0.150407
0.745903
0.534741
0.000101
0.120486
0.263764
0.338737
0.510862
0.526502
0.018035
0.933019
0.625689
0.585013
0.844861
0.890126
0.496257
0.980769
0.371364
0.406348
0.240421
0.818833
0.253631
0.129173
0.937596
0.720325
0.841537
0.441964
0.666828
0.364189
0.351955
0.511314
0.426856
0.969240
0.873590
0.872616
0.855116
0.997874
0.296354
0.884336
0.900510
0.408109
0.332303
0.145453
0.021628
0.606650
0.621833
0.301702
0.643211
0.994226
0.368296
0.907623
0.371462
0.136743
0.058355
0.239987
0.752359
0.742421
0.568200
0.735481
0.862580
0.236037
0.962846
0.847595
0.002879
0.865924
0.624827
0.364537
0.768607
0.386289
0.229139
0.116572
0.398153
0.964747
0.664634
0.526326
0.941029
0.470165
0.111480
0.852717
0.383558
0.705868
0.364909
0.466139
0.658828
0.834109
0.564238
0.021382
0.733167
0.665131
0.081945
0.402082
0.784637
0.992996
0.461186
0.467186
0.498145
0.695067
0.394113
0.591201
0.352979
0.446262
0.430026
0.443412
0.737974
0.056904
0.740107
0.292450
0.381346
0.937597
0.843630
0.862539
0.933608
0.499326
0.202726
0.759025
0.543923
0.041704
0.549994
0.095907
0.496929
0.473479
0.952466
0.454133
0.580335
0.801166
0.061591
0.767629
0.331647
0.430349
0.422775
0.964527
0.578463
0.965712
0.900603
0.850996
0.262651
0.950616
0.940219
0.585175
0.190416
0.163209
0.122733
0.430233
0.379108
0.151214
0.277902
0.266174
0.064831
0.758104
0.457774
0.281999
0.226857
0.694756
0.439369
0.549593
0.506351
0.827988
0.873458
0.219241
0.026114
0.484809
0.912821
0.279142
0.529601
0.762630
0.491384
0.327512
0.173135
0.754004
0.661861
0.239644
0.743555
0.762305
0.482059
0.832235
0.099896
0.633836
0.239070
0.476026
0.614473
0.253466
0.858106
0.662554
0.725042
0.145563
0.372629
0.853067
0.611655
0.949735
0.970402
0.823333
0.232274
0.870964
0.683775
0.447452
0.540057
0.964948
0.991431
0.451468
0.759035
0.349814
0.594265
0.612647
0.007369
0.032394
0.743350
0.916121
0.768774
0.507731
0.978155
0.024935
0.460467
0.500650
0.895294
0.524599
0.414260
0.143690
0.201029
0.705450
0.557184
0.361340
0.815144
0.023552
0.999229
0.407811
0.872472
0.918318
0.814192
0.117876
0.215519
0.068575
0.492178
0.206935
0.413923
0.969059
0.490286
0.826692
0.181962
0.990469
0.424592
0.404064
0.414159
0.270147
0.526715
0.133687
0.213298
0.670047
0.788987
0.684849
0.458552
0.602171
0.072231
0.291697
0.539881
0.621156
0.337682
0.525503
0.175831
0.279318
0.670341
0.948529
0.214937
0.302725
0.653812
0.641106
0.397469
0.926884
0.579804
0.579971
0.297454
0.710817
0.119562
0.096863
0.569911
0.796349
0.936712
0.433584
0.862067
0.597556
0.815639
0.084241
0.898756
0.980028
0.547555
0.402573
0.582117
0.041784
0.935797
0.015274
0.136584
0.542605
0.027474
0.177908
0.236562
0.485890
0.271949
0.001406
0.452530
0.460882
0.766461
0.986750
0.689662
0.461708
0.640784
0.665096
0.441788
0.355836
0.818562
0.841479
0.684356
0.055474
0.782029
0.582972
0.047109
0.312614
0.265206
0.136689
0.175969
0.707787
0.261394
0.478674
0.971984
0.614361
0.903579
0.610226
0.912408
0.209117
0.257933
0.571595
0.066553
0.964797
0.254521
0.831834
0.540237
0.734836
0.805987
0.244596
0.162401
0.742250
0.871726
0.499141
0.683002
0.465879
0.096043
0.419313
0.921296
0.014341
0.765077
0.905707
0.198931
0.762048
0.816775
0.722044
0.445483
0.447838
0.175766
0.463760
0.718783
0.181830
0.999576
0.424689
0.673592
0.872176
0.459383
0.473192
0.199646
0.003285
0.833501
0.869825
0.956261
0.097928
0.195479
0.316803
0.868672
0.719722
0.533532
0.864797
0.669493
0.653054
0.848165
0.227398
0.874125
0.795745
0.686404
0.748683
0.281365
0.380005
0.852084
0.193945
0.431032
0.088941
0.609412
0.561996
0.939070
0.335780
0.891700
0.477178
0.379648
0.591854
0.286435
0.905485
0.388395
0.154837
0.879092
0.068356
0.088080
0.843046
0.435427
0.725173
0.876613
0.971246
0.716555
0.546406
0.827998
0.029221
0.330699
0.797873
0.622366
0.151773
0.105062
0.056567
0.395973
0.877272
0.232413
0.342962
0.462505
0.465592
0.635834
0.906101
0.451239
0.043490
0.091081
0.567972
0.405951
0.909104
0.853727
0.013867
0.332672
0.034318
0.354070
0.806189
0.038516
0.215853
0.750127
0.160495
0.003509
0.738962
0.204043
0.223760
0.030247
0.111826
0.316963
0.664628
0.251830
0.418780
0.405941
0.861907
0.398209
0.625418
0.969388
0.758137
0.348063
0.481797
0.129535
0.036674
0.672758
0.229140
0.506059
0.549460
0.027782
0.572841
0.648765
0.844231
0.704195
0.276661
0.419974
0.049128
0.928770
0.430661
0.404043
0.714071
0.529348
0.104044
0.886767
0.285303
0.465863
0.603088
0.479148
0.615563
0.493952
0.288079
0.483542
0.059580
0.575291
0.469656
0.906535
0.655111
0.696856
0.897356
0.553605
0.384526
0.802251
0.098265
0.530547
0.401794
0.785920
0.133286
0.541662
0.999151
0.544282
0.258374
0.902844
0.348678
0.193102
0.538512
0.548859
0.629151
0.867580
0.427837
0.687511
0.455083
0.047598
0.949200
0.437998
0.109442
0.823973
0.863925
0.790521
0.721920
0.251004
0.585477
0.681784
0.746282
0.238521
0.761192
0.056170
0.227809
0.537360
0.110771
0.446489
0.264274
0.166916
0.189774
0.708063
0.998005
0.773522
0.146130
0.953446
0.880838
0.451561
0.897329
0.683925
0.491279
0.281707
0.599593
0.616727
0.376397
0.690852
0.166242
0.328914
0.371688
0.586147
0.263444
0.442689
0.111678
0.103196
0.744874
0.571315
0.582804
0.699673
0.443752
0.336270
0.048267
0.856175
0.417500
0.707412
0.561280
0.873657
0.916820
0.258691
0.007221
0.410753
0.042274
0.269024
0.714712
0.636109
0.256230
0.324797
0.548062
0.003657
0.869917
0.137607
0.045618
0.937855
0.541916
0.915577
0.966642
0.558069
0.658003
0.103012
0.028916
0.315558
0.649241
0.712424
0.995335
0.073505
0.516593
0.442931
0.544625
0.163012
0.721313
0.234560
0.592757
0.632748
0.560632
0.559110
0.830617
0.478443
0.051813
0.979536
0.232635
0.251853
0.302920
0.864682
0.052052
0.825730
0.448360
0.629080
0.092668
0.851622
0.298601
0.201289
0.184739
0.711283
0.207984
0.988594
0.504210
0.743889
0.848032
0.467291
0.479001
0.135945
0.116544
0.378398
0.452275
0.031441
0.579542
0.922916
0.808685
0.732665
0.382937
0.088398
0.812858
0.622867
0.466961
0.728345
0.716824
0.645788
0.136736
0.245137
0.880754
0.990990
0.288993
0.730032
0.945022
0.146677
0.054427
0.021260
0.576040
0.454185
0.708365
0.731332
0.677982
0.913025
0.834636
0.542212
0.271075
0.596878
0.038349
0.693564
0.647672
0.925532
0.324452
0.998598
0.659948
0.143783
0.372664
0.129076
0.623470
0.055797
0.030784
0.504640
0.172678
0.894398
0.081887
0.107067
0.665211
0.633096
0.375263
0.980192
0.959377
0.210055
0.725423
0.795829
0.835390
0.585364
0.455472
0.571683
0.522381
0.025282
0.192723
0.311768
0.854870
0.151042
0.856785
0.723253
0.254226
0.428503
0.370836
0.835999
0.443275
0.653596
0.900889
0.934801
0.129622
0.524065
0.837532
0.493462
0.810830
0.419349
0.216585
0.355625
0.197508
0.548359
0.000142
0.367468
0.962756
0.601911
0.762869
0.456888
0.412134
0.067260
0.739875
0.244244
0.140405
0.452855
0.265941
0.929746
0.572178
0.530376
0.979830
0.247476
0.855159
0.448379
0.374554
0.818239
0.628134
0.499577
0.671988
0.432044
0.571707
0.645603
0.399625
0.309388
0.702273
0.212269
0.494467
0.659048
0.166638
0.699727
0.284343
0.494750
0.601131
0.711397
0.064863
0.670930
0.826389
0.124675
0.449986
0.614146
0.473750
0.400298
0.708999
0.225911
0.055419
0.624942
0.107447
0.624536
0.683440
0.691726
0.776474
0.435141
0.941050
0.665250
0.245086
0.919291
0.985393
0.938369
0.165360
0.073896
0.765776
0.877213
0.514466
0.963198
0.454503
0.830836
0.107991
0.609840
0.470914
0.428603
0.398202
0.937838
0.356064
0.450281
0.378247
0.006776
0.357303
0.100907
0.026116
0.498995
0.400098
0.296826
0.907818
0.021532
0.759356
0.534746
0.606074
0.668907
0.654213
0.707922
0.344890
0.714508
0.248095
0.910321
0.321817
0.807051
0.568544
0.060315
0.353308
0.241130
0.206886
0.231461
0.483211
0.140683
0.713850
0.722491
0.433672
0.681863
0.380433
0.376910
0.409121
0.024414
0.949991
0.891485
0.749997
0.702631
0.223174
0.171413
0.709621
0.929164
0.827032
0.208675
0.866430
0.215398
0.567547
0.911724
0.039530
0.835621
0.074877
0.403689
0.438193
0.930380
0.295709
0.059081
0.019294
0.225919
0.059827
0.163751
0.759301
0.756744
0.330076
0.179760
0.861994
0.229515
0.077670
0.967857
0.646775
0.417874
0.358703
0.679220
0.306795
0.685333
0.312845
0.760837
0.436935
0.400178
0.280801
0.432959
0.739430
0.932028
0.221965
0.071903
0.884040
0.451099
0.395806
0.068566
0.879300
0.031789
0.997427
0.505515
0.484926
0.282453
0.866249
0.398563
0.130611
0.870389
0.633041
0.449359
0.205434
0.919338
0.960245
0.342523
0.631418
0.157275
0.948597
0.355033
0.755322
0.262845
0.023772
0.609541
0.189769
0.774245
0.733972
0.051454
0.448032
0.906449
0.045986
0.172018
0.026145
0.706204
0.356846
0.249314
0.290023
0.061393
0.062673
0.813822
0.986245
0.769141
0.631386
0.686855
0.271589
0.605566
0.493487
0.787779
0.667361
0.763636
0.962925
0.252989
0.876944
0.773299
0.828000
0.849037
0.996553
0.567851
0.446958
0.903298
0.596014
0.850185
0.863662
0.677231
0.966971
0.470192
0.017515
0.257668
0.703771
0.427454
0.955575
0.119496
0.771177
0.615006
0.340743
0.435309
0.775114
0.304624
0.463638
0.813228
0.224449
0.222775
0.242239
0.943674
0.324151
0.007067
0.776871
0.562120
0.428460
0.290510
0.722427
0.292251
0.596451
0.106812
0.957898
0.348863
0.105718
0.012914
0.547744
0.450461
0.901169
0.100351
0.182325
0.738038
0.377923
0.027188
0.896614
0.310909
0.947147
0.506368
0.748407
0.386542
0.322946
0.040398
0.449860
0.704917
0.442951
0.099255
0.501675
0.436584
0.425359
0.948164
0.138211
0.746834
0.735492
0.790968
0.057315
0.717569
0.034534
0.946925
0.776927
0.106798
0.495236
0.614187
0.209923
0.655381
0.700245
0.999492
0.394785
0.228659
0.408195
0.543930
0.395824
0.310445
0.386642
0.633924
0.343242
0.020489
0.505763
0.522717
0.017514
0.754330
0.290411
0.342948
0.956702
0.149611
0.153117
0.026021
0.852829
0.809601
0.723598
0.895012
0.184936
0.272319
0.575314
0.820223
0.653326
0.686968
0.288541
0.886187
0.806957
0.320439
0.627335
0.224428
0.386904
0.056297
0.744534
0.343557
0.254177
0.102655
0.060262
0.190438
0.399059
0.251322
0.565779
0.852825
0.870429
0.457974
0.800383
0.861881
0.055243
0.393381
0.633602
0.865809
0.977907
0.771984
0.241459
0.963883
0.183626
0.941577
0.011871
0.450828
0.685026
0.833534
0.252502
0.408888
0.863153
0.265656
0.941093
0.580085
0.457165
0.770200
0.024320
0.882142
0.796136
0.020510
0.591919
0.722931
0.524974
0.155410
0.017761
0.892041
0.667671
0.377546
0.742826
0.032452
0.227382
0.328333
0.884932
0.835960
0.526058
0.538341
0.389526
0.775132
0.377645
0.509631
0.811875
0.041392
0.318926
0.419802
0.355135
0.859399
0.700757
0.431913
0.027042
0.495116
0.289169
0.957720
0.250467
0.368652
0.319237
0.933237
0.234572
0.069826
0.972818
0.126952
0.632799
0.897953
0.161774
0.285209
0.464773
0.498056
0.047868
0.521571
0.929224
0.230827
0.035421
0.944285
0.286358
0.127439
0.258619
0.177225
0.627275
0.473718
0.936994
0.925550
0.495889
0.619249
0.084462
0.250519
0.390731
0.190407
0.983038
0.102796
0.289511
0.223865
0.468593
0.639129
0.669142
0.409587
0.998598
0.132482
0.530483
0.082228
0.436011
0.206610
0.669688
0.992715
0.438941
0.426859
0.053154
0.161527
0.818709
0.879095
0.395989
0.549552
0.903896
0.962257
0.989904
0.936298
0.549323
0.410044
0.439758
0.400160
0.432074
0.238130
0.872264
0.772787
0.117574
0.983857
0.021474
0.086239
0.598571
0.463047
0.740789
0.164865
0.964702
0.545648
0.195021
0.933540
0.304892
0.760921
0.700428
0.503955
0.854640
0.722690
0.842251
0.242367
0.610292
0.926472
0.279025
0.943368
0.587035
0.345797
0.696009
0.359643
0.400204
0.549117
0.586228
0.139128
0.813814
0.797824
0.290752
0.966868
0.098244
0.468287
0.628503
0.214773
0.852808
0.286507
0.082674
0.780573
0.119532
0.565123
0.213069
0.206837
0.992546
0.102796
0.542783
0.311440
0.999151
0.274748
0.669492
0.500606
0.851667
0.983418
0.806627
0.930305
0.349095
0.485078
0.132313
0.362456
0.894487
0.847769
0.463410
0.699821
0.926719
0.128339
0.361484
0.615485
0.211079
0.169792
0.441793
0.082846
0.406654
0.000635
0.029546
0.789349
0.145826
0.621078
0.131883
0.370657
0.856345
0.829277
0.075356
0.703126
0.302733
0.925414
0.928287
0.334972
0.155196
0.068855
0.113845
0.411727
0.868883
0.648704
0.472942
0.453271
0.800908
0.690827
0.726824
0.511789
0.079231
0.446597
0.944433
0.146528
0.079934
0.302473
0.469855
0.462178
0.996559
0.263413
0.271858
0.927963
0.764022
0.078816
0.336067
0.577138
0.599695
0.654873
0.071655
0.031230
0.074068
0.461352
0.962561
0.696842
0.461243
0.345263
0.600536
0.838611
0.542658
0.081871
0.748289
0.730472
0.052866
0.870230
0.142195
0.465963
0.930047
0.982747
0.034560
0.301199
0.941758
0.245204
0.432043
0.692285
0.433308
0.965832
0.280172
0.100309
0.836300
0.782127
0.129432
0.096530
0.482050
0.256553
0.485699
0.279438
0.601944
0.453494
0.970891
0.782858
0.436623
0.368086
0.706963
0.025286
0.000240
0.572833
0.080677
0.437831
0.495887
0.592440
0.074927
0.870375
0.004478
0.024646
0.976421
0.669111
0.081610
0.681057
0.035095
0.046335
0.114776
0.834405
0.087989
0.625002
0.895273
0.006999
0.534177
0.282890
0.133516
0.520617
0.106636
0.787777
0.740499
0.824059
0.615171
0.896130
0.368871
0.416030
0.199358
0.570983
0.070559
0.155107
0.334158
0.793860
0.209757
0.983977
0.059828
0.932010
0.055361
0.352734
0.083012
0.153733
0.459860
0.088436
0.922607
0.635999
0.766014
0.479744
0.291871
0.001534
0.467463
0.426769
0.048226
0.383960
0.236062
0.355295
0.093609
0.732454
0.581998
0.662113
0.724339
0.664402
0.791752
0.404467
0.859710
0.777342
0.925409
0.278689
0.832758
0.774335
0.631258
0.334793
0.562830
0.118853
0.572675
0.946032
0.676298
0.994355
0.556399
0.142772
0.685986
0.209104
0.540236
0.260621
0.491065
0.122231
0.601673
0.026624
0.881720
0.030879
0.024870
0.683613
0.151462
0.795825
0.166601
0.448553
0.786714
0.578584
0.667658
0.354706
0.454764
0.997648
0.719848
0.850498
0.318244
0.913107
0.924449
0.352636
0.222230
0.842354
0.589445
0.381884
0.418518
0.166398
0.023262
0.973203
0.584661
0.075232
0.264359
0.446085
0.571307
0.437035
0.120896
0.465829
0.163036
0.572074
0.123912
0.914337
0.492482
0.427200
0.871612
0.633539
0.416442
0.836853
0.714915
0.491562
0.191903
0.924422
0.690078
0.758841
0.209740
0.043435
0.177445
0.948059
0.118810
0.828154
0.528869
0.469379
0.652453
0.561121
0.634580
0.754273
0.336237
0.361623
0.997625
0.117643
0.999492
0.364738
0.071441
0.999492
0.318213
0.393637
0.126586
0.865402
0.670023
0.022064
0.784435
0.072731
0.065657
0.422903
0.021533
0.124874
0.693939
0.137598
0.527705
0.135278
0.117210
0.749146
0.070266
0.477531
0.573671
0.377442
0.820589
0.446301
0.999684
0.397828
0.242576
0.883428
0.136530
0.465835
0.614172
0.444605
0.485204
0.207387
0.376269
0.650301
0.068545
0.477174
0.715821
0.341835
0.146907
0.850723
0.161114
0.468051
0.948919
0.308541
0.925614
0.188816
0.339804
0.189503
0.820683
0.993114
0.182420
0.572328
0.164233
0.436381
0.048818
0.950117
0.248911
0.177612
0.716145
0.359516
0.965816
0.385895
0.323608
0.024413
0.583728
0.627086
0.613630
0.155161
0.794250
0.045313
0.001043
0.436224
0.894536
0.453202
0.964545
0.862508
0.695066
0.444011
0.824268
0.919240
0.823303
0.364198
0.232243
0.410663
0.817585
0.134985
0.767196
0.844353
0.650952
0.105963
0.984189
0.783068
0.333152
0.155024
0.950358
0.643786
0.361264
0.830486
0.011848
0.510094
0.235281
0.849197
0.829980
0.632247
0.843879
0.526062
0.126848
0.718865
0.436218
0.695491
0.356789
0.222018
0.416031
0.294976
0.419288
0.726953
0.471912
0.588666
0.534440
0.969330
0.349539
0.009523
0.481824
0.903944
0.993582
0.959407
0.259621
0.673556
0.065106
0.716091
0.039677
0.105876
0.059036
0.615578
0.496785
0.878669
0.100358
0.089633
0.582002
0.412379
0.040602
0.296879
0.730099
0.598108
0.610750
0.450692
0.998598
0.714745
0.453818
0.632453
0.243613
0.899624
0.627236
0.509648
0.542447
0.416796
0.033690
0.482978
0.107783
0.145831
0.854951
0.353324
0.217056
0.861688
0.110189
0.534526
0.796396
0.189167
0.696960
0.223513
0.783909
0.107237
0.983570
0.490959
0.122590
0.666590
0.749613
0.879841
0.251788
0.803809
0.684809
0.284872
0.666048
0.729821
0.853378
0.561316
0.243566
0.625835
0.092860
0.394095
0.065610
0.081076
0.218349
0.286367
0.289533
0.434170
0.980300
0.611493
0.472442
0.062199
0.420903
0.446195
0.725361
0.122762
0.394091
0.470318
0.098530
0.766758
0.470685
0.606080
0.031337
0.671437
0.015478
0.975578
0.153706
0.710111
0.278961
0.299414
0.792265
0.788923
0.634241
0.333911
0.541512
0.501633
0.459929
0.563064
0.019004
0.236302
0.332489
0.010172
0.480147
0.216202
0.465958
0.020334
0.352814
0.470866
0.401886
0.668449
0.729371
0.758750
0.595758
0.469119
0.672775
0.643920
0.415677
0.378450
0.337639
0.456095
0.421380
0.177988
0.209514
0.615973
0.393302
0.319970
0.775894
0.394462
0.655471
0.431788
0.783051
0.593022
0.128458
0.750836
0.995336
0.649009
0.424600
0.300985
0.664736
0.905209
0.261912
0.781331
0.336146
0.523397
0.327507
0.135318
0.983495
0.232156
0.539295
0.350166
0.049672
0.232812
0.539004
0.902463
0.256593
0.673478
0.452270
0.021755
0.206606
0.123093
0.570818
0.206280
0.482869
0.533545
0.257857
0.264137
0.669530
0.521488
0.120012
0.626805
0.993566
0.982084
0.756183
0.019472
0.352971
0.661286
0.723696
0.925561
0.082936
0.755005
0.152479
0.474234
0.877351
0.812982
0.695602
0.654835
0.773799
0.439741
0.595554
0.537990
0.705486
0.788805
0.045639
0.798453
0.259786
0.720418
0.069987
0.300379
0.631137
0.365392
0.777927
0.254226
0.971259
0.633015
0.372944
0.090422
0.811627
0.891049
0.125861
0.244549
0.835909
0.399202
0.929011
0.710500
0.122080
0.409475
0.914609
0.111823
0.147830
0.769851
0.187657
0.959363
0.185992
0.041019
0.342029
0.419173
0.520383
0.015279
0.307856
0.694256
0.732734
0.115440
0.038320
0.834603
0.678422
0.749082
0.763177
0.411756
0.947243
0.646862
0.302829
0.928058
0.344503
0.665975
0.398036
0.650123
0.210547
0.181993
0.923233
0.756004
0.191453
0.011352
0.332076
0.433007
0.081934
0.836911
0.957952
0.946995
0.770200
0.181346
0.944571
0.485065
0.544449
0.465605
0.306936
0.934319
0.477048
0.276957
0.974464
0.054524
0.425078
0.375171
0.498981
0.738232
0.404637
0.169209
0.544122
0.876015
0.509356
0.817970
0.986412
0.979901
0.265285
0.026045
0.656089
0.098933
0.197296
0.650244
0.405537
0.464882
0.756043
0.222616
0.422079
0.892376
0.593426
0.049626
0.946667
0.097867
0.026848
0.326661
0.962181
0.917171
0.688384
0.030633
0.058004
0.396450
0.584961
0.031422
0.559678
0.928759
0.772900
0.687696
0.330610
0.483051
0.698419
0.366102
0.273122
0.441682
0.427153
0.629420
0.454208
0.464881
0.416877
0.859789
0.792250
0.647188
0.349396
0.945738
0.808773
0.953899
0.985164
0.791042
0.878046
0.629927
0.927374
0.271272
0.609865
0.985157
0.954943
0.138719
0.249702
0.377981
0.814474
0.073653
0.657462
0.462039
0.642640
0.711908
0.272466
0.122446
0.849682
0.204746
0.338660
0.220781
0.143321
0.642907
0.260302
0.178534
0.456333
0.005626
0.603943
0.864244
0.890488
0.976969
0.636004
0.689661
0.169276
0.852863
0.174791
0.666330
0.750764
0.486116
0.588886
0.499209
0.173481
0.974077
0.247251
0.093496
0.476717
0.999492
0.615973
0.535542
0.689264
0.644924
0.431683
0.828722
0.845731
0.200714
0.630570
0.155573
0.710208
0.507583
0.613205
0.615890
0.729570
0.748245
0.255460
0.325209
0.989488
0.722526
0.830470
0.768918
0.690396
0.381849
0.931054
0.056182
0.278733
0.980734
0.152246
0.810072
0.945406
0.242384
0.284292
0.382087
0.650686
0.062759
0.881826
0.415790
0.330876
0.126733
0.154626
0.885138
0.282834
0.633907
0.238672
0.655946
0.688118
0.680242
0.481850
0.593171
0.343820
0.311543
0.954751
0.413846
0.911039
0.249492
0.370948
0.688644
0.607843
0.730913
0.979869
0.869373
0.479255
0.033447
0.144942
0.382288
0.124428
0.370081
0.715903
0.016571
0.487217
0.002065
0.281729
0.064759
0.691808
0.272497
0.894141
0.369559
0.585096
0.726251
0.184567
0.204168
0.021832
0.527393
0.373066
0.287055
0.871190
0.781611
0.758360
0.405594
0.342711
0.433645
0.765714
0.715874
0.618389
0.750748
0.755079
0.590680
0.763053
0.681895
0.906349
0.617675
0.778765
0.054900
0.811633
0.391149
0.016543
0.642684
0.735530
0.900809
0.490612
0.895550
0.032216
0.579580
0.221271
0.945006
0.220713
0.330511
0.311304
0.480144
0.864603
0.684016
0.021108
0.970133
0.436404
0.635790
0.617101
0.443404
0.886090
0.849975
0.928682
0.669737
0.903415
0.870234
0.547546
0.956757
0.949727
0.524170
0.860396
0.245271
0.731157
0.016571
0.027399
0.443199
0.945224
0.638745
0.743590
0.697236
0.019968
0.541078
0.523054
0.083490
0.201329
0.673067
0.684348
0.068406
0.362299
0.204923
0.783150
0.411853
0.297741
0.262117
0.511572
0.364261
0.132205
0.970358
0.624652
0.255430
0.764528
0.654045
0.308891
0.636793
0.571872
0.513342
0.855898
0.071538
0.825788
0.816629
0.310576
0.564549
0.472047
0.548001
0.177175
0.380321
0.991690
0.003742
0.021056
0.052190
0.500040
0.029480
0.367134
0.477712
0.919299
0.383690
0.619778
0.907038
0.954563
0.207573
0.749890
0.944667
0.547514
0.937307
0.134035
0.528000
0.921019
0.667043
0.842922
0.643424
0.065174
0.811963
0.502056
0.763936
0.463917
0.956748
0.959918
0.910116
0.793843
0.704004
0.007031
0.663994
0.624943
0.279849
0.885462
0.515371
0.557995
0.901787
0.639914
0.751574
0.595800
0.681215
0.300021
0.670554
0.575294
0.005059
0.494722
0.706553
0.504255
0.225783
0.413925
0.907166
0.328345
0.565852
0.814709
0.937042
0.789936
0.812966
0.268077
0.050411
0.276797
0.719381
0.541203
0.462424
0.153231
0.517357
0.376909
0.361773
0.378714
0.290356
0.169012
0.813551
0.536261
0.684807
0.825597
0.074627
0.774138
0.870915
0.383240
0.283945
0.539205
0.445599
0.588857
0.733198
0.115952
0.970850
0.341966
0.837511
0.088356
0.832803
0.712629
0.990763
0.648607
0.539039
0.577680
0.293707
0.054118
0.313989
0.092776
0.289033
0.447762
0.947005
0.317464
0.070280
0.867747
0.258387
0.896388
0.773702
0.786833
0.911247
0.567866
0.766634
0.004962
0.669157
0.201618
0.362454
0.603652
0.810503
0.575006
0.217554
0.492651
0.411831
0.180956
0.093441
0.236909
0.427314
0.253894
0.337435
0.351726
0.165073
0.120637
0.485995
0.462126
0.310286
0.883069
0.109379
0.114766
0.408821
0.755402
0.476415
0.941895
0.714171
0.781559
0.451404
0.251431
0.947428
0.803103
0.166473
0.258780
0.429368
0.824841
0.413733
0.497702
0.741840
0.207661
0.140833
0.721799
0.760720
0.514836
0.226535
0.716854
0.194945
0.441680
0.471876
0.128558
0.457442
0.896162
0.126668
0.020641
0.498078
0.281508
0.736496
0.625119
0.531782
0.906738
0.644929
0.448521
0.204328
0.747842
0.419221
0.734361
0.633489
0.765503
0.131965
0.540822
0.845599
0.403988
0.969566
0.521057
0.970423
0.733388
0.741445
0.648588
0.155568
0.921647
0.518852
0.728131
0.682619
0.035851
0.873280
0.798451
0.299471
0.760636
0.842747
0.553476
0.087863
0.906165
0.207577
0.375173
0.444331
0.964232
0.580625
0.540465
0.321350
0.598317
0.931744
0.797620
0.029582
0.445823
0.991355
0.827716
0.590185
0.826746
0.578524
0.745756
0.218136
0.735359
0.637478
0.744899
0.555556
0.417333
0.051992
0.346827
0.221869
0.965589
0.345746
0.199137
0.999913
0.747702
0.671415
0.048236
0.503051
0.908364
0.591832
0.992909
0.345295
0.337270
0.909583
0.692715
0.254663
0.120295
0.100561
0.799968
0.909774
0.368941
0.692666
0.568223
0.057629
0.724845
0.940304
0.265765
0.960739
0.250318
0.662781
0.930580
0.201883
0.044436
0.721270
0.629115
0.003566
0.588435
0.182438
0.691189
0.840785
0.201445
0.682190
0.939299
0.103420
0.715481
0.081674
0.625292
0.924788
0.930972
0.468474
0.403423
0.733845
0.199448
0.714146
0.588034
0.730354
0.191056
0.267208
0.907698
0.617021
0.868530
0.797587
0.826181
0.764012
0.717504
0.670435
0.964080
0.415149
0.421719
0.517022
0.542702
0.879034
0.450811
0.187936
0.762417
0.361921
0.212748
0.965765
0.409502
0.593602
0.761649
0.724312
0.405708
0.746291
0.027894
0.939670
0.730400
0.844441
0.619178
0.572453
0.772290
0.577715
0.630321
0.384302
0.432079
0.748765
0.282960
0.556555
0.783739
0.772824
0.514543
0.422593
0.005045
0.379989
0.754535
0.882615
0.160955
0.807931
0.704210
0.862260
0.929700
0.089060
0.098726
0.022942
0.023403
0.980060
0.534856
0.397663
0.004522
0.523318
0.837535
0.573462
0.927663
0.211156
0.190363
0.379980
0.343873
0.208744
0.930997
0.478718
0.151395
0.715865
0.307820
0.032505
0.632336
0.368986
0.389632
0.319210
0.207587
0.832804
0.230085
0.334531
0.510538
0.555991
0.312188
0.499312
0.721336
0.892442
0.468757
0.487753
0.724272
0.662146
0.110092
0.161304
0.917710
0.161726
0.642441
0.913263
0.894313
0.972706
0.866595
0.482087
0.054116
0.666330
0.576040
0.105156
0.458639
0.099926
0.183849
0.683994
0.184389
0.045889
0.386508
0.388458
0.501890
0.916647
0.495170
0.609613
0.664205
0.545824
0.238850
0.694497
0.818702
0.977229
0.662540
0.072910
0.798692
0.791355
0.033339
0.876019
0.658153
0.377584
0.740898
0.404911
0.993036
0.125053
0.580802
0.837303
0.165896
0.563673
0.071061
0.662099
0.695601
0.018753
0.837470
0.851180
0.578630
0.249205
0.362124
0.859150
0.320552
0.393915
0.504299
0.875304
0.732407
0.348392
0.141993
0.325000
0.203169
0.601488
0.747821
0.464211
0.421854
0.668485
0.891168
0.862261
0.476002
0.323104
0.970443
0.001612
0.591719
0.039412
0.330247
0.814810
0.557735
0.759887
0.447836
0.449067
0.255249
0.584250
0.705572
0.416935
0.719088
0.173438
0.259358
0.622595
0.415729
0.954325
0.510257
0.909733
0.931279
0.135517
0.264699
0.167977
0.118115
0.566645
0.889336
0.866482
0.912560
0.476503
0.675760
0.908413
0.077006
0.188977
0.008074
0.968563
0.967022
0.419875
0.537471
0.084912
0.115315
0.619221
0.911458
0.117004
0.857342
0.401296
0.914631
0.200171
0.904804
0.700895
0.870711
0.252072
0.569357
0.861689
0.784004
0.710930
0.225261
0.505371
0.899157
0.584368
0.411291
0.909674
0.051822
0.691685
0.153415
0.194154
0.025063
0.115681
0.444207
0.727032
0.756452
0.814341
0.255780
0.850826
0.033091
0.346440
0.762677
0.977196
0.874443
0.553800
0.991454
0.442433
0.728772
0.928871
0.635905
0.536476
0.225248
0.438679
0.131471
0.033932
0.341943
0.731046
0.979485
0.251199
0.515882
0.419253
0.070677
0.436945
0.465355
0.326813
0.056687
0.653509
0.081373
0.021441
0.446130
0.625427
0.923685
0.320132
0.705629
0.391755
0.110290
0.896030
0.482920
0.495985
0.185957
0.149678
0.754898
0.548417
0.096772
0.656564
0.963848
0.889434
0.370903
0.100593
0.625163
0.029258
0.931381
0.527206
0.663754
0.222805
0.550068
0.175100
0.417993
0.811873
0.432749
0.293608
0.502375
0.607393
0.927488
0.242237
0.065605
0.040061
0.230391
0.365213
0.551446
0.948530
0.567538
0.499260
0.356440
0.742429
0.736199
0.416615
0.382332
0.236652
0.654070
0.733356
0.861440
0.339384
0.488039
0.078532
0.059835
0.046847
0.794251
0.172058
0.964612
0.082150
0.413509
0.495613
0.375887
0.165423
0.629510
0.854368
0.348919
0.140718
0.545330
0.258751
0.673694
0.257170
0.983788
0.441845
0.404758
0.224587
0.421975
0.253729
0.838462
0.575842
0.965821
0.220005
0.113233
0.380938
0.828050
0.345977
0.725188
0.903015
0.847428
0.715178
0.010158
0.969336
0.668586
0.542887
0.457084
0.176835
0.163839
0.870504
0.859167
0.760344
0.629794
0.340562
0.660018
0.642290
0.324830
0.087079
0.653543
0.647369
0.856003
0.371059
0.798974
0.818513
0.086997
0.642294
0.526313
0.596853
0.168365
0.219115
0.351841
0.136228
0.517739
0.047246
0.076884
0.191384
0.365598
0.374025
0.593948
0.749827
0.580556
0.798611
0.519954
0.443552
0.880403
0.722763
0.273568
0.773682
0.189065
0.717710
0.928637
0.475375
0.517373
0.774633
0.434251
0.031173
0.513610
0.650548
0.678699
0.168843
0.169068
0.935643
0.084119
0.337490
0.479669
0.727384
0.004539
0.997650
0.296626
0.622507
0.325396
0.363705
0.771242
0.648984
0.349962
0.948388
0.569637
0.821572
0.939248
0.249644
0.245208
0.578986
0.938056
0.731511
0.387186
0.857183
0.271611
0.347037
0.474146
0.177865
0.694398
0.368078
0.047849
0.636892
0.585015
0.781969
0.165381
0.113804
0.336565
0.717816
0.101082
0.487640
0.829492
0.927079
0.453076
0.029315
0.090357
0.587245
0.895849
0.887428
0.042511
0.369039
0.527912
0.429767
0.109369
0.723643
0.544469
0.931194
0.313442
0.545714
0.755463
0.291036
0.259488
0.261332
0.440568
0.247556
0.442416
0.910045
0.339632
0.358289
0.483644
0.041276
0.109673
0.304720
0.086504
0.254032
0.711533
0.126470
0.484548
0.673243
0.529384
0.609330
0.318003
0.696333
0.166981
0.355366
0.954406
0.251723
0.133187
0.211177
0.120176
0.800854
0.837285
0.678188
0.040544
0.272596
0.507915
0.179643
0.415160
0.351332
0.858290
0.412383
0.164585
0.526997
0.309461
0.314406
0.756799
0.458249
0.601666
0.074988
0.710281
0.572080
0.154778
0.293398
0.828045
0.919593
0.050184
0.342103
0.461323
0.795374
0.200346
0.745155
0.358114
0.095769
0.835281
0.273143
0.005409
0.100165
0.788163
0.360642
0.018946
0.991657
0.110441
0.545310
0.624554
0.843840
0.930009
0.131322
0.273588
0.765126
0.307993
0.212303
0.464085
0.859349
0.509065
0.115649
0.030964
0.501462
0.919662
0.113573
0.014001
0.181957
0.905191
0.795367
0.312087
0.807018
0.752748
0.516491
0.146307
0.489189
0.296014
0.085908
0.952085
0.583022
0.644089
0.873600
0.130648
0.241358
0.150630
0.411871
0.650513
0.241837
0.362971
0.720677
0.198055
0.083322
0.416161
0.948992
0.439265
0.623092
0.401921
0.728644
0.338798
0.235096
0.599502
0.168201
0.862969
0.955964
0.540880
0.753394
0.105300
0.359692
0.367537
0.195270
0.861092
0.396523
0.475457
0.402447
0.244815
0.751059
0.428725
0.221269
0.504078
0.945380
0.424061
0.155862
0.008986
0.633212
0.317360
0.264443
0.367647
0.921056
0.471432
0.441166
0.978632
0.903677
0.278970
0.993330
0.430023
0.628302
0.467638
0.268097
0.202092
0.790067
0.751206
0.073853
0.946129
0.418242
0.581871
0.078776
0.374120
0.618136
0.949214
0.599802
0.790921
0.988580
0.109399
0.362467
0.679840
0.212891
0.797909
0.606558
0.270864
0.517226
0.847812
0.321398
0.794424
0.371316
0.905687
0.452079
0.378106
0.061549
0.295206
0.455162
0.364172
0.356028
0.445023
0.977119
0.906280
0.588111
0.078245
0.356031
0.098344
0.463673
0.695062
0.828294
0.759935
0.024076
0.392044
0.276057
0.373567
0.420089
0.609686
0.143086
0.171429
0.841615
0.826605
0.139158
0.993867
0.646290
0.101712
0.955010
0.389699
0.900509
0.766046
0.627423
0.459305
0.325044
0.779745
0.180134
0.724683
0.581741
0.577160
0.770685
0.774938
0.677307
0.638901
0.892803
0.619227
0.646257
0.052835
0.111965
0.479267
0.931048
0.689967
0.788840
0.677159
0.748191
0.043655
0.008692
0.187558
0.131947
0.713739
0.268714
0.301797
0.120704
0.897543
0.960655
0.530364
0.206231
0.248194
0.451043
0.793498
0.635219
0.232531
0.030463
0.921319
0.540374
0.555744
0.648525
0.417924
0.211190
0.691829
0.440820
0.110693
0.790662
0.676285
0.403784
0.088570
0.423665
0.673079
0.295255
0.972453
0.677575
0.748861
0.091838
0.907636
0.119774
0.585252
0.074967
0.432505
0.155719
0.580670
0.348771
0.878716
0.912876
0.966874
0.114290
0.874502
0.579512
0.956786
0.182928
0.642823
0.574493
0.798344
0.650801
0.757096
0.308069
0.417392
0.565347
0.096109
0.589237
0.558820
0.283421
0.542686
0.609742
0.181420
0.580322
0.223259
0.476844
0.014724
0.752911
0.372689
0.737486
0.566449
0.844940
0.424824
0.918025
0.382164
0.883955
0.228085
0.650737
0.644315
0.878098
0.029882
0.247197
0.379590
0.296599
0.586425
0.057723
0.980304
0.414943
0.567235
0.495319
0.779808
0.107099
0.827713
0.244112
0.130955
0.321851
0.718937
0.879868
0.381945
0.294305
0.851545
0.539658
0.121385
0.770008
0.699297
0.446663
0.854284
0.707490
0.546574
0.253990
0.387698
0.672304
0.090561
0.469564
0.647891
0.835112
0.900855
0.485929
0.653445
0.078721
0.923341
0.209224
0.148707
0.441284
0.657816
0.377717
0.911248
0.259535
0.015424
0.720925
0.422346
0.007789
0.507578
0.146282
0.101596
0.583620
0.276949
0.584145
0.311076
0.594276
0.857049
0.578147
0.220476
0.020783
0.852998
0.702876
0.266507
0.247847
0.244673
0.622849
0.445887
0.162530
0.606521
0.695825
0.144256
0.455510
0.456942
0.261712
0.450456
0.064802
0.545061
0.859505
0.248429
0.339079
0.363724
0.964568
0.363250
0.969185
0.364117
0.244830
0.193976
0.341859
0.418180
0.776505
0.858542
0.055744
0.318033
0.039200
0.654044
0.050043
0.664496
0.399978
0.582676
0.821100
0.136176
0.191179
0.777208
0.529033
0.962883
0.554586
0.582340
0.459512
0.677720
0.053745
0.995973
0.135962
0.976238
0.407593
0.568441
0.752669
0.462696
0.754687
0.103247
0.194491
0.266578
0.972731
0.739419
0.445591
0.130080
0.029111
0.847467
0.186517
0.621841
0.073085
0.496259
0.901447
0.255476
0.369125
0.889858
0.227727
0.474811
0.755849
0.708591
0.987286
0.811595
0.559646
0.778836
0.549990
0.985938
0.932483
0.237163
0.645604
0.874014
0.976878
0.626810
0.513388
0.040503
0.497280
0.182630
0.453364
0.962836
0.427393
0.423691
0.314229
0.058037
0.250625
0.814004
0.660491
0.667650
0.800848
0.389169
0.042706
0.128143
0.620188
0.332243
0.734058
0.928836
0.398253
0.452355
0.074909
0.571789
0.434056
0.545372
0.312320
0.542550
0.480305
0.852661
0.958705
0.580899
0.854286
0.171163
0.694399
0.119836
0.356702
0.979784
0.971556
0.111477
0.027621
0.841810
0.556896
0.862129
0.207411
0.913485
0.390653
0.696761
0.052087
0.962187
0.497848
0.116026
0.790803
0.685336
0.221793
0.306825
0.493940
0.369148
0.261394
0.739498
0.251129
0.064885
0.683230
0.809787
0.918920
0.254023
0.093204
0.849852
0.389201
0.671747
0.134297
0.987217
0.725013
0.043813
0.617131
0.530535
0.005254
0.432849
0.375879
0.422570
0.980920
0.888771
0.907743
0.549501
0.261849
0.840636
0.330908
0.916423
0.985153
0.074946
0.061318
0.086175
0.447254
0.123269
0.037803
0.385995
0.865211
0.069891
0.539562
0.877139
0.046164
0.311903
0.658390
0.478920
0.734475
0.018184
0.875744
0.072505
0.644672
0.282903
0.814094
0.372402
0.716509
0.330504
0.992109
0.445517
0.910342
0.164347
0.020286
0.438914
0.532159
0.555941
0.380383
0.417270
0.695784
0.026496
0.288441
0.638233
0.324347
0.991862
0.743842
0.646518
0.215548
0.524867
0.109350
0.643139
0.968703
0.469028
0.389860
0.691368
0.241247
0.132385
0.017901
0.822261
0.285160
0.451841
0.696015
0.475256
0.348693
0.783563
0.771025
0.288544
0.326388
0.014473
0.350787
0.983941
0.433445
0.158949
0.845195
0.275508
0.273434
0.393287
0.791536
0.783309
0.987534
0.462116
0.478424
0.125949
0.417170
0.674364
0.327894
0.579656
0.000259
0.384230
0.844004
0.168915
0.246151
0.752074
0.847878
0.144681
0.809793
0.012749
0.149302
0.720774
0.797225
0.990575
0.756959
0.496751
0.789977
0.721095
0.502719
0.374894
0.154730
0.034705
0.897011
0.268101
0.408035
0.575155
0.285466
0.641921
0.307351
0.950209
0.632484
0.694469
0.934062
0.510247
0.502140
0.868829
0.488705
0.325309
0.075323
0.639229
0.922009
0.468699
0.165110
0.199923
0.638469
0.136605
0.548099
0.508449
0.514498
0.843469
0.192557
0.146632
0.725344
0.071869
0.856487
0.826378
0.650177
0.947269
0.568531
0.105434
0.371415
0.610754
0.757647
0.622678
0.372432
0.819405
0.625725
0.904444
0.509425
0.491538
0.170269
0.633352
0.652148
0.494091
0.267706
0.169162
0.690263
0.237966
0.174942
0.636600
0.444830
0.884254
0.747153
0.976581
0.137409
0.184866
0.700219
0.032971
0.103742
0.683878
0.260186
0.914343
0.718387
0.924630
0.980144
0.035970
0.765875
0.159704
0.104223
0.277801
0.670196
0.298806
0.403227
0.564902
0.916387
0.389634
0.477788
0.722842
0.176486
0.979920
0.250738
0.126050
0.019801
0.410448
0.175573
0.246014
0.748718
0.328328
0.043915
0.631371
0.882588
0.861476
0.450543
0.885979
0.811782
0.567272
0.785075
0.235741
0.281917
0.053642
0.177230
0.031501
0.936557
0.396476
0.286821
0.874358
0.359172
0.954806
0.156381
0.681173
0.797622
0.960500
0.036450
0.251242
0.334508
0.362628
0.950956
0.428754
0.163831
0.602744
0.639361
0.567873
0.250031
0.535174
0.037007
0.345498
0.052698
0.069372
0.825683
0.287832
0.694351
0.767280
0.290280
0.297021
0.596546
0.779576
0.288524
0.708894
0.800089
0.837194
0.910449
0.567244
0.179092
0.449508
0.250172
0.058371
0.238558
0.903312
0.809675
0.965655
0.005653
0.746859
0.624270
0.240574
0.462199
0.304828
0.260744
0.866575
0.468390
0.761431
0.957385
0.247107
0.065462
0.812893
0.212366
0.870360
0.460009
0.904251
0.992614
0.591298
0.848702
0.190417
0.135223
0.986386
0.175056
0.393618
0.700765
0.947388
0.977271
0.448909
0.562217
0.416426
0.917477
0.751168
0.971344
0.463203
0.529354
0.939766
0.629873
0.164438
0.006304
0.714402
0.846013
0.971874
0.721209
0.385221
0.915185
0.815043
0.038375
0.674305
0.211355
0.553728
0.187355
0.140654
0.693244
0.907882
0.527683
0.167559
0.245715
0.593840
0.875852
0.385262
0.415790
0.388802
0.295496
0.092505
0.636566
0.643810
0.395182
0.562105
0.729365
0.641248
0.933583
0.176426
0.650285
0.028156
0.019390
0.231310
0.714095
0.592457
0.204912
0.798837
0.545385
0.236313
0.021955
0.561754
0.230134
0.349015
0.381896
0.571403
0.573201
0.710561
0.566533
0.966792
0.308637
0.745056
0.251790
0.089726
0.906697
0.678281
0.034055
0.888667
0.417672
0.083824
0.842042
0.005664
0.278483
0.183794
0.410766
0.453951
0.170798
0.219535
0.835435
0.020967
0.893333
0.450604
0.200707
0.658949
0.627075
0.961466
0.155576
0.573943
0.308397
0.149204
0.258690
0.899229
0.756079
0.585854
0.307772
0.880485
0.446002
0.058712
0.966255
0.031485
0.660070
0.013706
0.758608
0.599220
0.719356
0.992409
0.293156
0.748707
0.257737
0.953788
0.929498
0.717663
0.410647
0.707859
0.500834
0.861159
0.090014
0.020053
0.265240
0.302163
0.943972
0.841617
0.551915
0.105938
0.708271
0.511455
0.318110
0.519103
0.542190
0.696620
0.691175
0.356900
0.248721
0.189571
0.861239
0.818162
0.947243
0.967192
0.158501
0.574536
0.284210
0.005673
0.712042
0.370653
0.417649
0.212178
0.583252
0.521885
0.375585
0.313813
0.207188
0.776804
0.094831
0.081060
0.292068
0.177840
0.919679
0.660255
0.125114
0.695534
0.051576
0.960997
0.538485
0.903258
0.659455
0.761986
0.300297
0.408631
0.901412
0.844552
0.532898
0.758015
0.084211
0.778310
0.215524
0.408440
0.756803
0.818481
0.115228
0.928702
0.653750
0.439428
0.494122
0.894022
0.577056
0.643272
0.970296
0.006928
0.330274
0.024675
0.443596
0.575419
0.543456
0.431208
0.437261
0.857200
0.295266
0.580503
0.625400
0.419049
0.039616
0.437594
0.209601
0.031143
0.965980
0.134541
0.842505
0.919406
0.099201
0.455329
0.560990
0.121346
0.507156
0.996996
0.947221
0.153142
0.811080
0.247373
0.165017
0.103374
0.958446
0.544393
0.476194
0.261240
0.143705
0.864737
0.103094
0.588536
0.866536
0.153107
0.317744
0.113417
0.965874
0.579457
0.274994
0.002751
0.923278
0.191335
0.408709
0.736006
0.700269
0.512588
0.140322
0.018388
0.567213
0.188144
0.843701
0.630501
0.049068
0.856620
0.526874
0.096230
0.805639
0.476916
0.759164
0.374562
0.577599
0.879773
0.143162
0.743730
0.657968
0.757995
0.927882
0.880708
0.632463
0.656477
0.427524
0.063500
0.608381
0.141531
0.166556
0.390064
0.104699
0.693937
0.455115
0.352510
0.286894
0.316488
0.419833
0.699395
0.926525
0.318999
0.806662
0.917726
0.272699
0.545502
0.738650
0.259374
0.911841
0.852637
0.579266
0.897962
0.432243
0.207714
0.318987
0.640359
0.616134
0.231210
0.089617
0.724474
0.566786
0.602932
0.309156
0.439155
0.300586
0.834223
0.283896
0.914370
0.350247
0.690432
0.229435
0.996107
0.838120
0.847663
0.426217
0.171158
0.587945
0.364419
0.577409
0.306523
0.495821
0.530061
0.288843
0.265792
0.720396
0.765625
0.515573
0.243844
0.968548
0.255289
0.812547
0.889362
0.233643
0.994737
0.454779
0.664089
0.822793
0.181655
0.044322
0.605060
0.218629
0.428316
0.857828
0.132034
0.637729
0.841213
0.092277
0.182369
0.746958
0.641556
0.692019
0.899235
0.602087
0.856302
0.863944
0.720421
0.998910
0.464729
0.657689
0.372355
0.140923
0.372129
0.474289
0.560245
0.191904
0.441322
0.611787
0.637477
0.305537
0.644842
0.423637
0.797160
0.313661
0.665901
0.491264
0.651916
0.162695
0.543828
0.953316
0.234830
0.464090
0.658368
0.520541
0.479738
0.266033
0.515108
0.388183
0.371536
0.253524
0.078821
0.560578
0.430566
0.482909
0.809476
0.770325
0.476965
0.192191
0.703359
0.124041
0.163405
0.984183
0.504680
0.677111
0.504388
0.336900
0.666206
0.841825
0.738141
0.082309
0.045229
0.799338
0.488310
0.635690
0.527172
0.020665
0.236977
0.824815
0.686518
0.631646
0.951755
0.429769
0.995998
0.379812
0.936497
0.815676
0.361793
0.497435
0.190094
0.434375
0.636283
0.096771
0.088190
0.646269
0.091079
0.094435
0.859839
0.226225
0.331682
0.927786
0.161163
0.570510
0.120497
0.804646
0.081136
0.815044
0.725784
0.398310
0.915418
0.655473
0.518515
0.163783
0.261670
0.270216
0.244509
0.881890
0.907471
0.579222
0.962502
0.130444
0.067493
0.610891
0.676099
0.802920
0.982236
0.531740
0.924531
0.134093
0.402817
0.248952
0.618733
0.209447
0.975998
0.302799
0.409724
0.313578
0.916057
0.199048
0.409502
0.566708
0.244951
0.612284
0.813518
0.884258
0.423471
0.038444
0.420942
0.820304
0.742162
0.053902
0.346059
0.191941
0.734472
0.211750
0.852539
0.569953
0.192981
0.682407
0.822529
0.725696
0.674268
0.731656
0.354580
0.580440
0.464825
0.277382
0.437522
0.169212
0.629692
0.626582
0.000428
0.835939
0.491886
0.663325
0.429719
0.471770
0.693175
0.629726
0.270764
0.917078
0.098737
0.156171
0.299877
0.914974
0.447535
0.591290
0.829556
0.647136
0.768939
0.240620
0.470820
0.240292
0.620800
0.926725
0.956469
0.714496
0.825673
0.960520
0.972361
0.085041
0.245576
0.088617
0.554139
0.332955
0.631039
0.226258
0.897261
0.250847
0.581448
0.568438
0.671200
0.949773
0.269096
0.308551
0.006093
0.698703
0.901721
0.296633
0.473166
0.553286
0.754838
0.197168
0.959514
0.628640
0.307299
0.515617
0.553222
0.267685
0.107207
0.256102
0.225759
0.559612
0.010802
0.250032
0.403698
0.652052
0.638915
0.703336
0.749268
0.976601
0.033013
0.392182
0.766456
0.443961
0.549202
0.883813
0.973176
0.857028
0.971546
0.157862
0.446631
0.404982
0.357844
0.088385
0.784024
0.227453
0.438140
0.248849
0.009132
0.436130
0.889606
0.799444
0.391315
0.834141
0.916252
0.483153
0.581011
0.235829
0.407988
0.715621
0.067704
0.037463
0.164658
0.672631
0.755285
0.471169
0.105503
0.723379
0.057386
0.160186
0.885528
0.639923
0.332989
0.725257
0.484888
0.142487
0.810860
0.733610
0.186989
0.222702
0.350202
0.369178
0.211530
0.075294
0.023582
0.393087
0.400425
0.913014
0.515525
0.986603
0.782063
0.536430
0.744094
0.575870
0.061838
0.923086
0.830899
0.052290
0.837454
0.229945
0.074065
0.669314
0.334313
0.956242
0.784921
0.232748
0.151083
0.375118
0.708261
0.846342
0.835198
0.292635
0.092731
0.938050
0.243194
0.860066
0.756792
0.507709
0.736854
0.974327
0.510278
0.608299
0.212749
0.223992
0.955073
0.026942
0.133866
0.642767
0.773225
0.666464
0.736126
0.534318
0.498783
0.363979
0.012391
0.444058
0.201976
0.111320
0.259232
0.134124
0.341671
0.077375
0.718804
0.123435
0.974235
0.359955
0.205516
0.488286
0.863412
0.322575
0.605126
0.980184
0.495276
0.178808
0.537008
0.953330
0.352787
0.575108
0.527706
0.747801
0.693501
0.365428
0.238914
0.236474
0.758322
0.062686
0.093409
0.701479
0.435119
0.260158
0.250434
0.593538
0.634063
0.229056
0.984103
0.376067
0.586721
0.177674
0.035378
0.443266
0.152557
0.985055
0.345488
0.202465
0.558235
0.452811
0.375812
0.047351
0.470139
0.028714
0.100349
0.138950
0.431218
0.993332
0.080337
0.220839
0.611503
0.136345
0.139075
0.986254
0.018643
0.024325
0.125781
0.696788
0.391100
0.040436
0.651837
0.531258
0.412300
0.094612
0.296970
0.771980
0.708237
0.317770
0.397047
0.963975
0.752647
0.395074
0.653884
0.207171
0.840869
0.612593
0.449790
0.156043
0.103408
0.012028
0.138926
0.045781
0.119863
0.514709
0.941657
0.376268
0.429411
0.905795
0.339151
0.049122
0.591147
0.501326
0.489962
0.849792
0.761145
0.165320
0.839229
0.824180
0.967454
0.534020
0.419568
0.242293
0.683207
0.444213
0.740541
0.441645
0.334491
0.178605
0.504601
0.669135
0.306274
0.431825
0.780219
0.407325
0.708166
0.485783
0.800077
0.191748
0.873447
0.754946
0.061092
0.259253
0.640122
0.334326
0.195015
0.969525
0.111792
0.841482
0.699373
0.815713
0.638139
0.496173
0.598862
0.285341
0.368567
0.006925
0.711619
0.196121
0.206063
0.334150
0.172087
0.556378
0.469159
0.347713
0.195837
0.177089
0.814766
0.788201
0.729594
0.179199
0.099875
0.942532
0.313803
0.230220
0.091192
0.144817
0.382075
0.639118
0.353785
0.373380
0.752532
0.716066
0.956933
0.017028
0.635769
0.738677
0.881450
0.682690
0.232510
0.180413
0.360809
0.988643
0.545050
0.068619
0.860868
0.581057
0.238659
0.514434
0.631811
0.496574
0.105086
0.957044
0.742189
0.012113
0.477204
0.899473
0.329312
0.738923
0.883312
0.088493
0.432668
0.066816
0.607464
0.960129
0.786814
0.704146
0.918736
0.784497
0.266093
0.718938
0.562270
0.395994
0.333574
0.817961
0.167131
0.580708
0.748328
0.926758
0.254090
0.552833
0.435291
0.199798
0.237925
0.222997
0.686882
0.312962
0.666108
0.928170
0.720611
0.109442
0.855142
0.536000
0.897314
0.895509
0.248375
0.484171
0.054568
0.847145
0.379990
0.792367
0.233046
0.196692
0.178841
0.862401
0.483138
0.146862
0.856763
0.229535
0.207589
0.505884
0.407425
0.160466
0.004926
0.972344
0.386443
0.223148
0.969407
0.113439
0.478474
0.839700
0.726614
0.589747
0.193958
0.332313
0.849600
0.968962
0.922824
0.586043
0.028099
0.847971
0.535295
0.981663
0.131307
0.446669
0.525355
0.542871
0.901356
0.749365
0.589701
0.938770
0.087177
0.723768
0.007304
0.275023
0.633905
0.638504
0.699992
0.982764
0.697490
0.694828
0.614770
0.107419
0.483321
0.675656
0.760475
0.241036
0.796436
0.355796
0.775731
0.109596
0.933587
0.694132
0.207317
0.595737
0.697804
0.195862
0.377537
0.969179
0.537160
0.067106
0.940161
0.330342
0.623784
0.333580
0.325259
0.312733
0.228465
0.829614
0.596601
0.798817
0.501780
0.925652
0.868414
0.691605
0.345116
0.015268
0.912651
0.356028
0.904118
0.762548
0.729468
0.453312
0.412491
0.974902
0.432575
0.087803
0.084219
0.944581
0.332196
0.065714
0.035388
0.345663
0.580537
0.022621
0.210303
0.105357
0.411362
0.151613
0.997308
0.334244
0.074226
0.494222
0.013847
0.816450
0.987318
0.525637
0.893525
0.066770
0.847211
0.155457
0.155043
0.567947
0.110050
0.903167
0.318391
0.940497
0.051984
0.818530
0.661159
0.073968
0.916820
0.672757
0.790469
0.188838
0.339728
0.815322
0.816210
0.600518
0.405958
0.188925
0.230876
0.241354
0.455590
0.933798
0.871523
0.555025
0.906524
0.451388
0.910822
0.924212
0.249767
0.192558
0.906759
0.712655
0.519423
0.789699
0.353675
0.104217
0.484994
0.765371
0.099664
0.183978
0.820251
0.268986
0.714946
0.030926
0.320046
0.261134
0.560286
0.551828
0.847499
0.972869
0.670453
0.376423
0.066618
0.301952
0.751586
0.522160
0.851933
0.103837
0.818475
0.811250
0.753521
0.923122
0.353358
0.944469
0.453837
0.969303
0.046077
0.887555
0.187329
0.743597
0.230068
0.161831
0.744466
0.393203
0.222844
0.026937
0.572723
0.124064
0.935682
0.348851
0.476465
0.908476
0.967124
0.530542
0.348473
0.642071
0.929787
0.787803
0.815130
0.244901
0.080430
0.742862
0.706573
0.169696
0.389219
0.919004
0.168321
0.129741
0.565044
0.808279
0.292306
0.639053
0.178196
0.480932
0.377447
0.265268
0.927881
0.860797
0.832015
0.224493
0.187336
0.128854
0.035385
0.537735
0.730570
0.982480
0.903171
0.157642
0.868224
0.587724
0.899296
0.046489
0.071253
0.855024
0.747819
0.722506
0.375087
0.655839
0.287245
0.419875
0.877965
0.711479
0.935761
0.152641
0.278910
0.230257
0.987142
0.106263
0.556524
0.971511
0.807891
0.170964
0.341721
0.973193
0.564949
0.893930
0.667711
0.813714
0.972809
0.775089
0.330055
0.280635
0.036222
0.822764
0.909099
0.902366
0.691437
0.577099
0.306501
0.850131
0.660981
0.903615
0.746225
0.543586
0.764562
0.556506
0.266993
0.374212
0.136523
0.657871
0.575887
0.697297
0.537323
0.478678
0.388946
0.709157
0.696212
0.430201
0.311191
0.516437
0.852367
0.468324
0.521561
0.285781
0.574412
0.711639
0.753541
0.423785
0.219977
0.308697
0.884565
0.539697
0.968656
0.338085
0.061119
0.169356
0.128718
0.961960
0.245384
0.742962
0.019740
0.400973
0.036476
0.837694
0.294171
0.574714
0.117200
0.817293
0.438895
0.022315
0.837704
0.394522
0.736117
0.845023
0.761545
0.501003
0.238284
0.805479
0.068228
0.076039
0.886037
0.083281
0.989060
0.627568
0.566997
0.776010
0.019599
0.731826
0.457077
0.599103
0.930751
0.253217
0.919361
0.973462
0.129775
0.133629
0.557651
0.189964
0.099536
0.944186
0.965780
0.545669
0.476172
0.257463
0.497623
0.494618
0.178081
0.701265
0.958457
0.231028
0.348396
0.635298
0.922534
0.805384
0.053904
0.760013
0.085271
0.492323
0.639870
0.055238
0.316627
0.608187
0.676409
0.859507
0.284715
0.287280
0.960675
0.165458
0.539412
0.637792
0.332998
0.520720
0.893192
0.526501
0.005756
0.907286
0.903331
0.598004
0.932603
0.417651
0.073138
0.678553
0.813224
0.166672
0.361575
0.902607
0.844952
0.060024
0.266322
0.734987
0.116829
0.590932
0.655383
0.842674
0.772584
0.735903
0.931322
0.844673
0.034750
0.168981
0.769192
0.479409
0.030101
0.985799
0.557584
0.367322
0.843718
0.918420
0.759756
0.298975
0.471344
0.796837
0.400603
0.880206
0.563024
0.861703
0.961908
0.246852
0.140143
0.216277
0.553693
0.800039
0.517343
0.406205
0.728869
0.184034
0.524019
0.188225
0.861420
0.753659
0.960374
0.269413
0.239079
0.075960
0.062643
0.115542
0.788211
0.646573
0.223128
0.210550
0.494265
0.337364
0.304107
0.941017
0.682770
0.537609
0.701283
0.043831
0.444985
0.712279
0.811987
0.427561
0.924854
0.930851
0.315379
0.716141
0.210196
0.868247
0.604923
0.796711
0.205584
0.942724
0.865682
0.633335
0.606362
0.527347
0.557867
0.957944
0.675897
0.992491
0.960405
0.914424
0.669444
0.443919
0.810392
0.228317
0.899864
0.198650
0.921548
0.841820
0.539603
0.869972
0.812398
0.702672
0.470513
0.541611
0.266974
0.458411
0.983733
0.324034
0.191265
0.289151
0.785441
0.074728
0.030378
0.038611
0.954969
0.497751
0.146964
0.873004
0.837899
0.031199
0.312715
0.030640
0.931073
0.996879
0.572860
0.113659
0.956178
0.583507
0.059154
0.031165
0.335147
0.319334
0.559872
0.015778
0.220026
0.265019
0.125042
0.411040
0.122373
0.022795
0.370412
0.644501
0.797476
0.660036
0.232381
0.362268
0.615513
0.427884
0.365927
0.178332
0.678860
0.909018
0.425202
0.381396
0.889683
0.440287
0.738141
0.910111
0.236926
0.859883
0.107791
0.543454
0.443426
0.156195
0.229007
0.817256
0.712898
0.324209
0.694040
0.353143
0.548386
0.840281
0.328111
0.926953
0.117935
0.868866
0.309318
0.486354
0.543916
0.633961
0.708737
0.900208
0.147861
0.888992
0.868070
0.355212
0.435711
0.964008
0.904991
0.050689
0.536195
0.367462
0.200922
0.143711
0.469097
0.077637
0.442363
0.399989
0.816385
0.728883
0.724459
0.768630
0.877877
0.429971
0.812810
0.350481
0.728817
0.542852
0.434866
0.121758
0.758642
0.793383
0.832902
0.130125
0.491564
0.521630
0.763500
0.944617
0.988250
0.945474
0.039785
0.330642
0.855983
0.291587
0.058041
0.775699
0.288692
0.623544
0.864678
0.621143
0.289176
0.795666
0.147178
0.592877
0.948826
0.108176
0.377333
0.073857
0.764964
0.905832
0.609924
0.049998
0.336508
0.317145
0.417335
0.486792
0.503447
0.889880
0.002424
0.576810
0.177394
0.653142
0.919357
0.630197
0.576336
0.786156
0.395773
0.075198
0.638233
0.054866
0.199412
0.479402
0.591184
0.492680
0.147645
0.502372
0.532733
0.750857
0.897887
0.226132
0.682247
0.473850
0.868644
0.282988
0.467103
0.108962
0.172581
0.183611
0.769138
0.428302
0.051129
0.237285
0.460168
0.711674
0.601189
0.617778
0.496577
0.045728
0.803827
0.551245
0.509441
0.368604
0.087644
0.047680
0.439420
0.108340
0.579912
0.247327
0.729846
0.202165
0.870420
0.662585
0.046834
0.664380
0.699297
0.640756
0.065792
0.211108
0.503377
0.201614
0.407837
0.816476
0.847713
0.386424
0.170063
0.828839
0.420934
0.933688
0.247627
0.826861
0.585775
0.935350
0.854536
0.949512
0.409314
0.261298
0.609966
0.744360
0.220512
0.527251
0.547993
0.694701
0.984322
0.951144
0.445567
0.604764
0.179982
0.247151
0.445317
0.836984
0.323571
0.067883
0.809835
0.446623
0.288384
0.169067
0.500159
0.284123
0.017291
0.354265
0.575428
0.918662
0.064694
0.198678
0.099642
0.358519
0.486802
0.061629
0.486037
0.132987
0.362174
0.909506
0.164996
0.781486
0.473467
0.089275
0.017424
0.639877
0.329185
0.443503
0.545991
0.290395
0.523373
0.739425
0.870128
0.965441
0.803599
0.417039
0.919841
0.679071
0.884220
0.436505
0.995444
0.062554
0.853643
0.737194
0.966772
0.757868
0.690858
0.395213
0.852147
0.278449
0.247391
0.290821
0.374694
0.279663
0.744603
0.451340
0.106075
0.039000
0.171177
0.620257
0.224484
0.271551
0.588951
0.092523
0.218118
0.390167
0.524050
0.944656
0.525111
0.449338
0.950501
0.143152
0.318275
0.821264
0.590978
0.224790
0.104412
0.472977
0.948870
0.568344
0.434353
0.422624
0.841825
0.401778
0.716543
0.725905
0.783080
0.466420
0.533532
0.401921
0.016255
0.466581
0.101209
0.069785
0.874377
0.517554
0.943419
0.298852
0.536494
0.637192
0.822495
0.638464
0.686635
0.948262
0.546348
0.897033
0.640522
0.634363
0.026705
0.191018
0.655477
0.457118
0.686607
0.834922
0.447558
0.854268
0.788823
0.843554
0.835926
0.526611
0.994899
0.264251
0.455833
0.137933
0.466292
0.142992
0.025911
0.119277
0.317745
0.594858
0.729424
0.832323
0.446538
0.433364
0.239096
0.923227
0.641711
0.399037
0.256572
0.926880
0.861218
0.296210
0.485529
0.072956
0.323196
0.926397
0.656186
0.231912
0.245432
0.521465
0.872268
0.625790
0.074203
0.401957
0.572368
0.841606
0.744146
0.583783
0.058632
0.022587
0.012899
0.345571
0.728586
0.494530
0.310899
0.961541
0.091915
0.303276
0.664921
0.560035
0.713752
0.908398
0.405312
0.841836
0.609388
0.983594
0.097274
0.188066
0.141757
0.723458
0.976273
0.804582
0.321091
0.228842
0.381334
0.335117
0.864135
0.340233
0.016631
0.972360
0.585409
0.283738
0.314855
0.195337
0.422338
0.682476
0.693037
0.850013
0.755621
0.034440
0.785017
0.402230
0.901707
0.755061
0.991096
0.658980
0.810575
0.089544
0.325488
0.453452
0.793554
0.799138
0.971244
0.396223
0.586347
0.871366
0.310067
0.530893
0.384848
0.873269
0.104810
0.116111
0.698220
0.907041
0.833930
0.852612
0.576857
0.809356
0.752492
0.045963
0.983514
0.800989
0.660601
0.852354
0.884646
0.706058
0.658989
0.101974
0.005753
0.256018
0.658705
0.985347
0.688720
0.429998
0.367807
0.172089
0.839402
0.989842
0.917181
0.805721
0.598119
0.996437
0.709301
0.175921
0.001814
0.467022
0.211055
0.151331
0.041182
0.196209
0.982756
0.399106
0.015288
0.033335
0.691999
0.805961
0.925723
0.424562
0.139857
0.930574
0.667067
0.300325
0.598824
0.886794
0.404728
0.350199
0.182163
0.205993
0.588834
0.482270
0.422677
0.426721
0.446762
0.839143
0.109221
0.679203
0.299712
0.836054
0.320134
0.186504
0.042111
0.418196
0.096743
0.505773
0.347999
0.396406
0.644522
0.640957
0.476265
0.526622
0.145764
0.828851
0.646816
0.834737
0.261682
0.336281
0.171695
0.862284
0.224017
0.807299
0.527566
0.499276
0.831079
0.412327
0.136948
0.279860
0.919724
0.919648
0.432558
0.517454
0.466505
0.024017
0.068930
0.943860
0.845848
0.314718
0.534372
0.258484
0.142823
0.680328
0.629842
0.778037
0.469300
0.060797
0.904475
0.464824
0.886063
0.147164
0.364536
0.685411
0.694933
0.070092
0.157349
0.965691
0.173842
0.532132
0.137189
0.539485
0.408131
0.243694
0.768811
0.084054
0.081481
0.484665
0.847997
0.567341
0.272606
0.994638
0.508453
0.640520
0.536343
0.104103
0.541185
0.459191
0.391510
0.762654
0.636058
0.843253
0.588789
0.151298
0.834967
0.346562
0.970288
0.434056
0.690588
0.332592
0.872841
0.505956
0.892184
0.692657
0.868657
0.723712
0.847781
0.222239
0.413004
0.502392
0.907161
0.133567
0.896935
0.563417
0.938610
0.145910
0.635854
0.810527
0.309941
0.397864
0.898421
0.371962
0.305828
0.079061
0.865912
0.906897
0.583351
0.614713
0.064818
0.757077
0.729511
0.059818
0.724965
0.902130
0.751493
0.597047
0.555729
0.717914
0.675007
0.881447
0.712372
0.556763
0.230031
0.056412
0.335986
0.779087
0.107870
0.370743
0.821091
0.726457
0.829276
0.169999
0.206151
0.693323
0.080344
0.002398
0.340001
0.230608
0.270381
0.477978
0.281756
0.399566
0.222677
0.328951
0.007794
0.235003
0.613064
0.740623
0.675899
0.816975
0.169983
0.029150
0.417077
0.679640
0.500084
0.129821
0.857571
0.792507
0.821603
0.294521
0.019487
0.066974
0.099325
0.968454
0.094626
0.100884
0.164862
0.784728
0.253513
0.053798
0.068620
0.163722
0.545567
0.820491
0.198837
0.486769
0.206379
0.761657
0.781599
0.506872
0.938352
0.677379
0.266222
0.511292
0.829726
0.536088
0.434620
0.131908
0.367199
0.061761
0.842554
0.151337
0.055992
0.044212
0.505475
0.639711
0.549877
0.377543
0.542069
0.414516
0.208271
0.103073
0.353869
0.701636
0.918271
0.185143
0.778134
0.719160
0.861110
0.477856
0.541769
0.358002
0.164005
0.241480
0.163669
0.518203
0.793061
0.079496
0.708559
0.722018
0.328698
0.028274
0.353210
0.281537
0.873990
0.525414
0.561504
0.388556
0.214942
0.690869
0.613171
0.528366
0.651027
0.905002
0.736388
0.529791
0.799369
0.484604
0.960642
0.455519
0.036681
0.813201
0.946266
0.436105
0.453200
0.844285
0.233457
0.155981
0.861067
0.280916
0.968084
0.130763
0.118432
0.054648
0.945518
0.463840
0.127309
0.140199
0.617556
0.650732
0.149354
0.205742
0.241312
0.097643
0.605117
0.615070
0.931966
0.643650
0.309355
0.666948
0.692260
0.003598
0.912146
0.525511
0.318703
0.082292
0.411995
0.706948
0.075001
0.623338
0.466186
0.432619
0.434124
0.143019
0.313112
0.124220
0.637946
0.227925
0.643330
0.337048
0.032962
0.633557
0.397227
0.833713
0.697353
0.470550
0.148220
0.170843
0.972818
0.788060
0.356822
0.280153
0.707935
0.914834
0.992071
0.294420
0.971359
0.773796
0.937043
0.316998
0.225445
0.493921
0.582608
0.525877
0.595683
0.873902
0.411202
0.802330
0.419883
0.647499
0.257179
0.889013
0.313906
0.024511
0.863934
0.619079
0.007978
0.269685
0.136202
0.269358
0.258343
0.192200
0.889166
0.126733
0.652248
0.580146
0.438777
0.514193
0.637762
0.979046
0.059067
0.195266
0.021443
0.604097
0.385670
0.202953
0.493015
0.837701
0.487919
0.959315
0.823386
0.113820
0.517021
0.348641
0.715934
0.367792
0.001380
0.261684
0.206159
0.645063
0.673053
0.668725
0.945715
0.347512
0.826884
0.430089
0.977320
0.556195
0.025683
0.785758
0.120123
0.430704
0.344932
0.549549
0.113294
0.046211
0.407339
0.783322
0.090638
0.809793
0.283821
0.755220
0.022274
0.589698
0.760445
0.952122
0.811301
0.608844
0.801866
0.276434
0.983950
0.382602
0.826926
0.313951
0.180323
0.328588
0.181459
0.012580
0.118084
0.122119
0.211733
0.607966
0.651608
0.316679
0.358306
0.314980
0.131411
0.767308
0.687797
0.864099
0.240193
0.981513
0.227000
0.386230
0.958558
0.843962
0.061947
0.472646
0.521175
0.306846
0.600553
0.289526
0.247641
0.368082
0.092262
0.786984
0.666052
0.157031
0.856844
0.985313
0.444890
0.566732
0.836927
0.768058
0.473457
0.889102
0.678915
0.081123
0.005141
0.273325
0.423111
0.994693
0.733152
0.908005
0.888856
0.092811
0.996222
0.166391
0.551497
0.522990
0.112672
0.015180
0.186510
0.971407
0.075238
0.906579
0.098011
0.580976
0.075408
0.708288
0.634542
0.449647
0.493448
0.706194
0.938936
0.931359
0.126945
0.991273
0.980396
0.405787
0.433923
0.938759
0.609006
0.925678
0.943362
0.749031
0.373472
0.929586
0.602344
0.063123
0.604210
0.807317
0.660740
0.329858
0.722364
0.106441
0.576303
0.397352
0.061949
0.698759
0.799490
0.661449
0.842275
0.710424
0.972131
0.132150
0.190820
0.930185
0.960187
0.002581
0.666740
0.015554
0.010795
0.421789
0.180723
0.931884
0.559439
0.302759
0.140585
0.796913
0.555560
0.432526
0.401104
0.822192
0.474887
0.105926
0.972542
0.299303
0.154125
0.864215
0.491085
0.075548
0.537801
0.992008
0.206246
0.500909
0.046607
0.690338
0.459834
0.251976
0.349790
0.701383
0.567331
0.393029
0.498243
0.684882
0.148978
0.709703
0.907000
0.332511
0.762144
0.234194
0.181877
0.721537
0.360957
0.506827
0.990751
0.341829
0.340104
0.818086
0.670245
0.841368
0.628164
0.325857
0.227905
0.507608
0.387000
0.719458
0.401819
0.689663
0.987326
0.226639
0.137340
0.545858
0.190574
0.250813
0.756391
0.120860
0.232009
0.348616
0.360744
0.686485
0.112467
0.474896
0.117822
0.562478
0.943252
0.342531
0.626517
0.231752
0.212171
0.074129
0.011317
0.114699
0.144267
0.314634
0.814930
0.926739
0.698876
0.177899
0.581315
0.341742
0.689738
0.413117
0.780747
0.872835
0.036124
0.392184
0.823537
0.284432
0.483720
0.876941
0.346375
0.710444
0.491985
0.263295
0.100942
0.390330
0.322221
0.401389
0.104173
0.885923
0.113950
0.238565
0.558317
0.818556
0.577495
0.052620
0.360909
0.000413
0.513051
0.861631
0.103914
0.930920
0.080688
0.685174
0.720417
0.514577
0.465706
0.458507
0.649033
0.729207
0.417920
0.881797
0.432367
0.453376
0.184593
0.932935
0.287641
0.540481
0.431980
0.844155
0.735615
0.218892
0.171346
0.495585
0.058092
0.387988
0.017757
0.415919
0.993971
0.176809
0.844179
0.201450
0.857716
0.214749
0.314158
0.516396
0.460282
0.333541
0.632523
0.063357
0.978511
0.450164
0.128652
0.703285
0.011574
0.166115
0.948578
0.246806
0.598369
0.326947
0.882756
0.367366
0.173590
0.505773
0.382176
0.432422
0.397260
0.866450
0.537649
0.189794
0.197373
0.308883
0.620628
0.857082
0.271464
0.554939
0.848766
0.964415
0.863665
0.175112
0.969266
0.813364
0.891446
0.431594
0.906616
0.702893
0.072686
0.592943
0.941155
0.499247
0.590148
0.601052
0.248213
0.099674
0.127487
0.106455
0.195969
0.066054
0.778446
0.068987
0.869420
0.936676
0.938374
0.904944
0.138301
0.512441
0.763238
0.278780
0.233139
0.854352
0.163993
0.738295
0.734714
0.715774
0.491070
0.800516
0.851692
0.106117
0.561523
0.556151
0.576587
0.379558
0.356440
0.290586
0.223868
0.447395
0.543973
0.857787
0.902365
0.006629
0.798863
0.100874
0.828042
0.188396
0.136954
0.422209
0.198064
0.182611
0.966501
0.771029
0.512374
0.661474
0.190353
0.864380
0.118928
0.472730
0.246624
0.085553
0.981547
0.919297
0.832180
0.333571
0.817903
0.097340
0.954370
0.419425
0.156602
0.389279
0.752465
0.633724
0.328104
0.257599
0.931244
0.731733
0.980368
0.462632
0.974381
0.103316
0.426752
0.532534
0.233489
0.796268
0.755597
0.593075
0.307888
0.743581
0.407039
0.162273
0.487959
0.081286
0.336343
0.420678
0.688011
0.329079
0.402212
0.269543
0.859280
0.107626
0.445261
0.720500
0.075458
0.573450
0.342616
0.152584
0.907106
0.125119
0.060384
0.603579
0.541614
0.855810
0.281783
0.707429
0.915939
0.551729
0.204613
0.369570
0.573044
0.539635
0.701629
0.806060
0.552476
0.818069
0.579539
0.725690
0.512456
0.536069
0.499606
0.069248
0.946631
0.051981
0.312359
0.745858
0.403682
0.477463
0.672191
0.928948
0.502367
0.423570
0.630554
0.946834
0.327556
0.674601
0.239360
0.174920
0.923164
0.950589
0.543653
0.204816
0.603655
0.932378
0.703706
0.323799
0.084414
0.137316
0.594779
0.926435
0.989716
0.293883
0.305657
0.136151
0.501256
0.987054
0.446864
0.922211
0.236118
0.871632
0.522759
0.438098
0.225307
0.689128
0.489264
0.808501
0.047146
0.107383
0.666263
0.078892
0.057474
0.635732
0.790210
0.485643
0.663870
0.078282
0.052273
0.374408
0.986479
0.372257
0.578885
0.305414
0.915268
0.837230
0.067513
0.748780
0.753945
0.626674
0.018090
0.950113
0.684844
0.239223
0.511253
0.492494
0.406863
0.699330
0.324351
0.798517
0.309302
0.263033
0.875241
0.605058
0.626936
0.223984
0.306972
0.650609
0.463934
0.488966
0.722494
0.583890
0.523813
0.634164
0.130930
0.123447
0.596225
0.138554
0.043583
0.758417
0.445382
0.585900
0.560670
0.814681
0.944736
0.920891
0.405566
0.349390
0.193277
0.098667
0.112736
0.458192
0.624697
0.862963
0.863994
0.858248
0.835481
0.280814
0.434851
0.767973
0.174802
0.327676
0.982445
0.659923
0.080320
0.204042
0.837423
0.481837
0.341542
0.543384
0.896816
0.784756
0.917420
0.783463
0.230633
0.275677
0.728004
0.182644
0.173110
0.831282
0.941089
0.405512
0.766140
0.721972
0.253389
0.835459
0.237752
0.751420
0.450355
0.525499
0.247098
0.312885
0.157598
0.623727
0.408471
0.893176
0.067319
0.529792
0.853569
0.758732
0.542059
0.698647
0.021576
0.173260
0.231709
0.824662
0.932572
0.306804
0.163578
0.951775
0.837958
0.583080
0.514463
0.374515
0.522906
0.703421
0.392290
0.952974
0.815442
0.406380
0.246912
0.766768
0.924521
0.643797
0.907926
0.904926
0.459123
0.545338
0.484552
0.328841
0.980631
0.119720
0.840400
0.273952
0.304109
0.214254
0.815653
0.864743
0.817897
0.984231
0.661335
0.720761
0.646589
0.966002
0.984868
0.214466
0.585899
0.305414
0.202477
0.012395
0.419456
0.566232
0.730751
0.068906
0.251788
0.678090
0.715016
0.747952
0.107702
0.623868
0.633533
0.296241
0.739394
0.602635
0.890698
0.975838
0.816604
0.123726
0.135728
0.452736
0.654200
0.324328
0.241169
0.119132
0.042220
0.088178
0.233097
0.161634
0.506516
0.154563
0.176351
0.058283
0.349008
0.519543
0.637197
0.648330
0.734834
0.266925
0.535718
0.746707
0.033387
0.543463
0.483236
0.918239
0.939706
0.276584
0.208183
0.354999
0.944849
0.285850
0.898130
0.855771
0.565692
0.570623
0.826905
0.653310
0.947735
0.471983
0.953631
0.908566
0.814782
0.359846
0.344637
0.149076
0.037083
0.036218
0.708128
0.000637
0.839350
0.769304
0.583336
0.398645
0.870960
0.174249
0.188139
0.891312
0.246123
0.975195
0.608600
0.906472
0.449478
0.257230
0.276771
0.363851
0.644754
0.429978
0.005062
0.114412
0.857209
0.858080
0.561347
0.388357
0.395534
0.595466
0.823229
0.166260
0.390989
0.815111
0.246141
0.758111
0.850376
0.325359
0.131313
0.409055
0.019129
0.776679
0.258594
0.646673
0.239650
0.104079
0.737475
0.962793
0.960817
0.032859
0.668623
0.075101
0.934568
0.757983
0.748449
0.154030
0.236021
0.646185
0.500568
0.414394
0.110713
0.007927
0.199876
0.166515
0.316490
0.943337
0.946065
0.777713
0.852979
0.328855
0.031751
0.913329
0.507437
0.323168
0.883557
0.480245
0.475569
0.022514
0.189229
0.880126
0.407315
0.073799
0.476401
0.661490
0.282845
0.193570
0.604617
0.527970
0.729568
0.472555
0.206173
0.425561
0.167735
0.447320
0.260720
0.776826
0.925542
0.867318
0.503820
0.959525
0.334034
0.598909
0.448782
0.117180
0.421769
0.706428
0.905654
0.788106
0.037363
0.499349
0.716126
0.017357
0.877580
0.596580
0.418591
0.615009
0.566652
0.242843
0.849143
0.507970
0.680561
0.424188
0.968777
0.586918
0.733966
0.522843
0.556662
0.132559
0.927620
0.375532
0.502614
0.295674
0.905090
0.750938
0.306778
0.854849
0.388454
0.334534
0.948588
0.907398
0.086734
0.743121
0.027076
0.008158
0.415997
0.624316
0.866820
0.474329
0.788325
0.312129
0.103769
0.961374
0.454933
0.389744
0.947925
0.495850
0.297288
0.982522
0.309591
0.858513
0.704639
0.092998
0.076485
0.649719
0.646337
0.266812
0.953405
0.565264
0.616959
0.612706
0.196899
0.062712
0.909719
0.506400
0.676274
0.826023
0.251951
0.299538
0.710575
0.531923
0.542482
0.190249
0.919375
0.598791
0.076319
0.047188
0.593409
0.743676
0.272755
0.917168
0.158443
0.592937
0.569467
0.987466
0.851195
0.766507
0.571660
0.764235
0.537527
0.186178
0.001174
0.811804
0.328060
0.917930
0.958892
0.764341
0.541685
0.142264
0.962633
0.958755
0.249260
0.521658
0.354127
0.480004
0.823805
0.889707
0.669148
0.988146
0.214595
0.082736
0.355347
0.288542
0.245106
0.554515
0.708034
0.387332
0.662455
0.012503
0.714791
0.965345
0.601943
0.466270
0.779298
0.823553
0.096919
0.233553
0.391662
0.467466
0.393373
0.476988
0.069449
0.468722
0.611600
0.786855
0.387844
0.478884
0.334524
0.146075
0.210319
0.478987
0.453822
0.948946
0.118816
0.281738
0.140175
0.652322
0.305035
0.011270
0.551501
0.346579
0.336557
0.864526
0.390978
0.195221
0.252312
0.302477
0.072484
0.129478
0.604673
0.868660
0.051672
0.643031
0.568018
0.324432
0.202386
0.428818
0.028097
0.008990
0.436136
0.273873
0.089473
0.358614
0.411863
0.089815
0.360628
0.981795
0.108543
0.638746
0.353221
0.509584
0.538017
0.021282
0.753212
0.595446
0.372912
0.851747
0.061045
0.694552
0.027055
0.453261
0.264283
0.924380
0.635208
0.982869
0.891763
0.008831
0.676570
0.935831
0.830607
0.696182
0.022728
0.692625
0.977861
0.572986
0.175725
0.047937
0.692996
0.874513
0.214843
0.805381
0.646296
0.017280
0.670391
0.514563
0.285879
0.497310
0.477253
0.169619
0.521844
0.652587
0.477696
0.753836
0.333152
0.270096
0.398753
0.898494
0.809099
0.114243
0.940694
0.792626
0.344837
0.198440
0.805072
0.922901
0.505798
0.596057
0.999950
0.749661
0.630005
0.671503
0.768725
0.721890
0.455394
0.218849
0.853326
0.191980
0.831066
0.880330
0.546858
0.121631
0.520824
0.338312
0.880050
0.360713
0.592912
0.269937
0.660930
0.174257
0.754211
0.725518
0.681670
0.570318
0.307561
0.883446
0.182660
0.341774
0.248725
0.989178
0.383327
0.450961
0.420837
0.959445
0.609986
0.517833
0.389157
0.424781
0.952789
0.199369
0.552292
0.990422
0.504889
0.821555
0.466723
0.111194
0.974506
0.068636
0.162936
0.640565
0.321763
0.592688
0.091429
0.564904
0.922905
0.996807
0.707533
0.455385
0.580592
0.606253
0.521849
0.342876
0.315280
0.284448
0.879086
0.173567
0.733537
0.207463
0.937409
0.159790
0.678304
0.085976
0.192800
0.673108
0.736626
0.844052
0.802341
0.103967
0.784696
0.927716
0.515201
0.149263
0.470068
0.343272
0.813198
0.398627
0.107762
0.507654
0.221248
0.030965
0.751301
0.244684
0.483388
0.861137
0.901489
0.667616
0.458165
0.395347
0.754218
0.557499
0.198417
0.762753
0.742588
0.658074
0.509363
0.236652
0.186110
0.462559
0.574583
0.184879
0.768349
0.639029
0.485244
0.886245
0.580685
0.724205
0.171634
0.205198
0.210371
0.777421
0.519796
0.164652
0.541123
0.916121
0.046404
0.328068
0.159185
0.312241
0.322808
0.474429
0.711454
0.997859
0.289748
0.498384
0.798534
0.563029
0.327185
0.014401
0.667640
0.305140
0.563089
0.806665
0.620483
0.055685
0.779211
0.611182
0.801560
0.637116
0.743683
0.605438
0.373783
0.731481
0.946806
0.323130
0.621713
0.837658
0.099232
0.213015
0.707865
0.590964
0.166671
0.974760
0.713755
0.075363
0.942726
0.680606
0.653538
0.103853
0.715897
0.126356
0.892106
0.928311
0.467456
0.242231
0.228935
0.289362
0.477000
0.673947
0.830668
0.374749
0.429869
0.054215
0.575465
0.538298
0.067495
0.308977
0.686306
0.879741
0.534501
0.662109
0.113495
0.009067
0.526017
0.444944
0.923062
0.950411
0.780474
0.307663
0.261164
0.784210
0.786645
0.939957
0.708172
0.808827
0.653064
0.707061
0.282248
0.922318
0.031498
0.009583
0.882775
0.201630
0.886635
0.293910
0.820144
0.082172
0.588798
0.133555
0.610814
0.829438
0.586753
0.126530
0.635060
0.531711
0.339502
0.512818
0.378934
0.436621
0.779553
0.708929
0.990157
0.083906
0.610272
0.730081
0.058299
0.253445
0.955480
0.868344
0.029890
0.824859
0.263913
0.707481
0.246053
0.227687
0.892282
0.569592
0.359987
0.416460
0.150597
0.839128
0.079776
0.321690
0.978650
0.127496
0.623177
0.016647
0.254054
0.304244
0.162582
0.083444
0.415196
0.703456
0.670801
0.964832
0.756596
0.038272
0.149614
0.726652
0.043474
0.240811
0.694823
0.078285
0.855198
0.654787
0.928532
0.074849
0.146497
0.105921
0.442132
0.697259
0.488049
0.770190
0.177148
0.938515
0.375777
0.657960
0.822772
0.002390
0.176843
0.686118
0.400741
0.801740
0.990138
0.770227
0.918618
0.607390
0.954777
0.231176
0.339622
0.096359
0.840611
0.969306
0.038412
0.503301
0.833569
0.754021
0.894397
0.836608
0.003477
0.345759
0.083558
0.097559
0.464997
0.794017
0.441933
0.976196
0.650043
0.721036
0.823775
0.101867
0.573345
0.833605
0.609394
0.532328
0.647030
0.730131
0.235411
0.877378
0.374783
0.758205
0.236758
0.297569
0.505450
0.498060
0.577683
0.293899
0.558115
0.214916
0.390130
0.830554
0.638645
0.450512
0.373303
0.201867
0.478485
0.970439
0.888663
0.380429
0.451667
0.505135
0.919939
0.251534
0.011505
0.621584
0.877331
0.457507
0.564459
0.439665
0.387654
0.023347
0.029946
0.608412
0.515791
0.914012
0.470331
0.626694
0.954917
0.256706
0.698509
0.420477
0.860495
0.643875
0.148967
0.562179
0.802019
0.381300
0.734359
0.170822
0.492716
0.349440
0.589767
0.695831
0.115664
0.565956
0.451984
0.340318
0.389559
0.255536
0.836557
0.996339
0.562220
0.104430
0.800614
0.466594
0.948063
0.177748
0.038756
0.452937
0.959596
0.155801
0.710803
0.867257
0.954367
0.971829
0.086850
0.327128
0.118882
0.649141
0.893967
0.146280
0.640482
0.105076
0.721535
0.424430
0.036896
0.547863
0.784511
0.235339
0.790552
0.898092
0.536194
0.955814
0.799457
0.648634
0.578894
0.068600
0.146577
0.886736
0.041364
0.702063
0.702686
0.663005
0.309324
0.679856
0.120405
0.749181
0.927645
0.181589
0.215831
0.496873
0.591950
0.545098
0.044373
0.331860
0.850013
0.353275
0.494091
0.403667
0.110319
0.371552
0.887344
0.490694
0.461787
0.060751
0.203608
0.041604
0.034496
0.255875
0.525929
0.740379
0.050502
0.943048
0.443268
0.413635
0.434658
0.199632
0.292566
0.074614
0.970738
0.898862
0.539164
0.210675
0.325127
0.379378
0.622675
0.784015
0.130454
0.397755
0.447512
0.214458
0.270682
0.321565
0.192471
0.656095
0.067676
0.981385
0.430571
0.145855
0.501656
0.229206
0.977080
0.593034
0.653384
0.191443
0.567514
0.667729
0.217734
0.147636
0.165468
0.428103
0.174236
0.898248
0.528471
0.168386
0.212476
0.440901
0.844241
0.560460
0.485287
0.585044
0.874879
0.462456
0.121539
0.178224
0.806746
0.960641
0.078118
0.567808
0.953009
0.650474
0.487172
0.501699
0.756976
0.125483
0.283852
0.398967
0.219997
0.076735
0.439997
0.861764
0.559595
0.681262
0.423251
0.815695
0.582910
0.616945
0.126204
0.166207
0.038035
0.547769
0.527666
0.549549
0.041350
0.412944
0.054220
0.391379
0.141894
0.883605
0.284858
0.113981
0.602796
0.651287
0.299518
0.050969
0.093005
0.434390
0.112725
0.329824
0.087359
0.055680
0.989676
0.108128
0.376338
0.400658
0.731766
0.836169
0.054833
0.430289
0.693918
0.450900
0.167512
0.531107
0.293622
0.165087
0.671863
0.851661
0.262258
0.928863
0.983013
0.829480
0.028300
0.133457
0.890812
0.961502
0.299058
0.170548
0.002310
0.039709
0.496739
0.323727
0.834314
0.260796
0.814148
0.966644
0.642895
0.944092
0.878110
0.287738
0.770746
0.347734
0.671880
0.913162
0.569850
0.473129
0.282797
0.813772
0.525805
0.677668
0.254299
0.261691
0.390892
0.683253
0.862274
0.146829
0.604082
0.652811
0.269355
0.520518
0.825931
0.810072
0.486093
0.445654
0.691993
0.672620
0.868392
0.290843
0.146998
0.849854
0.974015
0.997373
0.579625
0.192808
0.189367
0.106496
0.160014
0.460845
0.307788
0.791624
0.874038
0.851683
0.113105
0.673480
0.944168
0.408634
0.902391
0.980894
0.180256
0.326971
0.409574
0.877354
0.977802
0.306142
0.890573
0.522314
0.698639
0.784561
0.559538
0.241898
0.161499
0.018942
0.467274
0.908477
0.428562
0.572566
0.364114
0.181680
0.599677
0.820464
0.652066
0.350898
0.378260
0.199880
0.000648
0.394081
0.821323
0.189267
0.357998
0.079532
0.359434
0.617845
0.447971
0.082992
0.408587
0.041934
0.404279
0.565331
0.092644
0.396940
0.187513
0.396865
0.758788
0.190250
0.077985
0.460121
0.465767
0.557370
0.788862
0.497942
0.930977
0.900193
0.036504
0.879129
0.872712
0.573165
0.409304
0.057436
0.222534
0.612900
0.747721
0.326310
0.613332
0.423914
0.376487
0.693113
0.284360
0.164109
0.288950
0.081158
0.357925
0.516494
0.881774
0.931155
0.215060
0.208728
0.168400
0.228012
0.670908
0.841134
0.388984
0.683356
0.175117
0.021020
0.894493
0.714903
0.548230
0.861912
0.659134
0.983656
0.631357
0.398527
0.298606
0.878802
0.851800
0.371266
0.306428
0.824651
0.380127
0.049227
0.115867
0.767692
0.421651
0.861350
0.534143
0.375211
0.004427
0.586507
0.046356
0.327164
0.512793
0.882041
0.151224
0.644455
0.395813
0.095451
0.455648
0.100331
0.038645
0.366173
0.141265
0.785306
0.416259
0.166504
0.028853
0.514629
0.906675
0.007041
0.945241
0.702507
0.688200
0.318982
0.066368
0.097626
0.504307
0.471468
0.227730
0.445414
0.882869
0.856995
0.702307
0.076302
0.134398
0.523729
0.223515
0.025060
0.727584
0.414228
0.138115
0.770263
0.909514
0.021357
0.807356
0.797924
0.271996
0.751621
0.014140
0.989212
0.292981
0.223351
0.194385
0.405500
0.741400
0.773395
0.290945
0.288507
0.122109
0.924552
0.661950
0.449203
0.562036
0.221943
0.479948
0.423978
0.565243
0.596945
0.885894
0.614336
0.868885
0.101006
0.749467
0.678200
0.049209
0.979373
0.405168
0.834747
0.000832
0.559157
0.337545
0.905252
0.747471
0.411670
0.368295
0.311517
0.151122
0.741982
0.826936
0.159516
0.741752
0.657435
0.073637
0.764412
0.472884
0.991474
0.180433
0.636405
0.461102
0.001669
0.892519
0.204054
0.540083
0.735007
0.996195
0.358943
0.462340
0.045249
0.960221
0.765661
0.133601
0.463895
0.223061
0.593927
0.044520
0.847694
0.534438
0.741901
0.860226
0.352888
0.574818
0.374971
0.587516
0.892923
0.154248
0.892833
0.119164
0.317090
0.100185
0.747013
0.871066
0.769703
0.684767
0.395087
0.406281
0.641637
0.801792
0.427943
0.965528
0.469212
0.003549
0.420368
0.890615
0.752108
0.852706
0.507800
0.589349
0.806659
0.474462
0.305042
0.610785
0.219988
0.833083
0.574543
0.100704
0.672115
0.463164
0.587988
0.520750
0.717636
0.502301
0.267721
0.531947
0.607733
0.975434
0.853109
0.964981
0.351072
0.933432
0.717388
0.285516
0.594245
0.045540
0.315774
0.982415
0.606514
0.367219
0.625456
0.007900
0.909145
0.766447
0.439194
0.126668
0.047962
0.891718
0.890196
0.551427
0.492192
0.837083
0.557131
0.246809
0.898245
0.021552
0.661931
0.190020
0.420857
0.204028
0.513528
0.898591
0.724817
0.437243
0.548994
0.059628
0.859101
0.795886
0.707594
0.750363
0.634199
0.550362
0.367853
0.198282
0.197332
0.488239
0.654515
0.510974
0.655334
0.184271
0.349839
0.302737
0.049669
0.295506
0.237455
0.538821
0.362244
0.502975
0.079235
0.450118
0.316585
0.363153
0.235625
0.391781
0.250232
0.382172
0.643520
0.238575
0.656800
0.629606
0.466172
0.147085
0.937512
0.696807
0.526389
0.448973
0.441737
0.041882
0.974312
0.358305
0.915484
0.498514
0.667705
0.227098
0.589122
0.942320
0.146532
0.023439
0.316029
0.774058
0.851849
0.652065
0.589302
0.695989
0.405916
0.913676
0.003022
0.412445
0.167007
0.391590
0.548586
0.799184
0.276533
0.056746
0.227921
0.163617
0.702696
0.948486
0.178412
0.599146
0.075522
0.081881
0.115622
0.745703
0.921440
0.775201
0.357380
0.363471
0.306962
0.515190
0.366912
0.850523
0.252758
0.274452
0.185207
0.764865
0.990742
0.964896
0.777702
0.608620
0.413725
0.413928
0.333353
0.892783
0.662632
0.455185
0.482848
0.105327
0.760142
0.361791
0.976614
0.668149
0.628398
0.955508
0.233739
0.788425
0.615920
0.197133
0.663189
0.020732
0.245244
0.409024
0.513937
0.075697
0.015582
0.365764
0.147715
0.390925
0.538059
0.289443
0.886030
0.157235
0.625848
0.136692
0.472540
0.038564
0.335846
0.909875
0.645465
0.892610
0.787060
0.868315
0.436946
0.281066
0.335419
0.370375
0.633520
0.827041
0.633779
0.415870
0.042337
0.141565
0.064865
0.162705
0.931659
0.693479
0.116168
0.502840
0.543330
0.964889
0.628465
0.051422
0.123403
0.329050
0.449845
0.339011
0.370499
0.355093
0.367665
0.919742
0.867461
0.714547
0.071694
0.196575
0.419962
0.302937
0.169422
0.806711
0.677231
0.844728
0.572659
0.053137
0.028261
0.605078
0.093612
0.369048
0.046898
0.354906
0.315885
0.776686
0.367985
0.628908
0.275434
0.476619
0.403231
0.265878
0.529588
0.662562
0.010330
0.147844
0.686614
0.594822
0.794781
0.864479
0.588862
0.436165
0.005243
0.361571
0.310947
0.020273
0.459333
0.361107
0.969180
0.107592
0.028108
0.324076
0.605094
0.917997
0.408459
0.058302
0.966656
0.305624
0.933858
0.829511
0.774774
0.458911
0.559269
0.076017
0.736178
0.928431
0.445177
0.351799
0.399386
0.175757
0.396327
0.209464
0.217630
0.999899
0.400234
0.898541
0.284802
0.943686
0.241492
0.744471
0.909625
0.785364
0.804278
0.623198
0.114491
0.748543
0.849824
0.023032
0.577694
0.775795
0.236643
0.741646
0.503305
0.631525
0.815929
0.738272
0.534494
0.356324
0.645006
0.720130
0.436201
0.893147
0.835633
0.343320
0.154949
0.126366
0.263793
0.841269
0.795851
0.802619
0.846994
0.332602
0.527348
0.982934
0.061425
0.113163
0.748518
0.690500
0.444803
0.996839
0.643965
0.508994
0.803305
0.063818
0.166748
0.403144
0.426550
0.314567
0.986460
0.186116
0.198842
0.258994
0.020377
0.666731
0.885508
0.923265
0.130410
0.752178
0.049607
0.396211
0.764015
0.946814
0.917883
0.612185
0.886898
0.922359
0.638934
0.561092
0.189607
0.896105
0.756168
0.496786
0.236368
0.557857
0.520291
0.684317
0.996842
0.458848
0.979647
0.971162
0.891022
0.201748
0.372477
0.408399
0.462125
0.144422
0.385647
0.690151
0.746843
0.705088
0.694206
0.463132
0.058497
0.895951
0.131496
0.206814
0.754863
0.438836
0.808862
0.256940
0.694312
0.361479
0.877246
0.483782
0.853633
0.328389
0.942219
0.718538
0.397675
0.225907
0.873119
0.308449
0.560862
0.657465
0.021650
0.469186
0.776559
0.581185
0.243212
0.672288
0.622048
0.266808
0.324853
0.170478
0.431220
0.100362
0.118402
0.423592
0.757431
0.420616
0.179353
0.376010
0.685928
0.037921
0.766481
0.970709
0.035935
0.229834
0.581031
0.417404
0.541233
0.804414
0.456432
0.499354
0.735809
0.106398
0.860690
0.776086
0.625926
0.057751
0.476375
0.072868
0.726476
0.276231
0.382136
0.031836
0.149490
0.916582
0.501066
0.108327
0.424673
0.901255
0.703513
0.837565
0.421329
0.033051
0.374969
0.064136
0.240236
0.851894
0.675614
0.446871
0.412174
0.862762
0.340773
0.736324
0.132985
0.631493
0.586635
0.116883
0.086055
0.539185
0.800845
0.340980
0.451922
0.382819
0.692329
0.223495
0.827872
0.297754
0.850485
0.559317
0.621538
0.304218
0.293769
0.159535
0.232030
0.401792
0.066960
0.939631
0.477331
0.169284
0.941896
0.038534
0.801808
0.997964
0.377161
0.486917
0.133664
0.978780
0.358811
0.897667
0.737028
0.273292
0.259343
0.926213
0.191940
0.077330
0.270214
0.483094
0.959288
0.401629
0.999736
0.702499
0.615580
0.339816
0.541675
0.809319
0.839460
0.027205
0.833328
0.250671
0.210628
0.273639
0.803401
0.511327
0.751312
0.060820
0.802541
0.057977
0.106847
0.092985
0.133890
0.554179
0.578061
0.028867
0.394066
0.216863
0.683977
0.719193
0.102377
0.129371
0.645337
0.696844
0.641813
0.108602
0.031388
0.054492
0.043209
0.550673
0.244464
0.091155
0.798009
0.471132
0.016639
0.132759
0.602281
0.664311
0.944150
0.945925
0.053841
0.968405
0.869562
0.555490
0.356406
0.709251
0.266614
0.673789
0.462106
0.161726
0.363224
0.025451
0.160974
0.702996
0.025824
0.825476
0.429643
0.110354
0.941742
0.532456
0.829523
0.286701
0.691008
0.634832
0.517412
0.671391
0.507187
0.877198
0.290815
0.540563
0.547720
0.346518
0.749990
0.630529
0.783877
0.424636
0.504748
0.576341
0.181710
0.592960
0.193843
0.075491
0.978182
0.626467
0.897958
0.728508
0.907516
0.125192
0.215118
0.923011
0.345495
0.749653
0.403170
0.898934
0.204123
0.709108
0.572791
0.228003
0.013339
0.114202
0.103370
0.062153
0.004216
0.974184
0.341919
0.840060
0.990635
0.978365
0.992617
0.109161
0.811485
0.446086
0.594308
0.127716
0.717957
0.013089
0.469787
0.097340
0.092118
0.907676
0.790312
0.864927
0.782157
0.080080
0.879795
0.582506
0.202050
0.614744
0.955596
0.966989
0.531053
0.768985
0.708844
0.036217
0.270710
0.743388
0.930522
0.574647
0.279908
0.859209
0.925956
0.397395
0.964940
0.765305
0.287508
0.015413
0.601264
0.550570
0.442585
0.571937
0.903457
0.235334
0.912983
0.420146
0.833215
0.954452
0.735300
0.177422
0.682612
0.732434
0.745782
0.240706
0.428544
0.953349
0.343565
0.032128
0.008452
0.420863
0.752586
0.601025
0.098166
0.121626
0.215344
0.808520
0.307932
0.892655
0.903730
0.319212
0.877153
0.954067
0.727787
0.910973
0.413898
0.615595
0.688985
0.562341
0.260159
0.171203
0.658470
0.995917
0.233807
0.442700
0.583096
0.438314
0.415373
0.361654
0.424664
0.629748
0.221391
0.239833
0.834690
0.390754
0.192170
0.681675
0.543862
0.375710
0.723363
0.757386
0.009806
0.043132
0.187456
0.760781
0.498246
0.115653
0.869971
0.410060
0.872653
0.137356
0.529234
0.359831
0.009076
0.645918
0.118611
0.635622
0.431327
0.429838
0.273245
0.694124
0.143920
0.538790
0.843911
0.979090
0.315077
0.844556
0.389579
0.669034
0.690426
0.931841
0.995603
0.993120
0.082349
0.837931
0.240950
0.579435
0.834805
0.297122
0.817216
0.458498
0.287923
0.554335
0.222908
0.096599
0.381443
0.350587
0.684011
0.310425
0.135525
0.443824
0.848541
0.607500
0.542064
0.089264
0.777790
0.006900
0.933492
0.325241
0.016279
0.181368
0.708590
0.489587
0.319128
0.894847
0.023959
0.408068
0.499238
0.367100
0.603344
0.664951
0.424253
0.417682
0.950834
0.035448
0.838061
0.172563
0.773485
0.263968
0.344244
0.764892
0.272194
0.878587
0.806552
0.693039
0.563566
0.593016
0.878372
0.789773
0.188983
0.499232
0.450431
0.941032
0.460818
0.367609
0.131369
0.715777
0.722393
0.602237
0.374354
0.983366
0.062293
0.136734
0.506065
0.315065
0.151452
0.674211
0.470887
0.513955
0.861212
0.282725
0.888270
0.874639
0.792446
0.547054
0.647444
0.981853
0.591876
0.076367
0.389966
0.366054
0.665682
0.486679
0.313233
0.354129
0.008222
0.562841
0.769794
0.804019
0.152713
0.687518
0.438078
0.271851
0.700615
0.068763
0.746501
0.817311
0.398500
0.552398
0.888522
0.254906
0.878704
0.853969
0.861447
0.962219
0.958130
0.855198
0.483935
0.477593
0.965144
0.883840
0.330455
0.284376
0.026548
0.820169
0.796407
0.471897
0.355772
0.868866
0.453192
0.079122
0.522392
0.307100
0.142980
0.919059
0.806258
0.607810
0.619997
0.713658
0.323398
0.665547
0.487386
0.462513
0.603554
0.279186
0.771439
0.756078
0.070927
0.414073
0.080698
0.216478
0.972406
0.652983
0.325129
0.506948
0.175074
0.712028
0.626400
0.354456
0.052974
0.240390
0.087193
0.348442
0.959396
0.621617
0.555174
0.840580
0.265069
0.163992
0.512524
0.114131
0.285699
0.407062
0.638248
0.014249
0.947779
0.014253
0.868334
0.939354
0.494415
0.585432
0.655471
0.354668
0.830234
0.160288
0.389736
0.777689
0.084979
0.130223
0.165308
0.336886
0.150016
0.903803
0.393991
0.963370
0.243235
0.134060
0.598795
0.844633
0.090190
0.504740
0.541738
0.862598
0.099257
0.360905
0.918004
0.127719
0.654202
0.215552
0.998984
0.538517
0.469098
0.460948
0.941898
0.782976
0.139863
0.538199
0.162754
0.955203
0.797845
0.182849
0.148514
0.697654
0.009382
0.713842
0.866298
0.315388
0.078974
0.698298
0.312197
0.322954
0.181910
0.969851
0.576369
0.664670
0.676356
0.152886
0.728175
0.042760
0.598303
0.782174
0.035564
0.401852
0.220414
0.775025
0.014080
0.768930
0.324782
0.363218
0.086872
0.810604
0.088749
0.311212
0.559048
0.229387
0.472935
0.256340
0.045509
0.671982
0.414225
0.211184
0.615861
0.719027
0.817993
0.307643
0.954808
0.430439
0.089820
0.860544
0.800131
0.355878
0.195532
0.144220
0.378349
0.017793
0.859700
0.251201
0.372852
0.126177
0.548791
0.115102
0.039703
0.790176
0.299840
0.791513
0.138666
0.211981
0.884475
0.197076
0.624091
0.852386
0.299101
0.488255
0.092033
0.273659
0.374471
0.632196
0.402933
0.332073
0.553078
0.481620
0.087025
0.507039
0.414101
0.047194
0.032710
0.923090
0.578136
0.882151
0.793771
0.411226
0.614534
0.507154
0.913708
0.242886
0.841903
0.045115
0.035643
0.288065
0.467751
0.376713
0.872183
0.243185
0.789135
0.823032
0.276073
0.547900
0.776912
0.001697
0.651136
0.076239
0.818211
0.961130
0.542450
0.918794
0.893236
0.082490
0.760327
0.450829
0.633647
0.643274
0.436830
0.647544
0.342494
0.187610
0.645339
0.612734
0.863878
0.257415
0.089294
0.740797
0.559959
0.151833
0.888429
0.653745
0.391178
0.729903
0.959526
0.223301
0.182145
0.117864
0.250583
0.891381
0.491958
0.277025
0.285810
0.287759
0.666903
0.713970
0.804625
0.568293
0.630786
0.139883
0.717885
0.076985
0.930461
0.312119
0.193403
0.095949
0.590359
0.805295
0.251203
0.674013
0.200698
0.482064
0.175009
0.511501
0.552257
0.370614
0.004909
0.679526
0.390466
0.646479
0.088679
0.729835
0.769695
0.084448
0.654421
0.528424
0.993003
0.550646
0.690423
0.554661
0.593575
0.687986
0.441803
0.438570
0.793469
0.487313
0.966643
0.263030
0.827054
0.993184
0.643179
0.594714
0.576397
0.263300
0.036912
0.897077
0.691407
0.164338
0.172220
0.849299
0.488308
0.659006
0.103769
0.184796
0.087382
0.418586
0.642315
0.869321
0.788029
0.615438
0.597808
0.268559
0.331322
0.328654
0.697332
0.274610
0.384195
0.585476
0.200540
0.145628
0.134217
0.597699
0.751926
0.897898
0.820210
0.407019
0.305408
0.919262
0.274465
0.081352
0.457164
0.850698
0.221376
0.695302
0.699038
0.622116
0.191479
0.956112
0.225778
0.601524
0.167201
0.110046
0.560223
0.505453
0.597400
0.275997
0.013684
0.764172
0.493837
0.930304
0.783332
0.288275
0.168047
0.720892
0.260435
0.753741
0.667384
0.165693
0.885752
0.929818
0.431843
0.120298
0.441098
0.896790
0.598257
0.947427
0.355646
0.026960
0.126831
0.335223
0.075595
0.979499
0.590064
0.175900
0.736774
0.944881
0.541005
0.298717
0.278840
0.583886
0.533451
0.353760
0.031251
0.264952
0.690061
0.452078
0.016090
0.897111
0.466092
0.204285
0.629097
0.078142
0.619262
0.469042
0.152697
0.982618
0.224494
0.064545
0.945074
0.065296
0.642519
0.034275
0.156020
0.774298
0.111555
0.151209
0.008760
0.187531
0.951871
0.535268
0.919573
0.296098
0.295767
0.624019
0.912978
0.160509
0.744424
0.838268
0.635500
0.819437
0.043733
0.917850
0.028635
0.705759
0.821453
0.849126
0.941330
0.849520
0.867133
0.078919
0.240688
0.860230
0.515687
0.309002
0.710466
0.979090
0.238543
0.824109
0.150417
0.382168
0.797960
0.242604
0.843191
0.764369
0.697463
0.744515
0.223325
0.516919
0.503265
0.663190
0.246042
0.862914
0.928706
0.495224
0.239951
0.080674
0.798839
0.543813
0.862170
0.726803
0.749734
0.952997
0.128528
0.983190
0.293325
0.688342
0.133904
0.167046
0.891829
0.181896
0.323884
0.942396
0.556124
0.978522
0.640998
0.096315
0.001914
0.624071
0.206122
0.244381
0.279942
0.534905
0.864130
0.717056
0.427648
0.228809
0.925595
0.971559
0.877167
0.609728
0.073009
0.350751
0.077855
0.247598
0.017307
0.159946
0.952038
0.528844
0.231997
0.001560
0.973627
0.156358
0.648383
0.853272
0.835726
0.717594
0.553470
0.613791
0.022410
0.618132
0.126335
0.997267
0.210296
0.782017
0.910196
0.817591
0.058146
0.570448
0.423875
0.561779
0.780129
0.772090
0.742796
0.760983
0.295001
0.411186
0.947638
0.191482
0.975764
0.127680
0.366934
0.398816
0.040501
0.865199
0.593626
0.067757
0.795240
0.400703
0.697156
0.350418
0.805841
0.441086
0.291393
0.514914
0.101856
0.658476
0.360392
0.147698
0.836911
0.433400
0.741874
0.203277
0.004934
0.503538
0.971899
0.374152
0.569047
0.190240
0.900470
0.589707
0.351482
0.894240
0.990002
0.842697
0.581782
0.849560
0.947431
0.493012
0.851812
0.418165
0.053298
0.576456
0.296848
0.949682
0.021745
0.427252
0.951023
0.356974
0.035018
0.941594
0.923424
0.240401
0.872670
0.510284
0.240862
0.786553
0.224075
0.834993
0.009121
0.660719
0.804752
0.428006
0.982866
0.080329
0.060857
0.352045
0.403446
0.807627
0.857567
0.066546
0.183796
0.526442
0.718159
0.851020
0.482452
0.297539
0.070624
0.025286
0.628221
0.330940
0.523655
0.790454
0.119054
0.217827
0.936795
0.292891
0.330777
0.059474
0.770171
0.144702
0.112968
0.380616
0.744312
0.906645
0.021931
0.568957
0.853533
0.600254
0.617463
0.324341
0.447806
0.422193
0.526252
0.698460
0.915084
0.101637
0.517138
0.960753
0.993037
0.496415
0.231015
0.425119
0.247027
0.650690
0.721641
0.435945
0.647897
0.830450
0.275617
0.846101
0.643537
0.566678
0.944770
0.163615
0.863951
0.133011
0.618628
0.221714
0.649153
0.687215
0.736616
0.097193
0.508205
0.645948
0.759421
0.407511
0.268270
0.231154
0.328422
0.134592
0.963971
0.124598
0.605198
0.314756
0.155580
0.254558
0.235547
0.095258
0.602627
0.984825
0.781846
0.568902
0.607153
0.809586
0.543445
0.973830
0.474761
0.616699
0.588419
0.284752
0.815372
0.063600
0.374789
0.158121
0.759601
0.621633
0.790160
0.844750
0.838260
0.751978
0.202876
0.001288
0.545821
0.955361
0.533850
0.753364
0.564778
0.423117
0.437176
0.558947
0.894747
0.653490
0.851880
0.045807
0.632487
0.987788
0.061405
0.441646
0.858661
0.979442
0.497819
0.353351
0.772529
0.107496
0.052720
0.591495
0.192322
0.466420
0.226353
0.570290
0.419152
0.947673
0.852627
0.368925
0.905029
0.425650
0.094360
0.129093
0.627117
0.781532
0.295968
0.631405
0.553452
0.062466
0.917477
0.170596
0.390063
0.859095
0.133797
0.500651
0.272149
0.379887
0.667902
0.395082
0.346522
0.853372
0.609226
0.248201
0.979127
0.556185
0.344285
0.097888
0.597527
0.061889
0.462323
0.181416
0.977955
0.458529
0.683421
0.829688
0.940860
0.376721
0.250857
0.582864
0.305911
0.399101
0.016099
0.276886
0.251748
0.839880
0.978193
0.645665
0.649275
0.153209
0.595784
0.331566
0.008407
0.373400
0.717899
0.955809
0.462350
0.640718
0.848989
0.913224
0.073103
0.014645
0.216571
0.399577
0.085950
0.522715
0.209994
0.916042
0.795491
0.697339
0.342193
0.420116
0.164032
0.284696
0.510241
0.685702
0.304760
0.297523
0.724770
0.061855
0.503832
0.165579
0.294066
0.678818
0.500701
0.311115
0.009263
0.724850
0.715280
0.548763
0.927562
0.425777
0.741096
0.145947
0.807836
0.753293
0.499663
0.156968
0.956238
0.604344
0.553886
0.596115
0.699147
0.903329
0.335440
0.586977
0.849734
0.936652
0.877397
0.620210
0.476941
0.874951
0.530766
0.383462
0.048251
0.746199
0.350422
0.067422
0.298411
0.451170
0.177741
0.982917
0.095444
0.354288
0.036307
0.486754
0.424819
0.864780
0.452557
0.459311
0.606408
0.056823
0.671203
0.614526
0.882568
0.808957
0.958677
0.072407
0.877004
0.202691
0.076480
0.564066
0.602464
0.772554
0.406806
0.157772
0.092130
0.893949
0.768833
0.138940
0.418098
0.614390
0.865907
0.904360
0.335673
0.045826
0.038928
0.057291
0.721295
0.242937
0.103650
0.041108
0.943730
0.981076
0.850488
0.209821
0.583321
0.938739
0.162618
0.398341
0.175316
0.388479
0.836515
0.377639
0.755022
0.246537
0.290307
0.722862
0.701132
0.349320
0.437911
0.108696
0.157312
0.472457
0.656329
0.007437
0.031103
0.228441
0.842066
0.692697
0.265425
0.648795
0.949467
0.945975
0.715234
0.538001
0.835011
0.384378
0.176090
0.374800
0.950111
0.945031
0.959976
0.412330
0.980579
0.203723
0.126263
0.206538
0.520323
0.410363
0.203651
0.081300
0.683539
0.789164
0.805310
0.252284
0.144177
0.784078
0.189596
0.697413
0.680982
0.896026
0.969535
0.332060
0.185221
0.033537
0.164559
0.058322
0.337305
0.217420
0.628647
0.480838
0.405828
0.987466
0.012502
0.171763
0.792922
0.258527
0.428313
0.714551
0.014886
0.077860
0.410332
0.233935
0.535405
0.017639
0.801127
0.836486
0.575706
0.678066
0.462178
0.435095
0.324052
0.218584
0.000362
0.638746
0.515203
0.328034
0.732732
0.067696
0.604933
0.799061
0.266592
0.149408
0.728341
0.707061
0.157771
0.692636
0.603281
0.288188
0.106763
0.590607
0.868512
0.252421
0.961332
0.618238
0.173633
0.603965
0.988544
0.446217
0.354942
0.829146
0.454164
0.664348
0.225450
0.667616
0.669773
0.489908
0.912397
0.831768
0.426912
0.120433
0.122976
0.066703
0.893564
0.795303
0.586416
0.543193
0.784126
0.961882
0.882925
0.802630
0.284116
0.639550
0.648925
0.488963
0.091549
0.762701
0.262122
0.930599
0.976538
0.820087
0.624580
0.906981
0.829259
0.335572
0.939542
0.641333
0.805950
0.231461
0.827313
0.303386
0.357099
0.941791
0.953232
0.043775
0.766915
0.595021
0.299523
0.384573
0.906459
0.943837
0.352410
0.586756
0.683708
0.998909
0.642994
0.443463
0.313819
0.022387
0.668610
0.705025
0.105190
0.389187
0.421108
0.534947
0.706616
0.547329
0.297006
0.891284
0.105042
0.355097
0.346034
0.501020
0.940818
0.378878
0.210137
0.980816
0.928861
0.472333
0.342564
0.100464
0.272257
0.280159
0.601056
0.989003
0.784094
0.107857
0.301896
0.161014
0.520082
0.246635
0.071457
0.364507
0.517063
0.948196
0.904146
0.803775
0.850873
0.400563
0.842664
0.012073
0.963290
0.590301
0.797489
0.390262
0.275769
0.660144
0.173409
0.898899
0.393093
0.329942
0.674828
0.911751
0.010622
0.173340
0.718142
0.487217
0.453910
0.797274
0.135496
0.078726
0.000515
0.505336
0.953142
0.633185
0.834059
0.322589
0.160003
0.375039
0.155153
0.786407
0.035041
0.958414
0.289617
0.867447
0.309938
0.816986
0.180445
0.463459
0.537406
0.035408
0.686861
0.027233
0.393152
0.101838
0.324253
0.953819
0.435819
0.031896
0.317195
0.000894
0.305941
0.243464
0.880635
0.373826
0.480480
0.731522
0.939730
0.531938
0.079455
0.674480
0.917036
0.607592
0.707636
0.089540
0.798689
0.652002
0.816681
0.145010
0.402720
0.292800
0.297201
0.692143
0.248531
0.604124
0.209312
0.567410
0.724406
0.830681
0.283742
0.666755
0.599187
0.587552
0.670476
0.244439
0.476376
0.276351
0.771566
0.738086
0.367068
0.949302
0.809741
0.675181
0.407495
0.933445
0.291914
0.240944
0.284445
0.149817
0.010982
0.358609
0.496406
0.663518
0.771381
0.985784
0.180598
0.251000
0.251626
0.709018
0.308813
0.325954
0.255425
0.926652
0.202587
0.814522
0.023482
0.360639
0.067122
0.388144
0.049421
0.603681
0.791762
0.956716
0.280778
0.770585
0.232809
0.588478
0.302014
0.323475
0.374093
0.883509
0.750215
0.129863
0.865777
0.596204
0.261564
0.000691
0.858184
0.524753
0.690781
0.161522
0.582579
0.892496
0.486307
0.512846
0.764290
0.901948
0.287730
0.423100
0.586724
0.596085
0.182379
0.317822
0.130918
0.596771
0.305593
0.237354
0.989433
0.674580
0.581184
0.949768
0.262577
0.139944
0.409226
0.350855
0.478064
0.919151
0.848630
0.844049
0.892993
0.310906
0.689870
0.864372
0.322037
0.215482
0.443542
0.745606
0.442586
0.228374
0.404849
0.892025
0.732470
0.017954
0.111168
0.727548
0.747255
0.720292
0.754976
0.788069
0.711851
0.526792
0.809926
0.588024
0.927513
0.788810
0.682914
0.630712
0.743918
0.879407
0.825674
0.103357
0.952738
0.031837
0.178659
0.971733
0.981584
0.697477
0.127508
0.294159
0.934830
0.397359
0.425020
0.648746
0.992043
0.580290
0.662730
0.508588
0.258769
0.130099
0.306351
0.713785
0.613383
0.602683
0.775863
0.743132
0.324594
0.972279
0.338032
0.257487
0.065840
0.562419
0.267681
0.206260
0.936040
0.601091
0.952066
0.102458
0.143475
0.627109
0.785031
0.683984
0.225582
0.425193
0.295887
0.002530
0.088426
0.154824
0.250753
0.788861
0.453858
0.220878
0.266865
0.116416
0.619975
0.805319
0.905323
0.665134
0.063460
0.165773
0.414208
0.124884
0.554581
0.620279
0.237912
0.182726
0.002790
0.623792
0.592856
0.429895
0.510594
0.531332
0.634333
0.081451
0.565211
0.299707
0.850682
0.412227
0.342792
0.753528
0.962913
0.924327
0.811927
0.615128
0.970697
0.730972
0.196945
0.739821
0.556647
0.085035
0.064041
0.109818
0.374180
0.123835
0.413512
0.808556
0.131018
0.329569
0.959984
0.343143
0.718566
0.111548
0.942186
0.211286
0.101692
0.855801
0.178975
0.160167
0.495578
0.422765
0.455358
0.282238
0.534851
0.927180
0.129452
0.295219
0.250583
0.837641
0.968705
0.403523
0.575212
0.477956
0.693370
0.112985
0.703258
0.498909
0.490963
0.831723
0.652862
0.277307
0.503025
0.833025
0.052633
0.558580
0.032566
0.961748
0.069829
0.418469
0.206560
0.848277
0.096249
0.316484
0.204204
0.352883
0.710856
0.046381
0.751519
0.731528
0.483567
0.763706
0.631451
0.809717
0.610169
0.353627
0.882855
0.225943
0.457990
0.669575
0.500524
0.997182
0.937071
0.959377
0.812497
0.936685
0.819757
0.045152
0.732790
0.474177
0.638005
0.839758
0.372100
0.580263
0.563660
0.979316
0.562065
0.654304
0.491269
0.000540
0.908830
0.506680
0.710960
0.475316
0.658824
0.045002
0.692907
0.074236
0.726035
0.786584
0.264069
0.016299
0.409329
0.177880
0.298299
0.983681
0.006400
0.451522
0.965471
0.157613
0.515298
0.923354
0.893844
0.742846
0.884654
0.490055
0.639066
0.481813
0.731092
0.381668
0.766615
0.363136
0.660174
0.935879
0.332526
0.759094
0.300528
0.260212
0.577232
0.699605
0.056791
0.836258
0.263434
0.131497
0.494289
0.583516
0.122210
0.906482
0.947862
0.059963
0.699932
0.583537
0.581525
0.737614
0.196871
0.975144
0.069159
0.793567
0.378239
0.875013
0.595578
0.224470
0.838438
0.600091
0.940376
0.183332
0.874882
0.493592
0.373935
0.094953
0.341264
0.359722
0.508035
0.907095
0.510610
0.035319
0.566316
0.840347
0.392184
0.908646
0.908317
0.506435
0.865937
0.740589
0.612480
0.552676
0.473769
0.556997
0.227850
0.074061
0.834907
0.701149
0.092656
0.413139
0.326868
0.259673
0.213703
0.374764
0.334124
0.510585
0.348643
0.035723
0.751057
0.654614
0.550859
0.680421
0.318255
0.856284
0.862494
0.879583
0.352734
0.374222
0.586150
0.520430
0.631150
0.745255
0.562298
0.849060
0.025356
0.407729
0.232148
0.188616
0.443412
0.719210
0.000966
0.324229
0.964903
0.814756
0.232747
0.206036
0.592661
0.546218
0.224014
0.207632
0.885930
0.581557
0.014164
0.016269
0.051929
0.476760
0.106237
0.134380
0.809653
0.871370
0.980812
0.985664
0.004552
0.221397
0.994752
0.773103
0.345280
0.349026
0.345017
0.295683
0.600592
0.345333
0.647285
0.144208
0.779404
0.657416
0.402777
0.547846
0.410274
0.781989
0.699668
0.099709
0.525525
0.489644
0.584747
0.853982
0.874085
0.643280
0.235403
0.545425
0.566866
0.035631
0.622403
0.855332
0.677110
0.448665
0.462744
0.641570
0.450433
0.885670
0.773791
0.503736
0.946877
0.308054
0.031138
0.091836
0.158820
0.745873
0.251551
0.546532
0.489398
0.475573
0.138963
0.723813
0.798578
0.561678
0.787863
0.483915
0.937271
0.041713
0.298385
0.875113
0.500013
0.855539
0.656726
0.313449
0.686660
0.350746
0.430757
0.629848
0.223082
0.263614
0.453466
0.641019
0.846606
0.018386
0.867362
0.699147
0.307618
0.403778
0.504609
0.720962
0.114611
0.181504
0.825427
0.707127
0.593414
0.323429
0.948254
0.690222
0.526562
0.837267
0.018166
0.830317
0.766743
0.860581
0.285808
0.682295
0.407015
0.823457
0.240278
0.143752
0.264722
0.305401
0.560466
0.646380
0.567558
0.154759
0.046652
0.651013
0.587446
0.771843
0.266025
0.555523
0.866355
0.061682
0.012168
0.818253
0.230154
0.680216
0.631646
0.264742
0.651196
0.179344
0.524341
0.493762
0.653732
0.711499
0.063889
0.575949
0.361290
0.902687
0.618195
0.374905
0.761647
0.522925
0.256874
0.081208
0.659714
0.962785
0.014070
0.683307
0.245001
0.411814
0.804634
0.089203
0.908864
0.785740
0.264252
0.426897
0.894648
0.980847
0.066718
0.391982
0.585445
0.171237
0.753118
0.563973
0.560412
0.692934
0.548882
0.799912
0.359440
0.272174
0.228151
0.539728
0.862236
0.007538
0.165135
0.262457
0.033218
0.769882
0.565519
0.039664
0.026630
0.562785
0.445720
0.000763
0.352320
0.521243
0.594048
0.397149
0.334119
0.608893
0.047534
0.405186
0.858693
0.804665
0.015274
0.903841
0.619431
0.608414
0.809299
0.496833
0.460028
0.611136
0.764880
0.302012
0.065962
0.597500
0.073222
0.516768
0.235580
0.214733
0.562195
0.986824
0.179634
0.549865
0.068184
0.690005
0.189222
0.513740
0.889541
0.914358
0.314534
0.601315
0.816449
0.413506
0.194735
0.359164
0.232089
0.897758
0.453818
0.577690
0.286650
0.038324
0.256200
0.281737
0.091503
0.879094
0.124119
0.822774
0.370277
0.055677
0.428076
0.691593
0.063002
0.888584
0.340306
0.845177
0.707172
0.855138
0.304975
0.756650
0.135616
0.745600
0.339688
0.794422
0.427482
0.300256
0.900301
0.766308
0.339248
0.117369
0.570877
0.236408
0.513303
0.162865
0.985884
0.856400
0.919795
0.331614
0.952267
0.127159
0.712718
0.971931
0.561383
0.509436
0.374934
0.338331
0.808677
0.281210
0.762174
0.066229
0.062699
0.251003
0.928311
0.433735
0.132007
0.997189
0.090155
0.592273
0.202790
0.438783
0.358706
0.795900
0.892796
0.838134
0.185824
0.859811
0.966213
0.984967
0.533420
0.536882
0.054393
0.867778
0.420814
0.856880
0.250424
0.265950
0.521430
0.850173
0.709986
0.916510
0.310592
0.834757
0.962259
0.355014
0.782032
0.925069
0.375075
0.691904
0.993808
0.700360
0.037227
0.064300
0.638529
0.611086
0.923975
0.758714
0.093774
0.499488
0.852155
0.101696
0.054141
0.345822
0.958797
0.591897
0.105730
0.538980
0.848434
0.936374
0.628695
0.608668
0.542866
0.053713
0.026778
0.679253
0.873506
0.723511
0.729750
0.130595
0.217872
0.762165
0.112373
0.030833
0.782441
0.864356
0.760697
0.276699
0.055070
0.902986
0.094924
0.709379
0.219373
0.472109
0.750987
0.423521
0.165693
0.091096
0.027041
0.443375
0.220247
0.177175
0.729993
0.777141
0.614252
0.909931
0.206538
0.437038
0.343744
0.337193
0.716153
0.920843
0.040736
0.748226
0.489626
0.468150
0.446457
0.817834
0.616884
0.442659
0.503760
0.513827
0.800292
0.496412
0.971296
0.079678
0.892400
0.273371
0.106527
0.732782
0.680714
0.072583
0.714795
0.344575
0.487905
0.864596
0.861002
0.439469
0.397108
0.072055
0.479413
0.121748
0.283776
0.054311
0.983043
0.129674
0.504899
0.728646
0.801111
0.349451
0.152197
0.403742
0.392235
0.883550
0.978755
0.115337
0.070414
0.852357
0.641343
0.944798
0.615017
0.569045
0.117558
0.108274
0.836837
0.727921
0.334555
0.651225
0.558246
0.808896
0.132598
0.228790
0.901991
0.656805
0.052094
0.539496
0.732607
0.135462
0.619271
0.085352
0.965879
0.983046
0.276892
0.116892
0.461390
0.467645
0.998323
0.183198
0.093788
0.728959
0.493382
0.924589
0.409912
0.722856
0.492145
0.634133
0.117894
0.497890
0.529813
0.172506
0.414443
0.024456
0.274898
0.782296
0.278118
0.474728
0.489588
0.930520
0.076792
0.581281
0.102218
0.963914
0.940932
0.459713
0.446053
0.027109
0.921757
0.900859
0.986990
0.539896
0.112779
0.065375
0.757735
0.711816
0.089465
0.551614
0.342198
0.979831
0.686413
0.869552
0.637454
0.261897
0.553166
0.211819
0.460067
0.134301
0.923929
0.449263
0.478779
0.056345
0.715351
0.234270
0.238734
0.909603
0.589400
0.820783
0.407244
0.201945
0.941136
0.415624
0.703402
0.354848
0.397000
0.880635
0.581287
0.576348
0.137631
0.088031
0.098447
0.686078
0.037143
0.980263
0.919297
0.152128
0.881598
0.048182
0.150178
0.005414
0.983617
0.774016
0.174226
0.683587
0.834982
0.205083
0.516930
0.425418
0.568863
0.955638
0.616127
0.274586
0.268962
0.162827
0.453947
0.979742
0.442483
0.442821
0.015576
0.000959
0.441979
0.258363
0.324957
0.090775
0.499735
0.982413
0.147306
0.635075
0.345755
0.846714
0.790633
0.473425
0.682210
0.030788
0.653498
0.612917
0.945598
0.867288
0.296088
0.181288
0.712057
0.114382
0.820050
0.695535
0.497376
0.934923
0.865306
0.047384
0.824062
0.694809
0.626752
0.307032
0.823326
0.377988
0.189921
0.036261
0.906556
0.851009
0.333665
0.280244
0.572418
0.793335
0.572957
0.007700
0.152567
0.847748
0.861116
0.709064
0.478319
0.804113
0.455189
0.094357
0.356803
0.885346
0.309603
0.792878
0.459029
0.482336
0.998712
0.007573
0.371984
0.019871
0.148496
0.963853
0.077088
0.424321
0.666924
0.197649
0.959724
0.406105
0.878814
0.211834
0.397794
0.835852
0.053048
0.713874
0.086588
0.647442
0.345459
0.364405
0.645185
0.282537
0.521916
0.780377
0.125144
0.137442
0.338143
0.141155
0.261589
0.086555
0.402242
0.763440
0.172729
0.847111
0.677913
0.081498
0.026348
0.587077
0.966675
0.532258
0.797364
0.050081
0.637464
0.944402
0.782887
0.725428
0.874903
0.289393
0.460655
0.984662
0.288637
0.896153
0.060584
0.754728
0.782120
0.876180
0.651715
0.427356
0.209290
0.738816
0.458982
0.399685
0.312175
0.417975
0.894052
0.596744
0.914396
0.587322
0.086649
0.595882
0.699210
0.350141
0.259077
0.719756
0.402569
0.777118
0.615595
0.710402
0.849813
0.188267
0.585277
0.974144
0.329344
0.377133
0.624402
0.886816
0.869749
0.733258
0.761320
0.371592
0.532385
0.494279
0.859341
0.867532
0.985020
0.447847
0.934248
0.465226
0.941453
0.586031
0.842497
0.325215
0.266557
0.505706
0.350635
0.553352
0.307280
0.246619
0.899517
0.382450
0.641023
0.497760
0.728966
0.308116
0.678665
0.400162
0.166886
0.615018
0.337259
0.982424
0.595736
0.483355
0.145927
0.520571
0.469681
0.419137
0.178612
0.987418
0.895630
0.550222
0.051507
0.403354
0.135591
0.176708
0.985879
0.210426
0.407887
0.772298
0.644856
0.138450
0.829492
0.175085
0.803860
0.024291
0.066324
0.363695
0.028865
0.276013
0.355233
0.729103
0.706484
0.469575
0.189731
0.974275
0.208968
0.738577
0.077285
0.413015
0.571236
0.213216
0.882228
0.815417
0.113662
0.813310
0.164764
0.738780
0.443078
0.966648
0.459890
0.277880
0.606548
0.557101
0.253840
0.014514
0.931338
0.090183
0.700350
0.900113
0.755135
0.164975
0.361894
0.483198
0.499978
0.062548
0.996300
0.020979
0.960487
0.288864
0.967817
0.176671
0.522462
0.165433
0.121707
0.395176
0.984441
0.949061
0.097653
0.223622
0.576875
0.122497
0.291256
0.462736
0.437457
0.554643
0.023336
0.622819
0.655223
0.540711
0.508971
0.845805
0.910316
0.642009
0.794596
0.733949
0.752824
0.829064
0.861127
0.996510
0.646724
0.252123
0.280148
0.948465
0.689449
0.815526
0.411504
0.739044
0.461490
0.397368
0.694075
0.181517
0.993350
0.547864
0.703719
0.737189
0.510351
0.817947
0.726896
0.973505
0.252569
0.747248
0.565786
0.675324
0.512590
0.195501
0.388086
0.106008
0.504915
0.085772
0.946253
0.166580
0.116485
0.178177
0.497902
0.471824
0.689652
0.629903
0.889182
0.096089
0.280249
0.976636
0.441132
0.992513
0.010956
0.931502
0.476918
0.270428
0.817459
0.914510
0.313982
0.399368
0.071935
0.712118
0.349237
0.876113
0.626132
0.159597
0.957589
0.684882
0.773701
0.818386
0.102978
0.350674
0.584424
0.923608
0.577724
0.491787
0.473365
0.879710
0.627005
0.839092
0.653600
0.698553
0.700031
0.635432
0.936006
0.199206
0.528401
0.446535
0.380230
0.596863
0.103729
0.852729
0.279815
0.535826
0.240754
0.005112
0.734741
0.580145
0.113990
0.737112
0.507406
0.972912
0.193968
0.048000
0.062278
0.297962
0.214261
0.403906
0.415830
0.946708
0.550731
0.128579
0.854472
0.413321
0.364620
0.234228
0.068619
0.553085
0.772849
0.535350
0.077058
0.665579
0.680787
0.817992
0.425663
0.464695
0.810239
0.835212
0.908436
0.514224
0.240730
0.957803
0.018711
0.117969
0.864592
0.528272
0.958088
0.018551
0.741868
0.305481
0.446013
0.875242
0.182623
0.416693
0.341424
0.638487
0.531651
0.881688
0.939140
0.631937
0.180516
0.078184
0.388984
0.890873
0.177881
0.376562
0.328227
0.822165
0.391600
0.091555
0.263018
0.263266
0.232423
0.745496
0.398910
0.978213
0.263466
0.387349
0.343373
0.473855
0.173026
0.199145
0.894951
0.920310
0.708677
0.290920
0.927196
0.071361
0.682749
0.240473
0.275033
0.292712
0.534890
0.488376
0.563359
0.492797
0.445097
0.924094
0.780467
0.520521
0.445641
0.277671
0.212604
0.039773
0.495196
0.004383
0.412536
0.338838
0.212230
0.067709
0.388285
0.795509
0.873485
0.098790
0.053927
0.841720
0.870077
0.157648
0.490220
0.285030
0.878115
0.421509
0.198230
0.513067
0.389570
0.366687
0.695479
0.680029
0.605878
0.040097
0.574698
0.934969
0.211902
0.091469
0.015127
0.567634
0.708738
0.973867
0.372445
0.821188
0.324530
0.843773
0.464728
0.738887
0.374124
0.787837
0.779052
0.694341
0.178855
0.265572
0.729111
0.107969
0.461933
0.639714
0.152967
0.915018
0.724364
0.031550
0.228188
0.747249
0.499743
0.009869
0.347404
0.879443
0.148943
0.931060
0.110809
0.116021
0.850074
0.585463
0.495383
0.029452
0.574228
0.772067
0.417443
0.872286
0.819527
0.979850
0.951322
0.864453
0.957784
0.568952
0.460121
0.187239
0.779506
0.147077
0.064069
0.409685
0.800605
0.764149
0.369449
0.231122
0.511727
0.498791
0.029532
0.578491
0.948838
0.990434
0.753601
0.466896
0.979060
0.847050
0.238012
0.568454
0.812826
0.106232
0.503064
0.574691
0.553278
0.381493
0.042133
0.852185
0.704479
0.930699
0.957561
0.235285
0.406107
0.943072
0.225720
0.463133
0.715687
0.268357
0.927889
0.624861
0.288532
0.878952
0.114693
0.999666
0.338339
0.444972
0.435586
0.316099
0.285593
0.754454
0.113408
0.432543
0.736109
0.676876
0.497147
0.342148
0.339980
0.157835
0.034278
0.300048
0.279723
0.165318
0.837195
0.460327
0.387550
0.762426
0.420694
0.483301
0.156818
0.845504
0.066304
0.151394
0.841408
0.708120
0.258131
0.995611
0.179555
0.226813
0.604360
0.608035
0.898536
0.230389
0.488027
0.265567
0.800014
0.736270
0.469161
0.902718
0.723987
0.299989
0.948399
0.767568
0.420010
0.421691
0.982600
0.680340
0.992475
0.840221
0.770053
0.828027
0.853993
0.783999
0.473137
0.095117
0.535739
0.861066
0.667934
0.908224
0.331616
0.890049
0.173377
0.303956
0.956372
0.590731
0.859144
0.991950
0.585703
0.767888
0.725450
0.640033
0.024859
0.395107
0.224918
0.751998
0.074304
0.405700
0.014498
0.620631
0.476362
0.954346
0.813319
0.934174
0.232183
0.463790
0.451930
0.192248
0.467363
0.813219
0.852674
0.880931
0.837533
0.065780
0.325261
0.083831
0.439569
0.038142
0.112753
0.318856
0.113872
0.760789
0.420168
0.825444
0.469530
0.298711
0.711435
0.455142
0.065022
0.942695
0.803049
0.895011
0.357249
0.245290
0.319114
0.067837
0.762747
0.675668
0.428735
0.579768
0.725598
0.576673
0.161302
0.633053
0.872040
0.007001
0.108093
0.481818
0.264663
0.683035
0.261938
0.609454
0.608263
0.448849
0.334174
0.158758
0.961201
0.209367
0.005589
0.796260
0.573233
0.379814
0.523127
0.170563
0.703184
0.313279
0.326262
0.195656
0.514061
0.655420
0.377500
0.802960
0.042993
0.788535
0.653792
0.043854
0.988956
0.723340
0.324657
0.955321
0.140067
0.591883
0.165723
0.627264
0.208409
0.014825
0.321906
0.117581
0.984949
0.645709
0.903392
0.171072
0.948073
0.328131
0.752548
0.015990
0.931388
0.092759
0.915371
0.477211
0.401363
0.332819
0.663423
0.381541
0.331796
0.451619
0.789710
0.097094
0.155207
0.205635
0.214665
0.387650
0.683590
0.362872
0.728374
0.651615
0.131584
0.759276
0.926216
0.615236
0.150054
0.825800
0.703036
0.456851
0.340384
0.244665
0.113278
0.933579
0.619132
0.004218
0.210873
0.878523
0.635821
0.295459
0.804273
0.434387
0.607144
0.827477
0.722251
0.821672
0.359075
0.240356
0.429946
0.524263
0.301682
0.728897
0.079180
0.464178
0.783984
0.234318
0.661175
0.467292
0.869046
0.948841
0.864160
0.763620
0.660567
0.354218
0.955610
0.074737
0.826346
0.883357
0.113542
0.406639
0.872819
0.967441
0.649682
0.862852
0.796965
0.981785
0.697747
0.440816
0.292664
0.313873
0.802601
0.842615
0.330392
0.687907
0.232703
0.706608
0.321118
0.342228
0.462851
0.166680
0.673472
0.879223
0.522590
0.431428
0.360660
0.411068
0.585298
0.139137
0.429934
0.187603
0.263469
0.465313
0.559458
0.502893
0.478403
0.592681
0.938606
0.482060
0.060635
0.242653
0.608578
0.106566
0.406132
0.355591
0.938051
0.660583
0.729495
0.109270
0.157422
0.898889
0.515077
0.217399
0.666377
0.732922
0.360552
0.773733
0.540624
0.800498
0.533678
0.957446
0.969812
0.979962
0.733522
0.831789
0.981280
0.894338
0.513538
0.374517
0.262173
0.747734
0.363906
0.633652
0.250831
0.076779
0.409538
0.598537
0.289666
0.175369
0.757279
0.091061
0.925092
0.162079
0.001040
0.276822
0.611508
0.866238
0.332343
0.066873
0.878863
0.480174
0.370740
0.257657
0.506672
0.190223
0.953259
0.754661
0.508209
0.795906
0.355739
0.643001
0.660599
0.552557
0.085017
0.939126
0.359958
0.634615
0.224376
0.049884
0.473041
0.580846
0.252607
0.230329
0.382132
0.824608
0.128208
0.356593
0.159237
0.766876
0.745483
0.285629
0.886947
0.261360
0.561181
0.115005
0.991450
0.653499
0.363318
0.672846
0.539709
0.561392
0.834368
0.934463
0.046418
0.179359
0.447266
0.386599
0.252363
0.405582
0.444797
0.235363
0.686609
0.285443
0.482980
0.106884
0.769626
0.722292
0.180732
0.332117
0.709201
0.347376
0.197327
0.084884
0.988565
0.929989
0.863419
0.585484
0.646529
0.426114
0.300274
0.055635
0.649168
0.997151
0.776636
0.363218
0.095270
0.727145
0.846647
0.810566
0.973875
0.084072
0.080549
0.765819
0.188989
0.024501
0.609444
0.015100
0.118223
0.506775
0.845196
0.510646
0.409660
0.140879
0.867149
0.527379
0.922689
0.707562
0.771583
0.022954
0.858645
0.878837
0.611969
0.863847
0.427488
0.329845
0.194703
0.656438
0.876118
0.070535
0.384167
0.565787
0.927522
0.376698
0.582941
0.058618
0.510259
0.654673
0.729645
0.048113
0.003848
0.533193
0.462170
0.007957
0.793575
0.899246
0.663696
0.057557
0.970966
0.551903
0.500465
0.579846
0.083526
0.067454
0.503300
0.132072
0.525907
0.889025
0.390753
0.247634
0.868183
0.971555
0.003629
0.436683
0.075530
0.535456
0.163791
0.492639
0.424947
0.975671
0.901361
0.053117
0.252623
0.212686
0.652771
0.683623
0.551405
0.093512
0.728207
0.221500
0.509319
0.797753
0.013443
0.391452
0.262240
0.880689
0.112488
0.172013
0.398032
0.004568
0.480033
0.928721
0.864604
0.843762
0.734893
0.042823
0.215538
0.980754
0.907327
0.746873
0.186740
0.079357
0.646499
0.957743
0.095015
0.579746
0.113192
0.384882
0.940624
0.816687
0.792904
0.632971
0.383772
0.637209
0.593378
0.943819
0.249266
0.465466
0.317805
0.896914
0.241092
0.618943
0.831862
0.560685
0.262811
0.668720
0.542598
0.240505
0.831028
0.514259
0.175066
0.072607
0.524919
0.726180
0.435563
0.967544
0.269196
0.531437
0.999092
0.706116
0.081953
0.588906
0.894953
0.685534
0.610493
0.940002
0.456469
0.125231
0.752284
0.429512
0.274781
0.767090
0.636410
0.114336
0.928612
0.342836
0.241615
0.564817
0.280353
0.020428
0.015982
0.621613
0.553660
0.999203
0.652502
0.248949
0.652586
0.134562
0.573626
0.539320
0.946543
0.814790
0.392313
0.564911
0.945887
0.510779
0.900054
0.913628
0.909087
0.461285
0.283679
0.321312
0.183868
0.856545
0.389097
0.854608
0.142652
0.140659
0.325027
0.508424
0.250402
0.401463
0.973747
0.364969
0.595709
0.973473
0.536111
0.483959
0.540537
0.797003
0.368856
0.431571
0.589504
0.691334
0.404497
0.643893
0.656506
0.682637
0.505914
0.103314
0.547570
0.033563
0.623772
0.887400
0.788583
0.540684
0.066960
0.942101
0.931264
0.372259
0.832784
0.707403
0.868755
0.820517
0.590129
0.365394
0.603548
0.432647
0.677561
0.229454
0.627194
0.389988
0.278542
0.999472
0.557174
0.537148
0.223561
0.981657
0.317240
0.167789
0.897118
0.231833
0.000996
0.581893
0.295759
0.606997
0.104112
0.305125
0.738628
0.689288
0.949531
0.953401
0.717601
0.126950
0.935784
0.518483
0.580701
0.375095
0.705992
0.810932
0.657164
0.731438
0.131483
0.127417
0.339688
0.674098
0.467888
0.596556
0.369933
0.405153
0.933983
0.022167
0.755209
0.379160
0.716913
0.290215
0.552384
0.003989
0.876386
0.175594
0.410905
0.305266
0.581186
0.801135
0.289137
0.667794
0.012293
0.422294
0.712329
0.939501
0.978061
0.979670
0.188748
0.696829
0.850290
0.054908
0.852102
0.925712
0.809547
0.045206
0.759240
0.229334
0.219397
0.333552
0.795373
0.001972
0.290047
0.756022
0.374310
0.236260
0.271630
0.268926
0.665331
0.297090
0.387437
0.396028
0.324686
0.496727
0.401057
0.023064
0.598916
0.649188
0.353668
0.621085
0.436404
0.333951
0.025742
0.973844
0.177066
0.835021
0.409925
0.394100
0.568855
0.976364
0.939682
0.910265
0.911787
0.292996
0.833976
0.643415
0.980232
0.462351
0.296368
0.965150
0.993973
0.085957
0.973754
0.902981
0.066580
0.029487
0.233822
0.750327
0.571370
0.481640
0.081278
0.035625
0.342944
0.920380
0.692948
0.736507
0.235239
0.629281
0.324942
0.202203
0.741162
0.497173
0.116814
0.215948
0.147197
0.380192
0.895770
0.519737
0.348687
0.485480
0.447916
0.200671
0.334419
0.338229
0.774634
0.350639
0.606316
0.065980
0.163786
0.342368
0.121787
0.732866
0.472533
0.882899
0.720080
0.398126
0.008226
0.412310
0.453764
0.683238
0.601939
0.347656
0.623544
0.995348
0.586258
0.050446
0.986711
0.865790
0.413605
0.375811
0.251599
0.174893
0.095323
0.382550
0.304012
0.511299
0.256324
0.369403
0.155395
0.577849
0.163537
0.712645
0.421850
0.038846
0.443849
0.106210
0.600325
0.496161
0.057778
0.825113
0.912602
0.484923
0.718761
0.107579
0.245077
0.453376
0.410143
0.476772
0.475806
0.205161
0.217340
0.329759
0.299536
0.164568
0.090798
0.423867
0.633282
0.114305
0.037523
0.988024
0.702892
0.648380
0.928469
0.812309
0.415452
0.986837
0.350978
0.290672
0.350607
0.880292
0.646849
0.961649
0.440081
0.066283
0.296186
0.296470
0.729963
0.961223
0.645908
0.494181
0.662565
0.425541
0.572066
0.014431
0.498684
0.329257
0.111592
0.400193
0.298610
0.183685
0.428043
0.988804
0.559729
0.064764
0.385657
0.988815
0.985538
0.816507
0.616545
0.704934
0.047606
0.830373
0.569352
0.751026
0.157667
0.148659
0.837831
0.713191
0.347660
0.447262
0.970417
0.957319
0.864119
0.684591
0.264628
0.148416
0.819543
0.537873
0.232361
0.327141
0.854106
0.473576
0.885447
0.321378
0.289680
0.062688
0.808213
0.340631
0.695157
0.710925
0.650544
0.276489
0.614809
0.944870
0.857955
0.715337
0.973951
0.253106
0.743392
0.646557
0.699748
0.311545
0.659546
0.241485
0.257320
0.168806
0.733103
0.790647
0.277340
0.184219
0.227988
0.559020
0.462707
0.861056
0.889649
0.075098
0.527087
0.723284
0.035100
0.568033
0.602747
0.177386
0.563814
0.250576
0.221281
0.372761
0.514643
0.991355
0.527857
0.025560
0.247710
0.189516
0.543505
0.461415
0.423228
0.153970
0.293625
0.831765
0.739262
0.778610
0.024166
0.995070
0.106882
0.308577
0.126492
0.466231
0.735489
0.510009
0.181299
0.522408
0.296419
0.820002
0.651624
0.018087
0.174475
0.282685
0.442160
0.072780
0.221748
0.223327
0.081065
0.026844
0.734822
0.111914
0.752201
0.249465
0.595984
0.591503
0.438201
0.472224
0.083989
0.850132
0.952821
0.615584
0.374735
0.787842
0.616218
0.987167
0.743275
0.646417
0.527827
0.532276
0.144167
0.037208
0.133700
0.390643
0.807337
0.714644
0.680865
0.600013
0.533446
0.826857
0.859660
0.737521
0.219992
0.041869
0.912118
0.813838
0.182905
0.443780
0.733251
0.652057
0.865676
0.948776
0.312388
0.472069
0.528759
0.470052
0.600072
0.749663
0.387287
0.913051
0.686218
0.775433
0.988457
0.291094
0.727416
0.458444
0.386276
0.784308
0.353027
0.919829
0.047723
0.123888
0.344989
0.527592
0.499702
0.455725
0.056280
0.320872
0.261114
0.243095
0.685556
0.954036
0.781583
0.212822
0.835520
0.412087
0.282387
0.972683
0.471646
0.971867
0.842259
0.353822
0.984649
0.231072
0.739217
0.619049
0.609893
0.130863
0.319581
0.268838
0.332137
0.749159
0.058811
0.848771
0.013747
0.341033
0.469613
0.976609
0.034908
0.610092
0.236694
0.060060
0.978233
0.079457
0.972167
0.147844
0.877450
0.621907
0.020439
0.061570
0.377126
0.743743
0.447828
0.893173
0.711241
0.993693
0.053347
0.855674
0.143306
0.393300
0.678265
0.061575
0.156912
0.925117
0.190092
0.525436
0.027275
0.845181
0.110500
0.481577
0.022592
0.491540
0.457084
0.145422
0.506720
0.285611
0.908384
0.482880
0.066714
0.321293
0.984765
0.276115
0.941702
0.221369
0.590944
0.160021
0.752087
0.084113
0.687351
0.960149
0.635468
0.727075
0.167353
0.182510
0.500382
0.300969
0.507473
0.215652
0.370084
0.544959
0.642151
0.517355
0.662181
0.945453
0.678942
0.817968
0.238975
0.663094
0.821950
0.210197
0.967599
0.735647
0.690348
0.675601
0.195198
0.536094
0.506259
0.370294
0.616006
0.412807
0.455439
0.339684
0.674645
0.119164
0.390129
0.722340
0.400694
0.669435
0.613221
0.138377
0.937585
0.361948
0.345233
0.524671
0.345389
0.474282
0.891480
0.098533
0.399888
0.752967
0.178585
0.308652
0.254304
0.845489
0.071884
0.206590
0.196919
0.918523
0.494482
0.768069
0.346005
0.395604
0.293090
0.669074
0.538576
0.161776
0.905359
0.220127
0.753635
0.213352
0.220281
0.660212
0.073055
0.178303
0.551135
0.371189
0.130129
0.857057
0.995269
0.590091
0.479923
0.003758
0.694212
0.650638
0.896827
0.413281
0.860822
0.191416
0.859717
0.537362
0.058693
0.125289
0.817473
0.721724
0.926093
0.706334
0.177727
0.741779
0.577479
0.974546
0.566873
0.983660
0.707050
0.156936
0.053805
0.845511
0.299769
0.693028
0.794554
0.056095
0.836506
0.103950
0.567973
0.568300
0.394131
0.592634
0.858561
0.787592
0.692882
0.437778
0.473274
0.553091
0.458643
0.800087
0.923083
0.774156
0.645053
0.604446
0.272747
0.819960
0.719753
0.788728
0.475919
0.904753
0.152629
0.246149
0.026577
0.157991
0.165349
0.544877
0.527826
0.026049
0.096756
0.532032
0.508430
0.940427
0.215165
0.749343
0.805617
0.984621
0.446034
0.469420
0.426610
0.886493
0.183008
0.853701
0.144419
0.202382
0.685361
0.219181
0.866157
0.800141
0.530402
0.648695
0.021807
0.807156
0.352533
0.890996
0.892160
0.291542
0.750133
0.858706
0.757598
0.175307
0.538162
0.465254
0.382483
0.931501
0.650769
0.451427
0.327863
0.547040
0.308952
0.377906
0.629801
0.202020
0.839618
0.725972
0.010316
0.147441
0.712640
0.913030
0.068253
0.988131
0.321696
0.835390
0.190491
0.987554
0.314883
0.874990
0.639217
0.206635
0.346136
0.211071
0.614217
0.229729
0.104118
0.057996
0.813624
0.486788
0.939106
0.386829
0.171681
0.680204
0.079929
0.795492
0.134921
0.606004
0.963656
0.969455
0.941928
0.619346
0.913659
0.355220
0.337220
0.640523
0.042020
0.970302
0.713962
0.796169
0.737057
0.147934
0.627337
0.516541
0.264811
0.399007
0.281649
0.998729
0.125423
0.638671
0.597382
0.841680
0.294104
0.925700
0.984442
0.165690
0.196269
0.489089
0.456207
0.559715
0.243821
0.542104
0.984502
0.526833
0.192709
0.817822
0.833480
0.103336
0.590907
0.494684
0.633083
0.751469
0.962813
0.542923
0.319307
0.320313
0.334700
0.324525
0.485112
0.543704
0.881888
0.566378
0.155271
0.517759
0.679466
0.628909
0.070703
0.552187
0.994146
0.075319
0.089429
0.507258
0.666465
0.158566
0.925884
0.859464
0.973456
0.467966
0.348245
0.540500
0.427040
0.082361
0.622146
0.682232
0.669881
0.364457
0.962598
0.500607
0.067055
0.687690
0.365445
0.248801
0.769424
0.833658
0.312958
0.658697
0.625658
0.440153
0.660120
0.123725
0.698923
0.356669
0.730496
0.718314
0.077696
0.200060
0.301733
0.522063
0.106257
0.156132
0.306295
0.752185
0.969221
0.486138
0.575143
0.396946
0.538022
0.347632
0.720068
0.986343
0.989418
0.988305
0.990178
0.294035
0.322593
0.915343
0.902649
0.206015
0.589866
0.061659
0.187083
0.145248
0.645955
0.778732
0.693264
0.845733
0.663447
0.682852
0.787463
0.321511
0.380948
0.200546
0.342975
0.582972
0.290313
0.317800
0.953758
0.380557
0.147560
0.488438
0.749896
0.480216
0.647188
0.336180
0.251330
0.030743
0.842632
0.363491
0.689694
0.414674
0.358918
0.013476
0.082061
0.885541
0.231845
0.508549
0.026579
0.697959
0.847523
0.785325
0.476893
0.605865
0.145099
0.667669
0.955409
0.419872
0.604144
0.261700
0.397078
0.018561
0.358376
0.245137
0.734719
0.151050
0.773137
0.569999
0.899929
0.759386
0.380938
0.648421
0.123410
0.208513
0.995175
0.876373
0.574678
0.917481
0.096182
0.634041
0.830523
0.726304
0.107601
0.433643
0.547626
0.055840
0.527739
0.648776
0.727932
0.280185
0.045387
0.221949
0.093025
0.848436
0.919378
0.610751
0.359997
0.790990
0.124910
0.184780
0.467240
0.409697
0.828033
0.745845
0.412128
0.875529
0.825395
0.218311
0.008502
0.195654
0.033739
0.984532
0.271894
0.727070
0.209219
0.446002
0.813143
0.128621
0.768548
0.032631
0.631746
0.989204
0.242403
0.903195
0.411499
0.338422
0.058433
0.556626
0.241598
0.937546
0.490483
0.567929
0.822722
0.623169
0.857983
0.970084
0.422450
0.603009
0.972560
0.704528
0.167546
0.411297
0.137142
0.072373
0.798891
0.258507
0.357715
0.735491
0.661611
0.654028
0.152521
0.274255
0.898786
0.947759
0.183059
0.324996
0.299249
0.693641
0.802775
0.347107
0.802594
0.460473
0.361598
0.043884
0.868699
0.487886
0.228305
0.553387
0.902730
0.352493
0.930678
0.891209
0.114503
0.124596
0.670011
0.655653
0.055026
0.272621
0.768147
0.071523
0.881418
0.083017
0.050095
0.659789
0.969812
0.989617
0.873506
0.769789
0.936457
0.189564
0.779873
0.225292
0.599281
0.113500
0.775162
0.227360
0.871748
0.175699
0.935322
0.471338
0.530773
0.574589
0.682545
0.202745
0.040685
0.174321
0.170565
0.422008
0.992255
0.461820
0.153176
0.899885
0.873423
0.888529
0.562754
0.567448
0.016720
0.828708
0.289934
0.664450
0.155044
0.282820
0.998778
0.719891
0.596422
0.550903
0.822617
0.185182
0.930810
0.731751
0.725003
0.014358
0.285757
0.263633
0.860488
0.592597
0.627688
0.864810
0.285699
0.293519
0.683319
0.820410
0.628918
0.721360
0.749919
0.618684
0.274089
0.224572
0.539062
0.596208
0.123293
0.895449
0.118691
0.749347
0.111928
0.823171
0.891697
0.308914
0.327272
0.906714
0.082020
0.266336
0.459264
0.605305
0.644363
0.852186
0.450062
0.387746
0.420776
0.430292
0.835529
0.852712
0.333320
0.920931
0.538769
0.528959
0.820329
0.102315
0.606344
0.460770
0.534800
0.967462
0.816978
0.057600
0.764583
0.099894
0.657431
0.289998
0.389382
0.251987
0.189618
0.582880
0.540248
0.299109
0.837738
0.363160
0.101134
0.445382
0.536732
0.816736
0.713982
0.276555
0.608403
0.389641
0.990496
0.405335
0.695194
0.803737
0.963603
0.306850
0.282415
0.957154
0.745265
0.378750
0.397493
0.136403
0.506868
0.522856
0.781811
0.307975
0.923243
0.983893
0.900598
0.193780
0.577371
0.005638
0.975014
0.912812
0.513047
0.895110
0.595509
0.721319
0.446928
0.499960
0.386387
0.070075
0.456231
0.191014
0.539487
0.569204
0.387350
0.348532
0.393326
0.491675
0.474341
0.833896
0.598072
0.123980
0.701837
0.104461
0.943224
0.288668
0.328650
0.723673
0.722851
0.904901
0.537252
0.116296
0.333351
0.940940
0.768308
0.214054
0.823562
0.951682
0.613361
0.183797
0.701213
0.724772
0.894276
0.891666
0.719498
0.004338
0.273677
0.154989
0.571174
0.680540
0.481871
0.800722
0.775278
0.068603
0.374824
0.076299
0.095145
0.529930
0.963907
0.146421
0.039925
0.771921
0.487445
0.217505
0.510850
0.997976
0.279362
0.829564
0.015800
0.945278
0.681417
0.971985
0.820699
0.759849
0.639188
0.953004
0.585331
0.115177
0.811752
0.280144
0.767539
0.715739
0.451273
0.697348
0.118567
0.057823
0.708819
0.840190
0.850523
0.499320
0.180802
0.688924
0.373460
0.254103
0.007616
0.955316
0.385102
0.046179
0.800124
0.177375
0.483421
0.989245
0.525589
0.420114
0.465640
0.688244
0.703991
0.003318
0.103013
0.965021
0.117087
0.371469
0.137366
0.598650
0.531383
0.468330
0.652818
0.635183
0.794807
0.520404
0.126397
0.488611
0.244379
0.820133
0.568337
0.036291
0.614684
0.641334
0.112303
0.253788
0.067427
0.135173
0.515426
0.666422
0.370430
0.623836
0.757161
0.782278
0.487058
0.918867
0.686120
0.963215
0.537536
0.789583
0.528312
0.369750
0.452509
0.750647
0.533838
0.150530
0.143824
0.543219
0.518999
0.139394
0.201923
0.776491
0.645796
0.659488
0.324682
0.760990
0.481840
0.535277
0.766690
0.796001
0.883108
0.984954
0.245960
0.624592
0.894547
0.347302
0.178203
0.104127
0.445391
0.712530
0.846015
0.880196
0.075565
0.834409
0.716716
0.129529
0.136833
0.543922
0.460722
0.743822
0.659302
0.339778
0.201172
0.262091
0.824525
0.460042
0.851329
0.884158
0.126340
0.337702
0.321806
0.081507
0.887505
0.691498
0.454805
0.092689
0.063534
0.116442
0.364002
0.486876
0.356291
0.915143
0.819936
0.398395
0.402135
0.284789
0.362313
0.984131
0.437842
0.063125
0.179673
0.500557
0.799059
0.992181
0.757734
0.613688
0.209717
0.317412
0.941333
0.478107
0.087192
0.173138
0.009243
0.695043
0.449825
0.268015
0.551044
0.787720
0.075076
0.266440
0.332323
0.728121
0.844556
0.837200
0.707368
0.585272
0.924602
0.717828
0.802574
0.423048
0.188152
0.414707
0.261369
0.396519
0.877295
0.152213
0.471739
0.930553
0.650091
0.710537
0.346403
0.122806
0.235539
0.397218
0.896374
0.914600
0.744838
0.112162
0.330778
0.296324
0.234574
0.554584
0.576084
0.146880
0.289703
0.831986
0.079907
0.396895
0.764348
0.049321
0.238666
0.809675
0.381668
0.848720
0.751956
0.908480
0.817276
0.038660
0.693698
0.669164
0.262893
0.582796
0.931984
0.628568
0.048734
0.733756
0.104016
0.725593
0.877235
0.401273
0.334424
0.547295
0.941579
0.076737
0.996223
0.859793
0.946506
0.421675
0.572273
0.385632
0.764243
0.824095
0.146808
0.377413
0.515265
0.676988
0.603685
0.623178
0.803943
0.414553
0.639588
0.202751
0.126851
0.515559
0.422710
0.556041
0.242271
0.045471
0.893190
0.793480
0.100963
0.139938
0.360718
0.604027
0.519961
0.146454
0.303892
0.635587
0.784447
0.437683
0.008618
0.733806
0.110814
0.922276
0.339634
0.434714
0.142095
0.724972
0.257273
0.480930
0.291816
0.839337
0.455148
0.845676
0.643113
0.710337
0.284576
0.638537
0.757178
0.850802
0.076106
0.776242
0.081517
0.891172
0.492444
0.234314
0.778548
0.795197
0.121861
0.964378
0.745125
0.719614
0.415563
0.939703
0.061870
0.761655
0.101790
0.659973
0.217878
0.217244
0.485992
0.546600
0.493369
0.292130
0.729402
0.842662
0.064142
0.279523
0.243825
0.606714
0.602883
0.086814
0.251357
0.476687
0.701213
0.691181
0.133876
0.757483
0.802231
0.393641
0.285154
0.841825
0.917646
0.872793
0.421942
0.655916
0.279603
0.496139
0.899735
0.986263
0.740146
0.596546
0.001474
0.807911
0.847870
0.666079
0.957396
0.822864
0.690588
0.345722
0.942563
0.915589
0.055547
0.618208
0.363342
0.334611
0.907419
0.647718
0.559947
0.668877
0.473544
0.894077
0.840891
0.768120
0.131978
0.584403
0.545276
0.180044
0.269157
0.710303
0.165775
0.575917
0.180468
0.776443
0.321232
0.501096
0.970690
0.633805
0.452154
0.218781
0.236125
0.449687
0.231084
0.873911
0.711869
0.992407
0.085896
0.758798
0.103765
0.722036
0.477124
0.541680
0.224704
0.193906
0.247357
0.461826
0.470264
0.998208
0.864955
0.097721
0.422667
0.110034
0.656305
0.384945
0.209640
0.327576
0.397905
0.463894
0.583083
0.383948
0.205854
0.150022
0.860257
0.766834
0.596913
0.675859
0.898355
0.940756
0.530152
0.798866
0.584313
0.194437
0.096017
0.706085
0.520127
0.120229
0.272284
0.788555
0.196123
0.647869
0.582146
0.578000
0.168757
0.709264
0.884273
0.817306
0.215839
0.097502
0.510215
0.015891
0.922436
0.728801
0.200224
0.271897
0.369092
0.632363
0.230579
0.835102
0.936059
0.125799
0.776608
0.656952
0.510700
0.313403
0.215695
0.205806
0.569412
0.535527
0.090360
0.404494
0.601904
0.448863
0.966419
0.821075
0.727524
0.012808
0.125867
0.969012
0.115752
0.764128
0.915649
0.866207
0.132984
0.083040
0.666151
0.088874
0.084088
0.874965
0.228092
0.521189
0.760790
0.634662
0.731427
0.245100
0.620337
0.310688
0.533660
0.531935
0.770786
0.064436
0.079945
0.614774
0.273915
0.248986
0.189090
0.158348
0.970974
0.695281
0.501413
0.962088
0.958673
0.822747
0.764857
0.548519
0.136992
0.813545
0.792518
0.232863
0.878766
0.459128
0.430151
0.298290
0.398793
0.718518
0.806943
0.347373
0.349055
0.505891
0.683931
0.634143
0.385032
0.941624
0.819016
0.946679
0.275620
0.437452
0.543281
0.304840
0.888937
0.276122
0.630499
0.868366
0.823563
0.506656
0.777767
0.883439
0.486415
0.460320
0.384250
0.206349
0.883388
0.936029
0.398060
0.766278
0.797891
0.278160
0.926394
0.709594
0.318018
0.329876
0.495868
0.709221
0.939869
0.480744
0.780327
0.937704
0.748806
0.112590
0.550706
0.263945
0.160447
0.290703
0.361311
0.723128
0.509088
0.141376
0.181423
0.968225
0.695017
0.328499
0.969585
0.090372
0.357612
0.203034
0.026377
0.604157
0.514103
0.595653
0.352869
0.851891
0.601877
0.884786
0.986019
0.266971
0.864814
0.664503
0.225787
0.638452
0.432717
0.308131
0.455165
0.384532
0.330591
0.457534
0.074196
0.128589
0.516617
0.432466
0.409539
0.193839
0.550962
0.951456
0.856563
0.717348
0.231105
0.071771
0.292263
0.515829
0.753728
0.812092
0.562804
0.558860
0.361188
0.422905
0.570710
0.973434
0.856509
0.355801
0.800055
0.330378
0.601156
0.778088
0.602765
0.070380
0.092829
0.341566
0.059436
0.947228
0.826193
0.186921
0.063772
0.789358
0.909878
0.924999
0.638732
0.808730
0.812136
0.144819
0.641568
0.578213
0.270893
0.651445
0.621735
0.474467
0.889281
0.915007
0.006739
0.771466
0.474512
0.629988
0.323360
0.958376
0.917557
0.840234
0.208858
0.641971
0.176776
0.013582
0.469245
0.584960
0.965474
0.968178
0.636713
0.393711
0.468383
0.612660
0.650073
0.577523
0.164130
0.500976
0.511624
0.491699
0.620580
0.890493
0.689169
0.992644
0.390180
0.984650
0.557730
0.778657
0.467561
0.728193
0.283535
0.778209
0.708030
0.778169
0.011697
0.850616
0.091465
0.205685
0.343981
0.364151
0.871639
0.184703
0.496597
0.154776
0.018082
0.222087
0.869145
0.295629
0.650193
0.689122
0.490759
0.232949
0.267114
0.074866
0.941143
0.987720
0.299501
0.026069
0.172201
0.462594
0.330310
0.131760
0.527267
0.718783
0.152364
0.301983
0.312809
0.544929
0.974064
0.462876
0.212584
0.486481
0.046267
0.112184
0.633737
0.855812
0.680038
0.752518
0.772446
0.326048
0.145608
0.530684
0.614536
0.610046
0.048120
0.981172
0.025930
0.688052
0.999966
0.401987
0.999966
0.307401
0.590525
0.257776
0.650577
0.959264
0.893011
0.567515
0.904091
0.989645
0.794075
0.790734
0.767225
0.085645
0.503179
0.349301
0.668667
0.569239
0.619702
0.313353
0.637001
0.119919
0.418292
0.230686
0.298701
0.219978
0.493952
0.325214
0.597812
0.569442
0.969947
0.447045
0.960590
0.474014
0.326757
0.275688
0.588501
0.221043
0.562029
0.254199
0.381619
0.336779
0.162991
0.299180
0.112176
0.869902
0.009255
0.207111
0.622010
0.337756
0.742321
0.313827
0.792152
0.678396
0.177236
0.297398
0.408856
0.308477
0.502590
0.216307
0.955888
0.638517
0.249840
0.099766
0.222715
0.946826
0.416478
0.545019
0.904009
0.274538
0.726000
0.201513
0.346182
0.749133
0.499430
0.342339
0.086904
0.854466
0.118217
0.532007
0.946068
0.382811
0.868808
0.023765
0.320589
0.979385
0.288898
0.770576
0.966851
0.032190
0.870001
0.857688
0.426445
0.489131
0.418258
0.791525
0.162907
0.678973
0.014692
0.174171
0.276129
0.160843
0.748914
0.104013
0.990531
0.676142
0.299734
0.654498
0.163373
0.683742
0.497379
0.462283
0.318119
0.340406
0.892087
0.005437
0.708579
0.869107
0.661574
0.258296
0.993893
0.623201
0.175980
0.713348
0.998730
0.719057
0.636052
0.964057
0.235369
0.223992
0.763005
0.200332
0.687297
0.628224
0.073021
0.764965
0.573346
0.782069
0.264035
0.982155
0.417577
0.043402
0.047367
0.618288
0.695448
0.024255
0.413897
0.916507
0.945428
0.918517
0.297738
0.282386
0.990370
0.955896
0.525445
0.598985
0.148600
0.544508
0.623359
0.392577
0.893714
0.361208
0.229176
0.890468
0.809919
0.283454
0.417655
0.408575
0.279925
0.026537
0.027794
0.712162
0.075283
0.662312
0.314813
0.226178
0.132084
0.216277
0.362081
0.184077
0.572153
0.744564
0.014344
0.432443
0.552403
0.016171
0.645212
0.323975
0.420785
0.112755
0.281279
0.588826
0.851063
0.212407
0.077126
0.663410
0.092160
0.957992
0.396025
0.550799
0.969589
0.147412
0.998805
0.745960
0.131994
0.404296
0.698006
0.675251
0.857260
0.984437
0.088323
0.049818
0.179380
0.296287
0.331106
0.828453
0.625108
0.772980
0.836236
0.172877
0.461552
0.248042
0.856514
0.387709
0.351871
0.635842
0.467422
0.133040
0.042946
0.789010
0.049972
0.928767
0.309809
0.796027
0.799672
0.869915
0.547136
0.949743
0.945525
0.008891
0.115597
0.027931
0.446372
0.486202
0.854453
0.605768
0.026738
0.391999
0.892581
0.952235
0.281317
0.366139
0.999966
0.403999
0.376713
0.398118
0.107988
0.397598
0.188228
0.772562
0.216187
0.515257
0.802699
0.988780
0.797045
0.574744
0.815749
0.871736
0.512460
0.567068
0.447829
0.849096
0.268999
0.549716
0.350724
0.483823
0.077771
0.503917
0.863169
0.426065
0.804602
0.213042
0.208279
0.875804
0.877164
0.763474
0.262379
0.553830
0.331284
0.620282
0.016724
0.699879
0.394217
0.487777
0.329467
0.432915
0.164311
0.226872
0.348553
0.653000
0.294657
0.474003
0.821826
0.254598
0.660269
0.156379
0.315778
0.209818
0.568331
0.801109
0.977723
0.003433
0.740054
0.226286
0.408614
0.130443
0.178667
0.324683
0.397771
0.056776
0.565894
0.009077
0.810995
0.084050
0.470456
0.895457
0.846264
0.324219
0.675459
0.728914
0.874645
0.087759
0.152206
0.288742
0.288402
0.012586
0.738448
0.285353
0.475456
0.537373
0.578506
0.432658
0.443269
0.663674
0.807066
0.155554
0.611603
0.402452
0.310751
0.592342
0.190062
0.892210
0.481643
0.355120
0.832386
0.672851
0.531285
0.705431
0.316434
0.250497
0.806173
0.035172
0.909980
0.377246
0.826426
0.070925
0.342927
0.864013
0.945867
0.659476
0.583298
0.446327
0.138026
0.069141
0.496343
0.918732
0.779870
0.040409
0.213892
0.364231
0.031481
0.284790
0.337511
0.736238
0.467096
0.816240
0.798334
0.941425
0.637149
0.818322
0.075286
0.046690
0.811690
0.224686
0.979725
0.650678
0.106756
0.452467
0.218720
0.162502
0.866921
0.268898
0.493020
0.794876
0.747189
0.691560
0.933229
0.067105
0.672381
0.582002
0.864550
0.321348
0.419952
0.010499
0.274173
0.963440
0.319164
0.475029
0.165654
0.362027
0.802868
0.938327
0.372661
0.575856
0.681239
0.800520
0.193542
0.562148
0.970249
0.358229
0.643495
0.466848
0.138560
0.380322
0.619542
0.962357
0.019283
0.631354
0.174025
0.816613
0.448493
0.831031
0.405588
0.619978
0.568667
0.596165
0.635329
0.518659
0.596954
0.674263
0.144309
0.294862
0.677173
0.658150
0.333476
0.068734
0.979195
0.641392
0.676349
0.383610
0.795289
0.816539
0.388760
0.567105
0.622502
0.073598
0.880491
0.863139
0.772235
0.575248
0.494658
0.215768
0.369093
0.278039
0.667949
0.300439
0.693591
0.254645
0.265878
0.972397
0.987337
0.629662
0.941641
0.000020
0.421463
0.258775
0.836234
0.521909
0.072953
0.105648
0.104542
0.093962
0.149524
0.359545
0.112204
0.444278
0.339160
0.805658
0.618160
0.831600
0.069470
0.034950
0.926886
0.393733
0.475796
0.846065
0.045693
0.999966
0.428152
0.386701
0.089582
0.438558
0.687366
0.534885
0.737070
0.270499
0.287772
0.724083
0.809499
0.654572
0.247524
0.787577
0.597689
0.964219
0.652015
0.513427
0.993034
0.663598
0.663290
0.501792
0.001950
0.878201
0.709993
0.781692
0.326254
0.608871
0.711398
0.285628
0.389294
0.082681
0.290549
0.458841
0.613959
0.603200
0.767659
0.654552
0.887263
0.186324
0.395965
0.470314
0.446345
0.923862
0.206845
0.426074
0.215690
0.138784
0.409611
0.878438
0.660294
0.701400
0.281362
0.674269
0.411271
0.816650
0.667693
0.745613
0.108033
0.105900
0.177049
0.472064
0.595299
0.062920
0.017990
0.630350
0.746461
0.118363
0.624369
0.917886
0.861778
0.489767
0.210147
0.290374
0.836773
0.098818
0.461812
0.465646
0.811408
0.712806
0.527534
0.298798
0.914146
0.705587
0.410640
0.068306
0.298913
0.762167
0.979859
0.879984
0.151113
0.281627
0.026140
0.105197
0.596930
0.211625
0.628631
0.341040
0.795863
0.604174
0.340385
0.492007
0.409164
0.081646
0.214288
0.012983
0.518094
0.892915
0.105029
0.769756
0.988772
0.805639
0.194194
0.622429
0.740123
0.189694
0.779991
0.335375
0.034893
0.500835
0.584919
0.490284
0.369874
0.659286
0.494916
0.311366
0.051047
0.456110
0.630124
0.898195
0.784935
0.016035
0.135119
0.855830
0.453542
0.138731
0.287074
0.376666
0.443281
0.155190
0.472274
0.986518
0.916338
0.130390
0.840208
0.550535
0.116347
0.160541
0.872405
0.233856
0.230759
0.230048
0.609396
0.528110
0.454026
0.171467
0.569800
0.647784
0.344228
0.507001
0.723428
0.639607
0.398761
0.122810
0.795263
0.862012
0.221648
0.352241
0.275973
0.618595
0.867293
0.119977
0.190690
0.066734
0.746334
0.559565
0.871652
0.077021
0.113722
0.179483
0.929239
0.857036
0.044374
0.170055
0.604085
0.349937
0.276415
0.251636
0.791443
0.009245
0.377038
0.234427
0.885665
0.480424
0.793915
0.847369
0.122393
0.291117
0.100344
0.787426
0.270519
0.278264
0.651367
0.215218
0.113690
0.434270
0.139159
0.186802
0.477524
0.017764
0.789087
0.857252
0.216178
0.388447
0.965161
0.546593
0.229448
0.440722
0.468793
0.234253
0.695489
0.937182
0.203767
0.290306
0.277192
0.299840
0.950600
0.790727
0.392283
0.683128
0.724605
0.864255
0.074816
0.716014
0.485274
0.929378
0.642581
0.308782
0.393363
0.384704
0.011427
0.129720
0.371350
0.282395
0.050911
0.884549
0.579821
0.444619
0.890223
0.602348
0.665571
0.563478
0.390055
0.523778
0.725059
0.452353
0.400980
0.696518
0.152127
0.364628
0.676770
0.320942
0.545180
0.959188
0.379258
0.846405
0.527550
0.236955
0.934906
0.680784
0.681083
0.358762
0.447468
0.319879
0.240573
0.883300
0.092534
0.584766
0.818517
0.033128
0.819261
0.106914
0.915521
0.310482
0.769940
0.562095
0.051512
0.360389
0.517696
0.410501
0.501158
0.558630
0.072413
0.243385
0.131448
0.128052
0.131476
0.586423
0.963691
0.082576
0.499511
0.439055
0.888964
0.697379
0.410386
0.444061
0.200048
0.223824
0.392665
0.248845
0.181529
0.661078
0.110572
0.314870
0.761468
0.499336
0.867542
0.989384
0.683969
0.633234
0.306296
0.518361
0.744432
0.263506
0.703158
0.655124
0.442932
0.449997
0.606492
0.518538
0.982321
0.423693
0.678320
0.150400
0.564530
0.417972
0.279885
0.195561
0.541321
0.232508
0.708276
0.021585
0.446376
0.324391
0.201598
0.257993
0.487931
0.741507
0.840502
0.878282
0.600993
0.719037
0.787107
0.890332
0.953101
0.281275
0.718346
0.121186
0.347034
0.492557
0.676099
0.268602
0.669325
0.331870
0.514839
0.991741
0.468041
0.009188
0.869196
0.583630
0.402196
0.365390
0.576254
0.324887
0.355410
0.004065
0.304698
0.687209
0.036748
0.678941
0.096058
0.721198
0.163017
0.126194
0.490432
0.420685
0.511560
0.891559
0.064719
0.158373
0.105419
0.397804
0.777462
0.098591
0.319953
0.652667
0.509375
0.334563
0.229807
0.969196
0.177850
0.501805
0.917710
0.202409
0.649671
0.277161
0.783872
0.375366
0.287856
0.085256
0.090661
0.735740
0.052128
0.960704
0.687488
0.046561
0.880848
0.924581
0.143033
0.052427
0.165237
0.856203
0.595601
0.089588
0.080930
0.214197
0.668890
0.724112
0.760969
0.481702
0.612977
0.340087
0.718682
0.886085
0.664066
0.977402
0.795772
0.140071
0.888426
0.388126
0.504608
0.144194
0.824874
0.678438
0.035106
0.114992
0.076882
0.700394
0.033808
0.403670
0.062492
0.209696
0.460426
0.649822
0.012203
0.101878
0.357072
0.287249
0.538300
0.653772
0.996055
0.056470
0.881792
0.738353
0.919035
0.962943
0.895543
0.541701
0.455695
0.292627
0.736151
0.218122
0.073184
0.207757
0.826575
0.484865
0.814373
0.305675
0.302200
0.927382
0.136469
0.151526
0.672555
0.289820
0.961451
0.370275
0.798692
0.528194
0.042933
0.692998
0.403835
0.654415
0.983836
0.544131
0.775312
0.097618
0.096202
0.087186
0.074375
0.261316
0.765891
0.232621
0.914014
0.089561
0.104871
0.178551
0.682433
0.021605
0.273537
0.431150
0.692689
0.468273
0.453245
0.087540
0.395078
0.385502
0.427275
0.749178
0.999966
0.341345
0.007503
0.962225
0.378609
0.938269
0.838373
0.485718
0.586609
0.610594
0.507075
0.669664
0.193593
0.347715
0.941278
0.105400
0.618801
0.468647
0.381599
0.390089
0.734061
0.030051
0.718381
0.283012
0.376439
0.825618
0.272513
0.598999
0.489320
0.570124
0.879301
0.138308
0.703091
0.338988
0.516409
0.948210
0.115152
0.669868
0.707403
0.824194
0.847426
0.409281
0.972012
0.694812
0.392842
0.122199
0.420105
0.259991
0.727522
0.128255
0.982734
0.943680
0.501445
0.921054
0.321539
0.713029
0.837942
0.038033
0.285202
0.052147
0.304069
0.532709
0.313335
0.162624
0.564300
0.948465
0.895828
0.208534
0.125318
0.477500
0.347865
0.902955
0.118310
0.418398
0.572935
0.328044
0.367163
0.713868
0.270541
0.332569
0.348283
0.583685
0.361105
0.010151
0.274344
0.878160
0.203880
0.338179
0.315796
0.810666
0.977383
0.370907
0.218083
0.213896
0.175793
0.109173
0.758744
0.168486
0.395611
0.101727
0.018179
0.023243
0.088152
0.616682
0.384213
0.947052
0.925630
0.112988
0.068743
0.691186
0.358975
0.357262
0.351630
0.399520
0.368237
0.596422
0.371663
0.769449
0.652626
0.296239
0.317368
0.559166
0.454743
0.284585
0.014491
0.262444
0.037233
0.249443
0.016494
0.370094
0.751634
0.098766
0.155866
0.131596
0.677080
0.214528
0.555556
0.479648
0.526280
0.258563
0.201640
0.127131
0.780042
0.404305
0.382358
0.867571
0.728809
0.276921
0.568784
0.367961
0.976173
0.944437
0.284332
0.032793
0.248208
0.083759
0.241761
0.620552
0.603365
0.376605
0.746698
0.723443
0.947362
0.809405
0.227404
0.976707
0.519575
0.255658
0.574769
0.179032
0.672206
0.515905
0.009465
0.597947
0.048366
0.245539
0.851788
0.555923
0.464332
0.389840
0.192878
0.380717
0.495638
0.203659
0.064436
0.628099
0.584302
0.604625
0.710378
0.801907
0.350154
0.797190
0.582602
0.994893
0.674635
0.223360
0.240493
0.828189
0.799077
0.217128
0.628294
0.885726
0.456838
0.145130
0.856048
0.615484
0.552018
0.547249
0.410519
0.229066
0.766039
0.198237
0.386180
0.786338
0.173130
0.304997
0.238748
0.948720
0.479714
0.053185
0.532484
0.353320
0.170633
0.600097
0.157024
0.465187
0.993671
0.666334
0.431273
0.855536
0.986668
0.254107
0.680206
0.998686
0.055033
0.471948
0.099059
0.993140
0.767695
0.090350
0.401642
0.639129
0.817001
0.515985
0.037229
0.981253
0.376726
0.438650
0.255841
0.730863
0.399740
0.175459
0.420077
0.183552
0.999966
0.130261
0.357523
0.468729
0.692291
0.970880
0.592048
0.491125
0.236913
0.612443
0.814437
0.539591
0.785771
0.534112
0.756606
0.645382
0.737623
0.517917
0.794423
0.688198
0.063459
0.298560
0.880083
0.234503
0.282182
0.805159
0.712573
0.297206
0.303087
0.230464
0.232651
0.974203
0.653130
0.175806
0.316750
0.053955
0.844354
0.362116
0.316988
0.851821
0.170423
0.193580
0.924621
0.494637
0.491197
0.317717
0.466798
0.320879
0.308168
0.110049
0.098462
0.461735
0.435373
0.698675
0.261501
0.951137
0.411347
0.568993
0.762528
0.051112
0.605506
0.395723
0.801627
0.027999
0.172027
0.342178
0.371471
0.264795
0.067425
0.558282
0.665792
0.719170
0.543135
0.771804
0.186544
0.943872
0.667039
0.083347
0.240278
0.769213
0.630176
0.086095
0.758313
0.633089
0.016190
0.086757
0.076091
0.244205
0.807311
0.214471
0.350337
0.824637
0.174841
0.889043
0.985986
0.628941
0.854049
0.157445
0.267789
0.543231
0.979647
0.586135
0.745320
0.578183
0.302317
0.363849
0.878208
0.468038
0.909375
0.282051
0.505727
0.841192
0.421025
0.934206
0.528576
0.739102
0.661837
0.536267
0.369433
0.315341
0.346257
0.804037
0.573659
0.266859
0.244898
0.522809
0.004698
0.839849
0.790053
0.364572
0.335039
0.752948
0.355841
0.811194
0.709203
0.214725
0.529277
0.250833
0.008503
0.738947
0.138771
0.561178
0.948332
0.022758
0.488399
0.268241
0.329456
0.826801
0.068923
0.273867
0.109161
0.143943
0.686045
0.638870
0.191754
0.760610
0.715688
0.061064
0.018589
0.381972
0.614986
0.927186
0.394869
0.324079
0.482824
0.682828
0.675408
0.371482
0.768809
0.152549
0.267502
0.991372
0.114774
0.360048
0.641225
0.902482
0.015782
0.712012
0.082795
0.971197
0.792167
0.594428
0.624023
0.984944
0.351502
0.821846
0.941004
0.704912
0.017536
0.922598
0.970763
0.381789
0.236731
0.239995
0.150000
0.019045
0.213940
0.694185
0.061782
0.962537
0.245345
0.054093
0.082206
0.991035
0.024628
0.595470
0.969892
0.072657
0.109663
0.310879
0.028567
0.164165
0.711039
0.740880
0.210907
0.175177
0.456445
0.222834
0.705903
0.043519
0.799401
0.723887
0.969995
0.301392
0.576681
0.366553
0.803464
0.819483
0.222817
0.056966
0.839564
0.346528
0.465830
0.184833
0.027778
0.714829
0.396208
0.937096
0.849550
0.963987
0.108473
0.970676
0.021847
0.074425
0.445630
0.248911
0.409832
0.748338
0.562410
0.346347
0.045516
0.247800
0.123067
0.708160
0.177949
0.302478
0.562100
0.554362
0.408300
0.434277
0.956338
0.591042
0.204857
0.158407
0.709316
0.649735
0.844230
0.230279
0.585172
0.172634
0.735493
0.113863
0.153226
0.424000
0.310243
0.178618
0.221726
0.256505
0.446912
0.358536
0.174104
0.601527
0.575405
0.296142
0.391686
0.736612
0.474228
0.293916
0.689764
0.277326
0.447724
0.928678
0.786830
0.328919
0.168081
0.199792
0.903274
0.213015
0.308587
0.313240
0.086329
0.162889
0.926404
0.368242
0.519891
0.223822
0.291804
0.763466
0.685113
0.278327
0.345288
0.012443
0.371583
0.474481
0.705028
0.023414
0.327186
0.813692
0.077227
0.912926
0.202417
0.055542
0.145772
0.974510
0.863480
0.335040
0.561385
0.887905
0.386625
0.734149
0.212517
0.238831
0.919234
0.886655
0.660639
0.517109
0.213476
0.264461
0.753389
0.299041
0.165094
0.944950
0.204027
0.110033
0.079134
0.102953
0.230602
0.551226
0.139045
0.526601
0.490850
0.689838
0.475490
0.802439
0.008401
0.221489
0.162957
0.239935
0.964035
0.763117
0.059491
0.756219
0.195433
0.310602
0.837990
0.075453
0.505479
0.863541
0.323831
0.329889
0.089512
0.683112
0.887231
0.206922
0.144991
0.293917
0.470892
0.753349
0.283438
0.088253
0.741920
0.018855
0.407019
0.146454
0.016625
0.449256
0.095070
0.289614
0.239264
0.989217
0.045762
0.555076
0.419661
0.746608
0.183057
0.588941
0.115281
0.938108
0.539351
0.226364
0.643176
0.169383
0.001650
0.856595
0.635296
0.503689
0.427677
0.607272
0.013160
0.700099
0.133742
0.727073
0.707644
0.526006
0.386025
0.577996
0.036488
0.596872
0.520782
0.882668
0.172801
0.307413
0.828089
0.307431
0.985780
0.490031
0.181458
0.331724
0.650612
0.475171
0.827017
0.876397
0.045335
0.600527
0.178022
0.290099
0.362451
0.397345
0.232019
0.460363
0.643464
0.007363
0.349886
0.695351
0.473076
0.797484
0.040701
0.268655
0.271368
0.944972
0.688597
0.522804
0.218652
0.376649
0.363621
0.061155
0.607255
0.133920
0.176560
0.931041
0.152781
0.883188
0.687730
0.906299
0.126705
0.139547
0.453838
0.841554
0.251640
0.171241
0.609169
0.905661
0.586312
0.713086
0.813150
0.853128
0.872182
0.358288
0.763565
0.890727
0.567499
0.998558
0.502618
0.406227
0.654088
0.230172
0.333302
0.596453
0.160881
0.386145
0.639114
0.596037
0.896554
0.548807
0.256362
0.534001
0.608929
0.658998
0.952017
0.484948
0.725204
0.893425
0.100232
0.721548
0.305681
0.915391
0.087931
0.673830
0.999966
0.737603
0.205126
0.587352
0.477097
0.551809
0.811436
0.879973
0.325289
0.360720
0.061644
0.733275
0.134179
0.365078
0.135143
0.031830
0.553574
0.132732
0.837503
0.839742
0.003298
0.572795
0.704367
0.410144
0.903711
0.444937
0.522991
0.804625
0.094218
0.261318
0.647418
0.045560
0.354758
0.774745
0.045992
0.238833
0.116120
0.449276
0.332054
0.039776
0.393286
0.043731
0.449927
0.690410
0.595466
0.602010
0.541852
0.364532
0.597477
0.243524
0.552517
0.436687
0.036867
0.048576
0.253245
0.993800
0.014008
0.012942
0.426576
0.370606
0.799165
0.337908
0.454738
0.883032
0.919399
0.671240
0.434858
0.412564
0.533742
0.124431
0.304275
0.949031
0.779121
0.875399
0.327361
0.003183
0.050631
0.695902
0.369008
0.562362
0.783234
0.201238
0.779585
0.575147
0.340290
0.747428
0.733677
0.141377
0.246488
0.548702
0.714122
0.463811
0.184995
0.465628
0.399575
0.232855
0.413736
0.341030
0.805586
0.496539
0.343548
0.415551
0.625557
0.978856
0.808224
0.025576
0.720223
0.499743
0.686634
0.120483
0.685792
0.102848
0.200712
0.390913
0.886697
0.180389
0.897376
0.590940
0.935947
0.500248
0.561579
0.690404
0.933386
0.275252
0.432774
0.394144
0.090249
0.189477
0.986011
0.506806
0.360159
0.516464
0.366450
0.158950
0.216343
0.769238
0.554013
0.705511
0.538958
0.835944
0.501729
0.683693
0.153117
0.636130
0.402444
0.705895
0.757629
0.324044
0.756360
0.055606
0.848665
0.043888
0.945455
0.650819
0.735333
0.769306
0.276240
0.400430
0.501273
0.631393
0.182613
0.873678
0.845445
0.136456
0.035317
0.059553
0.365849
0.311280
0.380706
0.350439
0.183253
0.088820
0.822398
0.139471
0.661412
0.394354
0.105630
0.581014
0.610882
0.629104
0.502897
0.494576
0.182287
0.527176
0.614953
0.569817
0.000696
0.118995
0.274596
0.289232
0.976370
0.191083
0.701065
0.019763
0.081113
0.343340
0.311329
0.338817
0.808335
0.650541
0.185362
0.017012
0.565079
0.908656
0.707007
0.451881
0.073879
0.097155
0.968352
0.115601
0.611585
0.108512
0.994769
0.986743
0.373118
0.312771
0.671726
0.831711
0.134495
0.449843
0.722028
0.795863
0.086966
0.971045
0.758888
0.626629
0.030536
0.314538
0.612044
0.409993
0.029832
0.711465
0.839129
0.495568
0.049695
0.729648
0.736183
0.211586
0.575220
0.853241
0.940006
0.786342
0.776377
0.937352
0.858322
0.213177
0.567780
0.068596
0.705600
0.847461
0.028538
0.392345
0.693937
0.891356
0.846146
0.255927
0.045215
0.007768
0.914643
0.969555
0.251191
0.830729
0.305346
0.742911
0.327719
0.637259
0.814633
0.539161
0.689904
0.704669
0.125824
0.558067
0.685951
0.249990
0.671249
0.658629
0.246605
0.860906
0.088140
0.836413
0.847158
0.801707
0.191880
0.943014
0.729896
0.489944
0.778086
0.470747
0.042929
0.227751
0.868753
0.705050
0.890172
0.783025
0.966523
0.884769
0.091101
0.396001
0.126641
0.705580
0.611314
0.133789
0.521437
0.287604
0.586386
0.735906
0.402361
0.322639
0.359245
0.054036
0.876724
0.971483
0.769542
0.864660
0.549252
0.134029
0.653316
0.058901
0.342943
0.135205
0.260483
0.434141
0.642375
0.813511
0.501294
0.330522
0.399794
0.355677
0.062406
0.085289
0.036598
0.364755
0.757254
0.491689
0.558286
0.188198
0.809436
0.528455
0.399822
0.059941
0.224025
0.312217
0.422581
0.453333
0.139470
0.368822
0.407467
0.011478
0.027841
0.630713
0.217226
0.564096
0.326835
0.365364
0.841969
0.085520
0.342709
0.203142
0.274977
0.761826
0.906059
0.349841
0.992404
0.865033
0.935511
0.587041
0.803679
0.362529
0.958458
0.039236
0.494445
0.587916
0.240196
0.536451
0.667630
0.067607
0.017473
0.450561
0.089784
0.422195
0.750455
0.717601
0.929626
0.063809
0.176554
0.571333
0.216692
0.095608
0.445083
0.859070
0.504357
0.026863
0.955127
0.352090
0.869825
0.770898
0.728786
0.722642
0.472079
0.251659
0.793575
0.969167
0.787464
0.150920
0.983496
0.522247
0.393468
0.959015
0.707357
0.656526
0.738249
0.109179
0.281311
0.628383
0.352320
0.374929
0.633312
0.224761
0.487092
0.671708
0.109973
0.574076
0.432226
0.442884
0.347883
0.673525
0.921324
0.925190
0.105380
0.525948
0.906632
0.013177
0.527414
0.060404
0.813227
0.394038
0.772891
0.500118
0.588650
0.055375
0.554872
0.014902
0.783998
0.615629
0.010274
0.687684
0.547741
0.562314
0.676830
0.394105
0.216790
0.048203
0.919933
0.308187
0.754899
0.342525
0.863592
0.430870
0.142844
0.069928
0.916605
0.431953
0.166181
0.395434
0.195077
0.938107
0.494848
0.670422
0.499039
0.203418
0.296435
0.862748
0.195611
0.071518
0.585535
0.497549
0.260194
0.857487
0.470819
0.942915
0.804532
0.674736
0.227118
0.202563
0.760331
0.849695
0.671198
0.892140
0.957517
0.107106
0.558572
0.525719
0.780903
0.318414
0.217735
0.607874
0.598321
0.542051
0.392842
0.282230
0.214466
0.963533
0.443006
0.131666
0.752122
0.390787
0.734975
0.344964
0.426881
0.261027
0.026692
0.280589
0.041170
0.364010
0.054732
0.875576
0.352891
0.736519
0.763400
0.506084
0.495134
0.597339
0.923666
0.429769
0.854695
0.793416
0.234413
0.687461
0.323959
0.648081
0.746714
0.155155
0.985469
0.332400
0.146151
0.894456
0.480238
0.021501
0.532256
0.111722
0.755816
0.109030
0.983877
0.199134
0.341006
0.204104
0.952189
0.775182
0.800946
0.454901
0.108656
0.382075
0.685583
0.969516
0.344953
0.032479
0.989936
0.635286
0.498857
0.861194
0.336486
0.979407
0.809525
0.446545
0.505726
0.732388
0.004422
0.373660
0.364628
0.427461
0.127321
0.253891
0.255566
0.528298
0.242923
0.862323
0.637952
0.668756
0.931501
0.463887
0.646419
0.415450
0.120884
0.657665
0.714320
0.439975
0.319592
0.552643
0.778403
0.884844
0.412114
0.404721
0.644912
0.407747
0.975425
0.587130
0.971639
0.633508
0.866753
0.261540
0.163570
0.382956
0.830268
0.176748
0.247928
0.792634
0.960522
0.691668
0.990446
0.608223
0.350645
0.429778
0.938514
0.206531
0.623122
0.687791
0.575001
0.063847
0.691712
0.091232
0.982693
0.090004
0.107981
0.497045
0.543826
0.744314
0.200157
0.256324
0.719382
0.757972
0.582553
0.870685
0.402933
0.333083
0.089469
0.490367
0.054789
0.456110
0.029096
0.531675
0.672109
0.647692
0.543056
0.841136
0.814134
0.624995
0.650354
0.943432
0.600575
0.640301
0.027014
0.103780
0.853939
0.202716
0.172827
0.571322
0.928669
0.620640
0.214522
0.791134
0.123681
0.812102
0.232270
0.655709
0.819390
0.718912
0.637659
0.573797
0.321701
0.888686
0.411845
0.061188
0.086638
0.425523
0.990078
0.484632
0.090010
0.984253
0.482808
0.031347
0.193604
0.332623
0.905340
0.931355
0.836247
0.628250
0.970878
0.661756
0.185231
0.959254
0.030825
0.528659
0.258299
0.245568
0.338414
0.606043
0.752836
0.767497
0.305989
0.947832
0.478179
0.714163
0.833272
0.627986
0.711881
0.999671
0.248598
0.387127
0.366554
0.199699
0.409716
0.334922
0.255796
0.503157
0.631220
0.890132
0.157858
0.926828
0.074974
0.246585
0.153369
0.534193
0.242277
0.582180
0.818250
0.537986
0.557059
0.009819
0.988042
0.246724
0.006053
0.956378
0.834717
0.650489
0.325172
0.266532
0.638305
0.124025
0.148389
0.621060
0.143428
0.151466
0.723547
0.776094
0.816756
0.263071
0.862376
0.419551
0.809015
0.667594
0.302792
0.087162
0.664936
0.121368
0.615375
0.550851
0.803730
0.512848
0.349809
0.088851
0.545508
0.685009
0.379884
0.256414
0.816520
0.252400
0.128090
0.619178
0.006249
0.289376
0.715572
0.793430
0.446835
0.824538
0.444710
0.198384
0.361967
0.236977
0.656202
0.789079
0.406563
0.934937
0.858540
0.563130
0.155933
0.738761
0.475248
0.662974
0.465764
0.178805
0.136231
0.004708
0.921553
0.555840
0.617913
0.616544
0.833961
0.056411
0.448249
0.560302
0.167975
0.037863
0.394844
0.718373
0.468524
0.726196
0.276722
0.871011
0.359970
0.042395
0.434212
0.863557
0.445255
0.987145
0.080117
0.003690
0.852883
0.476480
0.383968
0.852876
0.013568
0.598280
0.426763
0.735878
0.277610
0.927158
0.944903
0.524144
0.289747
0.628148
0.569947
0.723923
0.748505
0.042028
0.997826
0.773336
0.716518
0.080816
0.291844
0.614112
0.488782
0.984056
0.364456
0.427145
0.435789
0.567414
0.291747
0.514964
0.033419
0.416645
0.611835
0.271375
0.583645
0.283444
0.436082
0.326031
0.078748
0.075584
0.273848
0.101105
0.222814
0.012028
0.823420
0.214442
0.300848
0.053815
0.921123
0.438836
0.177559
0.301999
0.847194
0.045044
0.061522
0.463052
0.661902
0.565860
0.429554
0.367196
0.262075
0.803447
0.861092
0.143124
0.901631
0.729842
0.970581
0.619518
0.676950
0.003376
0.681411
0.565491
0.527842
0.828165
0.088935
0.083273
0.908177
0.740650
0.990418
0.021724
0.119558
0.521824
0.991269
0.242062
0.231317
0.445785
0.151258
0.600829
0.306791
0.608706
0.430101
0.141891
0.767739
0.495564
0.294400
0.341114
0.025836
0.577854
0.619568
0.815428
0.034521
0.671100
0.370369
0.292919
0.129917
0.577839
0.178046
0.302280
0.071803
0.995824
0.103667
0.047817
0.622379
0.562631
0.136038
0.718854
0.541234
0.751435
0.915074
0.578023
0.680960
0.127402
0.191325
0.978879
0.762401
0.453303
0.570029
0.986562
0.636818
0.514448
0.380654
0.881804
0.821122
0.268921
0.344903
0.994333
0.160848
0.455942
0.168296
0.371324
0.644230
0.783917
0.558105
0.396764
0.092430
0.925518
0.626621
0.819932
0.289954
0.159798
0.617353
0.188141
0.622130
0.494700
0.902380
0.217907
0.651259
0.585964
0.760324
0.625431
0.909995
0.832958
0.524694
0.136317
0.311502
0.505713
0.154190
0.720228
0.684931
0.951703
0.316807
0.293613
0.427477
0.391840
0.173577
0.071492
0.928294
0.072815
0.723458
0.484066
0.244453
0.862067
0.852284
0.106087
0.396169
0.501297
0.259295
0.523806
0.171017
0.657978
0.904967
0.242812
0.479958
0.599453
0.521038
0.736367
0.258543
0.463245
0.081922
0.773567
0.743725
0.896477
0.787165
0.334682
0.440857
0.707843
0.425143
0.411807
0.409405
0.231948
0.401156
0.860103
0.994132
0.394600
0.465582
0.371525
0.087317
0.531343
0.423323
0.611561
0.375329
0.592842
0.216885
0.221874
0.169566
0.264767
0.076920
0.739108
0.889452
0.570997
0.980134
0.613083
0.517764
0.731044
0.613617
0.386131
0.521655
0.585982
0.477002
0.288675
0.384128
0.990286
0.344043
0.943162
0.749729
0.111792
0.675430
0.587095
0.906385
0.796538
0.366000
0.123721
0.225714
0.773128
0.862363
0.892668
0.012013
0.210126
0.938584
0.188821
0.882411
0.452077
0.052259
0.221401
0.156239
0.581514
0.801997
0.231710
0.281279
0.956691
0.698017
0.321490
0.000807
0.213026
0.665049
0.988176
0.872713
0.280033
0.892638
0.331469
0.916921
0.128832
0.100928
0.160156
0.287931
0.836605
0.815389
0.170762
0.065860
0.726360
0.954114
0.731630
0.823702
0.140237
0.085393
0.438023
0.774649
0.643810
0.067363
0.215744
0.916868
0.183432
0.938504
0.661930
0.981781
0.958740
0.687493
0.200788
0.635139
0.292771
0.740022
0.287244
0.679343
0.831708
0.302274
0.960150
0.033834
0.468433
0.286214
0.785728
0.523035
0.926718
0.897991
0.257561
0.645296
0.167972
0.631785
0.757144
0.120421
0.376756
0.708357
0.813903
0.378380
0.165455
0.808401
0.829858
0.940373
0.717970
0.450207
0.205571
0.709972
0.506662
0.771004
0.583694
0.313042
0.090064
0.809989
0.236850
0.248685
0.689474
0.224122
0.599474
0.609805
0.093271
0.557365
0.069946
0.542915
0.025719
0.639543
0.090321
0.406492
0.003758
0.118287
0.606315
0.391143
0.686642
0.779654
0.389079
0.240841
0.579630
0.739721
0.791612
0.891886
0.198811
0.387423
0.854348
0.476457
0.438692
0.521745
0.664045
0.043945
0.140678
0.394433
0.514413
0.780714
0.956913
0.580046
0.082166
0.874563
0.492152
0.032560
0.993979
0.812874
0.823072
0.432915
0.153030
0.833876
0.510447
0.612822
0.962931
0.901307
0.790305
0.381617
0.435426
0.548525
0.145116
0.456575
0.509426
0.765112
0.789342
0.171590
0.015303
0.975528
0.863573
0.529714
0.471478
0.705495
0.410952
0.584218
0.541748
0.539518
0.335562
0.739661
0.861764
0.156170
0.826671
0.814981
0.271811
0.972180
0.720929
0.607901
0.089725
0.039643
0.497134
0.543598
0.101219
0.302234
0.319697
0.127464
0.723113
0.027629
0.516388
0.495325
0.455438
0.767525
0.076845
0.055212
0.037989
0.548941
0.158297
0.029865
0.781793
0.337806
0.886341
0.672959
0.581739
0.227075
0.127708
0.875432
0.218290
0.047498
0.809881
0.179366
0.418023
0.071633
0.747159
0.999719
0.565936
0.442262
0.215422
0.346273
0.635672
0.099704
0.101086
0.282595
0.484329
0.141398
0.449011
0.888510
0.085350
0.043753
0.792236
0.351922
0.499759
0.810129
0.980553
0.155443
0.158423
0.295836
0.696564
0.731377
0.268448
0.721538
0.010052
0.255433
0.741770
0.196321
0.233110
0.709695
0.537009
0.567431
0.285530
0.571060
0.270411
0.456054
0.834420
0.815703
0.033083
0.250639
0.367193
0.813392
0.056599
0.856355
0.810813
0.855138
0.063579
0.058276
0.774600
0.297779
0.799676
0.285683
0.905500
0.200759
0.203455
0.876175
0.374460
0.001543
0.375260
0.563769
0.315647
0.651520
0.759053
0.959274
0.006340
0.185663
0.665486
0.280334
0.078548
0.195140
0.212537
0.220907
0.701971
0.927937
0.323800
0.745676
0.064794
0.870668
0.345129
0.045989
0.930985
0.824323
0.968425
0.114229
0.381895
0.633742
0.196841
0.268810
0.101804
0.368053
0.367947
0.799865
0.772057
0.677023
0.449100
0.185644
0.061063
0.112831
0.720552
0.453022
0.586842
0.051836
0.214110
0.295620
0.568348
0.666826
0.135277
0.014902
0.139226
0.674369
0.581037
0.880310
0.675164
0.848366
0.899237
0.702841
0.670084
0.880825
0.604021
0.543209
0.607963
0.962160
0.059108
0.213541
0.821396
0.620723
0.720782
0.434786
0.144700
0.126571
0.258253
0.957268
0.382517
0.146126
0.862989
0.087027
0.582794
0.897869
0.652694
0.756197
0.168598
0.666833
0.760833
0.573390
0.223494
0.096585
0.079731
0.153973
0.201781
0.897666
0.154155
0.095803
0.843595
0.744036
0.472336
0.291176
0.896081
0.723777
0.801218
0.079886
0.890039
0.363716
0.800560
0.202722
0.695858
0.353441
0.323671
0.432747
0.116390
0.592749
0.577977
0.388390
0.585582
0.315119
0.042453
0.784764
0.082277
0.082725
0.196838
0.596480
0.075106
0.486631
0.044358
0.297458
0.357827
0.047183
0.049894
0.943277
0.669940
0.019080
0.772680
0.974082
0.414740
0.534704
0.559953
0.767322
0.460036
0.536712
0.457840
0.357768
0.044066
0.571993
0.870079
0.987637
0.303383
0.356222
0.695072
0.044105
0.717892
0.730487
0.047904
0.198885
0.142201
0.675058
0.436250
0.570719
0.608038
0.423005
0.226893
0.294116
0.269849
0.728081
0.591606
0.975946
0.989522
0.333591
0.145443
0.057053
0.865526
0.805491
0.334589
0.641927
0.489932
0.824147
0.051593
0.911042
0.831669
0.762247
0.069292
0.954437
0.098027
0.945643
0.916636
0.850627
0.905436
0.230242
0.854853
0.822514
0.015738
0.809606
0.345331
0.176945
0.709015
0.409761
0.614858
0.205438
0.327436
0.547263
0.483441
0.383674
0.473108
0.661804
0.392991
0.492853
0.068703
0.899182
0.605204
0.213259
0.826106
0.967310
0.094669
0.875820
0.604003
0.637371
0.913889
0.011276
0.722214
0.811137
0.989829
0.732334
0.268538
0.524794
0.407967
0.196568
0.275556
0.678724
0.023913
0.530320
0.994237
0.363887
0.453469
0.960419
0.385473
0.532702
0.757006
0.824374
0.123216
0.876118
0.959986
0.085455
0.262443
0.587207
0.484301
0.291911
0.814187
0.688801
0.783304
0.227709
0.818373
0.256779
0.399063
0.395881
0.368215
0.583319
0.172039
0.773903
0.675415
0.041498
0.974926
0.783051
0.439845
0.380563
0.738716
0.315661
0.977410
0.189552
0.202738
0.640404
0.458040
0.404856
0.567546
0.710824
0.898407
0.014485
0.388467
0.442560
0.658503
0.376786
0.671780
0.819263
0.610168
0.511424
0.614590
0.824179
0.924872
0.838315
0.082830
0.481488
0.597882
0.935906
0.428098
0.208139
0.150905
0.810207
0.391438
0.624543
0.684602
0.554029
0.278031
0.024288
0.069188
0.322246
0.568005
0.354133
0.033664
0.741025
0.271339
0.472953
0.444042
0.740893
0.364800
0.230853
0.834863
0.686410
0.150864
0.798160
0.197193
0.446974
0.547072
0.360971
0.035447
0.888645
0.702916
0.639970
0.424436
0.387648
0.613198
0.458588
0.351002
0.390838
0.074416
0.233620
0.369911
0.342354
0.545832
0.656146
0.884072
0.321289
0.720732
0.015122
0.251752
0.401603
0.486595
0.554064
0.989907
0.758733
0.915372
0.578716
0.378782
0.160427
0.046198
0.807963
0.558955
0.241980
0.931328
0.911099
0.262578
0.474942
0.249956
0.453266
0.634809
0.387154
0.151390
0.400534
0.412594
0.320965
0.875511
0.162088
0.254008
0.063071
0.480927
0.285996
0.204234
0.327745
0.165149
0.716198
0.580705
0.406344
0.521595
0.972223
0.630613
0.937853
0.589438
0.162465
0.814400
0.632602
0.018158
0.991021
0.888429
0.865910
0.501998
0.393535
0.973039
0.118772
0.113052
0.337454
0.606742
0.594295
0.157063
0.266645
0.496493
0.593660
0.934546
0.451501
0.104629
0.053132
0.662055
0.837310
0.676986
0.480165
0.004304
0.251524
0.359556
0.384801
0.006753
0.842258
0.203312
0.482194
0.878872
0.355392
0.382977
0.789889
0.348709
0.217353
0.604686
0.402985
0.337072
0.948323
0.433060
0.891926
0.241400
0.181345
0.097877
0.918769
0.291488
0.673517
0.946594
0.842430
0.467208
0.255193
0.277763
0.612822
0.437210
0.432396
0.243008
0.515734
0.581623
0.268523
0.662321
0.478879
0.204685
0.085742
0.943127
0.614706
0.188194
0.437154
0.152482
0.538178
0.356011
0.745295
0.653631
0.323954
0.345536
0.694902
0.696125
0.743177
0.305207
0.637323
0.795374
0.306238
0.358348
0.718347
0.984884
0.464099
0.952952
0.405471
0.499615
0.340789
0.523668
0.838881
0.132858
0.195432
0.005007
0.199635
0.260824
0.748869
0.191736
0.479298
0.263241
0.930140
0.390981
0.970894
0.518179
0.942364
0.487033
0.718488
0.414623
0.690840
0.419829
0.679590
0.242379
0.965387
0.925442
0.246907
0.485180
0.103110
0.665428
0.423637
0.906085
0.776760
0.781118
0.182269
0.948067
0.406602
0.177238
0.711311
0.523258
0.242975
0.873103
0.441482
0.806809
0.605093
0.537647
0.825647
0.466436
0.376620
0.631872
0.672216
0.337955
0.960298
0.023631
0.676276
0.016417
0.264461
0.059911
0.161542
0.341208
0.027187
0.994471
0.444900
0.060099
0.382292
0.693129
0.971629
0.091829
0.834958
0.353908
0.922797
0.534182
0.590341
0.372700
0.768129
0.133600
0.109446
0.104580
0.301186
0.826596
0.043468
0.373233
0.543997
0.650351
0.807824
0.782326
0.212427
0.002093
0.534535
0.908701
0.780329
0.590583
0.317492
0.892875
0.830719
0.389313
0.417304
0.981937
0.018438
0.374993
0.595856
0.777156
0.445475
0.456304
0.226853
0.956557
0.343740
0.890726
0.296258
0.603947
0.118810
0.009863
0.430970
0.112031
0.902155
0.568955
0.537605
0.429744
0.830532
0.581217
0.405132
0.793199
0.283585
0.653909
0.431341
0.475750
0.899807
0.406454
0.726622
0.584861
0.414648
0.301751
0.779157
0.950555
0.452134
0.674789
0.230025
0.230168
0.504213
0.896725
0.498428
0.894545
0.273527
0.701098
0.956744
0.768358
0.580417
0.939768
0.319656
0.638308
0.560773
0.381362
0.165395
0.592989
0.246677
0.051300
0.131258
0.552238
0.837404
0.710512
0.947838
0.826146
0.466864
0.035184
0.021832
0.818280
0.659479
0.281843
0.717294
0.567172
0.466140
0.574876
0.588603
0.977184
0.683557
0.545551
0.900433
0.206345
0.204114
0.975549
0.443045
0.995886
0.211186
0.181099
0.574488
0.094458
0.340796
0.427494
0.050730
0.559560
0.460017
0.234019
0.543378
0.428650
0.173484
0.546402
0.092278
0.221623
0.541115
0.682396
0.443513
0.252877
0.674059
0.445119
0.425801
0.942407
0.445308
0.831696
0.910385
0.978275
0.501303
0.309254
0.468573
0.413470
0.258371
0.388726
0.621203
0.804239
0.701701
0.385566
0.396701
0.399413
0.335627
0.236433
0.156800
0.865379
0.744814
0.196536
0.736362
0.132846
0.270997
0.820880
0.097684
0.842626
0.565690
0.174553
0.188751
0.570561
0.193817
0.670154
0.584558
0.158535
0.406868
0.481068
0.643173
0.060207
0.218681
0.892089
0.732794
0.727501
0.466430
0.629231
0.288769
0.676708
0.759369
0.543606
0.793304
0.550863
0.666142
0.006776
0.035174
0.166386
0.897352
0.529098
0.798891
0.235011
0.255124
0.686543
0.095962
0.084206
0.068664
0.168711
0.625638
0.486025
0.680137
0.397436
0.107493
0.381778
0.391182
0.529500
0.933028
0.611086
0.977984
0.913739
0.235109
0.840652
0.084675
0.533350
0.324460
0.372372
0.803791
0.850864
0.524507
0.867391
0.247063
0.495187
0.291462
0.959928
0.633997
0.828410
0.012500
0.552866
0.785351
0.103432
0.070380
0.284736
0.992127
0.993217
0.176395
0.310067
0.733237
0.431749
0.449455
0.151480
0.157978
0.305368
0.245113
0.728178
0.909893
0.367094
0.817161
0.060980
0.054135
0.846037
0.326048
0.277615
0.060531
0.353676
0.339351
0.181474
0.390618
0.097723
0.443486
0.450135
0.312153
0.585863
0.093169
0.753368
0.614129
0.403632
0.853184
0.340315
0.586178
0.485204
0.269892
0.667642
0.547255
0.249506
0.078752
0.009710
0.620367
0.967640
0.186788
0.902475
0.035586
0.666424
0.040296
0.278645
0.856997
0.396637
0.819732
0.915695
0.447075
0.927174
0.414320
0.863112
0.652435
0.226335
0.883790
0.972522
0.488091
0.801531
0.976206
0.015430
0.055283
0.166013
0.148136
0.738660
0.514477
0.947335
0.132650
0.037283
0.785990
0.243008
0.674597
0.288108
0.323545
0.544487
0.151192
0.212475
0.030339
0.405929
0.015815
0.963166
0.314307
0.028060
0.737612
0.854192
0.232439
0.293354
0.099433
0.280945
0.898356
0.744461
0.599181
0.277779
0.239851
0.495395
0.558883
0.306268
0.132684
0.541097
0.462881
0.594997
0.914230
0.056375
0.649322
0.605185
0.728333
0.705315
0.692470
0.279430
0.675337
0.106539
0.608884
0.056425
0.865145
0.292350
0.166844
0.475192
0.394539
0.369090
0.390899
0.429928
0.613004
0.724841
0.444439
0.012270
0.595885
0.866024
0.101879
0.742192
0.223813
0.607963
0.444489
0.051817
0.058612
0.442111
0.233005
0.967510
0.116074
0.984520
0.925730
0.213423
0.644399
0.741011
0.869547
0.722250
0.025320
0.753346
0.936740
0.933827
0.495966
0.000955
0.503040
0.046168
0.538735
0.692156
0.149357
0.672785
0.670565
0.489511
0.855276
0.380349
0.071195
0.462494
0.567715
0.416723
0.782684
0.567904
0.251033
0.285663
0.272564
0.129715
0.530223
0.734563
0.334769
0.264976
0.548210
0.358769
0.882442
0.104941
0.190362
0.412526
0.113004
0.849282
0.449407
0.184473
0.168709
0.008729
0.774501
0.435961
0.317177
0.214972
0.178220
0.013885
0.300020
0.767691
0.870957
0.796196
0.979440
0.942984
0.006402
0.177128
0.310096
0.285591
0.804361
0.279107
0.706193
0.663768
0.964770
0.027431
0.712951
0.279469
0.792921
0.039591
0.850644
0.831091
0.261123
0.150570
0.999874
0.680137
0.369462
0.999874
0.331163
0.218699
0.462647
0.857063
0.425766
0.954644
0.510436
0.754050
0.046219
0.372438
0.378194
0.216261
0.117263
0.162591
0.378943
0.506750
0.029058
0.890139
0.797521
0.459805
0.427023
0.584151
0.032310
0.512706
0.257724
0.759950
0.809970
0.332184
0.684203
0.972993
0.024617
0.204683
0.922790
0.064922
0.334305
0.471983
0.570596
0.950775
0.966589
0.073612
0.915067
0.157617
0.744284
0.024104
0.351720
0.389170
0.942100
0.085266
0.862997
0.923070
0.071286
0.779230
0.931466
0.896129
0.706351
0.874782
0.347522
0.981930
0.205702
0.823902
0.620531
0.081874
0.124079
0.944083
0.779892
0.637658
0.802992
0.160161
0.847734
0.716669
0.387179
0.422237
0.438575
0.042639
0.228248
0.698043
0.475923
0.547658
0.475958
0.252486
0.765971
0.447666
0.844764
0.437311
0.910565
0.416100
0.096765
0.942150
0.223827
0.507660
0.267567
0.536621
0.809192
0.409108
0.941075
0.252815
0.546371
0.193604
0.862010
0.318936
0.913796
0.091505
0.567121
0.418179
0.631176
0.406990
0.770504
0.081306
0.335836
0.393707
0.505021
0.655626
0.233807
0.656155
0.097094
0.865253
0.524908
0.480543
0.329860
0.885096
0.312475
0.140465
0.570056
0.100788
0.147248
0.893709
0.434510
0.684985
0.402226
0.786468
0.036845
0.262735
0.189101
0.447076
0.065028
0.599791
0.265920
0.204207
0.523670
0.372311
0.782598
0.759340
0.856274
0.967953
0.370216
0.669974
0.313642
0.340040
0.528175
0.932535
0.623936
0.460745
0.698353
0.100604
0.562866
0.777899
0.457643
0.727683
0.531464
0.514337
0.701563
0.311527
0.383056
0.009172
0.245944
0.650409
0.956480
0.797082
0.326716
0.146666
0.072133
0.573850
0.837174
0.639590
0.431000
0.782800
0.787272
0.082954
0.271003
0.565465
0.301898
0.551164
0.923408
0.398277
0.067877
0.645602
0.265086
0.642114
0.487825
0.346960
0.467371
0.579442
0.069906
0.422431
0.433392
0.529995
0.864839
0.834969
0.421585
0.141545
0.816034
0.636460
0.975843
0.282126
0.897959
0.962731
0.488322
0.284920
0.236366
0.125596
0.521225
0.467992
0.308192
0.039539
0.419654
0.436500
0.756932
0.186675
0.033594
0.851709
0.701345
0.855928
0.387919
0.656224
0.203338
0.068242
0.594124
0.966875
0.258735
0.480469
0.783778
0.062728
0.418090
0.942369
0.138327
0.315624
0.491360
0.544109
0.940456
0.199187
0.469621
0.950437
0.075251
0.707470
0.460445
0.071385
0.458573
0.513759
0.404285
0.401246
0.905685
0.510372
0.042679
0.064504
0.403884
0.548470
0.159560
0.401905
0.490593
0.312040
0.965193
0.301260
0.149057
0.226148
0.517485
0.122925
0.498917
0.683833
0.065346
0.723557
0.159693
0.516639
0.831788
0.538520
0.785575
0.402688
0.911993
0.896242
0.334870
0.610190
0.710466
0.841559
0.015902
0.618346
0.413454
0.885110
0.760362
0.561850
0.877520
0.809758
0.761979
0.053753
0.906541
0.443330
0.730306
0.154888
0.073326
0.195574
0.549199
0.395810
0.325965
0.186414
0.797091
0.497867
0.082594
0.726944
0.928124
0.571775
0.762746
0.003252
0.473049
0.742322
0.802117
0.539386
0.587103
0.613415
0.645574
0.847467
0.136039
0.364871
0.677498
0.812140
0.805293
0.286632
0.117987
0.489880
0.772065
0.792534
0.848808
0.051924
0.173680
0.608585
0.616829
0.468133
0.112888
0.453745
0.949577
0.857522
0.483356
0.787442
0.183798
0.343536
0.495140
0.610011
0.701809
0.106821
0.995732
0.001731
0.662059
0.468016
0.379745
0.312475
0.999249
0.747340
0.426234
0.786816
0.643714
0.775511
0.926522
0.052853
0.496263
0.619095
0.314679
0.615411
0.841567
0.642479
0.318637
0.803504
0.911372
0.546520
0.616572
0.547070
0.459993
0.611176
0.675131
0.395735
0.403331
0.833182
0.411317
0.578486
0.134806
0.737161
0.377059
0.668029
0.575139
0.853114
0.693345
0.551972
0.100928
0.508989
0.463816
0.007750
0.997688
0.767157
0.961426
0.173863
0.429255
0.693329
0.431055
0.910154
0.711481
0.075501
0.857456
0.857638
0.450472
0.082779
0.280125
0.216219
0.052445
0.277988
0.510186
0.738431
0.853727
0.966412
0.031292
0.430186
0.447427
0.903126
0.106200
0.306148
0.411892
0.204616
0.119047
0.477576
0.960728
0.462665
0.963389
0.673770
0.842801
0.070060
0.137595
0.193242
0.102504
0.903253
0.478825
0.535499
0.967178
0.515643
0.298214
0.726409
0.733109
0.860050
0.763396
0.376235
0.069129
0.248070
0.697422
0.915910
0.814445
0.469369
0.559725
0.469469
0.203912
0.349654
0.734645
0.998712
0.006072
0.668289
0.167818
0.645004
0.130310
0.926530
0.173734
0.018962
0.320836
0.798819
0.574602
0.720999
0.571334
0.604513
0.053075
0.375788
0.359170
0.942637
0.798891
0.876688
0.627062
0.348509
0.877740
0.092209
0.720930
0.739521
0.622547
0.092678
0.377304
0.815546
0.587653
0.343826
0.594714
0.488529
0.381505
0.105097
0.019413
0.543657
0.711979
0.867603
0.791841
0.095612
0.337010
0.107935
0.287895
0.496927
0.205279
0.817041
0.171529
0.914749
0.337867
0.694749
0.397625
0.535046
0.679214
0.446664
0.183345
0.731849
0.018646
0.256517
0.341325
0.489727
0.733243
0.068680
0.249680
0.061537
0.656761
0.246721
0.054567
0.435592
0.262596
0.278343
0.565490
0.566632
0.032979
0.387864
0.737958
0.867169
0.640326
0.967053
0.340769
0.768479
0.205368
0.025438
0.496260
0.836416
0.532581
0.133397
0.553255
0.293475
0.015873
0.435957
0.418073
0.666706
0.812261
0.962331
0.914564
0.697023
0.401624
0.964991
0.277319
0.639478
0.586055
0.071387
0.982464
0.420776
0.179773
0.409250
0.189149
0.048797
0.743392
0.220263
0.175252
0.672466
0.915086
0.063571
0.797994
0.236825
0.673146
0.146378
0.861168
0.969730
0.763683
0.329267
0.914354
0.659723
0.875006
0.523889
0.706521
0.760256
0.814265
0.724629
0.949545
0.688811
0.117190
0.347447
0.070735
0.920231
0.419844
0.551459
0.023978
0.725783
0.560795
0.314357
0.434695
0.041448
0.328398
0.353338
0.244664
0.303610
0.883308
0.020080
0.052866
0.749191
0.663182
0.359641
0.361522
0.156222
0.889927
0.991933
0.109146
0.802165
0.141635
0.266962
0.819655
0.770392
0.401086
0.764568
0.172609
0.118978
0.594889
0.813594
0.126158
0.682231
0.348188
0.348296
0.249198
0.601903
0.887602
0.727725
0.445107
0.748486
0.996801
0.557476
0.734072
0.652263
0.187880
0.395399
0.423284
0.809363
0.047670
0.751217
0.256737
0.435524
0.262312
0.656766
0.431764
0.564875
0.040679
0.592298
0.302239
0.222374
0.519146
0.118173
0.684896
0.110703
0.005463
0.452705
0.143755
0.953785
0.923390
0.337784
0.068316
0.422388
0.664653
0.085378
0.575927
0.259740
0.899925
0.050706
0.971478
0.138147
0.701839
0.141728
0.074038
0.457239
0.093583
0.168957
0.977836
0.270901
0.656075
0.043197
0.733606
0.067837
0.951885
0.329661
0.917156
0.979126
0.898372
0.612591
0.668226
0.128360
0.536525
0.271739
0.529567
0.243912
0.882871
0.737121
0.460475
0.020607
0.753876
0.296900
0.234387
0.711740
0.417391
0.734645
0.492547
0.716727
0.322727
0.515119
0.192795
0.312834
0.355590
0.381696
0.318973
0.226622
0.269142
0.487829
0.207883
0.956302
0.566877
0.142409
0.132781
0.642123
0.553748
0.263941
0.469514
0.561336
0.781831
0.262594
0.286965
0.499826
0.595957
0.654341
0.685578
0.788675
0.830307
0.623222
0.195702
0.230382
0.962537
0.909882
0.792606
0.232089
0.218505
0.310295
0.037801
0.226692
0.334653
0.755971
0.168202
0.396008
0.820205
0.313480
0.948813
0.546825
0.057895
0.993668
0.526256
0.448253
0.177403
0.865608
0.286481
0.469661
0.114018
0.602833
0.669339
0.898958
0.207570
0.084594
0.536007
0.042147
0.231041
0.477143
0.955320
0.262053
0.289546
0.133109
0.276140
0.396679
0.070016
0.583957
0.111585
0.879689
0.718635
0.633737
0.075317
0.975576
0.992238
0.473763
0.900366
0.432784
0.383780
0.568615
0.229067
0.876691
0.819813
0.664600
0.102571
0.222350
0.225754
0.352477
0.885668
0.330167
0.255458
0.496126
0.345097
0.086594
0.585079
0.196755
0.336487
0.830943
0.224071
0.586135
0.447982
0.817746
0.941996
0.279829
0.070738
0.685058
0.339045
0.029121
0.212895
0.160387
0.788040
0.604765
0.611315
0.679909
0.980479
0.952110
0.913289
0.909554
0.449903
0.760802
0.159165
0.259546
0.100360
0.987292
0.179185
0.282178
0.611020
0.108579
0.678109
0.975723
0.841494
0.634071
0.495928
0.609419
0.044884
0.181560
0.250294
0.093820
0.372355
0.365016
0.156344
0.490268
0.686409
0.337312
0.027097
0.377079
0.409630
0.430738
0.219628
0.858277
0.623711
0.902257
0.864710
0.081192
0.620065
0.138085
0.837881
0.943562
0.892470
0.232238
0.387838
0.336381
0.930616
0.664136
0.212613
0.861259
0.098599
0.258678
0.448756
0.316676
0.484974
0.225278
0.438599
0.525376
0.882262
0.206355
0.302749
0.499246
0.745374
0.146272
0.581404
0.773498
0.067315
0.253744
0.232264
0.976756
0.635234
0.068534
0.517453
0.993095
0.015068
0.960614
0.381338
0.805744
0.830460
0.699939
0.341923
0.164203
0.219806
0.310002
0.888711
0.695186
0.089690
0.140303
0.519841
0.075996
0.545831
0.202935
0.652755
0.233687
0.333270
0.667269
0.419638
0.536335
0.711809
0.204180
0.197030
0.149666
0.933702
0.436683
0.426028
0.673607
0.678055
0.266076
0.834833
0.113531
0.776987
0.589598
0.480450
0.929229
0.485903
0.054897
0.654281
0.324241
0.094708
0.764919
0.642425
0.056934
0.835632
0.370466
0.762530
0.574822
0.850880
0.666943
0.680843
0.403053
0.711740
0.380197
0.738411
0.662258
0.595518
0.383879
0.022459
0.724891
0.259073
0.028089
0.347310
0.896882
0.168576
0.957858
0.561469
0.781621
0.737117
0.827090
0.270317
0.074738
0.203298
0.306086
0.653723
0.318301
0.781615
0.833513
0.891695
0.603573
0.537252
0.671745
0.208522
0.383385
0.046768
0.000862
0.074435
0.518993
0.142208
0.319897
0.798153
0.743780
0.390661
0.638163
0.333189
0.891980
0.030714
0.873057
0.256888
0.013813
0.765320
0.420832
0.887064
0.612345
0.287672
0.540445
0.121937
0.409882
0.930032
0.853917
0.741815
0.734872
0.909349
0.895160
0.434527
0.750639
0.878917
0.068049
0.211657
0.495775
0.010249
0.047905
0.101868
0.227817
0.048491
0.382146
0.145460
0.746760
0.179901
0.728927
0.797160
0.596835
0.389553
0.589400
0.570287
0.912365
0.087066
0.921709
0.244884
0.779108
0.250021
0.414256
0.507269
0.653423
0.338056
0.292523
0.702531
0.429483
0.721391
0.048073
0.350517
0.215359
0.848779
0.729282
0.507482
0.552521
0.394907
0.099861
0.429291
0.954720
0.586784
0.841244
0.709170
0.250351
0.918283
0.695949
0.196875
0.770694
0.480054
0.277901
0.051750
0.902613
0.801911
0.828655
0.906597
0.120555
0.573430
0.201046
0.911365
0.515503
0.362964
0.388984
0.646179
0.968853
0.141504
0.188274
0.224727
0.132244
0.672591
0.622090
0.206103
0.409820
0.438502
0.259321
0.972087
0.071293
0.498366
0.016703
0.455904
0.810865
0.081076
0.598427
0.397804
0.851392
0.667246
0.880945
0.408199
0.999249
0.183044
0.896541
0.865556
0.974091
0.781558
0.066876
0.824831
0.783316
0.652842
0.056493
0.052896
0.014624
0.263946
0.484894
0.188118
0.082479
0.400253
0.292347
0.091188
0.221080
0.850737
0.196490
0.455180
0.487198
0.911176
0.411003
0.252093
0.789550
0.640524
0.990150
0.153135
0.067791
0.156183
0.289680
0.870638
0.169465
0.635785
0.430094
0.155458
0.235449
0.198272
0.257262
0.377517
0.158629
0.390195
0.421288
0.823368
0.316661
0.576076
0.250563
0.589646
0.171445
0.892815
0.356622
0.433238
0.584030
0.892977
0.248420
0.778098
0.906642
0.182663
0.903338
0.066845
0.910681
0.915708
0.587095
0.496426
0.702287
0.393215
0.445784
0.277079
0.511373
0.238915
0.329806
0.709993
0.146198
0.976205
0.130248
0.571180
0.248060
0.668861
0.901291
0.418292
0.008843
0.747629
0.355117
0.076822
0.711053
0.919857
0.705155
0.707360
0.283610
0.136176
0.415797
0.673386
0.739093
0.001196
0.010752
0.673403
0.018194
0.673168
0.592717
0.381460
0.212517
0.800320
0.093280
0.270215
0.077474
0.565423
0.823069
0.908124
0.843373
0.839566
0.139799
0.783340
0.297456
0.639658
0.699270
0.943825
0.044732
0.697114
0.333824
0.506077
0.192316
0.702069
0.618567
0.098614
0.288577
0.159762
0.921607
0.966220
0.550975
0.759371
0.692901
0.251287
0.407577
0.215479
0.150647
0.112139
0.399629
0.990133
0.047067
0.564438
0.060674
0.765658
0.375012
0.892089
0.000799
0.177400
0.610560
0.491701
0.565829
0.970781
0.631479
0.834665
0.328661
0.178461
0.173311
0.770432
0.505407
0.602706
0.309507
0.492300
0.109230
0.416470
0.804413
0.653815
0.430593
0.192059
0.732397
0.292340
0.419286
0.553434
0.286620
0.490910
0.630875
0.398777
0.130070
0.116585
0.961911
0.522645
0.741906
0.211349
0.043011
0.297080
0.365751
0.800296
0.479308
0.960918
0.114533
0.313416
0.451083
0.175288
0.379400
0.705566
0.325099
0.787082
0.638076
0.589983
0.925100
0.703845
0.380110
0.331524
0.742136
0.998536
0.585156
0.056241
0.960281
0.921611
0.357727
0.075254
0.442139
0.946480
0.047267
0.366455
0.012557
0.430866
0.490834
0.502396
0.121987
0.304509
0.679131
0.423909
0.077945
0.475711
0.503791
0.825272
0.346472
0.592698
0.035357
0.898996
0.634383
0.206415
0.969863
0.219016
0.934541
0.336169
0.482887
0.974866
0.654248
0.403995
0.970589
0.132512
0.218528
0.272008
0.303581
0.838318
0.504159
0.254710
0.403315
0.371116
0.459407
0.347574
0.663308
0.225577
0.089757
0.423333
0.579475
0.441949
0.063851
0.504452
0.385051
0.718379
0.437826
0.677019
0.575483
0.210216
0.522739
0.317723
0.385877
0.465254
0.161919
0.658228
0.086208
0.816330
0.739790
0.703779
0.785054
0.576134
0.262812
0.095633
0.287843
0.798771
0.386747
0.897223
0.806812
0.605441
0.390023
0.776090
0.442553
0.456456
0.108113
0.728417
0.686241
0.299499
0.133346
0.978691
0.671637
0.667020
0.803640
0.908092
0.840470
0.138664
0.042073
0.793604
0.487008
0.653778
0.840874
0.543956
0.589785
0.152749
0.216805
0.813822
0.302651
0.564251
0.892757
0.476543
0.704532
0.030373
0.609837
0.097137
0.248278
0.187014
0.156883
0.227620
0.013603
0.678553
0.465936
0.048569
0.176772
0.691216
0.993215
0.404249
0.239045
0.118386
0.350046
0.970171
0.795060
0.924534
0.516130
0.295179
0.118748
0.925887
0.941800
0.465565
0.354912
0.550394
0.394435
0.133527
0.745428
0.344064
0.228895
0.670719
0.008874
0.592138
0.362868
0.104089
0.327515
0.703026
0.902283
0.410439
0.835901
0.300841
0.596875
0.411933
0.841526
0.889433
0.645768
0.851701
0.861698
0.832362
0.251067
0.650167
0.207098
0.304841
0.318768
0.999352
0.663706
0.254331
0.505317
0.511724
0.578812
0.044460
0.776052
0.867245
0.937480
0.973872
0.210519
0.477754
0.031704
0.913622
0.651496
0.511495
0.443223
0.899514
0.707058
0.609657
0.817830
0.104616
0.122873
0.257879
0.871986
0.594562
0.412699
0.868024
0.407841
0.622637
0.001447
0.772485
0.726258
0.590805
0.737343
0.682603
0.607968
0.541663
0.617592
0.457591
0.653720
0.068185
0.881965
0.851716
0.070265
0.781658
0.431919
0.383322
0.404596
0.788732
0.984387
0.024431
0.067663
0.765695
0.358921
0.515716
0.664018
0.949379
0.198495
0.037277
0.927835
0.113661
0.846325
0.526193
0.840448
0.488448
0.636326
0.239643
0.011119
0.896305
0.830487
0.376623
0.491746
0.344404
0.663964
0.648042
0.577656
0.801929
0.484040
0.127094
0.139847
0.223140
0.572445
0.062815
0.317654
0.523447
0.186699
0.010177
0.763070
0.581395
0.643910
0.725617
0.716137
0.496763
0.383478
0.755915
0.261929
0.779039
0.851019
0.154134
0.789736
0.538393
0.946753
0.435930
0.669899
0.691818
0.864139
0.229922
0.068053
0.941041
0.329493
0.722989
0.824933
0.508766
0.196126
0.592074
0.995841
0.190287
0.186627
0.434028
0.630591
0.964877
0.188522
0.516376
0.204699
0.663820
0.249925
0.540089
0.917511
0.879718
0.635760
0.892702
0.344190
0.466613
0.068900
0.485783
0.266510
0.586565
0.155517
0.420686
0.372251
0.941216
0.776157
0.663828
0.973940
0.644224
0.693593
0.187067
0.383490
0.371788
0.300250
0.236900
0.628042
0.125101
0.300756
0.931708
0.201399
0.973777
0.432512
0.189446
0.521829
0.768180
0.286732
0.296550
0.076749
0.428115
0.856467
0.526309
0.353652
0.374446
0.043060
0.182852
0.919372
0.979562
0.669342
0.912932
0.360926
0.004891
0.231817
0.016843
0.544270
0.473300
0.064826
0.773580
0.195575
0.817644
0.661202
0.242498
0.435426
0.652152
0.704648
0.929475
0.481600
0.750831
0.011795
0.722418
0.521920
0.578758
0.883666
0.267890
0.095748
0.721690
0.638778
0.933891
0.420913
0.182811
0.889078
0.686192
0.781611
0.570047
0.955722
0.896967
0.530760
0.662931
0.969013
0.651508
0.745558
0.625642
0.404528
0.664987
0.254998
0.796008
0.059139
0.157107
0.389742
0.523915
0.733930
0.945266
0.504134
0.123825
0.868104
0.640769
0.313015
0.176008
0.360163
0.998712
0.733169
0.231982
0.093487
0.558362
0.154909
0.192985
0.820914
0.391953
0.368309
0.564999
0.429637
0.777502
0.770940
0.475017
0.919987
0.444113
0.977435
0.484397
0.637108
0.469374
0.609322
0.027609
0.328266
0.322666
0.822769
0.439212
0.270610
0.753887
0.009753
0.241797
0.248866
0.698862
0.465847
0.415799
0.708261
0.393576
0.464303
0.164094
0.107612
0.673026
0.042130
0.998566
0.615467
0.603701
0.668468
0.067677
0.710518
0.323578
0.391562
0.494276
0.653014
0.079728
0.447355
0.593087
0.792702
0.720926
0.964528
0.173080
0.766151
0.802932
0.367480
0.757829
0.818849
0.578451
0.633398
0.056356
0.662220
0.600072
0.039064
0.316907
0.132567
0.887596
0.906363
0.558761
0.536693
0.072721
0.776738
0.732680
0.810440
0.902622
0.912474
0.121879
0.815769
0.774994
0.418447
0.882556
0.852129
0.702919
0.343151
0.827977
0.085844
0.427608
0.702907
0.596894
0.918621
0.266791
0.188191
0.101211
0.368976
0.209143
0.675316
0.927115
0.358572
0.540454
0.258926
0.647762
0.143944
0.762039
0.129095
0.195367
0.261737
0.379530
0.888624
0.609577
0.745936
0.491312
0.098279
0.122252
0.496238
0.477644
0.566476
0.323431
0.730055
0.018123
0.890762
0.667926
0.122953
0.477755
0.596415
0.087732
0.454686
0.278304
0.096942
0.654557
0.235579
0.386684
0.175781
0.943999
0.530479
0.727585
0.421378
0.764472
0.148945
0.181845
0.561273
0.678185
0.889037
0.430722
0.066935
0.128418
0.950925
0.111494
0.230841
0.039011
0.052602
0.470897
0.751453
0.432282
0.744824
0.645854
0.160160
0.556196
0.731895
0.118682
0.256333
0.278173
0.439392
0.336298
0.510996
0.321010
0.143915
0.546560
0.694504
0.437182
0.692622
0.983309
0.176270
0.664760
0.424938
0.565399
0.442076
0.626235
0.583291
0.501250
0.742831
0.837853
0.216048
0.893486
0.903576
0.530309
0.770701
0.699037
0.517882
0.552810
0.919477
0.846618
0.974985
0.973928
0.308369
0.870588
0.318759
0.609093
0.263667
0.059473
0.231899
0.422192
0.901420
0.607516
0.748188
0.765846
0.673344
0.913867
0.501956
0.361736
0.240234
0.608791
0.668369
0.570661
0.518079
0.758725
0.581271
0.575860
0.104400
0.468200
0.547197
0.988204
0.608671
0.759490
0.423938
0.885703
0.211308
0.470192
0.278647
0.402038
0.325378
0.311392
0.171775
0.580702
0.282746
0.318290
0.976790
0.636207
0.200987
0.391433
0.898282
0.506681
0.520637
0.457526
0.109149
0.560171
0.588991
0.008097
0.916412
0.618792
0.114909
0.462545
0.733164
0.080761
0.975208
0.035758
0.944055
0.739160
0.598931
0.554885
0.898230
0.594324
0.866451
0.192419
0.334244
0.285404
0.112023
0.996775
0.815852
0.593014
0.191235
0.734839
0.958917
0.856399
0.481144
0.390537
0.606417
0.566091
0.960260
0.604307
0.185652
0.775430
0.520635
0.906942
0.560120
0.279168
0.737531
0.259226
0.456148
0.455144
0.715794
0.182688
0.415044
0.724462
0.310860
0.277377
0.763282
0.197424
0.760534
0.705249
0.194321
0.675513
0.393997
0.001132
0.580428
0.320610
0.275538
0.090453
0.072090
0.730496
0.504208
0.033087
0.522303
0.526993
0.512663
0.352774
0.252812
0.481070
0.861111
0.267520
0.710951
0.066596
0.134799
0.775095
0.943773
0.594797
0.065887
0.364726
0.483534
0.461240
0.581870
0.137658
0.389822
0.810147
0.459450
0.140754
0.210479
0.207200
0.227705
0.861027
0.247223
0.003712
0.244765
0.254217
0.593067
0.186000
0.279383
0.343154
0.657273
0.519677
0.508856
0.824787
0.628928
0.027100
0.627770
0.068012
0.231105
0.756778
0.512884
0.214684
0.971961
0.817566
0.856968
0.456859
0.554503
0.831165
0.852059
0.144851
0.420065
0.798976
0.838200
0.670451
0.187816
0.550647
0.039321
0.601756
0.739604
0.030637
0.770137
0.651623
0.470998
0.946478
0.737616
0.618617
0.979935
0.430836
0.183002
0.622428
0.747501
0.213374
0.255222
0.986581
0.844338
0.134205
0.297740
0.018593
0.893229
0.106683
0.027015
0.266800
0.565588
0.723389
0.224395
0.456368
0.277972
0.637611
0.631677
0.133509
0.084947
0.607093
0.795280
0.782859
0.496672
0.293164
0.440774
0.081173
0.152718
0.624180
0.358867
0.560792
0.386618
0.986948
0.260260
0.875424
0.256585
0.854872
0.609302
0.482174
0.994120
0.520224
0.308382
0.817954
0.040787
0.615218
0.494235
0.192623
0.270389
0.499587
0.576086
0.929692
0.104762
0.699868
0.430202
0.839222
0.361378
0.418403
0.036940
0.534550
0.764257
0.120794
0.460030
0.329521
0.409967
0.963604
0.313237
0.447679
0.520952
0.865983
0.610788
0.807890
0.811425
0.557722
0.263326
0.037607
0.618495
0.572232
0.553576
0.217718
0.854203
0.687984
0.532385
0.840833
0.163449
0.470047
0.727950
0.024023
0.638152
0.710078
0.404736
0.160350
0.858957
0.516271
0.374085
0.220812
0.090919
0.543672
0.310461
0.176276
0.437038
0.281416
0.414770
0.641130
0.550753
0.448687
0.676899
0.242791
0.382256
0.903814
0.847123
0.324996
0.250171
0.398850
0.432229
0.184884
0.515090
0.261546
0.240432
0.027684
0.599253
0.642997
0.563672
0.293472
0.447678
0.445747
0.091792
0.406187
0.136061
0.022654
0.173578
0.674832
0.837667
0.645240
0.165257
0.583231
0.706632
0.720708
0.396232
0.818611
0.747776
0.672560
0.532960
0.114532
0.333199
0.281559
0.016412
0.893551
0.269236
0.575321
0.848222
0.573547
0.995521
0.192070
0.601114
0.540125
0.595587
0.441461
0.641984
0.121504
0.998566
0.420587
0.607497
0.131092
0.849589
0.052409
0.834300
0.849033
0.502427
0.089737
0.237510
0.366999
0.074223
0.528839
0.590673
0.106761
0.782217
0.227968
0.243283
0.607845
0.821543
0.711555
0.398960
0.293086
0.678720
0.600953
0.345356
0.220057
0.595990
0.691397
0.323578
0.525150
0.280904
0.734233
0.144095
0.439590
0.369045
0.687431
0.577186
0.811166
0.982590
0.482103
0.300127
0.817422
0.365363
0.338329
0.363068
0.117802
0.757391
0.642034
0.068258
0.222854
0.249247
0.579803
0.654339
0.314258
0.038703
0.006168
0.284775
0.633005
0.618676
0.695613
0.587410
0.664306
0.634889
0.688832
0.145289
0.533526
0.252162
0.281001
0.146223
0.931048
0.507261
0.392290
0.343622
0.696004
0.560553
0.102517
0.031482
0.396520
0.604684
0.689909
0.094423
0.381725
0.171488
0.177111
0.045690
0.179255
0.283568
0.416681
0.233083
0.649364
0.518543
0.825919
0.980022
0.157791
0.145751
0.861529
0.976174
0.415862
0.720195
0.984602
0.863125
0.576604
0.399207
0.654073
0.034031
0.235193
0.915562
0.672171
0.524689
0.023297
0.087756
0.030500
0.594232
0.418880
0.574471
0.234108
0.738165
0.921904
0.745889
0.548959
0.240675
0.125071
0.118736
0.783231
0.737273
0.986978
0.213543
0.304373
0.137525
0.389642
0.479615
0.163084
0.649985
0.226700
0.493112
0.265804
0.790780
0.763254
0.973249
0.753777
0.361398
0.070524
0.647216
0.526497
0.402302
0.252431
0.101478
0.529059
0.503503
0.027964
0.820678
0.017489
0.252070
0.640710
0.579769
0.956021
0.675058
0.959891
0.523889
0.590134
0.684080
0.987525
0.057041
0.605197
0.618843
0.562304
0.337204
0.321165
0.129675
0.167985
0.624076
0.708950
0.926344
0.024812
0.187211
0.435873
0.179291
0.725833
0.307720
0.369890
0.901401
0.032142
0.305685
0.380768
0.009443
0.064840
0.317456
0.678702
0.494688
0.326772
0.910752
0.306540
0.486479
0.100538
0.849009
0.652104
0.719855
0.944356
0.290303
1.000000
0.743073
0.611550
0.756472
0.646807
0.679978
0.970919
0.889355
0.583847
0.546887
0.898741
0.380029
0.744184
0.269471
0.251825
0.644044
0.542764
0.702254
0.441532
0.260701
0.532995
0.771884
0.907372
0.996534
0.280975
0.114284
0.806049
0.386598
0.743860
0.948041
0.778368
0.812769
0.936983
0.629595
0.258136
0.997032
0.309315
0.801744
0.037402
0.554017
0.015324
0.593872
0.787096
0.821404
0.637142
0.021794
0.157535
0.569260
0.009840
0.862966
0.702135
0.674785
0.641984
0.717268
0.705983
0.388517
0.417680
0.526231
0.394958
0.314883
0.883857
0.608641
0.265726
0.055899
0.014830
0.336315
0.729311
0.040570
0.249607
0.766953
0.603983
0.968932
0.627795
0.253295
0.052424
0.600389
0.017514
0.756068
0.880098
0.652545
0.503152
0.008868
0.701255
0.970502
0.308774
0.092925
0.182036
0.978730
0.973243
0.264807
0.098108
0.587247
0.521242
0.141058
0.041733
0.242199
0.170876
0.875206
0.095627
0.070003
0.803260
0.357253
0.770631
0.805175
0.284711
0.050729
0.140353
0.265303
0.991501
0.669348
0.354539
0.252494
0.426514
0.529975
0.076953
0.238143
0.944042
0.131391
0.672806
0.705931
0.793001
0.063823
0.011912
0.374528
0.351300
0.001396
0.200349
0.344094
0.628205
0.752051
0.595922
0.766096
0.352551
0.604687
0.588372
0.540466
0.909325
0.723629
0.368356
0.523311
0.624623
0.782381
0.600686
0.367101
0.689734
0.323036
0.435162
0.607984
0.041986
0.379789
0.807314
0.515246
0.637324
0.354551
0.723201
0.189008
0.533806
0.103590
0.205664
0.956554
0.504609
0.044900
0.369449
0.407030
0.383673
0.169350
0.551809
0.909824
0.059003
0.211774
0.462702
0.784340
0.931556
0.472534
0.640500
0.888129
0.387410
0.671630
0.358328
0.335617
0.445179
0.546389
0.072340
0.779916
0.468800
0.184851
0.133292
0.723257
0.829352
0.319133
0.190087
0.065122
0.481627
0.219719
0.439119
0.557835
0.836929
0.650637
0.853364
0.383564
0.480001
0.518814
0.044637
0.169834
0.533938
0.815318
0.552124
0.757813
0.833210
0.872354
0.738259
0.873133
0.954007
0.503233
0.034002
0.826478
0.177727
0.642635
0.981269
0.903809
0.153630
0.535394
0.139246
0.466301
0.579049
0.442123
0.768970
0.849647
0.249890
0.332086
0.899238
0.172640
0.142714
0.944904
0.565774
0.486358
0.486148
0.234502
0.160644
0.527914
0.449603
0.107109
0.933204
0.505808
0.928816
0.060277
0.047069
0.016282
0.920091
0.086546
0.566491
0.659686
0.049701
0.772532
0.463620
0.340273
0.277965
0.562103
0.895847
0.348826
0.193516
0.859815
0.587094
0.261322
0.257394
0.190433
0.192708
0.664046
0.769043
0.960824
0.865575
0.821115
0.013075
0.061478
0.249142
0.328635
0.935019
0.423119
0.476006
0.604344
0.186017
0.997735
0.170310
0.905766
0.578213
0.859002
0.456875
0.475966
0.290841
0.533463
0.635305
0.015904
0.501257
0.354549
0.845452
0.967234
0.770333
0.830846
0.140850
0.159887
0.951678
0.799293
0.105067
0.194756
0.754804
0.789193
0.245297
0.062697
0.406848
0.203507
0.646433
0.279527
0.998566
0.649296
0.677018
0.240998
0.125607
0.165655
0.140933
0.648469
0.083163
0.982823
0.361730
0.754385
0.791115
0.457248
0.934805
0.528717
0.840516
0.662562
0.957471
0.825864
0.520982
0.705087
0.956821
0.906923
0.816804
0.322707
0.363865
0.211394
0.500061
0.898380
0.996085
0.058185
0.443741
0.217415
0.893999
0.861452
0.630277
0.898433
0.997750
0.648781
0.639088
0.736742
0.362679
0.549389
0.780677
0.808321
0.010459
0.219551
0.796750
0.419985
0.253980
0.741925
0.379411
0.668046
0.375734
0.084868
0.563542
0.529848
0.383965
0.056496
0.622638
0.090133
0.018038
0.514848
0.929107
0.462051
0.071116
0.188223
0.726708
0.449654
0.087814
0.465913
0.978656
0.498418
0.767437
0.196131
0.895117
0.460440
0.447083
0.491011
0.075246
0.363607
0.387402
0.513808
0.010567
0.405753
0.568253
0.795784
0.249024
0.716574
0.199806
0.994059
0.495088
0.946977
0.341591
0.710660
0.175357
0.097466
0.119302
0.710172
0.307576
0.307899
0.055367
0.121330
0.322035
0.959091
0.549797
0.118255
0.668168
0.724943
0.424986
0.641270
0.637689
0.239206
0.591096
0.535705
0.812781
0.365215
0.003461
0.519916
0.539342
0.475817
0.423075
0.710172
0.888744
0.444514
0.605418
0.458843
0.936484
0.732279
0.028380
0.541511
0.003824
0.026482
0.520341
0.655736
0.602312
0.582436
0.105052
0.776006
0.436058
0.951834
0.278105
0.512148
0.369760
0.108140
0.054670
0.717770
0.100678
0.533134
0.560865
0.526021
0.390700
0.282426
0.309538
0.696550
0.553019
0.055860
0.530211
0.943648
0.051170
0.251242
0.984096
0.194237
0.082698
0.750522
0.357012
0.768203
0.083743
0.885046
0.901211
0.164241
0.824420
0.743375
0.103718
0.713199
0.960138
0.548728
0.453134
0.178472
0.274694
0.554774
0.314918
0.649168
0.782903
0.334200
0.509869
0.605975
0.161300
0.994532
0.721755
0.020607
0.624518
0.014676
0.684373
0.065401
0.263761
0.802606
0.359377
0.607647
0.585481
0.713020
0.704435
0.900299
0.528168
0.101271
0.133874
0.873149
0.759963
0.728734
0.425255
0.401790
0.658574
0.661421
0.456247
0.970884
0.808314
0.139016
0.144689
0.947575
0.299802
0.140933
0.985713
0.294145
0.940253
0.678993
0.354784
0.139234
0.952869
0.827043
0.793248
0.216640
0.810770
0.014630
0.878685
0.401694
0.884343
0.007452
0.368540
0.418674
0.122775
0.848937
0.501147
0.359255
0.504833
0.906432
0.849612
0.901643
0.616281
0.348047
0.703831
0.117281
0.458799
0.999407
0.379889
0.472530
0.299955
0.138319
0.963243
0.404100
0.394117
0.992716
0.335061
0.127577
0.281603
0.609093
0.259597
0.653672
0.737928
0.938449
0.970469
0.380517
0.724915
0.457800
0.979065
0.096831
0.668191
0.209891
0.728574
0.165699
0.713039
0.335083
0.269817
0.796157
0.310457
0.257011
0.423683
0.500163
0.413384
0.087205
0.133915
0.484306
0.239759
0.754529
0.897413
0.611179
0.378854
0.451436
0.102566
0.066596
0.100629
0.813354
0.921784
0.726961
0.366401
0.137228
0.251426
0.286643
0.446966
0.711841
0.026886
0.188261
0.117068
0.021935
0.565558
0.618487
0.420522
0.230579
0.205581
0.967219
0.467712
0.704436
0.260343
0.986752
0.038088
0.673438
0.841303
0.077336
0.987881
0.893444
0.605061
0.923183
0.102627
0.875389
0.442284
0.724630
0.752266
0.059423
0.080050
0.243548
0.092451
0.934125
0.846602
0.385015
0.869929
0.449942
0.326273
0.273159
0.815139
0.057782
0.487271
0.296627
0.995973
0.957933
0.317798
0.062419
0.139289
0.795089
0.075110
0.128307
0.249589
0.440718
0.503147
0.915584
0.737301
0.007058
0.669465
0.826650
0.754370
0.914833
0.320613
0.906552
0.486246
0.250810
0.562907
0.853988
0.402568
0.597563
0.495622
0.874802
0.981512
0.776474
0.705803
0.208394
0.424423
0.030744
0.874844
0.682713
0.519267
0.087041
0.540271
0.764252
0.916970
0.505812
0.242233
0.272306
0.898914
0.978893
0.100266
0.588141
0.653680
0.711195
0.596325
0.285066
0.485567
0.167212
0.065659
0.969753
0.257086
0.944070
0.746067
0.702805
0.155190
0.005767
0.132932
0.961274
0.170990
0.368137
0.804121
0.130638
0.021430
0.434585
0.583697
0.241110
0.817107
0.657474
0.222036
0.974977
0.213273
0.131804
0.294527
0.109058
0.863016
0.943665
0.420822
0.870008
0.436520
0.907513
0.637660
0.379986
0.663981
0.279331
0.823439
0.275501
0.609707
0.657661
0.771938
0.871784
0.670752
0.845781
0.192354
0.206827
0.516455
0.695154
0.716889
0.080826
0.918649
0.865975
0.615767
0.564958
0.161354
0.993006
0.340166
0.504377
0.630268
0.636055
0.270282
0.509752
0.355344
0.810965
0.969635
0.904354
0.474853
0.259688
0.215738
0.764203
0.989193
0.332284
0.766168
0.610553
0.131896
0.559021
0.949569
0.650402
0.480012
0.311336
0.261785
0.733916
0.504755
0.244533
0.263526
0.039795
0.995900
0.325555
0.580083
0.901622
0.222083
0.753150
0.104755
0.250913
0.277628
0.036701
0.811940
0.835762
0.950583
0.209929
0.391466
0.999407
0.744734
0.356108
0.819289
0.776030
0.522129
0.733248
0.617537
0.274694
0.488464
0.982470
0.383323
0.394377
0.951505
0.786834
0.139933
0.339519
0.950981
0.111473
0.100772
0.465738
0.088017
0.484125
0.838711
0.643985
0.275487
0.077127
0.762977
0.143929
0.904981
0.671352
0.890223
0.302871
0.249027
0.747407
0.127269
0.245522
0.285573
0.255365
0.877437
0.317794
0.132529
0.894839
0.008722
0.466946
0.611779
0.600640
0.895957
0.922787
0.244534
0.968459
0.482660
0.951303
0.505159
0.897060
0.260816
0.013818
0.642716
0.579915
0.694343
0.081317
0.703900
0.195925
0.417428
0.444456
0.865682
0.256198
0.322070
0.803582
0.290120
0.326340
0.256728
0.507950
0.848918
0.010462
0.133480
0.186693
0.304610
0.137500
0.974984
0.932862
0.373855
0.500206
0.312158
0.282092
0.203220
0.464540
0.902913
0.194937
0.747905
0.978587
0.312681
0.691404
0.619819
0.886536
0.356716
0.892258
0.845924
0.899924
0.927059
0.547745
0.505256
0.734862
0.535253
0.343816
0.169939
0.914472
0.014093
0.890966
0.910000
0.918544
0.803086
0.453450
0.204080
0.080305
0.955438
0.657979
0.470099
0.960356
0.358234
0.231705
0.055531
0.431693
0.358261
0.719292
0.041895
0.183344
0.286460
0.187493
0.179938
0.573618
0.824146
0.571596
0.910359
0.252083
0.350551
0.089534
0.891064
0.721094
0.747494
0.443677
0.569204
0.256380
0.553523
0.354368
0.349615
0.569742
0.093923
0.689180
0.237905
0.227292
0.548822
0.543337
0.815013
0.570586
0.940279
0.424672
0.041487
0.396217
0.348546
0.145268
0.126519
0.587304
0.232633
0.425194
0.133458
0.647457
0.502392
0.984666
0.656475
0.538209
0.737207
0.311930
0.990493
0.473080
0.985455
0.227059
0.348551
0.467992
0.521496
0.057849
0.649461
0.316018
0.442177
0.053749
0.917735
0.555785
0.508870
0.797119
0.793143
0.483264
0.186701
0.647518
0.846458
0.846392
0.699781
0.852833
0.320471
0.825673
0.456534
0.168967
0.462571
0.990526
0.546222
0.794997
0.360371
0.114261
0.856873
0.909955
0.130035
0.997703
0.703433
0.207007
0.605266
0.495060
0.717118
0.786253
0.422042
0.941935
0.963842
0.673741
0.351059
0.575464
0.209035
0.775787
0.078909
0.715654
0.603103
0.308145
0.449759
0.325690
0.547693
0.822004
0.579446
0.301330
0.636591
0.905631
0.360272
0.659260
0.411756
0.103681
0.274620
0.622981
0.597048
0.556826
0.790931
0.631883
0.878867
0.423100
0.246202
0.851361
0.400127
0.259167
0.281011
0.747391
0.674799
0.529180
0.094352
0.066807
0.664371
0.746557
0.588009
0.494806
0.381732
0.017620
0.390338
0.432835
0.495736
0.403732
0.788720
0.227400
0.441438
0.576101
0.567576
0.501259
0.234064
0.748245
0.685088
0.445049
0.323347
0.329860
0.529338
0.956216
0.989959
0.547880
0.647743
0.534022
0.105371
0.410199
0.288706
0.009680
0.975339
0.195077
0.599449
0.398978
0.937075
0.793233
0.649042
0.785129
0.649483
0.482349
0.288963
0.780355
0.420200
0.457208
0.345177
0.368765
0.564694
0.413940
0.047756
0.127482
0.850702
0.544652
0.160328
0.769222
0.501758
0.148893
0.857840
0.693654
0.519448
0.030327
0.324972
0.806979
0.035194
0.599437
0.788379
0.034021
0.865336
0.933992
0.655297
0.953714
0.061813
0.606027
0.682067
0.320604
0.215076
0.123863
0.133945
0.359587
0.063446
0.976630
0.389186
0.840823
0.128037
0.232215
0.974672
0.743002
0.955741
0.012770
0.858057
0.716898
0.992472
0.148915
0.645093
0.472648
0.299713
0.448570
0.995034
0.273063
0.491160
0.971767
0.848137
0.045632
0.421324
0.001500
0.405489
0.585981
0.869883
0.174373
0.082882
0.258322
0.596652
0.974733
0.919171
0.580875
0.601370
0.102821
0.119332
0.678013
0.916252
0.560989
0.189123
0.581785
0.040258
0.731815
0.529344
0.553816
0.742149
0.676440
0.632772
0.489031
0.011298
0.898983
0.317218
0.054194
0.814428
0.300731
0.557110
0.740320
0.963464
0.992909
0.688647
0.686332
0.051702
0.415362
0.476825
0.914145
0.356814
0.296033
0.085539
0.939064
0.920806
0.717651
0.395012
0.254948
0.326855
0.877898
0.796874
0.596347
0.925835
0.341205
0.170587
0.539235
0.392883
0.097306
0.732100
0.792300
0.285247
0.836284
0.044746
0.560190
0.042154
0.403778
0.313722
0.721580
0.228010
0.654662
0.940830
0.085484
0.430966
0.229310
0.909565
0.980433
0.545854
0.343530
0.287684
0.438910
0.196619
0.330746
0.782842
0.793978
0.088498
0.581733
0.846092
0.871058
0.470942
0.981164
0.189515
0.884348
0.782248
0.089055
0.341115
0.617723
0.626464
0.915531
0.997537
0.452071
0.489691
0.305500
0.620155
0.996811
0.070522
0.911454
0.041469
0.679580
0.609271
0.572470
0.567292
0.065461
0.530503
0.330180
0.358535
0.321049
0.738304
0.066316
0.740549
0.999537
0.486125
0.856112
0.478591
0.316745
0.991575
0.788334
0.344286
0.959548
0.291982
0.054916
0.060564
0.962879
0.679960
0.672490
0.125237
0.556937
0.441111
0.220893
0.381809
0.979446
0.009555
0.550123
0.297861
0.035129
0.426573
0.303637
0.494439
0.848836
0.261609
0.429581
0.294887
0.601176
0.375587
0.492052
0.264050
0.047004
0.557122
0.164217
0.843589
0.781797
0.324494
0.290677
0.001382
0.256771
0.797251
0.214365
0.219639
0.902484
0.285340
0.648823
0.986325
0.339352
0.701751
0.075032
0.738432
0.702747
0.204731
0.897391
0.866295
0.745467
0.042443
0.209607
0.029896
0.491029
0.878270
0.911280
0.687373
0.171439
0.187307
0.852363
0.090995
0.601227
0.449323
0.047194
0.186709
0.608427
0.933048
0.533693
0.152171
0.989893
0.030068
0.007180
0.938587
0.494490
0.310088
0.642056
0.029681
0.609108
0.235675
0.847612
0.004115
0.459438
0.593698
0.765243
0.865278
0.704639
0.019159
0.891388
0.885936
0.151455
0.148574
0.951088
0.977964
0.422422
0.134889
0.307969
0.834408
0.852249
0.971442
0.393935
0.969484
0.058532
0.842894
0.601462
0.890614
0.024009
0.877342
0.388145
0.235997
0.958721
0.094054
0.191279
0.484163
0.586720
0.200046
0.693621
0.642876
0.463244
0.407941
0.683009
0.930112
0.598426
0.645614
0.730812
0.317769
0.401090
0.970486
0.308957
0.789450
0.103767
0.550407
0.263851
0.309124
0.464888
0.137860
0.368395
0.771463
0.227691
0.250914
0.440447
0.243042
0.343658
0.535866
0.316926
0.663917
0.121465
0.572570
0.235876
0.090888
0.755219
0.290810
0.442403
0.678345
0.117173
0.588297
0.495843
0.733276
0.503462
0.618275
0.821732
0.592860
0.414637
0.784787
0.889243
0.173069
0.387864
0.030381
0.478440
0.163786
0.811225
0.605621
0.166772
0.010765
0.213492
0.800055
0.355237
0.459989
0.390294
0.015116
0.175064
0.150132
0.289405
0.042499
0.878882
0.050186
0.708032
0.245332
0.098504
0.650203
0.661774
0.839502
0.526510
0.343622
0.861235
0.251008
0.392051
0.181721
0.905164
0.241386
0.903147
0.848353
0.880072
0.603220
0.828390
0.681896
0.591330
0.734338
0.409488
0.669015
0.170193
0.602363
0.011426
0.530775
0.569547
0.857537
0.617095
0.217308
0.227517
0.284640
0.605610
0.895843
0.925851
0.094931
0.975009
0.853554
0.566840
0.733512
0.396780
0.808376
0.940768
0.950683
0.447350
0.016545
0.741926
0.688634
0.135176
0.045902
0.535945
0.245249
0.125823
0.331521
0.489997
0.869611
0.664992
0.714395
0.080829
0.140718
0.774134
0.212483
0.407576
0.700450
0.617284
0.403260
0.110780
0.219493
0.643147
0.595159
0.157418
0.232898
0.684285
0.094157
0.583509
0.099540
0.746206
0.650822
0.017765
0.022910
0.203104
0.858421
0.849992
0.572398
0.103385
0.638751
0.615458
0.514290
0.955532
0.897358
0.651441
0.096796
0.251504
0.456526
0.933443
0.127107
0.738117
0.520946
0.440677
0.671159
0.573594
0.942433
0.150995
0.735793
0.872888
0.343420
0.276739
0.642484
0.727080
0.573147
0.561502
0.552888
0.414072
0.516147
0.534329
0.886954
0.644284
0.882462
0.717928
0.609184
0.109851
0.387539
0.800400
0.019391
0.241925
0.703214
0.080081
0.039606
0.700673
0.427958
0.688554
0.854033
0.108164
0.204652
0.780621
0.246440
0.626846
0.299624
0.379090
0.248325
0.036273
0.661394
0.688222
0.717594
0.678084
0.587208
0.488421
0.714341
0.343408
0.947698
0.726611
0.827380
0.546423
0.934347
0.386249
0.779122
0.450983
0.902168
0.407219
0.340843
0.641340
0.154510
0.312269
0.015652
0.210048
0.953120
0.750937
0.579995
0.892161
0.301675
0.596326
0.950388
0.930590
0.733710
0.211018
0.291346
0.597770
0.696988
0.956844
0.681158
0.018082
0.848520
0.864432
0.178926
0.687376
0.512093
0.242012
0.010949
0.533620
0.479710
0.012986
0.835578
0.028517
0.708048
0.086579
0.218521
0.875893
0.140896
0.428324
0.417560
0.659730
0.920738
0.784293
0.245974
0.133758
0.600856
0.786422
0.863584
0.035248
0.269437
0.221885
0.086314
0.477569
0.806715
0.367481
0.759220
0.547816
0.044674
0.985180
0.500745
0.245473
0.537681
0.846133
0.091130
0.743154
0.804781
0.731282
0.885855
0.137726
0.515475
0.964657
0.122915
0.755844
0.577510
0.622959
0.145035
0.157681
0.786513
0.068425
0.455416
0.581331
0.623841
0.042225
0.796383
0.632414
0.373466
0.888065
0.009107
0.852491
0.575590
0.939796
0.271075
0.809054
0.470233
0.576855
0.184776
0.811631
0.706692
0.035455
0.421546
0.154719
0.824453
0.854643
0.820986
0.160029
0.639975
0.661552
0.668065
0.588548
0.415560
0.171090
0.772883
0.427083
0.927058
0.337732
0.965181
0.443632
0.093999
0.081339
0.986700
0.429813
0.668424
0.179642
0.866206
0.994774
0.498591
0.526204
0.837880
0.290979
0.664007
0.977785
0.404342
0.894801
0.314148
0.426762
0.238023
0.350231
0.501614
0.234789
0.293219
0.837772
0.770310
0.939770
0.596945
0.137709
0.501233
0.620329
0.077555
0.211740
0.215187
0.875550
0.150920
0.383204
0.287791
0.192512
0.336324
0.416811
0.623777
0.154091
0.436734
0.806450
0.463143
0.342990
0.856255
0.906107
0.021200
0.767793
0.803493
0.175338
0.140095
0.750195
0.852639
0.857786
0.014730
0.530901
0.810181
0.828797
0.986969
0.670974
0.817395
0.705631
0.936140
0.925855
0.156752
0.539803
0.410761
0.665580
0.420978
0.543822
0.497310
0.605892
0.440122
0.241428
0.580117
0.334343
0.085175
0.678284
0.357134
0.580940
0.513706
0.755061
0.656425
0.846524
0.378007
0.322671
0.586623
0.800408
0.560212
0.244901
0.861980
0.962720
0.259868
0.631299
0.701743
0.751745
0.162222
0.676507
0.618747
0.891870
0.431738
0.924496
0.709872
0.817641
0.673602
0.079680
0.439428
0.682281
0.601717
0.093623
0.485889
0.477547
0.057141
0.907143
0.294574
0.923269
0.395315
0.773639
0.757769
0.000692
0.059843
0.240466
0.815199
0.329875
0.887862
0.940396
0.039179
0.058060
0.147093
0.023359
0.919860
0.297807
0.334077
0.127959
0.997940
0.679815
0.010500
0.899958
0.278404
0.749110
0.610274
0.468052
0.994327
0.202414
0.701509
0.601922
0.441565
0.541264
0.168853
0.229349
0.862056
0.286214
0.523919
0.163099
0.476367
0.383256
0.932657
0.478641
0.437417
0.739597
0.743277
0.544276
0.551739
0.591871
0.528465
0.899009
0.868393
0.759716
0.939638
0.522940
0.117022
0.129805
0.574296
0.681958
0.355698
0.292698
0.442520
0.944229
0.108034
0.194384
0.394412
0.761076
0.691557
0.527676
0.742905
0.639183
0.001083
0.171534
0.538810
0.474074
0.769660
0.069309
0.076968
0.495132
0.514839
0.034342
0.830687
0.028209
0.141078
0.082450
0.519762
0.310517
0.333198
0.248906
0.355786
0.900867
0.686079
0.670411
0.914379
0.182643
0.389263
0.952336
0.841716
0.532715
0.560595
0.934791
0.793181
0.011834
0.011326
0.588674
0.253260
0.365145
0.758775
0.570105
0.122496
0.759167
0.586201
0.328139
0.151375
0.436815
0.909359
0.470493
0.220704
0.117419
0.343534
0.453502
0.429013
0.385953
0.293786
0.668518
0.561993
0.246072
0.406673
0.474545
0.446060
0.805639
0.537762
0.987650
0.384062
0.681204
0.391445
0.027472
0.338653
0.468656
0.985683
0.070238
0.067892
0.459758
0.563682
0.630751
0.374768
0.976550
0.418619
0.941853
0.151252
0.395192
0.889552
0.102311
0.668448
0.894403
0.521747
0.990617
0.574904
0.307696
0.229792
0.895133
0.349178
0.408389
0.345916
0.176682
0.341524
0.597125
0.439619
0.779178
0.410885
0.987543
0.940719
0.442286
0.192182
0.350517
0.240653
0.187261
0.936678
0.444223
0.362743
0.666831
0.173751
0.948514
0.429381
0.150859
0.210915
0.169619
0.382849
0.104223
0.082935
0.876239
0.278691
0.078990
0.389323
0.171217
0.430142
0.051208
0.728664
0.154100
0.874779
0.679220
0.900862
0.858499
0.617963
0.525730
0.754391
0.482748
0.611175
0.084473
0.601684
0.311189
0.098563
0.983365
0.405405
0.843858
0.134921
0.732744
0.891960
0.021266
0.488254
0.567640
0.113558
0.914595
0.706890
0.748945
0.540564
0.825472
0.693684
0.076584
0.102869
0.238631
0.199013
0.499020
0.840482
0.939445
0.152539
0.733126
0.394271
0.650238
0.805630
0.626118
0.939540
0.667656
0.278274
0.970980
0.606317
0.970490
0.994471
0.237002
0.756443
0.495164
0.768676
0.790430
0.810979
0.485790
0.264726
0.984024
0.801311
0.867820
0.401848
0.799949
0.409707
0.178903
0.915424
0.583902
0.472831
0.036846
0.000881
0.839870
0.544746
0.111393
0.256834
0.829166
0.000808
0.881833
0.399819
0.083323
0.954235
0.753826
0.520836
0.381556
0.143346
0.633022
0.488641
0.727472
0.416942
0.426293
0.143199
0.588802
0.032051
0.889324
0.753865
0.824555
0.013534
0.346796
0.101466
0.237094
0.186605
0.272862
0.163971
0.457552
0.356075
0.088722
0.596610
0.541224
0.691702
0.473923
0.775241
0.339295
0.706018
0.521118
0.564883
0.782775
0.844798
0.322016
0.053701
0.006619
0.513254
0.546670
0.298278
0.833856
0.242302
0.869351
0.622734
0.092693
0.364824
0.162255
0.837747
0.349824
0.274743
0.292356
0.953541
0.690912
0.631735
0.545658
0.782833
0.679035
0.098152
0.704963
0.417007
0.572774
0.245830
0.019493
0.734590
0.521109
0.839325
0.734216
0.110624
0.989946
0.026026
0.609580
0.755685
0.067303
0.826794
0.934336
0.963025
0.977224
0.554217
0.707184
0.461423
0.777512
0.017283
0.809730
0.801251
0.478384
0.276022
0.740733
0.956945
0.088062
0.009094
0.380498
0.342298
0.240941
0.020039
0.586331
0.919544
0.202831
0.099309
0.855845
0.440557
0.268595
0.491632
0.335114
0.396141
0.697436
0.250857
0.081381
0.386656
0.681686
0.003279
0.498558
0.860324
0.962055
0.588437
0.995621
0.610825
0.116236
0.753372
0.059083
0.531936
0.523174
0.888972
0.369110
0.795268
0.291184
0.858846
0.471989
0.420917
0.017867
0.972678
0.606397
0.145146
0.091205
0.084391
0.683482
0.721079
0.046454
0.685039
0.366702
0.406636
0.449009
0.541994
0.771695
0.159387
0.300201
0.287884
0.203430
0.153168
0.466301
0.059400
0.621310
0.010793
0.250419
0.549457
0.335786
0.887272
0.586610
0.184627
0.814868
0.186910
0.293717
0.638800
0.047586
0.625635
0.225948
0.905966
0.665040
0.098833
0.575287
0.088935
0.058921
0.848779
0.078815
0.122958
0.022120
0.880114
0.758021
0.596278
0.535695
0.004443
0.347309
0.703654
0.169679
0.035423
0.769897
0.270394
0.190126
0.155064
0.390147
0.606994
0.768824
0.653666
0.045479
0.138613
0.182144
0.854930
0.756152
0.036474
0.427661
0.991294
0.979508
0.244239
0.257195
0.931384
0.253319
0.922309
0.057584
0.492322
0.231477
0.554984
0.750316
0.527120
0.609801
0.204099
0.731664
0.166042
0.159722
0.119956
0.749403
0.536963
0.407230
0.404581
0.282924
0.691648
0.021957
0.478957
0.842463
0.442633
0.309515
0.847333
0.371452
0.661026
0.656348
0.237013
0.474197
0.512884
0.171817
0.577361
0.209304
0.006645
0.153081
0.970021
0.006612
0.393994
0.394648
0.593301
0.560831
0.891026
0.541078
0.224028
0.116458
0.266985
0.887099
0.393537
0.033540
0.157489
0.747868
0.311135
0.169083
0.993041
0.220921
0.075806
0.040811
0.858866
0.042796
0.889175
0.683936
0.007469
0.993771
0.310967
0.152734
0.391609
0.844642
0.940235
0.951236
0.155170
0.075159
0.436353
0.855074
0.367245
0.164374
0.734800
0.272446
0.186951
0.282673
0.682749
0.008798
0.551312
0.062141
0.683693
0.179016
0.256118
0.128839
0.161281
0.543834
0.991975
0.324801
0.639205
0.334422
0.468668
0.590490
0.692594
0.130678
0.846191
0.116121
0.209681
0.643915
0.348018
0.382780
0.860496
0.752189
0.390851
0.366484
0.998585
0.134422
0.976554
0.969029
0.815778
0.245357
0.279515
0.652312
0.369412
0.923920
0.571433
0.505330
0.093257
0.999057
0.022376
0.017563
0.372070
0.825174
0.340912
0.105400
0.243312
0.463973
0.999997
0.056751
0.844231
0.823056
0.650097
0.216393
0.096481
0.102790
0.098547
0.649090
0.422855
0.327768
0.801401
0.520469
0.799515
0.217544
0.023025
0.085010
0.266522
0.738117
0.105072
0.619632
0.021061
0.509552
0.345945
0.916915
0.698372
0.949571
0.379052
0.822908
0.434365
0.153162
0.535951
0.395136
0.732397
0.011174
0.575049
0.635202
0.031631
0.520574
0.899315
0.128113
0.542493
0.923474
0.879028
0.046187
0.519556
0.378822
0.711029
0.832537
0.374140
0.076453
0.379508
0.435349
0.875275
0.164356
0.901884
0.921808
0.182708
0.802053
0.235860
0.845867
0.430285
0.160898
0.750858
0.298258
0.410374
0.960183
0.211455
0.535221
0.274634
0.209927
0.136618
0.604235
0.785267
0.390249
0.462868
0.084518
0.042295
0.355614
0.600158
0.795542
0.841917
0.442001
0.596453
0.941234
0.250882
0.567252
0.762647
0.227878
0.021249
0.650153
0.217485
0.081624
0.324968
0.392176
0.528229
0.492818
0.711301
0.936514
0.504671
0.509344
0.232047
0.070873
0.981070
0.004527
0.436518
0.511488
0.744208
0.555798
0.303737
0.293457
0.959157
0.821794
0.593913
0.903607
0.252668
0.415556
0.302134
0.392891
0.954356
0.392116
0.668548
0.271389
0.706890
0.036673
0.122286
0.355291
0.248975
0.825488
0.738743
0.346090
0.581624
0.391023
0.696528
0.581368
0.053576
0.945156
0.303075
0.017072
0.172098
0.273798
0.685027
0.855511
0.859009
0.721038
0.026685
0.703285
0.548748
0.124075
0.399141
0.470256
0.257663
0.768631
0.913553
0.254984
0.755248
0.919889
0.110286
0.913792
0.124616
0.392139
0.664386
0.199136
0.618576
0.981526
0.446776
0.956937
0.278936
0.165194
0.576378
0.680025
0.691240
0.515770
0.974704
0.373408
0.568541
0.275954
0.281592
0.453448
0.090873
0.951598
0.296171
0.893472
0.739096
0.815497
0.904848
0.768443
0.341314
0.554368
0.079299
0.326000
0.458112
0.859336
0.849961
0.914837
0.751867
0.460802
0.359197
0.087656
0.469923
0.581519
0.394830
0.627997
0.397838
0.151076
0.217664
0.650438
0.055485
0.749207
0.591328
0.423991
0.385528
0.467137
0.561675
0.659962
0.762874
0.772709
0.625107
0.288963
0.798760
0.597856
0.176772
0.686876
0.760166
0.031940
0.793373
0.965840
0.531613
0.981925
0.531285
0.752479
0.141828
0.464814
0.355360
0.369609
0.113422
0.828410
0.950852
0.917094
0.093020
0.386587
0.200665
0.419212
0.627193
0.922655
0.770029
0.085937
0.983175
0.211219
0.314774
0.799695
0.911483
0.571766
0.643665
0.741460
0.446185
0.999997
0.126128
0.862595
0.418384
0.949147
0.916725
0.610901
0.057473
0.236649
0.224211
0.035629
0.376638
0.721622
0.325666
0.438942
0.471777
0.416253
0.361417
0.744575
0.279001
0.685412
0.954995
0.249244
0.816896
0.953075
0.344952
0.950843
0.176880
0.198797
0.718450
0.285242
0.037577
0.532515
0.072575
0.977550
0.822846
0.479531
0.972215
0.471977
0.002691
0.387667
0.096940
0.334999
0.353007
0.334127
0.617080
0.276853
0.817311
0.044053
0.901623
0.763326
0.946363
0.603899
0.824901
0.709545
0.896859
0.862646
0.039522
0.685614
0.737093
0.549148
0.850629
0.505427
0.096344
0.715358
0.139358
0.709173
0.188368
0.548189
0.815998
0.340671
0.292280
0.016860
0.257643
0.725700
0.162654
0.861916
0.619492
0.699565
0.513047
0.944961
0.868951
0.542942
0.043567
0.807368
0.239536
0.755847
0.005504
0.008951
0.946469
0.831005
0.478217
0.495311
0.653903
0.339800
0.511374
0.171200
0.087768
0.485837
0.616607
0.317108
0.398127
0.741564
0.506422
0.491939
0.487397
0.300465
0.126007
0.615151
0.429281
0.748596
0.228687
0.750584
0.748319
0.091432
0.753339
0.438955
0.448772
0.931377
0.989039
0.699072
0.058436
0.153437
0.797488
0.975481
0.168861
0.776498
0.518032
0.523598
0.136306
0.109535
0.536054
0.147568
0.182438
0.819893
0.957569
0.730795
0.571915
0.887335
0.427457
0.998364
0.114093
0.455495
0.554099
0.032783
0.753733
0.683477
0.779377
0.822402
0.592893
0.585790
0.152065
0.882664
0.482492
0.379233
0.538427
0.565534
0.293266
0.740699
0.222083
0.107952
0.625058
0.939443
0.913553
0.796159
0.840243
0.719937
0.387805
0.604062
0.758431
0.865057
0.697000
0.549240
0.768836
0.211446
0.238657
0.283372
0.694343
0.776413
0.391851
0.562363
0.964658
0.204735
0.632664
0.427560
0.059121
0.679938
0.593965
0.859624
0.093916
0.352891
0.704281
0.261756
0.731374
0.415329
0.508784
0.294389
0.455749
0.740753
0.396667
0.958760
0.911794
0.193329
0.009834
0.536002
0.458403
0.789208
0.536067
0.389922
0.914728
0.016064
0.265879
0.078310
0.533066
0.266758
0.257965
0.766471
0.430428
0.122484
0.677526
0.159352
0.755218
0.589484
0.980416
0.860944
0.009746
0.420802
0.671720
0.011883
0.743185
0.769246
0.099442
0.763050
0.869783
0.157883
0.803934
0.613388
0.547106
0.517398
0.154647
0.107654
0.809383
0.832411
0.612960
0.072036
0.228853
0.127543
0.380168
0.414774
0.057564
0.584201
0.762083
0.971543
0.664490
0.590628
0.058301
0.329396
0.255914
0.986408
0.183051
0.403184
0.775659
0.490592
0.515930
0.872062
0.497646
0.330420
0.215593
0.037214
0.914833
0.107123
0.313089
0.027422
0.411439
0.125110
0.105383
0.428741
0.491701
0.431507
0.193043
0.859403
0.687372
0.632666
0.687187
0.814610
0.133974
0.901238
0.401445
0.532144
0.195194
0.832566
0.637575
0.938138
0.725722
0.875997
0.189676
0.914835
0.941849
0.243379
0.332931
0.937544
0.559923
0.630956
0.401677
0.539799
0.555595
0.538854
0.093609
0.051725
0.579168
0.550737
0.028898
0.318820
0.768249
0.870399
0.433959
0.833517
0.259566
0.787182
0.870148
0.320657
0.495019
0.252354
0.870560
0.715877
0.117662
0.447806
0.537673
0.802341
0.583052
0.279561
0.867371
0.150439
0.088760
0.154248
0.748988
0.295249
0.115269
0.828572
0.616608
0.130661
0.137335
0.551260
0.136014
0.874097
0.315227
0.244407
0.568051
0.723326
0.416277
0.056730
0.688789
0.782904
0.601698
0.834129
0.927074
0.262400
0.091508
0.821950
0.430527
0.356604
0.188298
0.276585
0.743091
0.108315
0.592083
0.518792
0.994044
0.660394
0.813969
0.814481
0.705182
0.343477
0.533174
0.186673
0.436548
0.471076
0.724276
0.820561
0.350580
0.461351
0.890398
0.957159
0.890544
0.145500
0.901400
0.524001
0.074282
0.011738
0.178760
0.027744
0.503102
0.560912
0.762424
0.346197
0.104435
0.288881
0.408022
0.778826
0.563953
0.670379
0.110887
0.426975
0.478240
0.491815
0.448634
0.419103
0.764905
0.293634
0.035819
0.522831
0.017027
0.347897
0.148393
0.004570
0.168786
0.559546
0.705350
0.528146
0.356716
0.970725
0.089829
0.105019
0.695620
0.931129
0.598689
0.408417
0.241299
0.722681
0.271841
0.789385
0.756999
0.977328
0.660699
0.341362
0.532056
0.070098
0.236444
0.967519
0.086584
0.008033
0.147476
0.337349
0.724106
0.855591
0.242508
0.460914
0.825419
0.359635
0.559249
0.554959
0.194508
0.067351
0.013205
0.478607
0.525242
0.508093
0.028622
0.940534
0.932487
0.059224
0.352411
0.446987
0.931218
0.294888
0.847599
0.702440
0.122485
0.268183
0.537638
0.383386
0.197483
0.378372
0.476014
0.481331
0.664600
0.787315
0.853099
0.213350
0.574678
0.568946
0.376907
0.897061
0.524596
0.682713
0.926338
0.610166
0.588112
0.971112
0.371088
0.440940
0.707028
0.691706
0.675396
0.082676
0.298429
0.838880
0.893544
0.438922
0.640156
0.907611
0.660795
0.153658
0.403679
0.753127
0.568530
0.036831
0.850172
0.242727
0.467678
0.555961
0.702407
0.150435
0.898103
0.853137
0.984900
0.866568
0.418241
0.427345
0.791868
0.372550
0.580573
0.107815
0.523471
0.440338
0.433161
0.507395
0.823742
0.264030
0.040716
0.667702
0.878625
0.811448
0.223002
0.331122
0.681681
0.922786
0.162837
0.549344
0.062135
0.893376
0.196677
0.373798
0.080790
0.504121
0.970657
0.989630
0.641461
0.736463
0.523806
0.030302
0.818626
0.993514
0.094688
0.232644
0.367143
0.294248
0.681392
0.209715
0.730533
0.596803
0.308205
0.687966
0.595509
0.107721
0.552531
0.192082
0.819138
0.848579
0.197085
0.091254
0.470198
0.066412
0.725938
0.229277
0.538567
0.710460
0.156719
0.742267
0.758554
0.560477
0.069848
0.175557
0.318432
0.820625
0.380889
0.808592
0.265376
0.711995
0.922444
0.205897
0.110887
0.664329
0.322915
0.065142
0.866574
0.966450
0.353240
0.421385
0.036032
0.762301
0.268587
0.290120
0.419179
0.136889
0.905908
0.850921
0.086706
0.019818
0.163288
0.857441
0.111766
0.023539
0.032858
0.037189
0.333178
0.143893
0.682421
0.853712
0.220708
0.980668
0.075402
0.042307
0.141507
0.519415
0.724681
0.304702
0.732803
0.270272
0.130685
0.324794
0.586329
0.137227
0.041872
0.821816
0.883686
0.728666
0.477566
0.524440
0.499556
0.088037
0.596934
0.173427
0.344047
0.177357
0.408481
0.745387
0.450995
0.775676
0.463479
0.949002
0.562042
0.133577
0.332862
0.450169
0.405099
0.361663
0.645611
0.615801
0.640429
0.718654
0.879964
0.568704
0.840099
0.030127
0.105956
0.868500
0.090769
0.223891
0.435061
0.886159
0.751454
0.458093
0.542754
0.241443
0.864725
0.573926
0.092714
0.202330
0.191106
0.390742
0.053582
0.491302
0.213789
0.926544
0.404428
0.152663
0.817219
0.454675
0.763645
0.264764
0.173935
0.865710
0.535261
0.947203
0.346114
0.294365
0.780824
0.041443
0.810534
0.081093
0.525072
0.618787
0.808816
0.787850
0.467536
0.286562
0.791494
0.082642
0.274816
0.675426
0.119155
0.487414
0.991173
0.161039
0.382963
0.372785
0.646935
0.324367
0.658590
0.539351
0.430326
0.018412
0.582027
0.591602
0.681129
0.676471
0.374901
0.164099
0.373145
0.268687
0.814735
0.461854
0.382886
0.549531
0.277682
0.323904
0.947144
0.008462
0.435368
0.890998
0.841939
0.667877
0.193002
0.469821
0.566437
0.104812
0.164259
0.336382
0.581385
0.203046
0.212891
0.243281
0.372806
0.177236
0.596570
0.507544
0.025475
0.716528
0.442277
0.709576
0.381190
0.147559
0.003330
0.666086
0.805194
0.650555
0.406746
0.121526
0.718128
0.722015
0.828606
0.188883
0.295487
0.566608
0.838981
0.351234
0.063334
0.332824
0.563091
0.684356
0.296600
0.353777
0.510012
0.986235
0.470051
0.698414
0.044500
0.794385
0.134275
0.620329
0.313345
0.663511
0.148983
0.262019
0.699006
0.875897
0.659608
0.441782
0.945838
0.510694
0.553545
0.337732
0.795599
0.036471
0.679177
0.567522
0.258640
0.578497
0.200851
0.831157
0.436602
0.497325
0.239600
0.085425
0.674777
0.881745
0.103279
0.908673
0.752696
0.974806
0.927999
0.410190
0.986957
0.118571
0.469656
0.964861
0.609669
0.708045
0.930893
0.296036
0.359888
0.308220
0.463001
0.682040
0.066738
0.915704
0.018835
0.378109
0.465936
0.477556
0.273478
0.888886
0.852644
0.838767
0.892696
0.519459
0.381141
0.134773
0.580614
0.306986
0.245829
0.119093
0.439766
0.981576
0.160655
0.595948
0.638040
0.124747
0.958912
0.074999
0.403919
0.146534
0.898351
0.275974
0.716914
0.657413
0.935242
0.465370
0.773898
0.197398
0.554907
0.820076
0.490895
0.140045
0.366721
0.582864
0.837302
0.811114
0.911847
0.435487
0.135952
0.957128
0.737175
0.984513
0.335203
0.534215
0.676071
0.985023
0.452459
0.338093
0.284445
0.854580
0.483338
0.096718
0.020105
0.325198
0.194994
0.742335
0.956953
0.899770
0.800644
0.473247
0.697811
0.011159
0.016888
0.820428
0.716909
0.800951
0.704464
0.022897
0.323559
0.849118
0.002053
0.970062
0.912399
0.588283
0.694037
0.530566
0.444803
0.854129
0.665751
0.105800
0.404493
0.868207
0.649968
0.432432
0.673812
0.966915
0.558942
0.331119
0.193106
0.610987
0.327137
0.936980
0.373732
0.398144
0.207472
0.739245
0.436737
0.206550
0.512112
0.150431
0.217460
0.701917
0.057849
0.576175
0.006304
0.714128
0.553396
0.681629
0.354752
0.632403
0.385507
0.474819
0.052166
0.667728
0.053906
0.536440
0.933757
0.508430
0.749367
0.413559
0.496065
0.454741
0.439887
0.415375
0.327655
0.200516
0.548238
0.465605
0.886045
0.159005
0.889029
0.800650
0.615325
0.963207
0.549975
0.287358
0.672553
0.852438
0.712833
0.460099
0.656938
0.162738
0.923527
0.644568
0.677798
0.630851
0.744354
0.205294
0.491148
0.495929
0.306923
0.094435
0.338030
0.219843
0.582238
0.919980
0.760014
0.560896
0.790925
0.229864
0.199799
0.725706
0.685538
0.022337
0.441050
0.623522
0.388505
0.648929
0.146361
0.074019
0.301069
0.640860
0.332772
0.125818
0.594494
0.038194
0.919253
0.865162
0.036167
0.868538
0.500886
0.903168
0.017665
0.452857
0.682706
0.781238
0.564466
0.513787
0.246702
0.217131
0.789201
0.039796
0.654890
0.302905
0.470904
0.788998
0.107663
0.568848
0.516929
0.081397
0.200147
0.337429
0.604451
0.368828
0.941813
0.835261
0.963873
0.338668
0.240197
0.420749
0.513118
0.210262
0.283808
0.566257
0.382621
0.241449
0.399947
0.436647
0.585599
0.455245
0.889556
0.295478
0.533665
0.511621
0.954886
0.295134
0.417465
0.634092
0.709800
0.450950
0.856326
0.312073
0.392167
0.729921
0.657136
0.254133
0.449975
0.903843
0.045019
0.989740
0.236346
0.311401
0.167883
0.692993
0.384393
0.364538
0.411585
0.925386
0.723369
0.926800
0.766956
0.119611
0.197304
0.724877
0.886074
0.915875
0.932766
0.353209
0.071472
0.938591
0.321641
0.053803
0.323772
0.896527
0.108105
0.141971
0.092985
0.994652
0.538220
0.280823
0.945510
0.661722
0.109677
0.844423
0.178739
0.483943
0.483941
0.647556
0.241133
0.561267
0.250930
0.639261
0.697406
0.197658
0.196990
0.772322
0.512778
0.938118
0.171612
0.670830
0.510651
0.370898
0.900327
0.656101
0.424959
0.329880
0.895640
0.875399
0.759180
0.025873
0.891707
0.160360
0.462700
0.182122
0.810609
0.759022
0.822994
0.283580
0.669218
0.408124
0.076847
0.015836
0.988473
0.495850
0.490345
0.671711
0.275857
0.199326
0.517389
0.654490
0.043280
0.839777
0.388485
0.979096
0.294843
0.889877
0.921034
0.247950
0.591975
0.685091
0.591564
0.698118
0.969416
0.261023
0.128485
0.431126
0.348155
0.673307
0.027120
0.556564
0.556573
0.701481
0.959766
0.024543
0.936253
0.023657
0.852386
0.069038
0.253709
0.539477
0.272649
0.222114
0.665030
0.763695
0.365214
0.435550
0.860360
0.595205
0.069660
0.218236
0.744344
0.754306
0.251690
0.481098
0.754242
0.976394
0.203295
0.701915
0.768036
0.339870
0.053615
0.665014
0.771519
0.810550
0.857055
0.589954
0.718411
0.109650
0.663779
0.492582
0.185733
0.997091
0.951536
0.784333
0.274133
0.130477
0.425552
0.933849
0.178059
0.171002
0.940289
0.620744
0.823479
0.103585
0.025598
0.695816
0.983552
0.896769
0.119296
0.025830
0.298776
0.209962
0.824583
0.404120
0.283788
0.657276
0.576892
0.219998
0.755442
0.938878
0.570539
0.929033
0.395796
0.466953
0.257575
0.090800
0.520440
0.943240
0.583126
0.238087
0.380415
0.921917
0.303660
0.118665
0.730051
0.933245
0.484306
0.273819
0.360216
0.201948
0.872819
0.962382
0.165752
0.806271
0.382026
0.440104
0.097853
0.960074
0.007570
0.506066
0.479607
0.616266
0.088302
0.334250
0.240209
0.175160
0.854377
0.332411
0.176924
0.609895
0.471633
0.384499
0.581957
0.901323
0.595516
0.218885
0.094075
0.399478
0.406019
0.043781
0.244105
0.425118
0.866003
0.354104
0.573223
0.404281
0.984864
0.150519
0.798912
0.637356
0.180825
0.540945
0.093333
0.972003
0.717888
0.996021
0.101957
0.441050
0.994386
0.691072
0.768189
0.091306
0.322710
0.535433
0.915484
0.750395
0.454532
0.422351
0.867289
0.324031
0.460061
0.045443
0.324057
0.087838
0.697658
0.546246
0.354322
0.522239
0.342664
0.366896
0.454354
0.957166
0.659374
0.676604
0.370570
0.050528
0.572598
0.674171
0.115399
0.060230
0.846861
0.104324
0.616951
0.608051
0.830532
0.485662
0.673766
0.033286
0.334473
0.464271
0.708503
0.337489
0.152522
0.370889
0.770309
0.706107
0.403347
0.571317
0.789018
0.719704
0.486099
0.519732
0.370684
0.932895
0.748682
0.121814
0.001123
0.783104
0.017215
0.018010
0.121444
0.808695
0.025059
0.744802
0.808479
0.405768
0.403123
0.321052
0.056704
0.568392
0.690560
0.144162
0.661904
0.956150
0.533623
0.033166
0.367408
0.667532
0.644686
0.798466
0.090051
0.204694
0.774116
0.685825
0.205917
0.465100
0.032938
0.879625
0.977949
0.343990
0.818735
0.761129
0.353180
0.568044
0.812647
0.714538
0.573019
0.079103
0.300387
0.729562
0.023957
0.255720
0.240062
0.245745
0.628348
0.092488
0.166808
0.362254
0.127579
0.479590
0.347867
0.547709
0.056828
0.749428
0.537824
0.037944
0.937445
0.729411
0.735256
0.524673
0.527426
0.690207
0.308808
0.193535
0.351990
0.571784
0.589335
0.454115
0.586171
0.954247
0.158857
0.464595
0.753046
0.900338
0.797103
0.046674
0.129606
0.499220
0.859538
0.428372
0.884566
0.888981
0.291389
0.169004
0.397295
0.414663
0.861109
0.196860
0.185371
0.310535
0.402090
0.320340
0.082589
0.784893
0.057906
0.411135
0.614122
0.272731
0.955717
0.366655
0.687246
0.030065
0.403165
0.460687
0.202919
0.531927
0.181692
0.918120
0.865589
0.646958
0.655826
0.992632
0.367945
0.372076
0.143021
0.086161
0.217771
0.582618
0.997958
0.985698
0.391310
0.582352
0.411875
0.175753
0.799331
0.004256
0.561202
0.842558
0.467737
0.331509
0.057340
0.156660
0.515588
0.977824
0.044227
0.101547
0.282990
0.720427
0.702966
0.514192
0.564532
0.535456
0.590471
0.485035
0.257904
0.496460
0.445974
0.305606
0.180759
0.798500
0.926507
0.086656
0.352662
0.834105
0.807879
0.942630
0.115583
0.228122
0.436173
0.553324
0.680421
0.226135
0.607992
0.383688
0.564864
0.699512
0.364150
0.140432
0.127641
0.387767
0.716654
0.051202
0.626157
0.938457
0.705018
0.509813
0.720484
0.653565
0.054296
0.889975
0.830717
0.920617
0.539805
0.100047
0.612353
0.642683
0.955278
0.551969
0.853451
0.114072
0.631918
0.827362
0.297167
0.982701
0.112199
0.730883
0.155323
0.944749
0.987860
0.772876
0.976203
0.615703
0.756764
0.176777
0.057795
0.582125
0.825446
0.378113
0.923305
0.662401
0.517489
0.626350
0.320906
0.079092
0.973299
0.505700
0.204037
0.991002
0.522448
0.490577
0.364330
0.055173
0.150203
0.525856
0.208826
0.527154
0.786954
0.488337
0.824025
0.486295
0.841441
0.361751
0.158392
0.949740
0.741481
0.928812
0.203487
0.757078
0.601556
0.168025
0.031744
0.744381
0.914333
0.280641
0.909597
0.943160
0.569038
0.026699
0.252783
0.632471
0.286477
0.117449
0.216982
0.321312
0.778210
0.723454
0.951029
0.158162
0.682653
0.751305
0.633039
0.354150
0.497197
0.314682
0.685225
0.699148
0.753291
0.284267
0.766042
0.864010
0.308095
0.811951
0.185591
0.369231
0.635943
0.263524
0.120759
0.797071
0.976591
0.895462
0.931215
0.201563
0.262895
0.319983
0.928586
0.884108
0.333020
0.121809
0.233570
0.641079
0.503260
0.833259
0.895607
0.628250
0.405437
0.613802
0.945399
0.733077
0.893318
0.797811
0.622075
0.392910
0.907587
0.711327
0.956175
0.472010
0.618036
0.665615
0.410705
0.924579
0.890694
0.522170
0.271128
0.570470
0.659623
0.010050
0.238755
0.425433
0.917804
0.740463
0.700270
0.423003
0.625679
0.393789
0.820279
0.289749
0.512973
0.497847
0.007141
0.272764
0.709885
0.830302
0.930006
0.835871
0.874892
0.378676
0.783951
0.541206
0.522419
0.704194
0.499210
0.802026
0.925602
0.065539
0.330573
0.951858
0.155143
0.959894
0.426522
0.029518
0.689739
0.385084
0.419298
0.468925
0.818358
0.781343
0.573018
0.630909
0.768336
0.796600
0.025527
0.179826
0.701290
0.867122
0.031032
0.033499
0.283476
0.607013
0.896563
0.077937
0.367696
0.756088
0.470003
0.600021
0.126170
0.405930
0.216409
0.247710
0.000879
0.477888
0.170293
0.058654
0.639640
0.393036
0.603967
0.218978
0.159102
0.090817
0.257268
0.723567
0.013719
0.417677
0.255267
0.240662
0.392801
0.426345
0.643063
0.454907
0.653402
0.666595
0.207372
0.926245
0.109195
0.585182
0.272320
0.493712
0.615651
0.020809
0.462325
0.144271
0.447809
0.424124
0.450775
0.712487
0.883312
0.156301
0.063999
0.166770
0.652108
0.435983
0.311999
0.446211
0.763625
0.485659
0.168961
0.946932
0.487869
0.056755
0.847636
0.911311
0.061046
0.029007
0.694454
0.974479
0.668107
0.534766
0.390428
0.281653
0.880209
0.262549
0.262326
0.453079
0.997282
0.065856
0.996864
0.770910
0.964618
0.921739
0.887253
0.558821
0.044219
0.936764
0.827715
0.569639
0.370249
0.633560
0.180826
0.272146
0.593568
0.925707
0.369786
0.203214
0.010520
0.118598
0.760068
0.727774
0.639636
0.728139
0.728500
0.546364
0.190154
0.538574
0.059698
0.198092
0.976068
0.272779
0.774508
0.020547
0.670269
0.368696
0.851932
0.715089
0.340396
0.921352
0.280432
0.401216
0.075568
0.946649
0.475884
0.944330
0.020240
0.496830
0.650893
0.201188
0.566823
0.591260
0.070589
0.251624
0.071679
0.973637
0.379192
0.724878
0.657896
0.893849
0.991431
0.948912
0.935612
0.552153
0.018537
0.864823
0.856334
0.463953
0.069247
0.470585
0.518410
0.843169
0.183624
0.487725
0.450154
0.058606
0.444629
0.714802
0.155368
0.797573
0.214497
0.860247
0.250711
0.640549
0.376913
0.986551
0.139420
0.285532
0.270839
0.984402
0.432614
0.495712
0.688117
0.900097
0.375521
0.423778
0.307460
0.617644
0.786461
0.094020
0.356561
0.238093
0.942752
0.412675
0.158141
0.876810
0.718705
0.900035
0.223156
0.123027
0.911667
0.776599
0.825083
0.667814
0.195276
0.831152
0.815330
0.933863
0.673559
0.501747
0.035092
0.744542
0.531649
0.521052
0.929313
0.196575
0.291259
0.634803
0.181234
0.980655
0.481828
0.974774
0.840988
0.191971
0.977761
0.444012
0.920092
0.437017
0.472293
0.599301
0.838756
0.257579
0.749393
0.251019
0.939828
0.025282
0.064256
0.959694
0.188865
0.712510
0.584444
0.517430
0.753168
0.004651
0.808612
0.945826
0.654380
0.005140
0.046065
0.714381
0.802001
0.204098
0.582801
0.338439
0.293480
0.073060
0.299969
0.916502
0.686700
0.736420
0.267338
0.035733
0.460993
0.013187
0.772866
0.943472
0.953325
0.063172
0.232058
0.442891
0.729089
0.987031
0.356749
0.222973
0.585811
0.581147
0.558211
0.736927
0.828777
0.832053
0.067090
0.368178
0.157790
0.431270
0.222323
0.897912
0.693360
0.114671
0.409674
0.750983
0.500120
0.979854
0.611288
0.545151
0.258232
0.343880
0.401219
0.109044
0.735270
0.389878
0.725495
0.733051
0.838399
0.766595
0.223149
0.450265
0.618600
0.886543
0.257801
0.946389
0.665840
0.586732
0.865754
0.212708
0.309191
0.726562
0.411008
0.588431
0.523345
0.589677
0.841716
0.800984
0.969235
0.504725
0.835030
0.277754
0.359651
0.012222
0.113364
0.252038
0.961121
0.274010
0.427253
0.260907
0.312762
0.075139
0.787218
0.883799
0.875223
0.017059
0.945645
0.207940
0.704020
0.891533
0.882318
0.349528
0.179000
0.287100
0.433968
0.586587
0.295023
0.478698
0.575490
0.558758
0.929412
0.335431
0.352011
0.708336
0.422711
0.334645
0.767171
0.432583
0.735728
0.760333
0.041064
0.405811
0.544936
0.492595
0.324954
0.998721
0.461239
0.398833
0.735900
0.135895
0.239587
0.137633
0.654674
0.279264
0.384829
0.337982
0.759347
0.106683
0.804804
0.759371
0.144161
0.076142
0.520231
0.296365
0.804088
0.798856
0.306101
0.422872
0.992873
0.663089
0.009920
0.219296
0.318612
0.993253
0.208154
0.067213
0.159026
0.591085
0.100700
0.242724
0.970320
0.126400
0.614814
0.786994
0.811365
0.655495
0.614683
0.211101
0.958581
0.474431
0.620343
0.816726
0.943107
0.600273
0.181184
0.183513
0.594083
0.313351
0.348151
0.421437
0.160687
0.894542
0.290078
0.830152
0.048142
0.819740
0.920275
0.098979
0.923501
0.204563
0.278515
0.057709
0.506680
0.061007
0.861620
0.420435
0.388804
0.378463
0.045511
0.107564
0.138373
0.977995
0.297425
0.474647
0.237581
0.424144
0.065335
0.494653
0.305066
0.785188
0.750710
0.241295
0.422653
0.092646
0.140665
0.497681
0.304801
0.705005
0.388412
0.294125
0.689436
0.279843
0.300415
0.472876
0.643910
0.412609
0.200685
0.031788
0.972733
0.528644
0.304726
0.043714
0.384389
0.996382
0.827323
0.148427
0.369590
0.451997
0.370964
0.218139
0.506358
0.636663
0.568498
0.289529
0.328692
0.903811
0.979724
0.702500
0.462691
0.571572
0.534019
0.790733
0.980954
0.200493
0.958669
0.118003
0.183962
0.253705
0.896036
0.068150
0.163886
0.640151
0.474686
0.480728
0.716672
0.905171
0.814626
0.618423
0.663988
0.979576
0.091162
0.180286
0.446247
0.950942
0.803923
0.695150
0.516883
0.410978
0.667353
0.784964
0.468640
0.051656
0.098453
0.555434
0.864034
0.931013
0.590647
0.312746
0.130382
0.667013
0.965094
0.716231
0.867873
0.813984
0.640150
0.137829
0.056773
0.259588
0.885531
0.924800
0.533796
0.189204
0.681404
0.451341
0.131424
0.396351
0.107365
0.530989
0.977958
0.479295
0.387144
0.162671
0.877698
0.121411
0.229006
0.651199
0.713935
0.681845
0.267880
0.314401
0.523608
0.058434
0.244203
0.934792
0.909291
0.171129
0.478705
0.489073
0.706603
0.754924
0.826607
0.883368
0.284737
0.859719
0.145096
0.310057
0.293143
0.803001
0.582938
0.531686
0.394022
0.191630
0.320589
0.981548
0.150344
0.262520
0.545395
0.876222
0.431843
0.539229
0.153085
0.874277
0.912989
0.872346
0.309614
0.733184
0.470044
0.145490
0.394156
0.443745
0.839006
0.464299
0.954028
0.722516
0.118988
0.791247
0.037077
0.266850
0.740089
0.891763
0.199709
0.807769
0.051477
0.873933
0.614456
0.700542
0.711418
0.651130
0.186739
0.273904
0.610732
0.289311
0.275157
0.602653
0.965512
0.209254
0.753944
0.195968
0.851887
0.116677
0.692884
0.710337
0.500043
0.853769
0.213275
0.341236
0.838151
0.444819
0.885102
0.645562
0.597981
0.655585
0.308392
0.055827
0.828184
0.210442
0.141137
0.109900
0.270767
0.874127
0.338986
0.013924
0.150445
0.830600
0.972133
0.642333
0.711263
0.845779
0.318109
0.753643
0.063188
0.882627
0.303182
0.344128
0.623003
0.074771
0.509303
0.688246
0.745449
0.296833
0.529286
0.223808
0.935875
0.893155
0.763512
0.764784
0.754825
0.948724
0.551962
0.283039
0.905616
0.672764
0.742818
0.144404
0.821998
0.992523
0.252125
0.150789
0.925591
0.156989
0.378714
0.199458
0.729908
0.472077
0.537549
0.978355
0.554126
0.033925
0.767180
0.762201
0.247132
0.408360
0.879523
0.431918
0.279201
0.394903
0.151035
0.668255
0.650499
0.694575
0.123479
0.962018
0.404647
0.213621
0.682030
0.715171
0.281095
0.730480
0.322217
0.090908
0.148006
0.441073
0.290920
0.952323
0.830796
0.796875
0.397961
0.238976
0.590052
0.740162
0.223197
0.733003
0.653106
0.709294
0.590867
0.610479
0.509511
0.281348
0.621464
0.693006
0.332528
0.296748
0.896710
0.876595
0.373811
0.386916
0.952365
0.772113
0.030869
0.727000
0.035335
0.830323
0.837781
0.146370
0.086779
0.065808
0.756816
0.644138
0.924101
0.843027
0.026984
0.429213
0.446440
0.684198
0.676783
0.497342
0.156890
0.826465
0.650945
0.993797
0.828412
0.653500
0.900483
0.321536
0.609368
0.496887
0.603843
0.632159
0.310826
0.722622
0.833837
0.581241
0.005085
0.049342
0.166285
0.500722
0.029036
0.483243
0.194772
0.508252
0.084571
0.880577
0.221568
0.965429
0.590836
0.476474
0.134142
0.651864
0.920996
0.747961
0.043422
0.437372
0.472635
0.942545
0.594433
0.117192
0.921047
0.719612
0.199513
0.791149
0.905456
0.572142
0.073078
0.192746
0.138560
0.457469
0.946026
0.043191
0.520399
0.038909
0.335173
0.762717
0.711061
0.780272
0.163495
0.020953
0.377670
0.232251
0.342021
0.062550
0.505722
0.077484
0.402546
0.776396
0.951542
0.968024
0.727406
0.968198
0.431382
0.987940
0.970579
0.488313
0.185587
0.531801
0.562625
0.110049
0.337116
0.818525
0.196420
0.558103
0.868280
0.705317
0.904301
0.671836
0.975493
0.458472
0.059825
0.532230
0.308561
0.941359
0.715615
0.772947
0.159990
0.043895
0.266228
0.382114
0.614164
0.085735
0.192074
0.839372
0.991172
0.344922
0.584471
0.538390
0.792552
0.497138
0.307078
0.344114
0.865111
0.784350
0.846271
0.911452
0.405005
0.586589
0.520506
0.742244
0.910132
0.151990
0.431019
0.933865
0.608917
0.687816
0.065200
0.338828
0.524338
0.452905
0.328030
0.432759
0.121601
0.778307
0.041655
0.209824
0.806479
0.920523
0.980687
0.881463
0.930877
0.897932
0.710437
0.146634
0.886622
0.037115
0.072979
0.289628
0.463488
0.157931
0.874719
0.914289
0.470665
0.434414
0.218705
0.669820
0.401855
0.997702
0.092074
0.901397
0.314116
0.796178
0.157228
0.665968
0.412932
0.830223
0.645036
0.496755
0.835691
0.352247
0.546912
0.545324
0.719927
0.419113
0.734152
0.253156
0.670129
0.240210
0.778455
0.340510
0.708380
0.251195
0.235177
0.093245
0.642250
0.916029
0.405144
0.481962
0.612585
0.808115
0.583720
0.475354
0.420652
0.919020
0.805596
0.783529
0.526596
0.998932
0.666107
0.569094
0.979553
0.639352
0.556851
0.135197
0.026037
0.092776
0.504393
0.091066
0.961156
0.297744
0.701769
0.716886
0.322685
0.286538
0.776377
0.520381
0.088534
0.127331
0.644437
0.975949
0.103274
0.557233
0.808178
0.951786
0.930390
0.746672
0.800898
0.008485
0.527243
0.682053
0.117326
0.850987
0.564173
0.930662
0.369785
0.350793
0.275098
0.261285
0.868536
0.452402
0.022900
0.422622
0.668502
0.522227
0.549839
0.250179
0.232244
0.483865
0.843639
0.086137
0.405427
0.964457
0.538365
0.895467
0.607651
0.315915
0.561987
0.569189
0.027117
0.294575
0.788049
0.080674
0.737491
0.515124
0.616988
0.745973
0.891843
0.030713
0.745619
0.911468
0.400874
0.131527
0.844812
0.513231
0.476829
0.158798
0.091267
0.918238
0.373512
0.869515
0.547116
0.048284
0.126341
0.087762
0.480377
0.517701
0.691313
0.579680
0.021389
0.384917
0.991381
0.688017
0.878506
0.358750
0.943739
0.265912
0.435705
0.131052
0.798999
0.224197
0.842255
0.879913
0.357535
0.027631
0.019156
0.338703
0.920314
0.078118
0.859405
0.826686
0.809335
0.051393
0.721868
0.941929
0.881135
0.211653
0.216166
0.616634
0.627348
0.929174
0.774872
0.802558
0.977629
0.341644
0.807675
0.298583
0.107758
0.212492
0.950211
0.246228
0.021774
0.790213
0.849808
0.429350
0.080636
0.212087
0.785533
0.032792
0.447423
0.933760
0.586184
0.487367
0.613108
0.622245
0.595044
0.985433
0.057569
0.102697
0.813658
0.457209
0.034206
0.586912
0.740049
0.001839
0.586978
0.681371
0.372912
0.952409
0.906225
0.331597
0.377445
0.888579
0.991671
0.023891
0.667691
0.696132
0.351637
0.460645
0.743377
0.396323
0.957763
0.636499
0.786995
0.350138
0.272511
0.463783
0.961901
0.988847
0.546990
0.880845
0.909047
0.572145
0.471069
0.888951
0.394852
0.252763
0.164823
0.225013
0.364062
0.790070
0.495450
0.020260
0.669248
0.447712
0.149326
0.810303
0.024861
0.508808
0.193930
0.750474
0.732415
0.508253
0.235029
0.811796
0.580112
0.011082
0.463770
0.656807
0.592629
0.838991
0.945846
0.749383
0.724470
0.078552
0.527548
0.076854
0.804474
0.493464
0.614644
0.553450
0.373117
0.842782
0.260255
0.238356
0.253177
0.795137
0.214366
0.805583
0.675229
0.077790
0.624633
0.222042
0.381100
0.145315
0.516682
0.159636
0.861593
0.166824
0.150136
0.731179
0.682157
0.668119
0.268908
0.502222
0.816141
0.615643
0.612589
0.304492
0.066290
0.466647
0.098539
0.934129
0.709351
0.092996
0.637060
0.740998
0.566282
0.607234
0.717004
0.145393
0.073528
0.056112
0.855617
0.105848
0.823011
0.510259
0.700335
0.216702
0.335641
0.814944
0.504586
0.755635
0.842912
0.206191
0.674216
0.308539
0.052959
0.403550
0.942604
0.359695
0.672738
0.914628
0.124475
0.096911
0.919917
0.360358
0.511191
0.900771
0.881866
0.621816
0.291337
0.180732
0.031656
0.471284
0.443736
0.113989
0.081221
0.768687
0.686861
0.020894
0.900437
0.200478
0.156740
0.767439
0.140561
0.816723
0.699744
0.274757
0.325588
0.923214
0.228820
0.600744
0.292174
0.332966
0.520254
0.662265
0.415915
0.933755
0.688408
0.619810
0.929199
0.328281
0.230372
0.741091
0.855488
0.028243
0.890288
0.796577
0.620636
0.894483
0.360227
0.178198
0.889448
0.008512
0.263998
0.041890
0.672716
0.716244
0.511780
0.283872
0.485995
0.717388
0.563838
0.607708
0.467693
0.782687
0.794204
0.721804
0.703931
0.199457
0.940650
0.831721
0.806213
0.591363
0.802768
0.424949
0.462151
0.283393
0.189692
0.362997
0.568301
0.323833
0.704035
0.831886
0.668191
0.302874
0.906892
0.701659
0.190602
0.877342
0.665031
0.612115
0.017467
0.812722
0.007428
0.048626
0.733919
0.261104
0.382581
0.071164
0.723040
0.015358
0.126002
0.093351
0.685154
0.708475
0.831297
0.417609
0.977776
0.189740
0.827378
0.468009
0.101673
0.917842
0.554787
0.034075
0.086481
0.710919
0.308665
0.165982
0.263705
0.115301
0.874440
0.822975
0.935095
0.262949
0.371524
0.260529
0.651768
0.131228
0.283695
0.595228
0.787281
0.581306
0.882875
0.766397
0.811212
0.400642
0.033020
0.336391
0.315713
0.513120
0.726903
0.462694
0.504869
0.733745
0.491876
0.019618
0.286131
0.354404
0.379061
0.939691
0.487383
0.858335
0.298727
0.438544
0.416721
0.313154
0.704451
0.045307
0.261172
0.109779
0.578754
0.305690
0.633602
0.555526
0.398409
0.288858
0.294115
0.237035
0.621191
0.603153
0.235214
0.619525
0.646284
0.610244
0.392875
0.104705
0.364279
0.882344
0.364137
0.026464
0.082336
0.242091
0.233439
0.101413
0.835643
0.888227
0.664361
0.685151
0.974366
0.180426
0.451780
0.313782
0.339427
0.530973
0.075270
0.167137
0.751097
0.036334
0.192697
0.993094
0.668868
0.844165
0.380591
0.133520
0.523544
0.766596
0.603730
0.528220
0.953989
0.153641
0.391319
0.114671
0.129489
0.975675
0.443679
0.043686
0.928951
0.234777
0.496090
0.483943
0.451914
0.144476
0.751620
0.865761
0.422125
0.758476
0.760750
0.824769
0.327620
0.273168
0.392426
0.442242
0.734254
0.817327
0.800837
0.967749
0.271485
0.025909
0.258674
0.863103
0.276146
0.783383
0.286441
0.770199
0.494711
0.534693
0.966423
0.909492
0.387118
0.177690
0.168403
0.225282
0.292113
0.557577
0.033735
0.557531
0.648996
0.629175
0.538061
0.721262
0.813908
0.693429
0.775907
0.081200
0.247746
0.366722
0.449718
0.223543
0.521675
0.830885
0.490267
0.335076
0.015902
0.023199
0.045789
0.823070
0.256054
0.953554
0.935993
0.452974
0.713731
0.833929
0.929038
0.484316
0.815446
0.836616
0.640789
0.072575
0.875653
0.584568
0.924584
0.934474
0.260416
0.051744
0.186356
0.288892
0.160714
0.904529
0.166329
0.462619
0.817655
0.047932
0.338479
0.850942
0.601997
0.712087
0.828228
0.943508
0.260313
0.895082
0.695168
0.646274
0.449626
0.796007
0.800273
0.665338
0.988180
0.565338
0.427635
0.267023
0.445601
0.665959
0.182359
0.524166
0.721622
0.383967
0.684033
0.418942
0.355989
0.920258
0.636133
0.849868
0.757364
0.507177
0.314744
0.121361
0.417057
0.464375
0.395721
0.549374
0.112137
0.978605
0.760607
0.051332
0.026743
0.967397
0.092687
0.392622
0.601900
0.079276
0.221856
0.009219
0.531400
0.966083
0.498834
0.124994
0.969739
0.317698
0.595656
0.325767
0.320073
0.017351
0.832447
0.667241
0.584783
0.507314
0.133987
0.092213
0.644606
0.260017
0.409320
0.959702
0.987351
0.947897
0.331242
0.375275
0.633694
0.675303
0.149393
0.022356
0.652263
0.765523
0.202278
0.077883
0.862537
0.233089
0.773091
0.535589
0.782649
0.972642
0.856775
0.824263
0.577073
0.977109
0.438419
0.698734
0.730800
0.785302
0.114616
0.184560
0.252805
0.937242
0.080624
0.294325
0.770495
0.178957
0.839639
0.709403
0.593053
0.560758
0.820740
0.775670
0.416969
0.577350
0.695446
0.618869
0.340020
0.126848
0.507541
0.803730
0.306057
0.950813
0.147116
0.583086
0.384345
0.349976
0.749454
0.986452
0.803289
0.450903
0.746486
0.843201
0.614899
0.087545
0.678708
0.619598
0.016591
0.027639
0.046326
0.951760
0.750363
0.746080
0.169483
0.992753
0.732954
0.263671
0.890070
0.660518
0.037690
0.627619
0.305082
0.307614
0.989857
0.916583
0.318898
0.951525
0.189863
0.074155
0.556126
0.457784
0.526414
0.386070
0.926829
0.893814
0.266395
0.853012
0.392516
0.840212
0.237120
0.517116
0.177095
0.913309
0.374861
0.779665
0.906419
0.008067
0.972800
0.813344
0.969442
0.187595
0.090252
0.097052
0.471736
0.333217
0.598729
0.266569
0.618114
0.219972
0.351301
0.621579
0.507545
0.923657
0.129143
0.609168
0.364157
0.208702
0.298948
0.126006
0.048729
0.837106
0.010222
0.865199
0.603268
0.607695
0.071927
0.858119
0.056495
0.146659
0.220362
0.614323
0.161822
0.273835
0.677121
0.491537
0.224740
0.647752
0.796941
0.389376
0.198785
0.813977
0.616846
0.171214
0.455204
0.947895
0.682992
0.104050
0.650127
0.181124
0.890970
0.651180
0.185100
0.351466
0.415113
0.351489
0.564930
0.224604
0.207242
0.825749
0.355386
0.341553
0.145617
0.827652
0.208787
0.773069
0.638413
0.227897
0.006120
0.569214
0.807378
0.015165
0.430177
0.921911
0.867710
0.309720
0.277283
0.087664
0.888978
0.613970
0.499381
0.508226
0.474961
0.529845
0.979250
0.114821
0.290721
0.024382
0.437139
0.286713
0.342677
0.451376
0.876539
0.872255
0.078728
0.476297
0.751560
0.068950
0.114085
0.201419
0.401728
0.032028
0.644789
0.155087
0.496992
0.056210
0.622382
0.759441
0.683433
0.005016
0.813796
0.900341
0.657355
0.782563
0.041554
0.626677
0.532947
0.725237
0.818545
0.747909
0.039095
0.490240
0.183888
0.482515
0.388682
0.724334
0.783333
0.748830
0.135292
0.383275
0.887888
0.456241
0.165745
0.148784
0.423251
0.130542
0.792529
0.048216
0.802581
0.633749
0.500022
0.949523
0.075213
0.966340
0.976046
0.392213
0.080279
0.378766
0.011842
0.769598
0.929724
0.088427
0.486286
0.729077
0.539642
0.976879
0.943812
0.070109
0.429044
0.017955
0.131329
0.142895
0.754471
0.008070
0.850654
0.768068
0.237852
0.192290
0.604805
0.976618
0.260942
0.719727
0.935851
0.112005
0.976679
0.745348
0.157765
0.229491
0.657050
0.507017
0.140677
0.691986
0.036331
0.541153
0.085597
0.802527
0.792851
0.411242
0.195646
0.370422
0.263172
0.073870
0.077436
0.905223
0.518625
0.319252
0.542689
0.528387
0.120593
0.229406
0.595654
0.529480
0.570407
0.288199
0.328341
0.349357
0.091164
0.754247
0.666845
0.708245
0.128364
0.129881
0.553965
0.908149
0.586889
0.596534
0.773389
0.306633
0.383332
0.067632
0.948534
0.597510
0.481667
0.072484
0.935996
0.342334
0.090348
0.926181
0.202741
0.908185
0.570509
0.068081
0.572791
0.299864
0.575349
0.931100
0.870185
0.780462
0.794203
0.211550
0.309322
0.589761
0.992227
0.779445
0.502134
0.666070
0.946093
0.146471
0.596550
0.209094
0.802283
0.196881
0.436854
0.078968
0.799280
0.698469
0.770174
0.783659
0.466626
0.719053
0.112742
0.771959
0.158009
0.860255
0.054842
0.515047
0.204404
0.926190
0.816472
0.753203
0.246168
0.120378
0.980588
0.117251
0.375792
0.819855
0.413144
0.152622
0.098767
0.730383
0.736511
0.607781
0.598480
0.459508
0.834868
0.462806
0.218939
0.043164
0.138054
0.233550
0.999854
0.083064
0.927513
0.912461
0.703434
0.062111
0.129353
0.699335
0.045024
0.629118
0.672279
0.682568
0.323755
0.816280
0.081006
0.958935
0.659717
0.768086
0.809568
0.346326
0.678026
0.121110
0.576233
0.172847
0.896184
0.143952
0.497046
0.303601
0.500348
0.697311
0.904741
0.449774
0.153439
0.437372
0.832081
0.089002
0.529834
0.502397
0.103750
0.770466
0.179755
0.392821
0.860730
0.259845
0.000692
0.479903
0.099501
0.459724
0.739246
0.017059
0.081150
0.116190
0.817666
0.750665
0.310160
0.772427
0.924783
0.662148
0.428859
0.769740
0.827803
0.558646
0.972431
0.324765
0.142972
0.562833
0.304470
0.061839
0.289964
0.040604
0.449288
0.069608
0.784225
0.514273
0.371526
0.532919
0.677665
0.114494
0.865117
0.701489
0.422003
0.461094
0.612818
0.066658
0.328768
0.475830
0.597144
0.781934
0.060136
0.822444
0.488050
0.971761
0.177227
0.854330
0.428455
0.499916
0.465650
0.400187
0.983953
0.122669
0.867499
0.314979
0.537953
0.824954
0.986855
0.708574
0.889942
0.357651
0.961459
0.488257
0.966536
0.871928
0.462509
0.523715
0.768181
0.628635
0.700522
0.183595
0.756337
0.576949
0.877648
0.379864
0.816358
0.411783
0.882421
0.878220
0.611288
0.282632
0.315264
0.636998
0.144775
0.621204
0.852467
0.080384
0.672341
0.548907
0.490290
0.610386
0.906295
0.720362
0.393324
0.541546
0.839580
0.442028
0.733414
0.087796
0.228484
0.896622
0.425268
0.736436
0.006052
0.709705
0.717052
0.363714
0.001722
0.054035
0.900543
0.942991
0.594525
0.624304
0.484375
0.692381
0.275350
0.987850
0.090899
0.636005
0.908502
0.868858
0.454548
0.802709
0.305878
0.431406
0.626558
0.758907
0.022670
0.652113
0.033452
0.828047
0.187039
0.711934
0.147762
0.757445
0.245593
0.269159
0.258927
0.682532
0.470953
0.516473
0.276791
0.047094
0.588830
0.573166
0.553122
0.563163
0.262923
0.752472
0.808706
0.842894
0.171755
0.291564
0.141881
0.873005
0.939365
0.689833
0.553302
0.005961
0.080254
0.806497
0.032114
0.445849
0.899116
0.492016
0.138650
0.755296
0.880054
0.924669
0.612915
0.506383
0.612867
0.883496
0.308318
0.756563
0.761852
0.285733
0.964754
0.322385
0.683695
0.059259
0.809761
0.231363
0.165474
0.401113
0.823371
0.996663
0.673681
0.019154
0.880565
0.331129
0.694213
0.876721
0.851034
0.306429
0.087313
0.305849
0.592173
0.089062
0.188086
0.153257
0.417669
0.926494
0.131898
0.639751
0.907362
0.801663
0.683292
0.736157
0.708949
0.506455
0.698430
0.177675
0.248211
0.698222
0.572832
0.990485
0.447223
0.547807
0.423348
0.074191
0.655460
0.232208
0.423227
0.913390
0.782100
0.978380
0.702386
0.695459
0.248081
0.272867
0.732631
0.150463
0.452518
0.392237
0.132171
0.225036
0.663586
0.888386
0.944838
0.148290
0.565441
0.736827
0.053517
0.509516
0.475006
0.293850
0.051531
0.626708
0.568798
0.237450
0.662294
0.819028
0.239660
0.887781
0.630114
0.766600
0.642284
0.175529
0.539554
0.743507
0.837770
0.120393
0.314631
0.924801
0.260851
0.425454
0.432046
0.710294
0.105654
0.224784
0.305825
0.076040
0.050388
0.538562
0.687509
0.592045
0.458642
0.599126
0.521484
0.149605
0.042349
0.278993
0.916127
0.576053
0.233074
0.853477
0.077132
0.614961
0.265187
0.601139
0.210271
0.886983
0.854640
0.229218
0.969699
0.075804
0.285214
0.112124
0.609134
0.094702
0.662008
0.262153
0.113187
0.256062
0.828097
0.085183
0.443131
0.597238
0.280125
0.192190
0.245475
0.604140
0.974482
0.081060
0.734891
0.446090
0.846742
0.723074
0.689262
0.803214
0.629303
0.194465
0.969461
0.976989
0.148663
0.055009
0.507760
0.755662
0.014131
0.871378
0.275776
0.723854
0.820876
0.151052
0.247136
0.108733
0.825491
0.140410
0.384750
0.827104
0.202157
0.705055
0.202787
0.106351
0.439340
0.967688
0.646277
0.599633
0.224947
0.254446
0.985443
0.488439
0.123005
0.279647
0.898232
0.084617
0.845184
0.825551
0.095667
0.314456
0.640648
0.001852
0.084996
0.329034
0.989492
0.412177
0.241708
0.961849
0.906883
0.234424
0.221320
0.705121
0.812537
0.970061
0.255797
0.142882
0.455494
0.425852
0.589310
0.939164
0.216548
0.460350
0.677793
0.594857
0.446249
0.116949
0.942054
0.552918
0.087923
0.544627
0.382773
0.128985
0.732583
0.505392
0.966921
0.187592
0.552539
0.322069
0.030459
0.972221
0.156536
0.728781
0.334797
0.763746
0.741782
0.756172
0.609539
0.804105
0.724568
0.380339
0.328502
0.632575
0.095529
0.164060
0.938783
0.577231
0.648991
0.356343
0.304397
0.794970
0.106214
0.335730
0.669488
0.115188
0.414508
0.688090
0.095668
0.904400
0.629808
0.513669
0.110128
0.605873
0.047949
0.533663
0.914014
0.128031
0.454965
0.595119
0.064238
0.450839
0.631569
0.995960
0.348477
0.017674
0.730771
0.519849
0.836394
0.492856
0.806333
0.893434
0.695858
0.338038
0.106449
0.875635
0.618792
0.424154
0.561441
0.038680
0.086701
0.314416
0.033076
0.291720
0.354020
0.707038
0.467900
0.727479
0.694035
0.995326
0.617775
0.197381
0.560812
0.314661
0.006941
0.507113
0.729060
0.377791
0.705035
0.998302
0.437231
0.882141
0.830379
0.627732
0.938734
0.613823
0.487746
0.667798
0.010720
0.821736
0.504262
0.884263
0.924660
0.006330
0.922207
0.163007
0.852887
0.944491
0.818933
0.328807
0.800969
0.611082
0.536795
0.958019
0.519342
0.531811
0.150344
0.574685
0.500840
0.088478
0.883174
0.336489
0.077610
0.957792
0.918811
0.623266
0.427083
0.994809
0.881837
0.905614
0.039820
0.251748
0.746842
0.323385
0.121652
0.967314
0.660461
0.081446
0.649940
0.269621
0.529258
0.470675
0.202260
0.240742
0.173995
0.052346
0.470509
0.110691
0.616140
0.670298
0.981196
0.635296
0.929557
0.952967
0.302621
0.602578
0.140192
0.171538
0.942237
0.576708
0.517173
0.675505
0.655573
0.082764
0.194900
0.936453
0.606016
0.848856
0.369036
0.908013
0.258949
0.328904
0.088445
0.227200
0.262444
0.637729
0.235448
0.621442
0.480007
0.332954
0.260606
0.987899
0.590796
0.002706
0.274712
0.327636
0.973144
0.675703
0.655974
0.256830
0.323800
0.206987
0.157246
0.999863
0.195791
0.538506
0.396568
0.773502
0.841554
0.353693
0.680820
0.585519
0.076475
0.888113
0.490530
0.842553
0.904368
0.507526
0.834266
0.547517
0.865915
0.088199
0.050864
0.382697
0.650567
0.934044
0.031189
0.846435
0.040851
0.127763
0.079238
0.923846
0.496101
0.259501
0.863135
0.219829
0.562970
0.811826
0.294682
0.119296
0.677236
0.243842
0.193360
0.528225
0.821603
0.633868
0.755564
0.112279
0.875887
0.467851
0.227747
0.319113
0.709045
0.642240
0.135529
0.837438
0.659123
0.562595
0.358643
0.610878
0.491165
0.424300
0.470142
0.047701
0.350124
0.655211
0.830265
0.217921
0.193628
0.362286
0.990788
0.535782
0.427363
0.469713
0.121056
0.726311
0.625388
0.563982
0.305920
0.666960
0.622027
0.004926
0.128751
0.486153
0.656255
0.338989
0.677074
0.956030
0.550677
0.913763
0.778135
0.712444
0.954189
0.777947
0.468097
0.006255
0.980905
0.629001
0.549389
0.980501
0.070598
0.897324
0.020871
0.681881
0.682211
0.920328
0.646572
0.065171
0.538271
0.936407
0.229330
0.908215
0.262611
0.925837
0.091283
0.204831
0.516733
0.735918
0.945918
0.984505
0.433408
0.778326
0.935651
0.471798
0.483612
0.689174
0.060656
0.754789
0.780393
0.742589
0.041782
0.000091
0.528297
0.537024
0.642799
0.410628
0.349138
0.294623
0.471460
0.359572
0.955466
0.008519
0.678630
0.097054
0.175362
0.806994
0.470310
0.372346
0.151248
0.673122
0.176230
0.859331
0.308305
0.456793
0.314837
0.142866
0.003573
0.295617
0.489119
0.803025
0.885790
0.643522
0.918668
0.017527
0.600963
0.662471
0.635485
0.643649
0.424153
0.593857
0.066015
0.602640
0.460311
0.944523
0.658234
0.094566
0.684471
0.938674
0.455781
0.851486
0.154370
0.775975
0.683451
0.783065
0.268477
0.874856
0.398959
0.581748
0.923500
0.030010
0.790869
0.594490
0.483347
0.070284
0.014848
0.603963
0.663859
0.947701
0.109771
0.522993
0.993972
0.735098
0.118332
0.929702
0.585588
0.757625
0.447314
0.254955
0.354632
0.265671
0.680876
0.285044
0.829661
0.891378
0.743539
0.827348
0.678932
0.569922
0.782080
0.380478
0.420918
0.086708
0.478410
0.788225
0.467640
0.603475
0.346559
0.082713
0.117446
0.075251
0.831031
0.340291
0.968521
0.785818
0.682599
0.796961
0.992819
0.175906
0.909713
0.970922
0.390549
0.824029
0.904471
0.000088
0.957830
0.957601
0.733924
0.063246
0.836825
0.048759
0.729450
0.965623
0.892222
0.196798
0.855140
0.942834
0.956307
0.663102
0.893547
0.040939
0.614528
0.635297
0.553486
0.743279
0.043924
0.319574
0.526596
0.875024
0.569523
0.542957
0.440565
0.371388
0.641910
0.173873
0.267817
0.502072
0.857864
0.807718
0.036194
0.718937
0.612175
0.016218
0.687122
0.161734
0.071421
0.211814
0.467829
0.102882
0.160260
0.251955
0.705360
0.681186
0.330359
0.708383
0.616251
0.411633
0.130421
0.392780
0.178417
0.157269
0.944441
0.886644
0.299640
0.671559
0.713831
0.328337
0.625450
0.058787
0.241118
0.406641
0.200487
0.864736
0.569047
0.975060
0.240781
0.719632
0.316854
0.996039
0.195826
0.787631
0.109358
0.945075
0.831861
0.262754
0.775726
0.631755
0.051084
0.858236
0.603945
0.642584
0.172417
0.783057
0.920738
0.778203
0.081408
0.675338
0.682765
0.678578
0.450304
0.874160
0.358385
0.021740
0.871615
0.125468
0.067211
0.696871
0.023799
0.309543
0.565867
0.127401
0.476977
0.882128
0.733557
0.625327
0.577955
0.882921
0.652996
0.449277
0.451866
0.387597
0.305194
0.005825
0.994363
0.075785
0.327168
0.749937
0.071817
0.930080
0.917887
0.414889
0.813055
0.351896
0.939923
0.827064
0.976893
0.920183
0.844263
0.064071
0.074500
0.479076
0.457464
0.906965
0.170271
0.930625
0.799524
0.465049
0.582540
0.348003
0.255134
0.544945
0.855799
0.491860
0.079808
0.559094
0.225820
0.295790
0.787205
0.771507
0.991795
0.033692
0.507938
0.943909
0.935678
0.948963
0.428463
0.441148
0.675696
0.729216
0.578215
0.783022
0.142651
0.076040
0.122929
0.177015
0.555192
0.332353
0.202719
0.653812
0.221675
0.884262
0.907689
0.959997
0.386314
0.403977
0.066032
0.979886
0.387746
0.608087
0.906150
0.284808
0.627468
0.594071
0.793549
0.801916
0.819225
0.118919
0.005174
0.898422
0.570734
0.888589
0.930555
0.468223
0.445167
0.636116
0.144410
0.447739
0.967803
0.939636
0.114951
0.372266
0.835966
0.438659
0.953750
0.893617
0.407708
0.776291
0.806043
0.128841
0.983307
0.764957
0.376201
0.297445
0.847094
0.340893
0.505024
0.564224
0.445819
0.845086
0.908605
0.554206
0.681041
0.411762
0.569780
0.597605
0.371036
0.235357
0.181478
0.832494
0.573539
0.558347
0.487395
0.512075
0.282171
0.319445
0.781865
0.887226
0.941494
0.828459
0.822216
0.253086
0.239914
0.003381
0.499494
0.034808
0.504727
0.889742
0.005595
0.250672
0.054872
0.263568
0.546594
0.423307
0.676689
0.338716
0.675390
0.838911
0.635466
0.307550
0.765651
0.291676
0.776723
0.850712
0.409086
0.641957
0.309023
0.676602
0.396941
0.192372
0.094471
0.772712
0.423857
0.310665
0.050473
0.657308
0.629114
0.650727
0.730583
0.658585
0.140150
0.727200
0.993513
0.876107
0.901141
0.452202
0.875212
0.112395
0.422355
0.247180
0.383246
0.926402
0.762886
0.685179
0.766802
0.140453
0.820874
0.719806
0.257276
0.322123
0.034098
0.572218
0.690498
0.732979
0.998510
0.650537
0.613864
0.984778
0.028071
0.496734
0.108138
0.436583
0.189424
0.603527
0.641245
0.852792
0.726257
0.224818
0.499761
0.482477
0.946052
0.833320
0.741328
0.052586
0.004046
0.133447
0.701298
0.620277
0.084856
0.050921
0.583962
0.390140
0.315502
0.786614
0.762069
0.642247
0.009074
0.406847
0.274623
0.709882
0.646250
0.449913
0.237940
0.105262
0.429659
0.126917
0.908815
0.924601
0.038776
0.601909
0.698966
0.436504
0.287669
0.003771
0.320628
0.245625
0.583327
0.187125
0.025479
0.461713
0.909266
0.992311
0.710875
0.336889
0.450164
0.010769
0.933410
0.665038
0.033055
0.531335
0.061863
0.779566
0.315323
0.799339
0.188140
0.012007
0.797738
0.572045
0.811300
0.365797
0.402139
0.794018
0.828523
0.658339
0.820075
0.371269
0.167043
0.340615
0.324663
0.305294
0.428753
0.327281
0.128848
0.903115
0.697269
0.780530
0.976706
0.437515
0.975552
0.566860
0.950058
0.257447
0.427391
0.835284
0.861636
0.191122
0.331739
0.495917
0.161783
0.626948
0.615422
0.566161
0.503146
0.368045
0.494501
0.013982
0.654164
0.436698
0.661694
0.589800
0.916089
0.142311
0.937772
0.785020
0.840682
0.841095
0.236773
0.680799
0.549098
0.813169
0.252930
0.608786
0.171420
0.202587
0.683065
0.899485
0.637063
0.132037
0.070562
0.065998
0.697223
0.275077
0.061066
0.693071
0.521675
0.687395
0.858360
0.564720
0.525666
0.642040
0.870379
0.768984
0.212083
0.143237
0.646264
0.125345
0.395490
0.505239
0.478533
0.358508
0.265361
0.656979
0.029779
0.420254
0.575644
0.184636
0.637355
0.776955
0.967825
0.551746
0.945939
0.731693
0.868329
0.673441
0.157036
0.943425
0.793373
0.285734
0.703697
0.607622
0.662424
0.294416
0.842248
0.748792
0.203872
0.947855
0.581577
0.080260
0.744409
0.924448
0.172560
0.854894
0.039244
0.914171
0.980236
0.365739
0.928412
0.394051
0.931128
0.670995
0.021284
0.923621
0.636116
0.985765
0.515224
0.526842
0.051012
0.885407
0.265313
0.674324
0.764707
0.243386
0.132142
0.861220
0.357700
0.030769
0.157703
0.103290
0.207949
0.944909
0.641228
0.392321
0.639311
0.130805
0.514864
0.792594
0.710159
0.188766
0.533069
0.687035
0.572654
0.514447
0.590700
0.444155
0.340377
0.939524
0.546353
0.458208
0.473735
0.390097
0.244621
0.082968
0.816358
0.971515
0.170602
0.136351
0.625495
0.748332
0.421094
0.585217
0.066483
0.601469
0.200098
0.148033
0.063478
0.605729
0.024317
0.282946
0.540666
0.125252
0.346039
0.499823
0.171829
0.515558
0.297961
0.770970
0.049888
0.110386
0.736430
0.875015
0.257413
0.652926
0.940069
0.634530
0.026295
0.812852
0.990352
0.777533
0.429083
0.632551
0.397041
0.627667
0.051861
0.945388
0.308709
0.303304
0.612000
0.536675
0.088258
0.862604
0.803394
0.142270
0.915902
0.884048
0.373610
0.418696
0.714279
0.819414
0.205260
0.361791
0.129846
0.831809
0.428335
0.804971
0.296646
0.453067
0.068453
0.459449
0.569856
0.714735
0.222161
0.442792
0.186201
0.361420
0.825756
0.213972
0.396936
0.515469
0.876291
0.736889
0.959450
0.883045
0.897474
0.333967
0.069974
0.163202
0.990684
0.979904
0.898856
0.117761
0.240829
0.495455
0.549553
0.388813
0.373720
0.614101
0.623082
0.205542
0.498394
0.951781
0.923116
0.929678
0.673435
0.362187
0.397042
0.760998
0.866980
0.717310
0.060956
0.906632
0.138696
0.134418
0.709281
0.140860
0.358224
0.755074
0.141971
0.710201
0.335340
0.157296
0.855520
0.220991
0.515657
0.995968
0.711409
0.966638
0.582763
0.775956
0.512356
0.577140
0.890361
0.383308
0.349770
0.106443
0.160612
0.857958
0.623963
0.400251
0.658338
0.471541
0.042829
0.728921
0.963149
0.670518
0.357252
0.132363
0.687567
0.411581
0.947183
0.346026
0.250566
0.516307
0.407325
0.683179
0.131251
0.427736
0.444001
0.197079
0.461925
0.294782
0.555166
0.180164
0.236052
0.132378
0.165645
0.653164
0.713608
0.506583
0.093381
0.516534
0.510206
0.234472
0.065553
0.275835
0.610069
0.037902
0.543428
0.491789
0.696162
0.376816
0.581297
0.859477
0.340372
0.349772
0.989127
0.088467
0.135995
0.984269
0.513931
0.770010
0.724419
0.454097
0.346365
0.396546
0.105111
0.121470
0.413791
0.594825
0.906969
0.283801
0.977786
0.883479
0.520833
0.443534
0.023583
0.539682
0.775458
0.758838
0.243865
0.113096
0.107254
0.376873
0.684160
0.148005
0.899318
0.012861
0.858120
0.640631
0.616314
0.689807
0.556569
0.776371
0.853930
0.877215
0.284370
0.653927
0.067340
0.603792
0.055976
0.837144
0.201521
0.819469
0.877770
0.992362
0.173349
0.556084
0.028822
0.115115
0.154228
0.103086
0.029000
0.455349
0.172244
0.653366
0.934017
0.479650
0.041269
0.972853
0.222351
0.811250
0.174544
0.753297
0.612277
0.047248
0.142546
0.177599
0.663543
0.635355
0.876625
0.977206
0.144656
0.301550
0.235226
0.117254
0.972015
0.042063
0.069505
0.292051
0.812080
0.848759
0.327744
0.345678
0.365015
0.531705
0.797982
0.603540
0.272203
0.376063
0.527372
0.073750
0.787194
0.546454
0.293525
0.574709
0.768107
0.989047
0.802912
0.699070
0.559528
0.922555
0.916590
0.125514
0.475404
0.431257
0.563272
0.239174
0.335260
0.237617
0.300123
0.278923
0.980002
0.734933
0.475585
0.864546
0.458162
0.081992
0.685768
0.697721
0.358321
0.616625
0.793240
0.515745
0.219799
0.532283
0.087915
0.903695
0.404958
0.414765
0.654598
0.845851
0.007575
0.572810
0.407959
0.787076
0.219820
0.568432
0.347366
0.454983
0.924233
0.897364
0.952267
0.599080
0.627462
0.557463
0.411524
0.577992
0.142068
0.428875
0.982084
0.174107
0.755874
0.863667
0.675369
0.049522
0.031507
0.018624
0.942221
0.650597
0.550209
0.871348
0.884691
0.502462
0.973816
0.129423
0.877644
0.450776
0.038904
0.702456
0.494259
0.356396
0.731548
0.868689
0.253138
0.739473
0.805430
0.777594
0.443727
0.221998
0.307995
0.517626
0.941035
0.010907
0.348378
0.408770
0.336761
0.885408
0.378235
0.701756
0.535549
0.849791
0.835818
0.963153
0.382604
0.043451
0.619517
0.565785
0.389548
0.279331
0.176891
0.089275
0.743480
0.436161
0.607576
0.752355
0.850675
0.443642
0.344306
0.167991
0.559170
0.967386
0.378085
0.639478
0.098516
0.675823
0.485931
0.540170
0.891774
0.817364
0.278830
0.165474
0.753071
0.275384
0.561888
0.171489
0.149100
0.432976
0.358304
0.663022
0.037089
0.559946
0.035568
0.241851
0.204295
0.631976
0.250281
0.435435
0.730891
0.966082
0.532720
0.692835
0.432277
0.876818
0.321554
0.338577
0.458092
0.152874
0.362265
0.031252
0.230188
0.061823
0.751388
0.380820
0.984213
0.209247
0.365708
0.670268
0.279539
0.914227
0.206345
0.321249
0.197444
0.182309
0.729051
0.791702
0.841883
0.335243
0.863028
0.432831
0.271915
0.228946
0.151808
0.134013
0.757776
0.701639
0.713876
0.002530
0.188602
0.746565
0.122254
0.250140
0.540490
0.311373
0.367549
0.764398
0.307561
0.861394
0.996255
0.637739
0.021345
0.788689
0.925515
0.304414
0.047505
0.643932
0.119031
0.721539
0.412727
0.364673
0.980358
0.537392
0.934760
0.381104
0.364945
0.963405
0.407770
0.518569
0.338919
0.636544
0.333476
0.163398
0.199899
0.390377
0.032378
0.503273
0.724753
0.295291
0.062486
0.942709
0.694171
0.564318
0.405688
0.785259
0.459515
0.918727
0.841562
0.082835
0.830494
0.468995
0.349232
0.404735
0.961731
0.278624
0.090804
0.259532
0.962960
0.961259
0.913030
0.706229
0.834057
0.321157
0.031775
0.370731
0.386778
0.322702
0.358482
0.802832
0.336471
0.190564
0.307489
0.890009
0.677203
0.056514
0.953382
0.519193
0.162976
0.124698
0.450702
0.837575
0.747903
0.401446
0.093551
0.408938
0.653239
0.689989
0.485996
0.253053
0.464811
0.080661
0.768510
0.761523
0.878252
0.853567
0.750952
0.732976
0.130965
0.567921
0.235306
0.301611
0.440400
0.639367
0.665259
0.243456
0.231117
0.636946
0.955014
0.540908
0.323515
0.582757
0.663921
0.034618
0.491853
0.161930
0.380641
0.467973
0.717289
0.884808
0.841775
0.068420
0.573732
0.058103
0.063075
0.455854
0.423100
0.072552
0.031322
0.925142
0.566421
0.890869
0.763389
0.930483
0.224630
0.095626
0.054458
0.676314
0.906081
0.040456
0.825275
0.474621
0.476774
0.132470
0.750967
0.703052
0.376196
0.386157
0.970530
0.642685
0.130249
0.940751
0.092713
0.898744
0.488844
0.270142
0.933447
0.831186
0.466852
0.366984
0.242261
0.123726
0.772847
0.015469
0.946680
0.087534
0.971776
0.629336
0.808219
0.177045
0.318507
0.506315
0.031527
0.746834
0.014420
0.205355
0.786886
0.916649
0.345628
0.290612
0.329803
0.261895
0.348071
0.592917
0.760871
0.494262
0.572247
0.336152
0.342380
0.535956
0.871394
0.867938
0.850121
0.974939
0.766014
0.960882
0.911141
0.480800
0.621085
0.836437
0.679365
0.883751
0.058378
0.566523
0.096570
0.404667
0.585113
0.671282
0.238303
0.463269
0.393754
0.631756
0.762313
0.185065
0.639878
0.235518
0.966882
0.635452
0.871564
0.967167
0.681037
0.000820
0.722208
0.824393
0.697858
0.840285
0.718555
0.498752
0.322559
0.685858
0.248507
0.807290
0.232348
0.070962
0.202028
0.830200
0.175648
0.524023
0.788448
0.618476
0.311408
0.541603
0.961615
0.536313
0.489102
0.529809
0.089518
0.732148
0.577740
0.508488
0.997968
0.560827
0.695605
0.954247
0.731293
0.662528
0.796388
0.819480
0.911230
0.231544
0.503581
0.918259
0.964734
0.653753
0.121899
0.788764
0.930402
0.264075
0.707657
0.707613
0.661863
0.567105
0.561672
0.985266
0.816686
0.702659
0.177549
0.364241
0.765091
0.534651
0.991323
0.483048
0.859667
0.042409
0.238111
0.777964
0.183056
0.228612
0.127655
0.050710
0.914658
0.791977
0.749971
0.520793
0.731210
0.094832
0.758410
0.654272
0.752777
0.469066
0.640581
0.172808
0.460514
0.616471
0.265271
0.514232
0.912341
0.473303
0.419731
0.864175
0.556445
0.610579
0.057622
0.792453
0.750870
0.451954
0.341471
0.202229
0.923175
0.715487
0.959417
0.788242
0.501517
0.663554
0.346078
0.665617
0.594112
0.600950
0.860025
0.295449
0.835959
0.452957
0.731142
0.929350
0.230120
0.025786
0.052239
0.513611
0.727792
0.278455
0.660007
0.435162
0.180632
0.679246
0.636697
0.616159
0.296206
0.777491
0.118745
0.840963
0.890430
0.772643
0.171762
0.757372
0.789213
0.122172
0.779530
0.771212
0.836292
0.596789
0.391449
0.947263
0.938939
0.399161
0.418674
0.546894
0.672782
0.728551
0.301330
0.839769
0.588488
0.950695
0.071814
0.299373
0.605348
0.256376
0.293347
0.064588
0.750626
0.534349
0.986624
0.066717
0.691497
0.299891
0.095323
0.286718
0.113021
0.798846
0.655144
0.134185
0.547197
0.222735
0.389484
0.700199
0.453030
0.931588
0.773210
0.012402
0.805759
0.280517
0.796610
0.153798
0.466993
0.410735
0.883691
0.047331
0.140326
0.007342
0.628499
0.566308
0.154766
0.590567
0.713124
0.725487
0.718721
0.424627
0.361232
0.717858
0.129692
0.363512
0.808052
0.275927
0.110754
0.154922
0.175275
0.901098
0.047464
0.375597
0.017791
0.177379
0.913225
0.741250
0.145756
0.282322
0.764325
0.224271
0.654516
0.654477
0.446708
0.909004
0.747322
0.157548
0.845782
0.738399
0.789505
0.191368
0.310847
0.162690
0.262782
0.592312
0.651524
0.829926
0.116053
0.504096
0.111219
0.983854
0.453281
0.206358
0.420458
0.515047
0.124995
0.294950
0.290987
0.989286
0.460080
0.105651
0.571765
0.529932
0.997961
0.462586
0.714384
0.720134
0.364048
0.174068
0.823650
0.511908
0.626409
0.261057
0.456728
0.262812
0.128804
0.115867
0.710915
0.981663
0.511173
0.188963
0.157002
0.651638
0.796960
0.787463
0.655753
0.345439
0.987678
0.146783
0.284175
0.970879
0.796274
0.473276
0.913138
0.838323
0.256167
0.626029
0.757296
0.260440
0.043526
0.845360
0.472939
0.750656
0.074215
0.388198
0.541999
0.734668
0.208776
0.400243
0.355367
0.419204
0.690458
0.254584
0.122457
0.447801
0.021177
0.188866
0.684619
0.323155
0.663944
0.259855
0.117900
0.382345
0.859868
0.646713
0.467562
0.202158
0.622643
0.522869
0.776712
0.998183
0.079482
0.291206
0.140053
0.409490
0.767609
0.757567
0.638716
0.560509
0.569639
0.982110
0.672977
0.728115
0.025968
0.384831
0.307643
0.063702
0.941328
0.338212
0.353330
0.610787
0.196327
0.713064
0.020881
0.285996
0.470410
0.769687
0.272660
0.257490
0.214374
0.630813
0.542475
0.446383
0.509504
0.420569
0.065934
0.114416
0.794382
0.699109
0.837970
0.090403
0.504335
0.119439
0.548383
0.268330
0.174008
0.444255
0.016050
0.205538
0.019183
0.208906
0.596108
0.818565
0.505191
0.033681
0.142038
0.159670
0.288366
0.865655
0.908250
0.636036
0.593155
0.367999
0.742210
0.867627
0.766748
0.232834
0.174246
0.964576
0.188440
0.941807
0.125467
0.621055
0.952068
0.365208
0.649182
0.084515
0.883564
0.613801
0.050298
0.265945
0.395450
0.635021
0.213530
0.741869
0.856350
0.683647
0.760060
0.879858
0.303733
0.862685
0.660498
0.248592
0.236141
0.148629
0.730629
0.244927
0.468354
0.021391
0.215017
0.080308
0.747032
0.207410
0.300075
0.658232
0.430277
0.918440
0.142825
0.437535
0.503965
0.741360
0.625800
0.554194
0.809052
0.778556
0.756415
0.594847
0.402914
0.635718
0.285936
0.138419
0.586378
0.145667
0.166538
0.939541
0.455616
0.903448
0.054080
0.816394
0.840594
0.979560
0.763754
0.397307
0.672201
0.643989
0.435340
0.362773
0.978333
0.252592
0.643967
0.457009
0.691761
0.407174
0.202400
0.584976
0.903133
0.749033
0.015170
0.240118
0.301339
0.539446
0.558457
0.792890
0.798092
0.135871
0.039567
0.012464
0.267984
0.315064
0.624865
0.280457
0.280724
0.708860
0.576030
0.206879
0.536451
0.599346
0.383976
0.680204
0.612952
0.521289
0.892298
0.414963
0.816821
0.204071
0.733975
0.925786
0.417770
0.875437
0.614607
0.914573
0.901712
0.977010
0.932684
0.650394
0.966362
0.397857
0.974403
0.126831
0.711970
0.018113
0.421130
0.160408
0.555565
0.129628
0.797533
0.942286
0.072635
0.234266
0.825318
0.653933
0.795327
0.241397
0.660834
0.120573
0.567648
0.732559
0.836005
0.102895
0.769414
0.130506
0.214235
0.951267
0.512238
0.308886
0.661393
0.185138
0.019864
0.773714
0.833516
0.065797
0.116052
0.514267
0.836519
0.839492
0.136800
0.293973
0.529591
0.711183
0.288056
0.475612
0.355744
0.422050
0.409983
0.753440
0.394685
0.936005
0.255915
0.810751
0.371116
0.065924
0.517048
0.207358
0.814008
0.997405
0.237965
0.609370
0.069477
0.689504
0.585672
0.044655
0.213523
0.875085
0.815099
0.552088
0.805079
0.159806
0.172989
0.601078
0.250156
0.074161
0.402797
0.809261
0.122070
0.397714
0.755340
0.959366
0.080283
0.913349
0.320218
0.399144
0.952589
0.711001
0.215054
0.748464
0.665556
0.228426
0.393707
0.191929
0.021326
0.358737
0.548192
0.619950
0.992158
0.872969
0.816240
0.721723
0.326257
0.287263
0.598302
0.914844
0.590269
0.569363
0.112260
0.412887
0.497909
0.133139
0.046010
0.837649
0.845082
0.552641
0.529050
0.740231
0.865839
0.962523
0.152817
0.226967
0.288875
0.058175
0.991206
0.224411
0.181172
0.809224
0.869803
0.753205
0.355705
0.031341
0.913941
0.014442
0.157860
0.885144
0.877974
0.083882
0.965985
0.483214
0.673926
0.128586
0.303002
0.367165
0.926797
0.235743
0.787735
0.680986
0.382990
0.212968
0.907861
0.913504
0.481026
0.980343
0.094490
0.845175
0.800493
0.934093
0.566402
0.530368
0.173230
0.785982
0.806902
0.227883
0.754309
0.579144
0.705972
0.998509
0.597939
0.363846
0.565769
0.367236
0.318339
0.775348
0.065517
0.756437
0.498430
0.439875
0.538723
0.952771
0.216114
0.402079
0.644644
0.524518
0.224716
0.896401
0.111083
0.094982
0.485485
0.902567
0.893842
0.770057
0.585628
0.918767
0.653316
0.869327
0.348608
0.050986
0.908929
0.833611
0.446400
0.242105
0.193359
0.800949
0.484304
0.301367
0.827313
0.790163
0.355002
0.022178
0.051469
0.470971
0.496622
0.882200
0.586561
0.381238
0.683009
0.251639
0.318596
0.658647
0.313792
0.950481
0.219009
0.353721
0.344385
0.009277
0.476182
0.385806
0.536000
0.326648
0.724036
0.879890
0.944081
0.164767
0.466104
0.900885
0.378303
0.276200
0.992182
0.388474
0.133140
0.465178
0.123911
0.029551
0.826689
0.216878
0.781715
0.010568
0.715588
0.201931
0.086798
0.427265
0.940739
0.112114
0.368332
0.936993
0.664647
0.898115
0.079715
0.096303
0.895502
0.662053
0.202562
0.295239
0.661909
0.666043
0.868764
0.075673
0.358133
0.222767
0.717049
0.684377
0.072882
0.063617
0.150546
0.476964
0.141529
0.672404
0.327268
0.255367
0.415881
0.425562
0.219320
0.022614
0.767620
0.199801
0.664337
0.191953
0.368557
0.761764
0.420886
0.945197
0.607157
0.216724
0.167460
0.633860
0.187388
0.399952
0.162783
0.527239
0.640759
0.289197
0.346145
0.489300
0.090281
0.603620
0.604947
0.700733
0.607677
0.146497
0.298726
0.207772
0.670969
0.418611
0.103164
0.983898
0.374156
0.458198
0.443812
0.426972
0.776221
0.992933
0.019674
0.609892
0.762434
0.170266
0.885168
0.469112
0.482897
0.574376
0.651024
0.998083
0.834391
0.760513
0.388156
0.942230
0.861726
0.319209
0.752742
0.733140
0.720500
0.811822
0.597204
0.201103
0.108211
0.942675
0.463674
0.950574
0.525182
0.808391
0.868926
0.140151
0.358383
0.108234
0.349783
0.479551
0.623838
0.035813
0.934345
0.727221
0.088170
0.287453
0.797984
0.264662
0.794777
0.910166
0.536325
0.842448
0.419977
0.626159
0.095064
0.477997
0.100913
0.974365
0.214649
0.360378
0.928584
0.124931
0.224979
0.341275
0.251545
0.181854
0.531332
0.006345
0.650823
0.183218
0.709820
0.004917
0.333740
0.938316
0.242589
0.329582
0.959508
0.266318
0.705469
0.876856
0.305711
0.691412
0.231539
0.165855
0.761929
0.133198
0.042475
0.558519
0.491320
0.646640
0.417041
0.211410
0.126751
0.710552
0.975910
0.028834
0.505232
0.444241
0.349224
0.797794
0.930478
0.314738
0.074959
0.919232
0.572434
0.357677
0.523235
0.351122
0.445691
0.508181
0.943739
0.643538
0.083765
0.768529
0.268374
0.264893
0.968080
0.430551
0.319350
0.786287
0.450779
0.335745
0.345554
0.848497
0.597836
0.967459
0.541374
0.511390
0.888702
0.409032
0.257377
0.738334
0.153273
0.610673
0.429054
0.830241
0.665398
0.836730
0.487406
0.242473
0.900625
0.323762
0.238124
0.364230
0.607238
0.387881
0.944113
0.252060
0.333734
0.155825
0.598738
0.751304
0.249378
0.546263
0.535699
0.160718
0.630927
0.743420
0.159207
0.079600
0.958448
0.441016
0.190143
0.791212
0.653679
0.206983
0.077240
0.683306
0.639789
0.154056
0.705834
0.472690
0.432700
0.283051
0.511109
0.306857
0.269326
0.588827
0.250733
0.067017
0.011910
0.837246
0.867683
0.033150
0.461830
0.498005
0.854417
0.616807
0.289296
0.175492
0.762493
0.479931
0.602775
0.149619
0.857424
0.380492
0.105984
0.812111
0.438987
0.595596
0.730145
0.461651
0.996243
0.331298
0.290865
0.563430
0.779884
0.931592
0.355503
0.254469
0.609860
0.727290
0.667975
0.014227
0.023025
0.533220
0.760292
0.558592
0.355158
0.108635
0.177333
0.551809
0.867347
0.574060
0.993794
0.672081
0.813610
0.046048
0.247286
0.278734
0.821629
0.561383
0.833314
0.887436
0.460512
0.150877
0.387427
0.200128
0.409368
0.360800
0.345132
0.502246
0.650688
0.262565
0.645997
0.135290
0.197658
0.428070
0.406401
0.890894
0.550921
0.353272
0.094204
0.825708
0.566174
0.494359
0.613637
0.046467
0.319490
0.532165
0.862203
0.702850
0.674366
0.528425
0.412596
0.102606
0.297072
0.593467
0.457566
0.739023
0.220696
0.095067
0.037286
0.914377
0.530880
0.832582
0.146816
0.733329
0.317265
0.243844
0.942524
0.815295
0.605261
0.353657
0.074223
0.282203
0.126394
0.795472
0.854890
0.174527
0.497125
0.809718
0.529304
0.550212
0.822727
0.345447
0.351106
0.353829
0.013409
0.453030
0.355569
0.791784
0.955179
0.475329
0.000790
0.108137
0.300420
0.528610
0.917828
0.378217
0.387518
0.551803
0.582232
0.386816
0.941267
0.417848
0.313950
0.856807
0.694629
0.101998
0.695247
0.874407
0.277696
0.531955
0.629254
0.310110
0.183506
0.080714
0.254358
0.460283
0.806519
0.766498
0.987783
0.993365
0.343734
0.391097
0.848486
0.145986
0.808450
0.358532
0.954498
0.906753
0.011747
0.784944
0.799994
0.687077
0.768514
0.236877
0.486001
0.606685
0.606375
0.752249
0.946378
0.523188
0.642315
0.423872
0.114685
0.176489
0.460169
0.211696
0.702063
0.275542
0.611342
0.733427
0.382287
0.861836
0.031776
0.734766
0.835708
0.285540
0.653065
0.915510
0.713583
0.429956
0.639082
0.675714
0.620082
0.331100
0.027972
0.521194
0.939576
0.834166
0.801122
0.938120
0.577020
0.789282
0.655812
0.105177
0.541779
0.256417
0.318721
0.185831
0.949150
0.114302
0.317165
0.944230
0.395280
0.060557
0.609585
0.102032
0.282987
0.569379
0.674079
0.230254
0.338077
0.617707
0.043054
0.814817
0.104703
0.688960
0.254896
0.695700
0.287715
0.362587
0.842961
0.841042
0.610288
0.954668
0.793485
0.846856
0.863572
0.805891
0.544053
0.852376
0.576004
0.643951
0.651986
0.417019
0.554195
0.562703
0.998142
0.238386
0.322963
0.754710
0.488765
0.306874
0.393879
0.760723
0.530676
0.831115
0.541345
0.322277
0.859676
0.153385
0.881261
0.464487
0.046648
0.264031
0.095197
0.326966
0.060821
0.761323
0.484980
0.992995
0.676749
0.265358
0.587921
0.740988
0.234856
0.943030
0.537521
0.218122
0.940427
0.731716
0.471525
0.082863
0.570556
0.842339
0.618169
0.109888
0.381988
0.692622
0.829345
0.135553
0.326662
0.567550
0.669551
0.942139
0.209144
0.259832
0.652409
0.241366
0.406181
0.926173
0.079539
0.688392
0.630368
0.357616
0.463784
0.812276
0.296181
0.240645
0.791354
0.222548
0.348192
0.450996
0.523166
0.388638
0.370723
0.629518
0.179514
0.992919
0.020065
0.628596
0.565670
0.742352
0.830951
0.762624
0.947818
0.860438
0.446617
0.255156
0.094204
0.152388
0.926465
0.941521
0.667864
0.783169
0.789186
0.985932
0.653961
0.081149
0.566002
0.418008
0.782661
0.989152
0.254203
0.231070
0.270555
0.049493
0.983014
0.143819
0.949688
0.208379
0.411505
0.172717
0.329926
0.546324
0.773148
0.643582
0.491320
0.432116
0.636919
0.171011
0.618652
0.315497
0.365735
0.420942
0.457833
0.534017
0.086422
0.847267
0.027413
0.338353
0.830236
0.244238
0.389264
0.922433
0.119947
0.303529
0.548332
0.274574
0.851263
0.813427
0.287209
0.197034
0.197377
0.827365
0.668576
0.037075
0.732097
0.683948
0.576182
0.555314
0.967527
0.039126
0.078028
0.558554
0.406808
0.915997
0.946481
0.435762
0.562914
0.766077
0.768028
0.657843
0.654888
0.729226
0.926542
0.344461
0.998810
0.723682
0.101120
0.233595
0.019976
0.473126
0.832596
0.490551
0.054640
0.848993
0.278384
0.800877
0.335574
0.472396
0.386957
0.503488
0.088960
0.614471
0.821420
0.643115
0.255825
0.774361
0.783619
0.121236
0.906278
0.852736
0.220172
0.577409
0.778235
0.512040
0.310855
0.823460
0.054721
0.043623
0.775749
0.525554
0.427875
0.501721
0.815347
0.937542
0.788036
0.654584
0.889071
0.746221
0.548955
0.817944
0.310907
0.267671
0.373652
0.483865
0.611579
0.715574
0.019782
0.431536
0.897169
0.788493
0.470529
0.033041
0.183456
0.244158
0.670973
0.557908
0.859682
0.154731
0.936270
0.481388
0.537715
0.487294
0.744416
0.143054
0.372635
0.206954
0.652441
0.349214
0.345200
0.044222
0.881850
0.913743
0.619005
0.051066
0.780306
0.170687
0.115973
0.348141
0.377031
0.636167
0.380219
0.655367
0.276175
0.448822
0.156728
0.024833
0.764339
0.663811
0.228481
0.243926
0.506292
0.836210
0.811838
0.841917
0.249278
0.510609
0.379720
0.068797
0.405694
0.874701
0.387267
0.283856
0.012707
0.059457
0.033653
0.415989
0.823712
0.735671
0.472061
0.669681
0.040751
0.108943
0.639796
0.941375
0.490775
0.229633
0.031277
0.080980
0.846197
0.272655
0.984269
0.642659
0.426917
0.899862
0.647157
0.187030
0.254812
0.775717
0.292080
0.952223
0.591894
0.279350
0.632022
0.342051
0.331381
0.442239
0.683117
0.583154
0.150034
0.373805
0.426796
0.086379
0.515386
0.135098
0.307357
0.876968
0.889967
0.135552
0.733258
0.408952
0.125094
0.096043
0.315912
0.486467
0.100091
0.114101
0.206028
0.822838
0.571471
0.039352
0.499267
0.280938
0.555157
0.608791
0.251999
0.468615
0.899681
0.476301
0.942684
0.383307
0.217563
0.507310
0.550334
0.092260
0.646057
0.590502
0.411002
0.240116
0.798969
0.571058
0.315338
0.844768
0.462286
0.045648
0.381150
0.585108
0.463570
0.224200
0.077452
0.420086
0.516198
0.387515
0.690472
0.085972
0.683856
0.917913
0.854276
0.086010
0.329873
0.201075
0.662538
0.361195
0.582944
0.874728
0.023968
0.669546
0.460932
0.901351
0.309400
0.920244
0.014545
0.470017
0.997558
0.533803
0.271732
0.973166
0.790323
0.415209
0.142375
0.678574
0.914618
0.027840
0.963789
0.630226
0.731818
0.395780
0.385315
0.903888
0.058442
0.803973
0.081160
0.237972
0.282353
0.531883
0.292868
0.116093
0.502285
0.778865
0.806580
0.437440
0.887440
0.009513
0.207436
0.551751
0.657415
0.365330
0.588055
0.718870
0.726828
0.515254
0.205719
0.274506
0.896661
0.921111
0.941222
0.224092
0.555365
0.903694
0.290984
0.660294
0.273790
0.148974
0.674132
0.805730
0.332605
0.289418
0.881234
0.354201
0.549528
0.439293
0.276276
0.839046
0.513597
0.921439
0.305270
0.448208
0.269165
0.871905
0.802478
0.968761
0.204290
0.782915
0.779407
0.549958
0.514646
0.788327
0.264956
0.878483
0.559837
0.412717
0.192074
0.052324
0.175726
0.508522
0.323179
0.294359
0.822602
0.967833
0.471780
0.271969
0.150195
0.898248
0.931292
0.777386
0.259019
0.036857
0.355931
0.202218
0.792337
0.093593
0.566718
0.420306
0.960452
0.174734
0.763699
0.421480
0.181765
0.758644
0.721199
0.345295
0.023067
0.557660
0.205665
0.213098
0.381403
0.790316
0.486876
0.897678
0.015235
0.554492
0.486183
0.185897
0.793840
0.391226
0.315143
0.648686
0.878328
0.377234
0.371403
0.636852
0.009475
0.907038
0.364857
0.756774
0.487782
0.308135
0.906641
0.568216
0.167757
0.769103
0.289142
0.892308
0.026161
0.304621
0.671283
0.661062
0.824558
0.296239
0.836337
0.804449
0.088448
0.055786
0.457625
0.615609
0.634105
0.991378
0.260810
0.701832
0.052146
0.805322
0.652077
0.095866
0.813094
0.319379
0.253183
0.930163
0.700806
0.465796
0.982873
0.062000
0.357539
0.771634
0.907166
0.960139
0.389382
0.727815
0.277944
0.538482
0.329589
0.311189
0.141536
0.448102
0.183420
0.015167
0.449832
0.849503
0.221963
0.048934
0.990930
0.099619
0.391339
0.253152
0.091534
0.055248
0.441855
0.227009
0.267993
0.252723
0.740150
0.502351
0.827896
0.743540
0.334068
0.279896
0.282016
0.502786
0.119747
0.563738
0.921666
0.471033
0.884833
0.906765
0.575598
0.315049
0.339477
0.683529
0.581576
0.006488
0.313184
0.720468
0.010952
0.413594
0.702971
0.477375
0.961789
0.105845
0.165961
0.139176
0.001367
0.797072
0.413307
0.153447
0.977813
0.844711
0.285412
0.755968
0.240939
0.511766
0.870353
0.042680
0.793455
0.548486
0.115072
0.459789
0.937059
0.811603
0.815715
0.341929
0.156657
0.093808
0.250017
0.088010
0.295265
0.052495
0.017991
0.841949
0.679012
0.807102
0.921767
0.366430
0.844917
0.604909
0.772122
0.247132
0.664538
0.356926
0.236040
0.336881
0.126800
0.223855
0.911411
0.497585
0.197751
0.926475
0.453255
0.385674
0.290095
0.689484
0.299341
0.276656
0.899336
0.560977
0.417095
0.367997
0.266291
0.124275
0.880624
0.628165
0.049707
0.911879
0.395614
0.173914
0.401494
0.204309
0.326992
0.317600
0.666475
0.645611
0.102338
0.400992
0.736162
0.512406
0.113005
0.250247
0.601351
0.549375
0.511442
0.586637
0.522717
0.529915
0.500736
0.906644
0.795256
0.849786
0.271551
0.710073
0.066555
0.231732
0.399495
0.372017
0.497374
0.462366
0.056879
0.399493
0.564873
0.935630
0.397794
0.121273
0.514660
0.810768
0.072337
0.474205
0.300328
0.962275
0.439569
0.274854
0.412798
0.494262
0.150956
0.114750
0.322938
0.786320
0.635240
0.563220
0.037817
0.440425
0.447364
0.085732
0.623711
0.701723
0.560460
0.728924
0.769623
0.257102
0.640244
0.036736
0.767401
0.585996
0.101515
0.555225
0.554382
0.293636
0.809662
0.976033
0.009367
0.128336
0.456083
0.138879
0.992234
0.435972
0.751773
0.549847
0.072908
0.885610
0.291646
0.422209
0.580027
0.893682
0.433910
0.766797
0.008549
0.747974
0.301161
0.365781
0.625775
0.189070
0.577186
0.282736
0.895620
0.832389
0.476623
0.477954
0.362262
0.229441
0.981701
0.305508
0.579094
0.477584
0.345984
0.721306
0.391730
0.733249
0.181108
0.592258
0.161016
0.888065
0.187424
0.088374
0.791819
0.389246
0.328745
0.893755
0.585960
0.067492
0.847301
0.380368
0.004913
0.954899
0.876680
0.550774
0.373846
0.993320
0.244135
0.932494
0.018805
0.046245
0.611988
0.766927
0.361027
0.514845
0.940799
0.208210
0.326081
0.635993
0.961241
0.370403
0.211962
0.205811
0.310653
0.332200
0.722842
0.260100
0.164600
0.633926
0.458883
0.370553
0.810635
0.748096
0.174418
0.635158
0.955127
0.947826
0.915737
0.589108
0.705420
0.271879
0.736427
0.809884
0.756815
0.835450
0.495312
0.592062
0.261501
0.865670
0.874066
0.113599
0.136544
0.963218
0.734801
0.879887
0.948680
0.479027
0.470712
0.023006
0.310591
0.429482
0.705205
0.344306
0.548681
0.296094
0.358963
0.645737
0.915498
0.716920
0.443808
0.210739
0.276710
0.686934
0.342939
0.815007
0.006046
0.262538
0.606611
0.901192
0.071572
0.090039
0.410181
0.804386
0.339740
0.637431
0.688948
0.915908
0.103496
0.950519
0.154737
0.405088
0.447658
0.835304
0.907644
0.549949
0.286146
0.704649
0.349983
0.560328
0.775698
0.144326
0.676931
0.197334
0.160338
0.636431
0.120507
0.922194
0.308171
0.521231
0.542969
0.150687
0.941798
0.235543
0.266842
0.586125
0.557373
0.299679
0.468158
0.178322
0.793827
0.458487
0.995112
0.866506
0.618214
0.446690
0.476588
0.753517
0.498080
0.035977
0.595606
0.304001
0.146147
0.431601
0.885795
0.622195
0.652688
0.679570
0.500084
0.141187
0.619559
0.091282
0.657637
0.425568
0.326770
0.719235
0.627056
0.267661
0.094500
0.663471
0.802474
0.343261
0.743945
0.351044
0.997580
0.119224
0.850018
0.416898
0.265917
0.190251
0.054741
0.290354
0.271060
0.217866
0.856578
0.032469
0.316337
0.087456
0.588870
0.210817
0.111298
0.960202
0.877940
0.084116
0.133878
0.731101
0.153119
0.903286
0.147552
0.901624
0.238600
0.630992
0.078141
0.409984
0.959204
0.611114
0.743564
0.141872
0.854262
0.064539
0.981779
0.262567
0.628178
0.489571
0.829544
0.494835
0.032060
0.954552
0.781145
0.827323
0.424104
0.597077
0.687826
0.921334
0.800108
0.707653
0.852729
0.720057
0.419453
0.254627
0.812397
0.218236
0.122703
0.389753
0.575494
0.270916
0.688285
0.007276
0.785761
0.190701
0.297881
0.070816
0.884346
0.171618
0.860537
0.787752
0.533571
0.486479
0.118235
0.525935
0.918825
0.619911
0.451836
0.217218
0.328220
0.942066
0.003833
0.070959
0.303737
0.103571
0.308025
0.281925
0.517067
0.680212
0.287739
0.724083
0.124806
0.840279
0.272167
0.896963
0.149219
0.306636
0.150078
0.766597
0.282532
0.982449
0.794085
0.109504
0.466780
0.380972
0.355773
0.126588
0.621337
0.007666
0.658563
0.903930
0.612215
0.882862
0.954003
0.828746
0.038669
0.245596
0.308114
0.749912
0.882992
0.658760
0.444102
0.041468
0.680115
0.241315
0.379813
0.181990
0.437866
0.818415
0.603074
0.009339
0.321684
0.622744
0.062953
0.815411
0.526209
0.752135
0.204052
0.384621
0.129305
0.326397
0.715379
0.287937
0.072499
0.860856
0.232975
0.165723
0.168180
0.440945
0.851129
0.671049
0.802572
0.230663
0.932436
0.613728
0.311011
0.552110
0.130578
0.916439
0.046518
0.341829
0.067070
0.149858
0.564238
0.315169
0.346593
0.894880
0.895050
0.479572
0.214044
0.337383
0.295289
0.042881
0.606242
0.544547
0.521948
0.809639
0.635149
0.620777
0.401456
0.376935
0.957424
0.574545
0.214655
0.096462
0.383638
0.533044
0.112398
0.610005
0.603330
0.066879
0.978356
0.775049
0.739428
0.588935
0.863349
0.943310
0.584960
0.186320
0.495861
0.539897
0.850440
0.057414
0.515031
0.901084
0.392956
0.042547
0.736344
0.785136
0.585766
0.251010
0.128830
0.278617
0.394841
0.552707
0.610492
0.119739
0.078080
0.882825
0.532221
0.374598
0.232299
0.924939
0.767865
0.790057
0.248079
0.423773
0.029483
0.851203
0.455411
0.124675
0.924252
0.169060
0.762968
0.243233
0.826666
0.376954
0.616876
0.395443
0.992544
0.517574
0.383912
0.635611
0.047356
0.237604
0.848969
0.584643
0.770154
0.987477
0.504054
0.623418
0.617165
0.349352
0.589632
0.672209
0.009250
0.320159
0.869138
0.684292
0.789983
0.576455
0.611320
0.516291
0.363040
0.895759
0.006956
0.274969
0.677906
0.941825
0.837328
0.415040
0.962130
0.709553
0.769754
0.219578
0.829361
0.224489
0.605113
0.637306
0.229424
0.491533
0.615424
0.692667
0.676316
0.561783
0.054682
0.597505
0.990314
0.543599
0.818746
0.659270
0.541600
0.016963
0.182414
0.841137
0.976873
0.945958
0.713094
0.234841
0.861186
0.634407
0.806751
0.467373
0.460525
0.580201
0.315986
0.497280
0.333959
0.284864
0.241998
0.043880
0.977147
0.931188
0.288515
0.821309
0.862802
0.602250
0.870002
0.466460
0.931805
0.863262
0.119131
0.812332
0.395997
0.531228
0.036828
0.582358
0.287316
0.518482
0.706422
0.392478
0.116787
0.441367
0.782556
0.730975
0.551574
0.155426
0.143498
0.535867
0.861543
0.418926
0.837176
0.659512
0.883065
0.136801
0.478202
0.563218
0.173390
0.221338
0.084065
0.543471
0.332242
0.382480
0.538879
0.787774
0.018221
0.472255
0.304877
0.083183
0.028420
0.431725
0.574543
0.655083
0.903921
0.986513
0.475700
0.857488
0.507598
0.804265
0.461262
0.338514
0.951234
0.644677
0.184162
0.294388
0.356104
0.614556
0.573228
0.040492
0.366065
0.985832
0.880703
0.765981
0.918192
0.376919
0.107435
0.006241
0.758137
0.655056
0.664553
0.431172
0.982743
0.641431
0.685040
0.482444
0.839789
0.028561
0.135990
0.534626
0.124917
0.521324
0.430437
0.547523
0.221307
0.744724
0.521285
0.924148
0.733142
0.312298
0.450743
0.903383
0.295562
0.493284
0.795261
0.571110
0.700033
0.262569
0.703817
0.350238
0.574840
0.257740
0.888726
0.869800
0.297852
0.129590
0.652126
0.766784
0.306604
0.267504
0.274090
0.451475
0.894834
0.455309
0.852693
0.987257
0.752583
0.196663
0.272257
0.177653
0.898240
0.506464
0.730053
0.005071
0.166885
0.645182
0.317470
0.874632
0.633177
0.559824
0.219547
0.439493
0.254029
0.656201
0.154084
0.237402
0.783289
0.664410
0.752507
0.177456
0.726589
0.959573
0.520263
0.166134
0.530103
0.183658
0.182756
0.546922
0.514790
0.787067
0.298461
0.602090
0.632342
0.310114
0.725593
0.291284
0.206776
0.478697
0.381048
0.702286
0.384759
0.353656
0.795805
0.996160
0.418358
0.692396
0.611773
0.933440
0.403942
0.681391
0.790460
0.470489
0.004935
0.840784
0.119818
0.375710
0.346846
0.233259
0.365165
0.903195
0.335894
0.409059
0.162964
0.205418
0.193446
0.302046
0.599122
0.404755
0.253170
0.057044
0.240002
0.973440
0.705803
0.749886
0.634798
0.799867
0.830742
0.876221
0.719770
0.912133
0.458270
0.535496
0.912139
0.262963
0.640733
0.859096
0.565283
0.088648
0.001958
0.347267
0.995256
0.582690
0.914396
0.543487
0.906234
0.776167
0.627243
0.777012
0.211129
0.504533
0.762607
0.918417
0.231668
0.937097
0.908853
0.827543
0.885351
0.732608
0.490646
0.020979
0.836963
0.203420
0.976032
0.374406
0.869087
0.772242
0.005880
0.215139
0.865299
0.199407
0.085969
0.998011
0.304359
0.864277
0.374600
0.923685
0.833595
0.480574
0.308219
0.117025
0.171462
0.800127
0.735615
0.583535
0.926455
0.760240
0.951068
0.587321
0.102718
0.413476
0.023334
0.812435
0.578960
0.461266
0.777774
0.882879
0.230981
0.020044
0.291939
0.211560
0.950224
0.965482
0.071373
0.646000
0.469216
0.021231
0.864850
0.883830
0.814383
0.237061
0.211239
0.783761
0.589176
0.300503
0.060067
0.621766
0.164314
0.768528
0.622796
0.396127
0.782603
0.923245
0.862093
0.811481
0.435612
0.039321
0.753815
0.648195
0.047586
0.001354
0.624984
0.410946
0.714464
0.886765
0.116440
0.245015
0.745621
0.403240
0.698731
0.890899
0.592834
0.368064
0.413586
0.432052
0.021602
0.277920
0.772500
0.775856
0.477931
0.839329
0.341604
0.427730
0.469411
0.118789
0.723416
0.390378
0.150251
0.093911
0.828093
0.896696
0.176060
0.026045
0.848402
0.602345
0.195519
0.487257
0.224479
0.493305
0.926268
0.858245
0.539248
0.760211
0.610680
0.029201
0.327477
0.644475
0.122627
0.946607
0.737408
0.645250
0.402624
0.447100
0.051791
0.599489
0.938709
0.037352
0.875165
0.102598
0.360653
0.214386
0.118411
0.351429
0.760698
0.778178
0.473669
0.076387
0.389748
0.499116
0.258581
0.330865
0.622830
0.994132
0.125966
0.054565
0.841476
0.915783
0.163042
0.787037
0.490201
0.856292
0.244500
0.428000
0.172975
0.861112
0.729357
0.505192
0.953913
0.890654
0.697698
0.986264
0.001721
0.080793
0.077154
0.960866
0.403847
0.458050
0.299097
0.708989
0.204853
0.949053
0.311829
0.182816
0.872254
0.780259
0.045119
0.166977
0.136631
0.746668
0.121780
0.485946
0.213057
0.500565
0.023929
0.221277
0.306171
0.995514
0.992448
0.843976
0.097187
0.148850
0.037959
0.301180
0.969878
0.364853
0.998733
0.714668
0.213437
0.731883
0.196542
0.353660
0.049083
0.647073
0.932973
0.448878
0.567265
0.988836
0.042693
0.587006
0.583173
0.025468
0.820473
0.225487
0.616655
0.640095
0.179487
0.380467
0.572065
0.411748
0.317269
0.845347
0.174566
0.214322
0.856550
0.199451
0.549183
0.362645
0.189946
0.034926
0.041679
0.764257
0.566089
0.042399
0.557154
0.577556
0.707578
0.738933
0.211102
0.976142
0.380474
0.850671
0.373220
0.579086
0.445579
0.566981
0.708341
0.840681
0.539776
0.436866
0.849959
0.973302
0.359460
0.190291
0.695293
0.185325
0.667757
0.829704
0.099175
0.893680
0.914687
0.277518
0.126209
0.968227
0.958698
0.495186
0.952891
0.692683
0.694638
0.354687
0.496468
0.303590
0.735062
0.673971
0.685176
0.373607
0.138088
0.488845
0.821723
0.726154
0.927336
0.073971
0.372102
0.652806
0.880953
0.928481
0.925381
0.209469
0.272554
0.374897
0.504417
0.908606
0.593953
0.785869
0.396572
0.928148
0.366830
0.438065
0.548585
0.608207
0.218661
0.517417
0.208691
0.698634
0.139862
0.769989
0.076648
0.107527
0.108846
0.347740
0.960273
0.446117
0.845752
0.662356
0.853911
0.991476
0.782282
0.891575
0.015387
0.927050
0.284578
0.523726
0.635777
0.073168
0.780191
0.054817
0.479931
0.287333
0.683026
0.229824
0.881075
0.701568
0.517221
0.841823
0.953118
0.855518
0.470035
0.849594
0.889074
0.082330
0.984352
0.960819
0.340139
0.858534
0.084727
0.853154
0.010907
0.710903
0.740378
0.102613
0.702408
0.504222
0.949060
0.875622
0.073417
0.824626
0.794579
0.186108
0.999330
0.715460
0.534332
0.297268
0.984538
0.112350
0.743977
0.555967
0.206715
0.575870
0.970426
0.305741
0.164078
0.850406
0.883019
0.309066
0.632181
0.927162
0.743120
0.730120
0.962367
0.977177
0.951815
0.681498
0.086299
0.756012
0.754738
0.779345
0.341501
0.319625
0.731014
0.134123
0.011145
0.151456
0.037513
0.879082
0.300011
0.145080
0.827166
0.967304
0.193893
0.749143
0.326449
0.081355
0.571540
0.140310
0.721909
0.361726
0.403228
0.833821
0.169955
0.020296
0.021707
0.817363
0.481544
0.746582
0.980102
0.859180
0.338736
0.105169
0.904632
0.211855
0.440584
0.564663
0.041836
0.734627
0.840162
0.578294
0.721623
0.574379
0.683562
0.674812
0.086551
0.672897
0.777957
0.220816
0.849379
0.559377
0.253932
0.521831
0.256546
0.305514
0.323404
0.863271
0.373568
0.188320
0.717081
0.812339
0.334701
0.154928
0.184403
0.450665
0.675990
0.605214
0.712436
0.512221
0.707139
0.402764
0.172549
0.223325
0.279545
0.352446
0.287899
0.027215
0.028338
0.212921
0.776064
0.605038
0.255069
0.573662
0.335516
0.192822
0.171531
0.656388
0.047730
0.639025
0.137633
0.197857
0.428167
0.183131
0.237690
0.541440
0.612131
0.280068
0.787209
0.775051
0.139507
0.150296
0.930561
0.178492
0.185359
0.537640
0.959665
0.218891
0.097774
0.327294
0.483131
0.303206
0.682949
0.370138
0.528861
0.265240
0.924748
0.966261
0.542617
0.044542
0.768201
0.354379
0.319156
0.978245
0.931905
0.843076
0.986466
0.956278
0.563139
0.497254
0.369955
0.126637
0.203745
0.886028
0.551060
0.731106
0.208231
0.117986
0.159976
0.712916
0.334005
0.282300
0.407736
0.285756
0.014620
0.509699
0.868726
0.366839
0.309975
0.930640
0.417411
0.443673
0.103982
0.088029
0.146210
0.712057
0.863353
0.341995
0.735537
0.448616
0.676223
0.952293
0.099234
0.180970
0.023101
0.042048
0.723286
0.018141
0.384126
0.221230
0.283690
0.087830
0.616471
0.200455
0.748804
0.590248
0.726652
0.160630
0.417024
0.073828
0.068886
0.601279
0.434031
0.829570
0.898979
0.994179
0.293661
0.310367
0.051595
0.177470
0.218044
0.341320
0.157475
0.131608
0.708295
0.998417
0.027893
0.159428
0.767034
0.891788
0.471667
0.859781
0.969057
0.627916
0.455410
0.433548
0.763970
0.253529
0.042891
0.072618
0.758883
0.133535
0.258055
0.971326
0.957680
0.081452
0.170668
0.364767
0.493848
0.243281
0.001280
0.172984
0.041516
0.982868
0.942975
0.281723
0.005977
0.166771
0.062760
0.671723
0.412257
0.707190
0.045648
0.705622
0.455922
0.867637
0.098191
0.565624
0.667204
0.778963
0.327129
0.761174
0.932299
0.711917
0.332953
0.183839
0.916427
0.098145
0.476883
0.250281
0.033995
0.022820
0.479622
0.352154
0.057824
0.589118
0.654449
0.216607
0.803953
0.973971
0.333188
0.700106
0.815283
0.673346
0.484285
0.302916
0.588983
0.213189
0.231558
0.847772
0.098392
0.835619
0.497743
0.844269
0.449962
0.537577
0.298430
0.324975
0.836211
0.629110
0.200576
0.139178
0.640334
0.838143
0.708879
0.809071
0.307373
0.674921
0.847893
0.058607
0.408129
0.398409
0.134949
0.719598
0.219281
0.724458
0.577510
0.089223
0.957776
0.466397
0.039331
0.378999
0.917120
0.297300
0.485309
0.062572
0.832787
0.823114
0.589669
0.838261
0.575066
0.320309
0.252545
0.195883
0.248946
0.843111
0.664296
0.074715
0.037501
0.575567
0.055170
0.662981
0.019931
0.283894
0.712175
0.596387
0.137240
0.615319
0.699133
0.725300
0.673381
0.750951
0.115592
0.533203
0.820692
0.121425
0.233183
0.483274
0.155179
0.463829
0.183603
0.059967
0.256557
0.474918
0.692129
0.557395
0.163327
0.596201
0.977513
0.479479
0.295097
0.558091
0.118575
0.476020
0.640048
0.079039
0.836634
0.496253
0.179197
0.537147
0.600049
0.233497
0.281843
0.340992
0.733326
0.132237
0.286359
0.567742
0.741044
0.387508
0.102005
0.013764
0.440804
0.375568
0.902446
0.028879
0.765880
0.188480
0.098667
0.152761
0.945450
0.011780
0.593445
0.022410
0.318368
0.576767
0.943761
0.014474
0.577354
0.164069
0.650670
0.476023
0.988183
0.444753
0.314309
0.892034
0.968536
0.865071
0.337764
0.256895
0.651418
0.341365
0.037287
0.939090
0.177839
0.497302
0.264566
0.241303
0.864189
0.795455
0.612849
0.309607
0.144655
0.172764
0.153282
0.292308
0.793272
0.652326
0.918003
0.307409
0.050712
0.074412
0.546644
0.573210
0.506611
0.254176
0.973892
0.574242
0.179831
0.453041
0.635617
0.568828
0.879160
0.950505
0.584624
0.648841
0.470099
0.362822
0.355921
0.599712
0.895897
0.298576
0.424170
0.501963
0.151120
0.327107
0.218070
0.496267
0.753950
0.406772
0.510129
0.603411
0.650997
0.953259
0.994783
0.450323
0.879642
0.185223
0.459243
0.608038
0.343471
0.061195
0.392573
0.881041
0.783909
0.798351
0.219315
0.802988
0.685092
0.154939
0.181001
0.440125
0.580863
0.363007
0.115775
0.852752
0.865570
0.049905
0.943499
0.038138
0.989437
0.903642
0.538410
0.186263
0.261439
0.170777
0.397850
0.465287
0.476881
0.762472
0.424853
0.702062
0.743898
0.455738
0.612343
0.146679
0.385514
0.067892
0.372216
0.397854
0.246205
0.942460
0.165317
0.781986
0.160504
0.488395
0.726817
0.874221
0.944220
0.969665
0.361197
0.157658
0.166555
0.342035
0.114243
0.363335
0.945704
0.505212
0.525355
0.137410
0.545250
0.192988
0.078068
0.893475
0.519717
0.407563
0.153019
0.312471
0.122424
0.347069
0.545311
0.128882
0.626938
0.442125
0.784156
0.877945
0.026308
0.157028
0.730328
0.321918
0.834994
0.607384
0.916662
0.080809
0.422284
0.766293
0.826081
0.680737
0.619863
0.777865
0.804415
0.026646
0.358982
0.856286
0.412817
0.290603
0.565160
0.841876
0.114611
0.076517
0.653049
0.117759
0.938994
0.530737
0.075604
0.401628
0.890550
0.978469
0.766308
0.540593
0.897814
0.701005
0.919225
0.711723
0.081421
0.260023
0.749111
0.209284
0.435077
0.313986
0.204827
0.859165
0.059841
0.258569
0.537587
0.102877
0.080074
0.217924
0.287011
0.233923
0.050813
0.485908
0.200094
0.428354
0.091086
0.394760
0.570500
0.103739
0.242472
0.811306
0.129534
0.265528
0.550569
0.924924
0.258811
0.590277
0.539394
0.204231
0.673341
0.769276
0.832459
0.226756
0.759251
0.545840
0.453432
0.503535
0.281779
0.861423
0.395023
0.263405
0.717004
0.750801
0.504981
0.874196
0.937849
0.249925
0.027552
0.963757
0.505545
0.491519
0.729243
0.275792
0.408424
0.736966
0.697703
0.626397
0.448851
0.936935
0.447485
0.398750
0.726383
0.120403
0.008609
0.566833
0.092905
0.809172
0.372497
0.124958
0.277380
0.554473
0.980949
0.728174
0.479688
0.639368
0.370334
0.638711
0.922467
0.015994
0.424955
0.404139
0.606384
0.414624
0.797158
0.851999
0.739210
0.521268
0.560893
0.620777
0.075738
0.655339
0.270394
0.815022
0.209002
0.956724
0.783869
0.089436
0.360518
0.914355
0.017597
0.258378
0.017185
0.822800
0.549851
0.978543
0.115758
0.360247
0.574370
0.357716
0.065192
0.845889
0.284611
0.055404
0.576970
0.496710
0.574341
0.224727
0.820275
0.287162
0.985851
0.021738
0.280734
0.178428
0.689639
0.510193
0.748535
0.869885
0.801066
0.107861
0.136088
0.910941
0.439494
0.855378
0.290804
0.558328
0.319765
0.200373
0.260861
0.967921
0.587503
0.747406
0.648566
0.951694
0.618479
0.956960
0.976602
0.123924
0.194803
0.622342
0.548469
0.805464
0.240514
0.509316
0.929001
0.784088
0.086807
0.816533
0.149087
0.160360
0.279752
0.471481
0.467660
0.994384
0.261086
0.999330
0.078216
0.745655
0.568816
0.055779
0.179864
0.236922
0.255918
0.958754
0.885604
0.728800
0.646758
0.152294
0.827445
0.054495
0.821732
0.370456
0.073404
0.507396
0.699947
0.250281
0.884110
0.406885
0.101012
0.620702
0.034682
0.082300
0.032165
0.071090
0.412574
0.238671
0.434035
0.344046
0.196789
0.612171
0.825978
0.742181
0.156598
0.034120
0.458646
0.714200
0.021936
0.030037
0.007209
0.270486
0.452507
0.149416
0.869996
0.160450
0.769712
0.101502
0.917966
0.970866
0.888013
0.445894
0.760587
0.232865
0.785394
0.021965
0.240911
0.371581
0.553181
0.200057
0.980906
0.122134
0.652538
0.586764
0.198560
0.953703
0.239063
0.437093
0.088857
0.784183
0.480918
0.123414
0.476192
0.885065
0.044091
0.724221
0.927863
0.532845
0.627272
0.749153
0.585489
0.681833
0.546491
0.068630
0.688977
0.345641
0.266441
0.109754
0.498357
0.471979
0.993031
0.891885
0.471474
0.978373
0.444324
0.567124
0.336412
0.244911
0.840107
0.098606
0.859367
0.303514
0.551708
0.833442
0.701424
0.150207
0.462718
0.021853
0.877944
0.075510
0.559410
0.298648
0.875588
0.555882
0.920060
0.511061
0.884868
0.582901
0.850251
0.765832
0.607754
0.192810
0.333523
0.630501
0.484537
0.372807
0.072289
0.995643
0.532842
0.296891
0.693572
0.357171
0.432374
0.427599
0.120323
0.366056
0.446460
0.214279
0.766511
0.306629
0.717354
0.836719
0.129064
0.077907
0.675281
0.457409
0.220353
0.873721
0.576520
0.138413
0.231493
0.679347
0.646066
0.690818
0.131032
0.252269
0.104432
0.106730
0.799761
0.243906
0.462258
0.585684
0.409268
0.323617
0.123406
0.566002
0.943646
0.317129
0.846879
0.910730
0.971056
0.079295
0.577088
0.453053
0.192916
0.745760
0.204021
0.624600
0.111974
0.913916
0.650330
0.004322
0.535078
0.721236
0.788533
0.101024
0.334496
0.201670
0.102524
0.120504
0.318867
0.805770
0.054531
0.953047
0.923264
0.334299
0.429485
0.530840
0.966423
0.364580
0.178206
0.226317
0.539722
0.913182
0.440620
0.492136
0.963497
0.701827
0.518923
0.003878
0.119808
0.334026
0.153605
0.289485
0.217131
0.290637
0.394935
0.706130
0.203483
0.990506
0.567914
0.256228
0.584123
0.799050
0.006065
0.579574
0.954025
0.599030
0.631516
0.587562
0.181207
0.144075
0.635540
0.046683
0.104466
0.411445
0.061719
0.510230
0.989261
0.554996
0.406696
0.736685
0.641815
0.065894
0.371564
0.127636
0.258932
0.594884
0.857591
0.133264
0.206710
0.528185
0.487360
0.220997
0.313990
0.275786
0.427601
0.860152
0.946848
0.996936
0.720894
0.095513
0.531291
0.808328
0.624909
0.679277
0.917084
0.785407
0.581485
0.324658
0.552622
0.150489
0.162303
0.298612
0.067284
0.051317
0.978544
0.675409
0.153820
0.363100
0.711064
0.078070
0.401052
0.823112
0.774428
0.100491
0.660402
0.841111
0.128728
0.681760
0.024147
0.067034
0.400324
0.050891
0.356593
0.769982
0.066334
0.653613
0.530953
0.553988
0.344598
0.001083
0.985966
0.655528
0.754330
0.790876
0.500555
0.018624
0.763442
0.700196
0.187070
0.493384
0.503597
0.056147
0.791000
0.555167
0.247847
0.373696
0.546255
0.080712
0.039120
0.603616
0.831048
0.365446
0.908866
0.544518
0.882522
0.128097
0.208627
0.298878
0.213227
0.864230
0.414798
0.055625
0.405628
0.203588
0.877088
0.884134
0.590212
0.755353
0.429362
0.257849
0.508745
0.133592
0.930256
0.681821
0.168600
0.019276
0.059100
0.177423
0.170872
0.296878
0.266485
0.439667
0.979825
0.798629
0.421199
0.796976
0.251805
0.278228
0.455887
0.598881
0.587508
0.932923
0.289571
0.371821
0.363840
0.597252
0.389417
0.914642
0.963749
0.377016
0.967485
0.960229
0.499500
0.695705
0.727798
0.974270
0.933858
0.940077
0.069214
0.071948
0.183435
0.053156
0.291242
0.743421
0.849785
0.702680
0.771094
0.533568
0.599287
0.206094
0.705737
0.824350
0.006986
0.109310
0.314057
0.332432
0.918648
0.569648
0.640221
0.632765
0.767697
0.091964
0.105163
0.332600
0.929374
0.303807
0.831257
0.190992
0.395610
0.657687
0.674791
0.356990
0.024386
0.027583
0.797906
0.438481
0.999121
0.489507
0.189301
0.708488
0.407203
0.964840
0.699264
0.442564
0.158041
0.058902
0.294186
0.666090
0.621792
0.104497
0.180718
0.103822
0.813224
0.962342
0.328225
0.760857
0.409535
0.175635
0.292250
0.688609
0.052865
0.184548
0.583236
0.588282
0.934792
0.674528
0.643201
0.891276
0.393353
0.114565
0.224562
0.512713
0.478394
0.835900
0.882681
0.804339
0.394326
0.568375
0.809017
0.508795
0.924565
0.314733
0.363407
0.261278
0.827203
0.161140
0.977502
0.528613
0.637006
0.437742
0.458999
0.311022
0.356616
0.633379
0.037218
0.058986
0.133686
0.195115
0.460886
0.536503
0.836404
0.601973
0.341548
0.862034
0.515045
0.673444
0.280716
0.108351
0.301306
0.471565
0.722312
0.180248
0.501630
0.379739
0.327756
0.612280
0.308750
0.225331
0.919577
0.444118
0.932349
0.874242
0.918071
0.804910
0.452118
0.516221
0.988347
0.745951
0.663374
0.316249
0.403303
0.537758
0.627601
0.900688
0.039416
0.037868
0.990332
0.932429
0.881705
0.142805
0.991274
0.196560
0.393314
0.175033
0.992814
0.041158
0.872608
0.595539
0.491229
0.805115
0.291747
0.557022
0.570328
0.109154
0.697841
0.762570
0.401635
0.414564
0.720066
0.220814
0.402706
0.378228
0.519640
0.000877
0.421300
0.798044
0.647282
0.808213
0.625572
0.880233
0.034419
0.304445
0.628835
0.433876
0.086756
0.868640
0.662866
0.157310
0.715307
0.091549
0.909727
0.409245
0.821206
0.464993
0.403533
0.722337
0.233673
0.592099
0.387658
0.520585
0.419764
0.025947
0.748326
0.230959
0.270918
0.629469
0.903114
0.654881
0.302831
0.832330
0.485336
0.491891
0.356601
0.394915
0.686850
0.425741
0.082080
0.438335
0.479187
0.816199
0.637538
0.585159
0.073995
0.646455
0.218448
0.710163
0.278973
0.799023
0.594814
0.014922
0.396592
0.549464
0.200109
0.015250
0.463877
0.438754
0.681691
0.526161
0.078099
0.707518
0.945335
0.414611
0.353029
0.528923
0.655219
0.694456
0.432865
0.376459
0.981878
0.498870
0.107525
0.507110
0.017893
0.480481
0.746861
0.462974
0.144891
0.765429
0.747646
0.412937
0.473013
0.590668
0.882906
0.522808
0.069597
0.159779
0.197189
0.293734
0.628470
0.896175
0.914390
0.115813
0.632876
0.598306
0.149436
0.301752
0.358450
0.812949
0.145992
0.483874
0.719557
0.953038
0.325641
0.850807
0.251149
0.068145
0.328113
0.876141
0.254708
0.110597
0.567067
0.543015
0.432859
0.769382
0.913757
0.923153
0.352324
0.318227
0.165428
0.137813
0.764864
0.153262
0.021041
0.459961
0.999121
0.721889
0.603607
0.615720
0.959370
0.818305
0.564270
0.091931
0.766210
0.557074
0.354945
0.388317
0.554272
0.644898
0.843844
0.704113
0.810895
0.898361
0.496774
0.923719
0.923831
0.971085
0.294084
0.719577
0.056971
0.472243
0.508212
0.493291
0.583434
0.927964
0.609019
0.767567
0.142382
0.578436
0.710512
0.400694
0.971368
0.142193
0.062489
0.464325
0.036721
0.700896
0.610098
0.928316
0.659129
0.285545
0.041273
0.791658
0.375542
0.710138
0.886792
0.328937
0.554074
0.192676
0.172167
0.764389
0.695013
0.926599
0.808699
0.502024
0.114278
0.478231
0.988430
0.826353
0.068714
0.756932
0.372159
0.524274
0.895280
0.763117
0.060488
0.679245
0.995073
0.903193
0.366584
0.953099
0.891933
0.767235
0.089033
0.232055
0.074332
0.901735
0.559080
0.789487
0.125890
0.642182
0.625654
0.060931
0.048142
0.974197
0.282647
0.173203
0.760322
0.002384
0.846868
0.190234
0.152811
0.867313
0.894352
0.288579
0.698240
0.166837
0.161913
0.145213
0.458893
0.521356
0.846253
0.583154
0.139391
0.146094
0.382922
0.085078
0.935252
0.038872
0.481934
0.244205
0.932951
0.900346
0.728061
0.402452
0.384914
0.525921
0.135435
0.939716
0.769339
0.354408
0.063988
0.471038
0.152930
0.947426
0.666919
0.110645
0.304251
0.584126
0.523453
0.238018
0.603195
0.176251
0.220826
0.600323
0.201587
0.486194
0.957132
0.091076
0.801532
0.922534
0.737365
0.124632
0.819224
0.109563
0.595739
0.882098
0.626611
0.205335
0.587062
0.023108
0.842680
0.661603
0.809253
0.160492
0.658121
0.473010
0.630703
0.886404
0.596470
0.005880
0.954542
0.558740
0.663359
0.391834
0.033378
0.029557
0.031566
0.240871
0.000940
0.881149
0.318791
0.704184
0.281443
0.373298
0.499624
0.690154
0.915307
0.773977
0.962323
0.408220
0.065102
0.107139
0.380731
0.344570
0.673858
0.900950
0.674979
0.830322
0.996894
0.538261
0.431222
0.475567
0.247525
0.312872
0.837324
0.949620
0.537781
0.779268
0.361657
0.786388
0.980870
0.183416
0.496411
0.590800
0.997615
0.395591
0.642376
0.083994
0.451559
0.285331
0.413247
0.826959
0.065643
0.819922
0.865080
0.039547
0.158126
0.502199
0.538634
0.128604
0.009327
0.246268
0.163719
0.159020
0.238297
0.310531
0.886989
0.457982
0.456124
0.840274
0.216495
0.607939
0.868324
0.525378
0.343128
0.639777
0.542984
0.445226
0.213105
0.025474
0.035833
0.679794
0.846209
0.939766
0.182182
0.524675
0.877410
0.611414
0.727728
0.687453
0.108781
0.561761
0.249748
0.862883
0.185512
0.691577
0.097414
0.087768
0.938851
0.636303
0.654095
0.543335
0.812776
0.637993
0.972682
0.932370
0.076836
0.143656
0.487562
0.943308
0.580639
0.839809
0.534857
0.271745
0.936400
0.964754
0.802496
0.919046
0.255108
0.939056
0.945251
0.686973
0.524904
0.853694
0.986055
0.011332
0.973649
0.302559
0.351666
0.648968
0.983848
0.813967
0.234332
0.375285
0.345722
0.246996
0.879866
0.122118
0.408619
0.104702
0.246493
0.230984
0.884531
0.268694
0.300056
0.791761
0.579333
0.778851
0.973482
0.943049
0.883593
0.428044
0.157528
0.323917
0.698309
0.183954
0.063495
0.367560
0.151560
0.217096
0.136120
0.330343
0.576425
0.144199
0.547751
0.853758
0.162272
0.386394
0.996385
0.695373
0.400994
0.299331
0.305236
0.255697
0.164303
0.323301
0.597332
0.623152
0.252019
0.301559
0.933957
0.495581
0.625361
0.659028
0.271382
0.184780
0.911582
0.265931
0.838845
0.625777
0.061661
0.835298
0.176637
0.284526
0.232820
0.032741
0.622830
0.960507
0.820985
0.384025
0.198831
0.822656
0.400375
0.432373
0.237731
0.691020
0.750405
0.664615
0.517312
0.409601
0.823363
0.843557
0.815440
0.459540
0.885753
0.763440
0.085133
0.282052
0.154860
0.905370
0.657549
0.647595
0.349670
0.188762
0.002852
0.086246
0.028567
0.281382
0.512876
0.633316
0.538665
0.891834
0.088863
0.927084
0.543757
0.881184
0.017519
0.990101
0.416894
0.011126
0.866065
0.533894
0.313771
0.920144
0.010892
0.535535
0.315437
0.571568
0.695448
0.564522
0.021285
0.642539
0.373832
0.294765
0.060646
0.174434
0.891626
0.959110
0.895221
0.446319
0.061244
0.816508
0.523708
0.485943
0.353640
0.863296
0.339621
0.529598
0.121841
0.872689
0.795835
0.073849
0.536286
0.967738
0.103991
0.029533
0.711428
0.384191
0.149611
0.851285
0.473022
0.156746
0.887518
0.943600
0.413779
0.445502
0.746751
0.065808
0.040966
0.123470
0.116293
0.911373
0.584543
0.570042
0.696158
0.419063
0.731743
0.092473
0.823051
0.191727
0.928702
0.745755
0.553416
0.518701
0.858951
0.992684
0.093155
0.895981
0.111002
0.577040
0.683926
0.449139
0.393726
0.344619
0.418464
0.731835
0.881385
0.694404
0.086719
0.801466
0.474410
0.765389
0.522418
0.176045
0.973798
0.737213
0.294495
0.025246
0.084547
0.353446
0.785075
0.125600
0.906901
0.557718
0.827782
0.456214
0.435440
0.292132
0.306053
0.677767
0.779055
0.856021
0.387126
0.562383
0.999121
0.273704
0.896226
0.758705
0.207570
0.235970
0.517058
0.550967
0.175888
0.126695
0.885727
0.858412
0.713581
0.670935
0.869129
0.276986
0.073077
0.329907
0.576224
0.136648
0.099036
0.586245
0.428594
0.958598
0.950129
0.914440
0.449621
0.640016
0.701132
0.201557
0.150406
0.541709
0.069028
0.593599
0.873268
0.314758
0.842164
0.431706
0.374962
0.058082
0.955049
0.216135
0.013447
0.912873
0.319121
0.518623
0.162622
0.994659
0.940320
0.813704
0.984307
0.771036
0.397476
0.659667
0.298298
0.104139
0.463446
0.607117
0.918644
0.792360
0.487475
0.209237
0.173490
0.025437
0.758112
0.348564
0.649807
0.780381
0.488867
0.560824
0.052940
0.261364
0.543051
0.641619
0.040717
0.562733
0.691372
0.565671
0.376623
0.208312
0.899018
0.864238
0.686409
0.098832
0.113293
0.311969
0.735117
0.048948
0.685408
0.022120
0.750687
0.991448
0.249572
0.275088
0.987430
0.403897
0.609873
0.280680
0.075414
0.516391
0.383168
0.254546
0.665171
0.692069
0.418826
0.063556
0.422625
0.447636
0.890054
0.137518
0.325526
0.171787
0.624920
0.463946
0.775106
0.587028
0.338179
0.371389
0.877767
0.626055
0.729612
0.292234
0.030236
0.008298
0.644689
0.089441
0.114118
0.615271
0.034649
0.379272
0.174839
0.594476
0.113240
0.113984
0.725574
0.149417
0.865816
0.769293
0.125458
0.485837
0.824662
0.560313
0.976843
0.529201
0.355505
0.169884
0.858896
0.562392
0.599314
0.482600
0.951878
0.971836
0.847703
0.478558
0.242059
0.060495
0.588360
0.939389
0.862523
0.472125
0.499674
0.376360
0.098054
0.867479
0.483798
0.011629
0.337595
0.153202
0.759168
0.868633
0.517176
0.951321
0.363448
0.680172
0.878300
0.133759
0.094181
0.261405
0.236853
0.764181
0.307219
0.062490
0.778152
0.679800
0.644313
0.389070
0.073793
0.309228
0.134852
0.319845
0.761641
0.118906
0.348504
0.954880
0.894515
0.879518
0.922933
0.576426
0.395715
0.673736
0.583409
0.610461
0.457104
0.265765
0.360363
0.441025
0.971647
0.018915
0.419939
0.883921
0.647497
0.486682
0.496566
0.189542
0.042219
0.981701
0.272460
0.268301
0.167742
0.821174
0.025593
0.353181
0.130171
0.391766
0.975913
0.703000
0.611640
0.115961
0.931906
0.362444
0.298677
0.639149
0.180581
0.320456
0.084840
0.005342
0.099977
0.021063
0.293188
0.021879
0.402490
0.688768
0.091883
0.811608
0.359961
0.926793
0.826233
0.456012
0.109423
0.858091
0.321893
0.495228
0.405575
0.517480
0.282899
0.580745
0.586867
0.314526
0.217513
0.093235
0.077919
0.201143
0.674432
0.720020
0.728848
0.459895
0.808386
0.622372
0.660359
0.027778
0.061033
0.559464
0.122861
0.469163
0.230913
0.430330
0.074699
0.578399
0.902170
0.763731
0.413085
0.329445
0.640162
0.454070
0.207724
0.183359
0.873815
0.094289
0.939321
0.535410
0.847794
0.788487
0.029849
0.237230
0.616800
0.891365
0.451576
0.305559
0.991494
0.381813
0.693935
0.251586
0.649068
0.056276
0.299466
0.292251
0.856856
0.555956
0.422478
0.379793
0.286854
0.911534
0.458741
0.585480
0.131841
0.400583
0.705233
0.459408
0.875932
0.526114
0.871592
0.356340
0.876864
0.909081
0.136956
0.148110
0.933855
0.271957
0.556872
0.750727
0.840232
0.012600
0.126308
0.478064
0.947638
0.525254
0.519638
0.627252
0.939101
0.425255
0.702097
0.121429
0.558695
0.542269
0.656379
0.435469
0.260281
0.439112
0.731873
0.846204
0.697842
0.624412
0.613060
0.951436
0.313173
0.501945
0.050550
0.046934
0.908025
0.740995
0.907603
0.727260
0.988770
0.573823
0.273047
0.858760
0.610956
0.800548
0.576641
0.969693
0.744119
0.890423
0.435105
0.206126
0.436156
0.752804
0.148424
0.139973
0.940785
0.861560
0.070267
0.198932
0.936972
0.663408
0.879444
0.863031
0.018818
0.402758
0.888642
0.569237
0.067913
0.832120
0.921872
0.748790
0.284381
0.035753
0.874450
0.340610
0.691226
0.922739
0.412138
0.461743
0.529643
0.600693
0.364436
0.640006
0.117929
0.939203
0.387961
0.827074
0.487718
0.398345
0.508130
0.498593
0.269578
0.717248
0.951901
0.932547
0.253337
0.024982
0.443547
0.643173
0.471836
0.404767
0.203975
0.074990
0.271668
0.075709
0.548269
0.653942
0.159488
0.176414
0.164138
0.008635
0.313078
0.273789
0.245997
0.457023
0.884831
0.169260
0.197414
0.279694
0.010840
0.434177
0.062488
0.931807
0.977437
0.336244
0.340208
0.477472
0.041714
0.988739
0.932469
0.443339
0.003080
0.592868
0.405818
0.996950
0.876001
0.588768
0.160410
0.359080
0.813180
0.280067
0.820408
0.391188
0.214112
0.557222
0.933236
0.077086
0.463426
0.582368
0.807703
0.594016
0.760859
0.688704
0.871856
0.779211
0.611280
0.125453
0.801404
0.214418
0.866616
0.089529
0.791048
0.028196
0.176880
0.530895
0.818804
0.743636
0.786179
0.413325
0.613596
0.451535
0.070418
0.228361
0.977351
0.874414
0.871564
0.979434
0.254678
0.097776
0.651355
0.316737
0.377867
0.208991
0.924197
0.861979
0.256386
0.612451
0.290921
0.725605
0.213906
0.428288
0.184841
0.106794
0.009876
0.161088
0.959113
0.357245
0.196193
0.509446
0.036308
0.771489
0.554003
0.025795
0.150996
0.286726
0.204359
0.812227
0.434438
0.490781
0.184419
0.019660
0.704397
0.463948
0.495156
0.806943
0.366981
0.744788
0.445992
0.299763
0.142127
0.360770
0.548697
0.887519
0.267980
0.952324
0.513988
0.814844
0.096712
0.994974
0.305926
0.102870
0.286898
0.924324
0.495863
0.497704
0.144108
0.638295
0.513626
0.748241
0.627199
0.094364
0.805603
0.155194
0.716061
0.550863
0.155589
0.585270
0.828247
0.293812
0.476431
0.320156
0.370187
0.801993
0.246369
0.005439
0.867311
0.658510
0.085309
0.859983
0.459799
0.209873
0.713919
0.716223
0.305180
0.541942
0.864037
0.885440
0.462778
0.183198
0.435442
0.512666
0.389275
0.066698
0.566858
0.971221
0.373953
0.048867
0.724984
0.399233
0.062367
0.171633
0.753363
0.886182
0.470215
0.199204
0.073656
0.747698
0.202900
0.706435
0.328084
0.436509
0.895536
0.445882
0.297831
0.316492
0.144642
0.288425
0.454554
0.649083
0.185023
0.990185
0.198941
0.815292
0.588765
0.268233
0.331706
0.115068
0.940248
0.410461
0.380458
0.275838
0.430693
0.251594
0.784376
0.375301
0.074161
0.027572
0.003415
0.785809
0.776926
0.193817
0.177268
0.509302
0.093694
0.937858
0.991290
0.157266
0.523778
0.121606
0.813122
0.588775
0.781722
0.900603
0.518329
0.834571
0.310374
0.043710
0.720938
0.374224
0.377351
0.133194
0.532389
0.798825
0.442421
0.587485
0.578981
0.569842
0.934546
0.902119
0.574088
0.396770
0.511221
0.342785
0.449887
0.107098
0.963944
0.601676
0.258597
0.911761
0.904067
0.807686
0.031604
0.301484
0.731217
0.784713
0.484581
0.302792
0.217568
0.212369
0.247961
0.319630
0.697686
0.350945
0.726856
0.864730
0.744670
0.348091
0.216569
0.205558
0.544920
0.808321
0.655031
0.608789
0.709039
0.847510
0.939368
0.745070
0.024865
0.201682
0.799897
0.926941
0.767160
0.150691
0.462470
0.696345
0.520617
0.950350
0.062593
0.587349
0.488942
0.647990
0.747108
0.382545
0.690230
0.452538
0.528541
0.310060
0.061787
0.216572
0.082351
0.328769
0.897023
0.899435
0.308906
0.093099
0.341027
0.561672
0.552839
0.530993
0.304665
0.295489
0.986814
0.098732
0.591289
0.436783
0.851205
0.068613
0.533834
0.203926
0.693824
0.268102
0.828809
0.948793
0.594929
0.115016
0.639599
0.227718
0.884102
0.909550
0.583862
0.754690
0.271250
0.962107
0.874688
0.696181
0.509550
0.301866
0.155429
0.025774
0.991392
0.455015
0.253633
0.456108
0.528563
0.868329
0.026899
0.593405
0.386702
0.232194
0.326330
0.063782
0.504386
0.710835
0.052013
0.697166
0.224434
0.383942
0.806856
0.040448
0.466014
0.245516
0.304468
0.231882
0.659775
0.578850
0.448834
0.998907
0.663302
0.093790
0.112505
0.334298
0.473325
0.363011
0.168300
0.271434
0.868518
0.839595
0.771494
0.563278
0.169609
0.210780
0.786591
0.625879
0.618617
0.136803
0.742949
0.809248
0.182320
0.729550
0.998723
0.260399
0.496879
0.948307
0.807618
0.419172
0.145858
0.885848
0.522828
0.341201
0.297835
0.156204
0.643165
0.842706
0.000342
0.113534
0.627318
0.621070
0.811268
0.517559
0.643701
0.393233
0.598653
0.987574
0.684305
0.581831
0.078118
0.688379
0.488816
0.474348
0.979156
0.272517
0.938365
0.336808
0.554207
0.807841
0.003940
0.847932
0.556657
0.415048
0.880473
0.498115
0.826365
0.297266
0.231821
0.214286
0.666731
0.418365
0.439068
0.730495
0.880118
0.668004
0.356560
0.537895
0.174933
0.813606
0.105277
0.889288
0.866257
0.990785
0.187077
0.184217
0.982543
0.017075
0.298270
0.362088
0.855662
0.256247
0.316071
0.033484
0.724338
0.423607
0.482831
0.193693
0.207454
0.152238
0.823470
0.306839
0.511501
0.866649
0.600976
0.502579
0.905082
0.798148
0.490023
0.878206
0.224176
0.574653
0.273048
0.594658
0.538143
0.709931
0.927142
0.352151
0.603242
0.471179
0.961007
0.046242
0.524779
0.721591
0.813270
0.163544
0.229810
0.602606
0.867678
0.863133
0.680188
0.759865
0.554977
0.399209
0.413498
0.632628
0.770550
0.626433
0.341326
0.258422
0.162676
0.954793
0.036966
0.716738
0.257242
0.308174
0.956071
0.606330
0.946275
0.021950
0.524265
0.662677
0.942085
0.181030
0.337151
0.352696
0.795252
0.751514
0.314444
0.094351
0.199312
0.956371
0.666862
0.935250
0.310593
0.257664
0.529481
0.366970
0.748143
0.963617
0.818094
0.465336
0.902686
0.916179
0.926945
0.230233
0.068625
0.831307
0.630431
0.585126
0.159709
0.166715
0.722943
0.704101
0.114381
0.746507
0.447079
0.615065
0.325236
0.754616
0.459754
0.318267
0.119477
0.954161
0.479120
0.130416
0.601684
0.542109
0.775174
0.771689
0.471426
0.711678
0.418090
0.745448
0.217954
0.681839
0.706973
0.192556
0.640890
0.436517
0.166092
0.242199
0.764990
0.077488
0.035959
0.521885
0.020971
0.275746
0.594699
0.257888
0.212213
0.656866
0.135043
0.105397
0.235000
0.786507
0.879580
0.540965
0.270676
0.052156
0.849280
0.358657
0.021581
0.845039
0.187340
0.300419
0.365498
0.820100
0.083264
0.369455
0.199152
0.299354
0.314250
0.406373
0.420532
0.341735
0.017348
0.519182
0.449686
0.246892
0.293571
0.152145
0.942439
0.016898
0.213028
0.641478
0.468284
0.663302
0.466638
0.708831
0.519228
0.313025
0.300471
0.891716
0.141220
0.333231
0.375518
0.793161
0.820048
0.640882
0.467495
0.374891
0.515171
0.582900
0.129745
0.177718
0.498396
0.911681
0.589467
0.422260
0.000215
0.002567
0.498742
0.499806
0.060136
0.980628
0.553422
0.718624
0.687730
0.248078
0.108376
0.871127
0.760616
0.001297
0.137338
0.012378
0.764014
0.636468
0.906735
0.055088
0.941866
0.003287
0.706868
0.889512
0.549287
0.674552
0.733849
0.961939
0.911287
0.762478
0.986936
0.560510
0.027957
0.696619
0.255270
0.914124
0.497424
0.258764
0.254492
0.795601
0.366843
0.382195
0.747883
0.305087
0.796338
0.710511
0.481320
0.549120
0.056044
0.978562
0.580812
0.414449
0.343775
0.338027
0.232160
0.437726
0.979075
0.075157
0.182522
0.000865
0.013765
0.640220
0.493546
0.830030
0.812007
0.768206
0.827228
0.871017
0.353459
0.069154
0.072588
0.366685
0.357437
0.013912
0.709444
0.919095
0.816939
0.556597
0.762590
0.010274
0.468875
0.897193
0.505002
0.145764
0.457417
0.384700
0.123728
0.223360
0.114721
0.440480
0.940134
0.899031
0.077681
0.399808
0.472134
0.590820
0.868310
0.443238
0.807167
0.031551
0.622799
0.543986
0.509630
0.139129
0.691526
0.677895
0.376146
0.839817
0.727052
0.123164
0.958924
0.760511
0.304338
0.571508
0.256197
0.540349
0.798726
0.143906
0.595486
0.523917
0.701118
0.275025
0.458662
0.646353
0.841830
0.432651
0.187431
0.247554
0.486950
0.763152
0.706050
0.935508
0.372986
0.101828
0.068578
0.519214
0.663145
0.317837
0.916581
0.745420
0.294661
0.246620
0.377522
0.380916
0.291045
0.427073
0.273598
0.097936
0.432614
0.544212
0.396857
0.143428
0.106674
0.778194
0.362348
0.636892
0.635819
0.684213
0.921871
0.263959
0.646183
0.641031
0.523660
0.566059
0.871345
0.284508
0.176858
0.906894
0.773021
0.521288
0.834740
0.694890
0.624582
0.141145
0.479815
0.712662
0.672611
0.518170
0.981850
0.339384
0.136888
0.323954
0.632683
0.423895
0.398845
0.342791
0.737833
0.183720
0.578158
0.761407
0.591828
0.091724
0.625775
0.445074
0.799469
0.285519
0.161007
0.558845
0.277763
0.299040
0.309964
0.156832
0.375373
0.203437
0.456160
0.363505
0.249224
0.084269
0.307598
0.187430
0.144651
0.740491
0.765371
0.627887
0.501115
0.315330
0.806383
0.205874
0.029753
0.029876
0.348569
0.629825
0.412132
0.647342
0.141580
0.609403
0.643984
0.642206
0.586141
0.583217
0.589824
0.701275
0.068975
0.639738
0.034833
0.064002
0.785187
0.117705
0.601905
0.222469
0.281185
0.502815
0.948829
0.286893
0.310258
0.818681
0.449460
0.004385
0.068310
0.751940
0.041811
0.355412
0.034512
0.400825
0.965248
0.186705
0.343004
0.772216
0.250551
0.548384
0.766417
0.438979
0.034147
0.848399
0.706077
0.243173
0.427368
0.414848
0.310040
0.399494
0.340446
0.346651
0.528542
0.971947
0.318884
0.150058
0.163674
0.003252
0.248011
0.601577
0.169597
0.968470
0.280905
0.511938
0.300035
0.708444
0.414511
0.494415
0.437310
0.941286
0.387641
0.329310
0.520676
0.326719
0.829719
0.733415
0.229857
0.203710
0.756900
0.553257
0.202035
0.480706
0.150545
0.946913
0.969939
0.033771
0.962003
0.984375
0.078464
0.773948
0.481830
0.387110
0.963577
0.553802
0.981156
0.864869
0.140221
0.176173
0.122011
0.470842
0.176796
0.186797
0.371592
0.143364
0.239830
0.227362
0.256680
0.445142
0.129736
0.706581
0.144259
0.995308
0.700001
0.233450
0.140652
0.745694
0.657560
0.827572
0.643545
0.345337
0.328194
0.664568
0.960512
0.115285
0.181066
0.177357
0.797348
0.602732
0.431405
0.473562
0.314770
0.267120
0.867232
0.361535
0.019829
0.273283
0.208969
0.028112
0.087575
0.814427
0.640950
0.665221
0.559898
0.281759
0.029073
0.794142
0.424578
0.343017
0.434047
0.739328
0.192985
0.728818
0.566377
0.821236
0.545912
0.877507
0.326209
0.392204
0.851899
0.414613
0.593545
0.462673
0.251346
0.584674
0.344757
0.348409
0.084548
0.788481
0.378698
0.613250
0.186556
0.368947
0.646253
0.546375
0.112064
0.030014
0.143704
0.067382
0.247076
0.045307
0.602753
0.225411
0.740341
0.731439
0.884909
0.388106
0.897843
0.023888
0.959039
0.699974
0.451265
0.134667
0.048355
0.934385
0.681390
0.908348
0.714496
0.335328
0.666872
0.078468
0.085685
0.419758
0.776574
0.096607
0.714340
0.823684
0.440449
0.732192
0.794893
0.569670
0.152390
0.377815
0.109722
0.413633
0.683056
0.832038
0.571733
0.107922
0.637740
0.643435
0.864761
0.268114
0.482215
0.494330
0.263045
0.141970
0.685542
0.413530
0.999341
0.324158
0.111469
0.757359
0.222429
0.957804
0.874521
0.517531
0.774989
0.833612
0.965303
0.799285
0.421638
0.112973
0.695774
0.780633
0.737383
0.981629
0.883362
0.294221
0.067717
0.637417
0.430295
0.102847
0.609749
0.799483
0.151188
0.602025
0.116378
0.679859
0.284125
0.364405
0.659786
0.426563
0.881650
0.439477
0.356252
0.796059
0.394353
0.564645
0.930916
0.533713
0.492018
0.351409
0.366599
0.828127
0.197973
0.988303
0.809961
0.812593
0.596099
0.690016
0.622748
0.077554
0.483063
0.143887
0.984270
0.054295
0.829105
0.918962
0.338948
0.063923
0.649237
0.551984
0.102135
0.288346
0.914923
0.886056
0.297501
0.511860
0.418177
0.772859
0.906354
0.663245
0.671182
0.254154
0.915988
0.028095
0.042682
0.593015
0.910614
0.928349
0.627015
0.544619
0.151054
0.218613
0.964029
0.039365
0.831912
0.262004
0.998751
0.484451
0.998751
0.250795
0.862563
0.857475
0.979560
0.406257
0.959027
0.023025
0.616979
0.106226
0.135306
0.276836
0.632353
0.806133
0.814096
0.901020
0.663674
0.411055
0.016970
0.291407
0.110282
0.199770
0.221526
0.602232
0.785735
0.000122
0.837153
0.307701
0.765749
0.759947
0.325076
0.116787
0.234516
0.870094
0.276601
0.855442
0.481531
0.573305
0.388428
0.329900
0.612583
0.383701
0.949287
0.117358
0.468791
0.856265
0.563768
0.241953
0.699505
0.103341
0.194669
0.314952
0.208256
0.334546
0.183951
0.212991
0.632515
0.685631
0.615878
0.486093
0.271212
0.848287
0.787324
0.411537
0.629407
0.273377
0.644672
0.908075
0.494297
0.110945
0.001284
0.099762
0.225172
0.797058
0.252890
0.356289
0.563111
0.385138
0.921373
0.557972
0.121850
0.042225
0.862738
0.543942
0.484470
0.642281
0.727210
0.341000
0.222720
0.252331
0.534609
0.462270
0.695681
0.545361
0.974821
0.167509
0.237409
0.418306
0.631267
0.933474
0.671538
0.335359
0.296883
0.070329
0.403648
0.256833
0.371078
0.500124
0.845773
0.411850
0.128174
0.481892
0.374365
0.198543
0.990591
0.805064
0.463505
0.076952
0.552997
0.693445
0.165465
0.495513
0.638158
0.864845
0.624800
0.559325
0.444593
0.610119
0.250079
0.814216
0.615362
0.107519
0.266732
0.051077
0.733545
0.926119
0.419254
0.405712
0.171930
0.732141
0.162424
0.075431
0.902924
0.765139
0.906970
0.139162
0.742397
0.852573
0.190318
0.056696
0.662414
0.470808
0.499064
0.347876
0.289161
0.012255
0.145506
0.486564
0.201899
0.590340
0.911060
0.255100
0.999341
0.160960
0.706085
0.316415
0.466997
0.171720
0.629096
0.857756
0.845548
0.453136
0.042791
0.709517
0.534732
0.290657
0.661048
0.429296
0.532347
0.533051
0.517686
0.560951
0.397083
0.238179
0.241661
0.913676
0.593464
0.920305
0.495782
0.900036
0.283338
0.033152
0.475892
0.523344
0.535033
0.640381
0.050104
0.769417
0.069210
0.876134
0.188878
0.902476
0.350922
0.630765
0.606291
0.819377
0.331388
0.831910
0.878862
0.374663
0.122888
0.633773
0.905369
0.004935
0.210718
0.417651
0.641075
0.717717
0.243475
0.868294
0.601120
0.089969
0.445412
0.882092
0.246034
0.476309
0.132371
0.027045
0.899588
0.648247
0.727715
0.788232
0.214864
0.173742
0.030770
0.457466
0.104353
0.461268
0.923178
0.057983
0.737194
0.603485
0.265931
0.914653
0.230995
0.391475
0.671174
0.901818
0.623867
0.669189
0.279484
0.023743
0.997714
0.672976
0.736348
0.171631
0.073915
0.471964
0.169894
0.556952
0.486399
0.949443
0.425380
0.323293
0.895047
0.783546
0.894342
0.816984
0.599472
0.524150
0.922144
0.284769
0.305198
0.988329
0.387025
0.823790
0.112659
0.240170
0.192955
0.288365
0.943626
0.240348
0.268957
0.625713
0.642361
0.557023
0.506688
0.805255
0.561399
0.338086
0.517349
0.898782
0.208659
0.280634
0.600656
0.920639
0.049549
0.420603
0.068196
0.059488
0.280970
0.413736
0.436831
0.472252
0.326476
0.407802
0.812493
0.396612
0.243243
0.793908
0.000199
0.235747
0.528472
0.360042
0.403795
0.226720
0.109090
0.799979
0.192093
0.305604
0.284460
0.912306
0.501730
0.795704
0.054584
0.273744
0.788294
0.272365
0.640231
0.913795
0.914944
0.585279
0.917479
0.638884
0.942492
0.967886
0.325368
0.848079
0.039552
0.838603
0.236457
0.002720
0.820132
0.439967
0.527776
0.522074
0.015559
0.493238
0.672504
0.798856
0.645958
0.426090
0.156094
0.893924
0.143817
0.302413
0.766879
0.270023
0.740533
0.923162
0.729524
0.760466
0.319961
0.737093
0.946149
0.800340
0.006769
0.496068
0.537467
0.344278
0.549387
0.291635
0.484595
0.784980
0.806981
0.732448
0.558106
0.608422
0.008674
0.064804
0.777840
0.372633
0.244236
0.734566
0.815435
0.383781
0.614019
0.955749
0.768859
0.032417
0.528752
0.741236
0.388482
0.119549
0.646071
0.501002
0.698565
0.481818
0.370836
0.893700
0.164346
0.261682
0.663199
0.283884
0.528010
0.065950
0.196368
0.798991
0.648383
0.927284
0.711584
0.971707
0.397754
0.200928
0.429038
0.902711
0.710295
0.674680
0.396849
0.128918
0.096753
0.985289
0.125590
0.760314
0.054052
0.769549
0.856191
0.515898
0.263389
0.543427
0.886015
0.091851
0.452507
0.416799
0.941227
0.363350
0.436314
0.093667
0.190165
0.019837
0.384260
0.965986
0.645899
0.111278
0.775817
0.131098
0.135482
0.123234
0.650722
0.104876
0.092929
0.819300
0.626894
0.481470
0.967546
0.892750
0.835556
0.531360
0.303956
0.891585
0.485720
0.317443
0.805861
0.843507
0.096553
0.538273
0.624730
0.414960
0.701285
0.532172
0.571819
0.930818
0.751722
0.358722
0.713488
0.282775
0.056736
0.137678
0.324008
0.023174
0.436780
0.001400
0.306958
0.119859
0.731728
0.596668
0.998029
0.013726
0.270406
0.655932
0.692303
0.335453
0.603170
0.206422
0.933711
0.697420
0.466568
0.567632
0.620944
0.161273
0.141505
0.832089
0.552148
0.805599
0.179900
0.569137
0.301557
0.280853
0.303290
0.145377
0.402727
0.709956
0.724151
0.344257
0.998751
0.335890
0.808071
0.951214
0.690893
0.916539
0.029024
0.676780
0.700028
0.087753
0.018661
0.183658
0.125710
0.718045
0.159728
0.299883
0.531006
0.346773
0.318708
0.378541
0.345607
0.859020
0.283105
0.787763
0.805688
0.547635
0.399988
0.237175
0.047891
0.493557
0.982302
0.734339
0.555651
0.514841
0.234182
0.059150
0.554436
0.638990
0.068988
0.227332
0.776313
0.165459
0.709943
0.695981
0.649298
0.451578
0.376122
0.863949
0.220842
0.105763
0.965853
0.916411
0.977013
0.571524
0.802085
0.544291
0.070846
0.883376
0.343441
0.682854
0.898179
0.654735
0.981017
0.916485
0.452199
0.086052
0.621728
0.704667
0.615863
0.660862
0.738395
0.323132
0.603217
0.414734
0.775826
0.468909
0.897170
0.638080
0.618796
0.542956
0.435034
0.013842
0.926910
0.752953
0.818754
0.634689
0.244494
0.534687
0.250363
0.715719
0.419456
0.395761
0.663331
0.976053
0.078950
0.771988
0.506984
0.448975
0.073923
0.845879
0.386220
0.472493
0.328442
0.608874
0.726141
0.871975
0.619130
0.714133
0.956701
0.169699
0.218012
0.434352
0.953647
0.322987
0.108369
0.237737
0.358453
0.017843
0.724585
0.163156
0.582879
0.427544
0.766850
0.209995
0.106591
0.318973
0.040545
0.866239
0.843959
0.171336
0.205401
0.545950
0.805805
0.014442
0.575227
0.070287
0.852258
0.933470
0.266364
0.239347
0.534846
0.794989
0.179731
0.449880
0.792025
0.880222
0.942466
0.019946
0.697108
0.655779
0.502121
0.298949
0.587263
0.243415
0.827980
0.542706
0.425278
0.877053
0.945519
0.300098
0.282118
0.350335
0.423799
0.431554
0.670033
0.488250
0.610771
0.710866
0.316913
0.833629
0.324108
0.960431
0.738502
0.069315
0.858312
0.155391
0.943565
0.229880
0.862129
0.583011
0.277702
0.257564
0.720500
0.748006
0.175493
0.174614
0.185993
0.919944
0.521388
0.561901
0.336163
0.282134
0.912252
0.619217
0.973065
0.178686
0.035783
0.038297
0.863252
0.693436
0.217995
0.931827
0.072128
0.315966
0.210345
0.051354
0.953428
0.950502
0.165447
0.399467
0.287640
0.556595
0.344274
0.736437
0.844105
0.939455
0.183511
0.522775
0.288793
0.154850
0.127662
0.885229
0.438877
0.790698
0.466670
0.587421
0.238473
0.525821
0.108205
0.804745
0.406461
0.446574
0.718268
0.307828
0.193204
0.084102
0.120126
0.245698
0.331203
0.088093
0.307340
0.869106
0.625019
0.305916
0.631467
0.760807
0.294872
0.326948
0.820047
0.442111
0.559732
0.366090
0.998751
0.250287
0.593663
0.566973
0.693641
0.214332
0.813376
0.314399
0.108001
0.847584
0.258484
0.235861
0.015686
0.165809
0.639670
0.101762
0.511451
0.291539
0.169566
0.033658
0.683078
0.224590
0.776125
0.298415
0.784542
0.926340
0.788068
0.004837
0.533407
0.060229
0.395009
0.521257
0.700076
0.259627
0.955334
0.751126
0.254274
0.616621
0.827658
0.056678
0.619172
0.441764
0.129590
0.699992
0.481662
0.546973
0.136689
0.386195
0.504014
0.897452
0.927830
0.664485
0.985301
0.994016
0.660476
0.747771
0.009858
0.049142
0.867306
0.039204
0.796234
0.657545
0.547805
0.451043
0.396596
0.218382
0.275209
0.225139
0.588703
0.809183
0.037917
0.530909
0.917234
0.243426
0.119346
0.851713
0.467311
0.850763
0.822229
0.158872
0.851310
0.522280
0.640479
0.808694
0.243065
0.168023
0.248787
0.035254
0.455822
0.080034
0.138754
0.013723
0.308236
0.405292
0.399116
0.757859
0.804456
0.867744
0.082005
0.223044
0.340127
0.879668
0.179363
0.903871
0.777907
0.827228
0.862949
0.043618
0.277670
0.664664
0.523769
0.271726
0.353810
0.302095
0.035180
0.624112
0.322423
0.903614
0.608230
0.408429
0.824312
0.139924
0.704587
0.290377
0.116881
0.162117
0.615322
0.195222
0.642546
0.313954
0.943212
0.647833
0.748148
0.096602
0.079434
0.880736
0.266261
0.094756
0.626778
0.398780
0.813872
0.402599
0.171723
0.535731
0.627606
0.723271
0.975018
0.316989
0.469975
0.911581
0.459406
0.457196
0.712565
0.176267
0.295642
0.485010
0.156068
0.829279
0.692467
0.572109
0.181756
0.973622
0.998181
0.031470
0.564552
0.451107
0.033134
0.382292
0.006348
0.054037
0.853160
0.206227
0.383298
0.251918
0.849576
0.451831
0.728532
0.541642
0.724940
0.700566
0.399382
0.027516
0.745046
0.867179
0.185530
0.740627
0.603297
0.657728
0.702755
0.764431
0.887257
0.497561
0.359319
0.928428
0.699185
0.825885
0.973811
0.132211
0.940083
0.249494
0.431287
0.470146
0.654361
0.781266
0.177698
0.928990
0.980746
0.844212
0.131742
0.447751
0.542425
0.093479
0.420853
0.466420
0.710418
0.950457
0.078700
0.387324
0.310569
0.718142
0.251568
0.754011
0.034777
0.527623
0.998634
0.525929
0.626694
0.783795
0.306549
0.435751
0.703297
0.475377
0.513828
0.886899
0.755791
0.290645
0.919278
0.743373
0.152161
0.895912
0.566762
0.978200
0.092370
0.058010
0.113602
0.260906
0.995467
0.453640
0.531402
0.193183
0.322431
0.545451
0.307368
0.044206
0.752935
0.964629
0.322445
0.476443
0.878870
0.929383
0.045988
0.606879
0.389671
0.464292
0.477380
0.519648
0.388430
0.042562
0.174754
0.470592
0.074556
0.086782
0.208017
0.173087
0.186195
0.478182
0.041272
0.382997
0.238658
0.143285
0.250563
0.898367
0.695344
0.323379
0.595795
0.930531
0.533609
0.558835
0.444128
0.696046
0.535285
0.618809
0.627349
0.116144
0.652198
0.818505
0.987507
0.519166
0.630474
0.741519
0.837381
0.533503
0.179488
0.533785
0.720816
0.479544
0.345167
0.477696
0.010321
0.049507
0.692555
0.668661
0.004939
0.168316
0.766015
0.589943
0.191779
0.405985
0.220530
0.362387
0.782853
0.145645
0.694850
0.190575
0.530234
0.869189
0.913896
0.152129
0.323898
0.106627
0.698194
0.208017
0.276943
0.992252
0.353069
0.233645
0.662812
0.401361
0.687944
0.677716
0.371392
0.711035
0.351102
0.201856
0.849822
0.476768
0.979365
0.502074
0.066013
0.367812
0.373870
0.485643
0.826338
0.416156
0.587971
0.705725
0.163969
0.850021
0.813451
0.432400
0.032799
0.079676
0.686023
0.063095
0.657717
0.842828
0.306422
0.707831
0.740931
0.394710
0.642334
0.294493
0.863636
0.224533
0.088635
0.355222
0.582201
0.109880
0.915723
0.815079
0.549404
0.882849
0.021556
0.505832
0.817482
0.809772
0.262917
0.277894
0.045918
0.697894
0.412592
0.348299
0.559918
0.189599
0.255852
0.877715
0.924408
0.124215
0.082850
0.549894
0.423764
0.509958
0.981278
0.576831
0.502013
0.709481
0.310608
0.876174
0.926410
0.791444
0.017236
0.076943
0.215488
0.011470
0.297302
0.278056
0.419101
0.667325
0.346412
0.493201
0.772769
0.717770
0.665171
0.206521
0.363801
0.889582
0.775551
0.286989
0.956042
0.334126
0.201727
0.375141
0.409438
0.279577
0.683047
0.083407
0.007561
0.587653
0.616036
0.619326
