#dev
0.689889
0.285634
0.328011
0.669486
0.671743
0.687828
0.679274
0.984456
0.130732
0.098436
0.991648
0.396808
0.065506
0.678865
0.036762
0.358365
0.682801
0.682142
0.694628
0.092658
0.997744
0.372017
0.997744
0.073215
0.417157
0.375987
0.369875
0.416997
0.705552
0.027097
0.367897
0.379305
0.683825
0.062032
0.996216
0.069254
0.376151
0.696962
0.997774
0.696962
0.087385
0.384187
0.698450
0.387108
0.085162
0.393631
0.690441
0.381467
0.999179
0.404560
0.999179
0.109512
0.348563
0.686927
0.999179
0.051793
0.379770
0.377458
0.682684
0.071866
0.380837
0.377130
0.677492
0.355875
0.055400
0.380323
0.380694
0.374479
0.682584
0.062583
0.377744
0.686930
0.685049
0.999179
0.053063
0.062705
0.069084
0.378804
0.362964
0.682222
0.348702
0.021500
0.376536
0.370344
0.368065
0.685056
0.367701
0.050708
0.686941
0.679804
0.999179
0.126478
0.719833
0.124296
0.685218
0.388269
0.067238
0.373367
0.683993
0.045648
0.366885
0.685035
0.378780
0.015324
0.999179
0.025421
0.999179
0.694985
0.740604
0.091635
0.996564
0.121737
0.393909
0.393413
0.698985
0.356542
0.999179
0.678777
0.084846
0.689214
0.394732
0.145135
0.073395
0.687632
0.388946
0.371599
0.387883
0.034751
0.406686
0.401021
0.697381
0.391383
0.077077
0.406902
0.699793
0.404199
0.036457
0.363065
0.446341
0.064511
0.996564
0.070444
0.393627
0.699141
0.076757
0.690570
0.689805
0.375257
0.054535
0.371235
0.368861
0.682219
0.367169
0.049691
0.681324
0.049252
0.683170
0.997774
0.368335
0.053031
0.363511
0.019179
0.693748
0.997774
0.072068
0.379485
0.695479
0.085693
0.392332
0.700602
0.391687
0.692864
0.078776
0.696347
0.700029
0.700200
0.702013
0.109654
0.438872
0.365301
0.080682
0.393912
0.691592
0.699219
0.698144
0.381613
0.096413
0.997444
0.069829
0.056789
0.999713
0.389290
0.452046
0.380993
0.396719
0.363623
0.040455
0.996564
0.360555
0.042498
0.997151
0.382075
0.389958
0.383476
0.360911
0.375148
0.058644
0.383159
0.674452
0.692869
0.695763
0.087177
0.747054
0.296022
0.421041
0.096354
0.997151
0.694196
0.378474
0.699921
0.692555
0.663991
0.354607
0.039387
0.373959
0.685506
0.062299
0.995109
0.047813
0.685932
0.995109
0.397111
0.992158
0.066356
0.344963
0.023470
0.355474
0.057525
0.362620
0.360920
0.995109
0.681260
0.684060
0.681352
0.056757
0.386320
0.349647
0.304709
0.023548
0.045400
0.104870
0.058363
0.026759
0.675701
0.992723
0.054331
0.059386
0.011696
0.340977
0.079631
0.072580
0.382253
0.070252
0.076980
0.073083
0.996834
0.035409
0.046293
0.364127
0.684545
0.053207
0.366453
0.685361
0.381213
0.098571
0.085425
0.050876
0.089384
0.107484
0.694716
0.107587
0.393780
0.125610
0.705552
0.997744
0.068036
0.687737
0.685353
0.683151
0.060736
0.076942
0.087252
0.117121
0.065609
0.072603
0.100620
0.997774
0.401408
0.997774
0.394588
0.404236
0.104897
0.379800
0.069951
0.696156
0.397114
0.408182
0.106844
0.483597
0.044349
0.041253
0.376535
0.363514
0.999179
0.357635
0.061677
0.082938
0.370603
0.999179
0.678897
0.067591
0.409404
0.390871
0.372165
0.695554
0.075163
0.073435
0.069682
0.379124
0.061552
0.071330
0.692462
0.381229
0.999179
0.372444
0.999179
0.373062
0.061456
0.378743
0.375661
0.688702
0.374883
0.373903
0.064211
0.071696
0.328466
0.679804
0.640704
0.074390
0.374464
0.690409
0.374221
0.064950
0.371170
0.417270
0.376041
0.999179
0.070030
0.695148
0.999179
0.024167
0.401016
0.097872
0.154398
0.284948
0.116499
0.141375
0.330653
0.377050
0.379690
0.375185
0.999179
0.101169
0.008267
0.037171
0.651065
0.386790
0.067136
0.996564
0.042651
0.682312
0.370509
0.372759
0.366517
0.051235
0.393269
0.694075
0.689364
0.396972
0.394684
0.996564
0.384543
0.088017
0.395955
0.996564
0.079727
0.378097
0.069057
0.391576
0.681327
0.096962
0.693926
0.074535
0.382486
0.065511
0.372864
0.368192
0.683888
0.371884
0.052666
0.682929
0.056456
0.682080
0.370826
0.061082
0.999080
0.030647
0.213729
0.141767
0.105466
0.383752
0.415240
0.997774
0.097200
0.695668
0.091619
0.997774
0.075243
0.413472
0.999285
0.100973
0.395875
0.113569
0.401506
0.404033
0.379538
0.066809
0.382555
0.996564
0.393173
0.370232
0.086523
0.997444
0.083900
0.997444
0.002025
0.678688
0.628369
0.061814
0.737630
0.247472
0.445441
0.057796
0.360555
0.996564
0.100517
0.382075
0.390636
0.677218
0.383598
0.371419
0.058619
0.375789
0.035477
0.692350
0.055342
0.398403
0.448506
0.997151
0.747054
0.045601
0.084245
0.694196
0.391304
0.384906
0.375801
0.292892
0.379537
0.367666
0.051908
0.376051
0.995109
0.375876
0.071524
0.383070
0.054187
0.053129
0.123437
0.125871
0.418108
0.034691
0.995109
0.064110
0.304745
0.371381
0.995109
0.369797
0.057433
0.681352
0.066541
0.687869
0.066465
0.688218
0.681648
0.080671
0.396293
0.104718
0.389169
0.363950
0.341549
0.002645
0.300480
0.349804
0.984456
0.061883
0.312008
0.361469
0.081626
0.984456
0.369116
0.996834
0.025704
0.659482
0.380938
0.685163
0.996834
0.375417
0.075220
0.996834
0.379599
0.048665
0.373746
0.997744
0.292016
0.062066
0.699380
0.705572
0.386489
0.376671
0.429237
0.406231
0.105653
0.052604
0.061111
0.684773
0.368912
0.082009
0.735455
0.373062
0.997774
0.028674
0.713526
0.077970
0.394565
0.081958
0.997774
0.088663
0.096685
0.051981
0.379434
0.373586
0.281267
0.746496
0.263444
0.147670
0.385567
0.682599
0.999179
0.432274
0.363514
0.685071
0.058044
0.999179
0.390946
0.058386
0.018266
0.031622
0.406777
0.999179
0.084903
0.999179
0.695554
0.086170
0.691373
0.692031
0.392181
0.071809
0.382716
0.999179
0.061250
0.062877
0.070203
0.045100
0.369871
0.375647
0.683953
0.378344
0.378354
0.070529
0.999179
0.088066
0.439930
0.383051
0.173055
0.016449
0.068138
0.999179
0.386303
0.067120
0.434706
0.402130
0.999179
0.079122
0.082768
0.085917
0.395163
0.999179
0.404206
0.696714
0.700634
0.110116
0.083549
0.342842
0.372927
0.362264
0.365813
0.379215
0.111305
0.625418
0.426921
0.070241
0.669295
0.330997
0.082801
0.367048
0.373497
0.996564
0.375350
0.048438
0.683156
0.059506
0.390879
0.092091
0.996564
0.085761
0.996564
0.394684
0.380612
0.072071
0.695821
0.095754
0.072090
0.682810
0.369458
0.041391
0.680840
0.064647
0.690613
0.387502
0.074885
0.066698
0.052117
0.373023
0.685577
0.371159
0.377331
0.372129
0.062504
0.377067
0.685779
0.042168
0.358543
0.999080
0.091396
0.712896
0.123699
0.399498
0.344903
0.381067
0.104086
0.694370
0.395630
0.393764
0.105826
0.706659
0.696347
0.706659
0.399904
0.092526
0.692357
0.705046
0.403473
0.063804
0.685190
0.382555
0.379330
0.381050
0.100578
0.101603
0.083426
0.687415
0.065949
0.628369
0.403673
0.061340
0.700367
0.149312
0.398483
0.114447
0.054868
0.085938
0.398627
0.052704
0.424869
0.997151
0.677218
0.374255
0.997151
0.027366
0.367234
0.997151
0.692350
0.380880
0.114404
0.068348
0.101459
0.702194
0.127578
0.081445
0.079502
0.997151
0.318213
0.079594
0.063216
0.374436
0.064633
0.995109
0.376051
0.072056
0.687204
0.073787
0.383518
0.389505
0.084674
0.399650
0.402194
0.046312
0.360502
0.298207
0.995109
0.001884
0.040526
0.365578
0.037325
0.369697
0.374467
0.995109
0.064140
0.995109
0.066735
0.102085
0.995109
0.709066
0.701872
0.700111
0.046498
0.995109
0.315758
0.374946
0.673576
0.294621
0.335810
0.001844
0.373295
0.370741
0.074400
0.686707
0.117096
0.336505
0.383150
0.084518
0.376035
0.996834
0.384379
0.074734
0.036143
0.356880
0.997744
0.058278
0.103826
0.411141
0.096874
0.100720
0.373739
0.364739
0.670891
0.107710
0.048074
0.997774
0.683759
0.379091
0.067305
0.739058
0.094361
0.997774
0.373062
0.628923
0.035868
0.400932
0.698394
0.416964
0.429272
0.008782
0.692459
0.066800
0.354094
0.366106
0.252507
0.580669
0.024618
0.089743
0.686822
0.382004
0.682599
0.397250
0.119366
0.021974
0.072052
0.386508
0.073371
0.999179
0.380034
0.081751
0.999179
0.045626
0.093048
0.404707
0.123510
0.125056
0.083900
0.999179
0.692031
0.147898
0.384858
0.371027
0.999179
0.372416
0.381085
0.079045
0.424756
0.382803
0.999179
0.373066
0.070028
0.386694
0.387008
0.135531
0.148849
0.999179
0.372554
0.999179
0.309789
0.068327
0.690939
0.999179
0.089378
0.314454
0.373347
0.379964
0.102553
0.692518
0.083784
0.392051
0.378671
0.101160
0.143843
0.122665
0.004604
0.049495
0.028106
0.032692
0.364101
0.376058
0.625418
0.360150
0.999179
0.076966
0.426442
0.047417
0.366844
0.383050
0.061117
0.061224
0.061325
0.374179
0.686801
0.365962
0.069503
0.368064
0.060767
0.690773
0.375174
0.083843
0.089826
0.690387
0.086740
0.697274
0.078462
0.376378
0.689999
0.051851
0.694445
0.069085
0.690139
0.690130
0.069460
0.681020
0.365042
0.055011
0.996564
0.367838
0.371071
0.067060
0.378375
0.384244
0.689412
0.129143
0.094261
0.285610
0.368729
0.075575
0.372761
0.687602
0.052310
0.703027
0.381189
0.098402
0.997774
0.092460
0.072793
0.127525
0.706659
0.416116
0.061091
0.997774
0.390610
0.098875
0.364966
0.073230
0.996564
0.064368
0.065212
0.053454
0.017409
0.375061
0.997444
0.090587
0.090397
0.689921
0.391383
0.080118
0.382114
0.682135
0.996564
0.064481
0.665802
0.704206
0.997151
0.150021
0.333643
0.677218
0.323935
0.379397
0.071551
0.087083
0.430638
0.399310
0.384502
0.387701
0.141863
0.171349
0.997473
0.747151
0.702194
0.380504
0.077793
0.069470
0.050833
0.997151
0.681865
0.383288
0.385743
0.053066
0.068340
0.067904
0.077033
0.382581
0.386032
0.995109
0.691512
0.389812
0.070880
0.373846
0.690181
0.075032
0.615327
0.098203
0.321618
0.085105
0.995109
0.349391
0.364092
0.023492
0.066826
0.108340
0.995109
0.334331
0.400054
0.161551
0.394830
0.072694
0.670002
0.336839
0.995109
0.423252
0.392651
0.482109
0.279454
0.048857
0.695135
0.084246
0.384546
0.073544
0.027888
0.114428
0.696788
0.085362
0.051089
0.067310
0.089076
0.365168
0.342047
0.323730
0.054171
0.443296
0.418363
0.435029
0.051660
0.695522
0.682793
0.997774
0.370138
0.361442
0.064300
0.683759
0.376985
0.387285
0.082698
0.086013
0.361737
0.368762
0.289272
0.275727
0.036530
0.698394
0.997774
0.138774
0.032735
0.067574
0.406320
0.681018
0.999179
0.035897
0.267491
0.326648
0.999179
0.160347
0.115616
0.079039
0.703098
0.067074
0.999179
0.683799
0.074959
0.999179
0.086277
0.077361
0.393993
0.682650
0.079228
0.043949
0.999179
0.301629
0.104865
0.712868
0.390818
0.090251
0.090784
0.066575
0.086465
0.092684
0.073916
0.422545
0.618822
0.063610
0.101829
0.361309
0.373066
0.362982
0.680298
0.061508
0.378050
0.683545
0.125267
0.362602
0.473299
0.329265
0.432940
0.063743
0.065098
0.075814
0.007433
0.349279
0.375319
0.999179
0.071539
0.999179
0.692518
0.391231
0.693110
0.676959
0.694693
0.417756
0.095466
0.681352
0.034564
0.999179
0.052411
0.382105
0.366769
0.688841
0.069207
0.999179
0.070297
0.997001
0.063649
0.060920
0.371159
0.374910
0.686087
0.378522
0.377712
0.373857
0.064375
0.684247
0.996564
0.060465
0.049865
0.384855
0.089057
0.674905
0.041963
0.059926
0.683987
0.092753
0.095887
0.229397
0.996564
0.694445
0.078375
0.996564
0.690130
0.057688
0.997774
0.676649
0.372135
0.059958
0.997774
0.063929
0.997774
0.125173
0.379143
0.698560
0.613422
0.670027
0.685817
0.051190
0.380865
0.997774
0.687602
0.380858
0.703027
0.396728
0.697737
0.083179
0.997774
0.126673
0.713916
0.364270
0.058613
0.693493
0.687746
0.694891
0.392400
0.062171
0.685190
0.375210
0.048706
0.680008
0.020634
0.079133
0.101316
0.695135
0.092986
0.697110
0.399418
0.446806
0.007468
0.076990
0.370649
0.693251
0.079814
0.412595
0.028198
0.997151
0.388563
0.036013
0.087190
0.075594
0.051499
0.069159
0.346035
0.053430
0.139120
0.073502
0.198941
0.146021
0.126539
0.064022
0.078376
0.370534
0.997151
0.425690
0.033430
0.681865
0.352512
0.385608
0.377498
0.379674
0.335393
0.354613
0.094898
0.060059
0.067719
0.132898
0.078019
0.078227
0.380967
0.385135
0.691922
0.383221
0.110790
0.689120
0.394438
0.123542
0.357648
0.289136
0.664379
0.329829
0.143042
0.602772
0.334331
0.995109
0.077550
0.378963
0.064241
0.995109
0.056541
0.031108
0.013889
0.378238
0.734456
0.985086
0.734456
0.062383
0.085538
0.082892
0.072137
0.695414
0.689089
0.398930
0.698921
0.396915
0.067347
0.372997
0.081940
0.747080
0.309320
0.102997
0.997744
0.058651
0.686449
0.123326
0.417812
0.399793
0.386484
0.682793
0.378948
0.379634
0.079556
0.689017
0.082482
0.696035
0.389354
0.384818
0.065044
0.997774
0.308305
0.293145
0.069589
0.699626
0.113031
0.997774
0.113737
0.705339
0.099011
0.365160
0.682423
0.031649
0.307888
0.270745
0.076754
0.411101
0.413886
0.409771
0.091798
0.085100
0.067344
0.381085
0.379210
0.073198
0.691914
0.387281
0.060951
0.387610
0.668339
0.672617
0.032050
0.356877
0.050130
0.390886
0.383573
0.999179
0.695694
0.371498
0.070263
0.046005
0.734539
0.041357
0.354017
0.999179
0.368777
0.002504
0.092058
0.380618
0.612849
0.041408
0.352600
0.679303
0.049066
0.117906
0.006631
0.375344
0.685400
0.060590
0.374225
0.684824
0.375544
0.050983
0.372436
0.374681
0.048288
0.374202
0.058113
0.373382
0.351859
0.090201
0.404763
0.078589
0.681352
0.999179
0.681352
0.366555
0.049671
0.391996
0.080530
0.059929
0.317417
0.693561
0.093230
0.384853
0.390418
0.059512
0.371445
0.684712
0.065888
0.686442
0.058565
0.996564
0.371273
0.083632
0.363036
0.095879
0.390237
0.996564
0.049684
0.349027
0.996564
0.050104
0.383884
0.417532
0.996564
0.173719
0.104044
0.064760
0.002798
0.059539
0.069070
0.361598
0.677860
0.050491
0.069855
0.074152
0.374539
0.997774
0.069980
0.084300
0.122452
0.048520
0.389797
0.298853
0.688525
0.692344
0.999080
0.380865
0.382097
0.402306
0.085796
0.094895
0.097992
0.997774
0.382052
0.359448
0.070235
0.429968
0.374391
0.375714
0.081606
0.045325
0.445308
0.077455
0.069506
0.691134
0.064202
0.997444
0.069464
0.398944
0.390188
0.997444
0.128485
0.704919
0.491880
0.302879
0.392257
0.056927
0.407688
0.378141
0.685847
0.000070
0.669191
0.388563
0.997151
0.085934
0.404170
0.997151
0.379408
0.354617
0.358295
0.325135
0.304491
0.381121
0.132252
0.388142
0.997151
0.084351
0.366482
0.398919
0.693633
0.025709
0.603930
0.336561
0.294180
0.370259
0.074873
0.420437
0.022325
0.742657
0.997151
0.742657
0.106485
0.683794
0.742679
0.684864
0.080434
0.691922
0.995109
0.394169
0.096673
0.995109
0.078533
0.995109
0.107078
0.429613
0.050465
0.638353
0.007147
0.418146
0.352540
0.377928
0.045319
0.995109
0.087067
0.092583
0.064485
0.350487
0.665173
0.284687
0.131684
0.118115
0.066639
0.086350
0.996834
0.691960
0.061141
0.082842
0.099355
0.698921
0.996834
0.394729
0.068777
0.387056
0.687175
0.701786
0.425061
0.026949
0.059584
0.369333
0.391114
0.405742
0.708439
0.080700
0.081537
0.394320
0.091723
0.298929
0.093095
0.393520
0.394768
0.692651
0.997774
0.692651
0.075889
0.365271
0.040555
0.008970
0.081495
0.111113
0.111308
0.106039
0.399368
0.408351
0.100675
0.074057
0.052567
0.669241
0.027068
0.747859
0.369908
0.400956
0.110816
0.400510
0.699611
0.087347
0.381531
0.999179
0.377875
0.377260
0.078276
0.691946
0.104631
0.352894
0.038528
0.683246
0.357957
0.378763
0.091446
0.388347
0.389291
0.388305
0.099764
0.140433
0.270367
0.999179
0.068094
0.368803
0.702514
0.354017
0.062744
0.432576
0.403174
0.304336
0.668284
0.291250
0.037578
0.999179
0.051436
0.686497
0.999179
0.060465
0.999179
0.053569
0.684824
0.682639
0.051320
0.683262
0.046146
0.999179
0.043188
0.999179
0.680863
0.058038
0.097630
0.999179
0.078145
0.018193
0.048830
0.371687
0.060829
0.680659
0.044055
0.384003
0.375590
0.300354
0.485830
0.335827
0.144377
0.997001
0.696735
0.071398
0.373282
0.685890
0.065407
0.689323
0.058885
0.377359
0.371470
0.076317
0.096805
0.090899
0.996564
0.084813
0.050380
0.375723
0.672629
0.389318
0.096605
0.328731
0.389269
0.002586
0.563410
0.445172
0.049324
0.077064
0.381789
0.614757
0.665438
0.309610
0.081088
0.378818
0.065225
0.071802
0.079124
0.350550
0.383216
0.704486
0.387569
0.385083
0.378937
0.687219
0.084522
0.093677
0.101686
0.997774
0.694804
0.391416
0.096619
0.394546
0.072525
0.391659
0.593759
0.096525
0.369227
0.046065
0.035716
0.067026
0.026577
0.384640
0.386252
0.690978
0.386566
0.056997
0.063568
0.692498
0.689943
0.079103
0.997444
0.430795
0.288707
0.376555
0.059138
0.045508
0.064940
0.050996
0.051764
0.360361
0.317567
0.366267
0.690400
0.694227
0.084329
0.405098
0.396645
0.374427
0.355468
0.361251
0.367029
0.380587
0.385980
0.121124
0.691833
0.077790
0.071577
0.997151
0.398919
0.395005
0.037522
0.997151
0.059115
0.122898
0.427678
0.728177
0.487616
0.044320
0.409568
0.308091
0.370001
0.358162
0.059224
0.055903
0.077386
0.079577
0.084019
0.082481
0.390887
0.057663
0.041269
0.121614
0.142113
0.132340
0.364847
0.995109
0.638353
0.287067
0.027425
0.995109
0.410217
0.076982
0.095207
0.386894
0.366822
0.362126
0.995109
0.333800
0.372875
0.072206
0.984456
0.090089
0.009812
0.360741
0.996834
0.369423
0.097627
0.399785
0.100464
0.683948
0.683015
0.684094
0.683925
0.127661
0.064821
0.380597
0.680628
0.366883
0.997744
0.056267
0.385552
0.404274
0.699721
0.385397
0.418364
0.478083
0.007996
0.100264
0.090408
0.090335
0.057420
0.062124
0.436224
0.263909
0.300143
0.693991
0.690340
0.401182
0.693723
0.997774
0.082716
0.690718
0.385330
0.081284
0.357763
0.051625
0.132508
0.999179
0.134737
0.378058
0.700108
0.694271
0.092538
0.384949
0.690704
0.071432
0.378438
0.378892
0.382991
0.083445
0.399524
0.104436
0.683246
0.999179
0.061516
0.687640
0.083957
0.368903
0.691791
0.686788
0.691791
0.027972
0.404732
0.045876
0.999179
0.400476
0.383072
0.390958
0.065340
0.391783
0.384982
0.690264
0.053988
0.685581
0.363877
0.045952
0.062201
0.064582
0.374244
0.999179
0.057476
0.048684
0.051089
0.683475
0.051889
0.685601
0.047904
0.045971
0.999179
0.053501
0.062617
0.094549
0.999179
0.079639
0.999179
0.036050
0.999179
0.060361
0.999179
0.064848
0.050662
0.057519
0.376446
0.425182
0.999179
0.736317
0.324864
0.096948
0.115563
0.108097
0.690650
0.375112
0.069884
0.381388
0.996564
0.075933
0.690663
0.997774
0.380245
0.392488
0.092058
0.392257
0.071001
0.394759
0.688051
0.696585
0.097824
0.058168
0.686375
0.371617
0.353674
0.012202
0.413232
0.997774
0.081814
0.382587
0.614757
0.370497
0.082718
0.997774
0.073632
0.377526
0.023469
0.397787
0.420197
0.132418
0.129425
0.105278
0.087605
0.391258
0.997774
0.696833
0.109772
0.403951
0.384732
0.097137
0.695986
0.381602
0.357263
0.287213
0.083626
0.997774
0.367850
0.057679
0.997774
0.681222
0.064347
0.381575
0.070232
0.687451
0.058243
0.690219
0.077713
0.092980
0.701438
0.077335
0.374902
0.056666
0.388650
0.392086
0.055277
0.996564
0.062915
0.673170
0.035905
0.366573
0.378052
0.404914
0.336581
0.060899
0.997151
0.080072
0.698699
0.394107
0.074026
0.997151
0.398276
0.375601
0.392986
0.066134
0.385360
0.997151
0.086939
0.382249
0.114720
0.014806
0.997151
0.053782
0.997151
0.397412
0.120104
0.711406
0.157395
0.430123
0.060223
0.125885
0.395630
0.379567
0.052279
0.684279
0.357953
0.378619
0.376835
0.375773
0.057673
0.676833
0.665902
0.719708
0.716348
0.995109
0.716348
0.062281
0.116608
0.044218
0.068172
0.045710
0.068648
0.377987
0.067152
0.995109
0.379613
0.995109
0.044332
0.250031
0.642183
0.055739
0.083912
0.373927
0.167753
0.038157
0.678494
0.392898
0.087372
0.996834
0.096831
0.068894
0.062059
0.997744
0.373524
0.058163
0.370832
0.365621
0.058947
0.362541
0.043383
0.419339
0.097622
0.699721
0.393493
0.712781
0.997774
0.398209
0.124821
0.391575
0.089634
0.076423
0.291783
0.212179
0.270760
0.997774
0.273582
0.139516
0.049777
0.089147
0.083220
0.058910
0.354294
0.381731
0.997774
0.054518
0.370662
0.375223
0.032314
0.129911
0.356817
0.370114
0.083164
0.999179
0.388082
0.383072
0.999179
0.690704
0.380166
0.382788
0.384822
0.386364
0.393831
0.107731
0.079321
0.058606
0.372099
0.372546
0.682590
0.049954
0.063320
0.999179
0.087456
0.381085
0.071285
0.372643
0.400476
0.693132
0.999179
0.073076
0.069884
0.383691
0.381508
0.690203
0.690264
0.684101
0.059764
0.999179
0.064352
0.382101
0.688007
0.068081
0.058981
0.685768
0.053199
0.686105
0.057401
0.373001
0.683646
0.999179
0.363952
0.378791
0.999179
0.405040
0.101695
0.098806
0.076224
0.085486
0.374123
0.088433
0.085458
0.085156
0.697286
0.065261
0.381914
0.393169
0.432481
0.630032
0.388762
0.694011
0.381472
0.090992
0.997774
0.071295
0.072722
0.690253
0.076410
0.083032
0.078489
0.381456
0.997774
0.079596
0.394627
0.394061
0.085779
0.996564
0.394759
0.104995
0.089992
0.996564
0.688865
0.061734
0.996564
0.124755
0.411311
0.695799
0.076153
0.374526
0.685216
0.067367
0.399465
0.387958
0.386362
0.070386
0.133054
0.997774
0.397904
0.408255
0.111888
0.378284
0.694490
0.395442
0.696833
0.402378
0.400857
0.090758
0.093526
0.997774
0.091168
0.365921
0.375460
0.365008
0.368692
0.061746
0.686277
0.068772
0.681552
0.366800
0.059938
0.370135
0.683663
0.370933
0.072688
0.691591
0.394438
0.997444
0.701663
0.391626
0.372540
0.359775
0.070944
0.390481
0.050894
0.375445
0.997151
0.027135
0.358176
0.683637
0.367323
0.392317
0.392647
0.696335
0.080817
0.698699
0.997151
0.698699
0.401724
0.078542
0.063106
0.654640
0.329211
0.072945
0.399877
0.690045
0.105229
0.075151
0.690792
0.080362
0.079158
0.047928
0.397412
0.997151
0.697475
0.437093
0.997151
0.097262
0.001886
0.997151
0.706932
0.399001
0.391138
0.357078
0.686321
0.358445
0.374941
0.382244
0.035904
0.063998
0.115363
0.109113
0.157403
0.129733
0.116781
0.370603
0.618204
0.082209
0.476989
0.044532
0.054650
0.995109
0.073150
0.093379
0.684611
0.381746
0.375334
0.295572
0.984456
0.029701
0.047381
0.100524
0.414328
0.368245
0.392898
0.996834
0.091685
0.091682
0.081747
0.380573
0.686774
0.071022
0.062122
0.063394
0.687206
0.056121
0.683418
0.048315
0.997774
0.063876
0.380530
0.412370
0.368279
0.377492
0.399765
0.395110
0.056980
0.695783
0.068748
0.997774
0.177600
0.108573
0.667748
0.273582
0.681428
0.009253
0.490739
0.356471
0.382989
0.366550
0.351198
0.366227
0.061533
0.053327
0.373994
0.407745
0.696214
0.678708
0.680983
0.381682
0.692577
0.388666
0.388455
0.999179
0.072873
0.379510
0.380501
0.078613
0.691675
0.079932
0.691570
0.092719
0.383161
0.370779
0.359923
0.660997
0.032150
0.676467
0.048681
0.373974
0.071175
0.691110
0.071242
0.379387
0.062671
0.068019
0.693132
0.377427
0.066466
0.378808
0.688651
0.690422
0.065315
0.064978
0.059387
0.059850
0.383612
0.691981
0.074048
0.690651
0.065723
0.688279
0.061967
0.375929
0.687217
0.999179
0.373001
0.061819
0.372403
0.082475
0.694568
0.398558
0.702436
0.699147
0.396079
0.093281
0.695507
0.086831
0.321024
0.697286
0.999179
0.384212
0.068689
0.112803
0.704437
0.137349
0.385109
0.394683
0.065363
0.689092
0.382727
0.380336
0.074695
0.692709
0.387190
0.079666
0.073871
0.690796
0.376409
0.369273
0.393255
0.398158
0.096298
0.396357
0.120601
0.114280
0.129349
0.688865
0.069851
0.099210
0.112895
0.401659
0.693568
0.106884
0.390039
0.063858
0.378393
0.100414
0.410306
0.691645
0.997774
0.691645
0.092067
0.097524
0.398184
0.694237
0.061879
0.363631
0.072699
0.694490
0.068002
0.030740
0.697419
0.695763
0.086446
0.089216
0.388991
0.379896
0.305925
0.075177
0.084607
0.096247
0.100305
0.688787
0.379972
0.056101
0.376084
0.117080
0.294003
0.373581
0.691591
0.997444
0.387006
0.391953
0.107467
0.997444
0.371956
0.364922
0.997444
0.047155
0.111354
0.068667
0.361593
0.027272
0.139179
0.028098
0.066655
0.384032
0.086861
0.065675
0.997151
0.095271
0.082589
0.112313
0.997151
0.026356
0.098275
0.997151
0.395570
0.045190
0.700827
0.106167
0.063688
0.381070
0.687896
0.690792
0.379288
0.087640
0.098634
0.406203
0.404941
0.151165
0.422315
0.005790
0.742358
0.027807
0.111026
0.085573
0.672064
0.997151
0.088051
0.288476
0.069275
0.280461
0.706064
0.995109
0.137037
0.717884
0.681443
0.062805
0.421941
0.312947
0.667555
0.305242
0.376509
0.123508
0.064638
0.378674
0.387939
0.115799
0.693670
0.092549
0.679568
0.330867
0.014294
0.037094
0.996216
0.095373
0.364393
0.378145
0.686899
0.076681
0.695082
0.379778
0.669281
0.313051
0.383374
0.070461
0.381251
0.379760
0.997744
0.376911
0.058523
0.684412
0.364855
0.073714
0.393264
0.377455
0.643607
0.353622
0.997774
0.040835
0.377934
0.379209
0.164040
0.690583
0.417976
0.182090
0.071962
0.093534
0.279624
0.487912
0.997774
0.136413
0.997774
0.066726
0.371046
0.056904
0.054150
0.684478
0.368171
0.119280
0.131135
0.403896
0.070014
0.689027
0.378867
0.385004
0.693575
0.383974
0.379712
0.067744
0.072680
0.381375
0.365049
0.388903
0.672724
0.069255
0.392069
0.999179
0.033728
0.348565
0.674591
0.029561
0.364636
0.999179
0.377185
0.070691
0.375780
0.685538
0.061578
0.683918
0.378303
0.057518
0.683094
0.059817
0.681068
0.061947
0.063139
0.999179
0.372963
0.069066
0.380191
0.130326
0.401546
0.619535
0.070649
0.689371
0.067975
0.378546
0.065919
0.687217
0.066769
0.999179
0.379733
0.075827
0.077503
0.090219
0.085387
0.058500
0.058858
0.367286
0.613199
0.055165
0.130252
0.112135
0.697286
0.393876
0.049486
0.684040
0.097293
0.302121
0.384582
0.075860
0.063737
0.378923
0.997774
0.378269
0.075566
0.695162
0.392441
0.694711
0.382784
0.303160
0.673392
0.304202
0.380283
0.072033
0.008131
0.395675
0.402136
0.129516
0.707466
0.439122
0.392192
0.083263
0.372503
0.376267
0.380211
0.300195
0.671404
0.074920
0.997774
0.111159
0.398497
0.391442
0.691645
0.079312
0.688394
0.071544
0.369615
0.688807
0.074705
0.683007
0.376800
0.367408
0.997774
0.674400
0.325491
0.391860
0.398653
0.388780
0.067876
0.074395
0.358497
0.319389
0.399997
0.389980
0.704941
0.141728
0.082407
0.069204
0.493911
0.719027
0.108574
0.694179
0.373581
0.383001
0.085629
0.124679
0.430038
0.061635
0.382226
0.378214
0.417618
0.355212
0.027255
0.675219
0.997151
0.099531
0.694801
0.112657
0.383336
0.080546
0.382315
0.375254
0.085216
0.376284
0.997151
0.420956
0.012298
0.678961
0.628530
0.083171
0.017576
0.397487
0.108417
0.076788
0.075768
0.687896
0.997151
0.067275
0.374409
0.376458
0.085351
0.118869
0.105991
0.689211
0.373505
0.692913
0.076980
0.399244
0.697010
0.997151
0.085910
0.063234
0.400978
0.423831
0.019304
0.426257
0.280461
0.124229
0.995109
0.112416
0.345757
0.995109
0.337029
0.667555
0.682147
0.673005
0.995109
0.059226
0.383239
0.394086
0.403782
0.101248
0.395339
0.692040
0.071436
0.996216
0.362728
0.079623
0.676402
0.088164
0.381881
0.367284
0.375528
0.080396
0.386238
0.668371
0.997744
0.669281
0.310979
0.077205
0.382869
0.382998
0.068059
0.686870
0.061749
0.997774
0.056068
0.063194
0.403596
0.109294
0.090841
0.042160
0.059078
0.395369
0.371360
0.072604
0.375603
0.417976
0.671229
0.081742
0.115918
0.624643
0.739376
0.349928
0.430071
0.322280
0.078165
0.069512
0.383355
0.997774
0.062997
0.376115
0.377644
0.078917
0.382235
0.122619
0.698237
0.086709
0.079811
0.382574
0.381901
0.379712
0.688205
0.688876
0.376425
0.050040
0.378060
0.684993
0.072208
0.999179
0.077064
0.371910
0.999179
0.053639
0.355303
0.616555
0.343290
0.048579
0.060050
0.686315
0.059719
0.683418
0.053629
0.681792
0.370602
0.048100
0.999179
0.360315
0.039990
0.679510
0.681450
0.055597
0.057159
0.369177
0.427195
0.400268
0.292040
0.680257
0.000591
0.689273
0.069512
0.378753
0.999179
0.378416
0.378929
0.066920
0.067406
0.072174
0.999179
0.692307
0.389212
0.375087
0.035452
0.680455
0.143079
0.327738
0.999179
0.029184
0.707477
0.328378
0.058521
0.999179
0.684040
0.363698
0.095215
0.439956
0.302198
0.067797
0.067950
0.378971
0.076802
0.997774
0.695162
0.080493
0.379455
0.378985
0.614107
0.057221
0.679954
0.607617
0.997774
0.301686
0.067641
0.391565
0.693874
0.113923
0.441079
0.381190
0.058835
0.371435
0.294097
0.419501
0.693840
0.365807
0.085695
0.393098
0.103314
0.096842
0.104131
0.382450
0.997774
0.045972
0.383940
0.685288
0.050469
0.059292
0.693473
0.061568
0.102614
0.627502
0.177130
0.086241
0.390140
0.380106
0.376811
0.037388
0.686068
0.676598
0.380872
0.368436
0.070260
0.113093
0.697946
0.094785
0.126993
0.374160
0.997526
0.678513
0.070896
0.071689
0.359767
0.133567
0.061736
0.690376
0.070532
0.117913
0.386842
0.298424
0.043731
0.022822
0.025635
0.374224
0.688336
0.070565
0.381620
0.382613
0.378946
0.375138
0.379823
0.702408
0.683328
0.326289
0.377789
0.009271
0.121186
0.372801
0.370133
0.088020
0.073687
0.997151
0.070860
0.062853
0.062069
0.681498
0.367784
0.368952
0.374689
0.086925
0.689211
0.997151
0.372088
0.010204
0.316159
0.400820
0.093879
0.086167
0.078254
0.697621
0.997151
0.380728
0.027572
0.346924
0.122114
0.070234
0.121660
0.088437
0.995109
0.052902
0.157868
0.059705
0.667555
0.036120
0.003949
0.380622
0.386358
0.104378
0.405078
0.402872
0.389970
0.690681
0.387465
0.045219
0.378345
0.163745
0.448969
0.184215
0.695981
0.045324
0.038011
0.431419
0.058518
0.059478
0.068959
0.004769
0.691070
0.076285
0.689204
0.071827
0.375697
0.997774
0.060128
0.684412
0.372074
0.685574
0.375542
0.072543
0.997774
0.381999
0.378148
0.056558
0.366740
0.690013
0.697783
0.356819
0.697452
0.032269
0.685316
0.484086
0.045765
0.382499
0.379923
0.688608
0.071332
0.997774
0.079441
0.071976
0.688190
0.690048
0.083124
0.999179
0.080742
0.697108
0.393530
0.391152
0.387124
0.076309
0.381368
0.378499
0.686605
0.377397
0.357266
0.308418
0.434974
0.079950
0.298319
0.111473
0.031195
0.083999
0.081644
0.679120
0.005380
0.343268
0.696002
0.039152
0.685176
0.371701
0.056101
0.366647
0.364657
0.999179
0.046798
0.678168
0.042849
0.355923
0.035021
0.999179
0.047480
0.050565
0.367736
0.362350
0.678659
0.369409
0.374916
0.362805
0.063950
0.689477
0.067981
0.999179
0.067676
0.068103
0.067303
0.066776
0.999179
0.380700
0.383817
0.088056
0.075914
0.999179
0.072709
0.400870
0.702989
0.181545
0.428763
0.218846
0.328378
0.999179
0.623080
0.057971
0.041792
0.014288
0.999179
0.108756
0.110389
0.298208
0.067000
0.997774
0.383367
0.092107
0.696734
0.143446
0.372624
0.374435
0.058058
0.364698
0.360910
0.357182
0.607617
0.047530
0.068479
0.383817
0.997774
0.084114
0.386103
0.077691
0.374993
0.371705
0.418353
0.624679
0.446315
0.108948
0.447476
0.081446
0.394595
0.402327
0.398779
0.079730
0.047567
0.328093
0.370762
0.687836
0.692114
0.394823
0.382792
0.717380
0.119854
0.151564
0.997774
0.739735
0.383926
0.056246
0.997774
0.054391
0.692351
0.386084
0.045184
0.997774
0.666716
0.682221
0.394189
0.082557
0.360379
0.077654
0.072004
0.385708
0.386904
0.366092
0.363714
0.027766
0.997444
0.060380
0.347957
0.371155
0.321838
0.040697
0.358385
0.349908
0.355247
0.382002
0.693372
0.065660
0.362351
0.387331
0.375668
0.377190
0.688215
0.068822
0.702408
0.056383
0.404689
0.126132
0.704291
0.076610
0.689485
0.372909
0.056563
0.691567
0.378121
0.059668
0.366499
0.679360
0.032376
0.614454
0.367363
0.685578
0.084131
0.073476
0.997151
0.680028
0.362661
0.382041
0.386269
0.384329
0.079648
0.067368
0.068132
0.363994
0.077466
0.377015
0.685226
0.362152
0.629298
0.374233
0.410625
0.404941
0.397540
0.044186
0.367892
0.669878
0.670890
0.378504
0.383671
0.388287
0.392597
0.097565
0.089678
0.694473
0.690681
0.126631
0.420618
0.741164
0.692859
0.154766
0.684552
0.043367
0.684625
0.996834
0.068483
0.996834
0.385212
0.092183
0.383493
0.997744
0.380987
0.067025
0.373455
0.374197
0.372188
0.057568
0.683378
0.062656
0.065021
0.063740
0.382636
0.373492
0.370335
0.047985
0.370380
0.373170
0.118586
0.100235
0.670812
0.673783
0.378535
0.078735
0.397424
0.387069
0.688608
0.997774
0.378777
0.072641
0.077998
0.999179
0.074145
0.378096
0.431856
0.705290
0.141763
0.076784
0.391788
0.690685
0.074794
0.375290
0.380680
0.376963
0.999179
0.059530
0.369624
0.315996
0.046534
0.999179
0.234025
0.266272
0.407640
0.376551
0.074354
0.378706
0.366294
0.688841
0.067251
0.381479
0.055304
0.683785
0.053399
0.367125
0.999179
0.364657
0.040530
0.999179
0.032432
0.357006
0.999179
0.047333
0.045176
0.364237
0.679875
0.678659
0.370011
0.371384
0.999179
0.377409
0.071025
0.999179
0.377439
0.065575
0.375844
0.376045
0.064971
0.999179
0.377544
0.380527
0.080511
0.081077
0.677464
0.057914
0.038187
0.402069
0.678621
0.118811
0.999179
0.338283
0.163264
0.001250
0.058661
0.030216
0.682810
0.074358
0.112633
0.999179
0.694448
0.061387
0.685598
0.071730
0.997774
0.397718
0.408463
0.083179
0.055710
0.372079
0.372101
0.052742
0.046832
0.043468
0.047773
0.347002
0.066320
0.685604
0.384289
0.071889
0.083871
0.383697
0.071644
0.052385
0.682426
0.353127
0.307281
0.104179
0.397073
0.697638
0.091073
0.997774
0.077927
0.363763
0.663749
0.040446
0.686343
0.076582
0.092045
0.403975
0.701901
0.407812
0.717380
0.323475
0.046575
0.382253
0.071231
0.997774
0.052969
0.692351
0.997774
0.093538
0.037265
0.666716
0.303345
0.404723
0.381165
0.066735
0.997774
0.369802
0.062223
0.997774
0.378486
0.383774
0.373959
0.367082
0.043496
0.997444
0.378773
0.660362
0.062900
0.046473
0.035433
0.675824
0.381760
0.372014
0.662540
0.062453
0.696867
0.363825
0.376998
0.377149
0.997151
0.377016
0.376557
0.684209
0.423369
0.065423
0.181999
0.315637
0.670158
0.069669
0.074298
0.688920
0.388444
0.053355
0.344428
0.355025
0.633444
0.327173
0.313862
0.063015
0.370989
0.064998
0.056991
0.362661
0.715542
0.127029
0.386801
0.235138
0.997151
0.078244
0.685791
0.367603
0.061440
0.072755
0.690613
0.685226
0.376792
0.116109
0.413830
0.367811
0.684762
0.995109
0.055186
0.355438
0.063363
0.073052
0.385604
0.384365
0.695603
0.692976
0.995109
0.692976
0.389897
0.373816
0.317609
0.116280
0.996834
0.693477
0.329476
0.064257
0.065521
0.054678
0.703600
0.687727
0.396964
0.082499
0.382959
0.380987
0.688548
0.065765
0.373378
0.685973
0.685102
0.684293
0.061557
0.067095
0.997774
0.047331
0.611024
0.372534
0.372059
0.060735
0.375649
0.058891
0.397656
0.385311
0.094117
0.350598
0.364197
0.997774
0.021224
0.367274
0.379513
0.376386
0.375959
0.069680
0.382127
0.075195
0.071299
0.374434
0.294248
0.414737
0.299131
0.079719
0.387042
0.999179
0.379105
0.063133
0.376890
0.063325
0.686605
0.075343
0.649602
0.067648
0.413602
0.705921
0.118540
0.696977
0.305609
0.303449
0.054026
0.370198
0.374615
0.696773
0.688841
0.378954
0.349080
0.289418
0.368260
0.052081
0.362850
0.038535
0.033400
0.035405
0.359399
0.681421
0.041018
0.051199
0.363410
0.362150
0.050860
0.046207
0.368844
0.999179
0.059081
0.379001
0.068386
0.064780
0.999179
0.687141
0.686868
0.686933
0.374052
0.375961
0.064950
0.687881
0.077396
0.692914
0.059527
0.687875
0.063297
0.095996
0.549991
0.424355
0.037475
0.670426
0.679238
0.670426
0.053841
0.682810
0.999179
0.379105
0.390199
0.079875
0.360731
0.052100
0.997774
0.372981
0.381877
0.093626
0.433534
0.357912
0.694909
0.387286
0.049759
0.676920
0.377078
0.379896
0.385917
0.382716
0.028969
0.378133
0.690264
0.997774
0.077454
0.382929
0.997774
0.375048
0.683267
0.046765
0.680191
0.075819
0.997774
0.095101
0.695019
0.392882
0.072120
0.101148
0.997774
0.051904
0.122250
0.410121
0.997774
0.700633
0.413513
0.997774
0.456228
0.017757
0.384961
0.385660
0.689827
0.069419
0.067256
0.685668
0.385153
0.382044
0.394639
0.331267
0.446660
0.384528
0.371410
0.074006
0.684405
0.057686
0.997774
0.065768
0.997774
0.380544
0.997774
0.690618
0.353998
0.002017
0.997444
0.061042
0.049790
0.090405
0.142916
0.112567
0.019484
0.407214
0.396425
0.056896
0.054904
0.434581
0.686085
0.997151
0.377149
0.071057
0.308485
0.423369
0.997151
0.486241
0.997151
0.101329
0.739174
0.365606
0.100037
0.700772
0.445519
0.428114
0.074888
0.329679
0.661614
0.997151
0.328904
0.696559
0.683215
0.053992
0.687864
0.405493
0.702290
0.118003
0.206667
0.725842
0.393598
0.685791
0.997151
0.685791
0.058235
0.074835
0.688614
0.072734
0.101834
0.391946
0.069759
0.092978
0.086771
0.054173
0.050039
0.058746
0.068939
0.384433
0.381037
0.383943
0.388329
0.077193
0.692976
0.387872
0.102696
0.689637
0.330375
0.687426
0.091998
0.411103
0.341039
0.006181
0.346387
0.351021
0.378567
0.085181
0.996834
0.073527
0.378051
0.380444
0.377849
0.687182
0.064639
0.687513
0.063015
0.062840
0.376709
0.072088
0.359869
0.997774
0.347183
0.306613
0.064822
0.076986
0.690366
0.997774
0.084556
0.383734
0.399025
0.117894
0.076252
0.384550
0.051253
0.683941
0.064296
0.373428
0.997774
0.060052
0.372209
0.371246
0.371850
0.681968
0.999179
0.066299
0.313897
0.376379
0.381029
0.690685
0.382288
0.064128
0.373212
0.689936
0.370966
0.003011
0.341142
0.684931
0.350788
0.105161
0.368487
0.421173
0.386675
0.006320
0.378137
0.368428
0.377784
0.689472
0.092318
0.434378
0.351866
0.405565
0.290382
0.055902
0.361008
0.682695
0.035333
0.366445
0.366628
0.999179
0.366030
0.367715
0.368314
0.045796
0.363668
0.365103
0.367864
0.058127
0.685247
0.373647
0.062079
0.999179
0.060453
0.059374
0.373438
0.060766
0.999179
0.060158
0.373925
0.071187
0.386531
0.076078
0.686164
0.060704
0.413995
0.667840
0.304695
0.261501
0.099239
0.301711
0.681605
0.366444
0.041012
0.684536
0.069753
0.999179
0.695474
0.135491
0.365931
0.056062
0.378531
0.375660
0.387904
0.686657
0.355345
0.357810
0.108226
0.116050
0.089790
0.997774
0.676920
0.690461
0.383820
0.383568
0.057586
0.070116
0.688189
0.072534
0.073905
0.069745
0.082914
0.064427
0.682601
0.044664
0.382305
0.688990
0.087247
0.091119
0.693112
0.082969
0.133283
0.997774
0.086749
0.307739
0.098951
0.102710
0.108266
0.111960
0.111572
0.108198
0.396488
0.695175
0.390223
0.083590
0.073929
0.377539
0.069540
0.070595
0.693895
0.381312
0.997774
0.436394
0.376768
0.374061
0.369948
0.383144
0.301910
0.059489
0.370242
0.056149
0.058182
0.383866
0.058144
0.379767
0.018697
0.176992
0.365539
0.084996
0.997444
0.095794
0.997444
0.116532
0.997444
0.415009
0.682549
0.997444
0.135796
0.405405
0.079905
0.686085
0.066433
0.690555
0.073677
0.305147
0.171095
0.329270
0.108069
0.381447
0.071724
0.689334
0.389325
0.161254
0.302335
0.094119
0.384067
0.431579
0.037604
0.346015
0.701999
0.350504
0.370809
0.372742
0.073611
0.393004
0.997151
0.702290
0.393595
0.206667
0.412353
0.383872
0.373903
0.369344
0.372330
0.375033
0.688145
0.690069
0.694022
0.083478
0.995109
0.382820
0.090509
0.386503
0.370217
0.376066
0.380508
0.083476
0.700297
0.097901
0.375982
0.685868
0.057550
0.047589
0.410254
0.020335
0.433225
0.996834
0.687426
0.375900
0.364334
0.027820
0.668680
0.355557
0.052408
0.689105
0.067703
0.684121
0.063008
0.064608
0.374718
0.997774
0.687182
0.376954
0.379432
0.071017
0.688551
0.082695
0.386478
0.064513
0.997774
0.365439
0.381440
0.073668
0.690915
0.061510
0.074128
0.073073
0.704710
0.706041
0.694136
0.997774
0.087781
0.070656
0.380581
0.997774
0.060350
0.053922
0.366507
0.366643
0.369133
0.057224
0.066497
0.316507
0.428965
0.689673
0.384710
0.078017
0.689335
0.687789
0.374061
0.370106
0.999179
0.049750
0.381142
0.380222
0.999179
0.688667
0.388078
0.075352
0.366787
0.686438
0.371660
0.065504
0.374379
0.686140
0.067547
0.690021
0.129732
0.699225
0.426409
0.072316
0.366744
0.686857
0.366258
0.047723
0.370342
0.052477
0.999179
0.368059
0.366205
0.362645
0.044679
0.366363
0.999179
0.053460
0.999179
0.685247
0.685949
0.373049
0.370723
0.370335
0.056791
0.056988
0.056632
0.370616
0.372661
0.378261
0.080815
0.378985
0.373936
0.684173
0.354329
0.659033
0.262310
0.574873
0.077609
0.061301
0.999179
0.061779
0.667548
0.360802
0.392696
0.386760
0.401741
0.055026
0.050378
0.072345
0.696282
0.077132
0.387967
0.092692
0.058067
0.372585
0.405201
0.079287
0.997774
0.350592
0.057882
0.082954
0.073253
0.997774
0.372293
0.062795
0.688498
0.070419
0.065770
0.997774
0.688371
0.695212
0.687311
0.067370
0.368727
0.997774
0.382348
0.076937
0.691354
0.689608
0.691354
0.125740
0.370139
0.359559
0.021579
0.438552
0.348637
0.384803
0.701010
0.380695
0.997774
0.383239
0.070450
0.997774
0.690753
0.687724
0.069330
0.374946
0.373592
0.369570
0.015021
0.681366
0.031924
0.368855
0.077777
0.614264
0.668408
0.295530
0.052776
0.997774
0.368461
0.372446
0.372498
0.359737
0.622954
0.406335
0.074908
0.093948
0.695324
0.097549
0.056083
0.400160
0.039065
0.396681
0.396280
0.682549
0.382785
0.108575
0.344895
0.679230
0.334048
0.124718
0.076227
0.690597
0.068397
0.997151
0.684988
0.055693
0.077031
0.997151
0.689334
0.693877
0.745091
0.062531
0.367972
0.696461
0.997151
0.696461
0.026722
0.358445
0.053680
0.065481
0.065028
0.699926
0.393609
0.087633
0.997151
0.060633
0.686736
0.371144
0.374249
0.062345
0.372909
0.684194
0.068620
0.075633
0.083637
0.080656
0.070765
0.686320
0.071474
0.378101
0.382982
0.386125
0.692497
0.088601
0.395514
0.067525
0.376134
0.995109
0.434959
0.305395
0.053112
0.180160
0.996216
0.128797
0.702928
0.059288
0.683504
0.375490
0.031212
0.681850
0.370407
0.058868
0.997744
0.685239
0.052730
0.367978
0.372095
0.063126
0.374591
0.375200
0.070167
0.379142
0.687291
0.182119
0.136476
0.385848
0.365439
0.371658
0.686271
0.090498
0.078186
0.398332
0.384399
0.689631
0.685452
0.396567
0.106414
0.376227
0.097116
0.400845
0.379407
0.059328
0.368220
0.366887
0.366853
0.367305
0.369937
0.373614
0.999179
0.124331
0.337741
0.065764
0.080519
0.388581
0.081656
0.383166
0.077935
0.381519
0.063879
0.999179
0.377525
0.691580
0.068211
0.070713
0.378273
0.068178
0.686438
0.682594
0.059298
0.367650
0.369548
0.372438
0.684899
0.375564
0.382340
0.394926
0.092622
0.388666
0.064318
0.686408
0.371673
0.054715
0.685546
0.057067
0.053099
0.683783
0.367561
0.047447
0.366460
0.367588
0.367569
0.053395
0.055902
0.685949
0.371286
0.056085
0.684785
0.368647
0.368744
0.115603
0.053959
0.999179
0.684836
0.376421
0.078158
0.999179
0.070617
0.062336
0.659033
0.999179
0.306058
0.006576
0.046975
0.999179
0.048588
0.383184
0.047666
0.377035
0.388313
0.381462
0.357462
0.688807
0.684231
0.074692
0.706173
0.385584
0.079844
0.370123
0.699641
0.676333
0.400169
0.704329
0.363738
0.020166
0.388324
0.383530
0.377516
0.372293
0.997774
0.061576
0.376428
0.061875
0.029204
0.391282
0.392951
0.385108
0.682601
0.384546
0.062611
0.688990
0.684076
0.066604
0.384945
0.997774
0.128802
0.313970
0.065135
0.331680
0.409939
0.372721
0.299794
0.997774
0.078897
0.687197
0.058213
0.002249
0.007202
0.124364
0.088810
0.382700
0.691177
0.059233
0.052157
0.051633
0.057865
0.024394
0.419281
0.384696
0.687383
0.053903
0.362098
0.363779
0.364717
0.302608
0.426356
0.368715
0.376694
0.312474
0.403898
0.693249
0.692859
0.694788
0.387621
0.021677
0.327807
0.065180
0.283299
0.028910
0.002235
0.062139
0.692084
0.707352
0.997444
0.344895
0.177235
0.997151
0.150028
0.090230
0.074705
0.684988
0.364163
0.359542
0.052831
0.689334
0.073849
0.430511
0.374841
0.366213
0.997151
0.367972
0.377013
0.359966
0.671632
0.036407
0.358939
0.365286
0.072534
0.077747
0.101620
0.141233
0.688241
0.433178
0.368515
0.362487
0.067214
0.996564
0.686082
0.064065
0.374600
0.374132
0.686963
0.689205
0.064518
0.684238
0.069592
0.381928
0.384863
0.389639
0.996564
0.393036
0.392102
0.381068
0.109526
0.014693
0.430934
0.410926
0.249312
0.298175
0.470963
0.410237
0.378029
0.065184
0.370489
0.681867
0.678582
0.358520
0.363408
0.362871
0.048161
0.050944
0.682318
0.053265
0.371816
0.684878
0.684970
0.685418
0.065245
0.375903
0.432446
0.417260
0.681723
0.691864
0.077056
0.370705
0.684412
0.084678
0.997774
0.096734
0.394174
0.075207
0.041923
0.092450
0.046217
0.684638
0.373935
0.058542
0.684878
0.997774
0.054754
0.683108
0.997774
0.056366
0.373402
0.999179
0.063126
0.001903
0.680258
0.386410
0.391763
0.391837
0.696778
0.090574
0.696144
0.081350
0.387948
0.081865
0.081020
0.687947
0.376057
0.369389
0.370737
0.050695
0.049581
0.365488
0.682833
0.052150
0.367847
0.367707
0.999179
0.365153
0.355298
0.306317
0.138890
0.075864
0.376777
0.686336
0.373023
0.056908
0.999179
0.056041
0.684127
0.369010
0.368770
0.052262
0.683806
0.052584
0.369272
0.369387
0.999179
0.369834
0.054727
0.368886
0.369618
0.683828
0.103450
0.690760
0.416792
0.051716
0.060323
0.071639
0.385244
0.076966
0.999179
0.380659
0.375463
0.306058
0.999179
0.063795
0.999179
0.364613
0.360698
0.351184
0.280970
0.062837
0.071562
0.048789
0.383476
0.068372
0.057371
0.084571
0.706171
0.406838
0.688482
0.080392
0.362751
0.111203
0.997774
0.391033
0.074656
0.093579
0.606145
0.436144
0.063970
0.052783
0.057442
0.052376
0.370657
0.056553
0.997774
0.045794
0.098636
0.093346
0.695572
0.073324
0.997774
0.368038
0.059738
0.056676
0.130288
0.183681
0.328108
0.650532
0.313978
0.055901
0.997774
0.036821
0.678625
0.374966
0.080028
0.997774
0.687197
0.056066
0.686924
0.096775
0.997774
0.397746
0.070370
0.062261
0.374585
0.997774
0.379837
0.428699
0.379154
0.379625
0.064292
0.680833
0.366227
0.365584
0.309183
0.723113
0.617328
0.428872
0.378638
0.382363
0.101827
0.074994
0.074393
0.078738
0.080826
0.057992
0.428054
0.715617
0.148985
0.359694
0.358029
0.997444
0.055214
0.691791
0.395882
0.431285
0.288473
0.130621
0.082877
0.691535
0.677939
0.044062
0.375659
0.350407
0.054678
0.378179
0.374880
0.373755
0.373269
0.375160
0.364655
0.035899
0.035210
0.027192
0.035606
0.352826
0.038813
0.677543
0.380055
0.691800
0.127975
0.306692
0.070553
0.072307
0.011567
0.014852
0.070140
0.686082
0.066824
0.996564
0.686447
0.373943
0.377450
0.060214
0.053626
0.683388
0.064642
0.377860
0.384326
0.694896
0.090355
0.093597
0.996564
0.130412
0.409685
0.419238
0.995109
0.088659
0.333430
0.996216
0.298175
0.405504
0.064834
0.996216
0.075552
0.688420
0.054235
0.358215
0.679394
0.997744
0.679394
0.680052
0.053754
0.684620
0.997774
0.684620
0.059107
0.058751
0.059640
0.372436
0.385745
0.303487
0.408997
0.371072
0.682208
0.684412
0.681365
0.089811
0.084031
0.681987
0.071610
0.685701
0.041716
0.346060
0.684638
0.691844
0.675308
0.997774
0.049577
0.369412
0.684309
0.058853
0.372025
0.061921
0.376099
0.063926
0.371067
0.681866
0.006168
0.371089
0.383414
0.387502
0.087373
0.698265
0.393058
0.693478
0.383268
0.692409
0.687947
0.999179
0.687947
0.053037
0.681645
0.046971
0.359618
0.364947
0.999179
0.054521
0.368777
0.362255
0.044536
0.678827
0.356622
0.090333
0.999179
0.133428
0.999179
0.689549
0.059078
0.999179
0.059985
0.057849
0.684908
0.684127
0.683969
0.054136
0.999179
0.683806
0.054440
0.999179
0.369387
0.054242
0.684142
0.683947
0.051706
0.049918
0.054006
0.999179
0.067408
0.999179
0.681707
0.382751
0.384824
0.080447
0.079318
0.083071
0.082556
0.064947
0.029459
0.309482
0.056025
0.360698
0.675789
0.681796
0.367114
0.296968
0.430140
0.416690
0.120511
0.373209
0.313812
0.686551
0.373975
0.706171
0.068954
0.364513
0.088407
0.095002
0.086358
0.392235
0.406697
0.021408
0.420825
0.705439
0.743646
0.683168
0.680142
0.682798
0.075065
0.445703
0.017628
0.364808
0.697446
0.387367
0.695936
0.692302
0.060808
0.364913
0.374766
0.111573
0.144134
0.397662
0.689411
0.384024
0.340832
0.029227
0.105284
0.403246
0.007358
0.063643
0.997774
0.068188
0.050896
0.364847
0.358682
0.433607
0.086228
0.997774
0.380401
0.068217
0.997774
0.069499
0.997774
0.071492
0.376791
0.379531
0.380019
0.069621
0.997774
0.684425
0.683434
0.689629
0.138692
0.682816
0.669235
0.388596
0.443002
0.311664
0.376840
0.382516
0.085275
0.685114
0.408965
0.681038
0.351334
0.119752
0.997444
0.040381
0.367663
0.371447
0.685376
0.374613
0.068671
0.385417
0.113652
0.098273
0.077557
0.998205
0.688749
0.694424
0.676896
0.688965
0.375157
0.064393
0.086047
0.364566
0.355348
0.679418
0.357824
0.363705
0.364709
0.676976
0.677543
0.997151
0.353774
0.389168
0.691181
0.394082
0.083209
0.997151
0.679283
0.586860
0.090060
0.688551
0.382708
0.069286
0.685757
0.376136
0.062082
0.683467
0.368230
0.996564
0.060661
0.379793
0.683055
0.078265
0.996564
0.695824
0.395561
0.386132
0.388996
0.996564
0.120011
0.687438
0.679262
0.038077
0.041717
0.049156
0.066138
0.086751
0.389980
0.379762
0.688027
0.040896
0.354185
0.679394
0.041152
0.367987
0.374443
0.062540
0.684620
0.373423
0.373568
0.371284
0.057474
0.370069
0.293497
0.390182
0.108832
0.384278
0.369407
0.365799
0.683221
0.682801
0.050035
0.681357
0.053286
0.686133
0.370247
0.352654
0.401204
0.380154
0.009039
0.010963
0.033767
0.049259
0.370906
0.378451
0.999179
0.378347
0.067112
0.683861
0.366499
0.999179
0.045221
0.358567
0.377839
0.387353
0.390888
0.090318
0.082474
0.078705
0.381601
0.075589
0.065453
0.369218
0.683657
0.362916
0.677643
0.039203
0.361989
0.683223
0.052053
0.058407
0.367922
0.678562
0.999179
0.033701
0.682418
0.057808
0.441156
0.074283
0.379863
0.061507
0.053538
0.058233
0.373160
0.372102
0.686383
0.056718
0.057373
0.055528
0.054170
0.054824
0.369486
0.369230
0.054959
0.684363
0.052841
0.051437
0.366660
0.366728
0.364928
0.055368
0.362275
0.063010
0.064700
0.386243
0.390014
0.083919
0.393532
0.394118
0.378962
0.375622
0.320825
0.400186
0.383965
0.074804
0.053407
0.393715
0.999179
0.070410
0.166251
0.683384
0.370903
0.420121
0.251201
0.066335
0.418184
0.377707
0.071795
0.999179
0.687372
0.076730
0.690439
0.076276
0.074847
0.687892
0.381797
0.366855
0.075364
0.050539
0.052649
0.074518
0.997774
0.043260
0.433238
0.389380
0.083154
0.689480
0.692302
0.079285
0.434013
0.054024
0.357742
0.072505
0.395690
0.689411
0.679847
0.686825
0.372691
0.069263
0.688814
0.073322
0.379969
0.997774
0.382793
0.373983
0.368501
0.361114
0.357439
0.048295
0.375698
0.072179
0.997774
0.688113
0.073722
0.688770
0.087780
0.102218
0.391047
0.079304
0.997774
0.077819
0.067137
0.053728
0.058227
0.087600
0.288296
0.064004
0.100934
0.386750
0.659194
0.391329
0.269590
0.381948
0.092386
0.083776
0.681038
0.997444
0.352070
0.316397
0.678969
0.361296
0.047571
0.368968
0.682624
0.050642
0.684243
0.082465
0.714469
0.695728
0.075820
0.688749
0.107729
0.373596
0.069183
0.376211
0.684066
0.998205
0.117388
0.380527
0.363519
0.041809
0.997151
0.679937
0.356163
0.364709
0.363255
0.358544
0.079947
0.080321
0.080139
0.100653
0.091760
0.074941
0.289035
0.037474
0.123381
0.105529
0.073444
0.073264
0.376136
0.996564
0.379474
0.061564
0.056927
0.056604
0.063895
0.366147
0.996564
0.365044
0.386190
0.019813
0.101172
0.397532
0.389749
0.081496
0.692896
0.056650
0.054062
0.362875
0.363767
0.063861
0.694981
0.380041
0.084546
0.059511
0.045869
0.346393
0.032098
0.039656
0.049212
0.368832
0.997774
0.066463
0.064825
0.063195
0.997774
0.685494
0.058329
0.369433
0.349623
0.375515
0.449638
0.056799
0.365632
0.035904
0.045950
0.680376
0.681357
0.997774
0.058055
0.062332
0.997774
0.066451
0.039712
0.114931
0.366336
0.373578
0.376315
0.383215
0.067129
0.382614
0.069214
0.999179
0.065070
0.063140
0.999179
0.366499
0.030353
0.685263
0.385940
0.999179
0.692587
0.310125
0.386525
0.381053
0.077956
0.436802
0.381054
0.040724
0.050535
0.028557
0.675056
0.034961
0.999179
0.365268
0.057862
0.685647
0.046058
0.035416
0.034249
0.360527
0.684209
0.067781
0.999179
0.074828
0.688745
0.375177
0.051213
0.682647
0.056271
0.685587
0.686373
0.686383
0.375276
0.059615
0.371614
0.684142
0.999179
0.368441
0.369349
0.054326
0.368067
0.050306
0.682470
0.049573
0.682549
0.365910
0.054160
0.684595
0.375011
0.381561
0.388453
0.084840
0.390021
0.696882
0.091779
0.050441
0.006243
0.063726
0.404487
0.703766
0.100881
0.999179
0.102906
0.475270
0.051284
0.718492
0.071247
0.572711
0.999179
0.009797
0.486432
0.012812
0.070216
0.687706
0.074034
0.074025
0.673620
0.063897
0.997774
0.074636
0.670942
0.366190
0.683402
0.686936
0.997774
0.065422
0.385854
0.420947
0.056428
0.083097
0.384831
0.071633
0.377789
0.375502
0.397054
0.477014
0.072279
0.314850
0.997774
0.078921
0.051938
0.668391
0.376259
0.072492
0.997774
0.378981
0.683368
0.067044
0.062169
0.997774
0.684512
0.680500
0.677284
0.677333
0.059007
0.063874
0.068138
0.378098
0.077805
0.693485
0.389487
0.390934
0.096899
0.072811
0.097460
0.378043
0.382132
0.373956
0.997774
0.372496
0.085768
0.396009
0.395366
0.076557
0.183680
0.360904
0.329879
0.359627
0.082089
0.374618
0.062839
0.035919
0.997444
0.364132
0.360875
0.038306
0.367026
0.370517
0.365521
0.997151
0.374338
0.673517
0.379654
0.076168
0.375377
0.384041
0.423336
0.075181
0.998205
0.057416
0.368409
0.361865
0.064021
0.055571
0.049622
0.681009
0.043078
0.681269
0.674591
0.040538
0.368983
0.069683
0.997151
0.072516
0.372410
0.388869
0.694373
0.095911
0.379709
0.701657
0.271851
0.377410
0.350362
0.379158
0.072579
0.071028
0.384269
0.689371
0.687668
0.071929
0.996564
0.688280
0.366147
0.668934
0.375266
0.352597
0.306093
0.368815
0.032291
0.285252
0.102339
0.111187
0.422140
0.363397
0.057559
0.389400
0.996216
0.081115
0.365867
0.357096
0.370039
0.358682
0.377452
0.693288
0.058341
0.058356
0.064804
0.687288
0.997774
0.375664
0.685494
0.060450
0.372152
0.370203
0.381343
0.381230
0.259979
0.335412
0.044542
0.358310
0.997774
0.048612
0.050427
0.367425
0.685171
0.373146
0.063820
0.373613
0.685824
0.374943
0.377315
0.072433
0.997774
0.383599
0.690630
0.999179
0.692035
0.070924
0.067369
0.377776
0.361565
0.674458
0.014403
0.361993
0.078180
0.082404
0.005357
0.675027
0.295964
0.385322
0.129260
0.697711
0.999179
0.079300
0.351426
0.352532
0.999179
0.037430
0.048207
0.370450
0.684656
0.371106
0.051952
0.357401
0.999179
0.042303
0.682921
0.065721
0.077280
0.379197
0.999179
0.373225
0.050939
0.999179
0.369055
0.999179
0.060464
0.061869
0.373755
0.372301
0.057167
0.050075
0.368441
0.999179
0.367681
0.369882
0.368648
0.367152
0.049768
0.366201
0.999179
0.682549
0.365836
0.056154
0.999179
0.375868
0.691595
0.078689
0.693052
0.086951
0.093410
0.689650
0.383903
0.080656
0.703766
0.682963
0.391326
0.072261
0.388817
0.059120
0.667644
0.097320
0.015950
0.284397
0.572711
0.320768
0.431642
0.221011
0.007721
0.075996
0.999179
0.385525
0.394028
0.366473
0.062669
0.351939
0.385121
0.046390
0.054503
0.119086
0.064944
0.377008
0.412642
0.046965
0.683853
0.032070
0.389308
0.378090
0.997774
0.370667
0.375866
0.111584
0.322569
0.364600
0.056003
0.044242
0.397987
0.997774
0.668391
0.061080
0.374873
0.066338
0.997774
0.683368
0.375424
0.374370
0.366149
0.044656
0.043581
0.043643
0.056048
0.687283
0.377267
0.069480
0.072985
0.079480
0.385158
0.385308
0.686429
0.064500
0.678962
0.701651
0.687732
0.064047
0.058330
0.386051
0.391564
0.093100
0.405644
0.009875
0.997444
0.684388
0.071791
0.690306
0.068163
0.685643
0.057614
0.997444
0.352031
0.358715
0.351135
0.358941
0.049316
0.368463
0.368571
0.363474
0.351725
0.035868
0.383724
0.997151
0.366376
0.348819
0.027944
0.372036
0.685867
0.681092
0.039645
0.052372
0.997151
0.070426
0.997151
0.071424
0.678051
0.067539
0.354260
0.997151
0.047681
0.372247
0.078246
0.403513
0.374102
0.369668
0.997151
0.393771
0.089808
0.008685
0.314025
0.146664
0.355244
0.060854
0.401345
0.686749
0.689365
0.382809
0.078508
0.076063
0.366568
0.679655
0.002800
0.298699
0.355898
0.061465
0.996564
0.022268
0.996564
0.394645
0.028087
0.399344
0.381790
0.991648
0.363711
0.388024
0.104841
0.384731
0.369596
0.370996
0.686319
0.379540
0.691760
0.684859
0.997744
0.373510
0.689072
0.058568
0.059480
0.062686
0.374865
0.061899
0.372941
0.321940
0.686404
0.028059
0.351981
0.346562
0.357521
0.363351
0.046341
0.052661
0.373263
0.370881
0.371806
0.685411
0.684787
0.373712
0.064473
0.381377
0.385892
0.385000
0.073844
0.082433
0.083281
0.382233
0.691451
0.377152
0.685936
0.688656
0.691019
0.076911
0.390567
0.069441
0.393229
0.390543
0.371338
0.364965
0.689919
0.056997
0.613498
0.423241
0.697711
0.673700
0.367237
0.679893
0.043492
0.367100
0.683557
0.052062
0.368623
0.683091
0.049131
0.361552
0.357273
0.999179
0.051091
0.682764
0.057796
0.999179
0.066326
0.373088
0.047540
0.047185
0.052079
0.368590
0.368665
0.370892
0.052670
0.681213
0.366190
0.046445
0.048587
0.683477
0.681997
0.683383
0.684632
0.683689
0.050979
0.999179
0.050287
0.049537
0.364951
0.364788
0.055358
0.685975
0.067249
0.074026
0.385832
0.999179
0.009776
0.747968
0.689650
0.059065
0.094381
0.686739
0.694480
0.378838
0.073237
0.344078
0.746100
0.999179
0.147085
0.051604
0.317694
0.383656
0.409294
0.113033
0.603642
0.705881
0.385362
0.094759
0.094523
0.697029
0.388844
0.307321
0.100615
0.997774
0.366706
0.390518
0.114636
0.399632
0.403797
0.069307
0.390539
0.696192
0.084933
0.997774
0.378090
0.370912
0.367338
0.091913
0.314758
0.733206
0.035998
0.705314
0.043599
0.025123
0.055202
0.371002
0.684406
0.052509
0.053275
0.367283
0.373362
0.372097
0.365194
0.681687
0.369607
0.997774
0.683568
0.376473
0.997774
0.384552
0.073223
0.997774
0.079550
0.713906
0.387616
0.686429
0.069696
0.062016
0.377155
0.375631
0.377603
0.379559
0.392320
0.387444
0.074314
0.022295
0.684388
0.051687
0.094509
0.704072
0.066290
0.684830
0.372400
0.366438
0.360792
0.356142
0.363644
0.359357
0.060507
0.370529
0.997151
0.361768
0.351242
0.367114
0.034059
0.679680
0.042222
0.025110
0.371608
0.063055
0.681092
0.046128
0.997151
0.061235
0.087835
0.426013
0.357308
0.063045
0.700849
0.372253
0.045676
0.360652
0.997151
0.374490
0.005704
0.997151
0.382640
0.077842
0.083607
0.080809
0.051286
0.367632
0.327795
0.448174
0.233496
0.063247
0.356117
0.080088
0.077649
0.087781
0.375996
0.063143
0.377301
0.364332
0.686161
0.335935
0.376678
0.052979
0.363005
0.996564
0.075586
0.703202
0.996564
0.394694
0.693872
0.363711
0.991648
0.073126
0.740707
0.137849
0.372075
0.369571
0.056398
0.069292
0.086047
0.065703
0.048210
0.055640
0.067139
0.681733
0.684122
0.685919
0.374949
0.685860
0.622098
0.686404
0.997774
0.080755
0.348634
0.353765
0.678369
0.361490
0.370110
0.685858
0.997774
0.373263
0.066450
0.057098
0.686075
0.997774
0.066406
0.997774
0.382134
0.689592
0.383345
0.997774
0.069664
0.382044
0.376172
0.370885
0.047948
0.368787
0.371602
0.053344
0.091358
0.696967
0.386505
0.695491
0.380829
0.689919
0.691480
0.063418
0.075805
0.000441
0.071000
0.115043
0.007465
0.039907
0.684161
0.683557
0.999179
0.051355
0.365727
0.681731
0.365700
0.048246
0.041575
0.045331
0.999179
0.682264
0.050947
0.068105
0.687938
0.053097
0.362759
0.363337
0.682161
0.681463
0.364823
0.047038
0.361920
0.682145
0.999179
0.048694
0.682395
0.047344
0.049932
0.055715
0.054560
0.052965
0.368873
0.052565
0.052398
0.683680
0.366586
0.364579
0.364455
0.053622
0.367659
0.061284
0.380016
0.068411
0.747968
0.702241
0.108459
0.365366
0.077978
0.076296
0.386430
0.380365
0.366846
0.999179
0.344078
0.364542
0.703162
0.743155
0.685593
0.703863
0.083065
0.682154
0.429816
0.001728
0.093613
0.099239
0.395629
0.695919
0.009347
0.743601
0.692676
0.426074
0.673634
0.378096
0.386259
0.373438
0.079911
0.091302
0.376044
0.699217
0.075833
0.380018
0.062857
0.373512
0.369846
0.070058
0.407757
0.402175
0.401364
0.389365
0.081979
0.680951
0.997774
0.054913
0.997774
0.372147
0.371720
0.057795
0.374534
0.062045
0.059000
0.062687
0.062410
0.059140
0.057359
0.063573
0.688111
0.378992
0.997774
0.125489
0.141608
0.405996
0.997774
0.064374
0.366076
0.371674
0.069250
0.379809
0.404877
0.381962
0.386781
0.073751
0.997444
0.679848
0.344252
0.304360
0.020924
0.997444
0.327903
0.372012
0.372022
0.053585
0.679116
0.369309
0.365282
0.373061
0.064562
0.684921
0.371866
0.060301
0.066412
0.363646
0.363718
0.044595
0.997151
0.683078
0.116846
0.014417
0.085968
0.358358
0.046012
0.997151
0.371352
0.071553
0.674589
0.405573
0.388200
0.074821
0.034679
0.414244
0.374305
0.316099
0.997151
0.072507
0.694397
0.997151
0.694397
0.087001
0.682161
0.682255
0.018740
0.050914
0.405060
0.997151
0.093305
0.059208
0.065821
0.063114
0.365495
0.996564
0.378415
0.362165
0.022027
0.076867
0.072997
0.095658
0.073930
0.357793
0.041880
0.093303
0.064374
0.996564
0.055789
0.046556
0.031574
0.357074
0.400064
0.688174
0.398938
0.682230
0.996216
0.369409
0.071454
0.688385
0.067943
0.694659
0.385719
0.063253
0.068596
0.370880
0.373606
0.061668
0.062552
0.028901
0.395531
0.678442
0.674996
0.678369
0.997774
0.050612
0.373237
0.061998
0.065759
0.126279
0.007988
0.047577
0.064467
0.376869
0.064603
0.396123
0.090656
0.997774
0.066847
0.690141
0.057627
0.061703
0.056582
0.365957
0.997774
0.041841
0.045874
0.999179
0.681804
0.072049
0.999179
0.082533
0.999179
0.073130
0.999179
0.691480
0.696933
0.052859
0.744851
0.038508
0.359912
0.382581
0.058102
0.058353
0.054189
0.683701
0.047176
0.999179
0.681731
0.363963
0.047538
0.999179
0.047972
0.049480
0.058830
0.379078
0.687245
0.056485
0.683101
0.365122
0.999179
0.049234
0.363892
0.999179
0.361741
0.045594
0.366310
0.367260
0.682774
0.682395
0.365330
0.368504
0.370399
0.369969
0.055604
0.370288
0.369325
0.684103
0.367712
0.048860
0.685209
0.370668
0.384266
0.062802
0.496173
0.421891
0.029600
0.370656
0.999179
0.363446
0.073269
0.388978
0.999179
0.694330
0.688341
0.059204
0.308694
0.080833
0.126215
0.685593
0.403731
0.082809
0.999179
0.133026
0.999179
0.082029
0.702819
0.697396
0.086877
0.998846
0.695919
0.004995
0.998846
0.367464
0.362967
0.687889
0.692709
0.072778
0.692448
0.050424
0.397315
0.291915
0.688011
0.370649
0.687276
0.060159
0.373551
0.359080
0.686230
0.693824
0.689329
0.997774
0.069107
0.055165
0.368436
0.061843
0.684406
0.685095
0.685516
0.375729
0.065535
0.376979
0.377411
0.379421
0.687290
0.687368
0.684786
0.369992
0.057021
0.694215
0.121922
0.412738
0.708728
0.997774
0.405996
0.062314
0.367350
0.351451
0.687667
0.392351
0.389103
0.100395
0.387248
0.076146
0.679848
0.356448
0.060540
0.347462
0.052700
0.050556
0.746886
0.322798
0.684228
0.059891
0.684263
0.372463
0.374847
0.375866
0.062845
0.685457
0.061218
0.374797
0.687089
0.060683
0.363819
0.052821
0.683078
0.025662
0.183550
0.429364
0.684252
0.022513
0.362756
0.361640
0.347431
0.118778
0.106761
0.094971
0.694519
0.691201
0.080878
0.659318
0.442204
0.373470
0.386313
0.068613
0.693034
0.081345
0.399415
0.399995
0.388417
0.109130
0.360804
0.696868
0.395961
0.399924
0.080478
0.688505
0.996564
0.381046
0.383545
0.060138
0.372825
0.068615
0.996564
0.690862
0.689883
0.120681
0.996564
0.398158
0.378591
0.368332
0.056768
0.058668
0.681733
0.408611
0.395099
0.374459
0.343915
0.400615
0.361641
0.055796
0.059284
0.377395
0.379009
0.688389
0.079961
0.070897
0.399132
0.997744
0.094698
0.059463
0.060974
0.685738
0.375001
0.376545
0.110478
0.099745
0.047009
0.042579
0.052810
0.051775
0.373205
0.378831
0.391744
0.315434
0.345347
0.061094
0.688816
0.066511
0.392970
0.086336
0.369144
0.070160
0.069374
0.064946
0.683383
0.997774
0.051788
0.042370
0.036619
0.033874
0.035077
0.047512
0.055796
0.042485
0.047214
0.079923
0.072506
0.092277
0.391547
0.100813
0.144178
0.120446
0.714930
0.375001
0.999179
0.069918
0.692925
0.059130
0.372400
0.999179
0.683701
0.363424
0.045013
0.999179
0.364358
0.047058
0.999179
0.364434
0.366770
0.060663
0.684766
0.999179
0.684766
0.364975
0.049435
0.999179
0.046927
0.361741
0.999179
0.044505
0.367718
0.682774
0.999179
0.049377
0.049537
0.685007
0.369101
0.055706
0.370981
0.370713
0.369849
0.999179
0.052540
0.371085
0.999179
0.388495
0.080606
0.140082
0.424234
0.397468
0.697312
0.322547
0.671583
0.315033
0.082979
0.392332
0.048063
0.045963
0.372500
0.370231
0.379583
0.388410
0.048996
0.067273
0.069702
0.073939
0.378635
0.395894
0.131771
0.684703
0.399226
0.392254
0.381149
0.083746
0.087073
0.379672
0.052383
0.372875
0.068494
0.395432
0.380193
0.388766
0.073004
0.090610
0.294680
0.337746
0.050464
0.997774
0.371979
0.377591
0.375955
0.060107
0.030084
0.048522
0.064179
0.689329
0.057809
0.371509
0.372648
0.373553
0.685095
0.063309
0.685743
0.687179
0.377541
0.997774
0.687555
0.688133
0.379416
0.075339
0.059512
0.051291
0.054791
0.095507
0.067412
0.415742
0.723802
0.073628
0.399431
0.368056
0.388977
0.425334
0.045414
0.389108
0.397832
0.692069
0.095849
0.692870
0.077061
0.366731
0.050810
0.693522
0.399451
0.997444
0.421621
0.997444
0.071744
0.062279
0.686119
0.376723
0.066626
0.065517
0.062313
0.372393
0.369770
0.366622
0.129004
0.391271
0.036597
0.066213
0.039069
0.735969
0.997151
0.735969
0.025993
0.365294
0.056133
0.026318
0.685850
0.997151
0.072336
0.070303
0.053155
0.066313
0.376717
0.375288
0.072811
0.083600
0.363944
0.025326
0.077907
0.997151
0.393376
0.378512
0.997151
0.391433
0.410343
0.019626
0.691144
0.997151
0.125587
0.390748
0.077568
0.388240
0.399033
0.440798
0.291302
0.071782
0.045499
0.072159
0.062054
0.069729
0.398158
0.996564
0.391385
0.400137
0.354217
0.360931
0.040426
0.423481
0.347702
0.392334
0.396876
0.347931
0.071572
0.383664
0.380088
0.379057
0.380212
0.684396
0.042202
0.376492
0.997744
0.105068
0.082114
0.997744
0.375240
0.063778
0.690380
0.067068
0.382107
0.069121
0.685788
0.373667
0.364144
0.060387
0.382651
0.371097
0.292233
0.333700
0.040149
0.684411
0.373029
0.390583
0.433602
0.072181
0.997774
0.692013
0.684492
0.066185
0.052722
0.051401
0.366349
0.361522
0.358100
0.679459
0.037428
0.365997
0.040991
0.351361
0.362624
0.437392
0.133609
0.362187
0.093552
0.423430
0.348943
0.429753
0.435949
0.697140
0.089254
0.391243
0.380924
0.379989
0.999179
0.372400
0.046827
0.680228
0.042421
0.681354
0.045811
0.679984
0.046604
0.999179
0.681433
0.051442
0.687245
0.371828
0.368527
0.366604
0.055890
0.366116
0.362504
0.361158
0.360199
0.045710
0.683648
0.055572
0.682774
0.368669
0.371132
0.686528
0.372251
0.056697
0.371193
0.999179
0.685067
0.055321
0.370065
0.369814
0.055245
0.063584
0.999179
0.087814
0.690654
0.100351
0.999179
0.094136
0.315033
0.999179
0.391835
0.065735
0.359312
0.363768
0.678559
0.363424
0.052374
0.006307
0.679706
0.685117
0.080325
0.691603
0.086610
0.076302
0.694082
0.395556
0.083493
0.073029
0.999179
0.690199
0.693214
0.384475
0.392716
0.079952
0.696963
0.075426
0.078139
0.393431
0.095106
0.402555
0.997774
0.051193
0.367374
0.059307
0.688179
0.068728
0.376651
0.374312
0.368296
0.684199
0.052771
0.369768
0.370578
0.057785
0.997774
0.372188
0.061752
0.064512
0.066110
0.068228
0.068014
0.687555
0.377692
0.379838
0.084296
0.997774
0.695370
0.384488
0.689364
0.077825
0.673256
0.382439
0.056880
0.997774
0.372522
0.072222
0.384555
0.081002
0.671537
0.377886
0.691203
0.124197
0.422430
0.093045
0.399898
0.091992
0.044398
0.997444
0.384952
0.119335
0.132439
0.383297
0.368555
0.054028
0.055447
0.065427
0.069429
0.686765
0.373132
0.681429
0.997151
0.426041
0.691504
0.681715
0.997151
0.681715
0.134052
0.356028
0.148237
0.362675
0.997151
0.370664
0.388590
0.067368
0.172834
0.378761
0.079411
0.344656
0.349080
0.358937
0.360667
0.078063
0.366366
0.691089
0.058708
0.027677
0.687886
0.385507
0.075902
0.049009
0.682069
0.600711
0.339612
0.401582
0.386767
0.101631
0.102323
0.424780
0.383056
0.380053
0.105369
0.432875
0.490506
0.274176
0.375167
0.388626
0.684007
0.110351
0.135580
0.088229
0.996564
0.110516
0.996564
0.043071
0.352251
0.639008
0.672376
0.700342
0.085343
0.086580
0.134598
0.690286
0.381340
0.378406
0.377079
0.685551
0.044244
0.383400
0.091322
0.097162
0.383805
0.072760
0.376930
0.364406
0.694178
0.387596
0.072351
0.065291
0.611297
0.386611
0.118432
0.997774
0.054738
0.286297
0.396929
0.362515
0.050284
0.683016
0.684411
0.688523
0.699541
0.487383
0.373319
0.074838
0.077566
0.372350
0.684899
0.054200
0.368944
0.679777
0.678054
0.999179
0.043382
0.054040
0.999179
0.372535
0.377794
0.371208
0.389306
0.403760
0.379963
0.110053
0.388404
0.038608
0.068171
0.394439
0.697497
0.380751
0.999179
0.386589
0.376997
0.071262
0.048307
0.360019
0.361287
0.362463
0.362556
0.999179
0.041410
0.681433
0.042509
0.046890
0.058966
0.684605
0.368428
0.368907
0.059005
0.366914
0.362988
0.999179
0.360607
0.052410
0.374336
0.061438
0.056661
0.057205
0.999179
0.685305
0.686528
0.686424
0.371637
0.685067
0.056402
0.684745
0.370317
0.370138
0.369794
0.060900
0.388036
0.068533
0.692000
0.999179
0.390133
0.087949
0.088053
0.083523
0.074609
0.694597
0.435222
0.398663
0.370104
0.364765
0.379130
0.354108
0.999179
0.378245
0.385216
0.058471
0.388765
0.086122
0.999179
0.084818
0.383545
0.067629
0.690532
0.383677
0.086319
0.698493
0.399489
0.702827
0.360023
0.613918
0.401578
0.076249
0.414711
0.387460
0.057953
0.359273
0.366457
0.688179
0.997774
0.071233
0.686960
0.997774
0.375510
0.059665
0.371421
0.684689
0.371455
0.058279
0.060159
0.374596
0.686491
0.685974
0.374471
0.375955
0.067047
0.061395
0.075367
0.693743
0.108910
0.392384
0.384488
0.997774
0.090499
0.047234
0.997774
0.367461
0.403478
0.434615
0.045563
0.375919
0.704140
0.690036
0.399833
0.077263
0.092585
0.685318
0.397992
0.081307
0.997444
0.706182
0.106133
0.388371
0.096228
0.338228
0.358076
0.050878
0.049515
0.362960
0.053867
0.997151
0.066316
0.375791
0.997151
0.373132
0.367456
0.029130
0.063771
0.289037
0.016647
0.295798
0.073545
0.997151
0.017202
0.045814
0.061330
0.997151
0.690248
0.331545
0.370558
0.128857
0.388063
0.378391
0.313509
0.334222
0.054935
0.365269
0.380743
0.066318
0.319376
0.089467
0.997151
0.380063
0.112998
0.997151
0.021696
0.388612
0.110000
0.077459
0.056633
0.137004
0.996564
0.400474
0.393743
0.080419
0.996564
0.698725
0.421465
0.120930
0.996564
0.377399
0.066820
0.387567
0.391265
0.996564
0.079937
0.330084
0.079327
0.605552
0.032943
0.104009
0.010391
0.072866
0.070661
0.382331
0.081145
0.077212
0.686584
0.383549
0.380568
0.996564
0.057785
0.684997
0.365427
0.064197
0.378347
0.388184
0.365506
0.093564
0.997774
0.694178
0.074753
0.300869
0.670274
0.311989
0.090262
0.385753
0.997774
0.131763
0.380459
0.368810
0.052149
0.997774
0.373764
0.382472
0.154495
0.997774
0.137562
0.389677
0.080669
0.997774
0.687027
0.059085
0.684352
0.366195
0.362481
0.361918
0.367522
0.370959
0.684660
0.381562
0.077093
0.401013
0.379306
0.387318
0.396104
0.392705
0.383904
0.383663
0.385974
0.105585
0.094153
0.385477
0.692679
0.070232
0.999179
0.688298
0.371646
0.042352
0.360763
0.361081
0.041981
0.679984
0.358681
0.035470
0.683919
0.686876
0.999179
0.371904
0.044688
0.684679
0.049718
0.364981
0.361062
0.680120
0.044356
0.054336
0.999179
0.064048
0.687438
0.687934
0.685305
0.375282
0.064688
0.685632
0.059702
0.370790
0.370449
0.999179
0.370336
0.999179
0.370332
0.369691
0.369042
0.062907
0.072874
0.078807
0.385704
0.079324
0.688844
0.065709
0.379968
0.691982
0.129115
0.399302
0.698009
0.057510
0.376392
0.035086
0.679706
0.409158
0.746284
0.687160
0.378012
0.388951
0.384400
0.693719
0.691709
0.068763
0.075308
0.075923
0.076219
0.087920
0.388230
0.082993
0.012916
0.107582
0.386622
0.094411
0.074704
0.371842
0.361722
0.676879
0.357570
0.053728
0.066703
0.073823
0.069247
0.065435
0.686566
0.374219
0.372688
0.059167
0.685781
0.061787
0.376426
0.997774
0.686397
0.064663
0.373840
0.372956
0.056104
0.674194
0.367112
0.034739
0.089192
0.010056
0.081525
0.072150
0.010628
0.043617
0.336186
0.016601
0.144057
0.070806
0.695033
0.997774
0.387295
0.380958
0.092418
0.997774
0.098870
0.109848
0.130164
0.997444
0.065148
0.053598
0.423572
0.323238
0.125090
0.027564
0.697037
0.355203
0.365690
0.050211
0.683828
0.370560
0.065676
0.065172
0.685440
0.370536
0.033035
0.997151
0.345598
0.321073
0.297174
0.078323
0.085659
0.704994
0.692643
0.690227
0.069863
0.690248
0.023601
0.997151
0.374225
0.343886
0.385353
0.377087
0.358048
0.021898
0.997151
0.375935
0.074185
0.698450
0.678246
0.322862
0.085042
0.059408
0.375729
0.108524
0.290473
0.997151
0.075111
0.127520
0.996564
0.157056
0.416748
0.052501
0.996564
0.080368
0.698725
0.127392
0.115569
0.060393
0.377399
0.996564
0.383548
0.996564
0.409532
0.090693
0.680100
0.996564
0.339446
0.342238
0.045497
0.991648
0.372201
0.058682
0.083642
0.996564
0.692757
0.069717
0.383774
0.390777
0.693985
0.077311
0.385792
0.071020
0.372712
0.374880
0.374122
0.463825
0.107319
0.400067
0.085158
0.694991
0.383575
0.043438
0.698466
0.388148
0.386312
0.403648
0.695007
0.698500
0.074241
0.372722
0.683657
0.369943
0.368802
0.355037
0.308261
0.082162
0.697533
0.997774
0.079633
0.374079
0.371993
0.997774
0.060963
0.371572
0.367659
0.051472
0.999179
0.683995
0.066772
0.699976
0.999179
0.699976
0.394858
0.078118
0.999179
0.369823
0.312896
0.393351
0.423423
0.426487
0.471587
0.106581
0.382512
0.688106
0.064105
0.036491
0.058010
0.358876
0.042749
0.361693
0.999179
0.035639
0.676106
0.029208
0.368290
0.683919
0.375769
0.381540
0.003311
0.339540
0.365265
0.041937
0.039411
0.360302
0.363032
0.061749
0.072385
0.071493
0.377812
0.377878
0.687934
0.072592
0.378715
0.068952
0.372477
0.685254
0.056871
0.684745
0.056448
0.056198
0.684800
0.369988
0.369957
0.371495
0.066776
0.690883
0.383869
0.688844
0.999179
0.057245
0.999179
0.385084
0.403680
0.999179
0.401641
0.068383
0.376375
0.128733
0.085803
0.117318
0.078763
0.073290
0.426454
0.379822
0.077865
0.384730
0.074945
0.080741
0.697385
0.392539
0.392154
0.373795
0.050160
0.435872
0.690526
0.398379
0.391855
0.073498
0.997774
0.056931
0.682012
0.364841
0.360432
0.057350
0.689199
0.380538
0.380912
0.067587
0.686712
0.061929
0.997774
0.060947
0.686780
0.066259
0.379792
0.686397
0.376810
0.688117
0.687199
0.056107
0.687625
0.682823
0.012006
0.997774
0.665421
0.667534
0.687718
0.690072
0.680587
0.624455
0.285364
0.316176
0.398137
0.084260
0.687299
0.383411
0.390919
0.065252
0.388331
0.410669
0.396283
0.393571
0.698253
0.076921
0.413165
0.283123
0.259588
0.127012
0.647623
0.725872
0.346492
0.380750
0.054062
0.997151
0.681980
0.062036
0.997151
0.065833
0.059630
0.052444
0.044628
0.347864
0.676901
0.358930
0.062763
0.690995
0.088090
0.083151
0.077192
0.072837
0.071104
0.063930
0.128515
0.628033
0.441461
0.997151
0.075434
0.054837
0.738542
0.072686
0.123830
0.392860
0.328015
0.997151
0.324831
0.055666
0.352369
0.688337
0.689332
0.076274
0.382929
0.679249
0.108026
0.124078
0.094785
0.709746
0.627190
0.996564
0.038750
0.305277
0.411617
0.000768
0.703349
0.122659
0.301966
0.122545
0.067613
0.073368
0.391150
0.120672
0.012562
0.339446
0.996564
0.036137
0.396234
0.061423
0.384345
0.690483
0.092289
0.380886
0.379561
0.691084
0.385915
0.392247
0.996564
0.086707
0.996564
0.076104
0.374485
0.371390
0.104084
0.398923
0.395623
0.392963
0.141303
0.038578
0.078022
0.446052
0.080805
0.997774
0.404236
0.117535
0.104524
0.697119
0.077906
0.371169
0.062874
0.067109
0.070741
0.071642
0.128018
0.034278
0.076175
0.398629
0.392367
0.061718
0.060160
0.064984
0.068436
0.068138
0.064324
0.060747
0.057615
0.056235
0.038715
0.093408
0.090592
0.099211
0.078947
0.999179
0.064920
0.999179
0.674793
0.617019
0.427745
0.999179
0.175569
0.999179
0.095478
0.692689
0.690816
0.681477
0.662853
0.044915
0.049983
0.045818
0.054683
0.029307
0.365426
0.675172
0.065198
0.688072
0.387487
0.396024
0.070558
0.290645
0.344963
0.678335
0.680407
0.682659
0.999179
0.065661
0.691993
0.701241
0.076824
0.689386
0.073188
0.382395
0.672536
0.382473
0.066915
0.371676
0.370324
0.684700
0.056340
0.684800
0.999179
0.684800
0.684426
0.684666
0.377138
0.999179
0.076406
0.075688
0.067845
0.042888
0.074183
0.999179
0.134379
0.401641
0.999179
0.061742
0.070272
0.999179
0.392354
0.367246
0.367140
0.325645
0.363834
0.079082
0.382731
0.076331
0.082469
0.395269
0.397281
0.999179
0.697632
0.080082
0.061377
0.997774
0.133043
0.024423
0.691235
0.062699
0.686206
0.373148
0.371812
0.367473
0.367176
0.371825
0.069056
0.379722
0.378811
0.376989
0.687184
0.062395
0.060808
0.375100
0.687490
0.068638
0.690079
0.072630
0.074777
0.073329
0.067598
0.062629
0.688100
0.364044
0.041022
0.164646
0.064322
0.058040
0.074149
0.086192
0.046478
0.089553
0.030186
0.685113
0.330980
0.132672
0.108131
0.325324
0.072582
0.381216
0.378616
0.090362
0.387194
0.067694
0.061532
0.361136
0.303586
0.176497
0.032944
0.376368
0.997444
0.012769
0.356579
0.997444
0.681158
0.051952
0.056921
0.065377
0.072290
0.381006
0.375089
0.371001
0.367672
0.360439
0.043840
0.063510
0.431480
0.011192
0.388667
0.388263
0.383091
0.381062
0.372335
0.997151
0.368439
0.395465
0.274287
0.042698
0.095214
0.357876
0.291507
0.997151
0.065060
0.626715
0.997151
0.075518
0.035574
0.432696
0.328436
0.381673
0.688337
0.007593
0.385925
0.081844
0.094135
0.039786
0.335917
0.109728
0.082280
0.236095
0.091307
0.359057
0.465124
0.131969
0.665453
0.018831
0.156986
0.236669
0.684816
0.996564
0.062633
0.693697
0.475134
0.184642
0.049991
0.996564
0.365036
0.064770
0.695399
0.682957
0.075471
0.083328
0.368119
0.068280
0.083337
0.695294
0.089237
0.390095
0.388248
0.076564
0.071503
0.384484
0.000407
0.997744
0.688871
0.443698
0.706926
0.143959
0.997774
0.123317
0.699741
0.067833
0.146246
0.405973
0.363372
0.380760
0.053606
0.364412
0.678842
0.072461
0.389514
0.085760
0.015512
0.356200
0.362354
0.124193
0.084402
0.374992
0.375137
0.378121
0.379679
0.688956
0.069211
0.374663
0.058764
0.999179
0.685406
0.077640
0.999179
0.398900
0.703103
0.084412
0.693850
0.371918
0.003891
0.082451
0.107840
0.149795
0.718743
0.713965
0.421369
0.059724
0.062107
0.020314
0.053573
0.999179
0.046044
0.375325
0.368063
0.999344
0.053319
0.380682
0.682538
0.076530
0.403835
0.391500
0.066480
0.036138
0.037840
0.357798
0.358559
0.360423
0.682659
0.056291
0.393777
0.698163
0.089825
0.376840
0.375996
0.363531
0.999179
0.364935
0.066850
0.372298
0.054670
0.370757
0.370910
0.370854
0.684800
0.055119
0.684666
0.370319
0.373833
0.070675
0.999179
0.690975
0.689826
0.063038
0.382316
0.699713
0.433173
0.086182
0.386455
0.356291
0.385335
0.082977
0.406757
0.394759
0.365443
0.313078
0.010106
0.999179
0.377710
0.384960
0.376135
0.069134
0.999179
0.396948
0.402407
0.707477
0.070580
0.093276
0.075776
0.680066
0.313124
0.045740
0.684602
0.353400
0.373851
0.375756
0.371255
0.064487
0.378080
0.687906
0.379160
0.068850
0.688022
0.064544
0.375395
0.376960
0.376690
0.999179
0.377966
0.690079
0.382317
0.383785
0.382893
0.070566
0.997774
0.392895
0.690211
0.030384
0.997774
0.373977
0.073097
0.646275
0.058910
0.997774
0.682742
0.021981
0.135267
0.431718
0.386231
0.051708
0.386095
0.087050
0.997774
0.686571
0.376641
0.997774
0.378572
0.383416
0.162941
0.699142
0.377010
0.434692
0.012780
0.430694
0.359575
0.060314
0.061223
0.057343
0.685622
0.684626
0.687887
0.380637
0.377016
0.059810
0.684451
0.054739
0.068903
0.691222
0.031636
0.737316
0.323624
0.078668
0.380829
0.997151
0.072770
0.372884
0.351612
0.237133
0.045906
0.997151
0.326613
0.590668
0.633588
0.697989
0.633588
0.042346
0.006409
0.417337
0.127825
0.309871
0.375264
0.439425
0.703927
0.746407
0.308450
0.056720
0.378452
0.121513
0.282186
0.603790
0.055575
0.357130
0.314200
0.484273
0.996564
0.090277
0.672818
0.079952
0.996564
0.029867
0.434429
0.335749
0.076461
0.734995
0.257744
0.192879
0.604152
0.430958
0.734629
0.368720
0.056203
0.681111
0.374771
0.077047
0.065769
0.381188
0.386698
0.086152
0.388951
0.692587
0.085294
0.385498
0.701096
0.083387
0.295672
0.112682
0.102568
0.114244
0.689163
0.402054
0.127977
0.386147
0.011296
0.363808
0.997774
0.060431
0.358498
0.359185
0.613129
0.357454
0.354719
0.364009
0.075556
0.693940
0.374594
0.087639
0.185478
0.423513
0.389096
0.689683
0.375951
0.374370
0.068089
0.379136
0.065253
0.687321
0.373901
0.058059
0.058382
0.082931
0.398900
0.999179
0.390579
0.099236
0.095355
0.386051
0.689829
0.685903
0.999179
0.140866
0.069960
0.341018
0.368087
0.999179
0.369341
0.001784
0.700112
0.371400
0.059994
0.690594
0.999344
0.368063
0.083596
0.019947
0.382056
0.743824
0.385494
0.369467
0.051002
0.681851
0.999179
0.043745
0.359937
0.679404
0.008727
0.368192
0.386548
0.700955
0.085116
0.382875
0.368701
0.310180
0.672536
0.313704
0.061655
0.369172
0.999179
0.055547
0.372487
0.060352
0.370445
0.056381
0.684063
0.369889
0.373095
0.069939
0.382521
0.381045
0.376253
0.379850
0.999179
0.088794
0.372737
0.999179
0.019917
0.318021
0.093737
0.999179
0.698357
0.389025
0.999179
0.056250
0.025653
0.686106
0.380182
0.060748
0.999179
0.682902
0.374802
0.113784
0.119954
0.432519
0.681198
0.374001
0.405896
0.075628
0.686649
0.057527
0.682864
0.362393
0.368023
0.366393
0.374262
0.054203
0.373735
0.376843
0.688156
0.377523
0.377392
0.375713
0.065483
0.376841
0.688203
0.378095
0.374662
0.380645
0.068376
0.381814
0.692913
0.078540
0.384500
0.050313
0.333797
0.413546
0.069974
0.667211
0.366827
0.036659
0.686439
0.351352
0.064533
0.357600
0.415807
0.084508
0.055255
0.997774
0.395781
0.373044
0.079103
0.372830
0.685820
0.061670
0.083006
0.997444
0.027238
0.688961
0.446555
0.997444
0.169909
0.331843
0.390701
0.381691
0.688952
0.063931
0.997151
0.376358
0.071439
0.067537
0.685931
0.061715
0.685071
0.684451
0.376347
0.389800
0.115743
0.697769
0.997151
0.393530
0.690952
0.072373
0.374976
0.387240
0.106910
0.703558
0.444400
0.088826
0.426097
0.310689
0.270214
0.326609
0.670428
0.136065
0.330300
0.997151
0.008403
0.667318
0.032061
0.105548
0.127312
0.302325
0.057687
0.373600
0.447809
0.996564
0.060354
0.996564
0.291540
0.060343
0.421634
0.643477
0.734666
0.319732
0.678932
0.996564
0.061302
0.743646
0.996564
0.104925
0.038926
0.009532
0.737065
0.280170
0.147925
0.085102
0.359876
0.359057
0.364313
0.681789
0.067394
0.996564
0.081154
0.376877
0.690460
0.691837
0.692587
0.996564
0.083063
0.699989
0.393798
0.693937
0.139411
0.678185
0.389763
0.375424
0.076338
0.414385
0.997774
0.004576
0.028514
0.360226
0.380254
0.064851
0.348409
0.203011
0.744904
0.311732
0.359414
0.362159
0.064737
0.085731
0.998720
0.696954
0.156568
0.699764
0.689683
0.686619
0.687802
0.065562
0.378352
0.377261
0.376003
0.373957
0.686098
0.371947
0.383272
0.381801
0.393246
0.077393
0.087529
0.404862
0.398222
0.079645
0.382139
0.378867
0.685903
0.048132
0.178109
0.435811
0.005197
0.673924
0.374252
0.106737
0.999179
0.386588
0.063166
0.397146
0.394656
0.096949
0.419776
0.095670
0.439281
0.999179
0.112250
0.047915
0.365472
0.365832
0.365220
0.363452
0.361804
0.361008
0.361756
0.378208
0.092478
0.692649
0.086586
0.372664
0.372342
0.429897
0.622466
0.434279
0.074405
0.361110
0.367095
0.042879
0.057272
0.687463
0.373412
0.999179
0.371823
0.372367
0.376857
0.688719
0.068384
0.066756
0.062851
0.061863
0.069755
0.084424
0.410472
0.041753
0.999179
0.672716
0.066370
0.698357
0.394975
0.069847
0.037944
0.362129
0.079429
0.691465
0.377904
0.377811
0.064375
0.089091
0.009173
0.134705
0.459560
0.079952
0.027230
0.058509
0.684832
0.691073
0.680089
0.038724
0.682718
0.669551
0.677449
0.395121
0.366506
0.057617
0.686424
0.688156
0.376237
0.687485
0.061367
0.371922
0.689489
0.999179
0.689489
0.377778
0.372867
0.061811
0.374566
0.997774
0.689380
0.692913
0.694073
0.085885
0.104806
0.693771
0.667211
0.997774
0.667211
0.687212
0.373929
0.075081
0.997774
0.089371
0.119463
0.711365
0.129358
0.087301
0.997774
0.123693
0.997774
0.390306
0.042315
0.997444
0.387595
0.081400
0.046688
0.997444
0.323517
0.493066
0.623794
0.684169
0.387744
0.381296
0.068316
0.687399
0.375144
0.065968
0.375400
0.065174
0.685302
0.062204
0.997151
0.064267
0.997151
0.373470
0.997151
0.094586
0.010607
0.075145
0.380794
0.683683
0.997151
0.382348
0.413587
0.006553
0.692433
0.379379
0.369509
0.371791
0.383206
0.058007
0.076447
0.338875
0.662315
0.703741
0.071171
0.335576
0.997151
0.704937
0.667599
0.075961
0.062829
0.393979
0.399373
0.743797
0.701760
0.313120
0.113169
0.053613
0.996564
0.421634
0.324267
0.076805
0.672818
0.036161
0.365918
0.333958
0.743646
0.057133
0.425337
0.403992
0.427823
0.078369
0.738368
0.337866
0.057327
0.996564
0.368852
0.671592
0.068839
0.079820
0.372677
0.371671
0.067359
0.074452
0.079172
0.387478
0.078046
0.074025
0.380626
0.694001
0.074857
0.122463
0.381307
0.090876
0.997774
0.394537
0.123708
0.175284
0.997774
0.173231
0.997774
0.054498
0.200761
0.228555
0.997774
0.427489
0.382019
0.054532
0.375842
0.078499
0.696954
0.406324
0.412660
0.143796
0.074956
0.379711
0.997774
0.377991
0.687677
0.686457
0.375730
0.686098
0.999179
0.060953
0.692866
0.692763
0.377579
0.690833
0.687570
0.393475
0.390298
0.999179
0.071250
0.378529
0.688218
0.056480
0.678759
0.436139
0.999179
0.061920
0.999179
0.108662
0.073207
0.684902
0.057075
0.400575
0.999344
0.703405
0.399679
0.068546
0.285340
0.743824
0.364733
0.045734
0.365570
0.367196
0.682788
0.051524
0.365172
0.364505
0.364991
0.377830
0.692649
0.999179
0.066553
0.052968
0.050574
0.288422
0.489156
0.316504
0.417180
0.321087
0.014640
0.682316
0.999179
0.059107
0.063642
0.374837
0.373874
0.063385
0.377294
0.376956
0.688176
0.061833
0.686120
0.373655
0.374984
0.376648
0.067242
0.371851
0.056103
0.382745
0.692762
0.371559
0.045128
0.416092
0.269031
0.062891
0.383833
0.689292
0.024261
0.435603
0.381766
0.093949
0.435738
0.703442
0.160014
0.487802
0.386048
0.362578
0.362832
0.045237
0.050216
0.072638
0.029463
0.103066
0.395121
0.685418
0.682535
0.055049
0.066461
0.066838
0.377510
0.688120
0.375362
0.373838
0.064288
0.378766
0.071200
0.374272
0.999179
0.684734
0.058591
0.072778
0.384780
0.089260
0.390138
0.089041
0.094231
0.164269
0.008620
0.263579
0.299910
0.039303
0.444501
0.105468
0.026472
0.376744
0.111705
0.116295
0.099087
0.438093
0.057975
0.493332
0.708530
0.414435
0.049385
0.318117
0.089410
0.367060
0.687129
0.057178
0.127993
0.003768
0.064997
0.065719
0.073801
0.379511
0.377843
0.065938
0.063095
0.061964
0.684387
0.061061
0.684788
0.373955
0.064729
0.061175
0.689114
0.389846
0.060133
0.375595
0.670066
0.378178
0.378533
0.379800
0.066326
0.053901
0.305614
0.055477
0.067506
0.370037
0.374482
0.379257
0.387799
0.687884
0.684294
0.076367
0.370882
0.662315
0.114731
0.140388
0.078045
0.024567
0.064117
0.082581
0.381499
0.694176
0.996564
0.399373
0.118328
0.183572
0.046948
0.368113
0.367034
0.677354
0.412119
0.182168
0.373317
0.359714
0.680821
0.071173
0.381501
0.996564
0.694346
0.157501
0.288061
0.021650
0.996564
0.414107
0.312508
0.308503
0.354793
0.996564
0.052659
0.373031
0.370422
0.371917
0.684631
0.065194
0.073008
0.996564
0.071985
0.356096
0.677248
0.054003
0.379066
0.687680
0.075672
0.386350
0.087692
0.691980
0.086248
0.278424
0.481573
0.417508
0.689432
0.014732
0.145096
0.997774
0.168316
0.997774
0.048191
0.681480
0.060455
0.376018
0.444015
0.413605
0.998720
0.133582
0.379142
0.055070
0.061900
0.058741
0.061552
0.376360
0.375246
0.062246
0.060129
0.057255
0.064765
0.384097
0.377971
0.373790
0.380560
0.377524
0.692344
0.068522
0.376763
0.687953
0.065900
0.362959
0.353055
0.678759
0.042221
0.003711
0.362929
0.999179
0.366593
0.129774
0.137302
0.398261
0.094449
0.708093
0.693892
0.060344
0.365678
0.682199
0.364175
0.048503
0.368297
0.683269
0.370428
0.371688
0.054396
0.367984
0.370405
0.372756
0.070966
0.068471
0.371238
0.999179
0.684652
0.051085
0.289221
0.428452
0.306984
0.419149
0.365338
0.355765
0.682316
0.062078
0.686853
0.061820
0.373351
0.685801
0.061461
0.062243
0.061295
0.059495
0.685640
0.060841
0.686484
0.374247
0.373210
0.061066
0.685284
0.081030
0.108076
0.018647
0.147234
0.699452
0.088527
0.269037
0.320389
0.411414
0.999179
0.420080
0.124629
0.065553
0.310649
0.128777
0.397589
0.098306
0.370555
0.379424
0.042875
0.369585
0.061080
0.310002
0.671484
0.000741
0.108543
0.129836
0.999179
0.380895
0.063227
0.380698
0.378802
0.999179
0.688120
0.687057
0.687267
0.079540
0.386485
0.381123
0.371975
0.372114
0.376762
0.997774
0.088797
0.379582
0.387210
0.701211
0.730982
0.431624
0.329297
0.604953
0.297349
0.424495
0.647502
0.455825
0.425893
0.409112
0.092753
0.713007
0.637126
0.456533
0.430025
0.030453
0.061996
0.089766
0.029770
0.105335
0.997444
0.696240
0.384113
0.997444
0.389199
0.692887
0.080503
0.692334
0.689780
0.378868
0.687270
0.686793
0.373173
0.371769
0.371090
0.057930
0.684695
0.065844
0.687182
0.064859
0.070386
0.062111
0.997151
0.685718
0.054774
0.686791
0.064746
0.065408
0.058233
0.103625
0.997151
0.698855
0.682528
0.373204
0.377645
0.062832
0.380633
0.067875
0.374818
0.401050
0.061323
0.156931
0.007861
0.408940
0.398065
0.048106
0.996564
0.670674
0.687437
0.381499
0.386601
0.389598
0.135437
0.690700
0.389694
0.042372
0.387738
0.096936
0.444558
0.379795
0.403450
0.109088
0.685697
0.122846
0.138129
0.438248
0.412416
0.282085
0.381159
0.066530
0.126995
0.310506
0.378336
0.103786
0.022592
0.367222
0.074688
0.373996
0.370364
0.373064
0.690220
0.074415
0.390304
0.073181
0.342347
0.352434
0.675527
0.049534
0.357382
0.314823
0.367074
0.068058
0.070090
0.074229
0.058882
0.075467
0.009650
0.400869
0.079403
0.355635
0.379743
0.020576
0.018785
0.032086
0.360893
0.366761
0.381936
0.365612
0.685165
0.077421
0.093277
0.377775
0.362909
0.373218
0.997774
0.037399
0.365330
0.061036
0.375166
0.391161
0.073555
0.065968
0.371068
0.060293
0.374775
0.367570
0.369314
0.375824
0.376807
0.062671
0.687015
0.064287
0.687753
0.067449
0.347783
0.672363
0.046285
0.016057
0.056140
0.090467
0.099407
0.081724
0.391824
0.113490
0.384239
0.694056
0.071890
0.065925
0.062076
0.057685
0.052945
0.054935
0.373361
0.685451
0.064555
0.374195
0.058416
0.683079
0.056049
0.686720
0.062988
0.686780
0.057843
0.368823
0.367239
0.682789
0.051573
0.369419
0.370929
0.368481
0.366752
0.052343
0.057521
0.060641
0.373719
0.685833
0.685801
0.685762
0.999179
0.371460
0.057422
0.371451
0.685260
0.685640
0.373698
0.374761
0.686402
0.685627
0.069009
0.379030
0.400343
0.417597
0.081071
0.358057
0.262958
0.290668
0.403207
0.673836
0.404881
0.402388
0.686501
0.608791
0.745195
0.999179
0.123936
0.373447
0.027305
0.682048
0.695960
0.067583
0.326641
0.999179
0.621171
0.101139
0.999179
0.067129
0.683940
0.366652
0.078086
0.381583
0.999179
0.068325
0.064827
0.072797
0.384134
0.999179
0.080861
0.371180
0.379908
0.371962
0.370475
0.383180
0.092955
0.073692
0.357624
0.305347
0.132726
0.997774
0.336651
0.668424
0.003359
0.407345
0.176799
0.260210
0.435118
0.031495
0.157969
0.070159
0.745460
0.999855
0.054004
0.684009
0.075717
0.698518
0.699001
0.406284
0.093452
0.691478
0.382237
0.083705
0.997444
0.090828
0.091466
0.997444
0.384007
0.380420
0.065388
0.062421
0.058595
0.683209
0.369168
0.056160
0.684694
0.064383
0.997151
0.071475
0.997151
0.378248
0.063972
0.363006
0.682989
0.370493
0.373431
0.373305
0.682817
0.415334
0.307953
0.368702
0.370607
0.374386
0.068934
0.370453
0.344832
0.292432
0.119371
0.687016
0.745442
0.997151
0.131398
0.391959
0.392006
0.101583
0.405225
0.306032
0.044812
0.066603
0.049775
0.063994
0.996564
0.080913
0.078428
0.022959
0.058287
0.392613
0.382474
0.392992
0.387099
0.687814
0.404378
0.363635
0.410024
0.380337
0.348024
0.319694
0.076159
0.035824
0.378215
0.689281
0.685054
0.689584
0.692194
0.687252
0.076284
0.996564
0.067476
0.374720
0.698687
0.398180
0.360595
0.996564
0.361199
0.352300
0.680940
0.353705
0.691498
0.019456
0.354036
0.682438
0.684367
0.700543
0.378912
0.698737
0.997774
0.090831
0.997774
0.031083
0.671831
0.672688
0.997774
0.030136
0.997774
0.040881
0.400723
0.090187
0.102173
0.333176
0.705030
0.079093
0.390000
0.377438
0.037504
0.356802
0.363841
0.370888
0.080448
0.696079
0.690631
0.999179
0.391151
0.056596
0.050777
0.050296
0.050293
0.370470
0.058697
0.999179
0.063447
0.377434
0.067390
0.067196
0.066309
0.674029
0.079048
0.693198
0.388769
0.700044
0.684209
0.696533
0.696335
0.692578
0.692989
0.078302
0.067019
0.377981
0.065669
0.686638
0.999179
0.061724
0.071000
0.688188
0.380155
0.067385
0.999179
0.057102
0.367775
0.685497
0.057000
0.373711
0.683840
0.054471
0.050574
0.050391
0.051106
0.053529
0.054055
0.049925
0.363128
0.365552
0.682663
0.055047
0.058418
0.058331
0.057954
0.685801
0.057397
0.999179
0.370688
0.999179
0.371092
0.059778
0.999179
0.686822
0.065529
0.373030
0.384513
0.999179
0.696714
0.078074
0.047817
0.703877
0.028957
0.680559
0.325665
0.432571
0.714334
0.119019
0.373229
0.373979
0.608791
0.118825
0.055887
0.688638
0.060829
0.699318
0.066408
0.072709
0.672179
0.015975
0.109865
0.006549
0.371854
0.000649
0.044569
0.374474
0.381573
0.382476
0.068734
0.999179
0.688702
0.073252
0.696045
0.387476
0.064829
0.999179
0.060257
0.061269
0.059599
0.075710
0.079603
0.997774
0.299507
0.383881
0.140747
0.430432
0.091494
0.997774
0.370596
0.997774
0.406165
0.708503
0.591454
0.463816
0.999855
0.178225
0.356081
0.202024
0.289062
0.069219
0.098784
0.997444
0.402223
0.400789
0.392976
0.081086
0.079404
0.092696
0.095176
0.997444
0.094018
0.080228
0.689897
0.379276
0.997444
0.373069
0.684685
0.683895
0.368700
0.055837
0.685217
0.374934
0.376839
0.688983
0.076432
0.094976
0.684103
0.069905
0.048686
0.060167
0.376109
0.384679
0.029306
0.294659
0.058936
0.056444
0.057125
0.372210
0.684103
0.684129
0.307854
0.401513
0.443735
0.396037
0.062497
0.070860
0.374626
0.380294
0.382554
0.382300
0.017842
0.424691
0.668641
0.670184
0.685868
0.060618
0.073017
0.690852
0.693595
0.077058
0.683957
0.069335
0.691463
0.065858
0.059482
0.390534
0.996564
0.392274
0.354540
0.052379
0.045895
0.174420
0.292189
0.084385
0.688448
0.068699
0.996564
0.049825
0.129803
0.094116
0.410184
0.073916
0.369901
0.408010
0.103069
0.369502
0.378995
0.064162
0.034490
0.042717
0.048577
0.689349
0.048424
0.296145
0.365600
0.037868
0.052597
0.380084
0.690070
0.091671
0.698737
0.123770
0.347981
0.697163
0.039507
0.419903
0.300671
0.116503
0.040312
0.336682
0.370440
0.684332
0.997774
0.167046
0.135150
0.373232
0.999179
0.381658
0.999179
0.039658
0.364620
0.367180
0.415142
0.406142
0.388377
0.391151
0.999179
0.084487
0.376534
0.370679
0.368143
0.053415
0.685663
0.059681
0.062723
0.065301
0.376441
0.687245
0.687143
0.062817
0.064431
0.385270
0.694209
0.379094
0.700044
0.115264
0.103972
0.083315
0.999344
0.393161
0.393579
0.378656
0.381778
0.372859
0.686638
0.686093
0.072500
0.690445
0.073383
0.377693
0.063566
0.685865
0.370818
0.053203
0.052743
0.053779
0.999179
0.051648
0.682582
0.682564
0.367066
0.683380
0.681703
0.679910
0.681009
0.682663
0.683851
0.054663
0.685519
0.685362
0.999179
0.371300
0.055698
0.370118
0.684782
0.056334
0.999179
0.371979
0.063525
0.687456
0.689006
0.378603
0.384053
0.387709
0.401303
0.379037
0.075346
0.694956
0.999179
0.389747
0.399978
0.328970
0.149554
0.312762
0.053838
0.376717
0.067549
0.065683
0.376905
0.999179
0.069546
0.710603
0.403885
0.379910
0.338428
0.331311
0.369101
0.381538
0.093630
0.366810
0.371955
0.379221
0.381194
0.377863
0.375026
0.688702
0.064377
0.065460
0.052941
0.688571
0.030307
0.682534
0.361440
0.686563
0.693498
0.997774
0.080507
0.378645
0.057470
0.682317
0.060948
0.414141
0.997774
0.051804
0.400142
0.395410
0.059873
0.064985
0.426241
0.380789
0.748158
0.684881
0.688727
0.107243
0.687914
0.072850
0.092071
0.098191
0.099253
0.395506
0.083906
0.385989
0.385268
0.092232
0.997444
0.094317
0.692349
0.690568
0.380505
0.070773
0.376355
0.685845
0.370970
0.369591
0.682876
0.057444
0.997151
0.376319
0.072662
0.381065
0.383126
0.442110
0.388750
0.372731
0.375164
0.373193
0.389713
0.373305
0.389120
0.032901
0.377484
0.375614
0.376922
0.065094
0.063261
0.060737
0.379690
0.390087
0.090354
0.386274
0.367456
0.353397
0.308417
0.063369
0.684132
0.373670
0.376442
0.048481
0.034804
0.069785
0.058758
0.996564
0.686003
0.387738
0.395476
0.100302
0.996564
0.078184
0.381658
0.996564
0.033215
0.105063
0.100626
0.689958
0.370745
0.996564
0.371865
0.061732
0.996564
0.026152
0.068076
0.377915
0.064651
0.402281
0.114957
0.354406
0.391656
0.069824
0.997774
0.077220
0.696056
0.697674
0.391109
0.067748
0.289077
0.663701
0.369172
0.684639
0.019784
0.038792
0.676637
0.677030
0.997774
0.060230
0.997774
0.098029
0.107360
0.140658
0.084402
0.997774
0.066577
0.311956
0.997774
0.002536
0.361245
0.351387
0.413832
0.091742
0.684332
0.044502
0.112253
0.999179
0.051504
0.062598
0.280912
0.015329
0.038985
0.999179
0.680515
0.415142
0.311926
0.377484
0.091114
0.370105
0.379027
0.999179
0.058327
0.369338
0.055400
0.684641
0.058489
0.687612
0.686471
0.373946
0.373534
0.999179
0.060694
0.066386
0.076134
0.084176
0.065057
0.319233
0.123056
0.096839
0.692824
0.695704
0.699516
0.083297
0.999179
0.065464
0.686093
0.371547
0.068964
0.384269
0.381401
0.378270
0.999179
0.061438
0.684851
0.053772
0.999179
0.051534
0.366902
0.365133
0.047513
0.047786
0.999179
0.051412
0.367115
0.681703
0.045309
0.365681
0.999179
0.370836
0.685337
0.059166
0.685362
0.371547
0.055756
0.684351
0.369719
0.055796
0.685281
0.372214
0.374593
0.377790
0.382100
0.386249
0.387118
0.075299
0.377165
0.371131
0.071854
0.106215
0.694956
0.708775
0.342211
0.386902
0.389570
0.398472
0.387488
0.086016
0.130961
0.376690
0.687253
0.376905
0.094783
0.397337
0.678240
0.329445
0.333176
0.319218
0.038812
0.999179
0.070286
0.369312
0.374123
0.378587
0.378115
0.999179
0.688513
0.063343
0.999179
0.687496
0.075440
0.346032
0.304055
0.109911
0.376364
0.377912
0.381558
0.391815
0.690390
0.373118
0.369909
0.061961
0.376485
0.686734
0.068863
0.070990
0.997774
0.061831
0.006943
0.375363
0.044732
0.357365
0.682801
0.053142
0.716730
0.068381
0.997774
0.073880
0.997774
0.091301
0.397538
0.393785
0.086427
0.692396
0.382289
0.388551
0.078577
0.389591
0.388329
0.075073
0.997444
0.687517
0.375528
0.371879
0.370388
0.369267
0.368546
0.682956
0.063054
0.997151
0.382451
0.076565
0.997151
0.012247
0.081217
0.688126
0.373313
0.373867
0.059051
0.681207
0.682610
0.689752
0.367295
0.074208
0.690013
0.382591
0.381060
0.689150
0.076576
0.087567
0.387817
0.384897
0.372653
0.360346
0.355467
0.056151
0.997151
0.684132
0.370875
0.684240
0.681716
0.687659
0.369184
0.376304
0.383076
0.078758
0.083670
0.077648
0.683957
0.017658
0.082923
0.686205
0.059386
0.704916
0.385220
0.996564
0.372113
0.041740
0.116712
0.697713
0.047701
0.395958
0.379027
0.073943
0.369057
0.402990
0.338500
0.387416
0.063745
0.687743
0.061890
0.364039
0.103839
0.386132
0.599373
0.019840
0.411926
0.695843
0.353577
0.067332
0.065234
0.087982
0.059704
0.037620
0.360289
0.036332
0.368653
0.091805
0.363471
0.372828
0.997774
0.385308
0.128919
0.393204
0.625757
0.090464
0.366266
0.359836
0.390051
0.361343
0.683045
0.049768
0.376910
0.358558
0.374128
0.596707
0.313319
0.337962
0.354780
0.047783
0.036918
0.608934
0.369786
0.369747
0.070541
0.691076
0.394206
0.067982
0.373307
0.370517
0.432655
0.696323
0.057114
0.059967
0.055778
0.047893
0.048181
0.054704
0.373619
0.382742
0.396277
0.099101
0.999179
0.067731
0.999179
0.071591
0.695704
0.401794
0.098716
0.099624
0.693023
0.061115
0.682866
0.352466
0.318334
0.076265
0.381861
0.379071
0.688158
0.063372
0.685276
0.055975
0.683565
0.052119
0.364684
0.364684
0.680930
0.681891
0.372897
0.373838
0.372632
0.367556
0.363540
0.060689
0.372510
0.064263
0.686164
0.062192
0.685841
0.060753
0.059120
0.056622
0.684344
0.370231
0.058623
0.060967
0.064664
0.069970
0.076409
0.390148
0.072735
0.999179
0.057509
0.687410
0.069919
0.392814
0.410134
0.097004
0.103127
0.389570
0.999179
0.374443
0.088744
0.999179
0.020445
0.105837
0.682096
0.060856
0.057017
0.389691
0.999179
0.022970
0.999179
0.659422
0.081810
0.070914
0.367713
0.367425
0.374545
0.377577
0.999179
0.378115
0.060284
0.052005
0.052748
0.082572
0.432390
0.104928
0.402776
0.397847
0.404333
0.372812
0.396750
0.385262
0.059555
0.056735
0.059882
0.065001
0.070995
0.689415
0.077068
0.098073
0.393086
0.118152
0.997774
0.688774
0.682800
0.359572
0.671460
0.049879
0.063356
0.399427
0.061218
0.369150
0.077694
0.389781
0.395201
0.091785
0.997444
0.694431
0.397331
0.066504
0.367624
0.068497
0.065112
0.056728
0.063177
0.061071
0.372430
0.370940
0.057860
0.369891
0.369628
0.060166
0.064523
0.072158
0.997151
0.387392
0.077022
0.689229
0.325327
0.059326
0.345845
0.378565
0.059015
0.680945
0.061011
0.346101
0.325569
0.083857
0.081747
0.693477
0.078688
0.997151
0.385928
0.438154
0.689886
0.060289
0.334922
0.365666
0.372321
0.681889
0.053336
0.053899
0.367147
0.055181
0.062728
0.375195
0.065741
0.071512
0.075811
0.070232
0.996564
0.359676
0.017718
0.019471
0.996564
0.006367
0.365345
0.381312
0.687881
0.073808
0.051161
0.375895
0.076345
0.707513
0.395177
0.394184
0.038621
0.380494
0.681605
0.382992
0.384327
0.379331
0.391658
0.069711
0.355052
0.400941
0.367332
0.291212
0.414082
0.294011
0.121417
0.380584
0.378152
0.997774
0.011039
0.998362
0.103779
0.681621
0.998362
0.375932
0.378536
0.034602
0.377882
0.319479
0.103507
0.084469
0.042783
0.425334
0.394886
0.092220
0.369873
0.366740
0.373800
0.237989
0.075235
0.124549
0.116024
0.383163
0.371054
0.339447
0.336238
0.343408
0.674485
0.351993
0.048139
0.057427
0.364310
0.199743
0.307446
0.098059
0.693291
0.999179
0.379532
0.432348
0.696323
0.999179
0.063696
0.682731
0.999179
0.040940
0.360849
0.367125
0.372315
0.339174
0.148130
0.678817
0.689835
0.034777
0.369313
0.705588
0.413405
0.398543
0.999179
0.086319
0.694440
0.377056
0.045895
0.618682
0.367520
0.406029
0.077294
0.690001
0.069416
0.687488
0.063479
0.061231
0.059213
0.056610
0.050501
0.364617
0.364817
0.366600
0.014135
0.081053
0.081853
0.383137
0.072996
0.999179
0.069876
0.688652
0.066020
0.064801
0.686714
0.687499
0.687143
0.060846
0.372148
0.059401
0.999179
0.686524
0.687184
0.688227
0.689487
0.384658
0.382000
0.374427
0.058787
0.999179
0.071478
0.393614
0.702579
0.999179
0.121021
0.114396
0.367220
0.011009
0.141454
0.702343
0.484129
0.028925
0.999179
0.372269
0.092048
0.360619
0.678240
0.691565
0.042657
0.065998
0.057135
0.055333
0.682605
0.054319
0.373837
0.379147
0.067969
0.687320
0.687721
0.060199
0.684636
0.689446
0.339068
0.409093
0.426041
0.733101
0.376503
0.328651
0.079415
0.065288
0.058551
0.061034
0.997774
0.067006
0.997774
0.073029
0.997774
0.074849
0.085645
0.071617
0.359540
0.374993
0.345628
0.334915
0.343226
0.997774
0.668500
0.689017
0.684335
0.372023
0.381080
0.386673
0.694709
0.072968
0.018805
0.102205
0.394773
0.702379
0.353356
0.367642
0.369322
0.368682
0.683372
0.682866
0.370413
0.057415
0.371762
0.060113
0.061657
0.376400
0.686665
0.074311
0.691349
0.077137
0.997151
0.034773
0.466872
0.307873
0.334382
0.055243
0.368579
0.688767
0.380499
0.074345
0.368312
0.012318
0.385781
0.693073
0.693477
0.383519
0.127209
0.689886
0.997151
0.116312
0.377077
0.381495
0.377359
0.055185
0.680965
0.681227
0.366498
0.053852
0.997151
0.054775
0.372619
0.377335
0.072655
0.996564
0.070237
0.370765
0.673835
0.104840
0.377036
0.079394
0.616141
0.053868
0.685151
0.370957
0.380764
0.690514
0.096729
0.703767
0.407956
0.389778
0.061553
0.369728
0.060554
0.693695
0.997774
0.387895
0.378718
0.385030
0.389852
0.041370
0.686917
0.060120
0.700990
0.202491
0.323607
0.997774
0.065246
0.303016
0.419389
0.417426
0.703419
0.077600
0.077005
0.699204
0.374476
0.099089
0.694856
0.128173
0.683986
0.421579
0.039150
0.150096
0.679788
0.081171
0.379953
0.369552
0.292849
0.399235
0.704096
0.427207
0.295330
0.167893
0.697583
0.107581
0.351007
0.352559
0.357947
0.364260
0.062304
0.104820
0.093955
0.398107
0.258441
0.999179
0.113029
0.073357
0.062721
0.008932
0.084858
0.015173
0.358173
0.048415
0.044193
0.359948
0.363467
0.056359
0.320282
0.471044
0.723909
0.395626
0.678817
0.000443
0.363803
0.371819
0.421016
0.357968
0.363230
0.697138
0.060258
0.073864
0.058593
0.366754
0.089823
0.381674
0.386148
0.379435
0.070607
0.688714
0.067316
0.687750
0.687175
0.686078
0.680632
0.068084
0.065811
0.011460
0.683175
0.999179
0.382484
0.089995
0.694366
0.691326
0.078989
0.068824
0.376879
0.688058
0.687499
0.376021
0.063880
0.999179
0.374349
0.374217
0.062000
0.687184
0.375941
0.377929
0.379516
0.379401
0.060533
0.371399
0.059860
0.065447
0.380882
0.999179
0.087641
0.400824
0.401007
0.999179
0.013212
0.087223
0.377168
0.164317
0.999179
0.108388
0.078506
0.374104
0.046511
0.685891
0.041759
0.024170
0.371047
0.059393
0.369386
0.999179
0.056227
0.684096
0.060178
0.688250
0.688285
0.075066
0.061355
0.058089
0.682772
0.070900
0.361564
0.633497
0.425564
0.326341
0.346914
0.077550
0.997774
0.375763
0.374082
0.376551
0.375791
0.068583
0.065185
0.070510
0.073397
0.997774
0.690146
0.088223
0.683973
0.371860
0.076411
0.240487
0.307907
0.668500
0.347914
0.371799
0.057961
0.997774
0.686375
0.384086
0.083673
0.690521
0.354453
0.321238
0.406447
0.084904
0.427876
0.352824
0.366996
0.367018
0.055331
0.054382
0.055395
0.372606
0.371104
0.373503
0.376091
0.378435
0.070456
0.071377
0.071401
0.069541
0.361585
0.634585
0.714230
0.403953
0.310124
0.348953
0.688767
0.997151
0.688767
0.696705
0.082783
0.997151
0.687912
0.689454
0.072216
0.687059
0.031495
0.081008
0.035780
0.019135
0.997151
0.396167
0.678154
0.071493
0.046510
0.049663
0.997151
0.681825
0.048673
0.358879
0.364132
0.061556
0.996564
0.380962
0.690467
0.366910
0.070591
0.707387
0.070954
0.116175
0.686163
0.072531
0.373714
0.691092
0.996564
0.384254
0.094499
0.996564
0.149483
0.680310
0.367954
0.078950
0.383275
0.058342
0.387895
0.997774
0.079396
0.691025
0.381437
0.333706
0.419574
0.086521
0.997774
0.046641
0.347691
0.063335
0.374694
0.044965
0.369630
0.443165
0.408486
0.998362
0.098703
0.700782
0.105095
0.404449
0.407578
0.403394
0.063176
0.743359
0.292868
0.354323
0.119872
0.391972
0.372571
0.997774
0.367005
0.058430
0.426412
0.997774
0.118251
0.404573
0.127320
0.052677
0.361694
0.360982
0.364170
0.056477
0.999179
0.396558
0.700227
0.383346
0.108494
0.113821
0.085302
0.381704
0.392440
0.340945
0.999179
0.029713
0.380640
0.370922
0.056774
0.367617
0.687494
0.999179
0.380805
0.390479
0.141525
0.023918
0.045723
0.096209
0.094858
0.078808
0.036202
0.120367
0.035127
0.373712
0.999179
0.117267
0.686634
0.380145
0.073137
0.999179
0.065491
0.378754
0.379100
0.066187
0.689082
0.066184
0.375782
0.376542
0.073740
0.999179
0.697229
0.695778
0.031614
0.683175
0.103868
0.693157
0.696208
0.388344
0.077756
0.687860
0.999179
0.065276
0.066022
0.067360
0.066786
0.687411
0.376187
0.375214
0.060601
0.686893
0.374145
0.375499
0.375537
0.373351
0.684756
0.055776
0.374046
0.687806
0.999179
0.067221
0.689168
0.396792
0.044609
0.078463
0.386122
0.368423
0.066752
0.999179
0.105825
0.999179
0.120096
0.628487
0.068756
0.369779
0.687028
0.374921
0.383929
0.064575
0.370622
0.372352
0.686745
0.371847
0.058368
0.999179
0.066915
0.382988
0.384462
0.056545
0.999179
0.682772
0.362563
0.061214
0.024572
0.417479
0.070053
0.689814
0.376497
0.377329
0.374598
0.686161
0.065735
0.055814
0.997774
0.683436
0.071459
0.690146
0.062430
0.045521
0.049779
0.002155
0.143270
0.061408
0.270045
0.343194
0.685238
0.370235
0.371300
0.371076
0.067938
0.997774
0.691224
0.060218
0.377610
0.065627
0.997444
0.694985
0.698715
0.110154
0.367370
0.366249
0.369407
0.371754
0.061721
0.997371
0.058396
0.371675
0.685835
0.378266
0.688577
0.380017
0.375444
0.376431
0.001437
0.072226
0.125785
0.355664
0.348292
0.083775
0.073221
0.078991
0.087470
0.137072
0.099257
0.687912
0.382008
0.067032
0.083951
0.071350
0.372338
0.085468
0.705886
0.442714
0.100517
0.411143
0.997151
0.038969
0.364982
0.048431
0.067987
0.114217
0.377962
0.048734
0.747151
0.397167
0.044446
0.381120
0.381745
0.386883
0.689736
0.419110
0.091598
0.343021
0.076823
0.322331
0.099838
0.099856
0.083634
0.697303
0.107148
0.703767
0.338398
0.174380
0.362586
0.067623
0.376199
0.045733
0.392361
0.068885
0.073559
0.997774
0.691025
0.433402
0.330302
0.359246
0.700990
0.373068
0.393827
0.358466
0.370712
0.054960
0.370302
0.379890
0.391500
0.397273
0.695260
0.398174
0.106735
0.997774
0.407337
0.098954
0.743359
0.997774
0.096922
0.066110
0.018925
0.384354
0.073088
0.053929
0.367552
0.393510
0.375120
0.374905
0.699068
0.999179
0.389697
0.063162
0.999179
0.052546
0.369885
0.681885
0.374535
0.438844
0.394607
0.999179
0.083335
0.389095
0.372926
0.687971
0.059913
0.398903
0.050430
0.999179
0.070913
0.376045
0.610194
0.118649
0.072335
0.077239
0.692494
0.999179
0.374210
0.999179
0.131584
0.105367
0.402599
0.083848
0.692516
0.057018
0.999179
0.131334
0.426914
0.999179
0.408841
0.064034
0.693017
0.375089
0.047160
0.065056
0.065527
0.999179
0.065135
0.064820
0.374264
0.373061
0.089599
0.697229
0.108885
0.136104
0.405906
0.408115
0.400136
0.700129
0.064180
0.380453
0.375779
0.375684
0.376258
0.688531
0.999179
0.378774
0.069503
0.378636
0.064602
0.374251
0.371320
0.369805
0.370788
0.058998
0.058236
0.056544
0.369558
0.053958
0.056505
0.373632
0.374146
0.999179
0.379546
0.384081
0.680104
0.320938
0.999179
0.393948
0.359545
0.679367
0.341941
0.054094
0.033820
0.681709
0.001217
0.372931
0.999179
0.687028
0.397395
0.382641
0.058066
0.065811
0.686508
0.370181
0.052927
0.370552
0.369928
0.062985
0.372324
0.999179
0.368536
0.362003
0.679095
0.064816
0.689233
0.070837
0.066926
0.056246
0.365472
0.377988
0.687772
0.066384
0.687417
0.685789
0.365183
0.050774
0.062262
0.049231
0.679842
0.678336
0.675154
0.653918
0.616363
0.048120
0.034700
0.365901
0.385182
0.056770
0.063239
0.054126
0.357638
0.380822
0.074558
0.997444
0.070676
0.997444
0.387524
0.091057
0.116043
0.291170
0.343499
0.360097
0.682694
0.684632
0.382180
0.084994
0.411487
0.368366
0.061307
0.374960
0.070165
0.382048
0.379704
0.062141
0.997151
0.371145
0.373719
0.056614
0.665215
0.363312
0.387324
0.392284
0.101836
0.997151
0.102161
0.689704
0.052197
0.014009
0.697425
0.092974
0.069081
0.015958
0.721964
0.705886
0.076949
0.314301
0.025941
0.306384
0.426220
0.295639
0.377290
0.100406
0.389655
0.483558
0.713459
0.997418
0.394551
0.358759
0.381181
0.103731
0.689559
0.065805
0.996564
0.115637
0.420011
0.044261
0.996564
0.120470
0.996564
0.695943
0.375921
0.049548
0.746053
0.996564
0.123311
0.387159
0.687497
0.071779
0.997774
0.687129
0.688052
0.382933
0.383357
0.710568
0.173652
0.696617
0.060621
0.997774
0.379453
0.368438
0.371117
0.050948
0.377064
0.377716
0.386318
0.393007
0.998362
0.695260
0.100841
0.110106
0.997774
0.091169
0.360293
0.092638
0.004538
0.997774
0.071527
0.073922
0.684699
0.374571
0.397642
0.386549
0.078036
0.355430
0.365095
0.699068
0.064507
0.689688
0.372867
0.059187
0.364652
0.368098
0.358492
0.296163
0.039353
0.069222
0.095392
0.072131
0.374292
0.384538
0.694151
0.078553
0.393135
0.072768
0.377638
0.297955
0.746304
0.703109
0.695613
0.999179
0.080816
0.393093
0.034474
0.124246
0.399725
0.695644
0.390825
0.389646
0.999179
0.058539
0.707696
0.090651
0.231140
0.725274
0.746673
0.372581
0.371197
0.354073
0.005222
0.999179
0.061207
0.061728
0.062539
0.685868
0.372156
0.366097
0.101402
0.412286
0.999179
0.428495
0.068017
0.094232
0.378326
0.687405
0.030279
0.050176
0.370826
0.052722
0.686497
0.063218
0.378774
0.999179
0.689422
0.068650
0.688860
0.058153
0.051922
0.049841
0.368488
0.685213
0.685294
0.684907
0.369632
0.684919
0.056972
0.057942
0.369011
0.685519
0.057817
0.108631
0.340125
0.085758
0.286591
0.693571
0.400915
0.358158
0.068210
0.090186
0.694201
0.071844
0.367387
0.369033
0.067526
0.693781
0.401613
0.384444
0.076252
0.999922
0.069972
0.684050
0.362283
0.361311
0.363923
0.056423
0.686224
0.058261
0.052845
0.361970
0.049324
0.065688
0.687458
0.376277
0.061868
0.997774
0.064363
0.997774
0.065833
0.376156
0.375090
0.366641
0.342609
0.616262
0.063988
0.679842
0.997774
0.357222
0.076852
0.616363
0.117737
0.997774
0.676111
0.376520
0.065230
0.370360
0.388478
0.372672
0.002810
0.375156
0.072606
0.378138
0.997444
0.070791
0.073762
0.378593
0.337952
0.440291
0.385309
0.660545
0.363903
0.054643
0.096172
0.997371
0.706334
0.711866
0.682747
0.684129
0.373346
0.378353
0.381964
0.070831
0.367942
0.687926
0.365054
0.053406
0.745526
0.315019
0.340819
0.379968
0.030363
0.699068
0.406711
0.111171
0.400595
0.080112
0.378621
0.686288
0.690175
0.138120
0.316624
0.055452
0.424094
0.098276
0.332023
0.197201
0.006583
0.726810
0.214561
0.386244
0.395474
0.377984
0.149720
0.060445
0.155488
0.012770
0.066570
0.386220
0.412266
0.432730
0.129271
0.411048
0.118786
0.389937
0.357655
0.079196
0.695943
0.087862
0.412880
0.103510
0.312244
0.746053
0.075737
0.386356
0.699754
0.068196
0.067413
0.065877
0.067566
0.085227
0.084922
0.103808
0.038638
0.050906
0.370640
0.693026
0.370705
0.120966
0.378198
0.090058
0.370096
0.369959
0.377910
0.301488
0.055451
0.091386
0.692681
0.099033
0.703046
0.070102
0.362909
0.997774
0.095430
0.707399
0.491772
0.058148
0.069175
0.997774
0.376984
0.077796
0.377984
0.383800
0.365816
0.682803
0.383252
0.384565
0.067379
0.063215
0.371133
0.360925
0.348281
0.053327
0.999179
0.385162
0.399007
0.999179
0.087609
0.999179
0.080043
0.384220
0.379558
0.688058
0.686940
0.374138
0.220151
0.124291
0.084101
0.389570
0.048214
0.361806
0.385134
0.406867
0.122553
0.087710
0.392804
0.999179
0.025634
0.682945
0.366385
0.170669
0.229629
0.112855
0.045638
0.356307
0.047423
0.309670
0.059158
0.374609
0.686278
0.686287
0.999179
0.061440
0.058074
0.370648
0.110582
0.455520
0.701296
0.358846
0.123851
0.685944
0.076218
0.371184
0.318751
0.683564
0.999179
0.052795
0.059433
0.066330
0.070366
0.689422
0.070390
0.378955
0.064455
0.373815
0.370509
0.368482
0.054514
0.055411
0.369855
0.369859
0.056881
0.684701
0.059219
0.686849
0.367672
0.682529
0.373523
0.080548
0.999179
0.703204
0.042588
0.352564
0.122517
0.066404
0.069651
0.385092
0.377805
0.371198
0.682837
0.999179
0.369492
0.072193
0.069125
0.387116
0.389246
0.688849
0.068290
0.681853
0.363135
0.359208
0.361208
0.052825
0.370867
0.685759
0.371705
0.051836
0.371736
0.059631
0.999179
0.063409
0.997774
0.372779
0.067912
0.066050
0.997774
0.686892
0.374009
0.363565
0.313654
0.022420
0.102482
0.368437
0.679842
0.368179
0.378633
0.404703
0.334449
0.367564
0.361421
0.033579
0.997774
0.687074
0.367464
0.997774
0.679565
0.314322
0.388495
0.065049
0.687348
0.376827
0.382976
0.379909
0.362481
0.054453
0.997444
0.062321
0.036217
0.383559
0.997371
0.406555
0.135661
0.033876
0.051028
0.054433
0.369767
0.373984
0.378961
0.064866
0.682333
0.056546
0.064910
0.997151
0.390699
0.450794
0.646955
0.666162
0.095125
0.024545
0.997151
0.116963
0.708078
0.069922
0.374296
0.997371
0.084000
0.400196
0.411857
0.379107
0.016489
0.340541
0.308670
0.406583
0.292121
0.355629
0.327301
0.035879
0.060870
0.701351
0.338004
0.355410
0.129254
0.682805
0.033518
0.065062
0.383622
0.394597
0.394566
0.128622
0.036059
0.026636
0.050519
0.072870
0.693181
0.396647
0.124783
0.720470
0.097105
0.686631
0.685352
0.375749
0.390582
0.370359
0.372122
0.358900
0.317326
0.382517
0.375596
0.997774
0.057224
0.369593
0.431762
0.087939
0.441964
0.997774
0.465791
0.072406
0.369927
0.361762
0.293072
0.668978
0.684081
0.061074
0.997774
0.076086
0.375724
0.019987
0.359567
0.038004
0.615376
0.162658
0.998628
0.121514
0.068915
0.688327
0.077597
0.697041
0.078063
0.084932
0.068573
0.079465
0.999179
0.387806
0.383552
0.374743
0.051666
0.063819
0.020633
0.017513
0.389954
0.400692
0.702799
0.399007
0.099594
0.085047
0.392619
0.388100
0.684606
0.374569
0.057373
0.293753
0.664472
0.289867
0.375867
0.008754
0.497422
0.068215
0.109502
0.421748
0.407690
0.401643
0.398056
0.094904
0.095319
0.338473
0.441469
0.684351
0.053628
0.075378
0.365620
0.060619
0.371300
0.999179
0.050787
0.375993
0.374963
0.373091
0.373485
0.061441
0.999179
0.371385
0.078353
0.482158
0.451804
0.313199
0.066376
0.999179
0.079447
0.372061
0.697625
0.063568
0.367592
0.368392
0.687770
0.687950
0.069095
0.070573
0.999179
0.689282
0.376185
0.687287
0.686007
0.684850
0.369566
0.369514
0.054007
0.369659
0.370848
0.057657
0.685951
0.061690
0.060838
0.060769
0.999179
0.394457
0.397063
0.060375
0.700168
0.431609
0.061317
0.678979
0.040961
0.999179
0.069739
0.681891
0.363725
0.056825
0.999179
0.074620
0.690692
0.999179
0.392974
0.698681
0.069051
0.682282
0.043397
0.681174
0.680284
0.365720
0.055100
0.999922
0.685759
0.372123
0.371105
0.684685
0.061043
0.997774
0.064780
0.376613
0.067557
0.997774
0.376048
0.063946
0.689138
0.384141
0.122684
0.485314
0.303140
0.055760
0.691132
0.114898
0.089029
0.659594
0.379377
0.334921
0.358567
0.115335
0.687074
0.358861
0.085269
0.679565
0.333011
0.065628
0.041790
0.060716
0.686369
0.685606
0.067611
0.677248
0.997444
0.677248
0.115980
0.742495
0.678254
0.055326
0.075681
0.122010
0.041846
0.664398
0.290012
0.052848
0.683977
0.372073
0.065061
0.686238
0.059233
0.684625
0.681428
0.072996
0.997151
0.689376
0.371431
0.067076
0.049604
0.422191
0.405767
0.443356
0.080450
0.384917
0.066517
0.109460
0.423806
0.698102
0.393246
0.389875
0.997371
0.064134
0.338897
0.018328
0.685204
0.088937
0.148887
0.997151
0.745529
0.691388
0.076769
0.997151
0.689247
0.395580
0.424550
0.344457
0.067091
0.069153
0.092295
0.138420
0.131396
0.615929
0.402591
0.046449
0.042877
0.083920
0.117874
0.081110
0.056929
0.050816
0.063311
0.996564
0.686519
0.365540
0.361306
0.696420
0.355388
0.331028
0.019479
0.070007
0.057333
0.101209
0.421909
0.381796
0.320012
0.439123
0.017022
0.108491
0.378929
0.061984
0.369990
0.293292
0.997774
0.077195
0.070956
0.686102
0.375238
0.097341
0.620649
0.107758
0.354112
0.373276
0.745546
0.068860
0.391822
0.388977
0.096686
0.397635
0.697271
0.075971
0.695392
0.999179
0.084019
0.388923
0.371563
0.356390
0.377568
0.743710
0.373136
0.999179
0.054223
0.408689
0.699343
0.407616
0.399816
0.090437
0.694870
0.083793
0.062573
0.053812
0.683796
0.347745
0.358743
0.372712
0.690369
0.070583
0.321851
0.410576
0.147000
0.999179
0.713717
0.119135
0.999179
0.403409
0.999179
0.701617
0.077696
0.035798
0.380015
0.068588
0.068508
0.688953
0.681753
0.369220
0.046048
0.377529
0.379295
0.060154
0.373316
0.061967
0.686629
0.376173
0.097818
0.702399
0.158383
0.417875
0.701858
0.685944
0.395699
0.379817
0.081480
0.382538
0.685264
0.052774
0.373908
0.689450
0.689371
0.689450
0.379838
0.065766
0.999179
0.373861
0.372361
0.056322
0.999179
0.684386
0.369082
0.055138
0.055936
0.058687
0.372268
0.060477
0.686425
0.999179
0.069785
0.693038
0.392498
0.697961
0.384370
0.084307
0.066461
0.999179
0.363626
0.051115
0.067181
0.066057
0.369225
0.686855
0.374369
0.072076
0.083694
0.069190
0.064690
0.387120
0.999922
0.370293
0.683025
0.681105
0.045874
0.051954
0.999922
0.370941
0.058235
0.686276
0.373381
0.058235
0.058965
0.063868
0.997774
0.377668
0.068995
0.063616
0.685856
0.370530
0.370292
0.090453
0.997774
0.709536
0.100419
0.358060
0.381864
0.079082
0.066513
0.021981
0.037136
0.309162
0.166680
0.483478
0.002026
0.421184
0.307528
0.131811
0.680699
0.693028
0.683098
0.372258
0.373064
0.066487
0.997444
0.377081
0.365565
0.388160
0.361062
0.379155
0.059205
0.372463
0.076979
0.689451
0.055638
0.997371
0.350920
0.055019
0.684608
0.371226
0.061735
0.997371
0.373712
0.997371
0.052415
0.054786
0.114019
0.349148
0.113658
0.654112
0.050835
0.381787
0.387432
0.997371
0.693464
0.087500
0.703240
0.709778
0.407133
0.997371
0.419887
0.066726
0.388575
0.061946
0.059536
0.371625
0.415539
0.997151
0.345700
0.490643
0.098117
0.095815
0.422655
0.050409
0.081110
0.997151
0.114047
0.378836
0.382621
0.997151
0.075650
0.386307
0.034118
0.719250
0.327098
0.095358
0.352632
0.040120
0.384972
0.390489
0.379724
0.364680
0.374705
0.043122
0.691723
0.376198
0.689818
0.049214
0.997774
0.072886
0.997774
0.022483
0.680246
0.084392
0.687410
0.675359
0.059603
0.402287
0.401938
0.696078
0.997774
0.083283
0.081613
0.390148
0.084070
0.076434
0.691815
0.051178
0.114775
0.319382
0.416400
0.405876
0.068915
0.688219
0.372753
0.378114
0.082705
0.394684
0.697258
0.098704
0.692626
0.366014
0.099306
0.116435
0.098104
0.999179
0.067985
0.683510
0.069183
0.079076
0.360875
0.672091
0.051025
0.402253
0.999179
0.092443
0.091516
0.387014
0.691208
0.077006
0.373589
0.368442
0.049725
0.678012
0.684671
0.690369
0.999179
0.380871
0.087391
0.692973
0.111894
0.130882
0.417343
0.999179
0.113586
0.103229
0.402659
0.100376
0.685288
0.688602
0.999179
0.055075
0.684974
0.687953
0.062300
0.058263
0.063676
0.371848
0.053384
0.370792
0.374493
0.374307
0.375154
0.375665
0.381752
0.413987
0.422064
0.404498
0.097847
0.701858
0.054289
0.445206
0.728610
0.122404
0.364999
0.053631
0.374046
0.378142
0.999179
0.379928
0.378726
0.062769
0.687033
0.374067
0.060985
0.369671
0.684386
0.368690
0.684095
0.683969
0.368937
0.371876
0.060753
0.059509
0.371820
0.686425
0.374173
0.072351
0.697961
0.391386
0.084645
0.689108
0.999179
0.054618
0.049985
0.687090
0.374542
0.064093
0.063842
0.063516
0.377772
0.999922
0.381203
0.689109
0.999922
0.060934
0.370293
0.999922
0.366559
0.050263
0.052641
0.999922
0.059436
0.370844
0.377050
0.060035
0.688119
0.374430
0.373094
0.060616
0.061789
0.378037
0.691607
0.376341
0.372892
0.366783
0.361613
0.037383
0.709536
0.419734
0.025168
0.360141
0.346848
0.416067
0.706776
0.997774
0.408220
0.378911
0.725657
0.073309
0.340211
0.309649
0.423662
0.416237
0.118067
0.114712
0.059734
0.684903
0.373518
0.064673
0.370078
0.685760
0.357446
0.337400
0.294842
0.065751
0.373457
0.373170
0.068584
0.684408
0.064501
0.038901
0.997371
0.062836
0.997371
0.372283
0.685807
0.064566
0.685839
0.374283
0.050353
0.997151
0.018059
0.117290
0.395503
0.084668
0.069678
0.684985
0.372839
0.387653
0.086531
0.100106
0.090504
0.107629
0.375171
0.395773
0.105331
0.703218
0.395552
0.699608
0.055416
0.384860
0.690240
0.114125
0.422395
0.015219
0.378239
0.399431
0.697844
0.684152
0.044188
0.047675
0.364486
0.398319
0.382759
0.061051
0.048199
0.676612
0.308345
0.152527
0.997151
0.059422
0.029039
0.997984
0.369113
0.377219
0.385864
0.093219
0.391888
0.308024
0.068900
0.392138
0.672019
0.393818
0.372811
0.149493
0.052225
0.369700
0.376756
0.351341
0.064288
0.997774
0.371962
0.394988
0.385871
0.324883
0.138297
0.127404
0.699166
0.415624
0.694631
0.997774
0.376302
0.057532
0.383061
0.689737
0.068617
0.998628
0.068633
0.380033
0.998628
0.066549
0.688619
0.083061
0.694356
0.084299
0.080606
0.693112
0.102565
0.409790
0.700349
0.099110
0.385727
0.368808
0.060010
0.380909
0.368876
0.666313
0.055097
0.393322
0.395128
0.086406
0.071520
0.379416
0.686698
0.068836
0.685115
0.685015
0.052605
0.051922
0.056578
0.072609
0.080976
0.087632
0.078193
0.999179
0.397061
0.999179
0.416344
0.118694
0.400307
0.999179
0.098984
0.116571
0.362451
0.367555
0.688602
0.068275
0.374506
0.684974
0.063057
0.999179
0.364167
0.378424
0.684049
0.686990
0.374043
0.686763
0.063333
0.377261
0.377373
0.068743
0.079864
0.411208
0.389971
0.420507
0.692595
0.154503
0.147105
0.068696
0.059291
0.688242
0.377089
0.072474
0.689371
0.069767
0.062640
0.056761
0.056965
0.373900
0.376002
0.053182
0.683577
0.041561
0.367966
0.052585
0.999179
0.683647
0.685640
0.373403
0.056800
0.053844
0.053088
0.055544
0.061313
0.378151
0.074834
0.390588
0.689108
0.379045
0.999179
0.372769
0.374024
0.062020
0.686771
0.064494
0.376826
0.378336
0.070737
0.691559
0.379468
0.069192
0.686731
0.375656
0.057783
0.999922
0.685136
0.059203
0.999922
0.066820
0.999922
0.067435
0.999922
0.375982
0.374898
0.374406
0.375711
0.070535
0.066780
0.064342
0.057029
0.049891
0.039637
0.035515
0.676611
0.024458
0.997774
0.010295
0.672019
0.331880
0.434771
0.388165
0.026845
0.077867
0.184772
0.009177
0.117425
0.069694
0.362358
0.417299
0.173530
0.997444
0.059088
0.060666
0.062029
0.063077
0.064754
0.058205
0.044573
0.066868
0.416600
0.238142
0.064087
0.691058
0.059079
0.997371
0.059112
0.997371
0.071086
0.071955
0.064570
0.684621
0.061779
0.997371
0.375700
0.070906
0.073795
0.069402
0.383235
0.073804
0.692159
0.077970
0.361162
0.680032
0.377441
0.384039
0.095891
0.396832
0.390251
0.691500
0.080244
0.397629
0.692332
0.399404
0.405455
0.375779
0.056572
0.690240
0.997151
0.379897
0.067934
0.685910
0.362133
0.325505
0.054253
0.057457
0.367070
0.040915
0.680748
0.063489
0.357747
0.353805
0.353667
0.322613
0.424311
0.397683
0.060938
0.353903
0.371701
0.370534
0.697657
0.061953
0.687868
0.694572
0.066164
0.434228
0.308209
0.997774
0.077529
0.687172
0.714732
0.416537
0.387266
0.367668
0.371525
0.363745
0.364182
0.675359
0.050241
0.997774
0.007728
0.667120
0.053078
0.719927
0.413514
0.675516
0.390870
0.063243
0.357929
0.681568
0.061425
0.360527
0.679351
0.045364
0.046140
0.083222
0.392143
0.068316
0.688432
0.074766
0.693210
0.380666
0.384423
0.389782
0.391011
0.378273
0.695195
0.999179
0.695195
0.057731
0.372642
0.374466
0.373345
0.680051
0.058099
0.381495
0.428335
0.999179
0.000617
0.353028
0.999179
0.059405
0.059544
0.684643
0.056532
0.374283
0.691583
0.071880
0.407448
0.374964
0.687774
0.386925
0.086748
0.096976
0.405225
0.407010
0.696024
0.391133
0.999179
0.077782
0.369322
0.349418
0.681446
0.049945
0.688645
0.059262
0.370327
0.069912
0.387338
0.053131
0.678267
0.051284
0.066918
0.064997
0.060079
0.067384
0.377675
0.373275
0.685543
0.373531
0.380135
0.120286
0.167583
0.294610
0.133757
0.690977
0.999179
0.070761
0.381004
0.690689
0.690151
0.690689
0.061670
0.999179
0.685052
0.061100
0.374488
0.035803
0.037518
0.739427
0.038941
0.041031
0.042287
0.366822
0.372504
0.059260
0.999179
0.368055
0.682937
0.999179
0.682937
0.370550
0.373185
0.375925
0.068240
0.372665
0.372769
0.686113
0.999179
0.373705
0.999179
0.375385
0.688692
0.999922
0.067721
0.690282
0.380235
0.077119
0.381237
0.688695
0.063654
0.685136
0.370504
0.372247
0.381604
0.091337
0.691348
0.081775
0.688119
0.689763
0.687042
0.686089
0.379685
0.067849
0.685238
0.373182
0.370797
0.367963
0.364897
0.038460
0.041969
0.059366
0.100018
0.332776
0.303978
0.050609
0.679164
0.037297
0.997774
0.355497
0.054926
0.746049
0.382447
0.376783
0.070139
0.112750
0.068306
0.055642
0.040134
0.616964
0.061522
0.997371
0.686014
0.373996
0.373946
0.375207
0.014507
0.997371
0.016250
0.695176
0.386847
0.065560
0.053525
0.072357
0.694686
0.997371
0.392896
0.377333
0.372491
0.063888
0.069994
0.383828
0.387384
0.390255
0.389985
0.081505
0.997371
0.046488
0.355986
0.680648
0.367728
0.079665
0.382964
0.084022
0.691500
0.997371
0.079046
0.997371
0.381878
0.388637
0.384126
0.376984
0.062050
0.057926
0.068750
0.688230
0.069413
0.694585
0.071383
0.026397
0.679508
0.359159
0.356488
0.038369
0.373366
0.356378
0.682531
0.034952
0.697068
0.378525
0.747151
0.070886
0.366953
0.362712
0.687932
0.390787
0.691401
0.997984
0.087317
0.088889
0.680711
0.417462
0.483532
0.094022
0.069395
0.683165
0.088147
0.697811
0.685005
0.681890
0.997774
0.058142
0.387640
0.075344
0.088867
0.080555
0.667120
0.382759
0.447264
0.110012
0.140213
0.113177
0.362456
0.688360
0.053928
0.685764
0.059825
0.679351
0.998628
0.679351
0.357716
0.374471
0.091654
0.377709
0.687623
0.068659
0.067682
0.381216
0.689303
0.999179
0.377328
0.083850
0.096495
0.391231
0.072929
0.061761
0.061381
0.373121
0.380770
0.686684
0.118210
0.128800
0.999179
0.428335
0.083989
0.355989
0.054956
0.684806
0.684643
0.684323
0.058162
0.068253
0.999179
0.068842
0.380341
0.379532
0.067898
0.071857
0.693675
0.999179
0.087373
0.391888
0.093378
0.386508
0.691786
0.068124
0.391148
0.069440
0.363936
0.034560
0.055022
0.380305
0.379320
0.691878
0.081170
0.695175
0.676885
0.075937
0.688394
0.999179
0.068539
0.382374
0.066080
0.999179
0.055344
0.368731
0.053715
0.606689
0.225207
0.434259
0.999179
0.080598
0.690977
0.074825
0.384391
0.073421
0.069203
0.688829
0.375991
0.059681
0.372991
0.687335
0.072963
0.679677
0.070520
0.999179
0.739427
0.357390
0.358194
0.049344
0.060405
0.062346
0.058382
0.051748
0.365570
0.682937
0.365991
0.366194
0.367511
0.369746
0.062807
0.056365
0.055899
0.056295
0.686113
0.372122
0.060937
0.375794
0.688536
0.377012
0.378097
0.378746
0.380242
0.079555
0.396329
0.389221
0.066381
0.055445
0.369541
0.378313
0.106868
0.690576
0.113210
0.073185
0.377916
0.066969
0.061805
0.066884
0.070367
0.376522
0.999922
0.687386
0.365852
0.683235
0.362207
0.045234
0.997774
0.685263
0.415068
0.069781
0.007899
0.061798
0.097586
0.080296
0.068421
0.366331
0.358012
0.078337
0.374255
0.378300
0.389447
0.068601
0.334078
0.442302
0.029809
0.997371
0.299826
0.042920
0.001092
0.430898
0.369825
0.368227
0.373659
0.052507
0.036418
0.379734
0.997371
0.096219
0.997371
0.033697
0.088283
0.384354
0.393208
0.064401
0.061997
0.685440
0.380953
0.385332
0.388730
0.089128
0.388988
0.997371
0.079119
0.053480
0.367570
0.997371
0.680648
0.375498
0.373387
0.375900
0.076522
0.076589
0.380931
0.690508
0.383751
0.997371
0.078705
0.686000
0.069865
0.377414
0.379971
0.690013
0.081417
0.690762
0.997151
0.064104
0.667174
0.052770
0.031124
0.381205
0.297571
0.421097
0.997151
0.093741
0.055842
0.699159
0.105618
0.288450
0.115627
0.370700
0.048607
0.358925
0.054704
0.367888
0.075976
0.690802
0.420168
0.171611
0.996564
0.365462
0.101456
0.098490
0.076324
0.404710
0.079127
0.058093
0.055667
0.378466
0.385213
0.389432
0.692436
0.077272
0.062486
0.687290
0.030346
0.387139
0.397483
0.402035
0.085532
0.683193
0.685764
0.998628
0.064526
0.057581
0.038909
0.040546
0.684088
0.373069
0.386627
0.073405
0.372800
0.683920
0.057925
0.376952
0.066923
0.377328
0.685213
0.070771
0.132759
0.378321
0.690817
0.066968
0.373621
0.372160
0.430987
0.292341
0.369132
0.705069
0.411026
0.441828
0.044913
0.680570
0.042906
0.052811
0.054266
0.684108
0.057594
0.388454
0.366618
0.690257
0.346906
0.085416
0.385281
0.385138
0.079306
0.082786
0.387231
0.386373
0.077492
0.691803
0.380899
0.068852
0.381805
0.389379
0.355240
0.684330
0.686873
0.374726
0.381618
0.999179
0.088001
0.087377
0.076708
0.071507
0.378333
0.067646
0.689536
0.999179
0.060084
0.046494
0.039223
0.040242
0.681088
0.106629
0.419149
0.112877
0.064695
0.056268
0.062087
0.067711
0.382533
0.688705
0.999179
0.065517
0.999179
0.687002
0.060068
0.052433
0.370047
0.368926
0.297263
0.109474
0.358345
0.677589
0.678422
0.368376
0.686898
0.999179
0.373261
0.053963
0.051450
0.365586
0.364891
0.365567
0.368195
0.058699
0.372051
0.682360
0.683329
0.999179
0.369217
0.056516
0.373578
0.375148
0.375726
0.687953
0.376504
0.064636
0.073686
0.690994
0.087414
0.082782
0.999922
0.687451
0.055953
0.066753
0.426475
0.070524
0.118148
0.999922
0.376229
0.999922
0.373188
0.377095
0.068767
0.999922
0.062342
0.372377
0.360732
0.042110
0.357833
0.039366
0.367342
0.074092
0.069181
0.384435
0.405150
0.997774
0.145323
0.402695
0.357349
0.365682
0.682035
0.056128
0.067364
0.685623
0.070046
0.999922
0.114377
0.074574
0.697409
0.077308
0.441084
0.355235
0.318072
0.329126
0.487419
0.301202
0.363617
0.018575
0.356261
0.997371
0.087767
0.104643
0.013403
0.355251
0.687039
0.997371
0.687039
0.686987
0.678649
0.070412
0.997371
0.690527
0.388193
0.389952
0.390220
0.081950
0.384384
0.380686
0.064351
0.058157
0.059243
0.065224
0.370120
0.371585
0.375190
0.690856
0.385659
0.082434
0.688741
0.388941
0.105847
0.129464
0.378531
0.379911
0.688560
0.383766
0.690013
0.390337
0.137260
0.050820
0.293797
0.997151
0.065965
0.310066
0.675477
0.030669
0.371882
0.070121
0.303386
0.696069
0.272894
0.332569
0.997984
0.423682
0.362191
0.028157
0.997984
0.034034
0.674354
0.079106
0.073586
0.054713
0.122573
0.376188
0.450588
0.301852
0.437464
0.094726
0.688237
0.685585
0.686288
0.997774
0.069829
0.383714
0.382347
0.376742
0.687290
0.687603
0.070815
0.394353
0.395386
0.689356
0.076626
0.065569
0.060904
0.685764
0.686062
0.060403
0.367142
0.368885
0.683818
0.061693
0.686364
0.376860
0.059423
0.999179
0.054621
0.684510
0.062529
0.062042
0.999179
0.117398
0.690259
0.435541
0.372998
0.069902
0.999179
0.058442
0.608720
0.413333
0.337673
0.123088
0.097366
0.690693
0.058585
0.682986
0.048627
0.367575
0.368452
0.684041
0.056573
0.433748
0.090955
0.688564
0.376828
0.057331
0.382471
0.692411
0.690836
0.081398
0.082247
0.386506
0.383324
0.071097
0.065025
0.059574
0.149195
0.700912
0.310572
0.346576
0.063710
0.068420
0.073900
0.070598
0.078528
0.689853
0.687680
0.687227
0.999179
0.068207
0.380049
0.377574
0.999179
0.687217
0.043661
0.681088
0.999179
0.067263
0.392245
0.681464
0.367977
0.373623
0.370837
0.687599
0.378273
0.378228
0.688705
0.375803
0.374730
0.060584
0.999179
0.684251
0.679695
0.069425
0.411158
0.407819
0.360879
0.048174
0.049757
0.054970
0.064080
0.066209
0.375221
0.373486
0.383088
0.114275
0.054042
0.064490
0.080792
0.071343
0.685836
0.051274
0.365323
0.683329
0.366832
0.053680
0.685592
0.059643
0.374672
0.687405
0.374785
0.062821
0.690251
0.690250
0.381681
0.386558
0.063373
0.371207
0.370291
0.999922
0.366104
0.037640
0.684758
0.689414
0.372910
0.056625
0.059380
0.063807
0.687039
0.064391
0.688472
0.053388
0.365636
0.036627
0.679363
0.038604
0.999922
0.679853
0.686388
0.690514
0.298410
0.103542
0.127282
0.359818
0.391860
0.431591
0.621070
0.353182
0.057727
0.999922
0.370202
0.693774
0.047742
0.066342
0.698112
0.397568
0.999922
0.069037
0.059903
0.692895
0.014923
0.665376
0.298429
0.363784
0.064131
0.378126
0.101054
0.696773
0.395457
0.059199
0.682849
0.054063
0.364341
0.350916
0.368766
0.064831
0.071281
0.076702
0.079868
0.384416
0.382748
0.688840
0.071314
0.378148
0.375621
0.372284
0.373529
0.687184
0.059966
0.372562
0.292906
0.382628
0.390369
0.389786
0.692636
0.387720
0.375533
0.072610
0.373039
0.687950
0.069091
0.384683
0.076763
0.067427
0.100573
0.350009
0.997151
0.293797
0.067421
0.383020
0.674565
0.370884
0.071383
0.661087
0.000119
0.046922
0.682428
0.673975
0.014872
0.997984
0.680287
0.674741
0.086716
0.358847
0.033934
0.383328
0.691066
0.380332
0.378286
0.123130
0.703259
0.173058
0.092259
0.386218
0.077484
0.070508
0.064717
0.066107
0.379068
0.380732
0.382132
0.685655
0.376144
0.997774
0.079012
0.397097
0.383828
0.682980
0.060175
0.373301
0.372781
0.686062
0.374601
0.058502
0.683424
0.998628
0.056243
0.684654
0.371475
0.372969
0.058367
0.370872
0.370689
0.370114
0.060834
0.681379
0.370719
0.999179
0.374368
0.999179
0.688862
0.375808
0.073780
0.370484
0.375449
0.300635
0.369855
0.698311
0.690693
0.999179
0.061310
0.368639
0.684142
0.052178
0.368648
0.684328
0.057375
0.385501
0.378183
0.373097
0.377212
0.377446
0.372398
0.071307
0.692295
0.999179
0.078085
0.077446
0.689192
0.069591
0.999179
0.062889
0.082254
0.112031
0.443865
0.021596
0.367330
0.746871
0.081595
0.690918
0.061781
0.380604
0.375469
0.373396
0.059462
0.375924
0.065852
0.690174
0.059899
0.051835
0.366872
0.360340
0.362252
0.376828
0.375238
0.385861
0.688282
0.684175
0.684832
0.374338
0.063509
0.376530
0.687811
0.375021
0.375798
0.063588
0.684251
0.362744
0.357669
0.702817
0.414132
0.304437
0.369598
0.375105
0.999179
0.371717
0.373937
0.062525
0.999179
0.686137
0.687123
0.698387
0.113068
0.381290
0.693480
0.096149
0.064833
0.674277
0.037529
0.052746
0.368476
0.051373
0.367597
0.057814
0.373887
0.686634
0.058733
0.373618
0.378182
0.690609
0.999922
0.068552
0.374147
0.999922
0.370737
0.369926
0.371238
0.055692
0.367916
0.368879
0.369810
0.684244
0.056555
0.685192
0.372037
0.371031
0.371750
0.684277
0.367240
0.362598
0.999922
0.679363
0.042542
0.048957
0.055649
0.041575
0.331612
0.285202
0.324464
0.415009
0.392888
0.053275
0.417990
0.380507
0.372765
0.054976
0.365641
0.682022
0.355767
0.360288
0.382495
0.128954
0.131934
0.055683
0.684934
0.372151
0.380191
0.371075
0.035462
0.997371
0.063559
0.689073
0.085709
0.692717
0.390682
0.049626
0.364396
0.997371
0.032051
0.034653
0.052557
0.061473
0.685151
0.375565
0.070157
0.686524
0.379525
0.379831
0.378396
0.067224
0.687563
0.066843
0.378199
0.376621
0.375247
0.297966
0.417324
0.075515
0.393305
0.997371
0.389786
0.386897
0.106626
0.997371
0.378777
0.060539
0.112135
0.060453
0.686151
0.079967
0.688722
0.097859
0.314328
0.081579
0.692455
0.060401
0.690399
0.333734
0.383172
0.363007
0.014321
0.681594
0.997984
0.272783
0.066815
0.121613
0.073065
0.070466
0.046174
0.683979
0.369448
0.358933
0.071259
0.377199
0.375400
0.076463
0.696981
0.396709
0.674880
0.076757
0.384312
0.381069
0.687367
0.687791
0.688735
0.691705
0.688479
0.375480
0.065965
0.378754
0.083950
0.392730
0.361159
0.998628
0.049896
0.682521
0.367008
0.058007
0.047637
0.039063
0.052971
0.054148
0.684778
0.371610
0.056681
0.685823
0.685733
0.372581
0.058487
0.999179
0.061715
0.377612
0.366356
0.359895
0.690259
0.045967
0.375808
0.999179
0.383503
0.380366
0.062618
0.388245
0.386490
0.083376
0.082813
0.069235
0.687947
0.057761
0.999179
0.053907
0.369307
0.999179
0.058450
0.688798
0.686526
0.685795
0.686804
0.682071
0.999179
0.047571
0.068698
0.072152
0.378937
0.377275
0.686865
0.063927
0.061772
0.373519
0.392817
0.366066
0.101406
0.378757
0.105132
0.708045
0.690918
0.999179
0.050723
0.369751
0.369821
0.053018
0.999179
0.057652
0.999179
0.061639
0.372360
0.685825
0.685022
0.365597
0.370015
0.368633
0.687401
0.061715
0.084743
0.053212
0.061480
0.062665
0.999179
0.375090
0.375963
0.065025
0.690685
0.071242
0.682228
0.349732
0.011046
0.047560
0.008813
0.374701
0.379442
0.062831
0.371043
0.370958
0.370868
0.370816
0.056659
0.056369
0.076913
0.103571
0.313145
0.684528
0.091981
0.398472
0.092835
0.064860
0.370860
0.684779
0.999179
0.371404
0.053816
0.057451
0.374407
0.686309
0.372720
0.058025
0.375729
0.069141
0.690609
0.066136
0.060900
0.686196
0.371599
0.056251
0.055940
0.055372
0.053153
0.683762
0.052101
0.999922
0.053825
0.999922
0.685192
0.684971
0.368269
0.366630
0.683161
0.044876
0.679363
0.359813
0.363584
0.364916
0.365978
0.363969
0.359787
0.353893
0.372010
0.308157
0.383921
0.403879
0.108238
0.377977
0.686964
0.047964
0.682208
0.041587
0.361090
0.360118
0.367445
0.376576
0.379823
0.055526
0.683923
0.374730
0.378772
0.366441
0.044041
0.364452
0.061344
0.382222
0.689193
0.385643
0.385470
0.382431
0.048227
0.044604
0.054703
0.997371
0.378241
0.066801
0.685283
0.372106
0.373021
0.373548
0.374487
0.375865
0.376259
0.375884
0.376242
0.377662
0.069359
0.378004
0.377195
0.744886
0.402046
0.390638
0.394277
0.103459
0.119741
0.118301
0.395927
0.081587
0.702634
0.176761
0.997371
0.111336
0.365751
0.683041
0.366139
0.366853
0.369916
0.090028
0.997151
0.081372
0.683561
0.381993
0.008873
0.997151
0.048459
0.363824
0.077799
0.693092
0.123736
0.126611
0.445990
0.018798
0.379820
0.071068
0.997151
0.055646
0.391234
0.374648
0.366116
0.052677
0.694193
0.696981
0.382744
0.084644
0.693278
0.386817
0.070856
0.071476
0.071810
0.017552
0.067616
0.069025
0.688926
0.997774
0.389410
0.373406
0.358856
0.047660
0.365450
0.684224
0.056336
0.689578
0.376011
0.054106
0.367738
0.369711
0.998628
0.684778
0.058587
0.058812
0.999179
0.372452
0.999179
0.059875
0.062563
0.066160
0.067581
0.083238
0.083092
0.036221
0.121479
0.383503
0.702367
0.071209
0.371845
0.382154
0.103612
0.390170
0.385935
0.687947
0.999179
0.061717
0.055758
0.369597
0.999179
0.054443
0.058709
0.062615
0.061642
0.057008
0.055155
0.016682
0.042798
0.683414
0.044494
0.374094
0.373444
0.372521
0.999179
0.058680
0.371525
0.371156
0.688011
0.700094
0.697572
0.999179
0.314675
0.476245
0.099679
0.385017
0.067121
0.364323
0.363711
0.682041
0.367193
0.052386
0.053621
0.056051
0.059725
0.063683
0.066780
0.065722
0.062397
0.065405
0.065155
0.305309
0.436325
0.368339
0.321902
0.677237
0.067744
0.061550
0.057291
0.048556
0.056198
0.075705
0.368466
0.013138
0.682368
0.378772
0.676469
0.374761
0.380577
0.057843
0.999179
0.370871
0.369783
0.367788
0.367055
0.368575
0.047416
0.687067
0.365390
0.080053
0.084217
0.999179
0.696373
0.080919
0.378826
0.373557
0.684779
0.686611
0.374248
0.060260
0.062385
0.374043
0.374113
0.371773
0.057781
0.375531
0.375624
0.375629
0.686136
0.686265
0.057501
0.370813
0.055032
0.999922
0.053733
0.368273
0.051767
0.368555
0.999922
0.053415
0.052574
0.050004
0.047572
0.047789
0.049756
0.054240
0.048646
0.045796
0.369013
0.369138
0.371795
0.375352
0.380977
0.402986
0.082486
0.399758
0.435974
0.374717
0.355995
0.277501
0.999922
0.055017
0.043171
0.037644
0.682630
0.365831
0.370553
0.999922
0.684689
0.051288
0.683289
0.683923
0.687167
0.386269
0.048974
0.679064
0.054601
0.685369
0.126652
0.073897
0.997371
0.690124
0.688521
0.689355
0.380112
0.048515
0.375215
0.069969
0.684951
0.371578
0.370436
0.370694
0.371583
0.061849
0.685407
0.374496
0.374909
0.375912
0.377271
0.068608
0.376951
0.391135
0.694626
0.693586
0.695476
0.997371
0.093796
0.693973
0.104485
0.694645
0.383141
0.404178
0.167740
0.283782
0.360349
0.364612
0.365550
0.057017
0.367779
0.071108
0.088747
0.692022
0.082287
0.696493
0.375922
0.032499
0.083395
0.085209
0.382600
0.690334
0.078216
0.436818
0.997151
0.226945
0.698997
0.129718
0.680352
0.081950
0.682132
0.329816
0.371901
0.693717
0.997774
0.086148
0.695409
0.392258
0.997774
0.693278
0.076601
0.386801
0.622232
0.678602
0.687467
0.687829
0.376263
0.688926
0.079526
0.684449
0.371570
0.685936
0.055152
0.998628
0.375174
0.388963
0.691512
0.056980
0.683561
0.998628
0.062039
0.065105
0.066088
0.375711
0.373756
0.060843
0.061211
0.375019
0.375695
0.376554
0.068593
0.388471
0.999179
0.140633
0.377591
0.107371
0.695007
0.999179
0.384100
0.111893
0.418173
0.397713
0.393888
0.077556
0.070222
0.375401
0.371300
0.999179
0.054073
0.368499
0.056214
0.685967
0.999179
0.055345
0.347872
0.378630
0.376887
0.999179
0.683414
0.051156
0.683837
0.055173
0.686865
0.056385
0.684727
0.376876
0.050594
0.069259
0.410193
0.321574
0.100414
0.017824
0.388738
0.393257
0.373100
0.027928
0.051408
0.366821
0.365513
0.682505
0.683140
0.684868
0.687320
0.377803
0.381274
0.382401
0.073002
0.999179
0.008922
0.496293
0.116125
0.999179
0.033072
0.999179
0.363969
0.685034
0.685911
0.362050
0.044092
0.999179
0.376507
0.675158
0.075918
0.999179
0.379615
0.053141
0.066682
0.372755
0.056327
0.999179
0.684963
0.367500
0.365743
0.054002
0.683919
0.373011
0.687067
0.377701
0.377896
0.077514
0.388829
0.076551
0.689697
0.069405
0.067102
0.374248
0.999179
0.687623
0.376850
0.064556
0.063537
0.058216
0.683777
0.058218
0.060870
0.060928
0.373418
0.058880
0.371745
0.370925
0.685159
0.054325
0.999922
0.368562
0.367928
0.368027
0.368264
0.367718
0.367367
0.366540
0.049556
0.684499
0.368666
0.053909
0.685095
0.368702
0.057070
0.687871
0.068702
0.694649
0.691293
0.104075
0.999922
0.414444
0.115766
0.358843
0.273531
0.649886
0.023796
0.287372
0.363350
0.048385
0.999922
0.682630
0.052541
0.053928
0.049451
0.049907
0.997371
0.055468
0.050950
0.394517
0.065183
0.678532
0.050573
0.447289
0.997371
0.434900
0.064314
0.380956
0.005841
0.066514
0.692006
0.040027
0.675001
0.056270
0.684345
0.370963
0.369136
0.056052
0.683413
0.059063
0.684650
0.373108
0.373723
0.374537
0.375565
0.687173
0.065830
0.063910
0.078103
0.073047
0.693586
0.081372
0.687555
0.384711
0.089136
0.674188
0.694645
0.379651
0.078517
0.379039
0.365595
0.375754
0.396984
0.744323
0.085313
0.363458
0.091507
0.997151
0.692022
0.058550
0.685366
0.373765
0.065611
0.081285
0.089528
0.382700
0.084140
0.376419
0.153258
0.612561
0.442357
0.102510
0.685668
0.702867
0.689159
0.417253
0.329694
0.072417
0.401313
0.097234
0.090059
0.086615
0.088377
0.087346
0.082647
0.693095
0.060323
0.008012
0.371393
0.060577
0.043802
0.044769
0.068695
0.073339
0.374815
0.998628
0.061964
0.063922
0.079000
0.374725
0.999245
0.060916
0.054071
0.072122
0.700782
0.393877
0.079106
0.692537
0.380041
0.378282
0.065927
0.377473
0.688280
0.066320
0.378550
0.382598
0.390071
0.036108
0.396694
0.399721
0.095936
0.084634
0.116732
0.423513
0.117647
0.404843
0.390031
0.392261
0.384885
0.999179
0.061218
0.369579
0.368248
0.683655
0.053120
0.056153
0.055405
0.367732
0.379374
0.386640
0.689063
0.066994
0.061808
0.053877
0.683550
0.052401
0.685040
0.057015
0.061984
0.080917
0.307597
0.347666
0.088298
0.077531
0.375633
0.384784
0.390016
0.675810
0.030078
0.367903
0.385809
0.074072
0.060257
0.051364
0.051396
0.054073
0.059560
0.378234
0.691104
0.691337
0.084061
0.385080
0.393590
0.131981
0.409188
0.355014
0.999179
0.357910
0.074543
0.999179
0.051925
0.365110
0.371045
0.683476
0.367158
0.396109
0.388299
0.004463
0.669762
0.629168
0.691772
0.374473
0.373442
0.373782
0.054093
0.999179
0.682727
0.049990
0.368004
0.683239
0.059955
0.370435
0.373114
0.374924
0.069582
0.379744
0.074841
0.382228
0.999179
0.069947
0.687623
0.067126
0.999179
0.376945
0.687934
0.061339
0.372037
0.372953
0.373618
0.373760
0.999922
0.372794
0.057199
0.999922
0.370220
0.054389
0.053416
0.052416
0.683892
0.051832
0.367718
0.683456
0.999922
0.683456
0.683312
0.683720
0.370978
0.370552
0.999922
0.372778
0.062935
0.692166
0.073592
0.999922
0.100246
0.084119
0.024314
0.453891
0.328167
0.718439
0.091490
0.692490
0.072426
0.200696
0.053223
0.370452
0.064896
0.054253
0.054006
0.681874
0.365269
0.048013
0.047887
0.997371
0.357414
0.047139
0.363250
0.363871
0.395354
0.305697
0.428159
0.302902
0.379369
0.066997
0.344970
0.322756
0.029466
0.070325
0.365763
0.680617
0.364756
0.370157
0.053858
0.681823
0.053647
0.682069
0.370872
0.372951
0.373131
0.373951
0.685956
0.065111
0.062853
0.684727
0.059889
0.997371
0.063572
0.380101
0.997371
0.377069
0.063099
0.684334
0.035564
0.008810
0.685372
0.354662
0.073734
0.689018
0.325846
0.137573
0.681776
0.416705
0.094871
0.004592
0.080283
0.075494
0.997151
0.390150
0.059725
0.693047
0.997371
0.693047
0.080552
0.669370
0.997151
0.345919
0.000431
0.684185
0.090774
0.078787
0.081523
0.114083
0.693452
0.373450
0.386744
0.997774
0.388822
0.997774
0.387647
0.387961
0.082071
0.386641
0.997774
0.059049
0.064612
0.366689
0.681382
0.040621
0.685958
0.686654
0.687004
0.685936
0.065418
0.998628
0.064351
0.699237
0.062836
0.383596
0.393241
0.410431
0.408279
0.701817
0.096975
0.694011
0.384566
0.071852
0.689634
0.068664
0.688552
0.066496
0.377562
0.380174
0.689339
0.066267
0.384050
0.376176
0.386171
0.400206
0.400280
0.125729
0.373610
0.071560
0.999179
0.693106
0.388012
0.065407
0.999179
0.686194
0.684140
0.050086
0.049970
0.683714
0.999179
0.052970
0.385060
0.999179
0.132519
0.681012
0.370794
0.381856
0.114549
0.053216
0.056097
0.066116
0.389770
0.622650
0.674077
0.999179
0.064109
0.370053
0.999179
0.680444
0.365955
0.665259
0.999179
0.359856
0.999179
0.386237
0.684348
0.368708
0.999179
0.370822
0.687731
0.689873
0.381840
0.999179
0.384965
0.999179
0.085062
0.710979
0.999179
0.103144
0.679852
0.391912
0.075131
0.685034
0.684320
0.683065
0.059620
0.691179
0.393560
0.073756
0.679328
0.117589
0.016759
0.691772
0.381495
0.070701
0.069733
0.063723
0.057254
0.367501
0.050949
0.050131
0.683239
0.999179
0.683239
0.367891
0.684508
0.372023
0.374894
0.069855
0.074774
0.076892
0.076393
0.382115
0.689456
0.071867
0.068162
0.999179
0.375859
0.063083
0.374811
0.374078
0.687979
0.061550
0.059806
0.685690
0.685781
0.056349
0.055125
0.684881
0.368538
0.051705
0.367686
0.367628
0.051543
0.367437
0.683456
0.367177
0.368111
0.369734
0.685956
0.058574
0.059296
0.377307
0.373016
0.387689
0.080072
0.065726
0.083034
0.304795
0.429813
0.635683
0.999922
0.339733
0.138727
0.732207
0.116338
0.466815
0.999922
0.139624
0.699970
0.083922
0.372797
0.369208
0.366576
0.265696
0.100512
0.044923
0.050318
0.369093
0.363372
0.374671
0.379677
0.997371
0.367022
0.059548
0.692986
0.082867
0.997371
0.682790
0.401816
0.029814
0.680617
0.997371
0.680617
0.366862
0.367574
0.049541
0.679712
0.364279
0.368438
0.684192
0.374185
0.997371
0.063472
0.997371
0.060222
0.997371
0.058103
0.058927
0.058623
0.056287
0.061298
0.997371
0.061879
0.997371
0.368576
0.063290
0.997371
0.060010
0.433470
0.339850
0.594432
0.269759
0.446730
0.271500
0.047642
0.744788
0.012413
0.083456
0.685366
0.402337
0.111477
0.386935
0.094209
0.693804
0.054596
0.048797
0.043417
0.687202
0.047855
0.372190
0.997151
0.375839
0.081864
0.691678
0.396012
0.670880
0.061541
0.385588
0.387939
0.387647
0.997774
0.383294
0.074669
0.074353
0.691085
0.064776
0.375749
0.681382
0.997774
0.681382
0.044047
0.059675
0.374174
0.063495
0.687781
0.072723
0.319660
0.042271
0.999245
0.679729
0.696267
0.114623
0.999245
0.705975
0.087088
0.999245
0.694011
0.070928
0.688508
0.378742
0.067222
0.376541
0.376640
0.687329
0.053591
0.378307
0.999179
0.051824
0.694601
0.695391
0.999179
0.382576
0.681234
0.999179
0.069484
0.083603
0.074970
0.685497
0.686194
0.054106
0.049611
0.364863
0.048285
0.050846
0.051709
0.059606
0.999179
0.063523
0.081143
0.376087
0.686756
0.368337
0.402163
0.097567
0.373442
0.999179
0.186187
0.419918
0.323436
0.079939
0.389542
0.071607
0.680444
0.027121
0.375459
0.675810
0.350444
0.013683
0.388303
0.392224
0.376057
0.685247
0.370578
0.058523
0.374204
0.066522
0.382055
0.385211
0.066988
0.378380
0.695458
0.705862
0.103050
0.679929
0.388927
0.073585
0.370937
0.054193
0.369535
0.059014
0.076132
0.101620
0.110957
0.694687
0.078303
0.999179
0.081401
0.691657
0.075276
0.073410
0.379325
0.688688
0.375574
0.055818
0.371303
0.684760
0.049763
0.683239
0.050896
0.999179
0.369811
0.684196
0.685695
0.377156
0.073162
0.690866
0.384581
0.077286
0.075067
0.999179
0.068733
0.376798
0.062683
0.063981
0.064810
0.063769
0.375518
0.999922
0.060765
0.372073
0.999922
0.685781
0.685259
0.369394
0.684291
0.683930
0.050399
0.049999
0.051052
0.683803
0.367732
0.368682
0.056342
0.060398
0.064565
0.387766
0.377646
0.053157
0.691555
0.381348
0.697801
0.419805
0.302154
0.084641
0.380434
0.113625
0.022310
0.689489
0.389026
0.727643
0.102514
0.130061
0.241914
0.296737
0.376433
0.091393
0.373837
0.382877
0.324384
0.482550
0.997371
0.102473
0.366277
0.048766
0.358686
0.366175
0.687646
0.070799
0.383572
0.068489
0.997371
0.692986
0.389779
0.411863
0.073204
0.358818
0.045363
0.363077
0.048637
0.051283
0.682282
0.681762
0.680660
0.679712
0.680277
0.372041
0.376322
0.063208
0.063192
0.062170
0.058407
0.370704
0.370272
0.060463
0.370635
0.367735
0.997371
0.371114
0.680899
0.060178
0.087230
0.997371
0.384873
0.078072
0.099523
0.276729
0.665564
0.272063
0.347178
0.471120
0.283552
0.152728
0.997151
0.112279
0.406035
0.125758
0.122364
0.400530
0.997371
0.398313
0.039949
0.381090
0.698618
0.059374
0.682079
0.997151
0.372190
0.680930
0.073461
0.691439
0.997151
0.997299
0.031786
0.376251
0.382149
0.383598
0.383294
0.997774
0.069444
0.367787
0.058847
0.379018
0.383574
0.370832
0.681382
0.363292
0.046645
0.997774
0.059266
0.688319
0.378930
0.693584
0.364486
0.690985
0.054039
0.086852
0.086427
0.108852
0.396486
0.392322
0.690920
0.694011
0.382883
0.066539
0.999245
0.376658
0.064669
0.375313
0.374984
0.365105
0.696369
0.999245
0.378307
0.375284
0.082049
0.374917
0.391379
0.083824
0.350844
0.370809
0.069284
0.689577
0.686740
0.373675
0.369145
0.999179
0.048552
0.999179
0.049421
0.368146
0.368719
0.370336
0.369534
0.693435
0.694580
0.686756
0.705131
0.390710
0.374064
0.087569
0.401558
0.692166
0.053666
0.214295
0.424896
0.377401
0.375025
0.688515
0.687384
0.053186
0.061498
0.684364
0.036358
0.127294
0.079139
0.081181
0.366087
0.369713
0.061433
0.686329
0.374397
0.688971
0.689669
0.068860
0.688922
0.049544
0.345869
0.695458
0.146257
0.296185
0.069596
0.050817
0.053911
0.369708
0.999179
0.375634
0.689642
0.410039
0.110400
0.705526
0.398054
0.055500
0.692330
0.072006
0.073022
0.689513
0.070589
0.999179
0.688688
0.687176
0.686303
0.370136
0.049988
0.050221
0.682298
0.366832
0.367946
0.056163
0.060904
0.375743
0.070290
0.999179
0.075154
0.691660
0.384309
0.071228
0.999179
0.375545
0.060685
0.376351
0.376797
0.688428
0.376079
0.687229
0.374098
0.686343
0.372313
0.371169
0.055265
0.053112
0.683930
0.050692
0.999922
0.683156
0.366529
0.367099
0.367958
0.054853
0.058785
0.999922
0.384333
0.086054
0.629695
0.092702
0.999922
0.381515
0.098341
0.405128
0.724009
0.622071
0.087443
0.381357
0.381080
0.684976
0.999922
0.099549
0.323975
0.131233
0.698746
0.687207
0.999922
0.014919
0.089046
0.686298
0.148735
0.373722
0.412731
0.361735
0.366301
0.045222
0.357473
0.357035
0.680949
0.375160
0.376791
0.383048
0.392635
0.399824
0.101260
0.110064
0.091795
0.679766
0.997371
0.679766
0.054639
0.371237
0.997371
0.049544
0.043040
0.037278
0.030985
0.002038
0.086785
0.434883
0.296147
0.372368
0.370497
0.368998
0.368945
0.058187
0.371224
0.683705
0.049679
0.363152
0.050573
0.997371
0.098522
0.104266
0.080724
0.997371
0.368333
0.375578
0.360195
0.375805
0.997371
0.105475
0.419961
0.424587
0.708330
0.095634
0.105663
0.406250
0.997371
0.410991
0.010823
0.398004
0.385596
0.075598
0.674756
0.398920
0.068782
0.071440
0.680930
0.075068
0.398288
0.384883
0.070968
0.099765
0.027524
0.054173
0.049577
0.062907
0.069271
0.068680
0.683484
0.680925
0.687959
0.691446
0.687170
0.050173
0.683916
0.047935
0.054677
0.369688
0.373074
0.379128
0.077285
0.054085
0.999245
0.316750
0.131367
0.692559
0.701143
0.999245
0.046931
0.367172
0.689750
0.056086
0.377276
0.687469
0.688508
0.687469
0.687395
0.061943
0.999245
0.356097
0.426539
0.696369
0.099003
0.370953
0.679495
0.999179
0.038822
0.390897
0.388293
0.040376
0.688541
0.379304
0.375750
0.370679
0.050584
0.048582
0.682437
0.049418
0.053940
0.371656
0.356950
0.391469
0.079674
0.122326
0.146385
0.400531
0.999179
0.073702
0.680166
0.055304
0.433633
0.430567
0.689486
0.029866
0.094178
0.369216
0.370928
0.064556
0.063792
0.376257
0.371404
0.023201
0.016857
0.406046
0.118017
0.705484
0.364934
0.368865
0.687019
0.685940
0.061834
0.376247
0.378964
0.068800
0.999179
0.036775
0.043395
0.403126
0.999179
0.107630
0.122448
0.684993
0.683238
0.684721
0.685649
0.684721
0.389258
0.402017
0.111418
0.123614
0.668806
0.374113
0.068183
0.690007
0.999179
0.690007
0.689513
0.378895
0.377067
0.375230
0.374697
0.372678
0.054246
0.999179
0.367216
0.366997
0.052536
0.057007
0.686137
0.374487
0.376497
0.380662
0.689873
0.383055
0.073901
0.689884
0.378650
0.374757
0.060093
0.999179
0.064960
0.999922
0.375973
0.375352
0.060784
0.372269
0.371314
0.685337
0.685405
0.054540
0.368581
0.051666
0.050529
0.049372
0.049498
0.050566
0.052228
0.368810
0.371196
0.062300
0.086758
0.316962
0.665032
0.025170
0.064572
0.679625
0.689882
0.420070
0.058395
0.153994
0.399008
0.093823
0.382934
0.077234
0.048717
0.690557
0.379131
0.081065
0.434972
0.074303
0.065912
0.419835
0.253015
0.086304
0.694449
0.385719
0.374272
0.358163
0.362304
0.037915
0.006322
0.351166
0.365174
0.997371
0.372286
0.685669
0.071075
0.088400
0.109171
0.056777
0.375797
0.059215
0.369828
0.057793
0.068132
0.375529
0.371614
0.684208
0.681345
0.678430
0.347862
0.333422
0.316888
0.387554
0.410370
0.292262
0.368216
0.367011
0.053797
0.683075
0.057170
0.365774
0.682125
0.039586
0.040303
0.065993
0.382256
0.079199
0.367435
0.688963
0.031370
0.354472
0.997371
0.042148
0.089707
0.085038
0.693674
0.380118
0.125974
0.130285
0.319189
0.381259
0.097846
0.308375
0.997371
0.004496
0.064308
0.387892
0.100390
0.325914
0.700510
0.401015
0.082179
0.082451
0.997151
0.082293
0.380797
0.380493
0.375156
0.684558
0.051583
0.062492
0.997774
0.376703
0.069481
0.065565
0.096272
0.093153
0.060235
0.674666
0.683655
0.043730
0.997774
0.060257
0.074234
0.383214
0.369281
0.999245
0.109283
0.114326
0.047767
0.377001
0.076081
0.098895
0.112077
0.016215
0.061744
0.380632
0.375372
0.058462
0.374633
0.060820
0.374354
0.686214
0.686834
0.063635
0.668508
0.049957
0.037561
0.675668
0.069482
0.679495
0.026090
0.369979
0.378700
0.999179
0.062992
0.375262
0.372979
0.051907
0.682073
0.682437
0.683694
0.999179
0.683694
0.053035
0.402838
0.440034
0.422752
0.674686
0.127934
0.431455
0.386467
0.680166
0.999179
0.680166
0.049801
0.432642
0.999179
0.689486
0.061071
0.375169
0.377934
0.374778
0.372558
0.376322
0.065534
0.281247
0.428328
0.999179
0.430259
0.144160
0.417148
0.381549
0.377343
0.373116
0.372961
0.374446
0.376502
0.688486
0.688922
0.065755
0.686789
0.055602
0.119592
0.999179
0.059172
0.372529
0.367190
0.683238
0.366918
0.371593
0.385335
0.368838
0.318288
0.041188
0.057950
0.687678
0.062653
0.379879
0.690007
0.380727
0.378737
0.377211
0.376818
0.377334
0.067390
0.065133
0.059454
0.683867
0.369214
0.052855
0.999179
0.370944
0.999179
0.686137
0.687098
0.378488
0.068405
0.070247
0.071631
0.071411
0.069034
0.376084
0.064349
0.376454
0.687798
0.375831
0.687708
0.375319
0.060589
0.686418
0.057743
0.685405
0.056221
0.685183
0.054247
0.052358
0.999922
0.367007
0.366738
0.051238
0.684129
0.054944
0.684111
0.369964
0.063441
0.685184
0.055899
0.373105
0.679625
0.999922
0.001634
0.330977
0.129905
0.396091
0.999922
0.094768
0.357139
0.999922
0.374601
0.999922
0.382109
0.069902
0.682799
0.373244
0.069232
0.031926
0.680519
0.029920
0.690681
0.382719
0.365668
0.361938
0.362125
0.032851
0.997371
0.032353
0.997371
0.052724
0.371479
0.063198
0.365433
0.056906
0.997371
0.375549
0.378521
0.375558
0.381701
0.076278
0.694184
0.075647
0.997371
0.059561
0.051791
0.032348
0.997371
0.670883
0.665921
0.690611
0.688626
0.663961
0.366298
0.997371
0.681399
0.681859
0.683075
0.371343
0.370683
0.369081
0.370761
0.385907
0.384705
0.407944
0.060616
0.679657
0.032369
0.361180
0.677898
0.368020
0.683770
0.393125
0.007997
0.433594
0.705036
0.010402
0.675903
0.997371
0.040141
0.309895
0.603370
0.612483
0.088323
0.389691
0.011849
0.674105
0.314300
0.091231
0.997151
0.391053
0.393325
0.393387
0.997151
0.375030
0.684558
0.997774
0.059777
0.381172
0.070772
0.073336
0.997774
0.391492
0.119353
0.391943
0.349035
0.026526
0.674666
0.036529
0.078400
0.082376
0.389349
0.073104
0.071448
0.126524
0.703708
0.999245
0.106128
0.095499
0.387683
0.390607
0.395772
0.695950
0.706069
0.695950
0.061784
0.370611
0.057004
0.684576
0.057145
0.373584
0.058985
0.371277
0.689347
0.070496
0.105590
0.045727
0.066472
0.072324
0.072720
0.066246
0.064100
0.371499
0.365583
0.369647
0.051959
0.364004
0.365098
0.365382
0.367499
0.374907
0.375541
0.692212
0.369702
0.149133
0.397404
0.020537
0.366636
0.071308
0.072561
0.041180
0.049952
0.060865
0.372895
0.049790
0.074725
0.070172
0.381360
0.690590
0.068781
0.999179
0.061044
0.063836
0.378173
0.432242
0.325114
0.389956
0.108321
0.437063
0.069714
0.088447
0.379915
0.370371
0.369844
0.685585
0.058782
0.062642
0.064382
0.064398
0.999179
0.064634
0.065538
0.371107
0.368381
0.056422
0.365114
0.681377
0.048443
0.052187
0.052344
0.999179
0.345292
0.999179
0.356589
0.061220
0.685060
0.375363
0.073195
0.688530
0.378865
0.060299
0.064821
0.068943
0.689360
0.378800
0.064711
0.060465
0.056254
0.053216
0.052942
0.056203
0.686137
0.373776
0.061765
0.375922
0.687121
0.376450
0.377820
0.069416
0.999179
0.378297
0.067446
0.064966
0.375691
0.376330
0.062427
0.059861
0.372701
0.685577
0.057317
0.371156
0.999922
0.370581
0.685310
0.684943
0.052036
0.051211
0.683708
0.367716
0.999922
0.052317
0.999922
0.052393
0.999922
0.371736
0.374107
0.366611
0.065108
0.103492
0.263546
0.280637
0.342884
0.393445
0.096464
0.056972
0.692847
0.357139
0.031527
0.010093
0.999922
0.691475
0.685194
0.682799
0.059780
0.058555
0.665700
0.049897
0.997371
0.376019
0.370274
0.365144
0.365248
0.039613
0.355903
0.674704
0.052694
0.066032
0.997371
0.370783
0.364206
0.038052
0.375549
0.997371
0.376573
0.997371
0.078314
0.693565
0.390815
0.081893
0.067799
0.686909
0.373479
0.048894
0.035493
0.023432
0.050665
0.054313
0.032837
0.048935
0.045794
0.039674
0.044659
0.049500
0.055862
0.372063
0.372737
0.684224
0.684328
0.388978
0.997371
0.303878
0.374737
0.366450
0.064464
0.682833
0.047118
0.369470
0.067795
0.028695
0.642440
0.041436
0.997371
0.105229
0.003725
0.675903
0.313082
0.371124
0.311691
0.098455
0.403071
0.074170
0.997371
0.062886
0.997151
0.377100
0.072874
0.365297
0.014327
0.408543
0.435151
0.378798
0.065737
0.065489
0.078956
0.387578
0.997774
0.690516
0.077357
0.388435
0.098011
0.997774
0.376006
0.683519
0.042974
0.090899
0.400625
0.692788
0.380018
0.435267
0.415646
0.999245
0.449182
0.370439
0.173955
0.694941
0.687028
0.698975
0.689806
0.102596
0.999245
0.396669
0.085245
0.371383
0.684576
0.999245
0.684576
0.052648
0.056121
0.053125
0.052787
0.999179
0.049687
0.684022
0.686589
0.999179
0.058327
0.372511
0.373122
0.057786
0.053752
0.366079
0.681526
0.999179
0.046288
0.365182
0.051476
0.069205
0.082336
0.679928
0.712749
0.712388
0.632447
0.681329
0.999179
0.066246
0.684976
0.676489
0.999179
0.043587
0.381848
0.693762
0.392230
0.695058
0.079747
0.692116
0.072695
0.380118
0.380699
0.068160
0.382449
0.317686
0.346384
0.067710
0.691432
0.627669
0.358011
0.681408
0.694652
0.041491
0.365053
0.051021
0.057593
0.373329
0.374390
0.375083
0.686789
0.687332
0.063415
0.377935
0.370762
0.999179
0.370762
0.052132
0.999179
0.683583
0.377790
0.367298
0.307104
0.043917
0.002942
0.089164
0.125297
0.373095
0.103149
0.440415
0.069056
0.376612
0.999179
0.378410
0.069142
0.378325
0.063019
0.685313
0.370882
0.369017
0.368654
0.055459
0.057711
0.059327
0.685983
0.373814
0.063295
0.999179
0.687856
0.377544
0.068765
0.688913
0.065757
0.686747
0.999179
0.374884
0.060400
0.999179
0.058289
0.371770
0.057804
0.685634
0.371653
0.371453
0.055373
0.368471
0.368573
0.684354
0.367851
0.051640
0.052079
0.049152
0.364818
0.360797
0.050247
0.375403
0.377480
0.072956
0.175445
0.609098
0.124374
0.365747
0.371077
0.398513
0.400579
0.999922
0.699779
0.066683
0.363870
0.078537
0.081267
0.063723
0.050790
0.367304
0.681923
0.684113
0.682082
0.027518
0.690681
0.051266
0.682759
0.368477
0.369261
0.051539
0.997371
0.360015
0.684341
0.091292
0.077827
0.386655
0.352736
0.366395
0.361018
0.067757
0.060108
0.064719
0.077645
0.690878
0.083835
0.383205
0.378136
0.686947
0.686909
0.054512
0.684212
0.366547
0.369905
0.682102
0.056169
0.044850
0.352921
0.997371
0.351296
0.359815
0.368673
0.997371
0.685150
0.061971
0.065429
0.075933
0.066959
0.305382
0.311859
0.359027
0.404044
0.394159
0.374279
0.383443
0.361456
0.017467
0.376668
0.071770
0.705256
0.391741
0.087464
0.690943
0.076708
0.318498
0.997371
0.388518
0.395489
0.389083
0.370220
0.377802
0.058057
0.057502
0.997151
0.682152
0.669914
0.001693
0.065308
0.376837
0.997774
0.385688
0.388694
0.387666
0.080596
0.077703
0.694577
0.997774
0.694577
0.397642
0.060767
0.997774
0.045898
0.405529
0.379732
0.001920
0.999245
0.692585
0.388459
0.114805
0.412936
0.428818
0.060529
0.395346
0.349195
0.377590
0.725632
0.107767
0.453976
0.124945
0.382786
0.066081
0.370019
0.684576
0.051753
0.999245
0.049446
0.682925
0.683081
0.683613
0.050405
0.364242
0.368820
0.372249
0.685548
0.686052
0.685777
0.684558
0.999179
0.050723
0.043838
0.042739
0.043782
0.047361
0.365305
0.372610
0.074591
0.386684
0.354687
0.093201
0.094776
0.022719
0.065718
0.999179
0.064854
0.010523
0.026922
0.367383
0.389792
0.085445
0.388688
0.692659
0.081994
0.692392
0.077238
0.688965
0.383512
0.080081
0.386509
0.674532
0.681020
0.372849
0.374181
0.056566
0.378497
0.070290
0.003714
0.085370
0.055423
0.373232
0.372903
0.373769
0.686929
0.999179
0.063187
0.063624
0.062778
0.375573
0.376811
0.686301
0.373400
0.059091
0.056474
0.371214
0.068437
0.069902
0.063479
0.051456
0.350407
0.331624
0.435073
0.177244
0.214885
0.097587
0.052180
0.999179
0.066565
0.999179
0.378020
0.376552
0.060326
0.999179
0.370089
0.368837
0.369006
0.370223
0.371315
0.371672
0.058413
0.371969
0.061529
0.687856
0.066120
0.999179
0.378465
0.378121
0.063261
0.373625
0.686747
0.058637
0.371686
0.371632
0.999179
0.371412
0.058014
0.371936
0.059227
0.370208
0.370912
0.055513
0.684354
0.999922
0.684354
0.367907
0.684026
0.683817
0.365292
0.362280
0.362251
0.064893
0.384990
0.432862
0.696467
0.125641
0.609913
0.079819
0.999922
0.082105
0.999922
0.102155
0.090135
0.383069
0.399746
0.390853
0.407057
0.084466
0.709391
0.062446
0.049292
0.051497
0.034445
0.010032
0.056097
0.369267
0.371387
0.997371
0.059261
0.371500
0.052336
0.085765
0.401955
0.997371
0.091048
0.696132
0.703730
0.360879
0.034398
0.997371
0.369863
0.375850
0.377225
0.075540
0.689967
0.074114
0.686947
0.997371
0.062830
0.062604
0.686358
0.376241
0.390207
0.378539
0.386774
0.048790
0.739553
0.057530
0.076198
0.356216
0.045827
0.045994
0.068745
0.379851
0.378894
0.377745
0.373235
0.352241
0.304243
0.116944
0.435614
0.073932
0.701011
0.373802
0.074689
0.677114
0.063832
0.997371
0.075198
0.079102
0.686759
0.388251
0.390368
0.084440
0.696359
0.695578
0.689530
0.382625
0.388890
0.428337
0.997151
0.364471
0.368405
0.032203
0.302058
0.731354
0.325302
0.681834
0.376837
0.075065
0.692445
0.997774
0.078761
0.997774
0.385353
0.386585
0.390730
0.390666
0.060028
0.374498
0.063333
0.700469
0.701030
0.683323
0.305039
0.077063
0.999245
0.392708
0.402916
0.068509
0.419050
0.065645
0.225381
0.379886
0.695757
0.141396
0.411449
0.434242
0.107960
0.999245
0.075760
0.685233
0.054191
0.680673
0.042995
0.046961
0.049022
0.050339
0.050496
0.049859
0.049980
0.053258
0.056967
0.058841
0.059213
0.371017
0.367226
0.044498
0.357490
0.357947
0.360277
0.363933
0.368166
0.682540
0.365944
0.056106
0.057116
0.366929
0.368890
0.377889
0.411939
0.047405
0.012096
0.677499
0.354164
0.366683
0.375568
0.378477
0.380706
0.689613
0.077979
0.688784
0.377470
0.068007
0.999179
0.081257
0.384898
0.075054
0.053657
0.376691
0.061170
0.066090
0.999179
0.688036
0.387787
0.107751
0.382274
0.688732
0.063027
0.374264
0.061921
0.374675
0.374958
0.375575
0.064189
0.064225
0.687607
0.375789
0.063074
0.999179
0.686297
0.374462
0.688365
0.688127
0.056708
0.684472
0.066665
0.691025
0.699915
0.435696
0.156491
0.301253
0.059760
0.376258
0.068808
0.068308
0.376918
0.374708
0.057320
0.370089
0.999179
0.369230
0.999179
0.684454
0.685223
0.685517
0.372082
0.059432
0.063133
0.068506
0.069812
0.066293
0.062732
0.062252
0.059612
0.056027
0.055583
0.058282
0.057189
0.371027
0.685227
0.057343
0.060102
0.997774
0.373668
0.060892
0.372707
0.999922
0.371085
0.370115
0.368998
0.052760
0.999922
0.051478
0.367663
0.367106
0.371393
0.999922
0.378448
0.388415
0.999922
0.306457
0.999922
0.304364
0.054582
0.999922
0.094943
0.397747
0.393973
0.381461
0.083340
0.401376
0.391351
0.407861
0.705579
0.415931
0.047797
0.366493
0.366601
0.066597
0.373421
0.373466
0.685987
0.372624
0.997371
0.375671
0.059267
0.432253
0.424822
0.706323
0.390759
0.367139
0.067176
0.054813
0.365592
0.055290
0.373798
0.997371
0.686425
0.071075
0.378509
0.686615
0.377326
0.686947
0.373693
0.064006
0.689400
0.997371
0.366279
0.405525
0.468544
0.080278
0.322026
0.997371
0.701980
0.738623
0.363762
0.356905
0.047841
0.386766
0.691514
0.382212
0.687915
0.370931
0.064216
0.376664
0.678185
0.074052
0.358749
0.678085
0.370006
0.076757
0.092740
0.682030
0.029879
0.373453
0.688477
0.375637
0.073629
0.391973
0.695578
0.007097
0.049909
0.681935
0.086148
0.049267
0.060766
0.370250
0.041969
0.668299
0.410617
0.289235
0.263548
0.997774
0.373381
0.059523
0.382335
0.385066
0.997774
0.384090
0.073974
0.690630
0.380549
0.057486
0.077490
0.353915
0.999245
0.676073
0.067119
0.309817
0.070293
0.071566
0.070726
0.374411
0.100362
0.146446
0.999245
0.430713
0.373481
0.226045
0.999245
0.060677
0.383610
0.386200
0.282724
0.392869
0.680128
0.077355
0.097406
0.356594
0.041902
0.998628
0.047356
0.366443
0.682361
0.049660
0.366939
0.369202
0.685707
0.685888
0.372688
0.057066
0.049656
0.677791
0.677485
0.678626
0.680206
0.682234
0.999179
0.051656
0.681571
0.681691
0.680571
0.681518
0.379767
0.421282
0.396121
0.356176
0.387174
0.012919
0.351474
0.360020
0.365198
0.369693
0.374559
0.999179
0.379218
0.999179
0.056549
0.683709
0.063518
0.069824
0.380560
0.379516
0.378163
0.376626
0.375173
0.687587
0.065399
0.075631
0.392293
0.385437
0.378891
0.375690
0.687005
0.062267
0.686925
0.686687
0.686925
0.687170
0.687471
0.376471
0.064974
0.064781
0.063284
0.686297
0.061569
0.063068
0.063086
0.062725
0.059464
0.685541
0.062898
0.687382
0.100861
0.694156
0.415725
0.435726
0.375294
0.067265
0.066780
0.999179
0.375245
0.373319
0.055839
0.369793
0.053862
0.053464
0.054939
0.057051
0.685517
0.371909
0.685609
0.373162
0.375569
0.379427
0.383445
0.381568
0.377273
0.371311
0.370994
0.684634
0.054652
0.685666
0.999179
0.056903
0.371150
0.997774
0.061345
0.685831
0.374737
0.063007
0.375395
0.374159
0.372854
0.371378
0.370189
0.054042
0.368420
0.999922
0.684317
0.684253
0.368275
0.070940
0.384831
0.999922
0.086102
0.048553
0.609913
0.397648
0.075389
0.694916
0.699423
0.393782
0.385429
0.386343
0.688039
0.053118
0.384838
0.710219
0.114821
0.410260
0.081901
0.360476
0.675037
0.009461
0.068557
0.378116
0.068308
0.069519
0.068234
0.687729
0.375634
0.062094
0.107180
0.077810
0.997371
0.679487
0.054775
0.682731
0.051677
0.371759
0.373451
0.375538
0.065899
0.066979
0.376196
0.063044
0.059890
0.059407
0.683185
0.061307
0.060244
0.371978
0.355982
0.060175
0.328800
0.032884
0.688643
0.014124
0.097151
0.047918
0.367393
0.369920
0.366812
0.068616
0.689107
0.381800
0.073815
0.442272
0.070330
0.051484
0.997371
0.678185
0.040869
0.372721
0.997371
0.129667
0.997371
0.401400
0.216081
0.124714
0.393759
0.072300
0.079465
0.450039
0.412955
0.412431
0.676845
0.102629
0.683191
0.341508
0.063908
0.997151
0.682927
0.357442
0.067281
0.331456
0.709414
0.361993
0.375350
0.004372
0.036050
0.068669
0.690395
0.380494
0.072233
0.379672
0.372801
0.997774
0.048618
0.374687
0.087173
0.017126
0.086443
0.383514
0.689725
0.686644
0.687295
0.999245
0.105266
0.372662
0.745449
0.054068
0.371546
0.371945
0.059323
0.360445
0.044828
0.290111
0.394049
0.356232
0.382120
0.695840
0.352806
0.047628
0.998628
0.044137
0.682550
0.682361
0.682498
0.049204
0.683032
0.053840
0.058781
0.061060
0.999179
0.057165
0.362732
0.036143
0.031061
0.032709
0.037475
0.042832
0.049463
0.053793
0.049952
0.047183
0.046587
0.060006
0.398546
0.418766
0.689546
0.372546
0.999179
0.030993
0.355699
0.359662
0.362792
0.366747
0.371307
0.067469
0.069216
0.372142
0.683709
0.373107
0.375112
0.375562
0.686506
0.066396
0.688570
0.376564
0.374663
0.061709
0.374107
0.375022
0.378294
0.377493
0.375796
0.374676
0.374132
0.686440
0.061851
0.999179
0.374679
0.375161
0.375740
0.064746
0.999179
0.687608
0.063368
0.062241
0.373888
0.373410
0.373252
0.060195
0.999179
0.686162
0.685541
0.685759
0.687382
0.403416
0.378162
0.999179
0.066062
0.376262
0.376293
0.064293
0.374013
0.686355
0.370759
0.999179
0.371299
0.684394
0.684643
0.058763
0.058912
0.058397
0.058897
0.372998
0.374660
0.376931
0.379077
0.378544
0.378783
0.062175
0.999179
0.370045
0.062130
0.064977
0.061223
0.371356
0.684610
0.371960
0.062394
0.065081
0.686701
0.064513
0.999922
0.062634
0.061654
0.059015
0.370029
0.053981
0.369759
0.684317
0.369458
0.370565
0.374095
0.072722
0.075094
0.691870
0.693105
0.390388
0.107225
0.999922
0.395018
0.390196
0.091497
0.688346
0.693869
0.999922
0.083877
0.475818
0.081140
0.708400
0.999922
0.413304
0.107124
0.378902
0.364311
0.360583
0.016310
0.694002
0.076195
0.997371
0.069254
0.684823
0.376798
0.066570
0.376395
0.374966
0.056902
0.377222
0.370910
0.367104
0.057571
0.372272
0.997371
0.372402
0.372135
0.065517
0.063451
0.369448
0.367772
0.997371
0.053127
0.364673
0.365053
0.997371
0.359124
0.054662
0.690921
0.997371
0.690921
0.381904
0.079734
0.370997
0.061712
0.688235
0.072549
0.386868
0.086094
0.747606
0.299508
0.082590
0.998572
0.025258
0.678185
0.033183
0.375143
0.066685
0.066936
0.076045
0.127845
0.216081
0.431551
0.422935
0.997371
0.090414
0.997371
0.404372
0.420081
0.005086
0.997371
0.301345
0.399168
0.624466
0.687745
0.068901
0.062369
0.069513
0.403474
0.445814
0.428369
0.028943
0.070309
0.997774
0.127543
0.689033
0.375309
0.071215
0.383833
0.075522
0.061217
0.036998
0.361709
0.035659
0.361096
0.404112
0.051919
0.700247
0.697646
0.390727
0.374873
0.058074
0.357663
0.356962
0.364590
0.367818
0.073516
0.371770
0.365179
0.362281
0.681243
0.423015
0.696151
0.393432
0.057682
0.999245
0.070690
0.359824
0.049234
0.051098
0.366646
0.051655
0.998628
0.050063
0.999179
0.368878
0.060151
0.376954
0.062520
0.999179
0.050001
0.357498
0.355198
0.356395
0.999179
0.041134
0.366393
0.368102
0.683055
0.682546
0.687401
0.693901
0.377186
0.330198
0.411335
0.684703
0.357493
0.677835
0.362459
0.680325
0.681801
0.999179
0.053358
0.686309
0.067796
0.065880
0.058444
0.686149
0.686343
0.059283
0.684669
0.061784
0.064885
0.375500
0.686656
0.373887
0.373357
0.373296
0.374148
0.374269
0.374000
0.686593
0.686440
0.999179
0.373976
0.373874
0.060483
0.374156
0.062606
0.687730
0.375553
0.063331
0.686623
0.999179
0.373575
0.686295
0.686111
0.372472
0.059311
0.058330
0.685759
0.059357
0.059521
0.058873
0.072615
0.376372
0.062796
0.686885
0.374876
0.374062
0.686573
0.372111
0.370511
0.370255
0.685312
0.371422
0.372227
0.686264
0.372325
0.058961
0.686031
0.685860
0.375272
0.378305
0.688257
0.378739
0.686381
0.688118
0.061888
0.373629
0.376335
0.689296
0.376898
0.059986
0.053115
0.685309
0.062309
0.997774
0.376520
0.066480
0.376415
0.687437
0.687035
0.373554
0.371401
0.055728
0.368459
0.685128
0.058053
0.686815
0.060515
0.376930
0.999922
0.381177
0.388085
0.153823
0.127332
0.087857
0.384733
0.090136
0.087765
0.387354
0.351205
0.396126
0.999922
0.399148
0.709676
0.710219
0.133198
0.126797
0.379990
0.689169
0.689879
0.376860
0.077980
0.693208
0.388681
0.073249
0.063068
0.682709
0.061968
0.688961
0.070751
0.689523
0.068503
0.373845
0.685921
0.372644
0.061191
0.679958
0.372272
0.390527
0.076981
0.099895
0.375965
0.058207
0.997371
0.047627
0.036659
0.671969
0.352375
0.048248
0.359741
0.080603
0.051813
0.084097
0.351615
0.032443
0.997371
0.381698
0.379956
0.378198
0.377368
0.083896
0.998572
0.705780
0.747606
0.308210
0.080117
0.357205
0.074977
0.298412
0.139702
0.310597
0.378555
0.063093
0.403147
0.082056
0.997371
0.098828
0.704881
0.085989
0.396960
0.104175
0.997371
0.132858
0.092248
0.592732
0.248966
0.388724
0.381072
0.693993
0.690604
0.690833
0.698233
0.189228
0.375772
0.682202
0.374190
0.099923
0.706734
0.096509
0.378940
0.688385
0.383657
0.692763
0.678441
0.679006
0.997774
0.043723
0.363228
0.052462
0.030230
0.053799
0.064680
0.055310
0.051632
0.049841
0.049029
0.355188
0.363879
0.367263
0.999245
0.061433
0.367686
0.363863
0.362047
0.696151
0.999245
0.375617
0.045214
0.072495
0.369358
0.367470
0.684656
0.998628
0.054537
0.682514
0.366210
0.682826
0.368452
0.058321
0.688267
0.067427
0.377558
0.060085
0.680397
0.999179
0.359018
0.999179
0.037182
0.999179
0.364134
0.684577
0.369117
0.053423
0.056728
0.061384
0.999179
0.034633
0.084471
0.069832
0.059291
0.048520
0.684581
0.045192
0.363170
0.366216
0.371234
0.376243
0.999179
0.071389
0.378935
0.372154
0.999179
0.057990
0.685175
0.684564
0.059316
0.999179
0.063124
0.373730
0.999179
0.059852
0.686239
0.686329
0.999179
0.060941
0.686593
0.373381
0.373270
0.059553
0.999179
0.372936
0.060672
0.687125
0.062711
0.374901
0.374247
0.686623
0.373347
0.059608
0.059067
0.685689
0.685636
0.058083
0.057352
0.999179
0.685037
0.371375
0.372121
0.060627
0.061745
0.686434
0.686885
0.686576
0.372731
0.058069
0.059175
0.372150
0.374035
0.375368
0.062533
0.374254
0.372369
0.999179
0.685690
0.061014
0.686521
0.378380
0.071430
0.378719
0.065984
0.374537
0.063766
0.689273
0.999179
0.379189
0.066561
0.058766
0.997774
0.366310
0.060244
0.687230
0.067549
0.377812
0.997774
0.377248
0.063419
0.997774
0.056580
0.368226
0.367756
0.367690
0.370796
0.056070
0.060944
0.369118
0.687994
0.060047
0.065717
0.091701
0.999922
0.703221
0.691135
0.088156
0.999922
0.390426
0.387814
0.356118
0.077644
0.413454
0.426304
0.426868
0.999922
0.335854
0.376384
0.379197
0.375219
0.392856
0.079332
0.997371
0.075020
0.370334
0.366670
0.369559
0.683840
0.070837
0.689523
0.997371
0.071080
0.997371
0.065719
0.686124
0.054679
0.680757
0.046675
0.370455
0.106159
0.693868
0.388230
0.997371
0.056161
0.036900
0.350736
0.674833
0.349655
0.354873
0.365473
0.358076
0.100131
0.660344
0.702344
0.134043
0.403646
0.405390
0.371685
0.381212
0.373577
0.365723
0.071121
0.145631
0.003411
0.998572
0.406237
0.061208
0.705087
0.187331
0.997371
0.414543
0.285252
0.073653
0.400048
0.409027
0.681634
0.354155
0.699975
0.092362
0.997371
0.104469
0.123370
0.621934
0.072727
0.293761
0.098785
0.118663
0.079545
0.059066
0.380023
0.098470
0.690511
0.002465
0.376738
0.337322
0.392524
0.117011
0.460098
0.694459
0.084121
0.094390
0.132414
0.384081
0.692763
0.045943
0.365135
0.378247
0.059876
0.368967
0.997774
0.055120
0.052177
0.365506
0.363034
0.362123
0.361288
0.045071
0.041259
0.048694
0.049176
0.046338
0.047076
0.365481
0.365574
0.055203
0.055344
0.681613
0.062855
0.075877
0.065843
0.060312
0.059594
0.684656
0.059314
0.055843
0.053077
0.053405
0.686237
0.687158
0.375880
0.069821
0.689420
0.064592
0.051126
0.043219
0.038681
0.037775
0.039198
0.043593
0.047852
0.051560
0.054390
0.369968
0.386216
0.382675
0.037226
0.682885
0.053587
0.687899
0.064251
0.684581
0.999179
0.051870
0.365656
0.366949
0.686377
0.999179
0.068491
0.691287
0.689155
0.375057
0.375242
0.059153
0.055627
0.684687
0.057959
0.061838
0.062232
0.373039
0.372962
0.059285
0.059086
0.059458
0.059720
0.059584
0.686121
0.372878
0.372673
0.058398
0.685732
0.371940
0.059635
0.061381
0.375029
0.375110
0.062006
0.373347
0.999179
0.058943
0.999179
0.372037
0.371831
0.685406
0.371247
0.057135
0.371375
0.999179
0.372896
0.999179
0.373713
0.999179
0.373831
0.372911
0.371841
0.685257
0.373915
0.065987
0.069906
0.067604
0.999179
0.372958
0.057210
0.685690
0.060307
0.999179
0.066038
0.999179
0.375744
0.999179
0.685311
0.375364
0.059229
0.687506
0.374938
0.379706
0.689093
0.045742
0.679874
0.357339
0.365013
0.380203
0.068796
0.071075
0.069676
0.687639
0.377433
0.060228
0.997774
0.367383
0.365505
0.367403
0.057114
0.997774
0.053594
0.368740
0.367422
0.999922
0.684186
0.057122
0.077099
0.375996
0.075698
0.087584
0.694721
0.076840
0.072250
0.381514
0.364199
0.379245
0.060576
0.146826
0.335854
0.671780
0.997774
0.047729
0.382960
0.689528
0.073785
0.076747
0.379040
0.997371
0.055432
0.997371
0.682021
0.066620
0.074839
0.072780
0.997371
0.069687
0.067236
0.687444
0.059125
0.686671
0.065579
0.073145
0.388786
0.997371
0.386486
0.377241
0.050970
0.045242
0.430367
0.373420
0.099491
0.364165
0.370694
0.119490
0.705197
0.018503
0.997371
0.409276
0.997371
0.390757
0.362553
0.072590
0.373983
0.363452
0.362391
0.388306
0.070873
0.075090
0.090200
0.615007
0.061750
0.086883
0.436736
0.368420
0.029947
0.684935
0.081119
0.408050
0.450874
0.115899
0.648132
0.132757
0.700848
0.374017
0.321429
0.997371
0.003044
0.062037
0.297379
0.440715
0.339200
0.398861
0.113271
0.066313
0.015939
0.023744
0.053163
0.024934
0.061295
0.100125
0.105543
0.135501
0.700453
0.411526
0.160556
0.097304
0.087696
0.363389
0.032778
0.051231
0.683080
0.369852
0.055802
0.369076
0.366455
0.364496
0.362086
0.998628
0.040917
0.678643
0.040568
0.680784
0.681309
0.680740
0.681397
0.363990
0.365718
0.364874
0.381588
0.351344
0.107222
0.363473
0.367746
0.685709
0.998628
0.061574
0.062516
0.370949
0.684274
0.685234
0.372026
0.999179
0.376480
0.069182
0.688474
0.062876
0.367323
0.363293
0.360605
0.359384
0.359817
0.361479
0.680858
0.048316
0.368429
0.373195
0.368725
0.364506
0.363227
0.999179
0.057864
0.376157
0.376118
0.372482
0.684581
0.054784
0.367290
0.367662
0.370797
0.686377
0.067879
0.384188
0.382889
0.378054
0.999179
0.060804
0.370656
0.999179
0.370261
0.370796
0.058882
0.372001
0.999179
0.058622
0.372140
0.372353
0.999179
0.685839
0.372723
0.372720
0.372495
0.371984
0.371902
0.059365
0.999179
0.374042
0.063112
0.999179
0.374837
0.060793
0.372542
0.999179
0.372076
0.371728
0.371568
0.057592
0.371372
0.371323
0.058253
0.685617
0.372820
0.373574
0.060982
0.686434
0.373018
0.371978
0.371154
0.057753
0.685606
0.376743
0.689775
0.066115
0.375196
0.048630
0.367815
0.371280
0.059846
0.686838
0.375668
0.062054
0.380631
0.043338
0.362178
0.057894
0.050022
0.684844
0.375939
0.069876
0.377627
0.364010
0.053837
0.674141
0.382662
0.070188
0.385385
0.689241
0.380244
0.380320
0.379181
0.062013
0.683321
0.367337
0.065743
0.363674
0.365718
0.682669
0.048850
0.681741
0.049659
0.684186
0.055470
0.999922
0.374724
0.065046
0.379715
0.385105
0.075941
0.997774
0.684752
0.072322
0.690821
0.076986
0.691670
0.437493
0.388217
0.292480
0.057224
0.076475
0.065301
0.065473
0.036270
0.997371
0.064257
0.058089
0.683466
0.367022
0.055714
0.063231
0.379423
0.379145
0.070406
0.997371
0.688131
0.687776
0.379662
0.071946
0.997371
0.077251
0.382151
0.382844
0.064696
0.372055
0.054678
0.747371
0.998499
0.232115
0.719909
0.397413
0.072971
0.997371
0.434583
0.071739
0.097157
0.417083
0.390757
0.689053
0.386427
0.997371
0.438690
0.366914
0.074744
0.392734
0.997371
0.400359
0.034225
0.427317
0.998861
0.440047
0.062940
0.681881
0.049291
0.685203
0.084408
0.705101
0.397251
0.443934
0.404938
0.372009
0.385806
0.095457
0.997371
0.000646
0.388960
0.381881
0.144196
0.610942
0.104261
0.686490
0.425733
0.122777
0.344549
0.295957
0.364263
0.682973
0.047742
0.686579
0.078445
0.116748
0.709390
0.997774
0.406291
0.382382
0.695953
0.081162
0.351732
0.679131
0.050349
0.369347
0.370161
0.368304
0.366102
0.680477
0.678997
0.039982
0.358357
0.678714
0.039216
0.041596
0.043141
0.043546
0.043067
0.042463
0.042317
0.363600
0.072480
0.094322
0.349403
0.350207
0.998628
0.053601
0.685709
0.060305
0.684576
0.998628
0.056879
0.372327
0.061116
0.064343
0.999179
0.066277
0.374691
0.371302
0.367310
0.363671
0.360985
0.999179
0.040081
0.361685
0.681084
0.047862
0.367770
0.366080
0.361230
0.359506
0.363461
0.052065
0.372666
0.375672
0.065274
0.063592
0.059454
0.055546
0.052743
0.052693
0.055275
0.059312
0.064732
0.069899
0.070819
0.068059
0.063032
0.686098
0.057791
0.055771
0.684537
0.370050
0.056568
0.370759
0.057690
0.685028
0.058074
0.685513
0.058954
0.059530
0.685986
0.372902
0.372875
0.372728
0.372784
0.373216
0.374203
0.375272
0.376049
0.063311
0.686820
0.060572
0.685942
0.372373
0.371854
0.057591
0.685326
0.685245
0.371476
0.371692
0.372099
0.372660
0.373316
0.373834
0.373928
0.373366
0.372376
0.056707
0.684955
0.684703
0.060068
0.373965
0.065428
0.689127
0.048673
0.999179
0.047460
0.055176
0.685950
0.372995
0.374152
0.685858
0.041567
0.999179
0.356461
0.668347
0.366953
0.372709
0.378332
0.687676
0.067149
0.064776
0.059903
0.072167
0.688531
0.687302
0.690097
0.016567
0.074236
0.074799
0.073323
0.069242
0.064467
0.057038
0.115287
0.053245
0.369100
0.322360
0.059987
0.048884
0.367121
0.368371
0.685266
0.059504
0.687608
0.686386
0.069098
0.074512
0.065887
0.372158
0.045508
0.364892
0.381691
0.688428
0.378366
0.038525
0.027619
0.055743
0.378882
0.066051
0.353517
0.675362
0.032060
0.057372
0.371015
0.683466
0.683233
0.051332
0.057346
0.374588
0.376211
0.686777
0.687936
0.069246
0.070129
0.071246
0.382611
0.076244
0.075556
0.379183
0.375433
0.685320
0.057842
0.997371
0.061931
0.377828
0.183054
0.059411
0.715081
0.420062
0.046423
0.057154
0.057416
0.041090
0.020941
0.009232
0.374397
0.377620
0.423688
0.361246
0.417094
0.407565
0.365496
0.381291
0.090834
0.083767
0.997371
0.072962
0.127542
0.667878
0.379838
0.391195
0.059192
0.664560
0.079851
0.111669
0.111679
0.681315
0.131632
0.105415
0.098849
0.694464
0.399115
0.366720
0.043160
0.689821
0.095676
0.054569
0.677236
0.657207
0.686490
0.717753
0.065828
0.350238
0.364557
0.685803
0.366070
0.058398
0.380595
0.362163
0.088460
0.067531
0.096976
0.695953
0.997774
0.075051
0.668143
0.358991
0.997774
0.363955
0.683595
0.681973
0.681127
0.681903
0.042790
0.678341
0.678714
0.998628
0.040375
0.360717
0.998628
0.041062
0.359791
0.360257
0.374285
0.064047
0.700476
0.343453
0.346710
0.679728
0.680919
0.050368
0.373132
0.065399
0.367109
0.368083
0.029228
0.049562
0.687042
0.687546
0.063739
0.686874
0.999179
0.057580
0.366748
0.681995
0.044200
0.040467
0.360865
0.362597
0.364567
0.366196
0.366763
0.683204
0.046212
0.361704
0.364642
0.368379
0.372184
0.687351
0.999179
0.063448
0.687050
0.059696
0.685306
0.055715
0.370826
0.685962
0.687047
0.999179
0.062705
0.374390
0.373316
0.685914
0.372178
0.056089
0.999179
0.369351
0.054449
0.369477
0.370060
0.999179
0.057083
0.999179
0.685513
0.372602
0.372955
0.373251
0.061107
0.686271
0.374049
0.374730
0.375601
0.376335
0.376457
0.063033
0.373708
0.372881
0.058949
0.685582
0.057894
0.371376
0.371228
0.371224
0.371419
0.371810
0.059442
0.686200
0.373541
0.373876
0.373725
0.373013
0.057784
0.055686
0.370398
0.685401
0.684874
0.685687
0.686222
0.370349
0.034060
0.361977
0.999179
0.054692
0.685750
0.372454
0.058252
0.683539
0.358470
0.033359
0.021755
0.060709
0.685102
0.064341
0.687676
0.376617
0.686425
0.686479
0.688019
0.061542
0.374589
0.374917
0.012371
0.997774
0.625373
0.690405
0.690190
0.689642
0.688839
0.688045
0.082499
0.691009
0.997774
0.070294
0.997774
0.371734
0.054084
0.371470
0.371166
0.999922
0.373513
0.062759
0.375861
0.065168
0.997774
0.045713
0.359593
0.063560
0.063059
0.057242
0.368285
0.037945
0.997371
0.678447
0.682886
0.064711
0.362095
0.357190
0.678172
0.042078
0.684549
0.056433
0.997371
0.683233
0.049292
0.369638
0.997371
0.685646
0.065764
0.068149
0.380862
0.382166
0.382259
0.997371
0.073993
0.377283
0.374307
0.685714
0.370305
0.060515
0.375728
0.130184
0.718220
0.715081
0.997371
0.156568
0.388596
0.378762
0.039126
0.115715
0.700347
0.110633
0.074045
0.029039
0.408142
0.396753
0.681564
0.087901
0.997371
0.680889
0.055735
0.712319
0.126385
0.070218
0.398449
0.705808
0.056004
0.629031
0.108971
0.394744
0.443669
0.328747
0.384977
0.098163
0.997371
0.101374
0.997371
0.392891
0.386339
0.372256
0.358352
0.360379
0.043327
0.736868
0.359834
0.056062
0.103255
0.069672
0.062103
0.366005
0.365647
0.367815
0.681738
0.065765
0.406037
0.064596
0.388715
0.383155
0.087223
0.085036
0.113694
0.099946
0.036860
0.350184
0.053854
0.059198
0.056879
0.052324
0.046361
0.360705
0.358514
0.039431
0.040354
0.360575
0.042450
0.361765
0.360403
0.361339
0.681299
0.998628
0.050348
0.368745
0.034353
0.303717
0.661793
0.356459
0.679728
0.065823
0.063034
0.687617
0.286569
0.019952
0.676909
0.366072
0.056881
0.060319
0.372496
0.060600
0.058198
0.684171
0.051584
0.363390
0.361679
0.361350
0.362362
0.363879
0.682388
0.999179
0.050351
0.366490
0.365165
0.681723
0.683092
0.052183
0.372815
0.062023
0.375482
0.690709
0.061569
0.066611
0.685421
0.056921
0.371037
0.057617
0.059102
0.060952
0.373571
0.373527
0.685914
0.999179
0.372090
0.055844
0.054305
0.683737
0.052861
0.368361
0.369139
0.370749
0.999179
0.056815
0.057949
0.059011
0.060666
0.063966
0.061087
0.061656
0.062422
0.063273
0.063956
0.064134
0.063523
0.062206
0.060761
0.059895
0.999179
0.058406
0.999179
0.371318
0.371039
0.370972
0.371161
0.057584
0.058549
0.059476
0.373434
0.060554
0.059940
0.685767
0.685669
0.055304
0.684344
0.369898
0.056915
0.686222
0.054643
0.046523
0.030682
0.029298
0.050573
0.370781
0.371959
0.372294
0.371664
0.053530
0.681092
0.682763
0.679881
0.367764
0.059143
0.064459
0.686857
0.375422
0.373757
0.060393
0.070270
0.391653
0.058024
0.997774
0.427596
0.306729
0.380867
0.382734
0.069232
0.066898
0.069142
0.066659
0.053090
0.711885
0.375350
0.415918
0.057918
0.055780
0.683273
0.369809
0.058159
0.684901
0.059162
0.997774
0.683968
0.376457
0.682903
0.687906
0.684793
0.687398
0.372100
0.365663
0.043550
0.352774
0.035143
0.043992
0.057623
0.063660
0.685553
0.050750
0.680873
0.047957
0.054754
0.367536
0.367359
0.367546
0.045735
0.683850
0.371064
0.373255
0.061096
0.375915
0.377978
0.686114
0.071207
0.690204
0.071705
0.687676
0.065732
0.686175
0.061255
0.067479
0.688454
0.064626
0.134725
0.411587
0.108977
0.392745
0.385541
0.065861
0.378220
0.700347
0.997371
0.099264
0.368765
0.345987
0.145061
0.997371
0.690874
0.381389
0.079095
0.065766
0.056314
0.690484
0.124395
0.088973
0.396870
0.677009
0.022073
0.997371
0.039127
0.690886
0.031784
0.357682
0.384819
0.701383
0.695568
0.110832
0.699386
0.698281
0.381431
0.054532
0.997371
0.364524
0.092349
0.380331
0.671364
0.066974
0.355660
0.373639
0.375365
0.055375
0.996564
0.368274
0.684859
0.088021
0.400719
0.385679
0.128031
0.108036
0.693951
0.690505
0.693951
0.099263
0.376782
0.046144
0.375850
0.997774
0.370657
0.679910
0.045445
0.041773
0.044334
0.363864
0.680489
0.998628
0.362566
0.998628
0.043252
0.680109
0.360718
0.046776
0.998628
0.027468
0.311094
0.680385
0.060057
0.113026
0.034202
0.112241
0.401450
0.070076
0.055898
0.679290
0.026247
0.367462
0.369433
0.371112
0.685073
0.057871
0.683620
0.683072
0.999179
0.364787
0.680491
0.362791
0.999179
0.363975
0.049235
0.050567
0.367484
0.683140
0.366879
0.049243
0.368441
0.056873
0.685530
0.374610
0.378802
0.999179
0.131508
0.999179
0.065764
0.371153
0.371409
0.371891
0.372470
0.373039
0.373438
0.686203
0.373118
0.372896
0.057927
0.369891
0.683737
0.999179
0.367677
0.051806
0.368269
0.052850
0.368695
0.684423
0.684761
0.058655
0.689405
0.686818
0.063490
0.060908
0.999179
0.374082
0.374399
0.687055
0.687012
0.061631
0.686219
0.686313
0.059828
0.372349
0.371812
0.371280
0.370868
0.056116
0.056290
0.684897
0.685149
0.685460
0.059381
0.686040
0.059583
0.058808
0.057550
0.055881
0.054713
0.053904
0.054529
0.055956
0.372399
0.366103
0.051095
0.999179
0.684008
0.063894
0.059669
0.371663
0.369614
0.366373
0.045066
0.679881
0.050817
0.684395
0.683178
0.064728
0.063595
0.053713
0.052753
0.369798
0.370565
0.078293
0.069597
0.036267
0.040210
0.061152
0.070984
0.068543
0.687347
0.370816
0.061545
0.997774
0.083420
0.367894
0.714038
0.369506
0.370230
0.371656
0.050493
0.050498
0.053565
0.053768
0.048304
0.044232
0.046633
0.064360
0.070450
0.069721
0.380428
0.064357
0.370483
0.366329
0.360119
0.037473
0.681685
0.365872
0.370054
0.373940
0.376000
0.057096
0.367726
0.368401
0.367903
0.682299
0.366762
0.048012
0.046027
0.051924
0.683521
0.056956
0.057909
0.373232
0.686114
0.683138
0.686114
0.379788
0.067673
0.376450
0.375638
0.686401
0.065630
0.997371
0.378768
0.068567
0.690738
0.688712
0.076629
0.688522
0.380350
0.068432
0.386692
0.382561
0.094817
0.400577
0.431902
0.243933
0.997371
0.136528
0.047919
0.299253
0.370825
0.385217
0.058826
0.997371
0.066528
0.371711
0.681865
0.369336
0.048272
0.022857
0.997371
0.390416
0.386499
0.076559
0.696182
0.696085
0.108733
0.703286
0.086211
0.075930
0.370766
0.375480
0.055049
0.684062
0.052453
0.688524
0.369303
0.358000
0.413307
0.414234
0.389065
0.370145
0.056920
0.386304
0.747774
0.084340
0.074842
0.489948
0.445117
0.997774
0.108561
0.997774
0.071367
0.067428
0.687148
0.997774
0.070121
0.051443
0.044083
0.681204
0.998628
0.365954
0.682329
0.998628
0.047156
0.680489
0.047141
0.680705
0.045988
0.361049
0.361436
0.682960
0.682777
0.369131
0.744378
0.035411
0.998628
0.031053
0.401912
0.355573
0.373850
0.684789
0.688450
0.050754
0.367073
0.683464
0.684504
0.685073
0.998628
0.685073
0.055923
0.367644
0.365486
0.363652
0.362837
0.999179
0.046166
0.047626
0.683420
0.683401
0.999179
0.051603
0.683305
0.683636
0.368836
0.370631
0.999179
0.061850
0.376214
0.130081
0.165183
0.693680
0.025691
0.355432
0.367735
0.371262
0.372881
0.686309
0.686451
0.061160
0.060900
0.999179
0.372985
0.056719
0.053603
0.367677
0.367062
0.287771
0.343803
0.675701
0.363768
0.049948
0.050964
0.065900
0.697479
0.379925
0.073924
0.999179
0.060484
0.373300
0.373631
0.061723
0.061688
0.374045
0.060929
0.999179
0.686313
0.372571
0.058326
0.057284
0.056353
0.055664
0.999179
0.056087
0.056719
0.057504
0.371421
0.058709
0.371995
0.371835
0.371376
0.685182
0.053847
0.367976
0.999179
0.684050
0.370797
0.359548
0.367182
0.057255
0.068083
0.380165
0.374305
0.060913
0.059288
0.052999
0.050376
0.054900
0.054661
0.053601
0.050609
0.054604
0.684838
0.052239
0.682471
0.366108
0.373977
0.372717
0.372908
0.360350
0.363428
0.368622
0.374777
0.374691
0.057629
0.367135
0.368420
0.063804
0.056634
0.080913
0.074485
0.048396
0.057136
0.047263
0.039983
0.997774
0.680326
0.681616
0.680765
0.678492
0.363222
0.048975
0.997774
0.374357
0.052381
0.311771
0.055710
0.043179
0.997774
0.046171
0.686232
0.371770
0.065681
0.377267
0.687178
0.062017
0.371261
0.370043
0.682299
0.367408
0.683232
0.051228
0.369213
0.371138
0.997371
0.370907
0.370689
0.062553
0.058855
0.683306
0.059035
0.064001
0.064176
0.686834
0.687172
0.065441
0.377836
0.687613
0.080698
0.359643
0.376781
0.997371
0.382154
0.071389
0.688959
0.075490
0.691045
0.082272
0.394068
0.416554
0.697248
0.116012
0.057024
0.684678
0.315992
0.671001
0.997371
0.377900
0.076741
0.075853
0.369326
0.366124
0.997371
0.364873
0.056357
0.360797
0.071148
0.700146
0.381061
0.076664
0.067516
0.098066
0.118354
0.105903
0.398712
0.699514
0.396991
0.392971
0.379945
0.055810
0.371762
0.053723
0.683253
0.366845
0.376858
0.120910
0.689182
0.067905
0.377335
0.999118
0.700563
0.111645
0.422471
0.169643
0.385954
0.395585
0.372076
0.379925
0.366173
0.051905
0.068567
0.071724
0.679785
0.676238
0.674233
0.679910
0.357663
0.055751
0.368641
0.365696
0.682043
0.049358
0.050269
0.681710
0.048651
0.363808
0.359807
0.068031
0.071678
0.005766
0.073654
0.392571
0.097722
0.352121
0.679763
0.016809
0.350750
0.054611
0.053175
0.366193
0.683044
0.052745
0.369668
0.371344
0.685073
0.057846
0.368927
0.366907
0.364729
0.363449
0.363401
0.364496
0.999179
0.050722
0.054116
0.053522
0.052410
0.050586
0.047207
0.053610
0.371016
0.372159
0.061372
0.999179
0.071678
0.159432
0.393311
0.717228
0.038020
0.360685
0.368146
0.685433
0.058701
0.060745
0.373887
0.999179
0.062145
0.060703
0.999179
0.372452
0.055095
0.051979
0.603622
0.660793
0.675701
0.999179
0.675701
0.680757
0.680571
0.372012
0.386756
0.106623
0.411973
0.058811
0.059199
0.999179
0.686151
0.373436
0.686449
0.373912
0.061173
0.686313
0.373382
0.059240
0.999179
0.685539
0.370755
0.055394
0.369896
0.370089
0.999179
0.684766
0.684976
0.685196
0.685359
0.685398
0.685290
0.055098
0.683105
0.999179
0.367976
0.369419
0.685172
0.362860
0.355838
0.367751
0.377888
0.377672
0.373387
0.368233
0.068742
0.373143
0.997774
0.052130
0.684225
0.381789
0.378970
0.381030
0.370292
0.056390
0.997774
0.682471
0.683869
0.686140
0.685569
0.367800
0.366020
0.368736
0.372412
0.686477
0.054064
0.997774
0.366324
0.683424
0.687332
0.380910
0.358110
0.389811
0.362930
0.355823
0.352859
0.037719
0.045823
0.049093
0.045641
0.040076
0.361452
0.371977
0.055793
0.376440
0.384842
0.359192
0.328811
0.369091
0.040618
0.055422
0.379303
0.997371
0.379253
0.069209
0.687433
0.064726
0.686002
0.058950
0.055143
0.369899
0.684777
0.371402
0.059551
0.374140
0.372072
0.373625
0.065976
0.372940
0.683771
0.369063
0.055291
0.373680
0.066207
0.067344
0.377130
0.377131
0.690691
0.082072
0.390501
0.076086
0.065568
0.688712
0.381544
0.076055
0.385463
0.382805
0.372597
0.388463
0.997371
0.082758
0.380069
0.699983
0.160269
0.407862
0.997371
0.315992
0.361953
0.077233
0.073050
0.372425
0.683634
0.053447
0.364873
0.997371
0.036900
0.349552
0.334689
0.685904
0.418531
0.065171
0.373559
0.387215
0.997371
0.101578
0.699514
0.997371
0.408590
0.689936
0.687895
0.065701
0.061263
0.686123
0.373429
0.058015
0.382935
0.376097
0.997371
0.368682
0.025860
0.009067
0.098992
0.345631
0.411290
0.672877
0.079204
0.700759
0.058221
0.997774
0.687194
0.069033
0.689759
0.997774
0.055455
0.028933
0.020054
0.367887
0.683028
0.071388
0.373155
0.366838
0.369596
0.367774
0.998628
0.052528
0.366229
0.043347
0.056663
0.998628
0.364169
0.360686
0.372715
0.998628
0.392979
0.078392
0.998628
0.043014
0.998628
0.064193
0.369476
0.683169
0.051217
0.998628
0.055574
0.372703
0.372624
0.685415
0.055911
0.366365
0.364155
0.045756
0.047311
0.050549
0.053761
0.369389
0.371337
0.684041
0.682413
0.674307
0.052187
0.368305
0.377560
0.378050
0.370093
0.053476
0.677599
0.062147
0.682623
0.393311
0.069501
0.367339
0.684475
0.369087
0.059552
0.374050
0.062108
0.062642
0.686898
0.686399
0.372452
0.371326
0.369412
0.289170
0.109344
0.303258
0.023319
0.357669
0.680757
0.101361
0.359198
0.368912
0.403660
0.695887
0.393723
0.037190
0.684842
0.059181
0.059786
0.686083
0.060909
0.061315
0.061558
0.061447
0.061005
0.060110
0.058431
0.056785
0.684805
0.055221
0.684236
0.369754
0.369894
0.055180
0.370579
0.056377
0.056793
0.371235
0.370952
0.054253
0.683724
0.367013
0.365733
0.367273
0.049329
0.999179
0.351729
0.299279
0.297038
0.060823
0.999179
0.683236
0.062572
0.687367
0.059054
0.047579
0.997774
0.684225
0.693059
0.391618
0.697821
0.685986
0.058160
0.056923
0.057689
0.055221
0.053034
0.368811
0.367376
0.369774
0.684448
0.059761
0.684747
0.367379
0.681087
0.371338
0.069313
0.034928
0.688603
0.673515
0.056475
0.035523
0.677938
0.357799
0.361126
0.681988
0.368210
0.346680
0.363046
0.680319
0.375441
0.375766
0.074542
0.700614
0.687347
0.405539
0.373004
0.369384
0.376538
0.072200
0.381722
0.069665
0.687176
0.065296
0.373368
0.371452
0.057880
0.372121
0.685541
0.375251
0.686828
0.064282
0.375047
0.686037
0.063600
0.371739
0.365758
0.681053
0.053870
0.371574
0.687657
0.687738
0.997371
0.071784
0.690567
0.088572
0.690861
0.079109
0.382571
0.687585
0.078599
0.997371
0.077409
0.375326
0.081609
0.073204
0.070201
0.692094
0.997371
0.692094
0.025464
0.148029
0.410846
0.688323
0.073346
0.372441
0.072685
0.370215
0.367979
0.997371
0.047558
0.043071
0.029815
0.320352
0.341713
0.744893
0.366163
0.096812
0.372742
0.381384
0.087110
0.393539
0.406320
0.699514
0.098938
0.396971
0.997371
0.374315
0.685012
0.685013
0.686123
0.054248
0.366341
0.997371
0.055596
0.997371
0.676871
0.066582
0.357226
0.673422
0.997774
0.351857
0.051983
0.687487
0.399473
0.119686
0.683780
0.690515
0.075533
0.689759
0.066763
0.681257
0.318932
0.404100
0.001088
0.687175
0.089410
0.380302
0.076702
0.370932
0.363882
0.041327
0.362757
0.358635
0.042737
0.362111
0.403319
0.352268
0.379702
0.080106
0.685277
0.694600
0.372452
0.090137
0.085751
0.375010
0.681372
0.052124
0.998628
0.054379
0.060649
0.063129
0.062097
0.057447
0.368357
0.048632
0.046839
0.682219
0.683554
0.684907
0.685769
0.371288
0.685307
0.056110
0.039647
0.367824
0.367673
0.376232
0.384558
0.389396
0.287598
0.335043
0.676454
0.047469
0.999179
0.384748
0.371511
0.060825
0.685895
0.371022
0.059474
0.373735
0.374438
0.374971
0.375112
0.374432
0.060497
0.371582
0.290902
0.331799
0.313201
0.675741
0.075324
0.063097
0.074484
0.393642
0.093089
0.010528
0.692874
0.057593
0.421509
0.058223
0.999179
0.371312
0.372449
0.060067
0.686211
0.686426
0.373982
0.374026
0.060728
0.999179
0.058562
0.370866
0.684824
0.055108
0.999179
0.369365
0.053938
0.368733
0.054605
0.684369
0.684581
0.056049
0.055799
0.054560
0.051434
0.045166
0.043419
0.049531
0.071907
0.061583
0.999179
0.362921
0.287324
0.305286
0.056892
0.048771
0.055371
0.687297
0.372304
0.370135
0.055135
0.071809
0.692100
0.693271
0.074940
0.373464
0.684660
0.997774
0.367980
0.362734
0.682124
0.997774
0.054843
0.997774
0.059778
0.372949
0.055952
0.366987
0.035950
0.053532
0.047586
0.373014
0.684887
0.384318
0.427529
0.360208
0.359855
0.362319
0.367301
0.066782
0.425472
0.392844
0.408439
0.063372
0.380113
0.076230
0.688869
0.384681
0.132304
0.137531
0.621673
0.361491
0.377292
0.380409
0.070799
0.068550
0.686785
0.375929
0.062089
0.058204
0.997774
0.060233
0.062815
0.686828
0.997371
0.065268
0.685904
0.373987
0.377719
0.055814
0.363203
0.997371
0.366304
0.058120
0.377946
0.379146
0.071386
0.382922
0.997371
0.077957
0.387617
0.690333
0.386475
0.385082
0.081905
0.691025
0.386121
0.076958
0.689948
0.997371
0.090638
0.117839
0.054228
0.081897
0.674100
0.997371
0.121981
0.065877
0.013256
0.366838
0.363926
0.363276
0.678572
0.367979
0.365014
0.039784
0.674929
0.005228
0.175062
0.714974
0.235994
0.062718
0.368140
0.371454
0.375364
0.997371
0.078520
0.394559
0.086161
0.054571
0.378103
0.070849
0.119367
0.077365
0.064633
0.687070
0.683259
0.366341
0.359466
0.358409
0.043485
0.380338
0.374404
0.059516
0.054361
0.673081
0.736812
0.701574
0.215244
0.284825
0.068127
0.693096
0.069104
0.690280
0.081378
0.381056
0.997774
0.701336
0.154970
0.388694
0.688132
0.102530
0.311977
0.132058
0.078324
0.355563
0.035378
0.359193
0.678624
0.357907
0.018214
0.998628
0.042967
0.998628
0.685754
0.073107
0.080562
0.398403
0.694116
0.013076
0.118087
0.998628
0.053635
0.057004
0.373864
0.686242
0.059180
0.367571
0.050018
0.364531
0.364265
0.046904
0.367297
0.370285
0.372488
0.373173
0.059462
0.365785
0.366285
0.685283
0.999179
0.378714
0.378623
0.612291
0.335226
0.358945
0.685928
0.049345
0.067785
0.678965
0.385785
0.068298
0.687060
0.372731
0.059325
0.685858
0.060697
0.374337
0.062688
0.062075
0.685888
0.371867
0.277144
0.211327
0.408970
0.725027
0.377278
0.696984
0.412052
0.999179
0.091263
0.999179
0.696264
0.368936
0.999179
0.675241
0.371458
0.684145
0.685649
0.685906
0.060560
0.061201
0.999179
0.686573
0.373638
0.060138
0.058666
0.684824
0.999179
0.684824
0.369483
0.053635
0.683681
0.368309
0.368431
0.054160
0.054747
0.054860
0.999179
0.684434
0.683943
0.048314
0.999179
0.681124
0.381395
0.367962
0.064768
0.362647
0.691333
0.363092
0.380234
0.373777
0.684480
0.689861
0.372343
0.997774
0.377632
0.089245
0.090697
0.078643
0.077021
0.058731
0.059910
0.370132
0.360049
0.035081
0.680897
0.362445
0.682449
0.370494
0.684681
0.685190
0.371569
0.049743
0.356197
0.345845
0.058387
0.685620
0.368854
0.113181
0.355093
0.370810
0.363986
0.680400
0.682156
0.685943
0.045210
0.680209
0.407193
0.114752
0.368776
0.083849
0.678534
0.351177
0.366830
0.014545
0.292562
0.743492
0.358544
0.066188
0.997774
0.066264
0.686366
0.374985
0.060332
0.684330
0.684711
0.683927
0.063175
0.066113
0.065619
0.374746
0.684820
0.071603
0.997371
0.379664
0.041729
0.315557
0.425965
0.064541
0.379861
0.082290
0.385748
0.691384
0.077550
0.087337
0.376541
0.384694
0.388599
0.997371
0.388050
0.386121
0.997371
0.076189
0.388699
0.383394
0.386345
0.091668
0.351667
0.997371
0.072634
0.674100
0.379212
0.390514
0.053595
0.352480
0.694692
0.046099
0.681365
0.043631
0.046644
0.678554
0.350801
0.061348
0.008586
0.686071
0.714974
0.101593
0.371603
0.683384
0.997371
0.375364
0.683560
0.056742
0.358387
0.685462
0.074711
0.997371
0.398552
0.997371
0.391225
0.372755
0.364365
0.362099
0.051113
0.059583
0.684295
0.392917
0.997774
0.400801
0.685919
0.362593
0.366287
0.423196
0.388407
0.118806
0.311715
0.681131
0.283917
0.118826
0.089191
0.378769
0.070917
0.429336
0.355825
0.346921
0.062753
0.010472
0.496592
0.407818
0.360254
0.350999
0.678725
0.998628
0.040075
0.357606
0.353629
0.355840
0.357697
0.368176
0.304039
0.370622
0.692034
0.998628
0.379799
0.106820
0.058522
0.069273
0.047713
0.685833
0.686242
0.999179
0.371611
0.052769
0.682014
0.681846
0.681233
0.999179
0.049709
0.055443
0.374027
0.061715
0.113395
0.061265
0.381828
0.069377
0.035677
0.041975
0.426531
0.069202
0.683598
0.049428
0.379027
0.382868
0.446931
0.691872
0.081529
0.687060
0.687520
0.060725
0.685858
0.685534
0.059482
0.999179
0.060801
0.373399
0.056602
0.372265
0.283367
0.374601
0.725027
0.720654
0.134663
0.407253
0.112317
0.705516
0.080724
0.696264
0.391266
0.015333
0.675241
0.378634
0.366350
0.370321
0.372357
0.372868
0.686131
0.061062
0.686573
0.060976
0.999179
0.686279
0.372561
0.057401
0.684824
0.370071
0.054162
0.053185
0.999179
0.683681
0.683655
0.683751
0.368818
0.369342
0.055094
0.054844
0.053407
0.683999
0.050533
0.064825
0.999179
0.091108
0.120737
0.999179
0.690231
0.383443
0.690676
0.687961
0.065647
0.376180
0.061195
0.684225
0.376009
0.380950
0.380659
0.373488
0.370380
0.683324
0.370531
0.047389
0.033857
0.027701
0.044094
0.365458
0.050816
0.053554
0.058806
0.058682
0.997774
0.684325
0.681142
0.675375
0.674688
0.687614
0.376961
0.382447
0.423310
0.365148
0.378844
0.052736
0.371439
0.022841
0.680209
0.997774
0.680209
0.697830
0.362397
0.044705
0.997774
0.678534
0.399614
0.361283
0.086277
0.431398
0.043629
0.120195
0.375264
0.374802
0.063830
0.060829
0.058273
0.684567
0.370505
0.057200
0.060708
0.374122
0.374437
0.375830
0.393180
0.399888
0.078724
0.997371
0.359276
0.287053
0.342223
0.049834
0.391500
0.693393
0.390677
0.388317
0.694223
0.062496
0.377557
0.078581
0.997371
0.084404
0.387544
0.385119
0.073899
0.690350
0.383632
0.997371
0.690817
0.363287
0.997371
0.351667
0.348151
0.379475
0.379585
0.997371
0.057395
0.739267
0.045235
0.372716
0.699405
0.366393
0.362196
0.364057
0.014342
0.344467
0.366379
0.997371
0.435259
0.055406
0.997371
0.055384
0.683384
0.367342
0.056944
0.375361
0.683341
0.058720
0.006725
0.130254
0.413504
0.002148
0.060264
0.056115
0.366529
0.366186
0.685290
0.377735
0.073811
0.997774
0.392917
0.128669
0.700278
0.090488
0.997774
0.081613
0.997774
0.380444
0.070550
0.306095
0.314292
0.145627
0.688097
0.702782
0.061976
0.366673
0.363412
0.043600
0.998628
0.685828
0.387101
0.124533
0.673190
0.998628
0.032022
0.364475
0.362722
0.358742
0.355090
0.353374
0.352513
0.358139
0.036819
0.005925
0.055820
0.094310
0.739154
0.111213
0.698532
0.998628
0.068476
0.059835
0.060111
0.057212
0.999179
0.049184
0.048098
0.048352
0.044544
0.042291
0.045953
0.369042
0.059973
0.094637
0.693315
0.999395
0.070154
0.367143
0.395610
0.682147
0.999179
0.058419
0.999179
0.039567
0.387039
0.748408
0.708531
0.374581
0.092061
0.068030
0.374469
0.372532
0.058421
0.685202
0.058293
0.372634
0.059378
0.682321
0.683364
0.999179
0.010165
0.331331
0.143550
0.703578
0.720654
0.431813
0.408915
0.090516
0.999179
0.388235
0.365227
0.116838
0.136369
0.068797
0.078371
0.060349
0.059780
0.059871
0.060268
0.060649
0.373733
0.060764
0.686279
0.373065
0.372506
0.371761
0.370932
0.370072
0.369369
0.053196
0.052585
0.052296
0.052420
0.052941
0.368763
0.369441
0.055637
0.999179
0.684742
0.368548
0.684839
0.063345
0.694225
0.687954
0.371193
0.086756
0.074250
0.999179
0.380072
0.064738
0.374358
0.059349
0.059065
0.061724
0.997774
0.687458
0.373384
0.997774
0.683615
0.053372
0.369542
0.371970
0.368667
0.366573
0.682198
0.047903
0.997774
0.680527
0.681464
0.372725
0.373141
0.370529
0.056760
0.050411
0.393179
0.067799
0.695779
0.997774
0.075714
0.367774
0.997774
0.373807
0.371294
0.072613
0.015217
0.084210
0.061534
0.055592
0.367675
0.044035
0.678534
0.067948
0.681728
0.086702
0.726486
0.997774
0.152823
0.997774
0.119886
0.119481
0.058089
0.997774
0.370450
0.370476
0.369412
0.367748
0.056437
0.372430
0.687077
0.383369
0.088268
0.695291
0.079156
0.035650
0.670418
0.333788
0.260572
0.204675
0.134479
0.103326
0.392542
0.692485
0.070320
0.683620
0.690507
0.694131
0.084000
0.388514
0.078499
0.073311
0.687084
0.379174
0.070102
0.328398
0.687220
0.338839
0.093675
0.008788
0.066049
0.063510
0.043296
0.001709
0.371609
0.398180
0.176195
0.339778
0.702039
0.081262
0.688563
0.365483
0.038630
0.676561
0.028766
0.053198
0.681214
0.684580
0.071548
0.364475
0.681153
0.055092
0.062657
0.689688
0.075308
0.392982
0.413205
0.624924
0.047743
0.698512
0.371656
0.369245
0.055776
0.059635
0.063318
0.687001
0.688774
0.692394
0.392410
0.438001
0.398236
0.070258
0.093884
0.388608
0.703232
0.384404
0.391998
0.074643
0.112232
0.699938
0.686894
0.390260
0.055830
0.368091
0.361582
0.361079
0.372703
0.076618
0.690245
0.998628
0.039842
0.355436
0.354742
0.679650
0.048129
0.357893
0.353384
0.351865
0.346477
0.025458
0.349531
0.348477
0.713139
0.115389
0.998628
0.477317
0.033811
0.048515
0.048708
0.373499
0.371029
0.999179
0.370149
0.047125
0.364999
0.999179
0.044306
0.679016
0.682243
0.366621
0.351567
0.346100
0.421582
0.693315
0.051991
0.417689
0.424627
0.072532
0.070654
0.684259
0.015060
0.695819
0.999179
0.000267
0.092561
0.679147
0.057472
0.373432
0.999179
0.059509
0.684549
0.370885
0.370859
0.370903
0.057409
0.031410
0.040081
0.052949
0.295096
0.357730
0.703578
0.999179
0.121592
0.410319
0.403614
0.087932
0.379862
0.679937
0.390604
0.089127
0.700369
0.699593
0.688560
0.376144
0.373785
0.373233
0.686223
0.999179
0.060560
0.060376
0.373272
0.372928
0.372429
0.371769
0.370994
0.055105
0.684227
0.368859
0.368316
0.368040
0.368086
0.368470
0.683832
0.684193
0.684561
0.056754
0.057058
0.057194
0.370133
0.372670
0.687954
0.381031
0.077394
0.089164
0.999179
0.382096
0.379963
0.688218
0.686743
0.368557
0.365205
0.055075
0.056757
0.372910
0.053982
0.683615
0.050749
0.997774
0.682213
0.370313
0.997774
0.371632
0.052677
0.048257
0.043520
0.041299
0.051010
0.064174
0.071417
0.075087
0.078913
0.997774
0.379297
0.371502
0.052595
0.382817
0.997774
0.684813
0.367774
0.383106
0.061909
0.068136
0.997774
0.391835
0.065718
0.703978
0.381923
0.137020
0.299131
0.276346
0.622104
0.036478
0.009821
0.726486
0.004046
0.744723
0.179712
0.689404
0.743137
0.370413
0.369271
0.369099
0.052574
0.682665
0.053600
0.683484
0.372968
0.083988
0.388587
0.997371
0.069185
0.327779
0.997371
0.358862
0.349446
0.082828
0.405164
0.395263
0.388319
0.383154
0.386321
0.056992
0.072672
0.081554
0.390569
0.079928
0.689398
0.069600
0.375656
0.061672
0.684722
0.689201
0.009467
0.104650
0.684031
0.376516
0.372072
0.355586
0.681118
0.668397
0.069431
0.687943
0.052563
0.680793
0.330536
0.072092
0.997371
0.361545
0.043311
0.997371
0.039110
0.680247
0.046494
0.066153
0.135175
0.314570
0.429000
0.678860
0.378172
0.997371
0.689688
0.693616
0.420359
0.231221
0.131057
0.997371
0.698512
0.682138
0.683251
0.370929
0.373378
0.067443
0.071956
0.062559
0.068285
0.073337
0.087333
0.156070
0.099577
0.105052
0.692084
0.083755
0.079699
0.067420
0.072031
0.393532
0.384484
0.671884
0.066688
0.051697
0.043522
0.045024
0.371404
0.066371
0.686689
0.378612
0.090621
0.350046
0.058835
0.056829
0.039698
0.038241
0.349563
0.022266
0.344320
0.672398
0.674017
0.691874
0.040321
0.276366
0.144949
0.320750
0.743157
0.292508
0.053496
0.372820
0.369282
0.369099
0.051964
0.048806
0.372219
0.050496
0.043931
0.032143
0.040768
0.069403
0.059793
0.067324
0.072039
0.680603
0.004422
0.398507
0.386850
0.385097
0.367799
0.025687
0.321654
0.160159
0.085070
0.039322
0.363154
0.682970
0.048764
0.367384
0.053064
0.684549
0.999179
0.368910
0.369717
0.371181
0.049355
0.363037
0.373469
0.372651
0.354140
0.385811
0.688845
0.406023
0.701593
0.087638
0.694693
0.059688
0.372231
0.374485
0.079385
0.999179
0.101207
0.401115
0.389172
0.686784
0.686242
0.999179
0.060116
0.373143
0.373215
0.686110
0.373004
0.372744
0.372341
0.371785
0.371095
0.055355
0.684313
0.684227
0.683914
0.683706
0.683650
0.683772
0.369079
0.369837
0.370598
0.685261
0.685487
0.058331
0.371774
0.370744
0.371913
0.061290
0.999179
0.362174
0.384812
0.392118
0.068361
0.061864
0.371425
0.683847
0.681505
0.046405
0.997774
0.366899
0.048007
0.681476
0.363834
0.364279
0.058735
0.060976
0.061518
0.997774
0.056382
0.683307
0.365107
0.050889
0.685990
0.376600
0.382858
0.385577
0.376052
0.382651
0.361552
0.064120
0.070430
0.036395
0.080324
0.017524
0.091728
0.086280
0.038465
0.674874
0.046176
0.049959
0.397029
0.701247
0.420376
0.117990
0.127112
0.255126
0.997774
0.038241
0.701934
0.019006
0.039604
0.119689
0.076180
0.641582
0.064107
0.080544
0.368757
0.367915
0.366447
0.367074
0.051975
0.682215
0.369689
0.059744
0.691539
0.079583
0.383483
0.064546
0.356096
0.050705
0.997371
0.383801
0.105340
0.387862
0.383296
0.688604
0.070398
0.073416
0.387344
0.383493
0.691190
0.689398
0.687033
0.684916
0.373103
0.369630
0.372033
0.684722
0.058378
0.684575
0.052621
0.686817
0.684560
0.681118
0.997371
0.045770
0.687943
0.704783
0.680793
0.997371
0.372963
0.086066
0.042535
0.997371
0.340793
0.044295
0.045152
0.997371
0.376616
0.997371
0.693740
0.179885
0.381874
0.377589
0.069152
0.385137
0.693616
0.396670
0.383156
0.072764
0.997371
0.430034
0.364445
0.366794
0.057050
0.997371
0.684115
0.685734
0.376905
0.378201
0.386057
0.356973
0.414114
0.402798
0.453361
0.139138
0.390464
0.075684
0.997774
0.086111
0.688277
0.049878
0.025052
0.042322
0.057427
0.361123
0.361225
0.361602
0.053380
0.062939
0.374832
0.058036
0.137712
0.052923
0.376216
0.377689
0.687258
0.049863
0.022674
0.998628
0.345587
0.344089
0.346597
0.034672
0.999395
0.683909
0.677909
0.667027
0.711154
0.743924
0.056911
0.371113
0.370196
0.999395
0.371671
0.057004
0.370226
0.370227
0.999395
0.044037
0.064259
0.689582
0.393885
0.405186
0.416766
0.123151
0.165589
0.361645
0.348207
0.373402
0.685096
0.071680
0.748306
0.339743
0.685606
0.683402
0.368759
0.684472
0.048182
0.681211
0.044458
0.052047
0.052856
0.683307
0.367718
0.369563
0.060962
0.379171
0.382237
0.363869
0.683366
0.999179
0.385811
0.084427
0.142433
0.056065
0.378522
0.373481
0.061846
0.371460
0.375370
0.381518
0.088523
0.705096
0.386863
0.356752
0.373384
0.373015
0.059610
0.059536
0.059616
0.686067
0.372725
0.372548
0.372256
0.371816
0.371220
0.055624
0.999179
0.369048
0.368505
0.368247
0.053391
0.054377
0.055785
0.057402
0.058707
0.059348
0.059351
0.685982
0.058715
0.058075
0.056271
0.052742
0.057909
0.067174
0.392927
0.059488
0.072237
0.999179
0.052710
0.052127
0.047654
0.362661
0.048313
0.050742
0.048238
0.680531
0.364432
0.364333
0.683857
0.690037
0.064221
0.060109
0.057710
0.684250
0.054981
0.685324
0.372443
0.378175
0.384856
0.692115
0.691454
0.059159
0.001396
0.063755
0.997774
0.373268
0.049329
0.679782
0.360322
0.679007
0.040622
0.676566
0.355090
0.051162
0.687163
0.079410
0.401367
0.401485
0.115226
0.125741
0.027558
0.701934
0.688266
0.087274
0.997774
0.155744
0.077608
0.686718
0.997774
0.686718
0.393527
0.367308
0.366841
0.366141
0.050231
0.680617
0.044116
0.053674
0.061647
0.687097
0.077161
0.361289
0.697711
0.072240
0.077150
0.691254
0.083921
0.690500
0.997371
0.380342
0.069513
0.997371
0.064347
0.377800
0.075690
0.078897
0.377281
0.057558
0.370696
0.683112
0.683850
0.369850
0.056746
0.057587
0.370857
0.371782
0.061468
0.371349
0.056660
0.065213
0.049832
0.064547
0.086855
0.061655
0.686786
0.062239
0.997371
0.021783
0.997371
0.667810
0.682201
0.362117
0.366326
0.377282
0.433527
0.078330
0.375847
0.686660
0.057889
0.056712
0.061752
0.390581
0.382454
0.112624
0.042425
0.425773
0.045422
0.051275
0.061722
0.058286
0.053629
0.062673
0.686545
0.997774
0.689404
0.377630
0.393630
0.128997
0.699975
0.022652
0.140400
0.113795
0.415552
0.123113
0.061942
0.356033
0.997774
0.035885
0.358390
0.360126
0.360929
0.362600
0.684033
0.370258
0.061355
0.389744
0.330973
0.368893
0.690034
0.687258
0.998628
0.070052
0.041165
0.350222
0.345476
0.344212
0.346300
0.011816
0.044390
0.677909
0.350018
0.078218
0.113381
0.053874
0.371549
0.055488
0.999395
0.370196
0.046845
0.362212
0.374566
0.372033
0.332733
0.296887
0.060027
0.999395
0.689582
0.421425
0.999395
0.713049
0.347611
0.098726
0.145280
0.287326
0.742601
0.143488
0.069736
0.683359
0.380484
0.371179
0.684472
0.999395
0.368750
0.367218
0.048127
0.367683
0.368142
0.683364
0.367389
0.057252
0.382396
0.693023
0.061326
0.370366
0.068431
0.683366
0.072601
0.999179
0.358016
0.054503
0.688686
0.999179
0.688686
0.067263
0.068140
0.403482
0.029144
0.068332
0.021162
0.371811
0.372368
0.372725
0.372585
0.372356
0.059013
0.058937
0.372438
0.058767
0.058501
0.057999
0.057190
0.056173
0.055108
0.054113
0.053552
0.053465
0.054825
0.999179
0.371265
0.059704
0.373983
0.686160
0.373421
0.058758
0.374095
0.382045
0.430670
0.400864
0.057849
0.686870
0.047789
0.070348
0.688634
0.375465
0.366729
0.364681
0.368651
0.052331
0.684056
0.682609
0.059359
0.062972
0.063314
0.069430
0.075104
0.375777
0.373097
0.372206
0.120121
0.700522
0.375379
0.373156
0.374666
0.377622
0.381835
0.081066
0.081536
0.407875
0.392110
0.997774
0.078477
0.070316
0.380623
0.684990
0.359100
0.036509
0.022911
0.680320
0.361717
0.053155
0.381622
0.997774
0.417866
0.098890
0.380739
0.391384
0.052346
0.395598
0.359586
0.712709
0.700147
0.414889
0.437261
0.004247
0.007239
0.152388
0.484628
0.038692
0.682159
0.366679
0.048607
0.680638
0.046453
0.681650
0.997371
0.062063
0.367542
0.690759
0.060042
0.683784
0.075226
0.687790
0.072178
0.072367
0.379232
0.066228
0.372159
0.688306
0.059055
0.304644
0.670699
0.065893
0.061923
0.365605
0.368336
0.368350
0.683112
0.054456
0.369958
0.683797
0.683980
0.371029
0.997371
0.058277
0.684228
0.684812
0.683223
0.371301
0.372239
0.374049
0.997371
0.686786
0.370069
0.007175
0.077728
0.030249
0.060733
0.030806
0.058922
0.044233
0.056036
0.073184
0.043917
0.054710
0.372342
0.364084
0.363513
0.060457
0.061504
0.382651
0.684767
0.059167
0.353245
0.683336
0.682886
0.360592
0.369815
0.366808
0.061658
0.689404
0.386024
0.435733
0.296217
0.401415
0.714517
0.699975
0.412914
0.138573
0.699143
0.997774
0.377480
0.675509
0.355974
0.677163
0.357410
0.679173
0.359934
0.362211
0.046984
0.366708
0.374631
0.381962
0.370291
0.131715
0.076719
0.380385
0.372290
0.998628
0.035218
0.041735
0.033158
0.029860
0.022000
0.360210
0.036793
0.047387
0.050189
0.685284
0.370996
0.684809
0.068984
0.432573
0.685877
0.116711
0.032133
0.374927
0.384542
0.042654
0.999395
0.649482
0.299477
0.435558
0.010254
0.427391
0.713049
0.434740
0.356770
0.067826
0.679423
0.079358
0.681796
0.127852
0.144701
0.037043
0.082733
0.063756
0.061435
0.055763
0.369056
0.684935
0.053015
0.684778
0.052584
0.684361
0.372707
0.072184
0.377316
0.383481
0.698291
0.397815
0.062564
0.081325
0.386049
0.079340
0.380541
0.074193
0.379825
0.688686
0.380517
0.690042
0.382045
0.364843
0.377215
0.376258
0.367926
0.055865
0.057928
0.059258
0.686015
0.372193
0.372060
0.372008
0.058547
0.371959
0.371836
0.057462
0.685008
0.055851
0.684490
0.054437
0.684321
0.369378
0.369811
0.370086
0.371763
0.372908
0.060547
0.374146
0.999179
0.373934
0.369689
0.383475
0.136739
0.709948
0.101164
0.063616
0.686583
0.065564
0.687389
0.063000
0.367814
0.049674
0.684475
0.370660
0.683689
0.058479
0.374522
0.378771
0.381245
0.066365
0.675939
0.066627
0.372995
0.111162
0.700522
0.688903
0.686613
0.687116
0.688083
0.380983
0.692171
0.997774
0.073122
0.378701
0.084678
0.070015
0.025386
0.658754
0.068887
0.997774
0.368242
0.356027
0.032869
0.678385
0.365363
0.061321
0.627627
0.113162
0.431432
0.724759
0.686011
0.127042
0.063159
0.358140
0.688864
0.077641
0.712709
0.083263
0.997774
0.433373
0.022795
0.231519
0.447998
0.487811
0.043180
0.681984
0.049626
0.680943
0.045636
0.680969
0.045642
0.371252
0.680972
0.059217
0.697871
0.379872
0.062948
0.997371
0.062823
0.371886
0.997371
0.373035
0.059035
0.373852
0.298861
0.670699
0.675768
0.342809
0.049213
0.680499
0.365821
0.367072
0.053203
0.053726
0.053973
0.054190
0.369769
0.370042
0.054927
0.054731
0.054008
0.054875
0.369782
0.683546
0.684635
0.682460
0.686786
0.056373
0.062260
0.365249
0.368948
0.080117
0.673486
0.383958
0.351954
0.361050
0.670127
0.376570
0.685051
0.059885
0.366016
0.678667
0.997371
0.678667
0.372818
0.997371
0.382022
0.685217
0.997371
0.063374
0.046870
0.997371
0.341389
0.683056
0.682968
0.691096
0.378782
0.696920
0.481622
0.235667
0.094901
0.103118
0.073919
0.353800
0.111352
0.119736
0.066213
0.037069
0.033335
0.034699
0.357372
0.038759
0.360366
0.361745
0.363248
0.364648
0.115023
0.092427
0.429395
0.697020
0.104043
0.071624
0.056141
0.047377
0.364162
0.361682
0.357190
0.375959
0.010387
0.999179
0.371496
0.683678
0.685259
0.369883
0.684809
0.700237
0.688473
0.124947
0.395010
0.440277
0.107256
0.364747
0.318886
0.034031
0.062582
0.060357
0.099849
0.244663
0.999395
0.016022
0.713325
0.398252
0.365953
0.039759
0.999395
0.104251
0.999395
0.681796
0.397043
0.104037
0.693025
0.381017
0.375436
0.372358
0.372107
0.999395
0.684935
0.055769
0.684361
0.999179
0.684361
0.058587
0.372126
0.390976
0.687078
0.063631
0.691189
0.350764
0.377213
0.376122
0.060342
0.044620
0.056349
0.379617
0.690042
0.071768
0.999179
0.067737
0.999179
0.688051
0.685565
0.684371
0.684307
0.685337
0.059482
0.372206
0.371945
0.685561
0.371884
0.058069
0.685373
0.057284
0.370578
0.684810
0.370190
0.054918
0.684551
0.369849
0.370312
0.056991
0.372167
0.373185
0.062075
0.686615
0.061471
0.375423
0.380987
0.381687
0.406273
0.999179
0.088833
0.372939
0.687259
0.687389
0.999179
0.062926
0.054918
0.682733
0.369016
0.372005
0.059636
0.373816
0.066355
0.686973
0.378111
0.378691
0.372425
0.110618
0.632158
0.351723
0.103846
0.023927
0.065920
0.374523
0.067356
0.997774
0.380983
0.383157
0.390750
0.372202
0.350217
0.371416
0.012772
0.061946
0.997774
0.053964
0.370082
0.043194
0.361199
0.363427
0.374088
0.006286
0.997774
0.086820
0.707124
0.128253
0.432417
0.034033
0.051515
0.390433
0.375991
0.388180
0.390841
0.700006
0.385737
0.405984
0.997774
0.025374
0.308898
0.436796
0.116880
0.682697
0.050821
0.997371
0.364433
0.362370
0.043064
0.665866
0.372689
0.038110
0.052886
0.682844
0.688429
0.376535
0.368535
0.052744
0.373035
0.997371
0.373367
0.997371
0.092052
0.001771
0.693110
0.359342
0.019414
0.043597
0.048255
0.050617
0.366988
0.681735
0.051567
0.366493
0.052894
0.048467
0.682518
0.682448
0.682855
0.997371
0.051702
0.052689
0.068146
0.061085
0.050395
0.681218
0.364631
0.065303
0.683437
0.673486
0.695209
0.679950
0.679108
0.997371
0.047535
0.624425
0.073395
0.063649
0.997371
0.040814
0.678667
0.354277
0.351655
0.335404
0.087412
0.035546
0.032411
0.067165
0.079002
0.014440
0.997371
0.353187
0.369941
0.067852
0.115012
0.186097
0.333704
0.997774
0.622153
0.691103
0.004467
0.301526
0.676163
0.107153
0.381845
0.367170
0.360300
0.677253
0.678439
0.358954
0.360134
0.361431
0.680035
0.742102
0.715629
0.998628
0.111854
0.998628
0.374666
0.034299
0.371742
0.682835
0.688207
0.047261
0.050614
0.998628
0.689093
0.092217
0.683037
0.384056
0.368712
0.371038
0.370664
0.059026
0.704421
0.704295
0.720593
0.999395
0.116495
0.331372
0.613313
0.007054
0.703936
0.109654
0.999395
0.100469
0.558282
0.119449
0.713539
0.059364
0.375329
0.061811
0.111045
0.323754
0.049042
0.085455
0.390980
0.388225
0.080966
0.378544
0.688093
0.063803
0.374464
0.372877
0.059733
0.057535
0.051605
0.062120
0.066645
0.364705
0.387216
0.687078
0.999179
0.379088
0.684735
0.392368
0.356991
0.366035
0.369685
0.681231
0.062795
0.056379
0.688903
0.377201
0.065865
0.066305
0.688051
0.373439
0.052590
0.052002
0.056371
0.059741
0.373580
0.372878
0.372013
0.058301
0.058176
0.685477
0.057697
0.685228
0.056717
0.684908
0.684810
0.055505
0.684814
0.370360
0.370835
0.371596
0.685508
0.373802
0.686615
0.999179
0.686615
0.686504
0.687180
0.693270
0.423090
0.457474
0.700480
0.688413
0.057975
0.371659
0.372741
0.685292
0.053309
0.997774
0.682733
0.684148
0.372777
0.371913
0.059177
0.997774
0.059762
0.742684
0.387304
0.017175
0.341032
0.675221
0.403355
0.393334
0.384300
0.064163
0.066000
0.070750
0.382680
0.379238
0.413059
0.405834
0.374485
0.029061
0.434142
0.997774
0.061415
0.685651
0.056013
0.353598
0.997774
0.376501
0.377006
0.075729
0.355029
0.418660
0.410787
0.685824
0.148948
0.386166
0.087274
0.084033
0.396939
0.386958
0.390135
0.680365
0.030056
0.487658
0.384673
0.370177
0.071928
0.672238
0.096584
0.428280
0.045150
0.048696
0.682378
0.044593
0.022609
0.700716
0.350533
0.997371
0.364305
0.057598
0.058086
0.058513
0.366961
0.050496
0.052387
0.054086
0.058834
0.095662
0.403431
0.997371
0.707632
0.347894
0.035382
0.362367
0.363890
0.364680
0.364745
0.681565
0.361134
0.362704
0.349589
0.354596
0.043754
0.049050
0.050022
0.039684
0.046317
0.384419
0.386214
0.374406
0.367886
0.681644
0.364482
0.365700
0.079420
0.103733
0.025153
0.090735
0.068835
0.039683
0.006820
0.087540
0.371658
0.384979
0.072518
0.040592
0.672169
0.341327
0.035025
0.122759
0.708262
0.030173
0.681544
0.378618
0.389824
0.060230
0.151662
0.053190
0.050269
0.997774
0.134286
0.997774
0.702250
0.020519
0.077605
0.069179
0.308847
0.425651
0.705370
0.076998
0.381485
0.997774
0.052305
0.039817
0.039322
0.359822
0.360883
0.361657
0.039262
0.286037
0.156301
0.715629
0.743622
0.103343
0.081975
0.378249
0.385480
0.076590
0.377561
0.686332
0.050395
0.061359
0.044722
0.109525
0.074288
0.060342
0.061574
0.058379
0.056407
0.055156
0.037667
0.081710
0.704295
0.129644
0.396436
0.307879
0.361886
0.999395
0.686127
0.420547
0.411495
0.391621
0.689227
0.068118
0.376497
0.999395
0.382949
0.069667
0.310785
0.348778
0.680900
0.052150
0.686976
0.069068
0.377266
0.376186
0.375352
0.375439
0.375418
0.687568
0.061870
0.999395
0.685705
0.061374
0.372137
0.383761
0.384174
0.057157
0.083387
0.056552
0.678050
0.360328
0.411214
0.377123
0.377148
0.052348
0.687953
0.055117
0.686519
0.065092
0.999179
0.060074
0.687052
0.051759
0.999179
0.682131
0.683745
0.373773
0.686766
0.686506
0.058838
0.685657
0.371993
0.371889
0.057761
0.999179
0.056904
0.999179
0.370349
0.370390
0.999179
0.684814
0.684988
0.685307
0.372597
0.060817
0.373776
0.059212
0.053902
0.042852
0.037518
0.069262
0.109372
0.080019
0.057936
0.055227
0.368216
0.053801
0.055475
0.055034
0.365854
0.366451
0.054513
0.049885
0.355325
0.319841
0.375451
0.370696
0.429666
0.997774
0.139496
0.411130
0.075601
0.478155
0.713448
0.997774
0.380438
0.686509
0.686378
0.687271
0.105115
0.074619
0.102019
0.384284
0.366812
0.696288
0.060963
0.333320
0.368832
0.063588
0.035837
0.378469
0.680589
0.387798
0.085639
0.393414
0.105961
0.699265
0.402134
0.700335
0.071331
0.397171
0.067420
0.374779
0.080251
0.363104
0.000685
0.997774
0.420034
0.004811
0.062708
0.305211
0.098846
0.720027
0.398358
0.367912
0.347345
0.051525
0.688127
0.040656
0.416455
0.997371
0.394085
0.153621
0.029566
0.997371
0.370352
0.683868
0.052425
0.365427
0.679380
0.684129
0.997371
0.061697
0.040521
0.707632
0.050260
0.041891
0.360817
0.679844
0.360654
0.362259
0.363633
0.037585
0.354345
0.341806
0.343752
0.348169
0.353283
0.351367
0.056063
0.680352
0.060939
0.997371
0.375629
0.684039
0.997371
0.684039
0.681644
0.058666
0.997371
0.692319
0.671511
0.371824
0.076394
0.997371
0.690366
0.684891
0.424969
0.321528
0.401534
0.079759
0.037216
0.071199
0.365311
0.381600
0.055040
0.009703
0.745475
0.681544
0.107589
0.623743
0.139166
0.997371
0.061159
0.705400
0.059639
0.131163
0.093684
0.068463
0.379895
0.087796
0.680697
0.120035
0.397939
0.388496
0.378874
0.371232
0.680911
0.363599
0.363432
0.060164
0.422688
0.381395
0.341491
0.028886
0.348655
0.147266
0.404950
0.998628
0.080725
0.619791
0.393343
0.092119
0.686332
0.372413
0.386627
0.364317
0.102715
0.683586
0.045996
0.381464
0.378125
0.376892
0.374196
0.372638
0.045699
0.999395
0.376683
0.111085
0.999395
0.371551
0.999395
0.058533
0.105489
0.383832
0.093800
0.389686
0.391304
0.386432
0.383416
0.689384
0.375406
0.069493
0.688737
0.052142
0.371996
0.685413
0.371507
0.060285
0.373672
0.686279
0.062894
0.375287
0.999395
0.375448
0.062063
0.372804
0.371169
0.056746
0.688408
0.999179
0.073100
0.378015
0.688843
0.050326
0.680111
0.356232
0.367896
0.710035
0.692143
0.072660
0.063121
0.062854
0.067673
0.062325
0.055231
0.050382
0.047387
0.362134
0.046444
0.051496
0.057610
0.374478
0.062417
0.060582
0.059091
0.999179
0.685657
0.685599
0.685527
0.057640
0.057180
0.684908
0.370593
0.370432
0.370544
0.057275
0.371354
0.372120
0.060471
0.061212
0.999179
0.686013
0.684506
0.361120
0.350648
0.360936
0.052777
0.999179
0.689062
0.052919
0.999179
0.050154
0.681341
0.682269
0.367381
0.052695
0.041710
0.684387
0.018250
0.999389
0.633983
0.056825
0.108372
0.412019
0.316902
0.997774
0.342994
0.701214
0.215204
0.713448
0.102445
0.372251
0.374673
0.068314
0.068867
0.369738
0.679692
0.353945
0.087188
0.708732
0.407392
0.026068
0.701566
0.010075
0.379903
0.698535
0.387798
0.696728
0.385390
0.082719
0.405982
0.702647
0.389051
0.378648
0.073109
0.073700
0.368737
0.057345
0.695320
0.355434
0.351024
0.011811
0.111629
0.383630
0.997774
0.108139
0.044909
0.997774
0.417388
0.388998
0.294811
0.060576
0.997371
0.091562
0.997371
0.055764
0.137513
0.325554
0.099081
0.685033
0.378711
0.053292
0.367002
0.047856
0.039374
0.067004
0.025045
0.314274
0.997371
0.069521
0.351454
0.321438
0.067191
0.043435
0.360525
0.680114
0.355697
0.353300
0.349314
0.038659
0.058869
0.736070
0.020841
0.354283
0.076817
0.997371
0.365665
0.077336
0.081724
0.061298
0.054369
0.681644
0.364984
0.679701
0.375402
0.347731
0.037909
0.085576
0.997371
0.072024
0.061678
0.046340
0.027656
0.677597
0.333515
0.092684
0.997371
0.059609
0.681915
0.362705
0.686310
0.162594
0.696083
0.143629
0.684261
0.363353
0.623743
0.108488
0.379356
0.674355
0.399015
0.386322
0.058416
0.053326
0.683733
0.062762
0.742907
0.311903
0.083747
0.691597
0.069635
0.071378
0.107307
0.381873
0.385762
0.998628
0.394409
0.353665
0.373488
0.692338
0.056472
0.627925
0.103249
0.100058
0.112492
0.098059
0.229328
0.085011
0.126842
0.394163
0.384540
0.433077
0.683260
0.103448
0.684981
0.381991
0.075819
0.380342
0.378054
0.375349
0.378374
0.057490
0.024060
0.064749
0.060062
0.059283
0.358089
0.089116
0.378579
0.385876
0.684991
0.697089
0.074208
0.392153
0.087382
0.692240
0.080105
0.379692
0.372774
0.685989
0.056502
0.999395
0.685413
0.056362
0.371751
0.373036
0.686260
0.062287
0.063152
0.999395
0.687366
0.687125
0.057503
0.054747
0.064608
0.069698
0.690807
0.999179
0.381457
0.057156
0.999179
0.680111
0.677361
0.081173
0.104008
0.433830
0.373060
0.373570
0.375505
0.374631
0.686004
0.367293
0.681668
0.044845
0.049322
0.684573
0.684356
0.686255
0.687214
0.686938
0.686192
0.058840
0.058730
0.058529
0.371840
0.685481
0.685356
0.371084
0.057112
0.057202
0.371020
0.372273
0.372003
0.060426
0.060988
0.999179
0.373554
0.053570
0.679850
0.680949
0.680449
0.373629
0.096720
0.123905
0.056359
0.684533
0.366795
0.682152
0.681423
0.047777
0.365209
0.683475
0.053463
0.696835
0.373578
0.341383
0.117742
0.999389
0.381211
0.031842
0.320398
0.149068
0.739631
0.371297
0.282649
0.415112
0.362981
0.053076
0.054222
0.053576
0.369942
0.683426
0.032855
0.689810
0.343862
0.379600
0.075943
0.997774
0.374966
0.082473
0.359290
0.083976
0.397489
0.687329
0.129479
0.423258
0.031064
0.687560
0.704047
0.367148
0.674380
0.077252
0.681545
0.067643
0.702377
0.085142
0.997774
0.675269
0.404831
0.408285
0.090798
0.065701
0.363793
0.437874
0.460650
0.034615
0.302213
0.366061
0.077062
0.079915
0.128956
0.089146
0.683100
0.356849
0.380512
0.045857
0.119614
0.683124
0.366542
0.358659
0.052764
0.100362
0.397337
0.692302
0.007784
0.126644
0.682091
0.363954
0.673415
0.053794
0.368260
0.049676
0.365406
0.364157
0.051908
0.997371
0.686839
0.708209
0.432384
0.159792
0.011410
0.131810
0.109694
0.398051
0.689897
0.068576
0.997371
0.049135
0.367001
0.363683
0.361966
0.021693
0.997371
0.062951
0.386946
0.071276
0.997371
0.678601
0.352982
0.997371
0.677597
0.385510
0.099901
0.103221
0.997371
0.369343
0.341865
0.634961
0.122507
0.997371
0.379714
0.699974
0.096553
0.997371
0.693455
0.399015
0.998628
0.406507
0.110639
0.378431
0.380557
0.742907
0.359433
0.343364
0.408027
0.699664
0.079552
0.369521
0.120944
0.428392
0.668042
0.300945
0.142173
0.998628
0.060383
0.385857
0.034811
0.681564
0.040445
0.406570
0.998628
0.706591
0.328788
0.347808
0.103564
0.115491
0.695513
0.370563
0.684782
0.116220
0.999179
0.075841
0.386755
0.382252
0.689846
0.070768
0.690418
0.058363
0.367358
0.375178
0.689713
0.060413
0.685455
0.063777
0.368342
0.039136
0.369932
0.379821
0.694646
0.124136
0.110702
0.392144
0.082838
0.377575
0.373559
0.685420
0.056959
0.054833
0.054745
0.369438
0.370973
0.685456
0.372317
0.061088
0.686724
0.062444
0.062093
0.060790
0.058219
0.685543
0.060246
0.691217
0.073966
0.690807
0.691335
0.371433
0.680111
0.061185
0.692303
0.701399
0.695085
0.383319
0.371302
0.685613
0.373303
0.373780
0.056452
0.368885
0.048635
0.364895
0.050550
0.999179
0.059493
0.374459
0.062831
0.061065
0.059327
0.685809
0.372337
0.685758
0.371965
0.058020
0.371492
0.371334
0.685330
0.685389
0.371697
0.685756
0.060788
0.374972
0.063226
0.374695
0.374446
0.060114
0.047780
0.053051
0.678770
0.686311
0.694038
0.698253
0.684574
0.367908
0.367675
0.365504
0.364185
0.680094
0.364008
0.048078
0.079828
0.394703
0.999389
0.433248
0.362569
0.082398
0.119469
0.686439
0.120570
0.997774
0.357231
0.040610
0.370993
0.358537
0.048937
0.683797
0.367848
0.368080
0.056037
0.688582
0.068861
0.701037
0.312646
0.099456
0.392413
0.296667
0.115978
0.387343
0.054507
0.376923
0.076816
0.444940
0.444793
0.330710
0.152421
0.128463
0.997774
0.070802
0.088158
0.125983
0.353944
0.380417
0.677429
0.104648
0.066874
0.702095
0.392922
0.105068
0.696332
0.403698
0.065299
0.140714
0.374657
0.428715
0.406302
0.013480
0.358402
0.093296
0.357099
0.997371
0.372388
0.067709
0.702525
0.366685
0.060689
0.687040
0.040380
0.681162
0.063882
0.695315
0.997371
0.695315
0.078353
0.997371
0.699496
0.682091
0.058906
0.066338
0.379119
0.377557
0.376415
0.372670
0.370022
0.434337
0.708209
0.228362
0.291741
0.066914
0.708145
0.399705
0.414867
0.387623
0.997371
0.385982
0.056768
0.360717
0.038103
0.365890
0.072305
0.006770
0.036977
0.070385
0.997371
0.387303
0.055106
0.023452
0.054623
0.041929
0.137508
0.094813
0.689366
0.349888
0.429088
0.371726
0.011631
0.435222
0.079484
0.695893
0.114880
0.378758
0.398915
0.693455
0.081612
0.106269
0.406507
0.998628
0.113818
0.692416
0.444516
0.125115
0.368265
0.998628
0.043373
0.698771
0.053353
0.064727
0.677889
0.123321
0.006338
0.005668
0.143069
0.073949
0.337610
0.364820
0.998628
0.388939
0.076262
0.388456
0.706591
0.033835
0.071121
0.007311
0.375722
0.072382
0.999179
0.695513
0.361351
0.407393
0.108466
0.380682
0.079499
0.380343
0.379109
0.688370
0.071222
0.374051
0.376057
0.380413
0.692905
0.066246
0.999395
0.042930
0.361071
0.693936
0.378631
0.076836
0.999395
0.107599
0.397418
0.999395
0.076423
0.374018
0.999395
0.057878
0.684318
0.053923
0.999395
0.054017
0.685456
0.999395
0.059179
0.373677
0.686482
0.686724
0.373557
0.686490
0.059023
0.685952
0.061155
0.066202
0.380128
0.691335
0.381320
0.077674
0.050805
0.069136
0.064395
0.384706
0.067496
0.999179
0.369607
0.056852
0.371343
0.686114
0.372254
0.370626
0.368665
0.366969
0.367342
0.056035
0.999179
0.062652
0.374829
0.374290
0.373188
0.059146
0.372383
0.058776
0.058465
0.371900
0.057987
0.058008
0.058295
0.058872
0.059765
0.060790
0.374664
0.375758
0.376556
0.376029
0.062391
0.999179
0.686120
0.053431
0.371442
0.384175
0.067558
0.047751
0.050564
0.060143
0.052561
0.364604
0.042748
0.364008
0.999389
0.683093
0.681045
0.398997
0.394703
0.346462
0.404664
0.747774
0.690949
0.093259
0.027708
0.413174
0.105671
0.997774
0.056511
0.051960
0.372890
0.055794
0.682300
0.058042
0.997774
0.377043
0.381804
0.007163
0.674853
0.330490
0.051606
0.404317
0.689128
0.412893
0.063741
0.361074
0.384989
0.706175
0.105500
0.407023
0.997774
0.109879
0.704047
0.314053
0.353681
0.045042
0.675815
0.997774
0.053131
0.997774
0.082535
0.696922
0.385369
0.693774
0.381593
0.386401
0.696531
0.062762
0.683528
0.050986
0.997774
0.674120
0.099806
0.063443
0.997371
0.047113
0.343214
0.111854
0.711576
0.408850
0.069978
0.687541
0.114867
0.678202
0.368773
0.073428
0.384959
0.065814
0.046224
0.377357
0.046655
0.041319
0.077418
0.384794
0.074327
0.689179
0.379581
0.374092
0.062813
0.384122
0.181018
0.406760
0.112260
0.394539
0.997371
0.152522
0.377623
0.997371
0.076911
0.052167
0.997371
0.681739
0.354809
0.052413
0.344687
0.692897
0.062756
0.399529
0.387303
0.997371
0.690023
0.679110
0.669081
0.181219
0.729960
0.170221
0.391061
0.373177
0.010104
0.062204
0.997371
0.041280
0.144227
0.113147
0.198266
0.029381
0.049295
0.095754
0.091796
0.397276
0.095287
0.708638
0.079152
0.080789
0.692185
0.083323
0.579246
0.342337
0.998628
0.677873
0.111554
0.998628
0.748403
0.084556
0.309488
0.130992
0.422986
0.282079
0.392340
0.282375
0.698113
0.329060
0.050366
0.422099
0.697896
0.140693
0.690249
0.425945
0.067597
0.348890
0.083541
0.049014
0.707115
0.680578
0.071913
0.378143
0.378399
0.377226
0.376516
0.689537
0.378798
0.376193
0.051738
0.375098
0.382332
0.375331
0.056617
0.365571
0.999395
0.361071
0.061207
0.999395
0.081712
0.407088
0.695782
0.700245
0.072193
0.373008
0.058433
0.369299
0.684023
0.052843
0.053084
0.999395
0.055470
0.372055
0.686348
0.373393
0.686366
0.060751
0.686286
0.059785
0.059403
0.373652
0.375175
0.376992
0.687996
0.068651
0.066226
0.371834
0.999179
0.679756
0.699205
0.059373
0.059108
0.055740
0.368289
0.368295
0.369657
0.058190
0.685799
0.371551
0.370738
0.369890
0.683242
0.369932
0.062738
0.072228
0.999179
0.686762
0.373228
0.999179
0.372536
0.685791
0.372078
0.058226
0.999179
0.371963
0.059194
0.686183
0.061186
0.686759
0.686863
0.374715
0.687837
0.066029
0.072160
0.070212
0.060419
0.999179
0.375981
0.055174
0.999179
0.681124
0.371300
0.372496
0.370676
0.364424
0.043098
0.059051
0.048902
0.060414
0.694711
0.689307
0.098361
0.386893
0.113491
0.007353
0.668733
0.619729
0.478007
0.043415
0.372772
0.052847
0.997774
0.685609
0.372338
0.371267
0.368875
0.061903
0.066368
0.688069
0.380339
0.057960
0.684794
0.063408
0.688715
0.068440
0.684544
0.055220
0.358974
0.997774
0.005415
0.997774
0.378037
0.121313
0.410488
0.096272
0.390380
0.355695
0.325990
0.104107
0.049704
0.358221
0.684374
0.077793
0.692974
0.387625
0.362119
0.040261
0.301165
0.369282
0.069655
0.370683
0.997774
0.364189
0.674120
0.053992
0.391269
0.393978
0.075044
0.074692
0.381352
0.379058
0.402016
0.088308
0.377128
0.690158
0.116207
0.483991
0.364882
0.055885
0.997371
0.070043
0.628279
0.361560
0.361632
0.368296
0.071200
0.385868
0.386655
0.073653
0.363158
0.304182
0.700789
0.436061
0.134980
0.700434
0.388918
0.101904
0.049867
0.101368
0.997371
0.082778
0.079031
0.997371
0.371791
0.032849
0.997371
0.675466
0.673491
0.011072
0.288700
0.684644
0.090860
0.690023
0.370442
0.346478
0.312761
0.434656
0.997371
0.434453
0.681182
0.997371
0.058143
0.374942
0.376764
0.400211
0.673925
0.093015
0.310186
0.339605
0.997371
0.039846
0.399808
0.693593
0.085816
0.093999
0.083974
0.998628
0.372998
0.687984
0.114976
0.011847
0.008405
0.401968
0.084124
0.436385
0.010956
0.086188
0.398615
0.705990
0.046755
0.690766
0.293036
0.193236
0.423512
0.074629
0.682924
0.349815
0.097231
0.042362
0.998628
0.373411
0.364865
0.368977
0.366329
0.067919
0.072430
0.699457
0.074608
0.687902
0.687731
0.687325
0.689537
0.999179
0.689537
0.030416
0.681588
0.999395
0.058391
0.372658
0.369355
0.059872
0.062040
0.060522
0.085124
0.314652
0.677547
0.318210
0.089192
0.385140
0.377299
0.685503
0.999395
0.055119
0.608776
0.052686
0.368653
0.054707
0.056639
0.058478
0.059735
0.686366
0.999395
0.373243
0.059909
0.372742
0.059924
0.374210
0.687118
0.064172
0.999179
0.687996
0.687702
0.066462
0.026733
0.011129
0.065530
0.374233
0.056497
0.999179
0.683973
0.683502
0.683807
0.684584
0.057658
0.999179
0.372009
0.371796
0.056774
0.061470
0.999179
0.688178
0.069187
0.373478
0.372849
0.685898
0.685967
0.372335
0.685684
0.685561
0.058277
0.685590
0.059280
0.999179
0.373762
0.999179
0.374817
0.372850
0.059520
0.686489
0.375215
0.694464
0.366690
0.378682
0.385488
0.049780
0.681124
0.366762
0.373004
0.997774
0.685340
0.051166
0.067965
0.376712
0.997774
0.036801
0.036674
0.109402
0.415166
0.071425
0.692015
0.067897
0.309455
0.166128
0.694819
0.997774
0.044544
0.062848
0.377000
0.061709
0.997774
0.684412
0.058259
0.062950
0.997774
0.687100
0.378299
0.065704
0.686794
0.065662
0.687419
0.064533
0.997774
0.054173
0.685394
0.049996
0.090215
0.403928
0.457803
0.065925
0.997774
0.378106
0.049975
0.679236
0.681186
0.040946
0.997774
0.063730
0.997774
0.684374
0.394668
0.377725
0.397722
0.346904
0.650937
0.613736
0.682853
0.061062
0.369656
0.064911
0.072689
0.076243
0.094979
0.691454
0.388378
0.693300
0.089796
0.694848
0.997371
0.063173
0.378233
0.688501
0.060518
0.093178
0.681401
0.383031
0.092810
0.038932
0.378900
0.997371
0.359075
0.061883
0.392143
0.070871
0.689470
0.693914
0.379444
0.423348
0.306724
0.145749
0.410699
0.697414
0.389062
0.371396
0.049406
0.386838
0.077963
0.695947
0.997371
0.385999
0.372206
0.042717
0.675466
0.354729
0.352308
0.361030
0.997371
0.378450
0.389394
0.363810
0.363421
0.011853
0.096605
0.122647
0.124586
0.129381
0.701864
0.066049
0.997371
0.684874
0.079725
0.404344
0.423812
0.056878
0.342455
0.347664
0.345525
0.690573
0.997371
0.386485
0.689591
0.082297
0.383898
0.689783
0.071517
0.038775
0.711439
0.339954
0.682047
0.329608
0.093269
0.628563
0.422025
0.372285
0.103665
0.101888
0.695032
0.043156
0.676360
0.062455
0.379296
0.998628
0.056362
0.998628
0.679462
0.033467
0.352886
0.287075
0.363572
0.062090
0.674650
0.384758
0.124799
0.701900
0.177368
0.075412
0.060792
0.374628
0.380994
0.689537
0.060907
0.010819
0.026331
0.066163
0.373201
0.683526
0.369899
0.374358
0.298325
0.363011
0.696986
0.402639
0.622898
0.404020
0.417387
0.085537
0.999395
0.063136
0.056169
0.356418
0.999395
0.293090
0.053098
0.370073
0.371413
0.372543
0.373334
0.060386
0.373434
0.373388
0.372959
0.059969
0.686458
0.061837
0.999179
0.064814
0.687996
0.376634
0.373785
0.686743
0.050267
0.686605
0.058353
0.999179
0.685928
0.369567
0.052560
0.052630
0.054192
0.056315
0.058018
0.058447
0.999179
0.685848
0.370627
0.373876
0.049651
0.053485
0.074528
0.061514
0.686148
0.373065
0.372676
0.372333
0.372021
0.371812
0.058161
0.999179
0.685590
0.060136
0.686583
0.374067
0.374409
0.686384
0.685096
0.372276
0.681995
0.075123
0.065231
0.098926
0.062602
0.064042
0.376810
0.374192
0.378933
0.057067
0.058340
0.684698
0.683875
0.684831
0.070243
0.700887
0.390080
0.701921
0.410812
0.997774
0.085393
0.067634
0.997774
0.044915
0.737261
0.373404
0.060005
0.371420
0.065728
0.060191
0.056673
0.056799
0.060363
0.686051
0.064119
0.066084
0.066532
0.686909
0.376368
0.065361
0.686194
0.060249
0.684544
0.063419
0.997774
0.058667
0.997774
0.062394
0.292278
0.350290
0.065893
0.997774
0.683863
0.691189
0.383434
0.339564
0.059366
0.038198
0.430610
0.406541
0.370040
0.395635
0.709514
0.443216
0.287534
0.119409
0.071104
0.691583
0.077143
0.704934
0.694351
0.690527
0.396341
0.087943
0.997371
0.692371
0.693300
0.393789
0.075506
0.368623
0.360825
0.373471
0.059938
0.364596
0.698505
0.382837
0.115546
0.382418
0.700675
0.057591
0.037381
0.050340
0.034652
0.081683
0.084169
0.076867
0.436641
0.702670
0.162986
0.406944
0.398374
0.687620
0.377122
0.071332
0.690240
0.051425
0.997371
0.088287
0.082932
0.091201
0.062361
0.367536
0.363275
0.365984
0.048267
0.035340
0.050208
0.053569
0.345153
0.371772
0.372521
0.392863
0.997371
0.690627
0.682404
0.093932
0.694736
0.067470
0.105332
0.056637
0.365051
0.699862
0.158298
0.078761
0.104850
0.997371
0.093064
0.068116
0.076918
0.376527
0.691330
0.692662
0.691157
0.689864
0.382618
0.012399
0.383029
0.385617
0.400748
0.402286
0.628563
0.998628
0.628563
0.432201
0.386137
0.999825
0.696771
0.053094
0.696178
0.379454
0.998628
0.379296
0.376473
0.058585
0.049161
0.013693
0.677694
0.408371
0.006456
0.351892
0.688755
0.063977
0.312593
0.165447
0.087303
0.688856
0.072984
0.058104
0.091715
0.051007
0.692559
0.679860
0.999179
0.053964
0.378022
0.053215
0.362307
0.289664
0.412591
0.380625
0.074029
0.067274
0.145147
0.130919
0.406036
0.383254
0.070799
0.064694
0.118710
0.999395
0.356418
0.382941
0.053028
0.369601
0.371163
0.685524
0.059717
0.373591
0.686398
0.999395
0.373513
0.060595
0.374485
0.999179
0.063605
0.999179
0.376876
0.377307
0.376198
0.054961
0.999179
0.683994
0.686605
0.373552
0.371457
0.369481
0.368817
0.999179
0.683966
0.370726
0.372112
0.059891
0.060251
0.059234
0.369418
0.049689
0.359449
0.040247
0.999179
0.058495
0.060789
0.060062
0.059308
0.058501
0.685498
0.371661
0.057866
0.685590
0.372108
0.059876
0.686487
0.373837
0.373710
0.371859
0.051283
0.042185
0.041092
0.364945
0.062931
0.999179
0.684703
0.373446
0.376018
0.375773
0.361148
0.684757
0.685767
0.059865
0.372325
0.378828
0.686214
0.375715
0.693916
0.413203
0.424123
0.102641
0.046916
0.068536
0.067625
0.061900
0.381768
0.041791
0.067814
0.373022
0.060130
0.371989
0.370440
0.370728
0.060652
0.685864
0.063442
0.686203
0.064527
0.685866
0.374680
0.063711
0.689083
0.387329
0.057162
0.059978
0.074980
0.693320
0.673609
0.693320
0.017077
0.685562
0.692553
0.066781
0.080731
0.063193
0.657147
0.008133
0.363249
0.997774
0.349118
0.086959
0.997774
0.096801
0.124284
0.435803
0.479892
0.674864
0.075216
0.997774
0.691583
0.390271
0.383231
0.386682
0.397730
0.394783
0.086103
0.388216
0.075279
0.063984
0.362347
0.053621
0.681947
0.365975
0.372110
0.076327
0.671417
0.396595
0.171442
0.384401
0.677524
0.340667
0.013918
0.670449
0.691004
0.387581
0.386590
0.999869
0.081724
0.694233
0.689592
0.089592
0.380178
0.685608
0.369274
0.358838
0.067866
0.066916
0.690282
0.686839
0.387569
0.691647
0.691340
0.373932
0.369311
0.076764
0.119062
0.697063
0.368582
0.367157
0.054025
0.678717
0.387983
0.080944
0.064094
0.086072
0.443342
0.115175
0.695674
0.055003
0.597248
0.745605
0.681414
0.109215
0.413075
0.008462
0.291431
0.153749
0.702437
0.381726
0.997371
0.998628
0.064681
0.381901
0.384140
0.382618
0.998628
0.082579
0.113498
0.998628
0.402394
0.679105
0.101677
0.196566
0.148948
0.080933
0.424963
0.697968
0.089612
0.048355
0.045731
0.686778
0.698781
0.068847
0.375586
0.087882
0.388918
0.077453
0.362271
0.699831
0.111934
0.374784
0.080282
0.692231
0.065126
0.371341
0.686302
0.374354
0.386235
0.103861
0.399731
0.368177
0.053929
0.097483
0.043525
0.687636
0.362566
0.357960
0.359394
0.424446
0.394065
0.378348
0.376779
0.385815
0.372298
0.439267
0.139271
0.394358
0.366390
0.686297
0.289658
0.155729
0.392909
0.429789
0.053375
0.683577
0.054165
0.684647
0.059388
0.686424
0.060880
0.060908
0.373871
0.061392
0.687022
0.062841
0.064398
0.376550
0.377512
0.067802
0.688676
0.067071
0.683994
0.375521
0.061931
0.685864
0.371699
0.055550
0.053964
0.683966
0.369510
0.371355
0.372884
0.373926
0.373984
0.372682
0.369059
0.363963
0.359956
0.359795
0.050243
0.059660
0.999179
0.686299
0.686059
0.058388
0.057724
0.057280
0.057415
0.685462
0.057888
0.058787
0.059919
0.060987
0.060656
0.057779
0.370719
0.366572
0.048546
0.999179
0.684717
0.366185
0.370781
0.685907
0.373398
0.362506
0.373093
0.375205
0.375919
0.687658
0.372659
0.373034
0.377210
0.379076
0.396549
0.097367
0.174487
0.425021
0.367897
0.064875
0.666621
0.374406
0.026997
0.006440
0.997774
0.057550
0.997774
0.370375
0.370661
0.059285
0.373703
0.997774
0.062108
0.685489
0.061828
0.684073
0.373676
0.383416
0.436337
0.310763
0.368769
0.389599
0.053844
0.077573
0.372795
0.030001
0.997774
0.035548
0.691342
0.692553
0.381656
0.061604
0.374228
0.051639
0.997774
0.363249
0.355740
0.330318
0.132763
0.411118
0.673523
0.691396
0.367007
0.071117
0.381435
0.691583
0.384845
0.054009
0.380516
0.111409
0.409495
0.391521
0.386226
0.078830
0.381756
0.372955
0.365385
0.049764
0.682644
0.053705
0.997371
0.043158
0.997371
0.071836
0.294493
0.088606
0.673449
0.016736
0.363921
0.359575
0.366755
0.695282
0.999869
0.386590
0.067753
0.085912
0.688741
0.076007
0.377663
0.687616
0.373899
0.058367
0.694930
0.385065
0.078757
0.079944
0.396987
0.096457
0.096022
0.002233
0.091492
0.997371
0.409378
0.997371
0.383669
0.682835
0.051789
0.357277
0.685211
0.103976
0.997371
0.692737
0.694444
0.187137
0.034905
0.084420
0.066007
0.013906
0.091384
0.115172
0.311979
0.690910
0.309229
0.365609
0.118154
0.685192
0.690579
0.062961
0.057601
0.067294
0.076084
0.078238
0.078034
0.153581
0.700447
0.396207
0.385877
0.998628
0.091943
0.188099
0.701589
0.720250
0.999825
0.426161
0.420063
0.069704
0.372889
0.045025
0.055073
0.684781
0.373231
0.683700
0.083400
0.251178
0.731327
0.313713
0.087501
0.367681
0.999179
0.379891
0.067889
0.373811
0.686777
0.074793
0.999179
0.135190
0.070751
0.999395
0.048578
0.355905
0.353033
0.045042
0.678713
0.359440
0.360387
0.379671
0.299604
0.746155
0.068555
0.390378
0.393840
0.412172
0.340707
0.382940
0.424464
0.085050
0.698560
0.057428
0.371986
0.371936
0.684287
0.051930
0.367720
0.999395
0.057839
0.999395
0.060962
0.374135
0.999395
0.686489
0.375051
0.999179
0.687536
0.377278
0.378291
0.068845
0.688810
0.067497
0.376462
0.687504
0.062073
0.685983
0.372039
0.685312
0.054801
0.369460
0.056751
0.999179
0.373552
0.686536
0.999179
0.686536
0.370638
0.366510
0.364049
0.364392
0.368317
0.372484
0.060631
0.059988
0.059086
0.057794
0.685000
0.685166
0.056581
0.056796
0.371028
0.058554
0.685980
0.060645
0.686660
0.373609
0.056613
0.999179
0.368503
0.053575
0.364844
0.371054
0.060190
0.062397
0.060517
0.065543
0.068799
0.070250
0.067998
0.374658
0.372123
0.049253
0.043568
0.051718
0.077000
0.390291
0.106499
0.700681
0.116424
0.044550
0.997774
0.081291
0.047825
0.368815
0.371115
0.683814
0.684210
0.361703
0.368501
0.371639
0.060524
0.061160
0.372800
0.684522
0.057525
0.685584
0.999260
0.687070
0.697131
0.164551
0.324585
0.069375
0.386135
0.369477
0.378349
0.386994
0.665147
0.088901
0.997774
0.386473
0.688793
0.058297
0.997774
0.048840
0.089958
0.694120
0.114921
0.177511
0.997774
0.089384
0.100995
0.119150
0.089621
0.092062
0.368607
0.054015
0.038130
0.997774
0.378675
0.702031
0.411016
0.094589
0.401080
0.077285
0.694105
0.359359
0.057966
0.683663
0.683559
0.051882
0.366561
0.361625
0.035216
0.038535
0.673200
0.025397
0.743069
0.073775
0.398097
0.371222
0.388748
0.396153
0.695282
0.393807
0.383805
0.066207
0.077563
0.381287
0.380551
0.693598
0.381154
0.686396
0.687738
0.695663
0.695745
0.702698
0.097551
0.397443
0.307821
0.997371
0.035806
0.359330
0.481163
0.313774
0.363487
0.372179
0.059482
0.364646
0.044494
0.693475
0.073022
0.694444
0.131525
0.019882
0.997371
0.618925
0.456643
0.709197
0.997371
0.109392
0.321515
0.080803
0.693649
0.038317
0.997371
0.056928
0.368062
0.676268
0.377077
0.070618
0.387562
0.385761
0.743876
0.150645
0.087402
0.700447
0.384564
0.046637
0.413470
0.432984
0.445664
0.143290
0.720250
0.165424
0.685963
0.053664
0.998628
0.061441
0.370117
0.688512
0.382624
0.384507
0.381615
0.363164
0.333236
0.433562
0.053912
0.670841
0.367681
0.382737
0.063091
0.373943
0.378344
0.690355
0.084060
0.098229
0.386677
0.671669
0.368287
0.367294
0.680545
0.046388
0.046493
0.682097
0.043811
0.305639
0.491068
0.716029
0.134931
0.396295
0.092729
0.311710
0.352167
0.120301
0.709713
0.999395
0.709713
0.069118
0.375161
0.370065
0.365255
0.680961
0.364251
0.367720
0.055610
0.060179
0.999395
0.686651
0.373919
0.374235
0.374675
0.375538
0.376727
0.068104
0.069717
0.070534
0.379709
0.068250
0.688195
0.064311
0.373639
0.686057
0.057546
0.684716
0.684645
0.369823
0.057465
0.373359
0.686601
0.374463
0.374749
0.373580
0.686286
0.367945
0.999179
0.682700
0.683877
0.372700
0.999179
0.686229
0.372309
0.371585
0.685273
0.056258
0.056027
0.684809
0.370793
0.058192
0.999179
0.373053
0.060861
0.999179
0.686301
0.056097
0.055723
0.684340
0.055520
0.058121
0.370733
0.370616
0.372280
0.374991
0.377102
0.377773
0.375432
0.373269
0.051253
0.362683
0.049368
0.377715
0.685399
0.084935
0.997774
0.703083
0.082336
0.312344
0.141424
0.997774
0.726199
0.677770
0.368815
0.054120
0.052093
0.048868
0.675611
0.056915
0.372488
0.372246
0.371405
0.684175
0.054805
0.368180
0.050656
0.048011
0.073088
0.015288
0.396956
0.392665
0.389602
0.387804
0.060826
0.690229
0.080190
0.084160
0.386561
0.061325
0.370801
0.067014
0.684663
0.074462
0.997774
0.106993
0.997774
0.226860
0.108023
0.121589
0.185086
0.398759
0.685374
0.401575
0.136352
0.043350
0.997774
0.351337
0.059333
0.020509
0.391495
0.417068
0.073970
0.369875
0.376718
0.372714
0.343928
0.370566
0.052065
0.047556
0.997371
0.359159
0.357652
0.033775
0.351475
0.425684
0.402235
0.082503
0.689994
0.377028
0.155512
0.699727
0.416510
0.130203
0.695608
0.076111
0.383650
0.383558
0.694983
0.386146
0.693598
0.068191
0.084063
0.394464
0.109832
0.442685
0.075311
0.692799
0.998105
0.051602
0.697308
0.213587
0.239497
0.351127
0.054992
0.068369
0.376340
0.369855
0.061671
0.059124
0.371573
0.060841
0.060501
0.016485
0.038704
0.042539
0.121705
0.099006
0.102371
0.083658
0.037199
0.019435
0.699475
0.081603
0.060802
0.035044
0.041366
0.997774
0.365374
0.691563
0.695289
0.694682
0.103995
0.381622
0.407330
0.067313
0.046153
0.381452
0.107948
0.182911
0.125030
0.064210
0.439914
0.299977
0.701495
0.070850
0.070903
0.685067
0.688512
0.999179
0.379133
0.089621
0.745675
0.680006
0.386262
0.079703
0.366589
0.691225
0.071041
0.104700
0.371989
0.687232
0.690355
0.689556
0.383568
0.095156
0.373703
0.058991
0.373381
0.688575
0.363633
0.059420
0.367331
0.999395
0.062590
0.686010
0.115973
0.394893
0.080180
0.385437
0.999395
0.378357
0.041936
0.433453
0.146575
0.410049
0.103365
0.062319
0.372280
0.365485
0.362086
0.999395
0.680961
0.050247
0.685894
0.999395
0.373150
0.373952
0.062041
0.374453
0.374919
0.064587
0.067246
0.999179
0.689230
0.689722
0.070912
0.379659
0.066836
0.687582
0.061685
0.685948
0.056678
0.369514
0.684426
0.369500
0.056832
0.373348
0.372961
0.374673
0.375614
0.374976
0.372414
0.055839
0.054564
0.056088
0.372148
0.060734
0.686229
0.372988
0.685895
0.685520
0.056511
0.055663
0.999179
0.684678
0.370675
0.058010
0.059695
0.686135
0.686253
0.060886
0.060578
0.058302
0.369919
0.999179
0.684340
0.369402
0.368642
0.369793
0.370340
0.062241
0.997774
0.687224
0.686891
0.054986
0.364769
0.363320
0.365758
0.364107
0.367356
0.367993
0.072002
0.070906
0.111611
0.997774
0.024550
0.071893
0.361468
0.040548
0.054410
0.364634
0.359903
0.679185
0.409575
0.049640
0.058525
0.684677
0.058187
0.684266
0.054331
0.682986
0.365861
0.361124
0.358052
0.036891
0.694636
0.997774
0.386182
0.076302
0.380374
0.997774
0.690229
0.690970
0.378882
0.366114
0.362805
0.059897
0.693238
0.111367
0.700333
0.416362
0.135580
0.121141
0.997774
0.382389
0.997774
0.125943
0.395917
0.424198
0.303800
0.059870
0.069830
0.020395
0.408872
0.152923
0.717321
0.084779
0.692697
0.368404
0.028746
0.997371
0.675981
0.373137
0.047924
0.997371
0.045637
0.362417
0.045697
0.683767
0.046891
0.681984
0.363624
0.099971
0.069170
0.352062
0.081579
0.457942
0.437210
0.999869
0.406315
0.069689
0.384247
0.386622
0.385507
0.691935
0.077926
0.076643
0.998105
0.395175
0.298380
0.063813
0.052948
0.694694
0.386889
0.076747
0.735388
0.997371
0.087907
0.344938
0.691667
0.691626
0.687560
0.060403
0.683100
0.685282
0.057456
0.997371
0.682012
0.340960
0.313144
0.392553
0.289921
0.330555
0.084962
0.679045
0.999460
0.059484
0.393745
0.379587
0.367704
0.373609
0.688972
0.356536
0.375589
0.379751
0.082207
0.088265
0.682701
0.739164
0.390013
0.383644
0.691255
0.382731
0.326118
0.385746
0.998628
0.014919
0.065351
0.087478
0.691312
0.393970
0.073622
0.065590
0.063236
0.379432
0.377274
0.689800
0.067563
0.039779
0.052142
0.369052
0.693543
0.016399
0.999179
0.700014
0.047014
0.061583
0.066055
0.688539
0.379937
0.079014
0.689350
0.072824
0.377905
0.689550
0.067116
0.381637
0.376243
0.053538
0.366980
0.070996
0.392720
0.368781
0.693017
0.692560
0.691814
0.692560
0.373132
0.377460
0.390700
0.696506
0.078520
0.375643
0.369972
0.364410
0.681126
0.041323
0.359798
0.361838
0.052388
0.685894
0.060501
0.062049
0.999179
0.374609
0.375062
0.687306
0.377404
0.378719
0.379890
0.071257
0.690069
0.379931
0.378724
0.377033
0.375088
0.373030
0.055320
0.368436
0.684048
0.368444
0.054518
0.056286
0.999179
0.373664
0.375314
0.062721
0.061226
0.373711
0.059509
0.686118
0.060389
0.060701
0.060192
0.059363
0.058303
0.057163
0.370615
0.370199
0.055559
0.055854
0.370750
0.371390
0.059024
0.999179
0.060466
0.686398
0.059506
0.685120
0.685553
0.369919
0.053998
0.369832
0.053449
0.997774
0.368939
0.370228
0.062292
0.063661
0.059564
0.368125
0.363453
0.361543
0.364430
0.367721
0.365437
0.365579
0.363848
0.365712
0.061808
0.391616
0.053120
0.997774
0.367931
0.055538
0.997774
0.363905
0.679051
0.357511
0.309087
0.088246
0.684677
0.683291
0.374596
0.386796
0.056149
0.685150
0.373083
0.383464
0.068033
0.385621
0.075750
0.383830
0.689488
0.067123
0.687774
0.380934
0.690970
0.067795
0.054426
0.997774
0.040261
0.047725
0.045689
0.096174
0.100514
0.108347
0.403165
0.046243
0.690533
0.092946
0.078362
0.399545
0.369928
0.315791
0.372424
0.048794
0.679414
0.375857
0.386586
0.110018
0.643030
0.400890
0.386813
0.067568
0.997371
0.055231
0.066144
0.090748
0.093841
0.050493
0.365556
0.055777
0.689789
0.059407
0.370057
0.683356
0.040011
0.682162
0.047144
0.358178
0.449361
0.275037
0.204801
0.410750
0.690795
0.132081
0.999869
0.693494
0.691508
0.690401
0.690170
0.690015
0.381190
0.095427
0.743220
0.610442
0.068428
0.692195
0.375193
0.015277
0.697308
0.091511
0.360346
0.382068
0.384125
0.375861
0.374376
0.684922
0.063585
0.064037
0.057981
0.057009
0.044142
0.054374
0.997371
0.063972
0.667514
0.277874
0.049899
0.408730
0.681134
0.397577
0.066333
0.366512
0.385398
0.387324
0.997371
0.025170
0.092724
0.090111
0.378464
0.398581
0.084744
0.046190
0.120756
0.392241
0.392488
0.017021
0.353264
0.998628
0.385746
0.020758
0.354437
0.691312
0.998628
0.384398
0.690397
0.689349
0.382309
0.381648
0.691896
0.075311
0.375142
0.362051
0.030532
0.154693
0.321447
0.999179
0.020513
0.059720
0.055511
0.375735
0.376987
0.999179
0.376416
0.066915
0.685368
0.064292
0.376720
0.688263
0.070590
0.378797
0.374942
0.687348
0.059270
0.692480
0.674002
0.695914
0.694173
0.082083
0.387284
0.381403
0.100711
0.690365
0.696506
0.999395
0.696506
0.380288
0.060731
0.681126
0.999395
0.362630
0.039777
0.043777
0.050924
0.371615
0.686230
0.062047
0.686871
0.062544
0.063341
0.064729
0.066634
0.378741
0.070612
0.999179
0.070802
0.069876
0.067932
0.065232
0.062063
0.058640
0.055166
0.052073
0.367085
0.683430
0.051830
0.999179
0.053965
0.371445
0.060597
0.999179
0.686410
0.373222
0.999179
0.685969
0.373101
0.373305
0.373013
0.372477
0.371870
0.056797
0.999179
0.370406
0.370457
0.056749
0.685494
0.371774
0.685524
0.059650
0.686070
0.059930
0.058013
0.684232
0.054846
0.052914
0.367669
0.053058
0.999179
0.368478
0.682812
0.683152
0.683742
0.685064
0.055309
0.681631
0.363364
0.361031
0.362289
0.365091
0.366127
0.366670
0.681481
0.372191
0.065053
0.691118
0.079338
0.672761
0.395465
0.377986
0.374208
0.367528
0.046191
0.032931
0.009184
0.367425
0.056317
0.378309
0.694096
0.363909
0.007572
0.670291
0.377235
0.078661
0.691649
0.083798
0.686969
0.685392
0.064606
0.370580
0.058439
0.066554
0.376740
0.997774
0.055425
0.369215
0.381698
0.380058
0.079188
0.997774
0.376296
0.378562
0.363560
0.377221
0.072471
0.997774
0.400163
0.393534
0.059787
0.066822
0.078319
0.050958
0.370718
0.685008
0.071085
0.694346
0.055695
0.997371
0.388039
0.353488
0.080896
0.404386
0.087130
0.692139
0.690365
0.380482
0.061543
0.686307
0.066228
0.375317
0.372237
0.686757
0.395904
0.413089
0.031123
0.387668
0.388744
0.176349
0.693329
0.153433
0.695248
0.396375
0.386640
0.381321
0.380487
0.377147
0.062709
0.057352
0.375830
0.407634
0.319784
0.373106
0.674337
0.099980
0.677218
0.065756
0.355513
0.386487
0.378327
0.380679
0.374645
0.374284
0.371639
0.374587
0.687008
0.064209
0.372500
0.684851
0.684537
0.373337
0.072401
0.068228
0.627357
0.415995
0.219861
0.156403
0.417818
0.440081
0.997371
0.094545
0.695723
0.997371
0.082428
0.997774
0.400541
0.374164
0.998628
0.377818
0.998628
0.073877
0.694959
0.701330
0.396220
0.674884
0.688802
0.061117
0.369056
0.345706
0.353938
0.055556
0.691312
0.072630
0.078660
0.382606
0.383380
0.999179
0.691553
0.372718
0.331766
0.101286
0.440941
0.694022
0.136896
0.012394
0.387186
0.698190
0.068211
0.376221
0.375363
0.376416
0.999179
0.371519
0.370294
0.055483
0.372654
0.375919
0.999395
0.069212
0.377249
0.689525
0.068022
0.073713
0.000142
0.152194
0.695914
0.110882
0.069695
0.136994
0.704396
0.172127
0.101199
0.696506
0.087094
0.687700
0.688700
0.058618
0.051521
0.366151
0.365360
0.053249
0.686315
0.060099
0.061959
0.062306
0.062449
0.375160
0.999179
0.687437
0.687891
0.068275
0.379713
0.380201
0.689667
0.378909
0.377732
0.688285
0.687334
0.372265
0.370306
0.051755
0.682866
0.366558
0.049775
0.367729
0.999179
0.053541
0.055413
0.057152
0.058457
0.059571
0.685969
0.372741
0.685957
0.060296
0.685558
0.372773
0.057943
0.685169
0.056330
0.056333
0.685195
0.057682
0.685821
0.372341
0.059348
0.685938
0.059773
0.372250
0.685694
0.685108
0.684232
0.683327
0.682798
0.683249
0.366964
0.367650
0.367276
0.367860
0.368675
0.371079
0.685562
0.683871
0.364106
0.045305
0.997774
0.364209
0.051316
0.997774
0.055174
0.376993
0.074729
0.997774
0.088282
0.392426
0.405353
0.083083
0.997774
0.689626
0.369229
0.376655
0.361158
0.037373
0.997774
0.067537
0.362993
0.680221
0.024571
0.676854
0.341563
0.002657
0.674293
0.074687
0.070257
0.997774
0.685392
0.683866
0.682575
0.365921
0.057811
0.372287
0.371973
0.997774
0.083113
0.630948
0.696970
0.386594
0.299916
0.128921
0.066094
0.068855
0.391557
0.075291
0.073868
0.377852
0.678673
0.676512
0.696045
0.313763
0.348941
0.054826
0.686594
0.061630
0.686825
0.061521
0.696544
0.704471
0.106296
0.718822
0.117138
0.087574
0.690716
0.067703
0.374541
0.685814
0.065212
0.065666
0.997371
0.325531
0.360154
0.431959
0.213492
0.110323
0.999869
0.695676
0.703641
0.367810
0.069804
0.743078
0.372177
0.385627
0.059045
0.682477
0.683054
0.999869
0.053809
0.387395
0.122727
0.673604
0.088385
0.439246
0.387185
0.362941
0.388672
0.061519
0.114297
0.078289
0.076078
0.059652
0.061395
0.063982
0.064701
0.062992
0.683658
0.372542
0.057780
0.379058
0.393673
0.042748
0.688453
0.334874
0.117150
0.706592
0.999460
0.100058
0.690081
0.699770
0.107145
0.390828
0.997371
0.074527
0.102990
0.029652
0.171601
0.133566
0.070297
0.371769
0.068233
0.083272
0.088817
0.391138
0.364273
0.998628
0.064063
0.676841
0.680161
0.684433
0.683965
0.069502
0.691914
0.384261
0.999179
0.075305
0.383165
0.691104
0.357457
0.038561
0.701366
0.400182
0.073037
0.387902
0.694456
0.388675
0.069243
0.356471
0.363701
0.054709
0.054162
0.365933
0.999179
0.049059
0.682187
0.056922
0.066574
0.377956
0.688950
0.072063
0.692276
0.081202
0.436432
0.338469
0.151104
0.054169
0.068145
0.999395
0.692678
0.008292
0.136159
0.095151
0.077316
0.071149
0.999395
0.376085
0.372426
0.369841
0.369236
0.057427
0.686874
0.374158
0.375238
0.063186
0.687305
0.063206
0.375438
0.065073
0.066457
0.377977
0.069071
0.069525
0.069179
0.689174
0.688611
0.376034
0.374120
0.686085
0.685168
0.052458
0.682899
0.366791
0.050021
0.366642
0.683390
0.683138
0.367610
0.368126
0.684435
0.055707
0.371655
0.371876
0.372276
0.059301
0.686096
0.057429
0.685015
0.371879
0.371043
0.684876
0.684919
0.058499
0.999179
0.685821
0.686027
0.060197
0.373024
0.685916
0.056428
0.053216
0.048984
0.045708
0.048209
0.365676
0.366461
0.366187
0.048767
0.047030
0.044996
0.051733
0.057260
0.367697
0.047563
0.680937
0.046500
0.364288
0.369251
0.367698
0.684621
0.070608
0.384490
0.081979
0.695980
0.695271
0.399179
0.404572
0.393578
0.381251
0.372466
0.367443
0.362771
0.002590
0.684314
0.071206
0.370454
0.997774
0.044926
0.677732
0.360386
0.092281
0.682186
0.042416
0.997774
0.379091
0.059326
0.058299
0.364408
0.354455
0.011799
0.054270
0.055249
0.687429
0.014219
0.997774
0.331365
0.068465
0.173331
0.997774
0.440308
0.384604
0.382517
0.068262
0.373377
0.051085
0.054132
0.091835
0.110036
0.088800
0.362202
0.684869
0.370139
0.065705
0.997371
0.686825
0.054690
0.127872
0.372031
0.408006
0.123190
0.997371
0.391992
0.069921
0.374263
0.685693
0.373951
0.062455
0.012562
0.670768
0.690334
0.351606
0.060693
0.100927
0.064284
0.033624
0.374470
0.708922
0.359145
0.040281
0.692481
0.358260
0.050096
0.683317
0.360893
0.369992
0.381613
0.367726
0.117900
0.066033
0.061631
0.064619
0.064786
0.374081
0.347369
0.626114
0.389640
0.347178
0.080846
0.997371
0.687415
0.387711
0.375606
0.057972
0.997371
0.039299
0.687494
0.088633
0.642550
0.111990
0.999857
0.688453
0.098267
0.366860
0.107157
0.702728
0.087170
0.072274
0.396587
0.392419
0.380440
0.067434
0.998628
0.691729
0.432755
0.371293
0.360117
0.684980
0.998628
0.376312
0.998628
0.073171
0.376310
0.062976
0.375832
0.369402
0.052491
0.052211
0.377439
0.382305
0.692320
0.071857
0.381404
0.072234
0.999179
0.063492
0.085806
0.401944
0.699988
0.088442
0.385022
0.387231
0.384542
0.999179
0.370740
0.027286
0.355353
0.360830
0.363205
0.999179
0.047863
0.045840
0.681825
0.052290
0.373603
0.376163
0.999395
0.072045
0.690521
0.073530
0.080642
0.999395
0.713960
0.115608
0.686932
0.068282
0.083528
0.383208
0.387120
0.386565
0.383984
0.379303
0.064625
0.999395
0.372900
0.685398
0.684825
0.685152
0.686046
0.686658
0.375285
0.063668
0.687319
0.375684
0.064382
0.376622
0.066803
0.688576
0.067978
0.688531
0.377934
0.378104
0.376868
0.061962
0.686085
0.371836
0.370271
0.054266
0.368291
0.053234
0.052547
0.367303
0.683138
0.052090
0.683399
0.999179
0.369034
0.683346
0.052688
0.052858
0.056960
0.999179
0.686008
0.053983
0.683846
0.370820
0.685460
0.056613
0.057132
0.685328
0.372484
0.373047
0.060552
0.999179
0.686364
0.372291
0.685389
0.684272
0.365710
0.679473
0.679799
0.052551
0.056659
0.054383
0.364732
0.362796
0.364492
0.366537
0.368704
0.051688
0.048581
0.364835
0.682403
0.055658
0.997774
0.372618
0.043277
0.043531
0.384199
0.445852
0.997774
0.013454
0.386479
0.402196
0.097679
0.059302
0.365256
0.375748
0.372435
0.054844
0.356825
0.091460
0.386566
0.057338
0.050241
0.691165
0.120299
0.702370
0.108232
0.705661
0.052174
0.009962
0.377232
0.687038
0.064660
0.024601
0.070661
0.368302
0.371431
0.072159
0.495844
0.376051
0.187203
0.134728
0.702833
0.189185
0.691323
0.690610
0.078113
0.997774
0.379853
0.691878
0.997774
0.388138
0.083016
0.071977
0.379321
0.997774
0.068443
0.687315
0.072740
0.087995
0.342662
0.277509
0.411322
0.358707
0.078704
0.390869
0.391164
0.383860
0.065752
0.682183
0.355178
0.297076
0.104726
0.027808
0.685966
0.371404
0.044964
0.365548
0.692946
0.999869
0.039474
0.026212
0.699463
0.321155
0.098931
0.095308
0.377143
0.049314
0.385524
0.111674
0.062110
0.048162
0.367167
0.370429
0.684196
0.062289
0.382864
0.067671
0.325770
0.099114
0.997371
0.690224
0.017166
0.072734
0.106961
0.630126
0.385374
0.390589
0.112422
0.679347
0.410461
0.025030
0.999857
0.358583
0.690939
0.107713
0.384814
0.997371
0.088436
0.394857
0.699888
0.682201
0.360984
0.374242
0.371178
0.367083
0.059632
0.080548
0.119716
0.360790
0.359853
0.049655
0.057542
0.063699
0.065835
0.058078
0.062802
0.687863
0.372756
0.686774
0.998628
0.375127
0.061235
0.377949
0.690403
0.060427
0.376037
0.690005
0.690448
0.071711
0.690374
0.083962
0.694771
0.397721
0.087981
0.693564
0.076870
0.058924
0.681474
0.028710
0.355923
0.360640
0.363312
0.365101
0.046160
0.364270
0.682487
0.050633
0.686608
0.374084
0.066789
0.379506
0.999395
0.379558
0.056399
0.078360
0.111399
0.367062
0.054257
0.371566
0.376617
0.072842
0.692477
0.999395
0.382885
0.999395
0.376813
0.372900
0.999395
0.370945
0.371097
0.372501
0.060531
0.061824
0.374218
0.375367
0.999179
0.687319
0.376274
0.065992
0.999179
0.377550
0.377751
0.377627
0.377097
0.065166
0.375921
0.374403
0.058818
0.685129
0.370470
0.684749
0.369335
0.684428
0.369449
0.369291
0.369084
0.052556
0.366636
0.683399
0.366656
0.366048
0.681951
0.682618
0.055700
0.686008
0.058294
0.054485
0.683704
0.369532
0.056769
0.685125
0.684999
0.372026
0.373082
0.373808
0.061725
0.686364
0.060283
0.685389
0.370887
0.054181
0.368692
0.048601
0.051434
0.371774
0.061650
0.997774
0.049180
0.680913
0.364450
0.682036
0.052619
0.681677
0.050028
0.997774
0.681686
0.682403
0.066589
0.079739
0.434006
0.077233
0.408515
0.428211
0.059894
0.605537
0.283501
0.090305
0.385348
0.059405
0.997774
0.059479
0.382050
0.401457
0.410929
0.997774
0.397270
0.378313
0.067080
0.691568
0.099615
0.697901
0.409495
0.017014
0.742630
0.275128
0.303136
0.075855
0.379951
0.401013
0.063692
0.372349
0.377398
0.447609
0.461096
0.997774
0.363934
0.435820
0.692237
0.388671
0.075030
0.084572
0.125616
0.438658
0.384322
0.062787
0.083203
0.997774
0.387958
0.694042
0.389539
0.075669
0.073162
0.997371
0.687315
0.091441
0.700181
0.354585
0.316865
0.075339
0.688469
0.382425
0.385762
0.385933
0.066650
0.691697
0.083858
0.087399
0.683559
0.046620
0.684112
0.369634
0.049860
0.353038
0.015914
0.092880
0.042167
0.686608
0.054927
0.125784
0.424708
0.415906
0.003688
0.037587
0.998105
0.391855
0.998105
0.060747
0.370050
0.371418
0.607612
0.060641
0.382889
0.393864
0.107371
0.107958
0.047719
0.015055
0.096446
0.421516
0.052680
0.678580
0.328628
0.682735
0.700250
0.152808
0.997371
0.457759
0.645035
0.433066
0.460398
0.111287
0.348361
0.070223
0.997371
0.078808
0.056860
0.042478
0.060405
0.057438
0.052975
0.363713
0.677909
0.365083
0.366699
0.684032
0.054003
0.684347
0.998628
0.062815
0.686382
0.685466
0.998628
0.375746
0.066289
0.377419
0.686774
0.062893
0.057023
0.054153
0.053179
0.368917
0.057796
0.064360
0.070261
0.999179
0.374382
0.072658
0.686636
0.388582
0.085672
0.694185
0.077970
0.681474
0.999179
0.042399
0.362476
0.364206
0.365922
0.999395
0.368911
0.050787
0.684569
0.051720
0.055873
0.373166
0.686843
0.065847
0.379475
0.061959
0.366988
0.683196
0.046836
0.365375
0.366689
0.999395
0.057554
0.377626
0.384215
0.071719
0.068136
0.062768
0.059231
0.371359
0.056438
0.056140
0.057063
0.057760
0.371091
0.058100
0.685179
0.060955
0.062261
0.063668
0.376199
0.065867
0.066562
0.999179
0.377254
0.376965
0.688142
0.375422
0.062057
0.060090
0.372216
0.371294
0.370631
0.370205
0.054570
0.053729
0.053497
0.054233
0.055151
0.052523
0.365768
0.682490
0.364931
0.048211
0.682618
0.366675
0.050090
0.065052
0.682370
0.683704
0.999179
0.683704
0.684866
0.370909
0.371122
0.372261
0.061690
0.062877
0.063458
0.063322
0.063073
0.062223
0.060505
0.059298
0.999179
0.372591
0.683709
0.685247
0.063525
0.369302
0.050866
0.997774
0.680913
0.052980
0.049559
0.997774
0.681677
0.365694
0.053487
0.058388
0.374354
0.116666
0.338927
0.324203
0.722781
0.688284
0.038198
0.330806
0.997774
0.666962
0.372090
0.370164
0.369749
0.063213
0.439758
0.706059
0.674237
0.110710
0.435295
0.064649
0.997774
0.686806
0.087358
0.697482
0.045625
0.997774
0.641418
0.479320
0.588850
0.682708
0.693159
0.373017
0.088134
0.686284
0.698754
0.997774
0.336437
0.164582
0.396565
0.298616
0.075989
0.680948
0.377368
0.393692
0.696271
0.423959
0.428056
0.070889
0.997774
0.089723
0.095449
0.389539
0.997774
0.696741
0.386823
0.060988
0.054110
0.111192
0.376385
0.688248
0.058117
0.379568
0.997371
0.381303
0.384010
0.385221
0.080941
0.394774
0.997371
0.006260
0.109230
0.368611
0.682863
0.368937
0.035774
0.685757
0.033814
0.447685
0.378454
0.694007
0.384649
0.409931
0.100457
0.713149
0.115510
0.292866
0.308697
0.410070
0.375204
0.684599
0.685327
0.607612
0.998105
0.606879
0.383882
0.692842
0.698527
0.697917
0.686386
0.374640
0.093218
0.401148
0.997371
0.396623
0.390137
0.099884
0.117245
0.284782
0.095161
0.379842
0.409744
0.163874
0.747371
0.046285
0.295395
0.379251
0.051250
0.373805
0.686130
0.684111
0.684301
0.683105
0.682381
0.364175
0.046338
0.366008
0.369999
0.998628
0.061123
0.055709
0.063648
0.998628
0.065468
0.374581
0.685466
0.062374
0.066247
0.377525
0.063907
0.060641
0.683575
0.367827
0.367832
0.054181
0.373851
0.377636
0.688369
0.374382
0.681134
0.055063
0.682591
0.069637
0.387320
0.693266
0.078261
0.067188
0.054584
0.370694
0.368475
0.999395
0.367558
0.052710
0.684700
0.059781
0.687152
0.371649
0.056998
0.374000
0.685896
0.063863
0.374866
0.371859
0.369256
0.683744
0.049468
0.364666
0.365298
0.051629
0.370047
0.372909
0.064905
0.372371
0.370449
0.368702
0.999395
0.684755
0.684348
0.684382
0.054783
0.369017
0.683798
0.054560
0.999179
0.371390
0.372918
0.374490
0.064562
0.999179
0.065815
0.688359
0.065402
0.999179
0.064331
0.374898
0.373985
0.373025
0.058414
0.057544
0.056868
0.055881
0.368759
0.999179
0.683366
0.683105
0.055740
0.999179
0.367868
0.366738
0.057006
0.381418
0.067846
0.051283
0.380919
0.689249
0.685172
0.056996
0.683704
0.369422
0.371146
0.056801
0.057125
0.059706
0.062763
0.999179
0.064578
0.999179
0.376357
0.687572
0.376686
0.063909
0.373402
0.375878
0.064502
0.067655
0.377099
0.055871
0.680707
0.046858
0.364404
0.682598
0.682500
0.047006
0.049908
0.052736
0.370065
0.387960
0.434544
0.300779
0.092654
0.283191
0.091605
0.997774
0.389438
0.389553
0.044053
0.043707
0.364635
0.375272
0.068225
0.080346
0.004601
0.153152
0.997774
0.362712
0.997774
0.686249
0.370023
0.050544
0.058230
0.701854
0.997774
0.035545
0.446106
0.699844
0.090334
0.371710
0.070097
0.997774
0.378208
0.391717
0.086404
0.336437
0.997774
0.335310
0.058488
0.997774
0.677560
0.115864
0.382458
0.363808
0.046847
0.488285
0.373295
0.078811
0.391060
0.695379
0.103041
0.103613
0.093249
0.096774
0.391047
0.378478
0.366288
0.068379
0.378346
0.997371
0.379882
0.073474
0.072996
0.688693
0.380613
0.380849
0.075263
0.361519
0.376844
0.997371
0.037047
0.369285
0.679516
0.370279
0.066411
0.365059
0.421700
0.387451
0.694007
0.999869
0.389367
0.697910
0.110473
0.709127
0.098448
0.162873
0.130037
0.013245
0.103597
0.061649
0.065871
0.375149
0.295984
0.062543
0.379575
0.090784
0.115172
0.089578
0.067087
0.373275
0.098651
0.697651
0.396623
0.708928
0.713067
0.096159
0.696005
0.033281
0.027724
0.073386
0.095287
0.431866
0.098280
0.012751
0.099552
0.387985
0.682236
0.672875
0.373296
0.372181
0.369566
0.368016
0.367322
0.682739
0.370348
0.373880
0.686889
0.059554
0.055986
0.688088
0.998628
0.069698
0.375573
0.377706
0.375340
0.053610
0.370149
0.374972
0.686512
0.388494
0.041594
0.365340
0.683521
0.057083
0.687867
0.999179
0.063818
0.370324
0.682889
0.683872
0.369154
0.066335
0.385658
0.691530
0.385778
0.075528
0.068395
0.375001
0.684502
0.682353
0.057144
0.999395
0.372600
0.065547
0.688509
0.376011
0.062003
0.371711
0.999395
0.061697
0.999395
0.687253
0.057540
0.683431
0.048285
0.999395
0.047434
0.366119
0.367521
0.368487
0.368424
0.367653
0.999395
0.366517
0.051064
0.051151
0.368257
0.054112
0.053706
0.368253
0.999395
0.052813
0.056526
0.685366
0.372401
0.373985
0.063976
0.376498
0.065266
0.065356
0.687587
0.064584
0.375393
0.061776
0.999179
0.373299
0.372821
0.058531
0.999179
0.685220
0.369302
0.367768
0.048209
0.050042
0.054748
0.684478
0.369091
0.368386
0.070439
0.692573
0.999179
0.085325
0.054557
0.425177
0.439190
0.378421
0.058598
0.060134
0.059245
0.371671
0.371622
0.372891
0.374540
0.063888
0.064974
0.065003
0.687808
0.065019
0.066320
0.377281
0.999179
0.687421
0.067829
0.687567
0.059577
0.365777
0.363273
0.997774
0.365140
0.366013
0.043980
0.997774
0.366814
0.369465
0.074940
0.672995
0.327293
0.423080
0.318211
0.172815
0.410399
0.080233
0.370904
0.997774
0.059164
0.104379
0.433309
0.619598
0.370865
0.069440
0.746167
0.709338
0.126167
0.058655
0.364971
0.034550
0.683815
0.675059
0.368255
0.697482
0.399399
0.403170
0.382298
0.099363
0.049326
0.390178
0.001599
0.681507
0.345000
0.091417
0.042641
0.424461
0.035139
0.689395
0.067954
0.362184
0.362424
0.096282
0.997774
0.376699
0.341579
0.303898
0.375469
0.085814
0.696455
0.095444
0.396011
0.399508
0.394364
0.083455
0.391557
0.066156
0.682185
0.058025
0.374228
0.379882
0.997371
0.380699
0.688693
0.678509
0.049845
0.696152
0.062354
0.366897
0.356940
0.673585
0.367493
0.058451
0.684788
0.691027
0.038812
0.695567
0.010007
0.103681
0.088775
0.088281
0.999869
0.395435
0.394052
0.696987
0.121687
0.696791
0.698567
0.997371
0.075496
0.378332
0.379258
0.067527
0.063961
0.375050
0.381175
0.085266
0.064639
0.071089
0.997371
0.369622
0.081016
0.110567
0.131577
0.090060
0.997371
0.108797
0.705178
0.389393
0.687432
0.126686
0.380118
0.089326
0.997371
0.401059
0.997371
0.087115
0.073848
0.092355
0.080871
0.061927
0.051939
0.052716
0.053143
0.057205
0.380780
0.686889
0.998628
0.372600
0.998628
0.060094
0.069067
0.089398
0.073071
0.068990
0.046263
0.367796
0.371249
0.061694
0.014784
0.352092
0.372221
0.683521
0.998628
0.060126
0.063621
0.068756
0.071620
0.058745
0.365827
0.999179
0.371338
0.068878
0.691530
0.999179
0.691530
0.382168
0.687713
0.378528
0.063329
0.059700
0.060426
0.373680
0.120395
0.057145
0.696155
0.377063
0.061325
0.625860
0.057874
0.054057
0.056336
0.064349
0.369212
0.999395
0.044873
0.050472
0.682297
0.682639
0.682916
0.682986
0.682750
0.999395
0.049515
0.363727
0.363707
0.365204
0.051667
0.053737
0.684612
0.369235
0.052694
0.053240
0.371031
0.685753
0.685366
0.374067
0.063667
0.687605
0.064729
0.376008
0.687460
0.687587
0.375165
0.374590
0.061169
0.373641
0.373510
0.686087
0.372048
0.371232
0.055212
0.367126
0.048826
0.999179
0.368578
0.055467
0.053616
0.066883
0.089070
0.381016
0.082834
0.389653
0.999179
0.441423
0.339778
0.073800
0.999179
0.687095
0.686628
0.372923
0.372794
0.373587
0.374730
0.375551
0.064561
0.376186
0.999179
0.376191
0.065745
0.377526
0.687973
0.067186
0.377856
0.376666
0.058911
0.682895
0.682844
0.363273
0.362558
0.359735
0.358910
0.362069
0.682306
0.058389
0.374022
0.997774
0.345699
0.307121
0.058141
0.390796
0.689598
0.386070
0.373014
0.057738
0.089073
0.686669
0.042814
0.662907
0.302038
0.059325
0.101515
0.701312
0.679351
0.685297
0.355624
0.333827
0.282324
0.024703
0.042796
0.695319
0.398365
0.366436
0.046490
0.997774
0.683152
0.366873
0.148535
0.640631
0.447312
0.669574
0.088219
0.097905
0.997774
0.697604
0.071744
0.997774
0.373132
0.301308
0.092952
0.682369
0.677038
0.063380
0.385746
0.088294
0.691429
0.071113
0.684652
0.085427
0.089902
0.689390
0.381390
0.379423
0.370862
0.050212
0.368557
0.064775
0.069343
0.051183
0.046339
0.684176
0.073847
0.698012
0.083501
0.373882
0.682041
0.097316
0.126872
0.025308
0.080750
0.680240
0.081970
0.397430
0.370758
0.402411
0.440133
0.689606
0.386624
0.394052
0.999869
0.103831
0.086875
0.093976
0.072786
0.386595
0.060321
0.374888
0.687505
0.374492
0.063326
0.683002
0.407361
0.413891
0.416042
0.065014
0.059279
0.358387
0.049473
0.403914
0.682382
0.705753
0.390853
0.717642
0.387855
0.997371
0.109478
0.689797
0.690213
0.392244
0.087235
0.092030
0.090243
0.127058
0.415583
0.701731
0.689161
0.996564
0.061546
0.367291
0.368195
0.385048
0.998628
0.069019
0.375800
0.379362
0.301016
0.348105
0.998628
0.078377
0.003448
0.999178
0.060783
0.388810
0.383192
0.313307
0.357002
0.998628
0.366169
0.366714
0.371870
0.686741
0.065849
0.999179
0.379055
0.686296
0.052743
0.371338
0.999179
0.686645
0.073023
0.691530
0.070421
0.064497
0.374570
0.375171
0.375303
0.685233
0.048064
0.406317
0.999395
0.123183
0.679362
0.060642
0.324924
0.999395
0.625860
0.045604
0.379901
0.685176
0.999395
0.063886
0.058831
0.361818
0.046096
0.047018
0.365364
0.365328
0.682986
0.047025
0.999395
0.363419
0.047175
0.367817
0.999395
0.369559
0.370376
0.370315
0.054630
0.370550
0.371985
0.999179
0.060989
0.062249
0.375840
0.687561
0.064475
0.687550
0.687601
0.375636
0.375079
0.686988
0.686742
0.686548
0.686472
0.061173
0.061229
0.060310
0.372861
0.367888
0.682880
0.365810
0.368298
0.371129
0.053560
0.999179
0.061627
0.377796
0.999179
0.390248
0.077719
0.640282
0.085746
0.375942
0.687095
0.374768
0.060526
0.999179
0.374004
0.374343
0.374951
0.063754
0.999179
0.687514
0.064569
0.687665
0.999179
0.687665
0.066274
0.998628
0.687927
0.687660
0.372879
0.684902
0.050358
0.044652
0.042733
0.044724
0.052158
0.051586
0.043646
0.012875
0.997774
0.058340
0.047880
0.683163
0.061252
0.997774
0.688766
0.689598
0.684040
0.682220
0.366042
0.364856
0.366092
0.393479
0.351042
0.069412
0.997774
0.099193
0.388834
0.997774
0.043980
0.605039
0.360500
0.683762
0.036778
0.696446
0.058219
0.368664
0.051808
0.368524
0.067014
0.085592
0.113284
0.096147
0.272563
0.394881
0.136893
0.094582
0.091264
0.387121
0.383828
0.052011
0.670644
0.685223
0.628438
0.364442
0.356613
0.392412
0.095334
0.110624
0.697288
0.072574
0.997774
0.390796
0.997774
0.393230
0.377752
0.060819
0.682240
0.049639
0.680574
0.051367
0.341314
0.345581
0.365931
0.699783
0.065444
0.007352
0.676574
0.126012
0.412085
0.694795
0.717017
0.118292
0.378136
0.384966
0.389503
0.377905
0.100218
0.681169
0.095378
0.696285
0.390678
0.356882
0.392695
0.702382
0.694126
0.079656
0.373883
0.997371
0.060864
0.370827
0.061265
0.371459
0.371859
0.373449
0.109435
0.709401
0.716988
0.430645
0.082192
0.063425
0.063733
0.370173
0.997371
0.360168
0.356239
0.383178
0.089401
0.079703
0.083733
0.090239
0.080570
0.077103
0.997371
0.689687
0.089230
0.996564
0.702422
0.139747
0.396771
0.377138
0.996564
0.056020
0.368209
0.699054
0.691495
0.075262
0.369756
0.376859
0.374543
0.002322
0.048780
0.390807
0.692987
0.681160
0.693537
0.390677
0.688441
0.694065
0.087406
0.062831
0.067725
0.063600
0.372511
0.684734
0.062509
0.067041
0.066351
0.059082
0.999179
0.369596
0.371088
0.066856
0.066762
0.061636
0.058182
0.685697
0.687059
0.999395
0.065236
0.675500
0.025095
0.675077
0.071759
0.283825
0.386300
0.132738
0.389022
0.625860
0.385443
0.079144
0.396736
0.060257
0.366504
0.362120
0.060479
0.372342
0.366098
0.365682
0.049587
0.048409
0.046690
0.045296
0.046075
0.999395
0.049249
0.684133
0.053462
0.056570
0.685982
0.371685
0.056851
0.685545
0.372140
0.061183
0.374714
0.687404
0.375107
0.999179
0.687561
0.687627
0.064078
0.063557
0.375130
0.062331
0.374179
0.061662
0.061852
0.686864
0.375112
0.375153
0.686876
0.369582
0.367102
0.366149
0.055008
0.999179
0.061404
0.380024
0.999179
0.365281
0.369927
0.360859
0.062323
0.386029
0.685749
0.064110
0.687320
0.375299
0.061848
0.062190
0.687087
0.999179
0.687087
0.687255
0.375665
0.375648
0.375101
0.063178
0.375344
0.687475
0.063467
0.376366
0.063551
0.062039
0.998628
0.369792
0.683740
0.682281
0.369845
0.363664
0.055318
0.682936
0.360981
0.329425
0.014498
0.410160
0.052361
0.373109
0.685173
0.065398
0.065301
0.055956
0.049476
0.052713
0.055958
0.044670
0.033891
0.689031
0.373653
0.376608
0.086639
0.097584
0.384905
0.076488
0.076899
0.686002
0.370029
0.041777
0.055996
0.685229
0.684244
0.370630
0.684347
0.371623
0.379082
0.997774
0.295319
0.997774
0.013334
0.705096
0.102414
0.997774
0.083541
0.377040
0.997774
0.688530
0.367388
0.342900
0.374105
0.080578
0.392412
0.997774
0.700144
0.105440
0.997774
0.093204
0.088441
0.439798
0.379948
0.024960
0.737038
0.056005
0.997774
0.049378
0.680263
0.361894
0.029372
0.373226
0.403144
0.394135
0.382864
0.997774
0.385702
0.048387
0.411341
0.699389
0.116678
0.409086
0.073496
0.689617
0.078074
0.691915
0.361161
0.366181
0.997371
0.389969
0.322944
0.374577
0.398078
0.064992
0.087229
0.389704
0.375728
0.062336
0.371326
0.369926
0.367696
0.370514
0.373468
0.378099
0.102345
0.698802
0.127220
0.716513
0.446758
0.167554
0.685162
0.997371
0.370173
0.015014
0.060588
0.375737
0.687452
0.691090
0.696079
0.699192
0.697706
0.385712
0.379639
0.068846
0.996564
0.100597
0.078402
0.081496
0.165434
0.138502
0.371119
0.683376
0.368215
0.092540
0.103029
0.084345
0.034775
0.055223
0.051589
0.338119
0.401281
0.301072
0.112313
0.390436
0.443642
0.406899
0.390551
0.999178
0.390436
0.078639
0.689109
0.075747
0.371700
0.685445
0.686757
0.999179
0.371657
0.999179
0.049328
0.683623
0.366567
0.064224
0.685838
0.999179
0.054431
0.054274
0.059851
0.071681
0.369468
0.363445
0.418659
0.609886
0.042588
0.689451
0.116573
0.677272
0.093364
0.403671
0.096912
0.058743
0.692876
0.060973
0.688249
0.052362
0.683929
0.056804
0.999395
0.369004
0.053445
0.369625
0.684914
0.050274
0.366461
0.049576
0.368984
0.685028
0.370599
0.058829
0.686910
0.373267
0.058843
0.686321
0.374743
0.999179
0.688377
0.063307
0.059500
0.063444
0.376047
0.376013
0.687567
0.687427
0.687267
0.374983
0.062219
0.374538
0.686851
0.374802
0.687209
0.687286
0.373903
0.060059
0.057375
0.056759
0.058132
0.058284
0.065821
0.689574
0.381313
0.067601
0.999179
0.372545
0.058376
0.374419
0.377161
0.688158
0.377449
0.064432
0.375033
0.999179
0.063225
0.687087
0.375356
0.063171
0.374778
0.374889
0.374601
0.061139
0.060072
0.686858
0.685737
0.061670
0.998628
0.374017
0.372119
0.371079
0.368997
0.366339
0.372607
0.373249
0.044981
0.680830
0.367825
0.047253
0.686297
0.365306
0.034377
0.370164
0.698970
0.371972
0.371751
0.370965
0.054732
0.372918
0.999664
0.686556
0.352848
0.343372
0.689031
0.374804
0.376637
0.391947
0.086365
0.069392
0.366234
0.368177
0.052621
0.363321
0.050554
0.051784
0.053594
0.055093
0.055844
0.054684
0.055799
0.072524
0.397821
0.601342
0.401111
0.106419
0.686777
0.389110
0.073823
0.693543
0.380877
0.097454
0.029770
0.071297
0.071408
0.078725
0.095357
0.700144
0.392595
0.046370
0.111405
0.411380
0.107513
0.059670
0.997774
0.075148
0.690910
0.105634
0.051550
0.366399
0.364170
0.050319
0.071105
0.327898
0.100910
0.099072
0.744628
0.103655
0.684241
0.084317
0.393535
0.383361
0.997371
0.382373
0.074395
0.686678
0.076146
0.054340
0.359050
0.678239
0.366181
0.325833
0.351438
0.373248
0.363125
0.685993
0.298633
0.067902
0.997371
0.057740
0.997371
0.683697
0.045567
0.680837
0.372859
0.378762
0.080580
0.392916
0.997371
0.423329
0.706256
0.170670
0.057343
0.685162
0.106408
0.348938
0.681513
0.375151
0.381561
0.078860
0.102317
0.697706
0.389667
0.375691
0.054913
0.676976
0.379978
0.692837
0.068429
0.996564
0.099136
0.375991
0.080473
0.057363
0.367889
0.394858
0.689818
0.044067
0.029379
0.333606
0.351197
0.364622
0.998628
0.436114
0.345677
0.066753
0.000002
0.109280
0.090917
0.390436
0.689419
0.084230
0.998628
0.075410
0.063294
0.057576
0.058844
0.373911
0.686967
0.371233
0.038933
0.359956
0.052774
0.070462
0.068248
0.371775
0.999179
0.371890
0.691678
0.388233
0.685498
0.742976
0.703099
0.416548
0.300600
0.685905
0.376128
0.072658
0.103153
0.700122
0.400716
0.393767
0.068962
0.687918
0.061924
0.999395
0.374875
0.051019
0.052882
0.685250
0.060761
0.373763
0.372495
0.686038
0.053828
0.369666
0.685028
0.999395
0.372294
0.373968
0.375098
0.375078
0.373821
0.999395
0.373576
0.068430
0.687547
0.376314
0.687097
0.999179
0.375560
0.376001
0.064057
0.063565
0.375243
0.687210
0.687064
0.686941
0.374680
0.374981
0.062769
0.063343
0.063611
0.687502
0.065193
0.688752
0.375662
0.685958
0.077102
0.056932
0.054430
0.690614
0.058802
0.376152
0.068966
0.381389
0.689336
0.381178
0.379267
0.065799
0.376120
0.687365
0.064116
0.687280
0.063205
0.999179
0.374542
0.061244
0.372571
0.058220
0.684572
0.057565
0.057005
0.056895
0.057432
0.057560
0.058094
0.057462
0.370086
0.055246
0.368057
0.369140
0.046133
0.680625
0.366293
0.369602
0.367449
0.371616
0.045301
0.379683
0.997774
0.400410
0.374503
0.371601
0.058649
0.999664
0.374807
0.378771
0.299049
0.355642
0.046178
0.363986
0.354212
0.324602
0.131249
0.378830
0.069978
0.070367
0.381799
0.370609
0.366701
0.049755
0.680677
0.048529
0.360672
0.997774
0.680677
0.358428
0.363134
0.087452
0.699844
0.103406
0.398186
0.077307
0.074432
0.690122
0.383607
0.020401
0.997774
0.690127
0.383683
0.379083
0.119292
0.695733
0.042843
0.399097
0.109439
0.407379
0.701465
0.086961
0.335884
0.690910
0.690912
0.374968
0.037935
0.063620
0.054724
0.997774
0.003740
0.354601
0.681206
0.120137
0.410140
0.997774
0.420714
0.073884
0.371671
0.381803
0.388325
0.377827
0.053597
0.997371
0.061229
0.363926
0.361511
0.680552
0.034963
0.037759
0.069120
0.062344
0.067986
0.052406
0.417254
0.309491
0.053724
0.377683
0.058216
0.034120
0.043424
0.997371
0.680837
0.373676
0.067793
0.686270
0.082007
0.091610
0.125848
0.102575
0.314704
0.160403
0.997371
0.077172
0.055952
0.061512
0.069374
0.376466
0.075671
0.387354
0.075463
0.057444
0.053342
0.051227
0.369801
0.098069
0.996564
0.049613
0.043474
0.675916
0.675941
0.694349
0.683222
0.690672
0.677380
0.105135
0.998628
0.051916
0.343932
0.428864
0.026157
0.034720
0.308976
0.443065
0.307763
0.367192
0.414841
0.081229
0.694052
0.048464
0.369721
0.051572
0.378595
0.685822
0.375080
0.685935
0.059006
0.683486
0.034482
0.355907
0.370774
0.379160
0.689458
0.066514
0.685116
0.060869
0.073157
0.999179
0.083631
0.064366
0.290770
0.744885
0.364514
0.380165
0.066042
0.999395
0.083159
0.402169
0.696127
0.387266
0.068558
0.687469
0.687918
0.060391
0.369974
0.058908
0.367653
0.684562
0.063891
0.687864
0.689412
0.376087
0.058604
0.371625
0.057300
0.372294
0.999395
0.375563
0.376932
0.376934
0.374392
0.062393
0.064676
0.073311
0.371138
0.687394
0.365813
0.366462
0.376525
0.376349
0.064293
0.999179
0.687447
0.375208
0.374939
0.374701
0.374575
0.062151
0.999179
0.686708
0.687154
0.065985
0.069464
0.689825
0.378342
0.066090
0.389853
0.395729
0.051569
0.061270
0.064663
0.065625
0.069559
0.078124
0.691424
0.386249
0.070391
0.066879
0.065648
0.376642
0.376457
0.063809
0.374830
0.686931
0.061222
0.686045
0.058798
0.684572
0.998628
0.684572
0.684183
0.369049
0.368861
0.368705
0.368949
0.368582
0.055507
0.368579
0.046813
0.997774
0.041850
0.681396
0.366521
0.683237
0.373718
0.373596
0.046978
0.428708
0.093222
0.368055
0.388618
0.377392
0.367565
0.123076
0.065134
0.376148
0.678401
0.619914
0.356691
0.362828
0.375270
0.671130
0.638327
0.747422
0.073102
0.383161
0.378898
0.374467
0.371444
0.051043
0.679318
0.361263
0.358627
0.036760
0.029416
0.034876
0.056598
0.383356
0.095171
0.997774
0.074222
0.365946
0.997774
0.067319
0.076942
0.071802
0.690127
0.075631
0.379165
0.368599
0.042022
0.053070
0.083214
0.389638
0.395373
0.399713
0.698511
0.120286
0.082309
0.053689
0.373861
0.597252
0.681833
0.671841
0.069849
0.686582
0.065862
0.055927
0.372899
0.692338
0.435055
0.420952
0.685202
0.148904
0.371679
0.685375
0.682800
0.370347
0.054594
0.062386
0.683979
0.053865
0.364525
0.681435
0.372162
0.997371
0.688981
0.381570
0.055634
0.423074
0.698087
0.438190
0.390554
0.358185
0.031010
0.747347
0.041372
0.680837
0.368456
0.063783
0.375308
0.997371
0.686270
0.686462
0.386971
0.398888
0.157210
0.694366
0.458800
0.706040
0.108185
0.385177
0.376400
0.381601
0.387592
0.077551
0.362124
0.374691
0.370741
0.683521
0.081642
0.724308
0.387655
0.697310
0.679653
0.359470
0.382840
0.352201
0.367902
0.378918
0.698293
0.088754
0.064807
0.344797
0.369362
0.998628
0.685030
0.037771
0.998628
0.326747
0.094778
0.702890
0.695832
0.394074
0.678336
0.679240
0.998628
0.369977
0.998628
0.068682
0.685455
0.684993
0.057008
0.050714
0.046467
0.039617
0.687712
0.999179
0.070869
0.688250
0.375483
0.067026
0.703000
0.393756
0.369167
0.680167
0.167500
0.999395
0.434477
0.064984
0.688665
0.068114
0.379073
0.085082
0.694183
0.387534
0.068693
0.999395
0.375232
0.368720
0.077596
0.371431
0.365092
0.999395
0.060220
0.066134
0.376260
0.999395
0.374078
0.685972
0.999395
0.372450
0.373780
0.687408
0.377334
0.999395
0.376019
0.687806
0.687664
0.096016
0.056923
0.679908
0.353039
0.074026
0.065557
0.064771
0.064471
0.375690
0.687324
0.375421
0.063041
0.061954
0.374168
0.373681
0.373284
0.062226
0.377803
0.999179
0.379927
0.999179
0.689825
0.688769
0.690217
0.137772
0.390610
0.379821
0.376976
0.378619
0.611437
0.055497
0.078359
0.382091
0.376332
0.066490
0.378011
0.999179
0.375990
0.063264
0.374076
0.686283
0.060530
0.059387
0.057758
0.056882
0.684572
0.369956
0.054399
0.998628
0.683794
0.682945
0.683220
0.367835
0.997774
0.682616
0.681516
0.044561
0.043167
0.367343
0.681541
0.055548
0.062409
0.692006
0.063217
0.690967
0.376408
0.387353
0.388018
0.396943
0.388022
0.373557
0.086038
0.694111
0.022834
0.121379
0.369963
0.359838
0.371417
0.035180
0.242138
0.300059
0.374662
0.376931
0.689862
0.372972
0.058464
0.681987
0.046811
0.999664
0.678360
0.356249
0.032768
0.352124
0.364020
0.065948
0.077197
0.086748
0.090648
0.373332
0.060417
0.997774
0.683923
0.373774
0.069813
0.997774
0.381241
0.368017
0.364874
0.391789
0.066445
0.384794
0.309463
0.673134
0.395111
0.103851
0.696753
0.088101
0.290161
0.997774
0.271318
0.328687
0.116016
0.375132
0.997774
0.107372
0.287672
0.056510
0.102158
0.680229
0.112086
0.134774
0.068226
0.055106
0.368453
0.683274
0.368994
0.056718
0.683459
0.368676
0.049278
0.680097
0.051826
0.064697
0.070599
0.069467
0.350986
0.316946
0.705704
0.389856
0.690342
0.063142
0.426727
0.997371
0.038543
0.054384
0.045879
0.060717
0.374287
0.375516
0.066703
0.084088
0.100296
0.997371
0.070172
0.135727
0.097956
0.690997
0.706040
0.398634
0.997371
0.074834
0.081729
0.687398
0.685850
0.370065
0.686480
0.365731
0.090125
0.406237
0.093963
0.366480
0.372235
0.367250
0.031109
0.063754
0.050410
0.066243
0.693242
0.102069
0.676998
0.326970
0.347963
0.361758
0.101931
0.385232
0.022308
0.694234
0.385544
0.373406
0.402911
0.998628
0.097770
0.058976
0.370960
0.372404
0.689364
0.080538
0.067195
0.058954
0.054578
0.684063
0.367622
0.052679
0.059883
0.073105
0.079941
0.077788
0.063760
0.061138
0.051075
0.068575
0.056874
0.430691
0.625748
0.165278
0.072315
0.066977
0.686415
0.375390
0.083571
0.389186
0.999395
0.383523
0.067922
0.374307
0.059962
0.368919
0.060440
0.679925
0.682231
0.684562
0.370104
0.688036
0.999395
0.376260
0.375628
0.060671
0.685972
0.373476
0.374936
0.376949
0.068609
0.688432
0.068536
0.078469
0.082965
0.402772
0.137629
0.080415
0.385114
0.999179
0.684553
0.375594
0.375909
0.064082
0.687422
0.375620
0.687444
0.687093
0.373418
0.372096
0.048347
0.057876
0.378877
0.689282
0.074949
0.070896
0.072824
0.088830
0.079908
0.131916
0.383397
0.376869
0.374095
0.294292
0.338931
0.999179
0.065869
0.071603
0.998628
0.065194
0.998628
0.378011
0.064013
0.373990
0.686432
0.060194
0.998628
0.058865
0.371540
0.998628
0.370706
0.370023
0.054803
0.683794
0.368382
0.368862
0.053172
0.051096
0.682616
0.049174
0.046710
0.047416
0.364912
0.681541
0.679046
0.362274
0.364511
0.065514
0.382551
0.692372
0.690967
0.390411
0.089124
0.387950
0.373405
0.085300
0.688242
0.702221
0.377195
0.087429
0.999664
0.370653
0.370407
0.128858
0.999664
0.123532
0.372641
0.686899
0.375063
0.686183
0.056526
0.370365
0.668655
0.052051
0.046514
0.046419
0.999664
0.352774
0.343727
0.077690
0.375765
0.381310
0.382618
0.071147
0.059927
0.055872
0.054933
0.057421
0.060255
0.082697
0.997774
0.373564
0.364424
0.092973
0.385999
0.303037
0.346570
0.997774
0.069916
0.694985
0.393441
0.080095
0.687705
0.290161
0.023904
0.476323
0.025885
0.388324
0.385027
0.404773
0.151040
0.392716
0.368013
0.678666
0.061162
0.997774
0.074961
0.683481
0.683274
0.684782
0.057572
0.371083
0.684009
0.368174
0.047213
0.679399
0.051078
0.682796
0.065073
0.365627
0.296955
0.745493
0.309135
0.403183
0.064338
0.043277
0.997371
0.426727
0.660535
0.360396
0.046252
0.681714
0.060399
0.997371
0.380810
0.087777
0.397235
0.398202
0.391052
0.075594
0.745115
0.093978
0.088146
0.098112
0.184428
0.396474
0.083863
0.378660
0.374957
0.686480
0.997371
0.059303
0.102064
0.098945
0.384038
0.076502
0.374367
0.369164
0.383946
0.379085
0.375078
0.692128
0.379549
0.998628
0.086634
0.998628
0.032649
0.369691
0.692613
0.998628
0.081892
0.998628
0.053125
0.374591
0.404200
0.100090
0.998628
0.086632
0.681959
0.042036
0.119063
0.396486
0.998628
0.065383
0.369940
0.685122
0.369941
0.058127
0.689541
0.382180
0.691110
0.070106
0.999179
0.036966
0.362169
0.679567
0.049411
0.625748
0.345652
0.999395
0.358818
0.067456
0.695927
0.433601
0.300658
0.383937
0.389186
0.692101
0.062077
0.684685
0.371302
0.371270
0.065266
0.055536
0.043361
0.047229
0.049016
0.057637
0.376153
0.688483
0.062317
0.686236
0.373306
0.373752
0.375659
0.378205
0.380462
0.071140
0.687463
0.090636
0.692707
0.376938
0.275426
0.022819
0.377433
0.061426
0.687717
0.687424
0.375295
0.375314
0.375496
0.375740
0.375484
0.374421
0.057373
0.047375
0.999179
0.043859
0.054916
0.383492
0.686987
0.691271
0.999179
0.067405
0.680481
0.693799
0.404714
0.379124
0.687888
0.370695
0.364808
0.026041
0.068054
0.049748
0.074375
0.065925
0.689144
0.377763
0.375487
0.060069
0.685836
0.058442
0.685486
0.058422
0.998628
0.371540
0.371280
0.058288
0.370636
0.369656
0.370065
0.054221
0.997774
0.050010
0.365432
0.366678
0.682527
0.365634
0.046539
0.043562
0.677324
0.357335
0.358402
0.057984
0.380560
0.690132
0.072027
0.368502
0.321378
0.142128
0.098974
0.390829
0.691544
0.071964
0.396466
0.071005
0.054862
0.370749
0.373753
0.372158
0.749107
0.058217
0.371226
0.057960
0.057342
0.058302
0.060975
0.415722
0.728380
0.418568
0.079243
0.676312
0.678693
0.352496
0.094023
0.997774
0.345611
0.377574
0.689424
0.064850
0.685992
0.373425
0.375477
0.387066
0.689393
0.044731
0.096802
0.699384
0.058129
0.384896
0.383118
0.363908
0.071119
0.063698
0.390768
0.693552
0.389190
0.073954
0.691643
0.091959
0.685868
0.019542
0.682590
0.428720
0.076192
0.378389
0.400915
0.441011
0.069173
0.997774
0.056832
0.703055
0.055994
0.058112
0.059905
0.687103
0.062654
0.373831
0.685559
0.052162
0.362782
0.363271
0.679241
0.365063
0.368132
0.050449
0.427432
0.997371
0.745493
0.690276
0.694851
0.678181
0.368609
0.035467
0.023748
0.319965
0.376036
0.361660
0.055435
0.070537
0.390711
0.997371
0.694833
0.084973
0.997371
0.107689
0.398250
0.671891
0.104518
0.713838
0.082594
0.997371
0.102852
0.387494
0.378996
0.372512
0.372502
0.059665
0.997371
0.691430
0.688536
0.688265
0.080079
0.398504
0.701202
0.686612
0.688141
0.998628
0.080891
0.703497
0.069148
0.682858
0.115535
0.102159
0.377621
0.692613
0.688093
0.387907
0.081500
0.072824
0.388172
0.998628
0.097403
0.410319
0.128757
0.368908
0.384305
0.075537
0.067333
0.372018
0.684570
0.999179
0.685122
0.060954
0.065507
0.381256
0.999179
0.055471
0.041814
0.362511
0.678312
0.048768
0.370921
0.042750
0.366662
0.042242
0.999395
0.071155
0.999395
0.695927
0.164064
0.613932
0.067199
0.061782
0.055505
0.683396
0.369113
0.370231
0.061049
0.367720
0.680574
0.682046
0.362186
0.048570
0.057790
0.687512
0.373576
0.373356
0.373043
0.063141
0.376361
0.067620
0.067805
0.068681
0.999179
0.071473
0.999179
0.692707
0.672468
0.566296
0.055519
0.064461
0.375751
0.061415
0.374144
0.061205
0.374914
0.375624
0.063089
0.060991
0.686180
0.365827
0.039555
0.999179
0.061437
0.691234
0.072596
0.686987
0.068721
0.043788
0.999179
0.393514
0.675887
0.691682
0.058574
0.999179
0.684065
0.369493
0.066684
0.998628
0.689874
0.379214
0.067291
0.061595
0.373598
0.056441
0.370606
0.371108
0.371589
0.371931
0.372095
0.685234
0.059247
0.373275
0.060147
0.059479
0.371617
0.055323
0.052864
0.052095
0.052495
0.368269
0.366764
0.681850
0.045303
0.357904
0.676306
0.354504
0.355661
0.051172
0.378201
0.688789
0.377160
0.370300
0.044524
0.999664
0.108260
0.999664
0.415016
0.393285
0.103691
0.999664
0.110847
0.376567
0.353059
0.301364
0.274345
0.053282
0.999664
0.368854
0.370984
0.072082
0.137018
0.728380
0.999664
0.433395
0.402556
0.686043
0.375881
0.399946
0.123560
0.709386
0.434329
0.338399
0.068766
0.065034
0.374752
0.997774
0.686286
0.372393
0.062198
0.404603
0.370288
0.075358
0.375351
0.361521
0.070402
0.379068
0.997774
0.078538
0.386966
0.692111
0.386811
0.077755
0.692445
0.393138
0.114257
0.024100
0.997774
0.682590
0.683728
0.116345
0.708683
0.678818
0.072325
0.373191
0.065694
0.681964
0.689402
0.066017
0.687103
0.687618
0.687194
0.689260
0.062354
0.997774
0.049756
0.359297
0.997774
0.679241
0.364866
0.045979
0.997371
0.111347
0.378750
0.056476
0.056607
0.059846
0.053860
0.069880
0.692996
0.374070
0.379382
0.686566
0.366955
0.372589
0.072200
0.089836
0.094248
0.366872
0.042272
0.432846
0.997371
0.688951
0.671891
0.398501
0.402083
0.062842
0.399555
0.090127
0.042224
0.056310
0.052243
0.051082
0.066643
0.377525
0.375332
0.380734
0.373690
0.391558
0.379642
0.066048
0.056164
0.303757
0.404299
0.692777
0.051323
0.389134
0.404196
0.373032
0.378403
0.688093
0.380789
0.087520
0.395317
0.684474
0.072529
0.076505
0.998628
0.396138
0.091029
0.437930
0.369296
0.372138
0.685590
0.684846
0.372187
0.371190
0.373036
0.999179
0.067702
0.690592
0.073406
0.687905
0.051203
0.355802
0.359311
0.363311
0.685590
0.681327
0.682819
0.686275
0.070619
0.036216
0.695927
0.083254
0.315269
0.121820
0.371607
0.369592
0.051041
0.682821
0.367397
0.369007
0.371076
0.056846
0.048192
0.999395
0.365041
0.364590
0.366509
0.055903
0.058394
0.372599
0.058150
0.061155
0.686222
0.687195
0.375829
0.051874
0.377945
0.999179
0.383190
0.372639
0.269983
0.057415
0.389730
0.687410
0.374705
0.686281
0.372928
0.685635
0.374128
0.062781
0.999179
0.686761
0.370775
0.050981
0.350308
0.046681
0.074093
0.371079
0.397623
0.382653
0.359904
0.999179
0.361839
0.348253
0.380822
0.374814
0.060276
0.683513
0.056696
0.998628
0.375737
0.379023
0.070301
0.072115
0.061183
0.998628
0.051600
0.367147
0.051967
0.370285
0.057036
0.685104
0.058610
0.372622
0.998628
0.685761
0.686161
0.685554
0.057237
0.056033
0.684332
0.055500
0.683517
0.683235
0.998225
0.683235
0.363845
0.039245
0.678276
0.357794
0.999664
0.051617
0.376140
0.375209
0.686643
0.369288
0.096565
0.404157
0.143018
0.408342
0.428312
0.417391
0.109385
0.124328
0.037277
0.359730
0.323630
0.587520
0.999664
0.587520
0.052372
0.999664
0.318899
0.082538
0.697043
0.198281
0.430184
0.201793
0.999664
0.094770
0.143481
0.700609
0.999664
0.445487
0.639952
0.381022
0.702174
0.375862
0.686714
0.374752
0.377270
0.030779
0.666321
0.076727
0.687487
0.043543
0.118950
0.100879
0.068793
0.385351
0.381408
0.064254
0.997774
0.384448
0.689645
0.077509
0.672314
0.312273
0.398718
0.045397
0.087066
0.297550
0.387222
0.394712
0.997774
0.090902
0.072459
0.690032
0.101913
0.074079
0.385481
0.052944
0.062739
0.380905
0.074911
0.687201
0.997774
0.057293
0.362110
0.997774
0.032509
0.033120
0.359574
0.680781
0.038588
0.035673
0.023996
0.048948
0.360009
0.679717
0.368571
0.079423
0.688791
0.367327
0.346386
0.058552
0.062244
0.997371
0.058848
0.997371
0.049276
0.350749
0.404169
0.288275
0.356060
0.011152
0.064311
0.388592
0.370162
0.352923
0.345413
0.408618
0.408965
0.335198
0.370418
0.682540
0.682653
0.058036
0.997371
0.058496
0.680407
0.064010
0.062723
0.996564
0.682802
0.072416
0.298347
0.047798
0.062485
0.063548
0.076015
0.376248
0.058841
0.687116
0.389426
0.062287
0.377276
0.686967
0.059177
0.998628
0.069239
0.698360
0.052255
0.380794
0.371325
0.375495
0.372819
0.064053
0.069559
0.068730
0.068473
0.066569
0.384730
0.075082
0.381213
0.687731
0.048028
0.358137
0.679708
0.041958
0.051623
0.055401
0.054042
0.701144
0.999395
0.069785
0.023101
0.372567
0.690033
0.696590
0.370902
0.368678
0.049820
0.366019
0.682316
0.367507
0.369404
0.054688
0.366776
0.049059
0.999395
0.682390
0.682978
0.055631
0.999179
0.057198
0.999179
0.058838
0.999179
0.374784
0.687325
0.036789
0.364756
0.689662
0.384939
0.077046
0.083909
0.717987
0.377380
0.374709
0.059657
0.685803
0.057994
0.059039
0.373395
0.374697
0.374633
0.061995
0.060092
0.375144
0.056604
0.078330
0.691774
0.089923
0.401939
0.357751
0.382674
0.375860
0.352879
0.365050
0.374384
0.373009
0.058247
0.685830
0.060835
0.686719
0.686352
0.065873
0.691391
0.690605
0.685835
0.368997
0.682401
0.363354
0.048056
0.369590
0.998628
0.057037
0.058200
0.372515
0.685761
0.373182
0.373413
0.374757
0.059712
0.684332
0.684216
0.997774
0.056858
0.683967
0.054127
0.364296
0.999664
0.681659
0.679897
0.035240
0.046059
0.687015
0.688181
0.999664
0.388159
0.433124
0.081754
0.999664
0.417078
0.999664
0.410718
0.703554
0.999664
0.021035
0.665290
0.313128
0.692005
0.323630
0.332832
0.042537
0.034646
0.024654
0.275290
0.023424
0.999664
0.082951
0.999664
0.395857
0.091855
0.673367
0.289288
0.422947
0.145454
0.026954
0.385297
0.401892
0.069365
0.374930
0.063140
0.063733
0.062887
0.037496
0.391093
0.384841
0.342334
0.997774
0.133419
0.712331
0.138653
0.390424
0.997774
0.068569
0.071930
0.073527
0.686629
0.054949
0.997774
0.672314
0.021646
0.693061
0.013697
0.082740
0.066451
0.116971
0.401235
0.162968
0.377757
0.997774
0.086660
0.696085
0.393481
0.388947
0.068474
0.083746
0.691742
0.073315
0.066064
0.057901
0.350741
0.350640
0.997774
0.027148
0.997774
0.357633
0.357718
0.030148
0.349524
0.352309
0.359163
0.680523
0.368970
0.069234
0.045001
0.669207
0.323721
0.316806
0.413583
0.088011
0.074697
0.025229
0.668423
0.344268
0.997371
0.071001
0.997371
0.348204
0.745771
0.055994
0.360372
0.672829
0.664678
0.671114
0.399561
0.404118
0.353184
0.054910
0.055814
0.056518
0.682823
0.365878
0.369057
0.680624
0.076977
0.374190
0.354366
0.389294
0.398615
0.396734
0.374328
0.686526
0.998628
0.060658
0.998628
0.378721
0.380126
0.073462
0.367519
0.998628
0.055486
0.059655
0.068132
0.689106
0.049055
0.074641
0.385118
0.329615
0.380247
0.694123
0.696421
0.998628
0.082109
0.386236
0.385104
0.387841
0.383095
0.681812
0.679696
0.679708
0.682150
0.362281
0.053130
0.681229
0.069233
0.121056
0.105728
0.047232
0.309696
0.690033
0.685364
0.376493
0.371230
0.367323
0.047796
0.363061
0.681088
0.049961
0.999395
0.053931
0.999395
0.368639
0.051122
0.052246
0.054326
0.684884
0.371032
0.055279
0.054287
0.055050
0.056911
0.059154
0.373994
0.061425
0.357752
0.684767
0.379238
0.673424
0.677883
0.389199
0.685787
0.060083
0.058932
0.371499
0.685121
0.685437
0.373695
0.375030
0.375038
0.374483
0.374778
0.374783
0.071682
0.691774
0.385929
0.690259
0.060153
0.382338
0.094621
0.125575
0.046115
0.064427
0.058392
0.053428
0.053514
0.056272
0.057410
0.059293
0.687646
0.685524
0.377800
0.056296
0.683706
0.049255
0.042919
0.039227
0.045666
0.369728
0.370651
0.998628
0.056561
0.057799
0.685649
0.373038
0.375896
0.379499
0.074648
0.372044
0.684332
0.371348
0.058288
0.684804
0.055547
0.365154
0.360994
0.679897
0.040213
0.039200
0.999664
0.055036
0.377628
0.078183
0.999664
0.699642
0.114019
0.108603
0.132976
0.398465
0.427746
0.126474
0.703554
0.455833
0.301159
0.352883
0.106084
0.190085
0.070735
0.679672
0.361880
0.416277
0.326317
0.594573
0.388243
0.032592
0.437508
0.026713
0.345610
0.999664
0.050534
0.394824
0.103032
0.699198
0.096904
0.061331
0.373835
0.374067
0.686051
0.063698
0.377852
0.076881
0.393001
0.319442
0.422619
0.083522
0.399116
0.999319
0.400807
0.073284
0.689323
0.065175
0.687320
0.686629
0.997774
0.065712
0.064140
0.617602
0.065942
0.685558
0.081038
0.384266
0.997774
0.384511
0.091848
0.356183
0.482579
0.377757
0.067249
0.097691
0.409898
0.085008
0.397103
0.393579
0.080323
0.379197
0.687860
0.055043
0.662950
0.338961
0.348220
0.677651
0.035730
0.356309
0.678534
0.029298
0.349981
0.354650
0.997371
0.676818
0.064609
0.375236
0.997371
0.368772
0.100777
0.330902
0.064071
0.391077
0.329236
0.391926
0.062350
0.369452
0.097902
0.438162
0.011321
0.101994
0.690466
0.997371
0.690466
0.029700
0.339835
0.385023
0.703773
0.378937
0.366179
0.384267
0.365763
0.051191
0.051093
0.050952
0.049435
0.065512
0.096196
0.065029
0.036935
0.704730
0.408575
0.082991
0.624722
0.082921
0.122672
0.090506
0.685862
0.369944
0.369525
0.066765
0.377891
0.069232
0.377523
0.689901
0.073462
0.685399
0.067512
0.401588
0.324106
0.491213
0.037355
0.079862
0.098933
0.095131
0.999179
0.090367
0.389389
0.694544
0.999179
0.383095
0.057622
0.362666
0.999179
0.059175
0.364986
0.999179
0.366693
0.382704
0.371296
0.313752
0.660463
0.066804
0.999395
0.372546
0.377213
0.365720
0.043779
0.360509
0.999395
0.363496
0.050866
0.053607
0.053651
0.999395
0.683898
0.684110
0.370259
0.056718
0.056461
0.370176
0.054990
0.685010
0.684433
0.684781
0.372362
0.059490
0.059028
0.062643
0.049839
0.677883
0.389505
0.056965
0.686086
0.371515
0.372489
0.058249
0.058904
0.061411
0.065240
0.068405
0.066388
0.063950
0.683614
0.365134
0.069635
0.074711
0.999179
0.691092
0.380284
0.380791
0.375708
0.999179
0.092589
0.375916
0.371703
0.052349
0.368488
0.683394
0.368877
0.054246
0.054418
0.370301
0.369830
0.054139
0.051340
0.998628
0.681127
0.679308
0.047852
0.684109
0.055809
0.055408
0.681549
0.369644
0.369444
0.371677
0.380687
0.028632
0.079422
0.069049
0.684907
0.365157
0.059689
0.685377
0.055033
0.365247
0.362714
0.360162
0.999664
0.045098
0.370530
0.379256
0.076300
0.999664
0.389666
0.097656
0.697596
0.072158
0.999664
0.414170
0.108997
0.092744
0.707730
0.707977
0.495460
0.308104
0.384905
0.999664
0.380971
0.071289
0.425361
0.305732
0.429226
0.041837
0.137451
0.179047
0.335052
0.053043
0.690139
0.361379
0.091570
0.399054
0.391633
0.086038
0.385020
0.387452
0.066875
0.685710
0.373490
0.374363
0.376790
0.379231
0.053926
0.360509
0.360364
0.366137
0.383782
0.712331
0.701452
0.067559
0.689035
0.074871
0.062177
0.047552
0.050839
0.382653
0.997774
0.389600
0.074951
0.616946
0.058345
0.692329
0.082361
0.370289
0.684395
0.393908
0.439125
0.139652
0.681579
0.004160
0.409794
0.402298
0.696009
0.394293
0.078893
0.380089
0.997774
0.361621
0.365825
0.337420
0.029177
0.997774
0.361016
0.041626
0.038571
0.033977
0.354659
0.357621
0.043749
0.058386
0.378709
0.372562
0.683379
0.181677
0.706287
0.414892
0.066243
0.366293
0.403581
0.407430
0.077830
0.691146
0.386010
0.113713
0.121723
0.697768
0.111217
0.061112
0.028720
0.117228
0.062166
0.058336
0.063868
0.045822
0.706193
0.350651
0.397185
0.370580
0.289627
0.118695
0.368445
0.363918
0.103132
0.431495
0.699099
0.073179
0.054520
0.624722
0.998628
0.624722
0.425104
0.998628
0.402435
0.370796
0.063251
0.383636
0.383878
0.383291
0.378282
0.689273
0.071315
0.690373
0.085781
0.695334
0.163638
0.998628
0.424040
0.691176
0.743940
0.161003
0.110213
0.395746
0.698644
0.394971
0.694544
0.089624
0.377755
0.367959
0.061809
0.370786
0.681281
0.364986
0.028259
0.999179
0.028964
0.420647
0.036504
0.389247
0.376188
0.690518
0.373155
0.367830
0.361897
0.041000
0.044626
0.999395
0.681803
0.053300
0.684390
0.053942
0.369332
0.055361
0.684796
0.056839
0.685546
0.057148
0.371670
0.999179
0.370612
0.370808
0.370766
0.684872
0.372077
0.374071
0.050367
0.094535
0.384381
0.047312
0.043071
0.368971
0.371965
0.372562
0.373327
0.375024
0.377773
0.069847
0.689577
0.061090
0.999179
0.362076
0.048006
0.685676
0.069662
0.068753
0.688550
0.366955
0.091786
0.398353
0.696429
0.063228
0.998628
0.052908
0.683394
0.998628
0.683394
0.683456
0.683188
0.368108
0.368016
0.683837
0.368171
0.048873
0.044127
0.041916
0.048332
0.053680
0.370098
0.998628
0.683944
0.365814
0.363720
0.049511
0.086932
0.080078
0.691354
0.297642
0.679156
0.292529
0.062284
0.685325
0.052839
0.365668
0.363919
0.362851
0.680827
0.364617
0.061344
0.386056
0.999664
0.092170
0.353953
0.023077
0.999664
0.697596
0.100551
0.706028
0.075501
0.999664
0.394836
0.437846
0.391037
0.999664
0.101980
0.391044
0.127922
0.486867
0.414483
0.072484
0.306546
0.376550
0.385560
0.110057
0.035391
0.037332
0.068485
0.078247
0.080311
0.076045
0.399524
0.399131
0.391290
0.073947
0.374019
0.997774
0.685710
0.685513
0.063065
0.997774
0.369463
0.038352
0.355261
0.679619
0.049684
0.384780
0.055408
0.071151
0.377827
0.078324
0.361062
0.351067
0.362813
0.700553
0.085879
0.089838
0.303179
0.085548
0.302556
0.390748
0.997774
0.077765
0.386536
0.997774
0.099876
0.428361
0.077479
0.340734
0.320743
0.103988
0.997774
0.081595
0.381109
0.381023
0.066640
0.074860
0.053773
0.059653
0.683782
0.677651
0.367792
0.045393
0.680788
0.040942
0.360597
0.363706
0.682663
0.056978
0.386300
0.447997
0.686196
0.044834
0.997371
0.165431
0.363201
0.373759
0.092873
0.100346
0.083751
0.384692
0.366986
0.997371
0.113494
0.366772
0.366479
0.701260
0.379420
0.388381
0.370611
0.388777
0.365821
0.373282
0.069174
0.397859
0.117702
0.308600
0.476409
0.624207
0.122246
0.073772
0.689347
0.106226
0.687966
0.331697
0.732679
0.128256
0.008408
0.013945
0.496079
0.716511
0.434605
0.372947
0.063761
0.690494
0.075683
0.690723
0.074596
0.688695
0.064988
0.041106
0.030321
0.067373
0.705783
0.418713
0.334413
0.362670
0.104002
0.711599
0.410151
0.999179
0.102485
0.108102
0.076540
0.071295
0.079020
0.069276
0.687029
0.681281
0.999179
0.054457
0.314996
0.062258
0.676316
0.381301
0.685707
0.379710
0.074829
0.070717
0.368259
0.999395
0.681136
0.361730
0.362441
0.681803
0.365921
0.054352
0.684426
0.684086
0.054473
0.369592
0.055953
0.057471
0.372518
0.685839
0.999179
0.059401
0.059034
0.371360
0.057233
0.057222
0.369661
0.685500
0.362985
0.360598
0.063130
0.376230
0.053380
0.999179
0.683504
0.685405
0.685973
0.686637
0.377213
0.070356
0.377384
0.686838
0.053609
0.682318
0.034106
0.682071
0.061819
0.999179
0.065942
0.382449
0.380697
0.080171
0.073023
0.063417
0.370499
0.053782
0.683067
0.051943
0.683456
0.367660
0.367416
0.367343
0.368420
0.368887
0.051659
0.998628
0.681814
0.680425
0.048162
0.686456
0.062939
0.683944
0.368010
0.028109
0.680058
0.666178
0.677845
0.020120
0.351343
0.997774
0.297642
0.369439
0.386390
0.064263
0.369058
0.367909
0.681804
0.051042
0.680528
0.055984
0.381579
0.398174
0.399273
0.085575
0.416077
0.999664
0.095955
0.437273
0.069232
0.104778
0.389972
0.091440
0.032432
0.047540
0.436866
0.385217
0.379460
0.385220
0.681506
0.169532
0.999664
0.014002
0.288979
0.074080
0.999664
0.701615
0.693581
0.609167
0.058913
0.689378
0.080941
0.997774
0.390926
0.391528
0.386222
0.068728
0.372490
0.685710
0.372874
0.057164
0.055290
0.050959
0.997774
0.043992
0.364864
0.684329
0.365217
0.370318
0.056582
0.686215
0.374691
0.064186
0.683297
0.041653
0.388943
0.381040
0.410242
0.684007
0.740314
0.997774
0.156076
0.405130
0.087689
0.350084
0.403699
0.404545
0.744636
0.701944
0.002611
0.692902
0.391759
0.997774
0.096397
0.360368
0.010172
0.380801
0.376960
0.074572
0.058328
0.376228
0.370845
0.062563
0.369215
0.365643
0.049198
0.680045
0.997371
0.051319
0.687410
0.087045
0.456204
0.420690
0.447638
0.111937
0.125963
0.692991
0.426974
0.387163
0.076736
0.383810
0.689275
0.057338
0.443122
0.133103
0.402820
0.392318
0.400142
0.698554
0.116665
0.625063
0.371412
0.050849
0.686417
0.073137
0.023346
0.997371
0.697972
0.396352
0.404648
0.409301
0.313289
0.062837
0.685213
0.377552
0.382742
0.748221
0.349111
0.998628
0.398781
0.998628
0.005565
0.444841
0.387451
0.061627
0.064483
0.059260
0.071762
0.998628
0.071851
0.378058
0.377573
0.056742
0.040125
0.998628
0.362661
0.031678
0.361373
0.380555
0.421563
0.131624
0.387954
0.394236
0.089249
0.371312
0.360346
0.689286
0.688909
0.688341
0.372394
0.370631
0.681281
0.099690
0.416475
0.701514
0.359377
0.685492
0.999395
0.685707
0.682604
0.368128
0.049599
0.046743
0.045260
0.364009
0.045522
0.048457
0.052651
0.054555
0.053329
0.683527
0.053308
0.999179
0.684311
0.684734
0.685307
0.060682
0.061837
0.686970
0.686911
0.372810
0.372206
0.370232
0.368103
0.051339
0.361734
0.359272
0.362693
0.355297
0.057624
0.369436
0.371014
0.371709
0.373191
0.064438
0.999179
0.068540
0.689379
0.689346
0.686838
0.041889
0.029094
0.999179
0.369625
0.375322
0.375226
0.068990
0.690004
0.689105
0.380868
0.378807
0.060777
0.998628
0.367878
0.050743
0.683100
0.367191
0.367333
0.367733
0.368380
0.053682
0.368717
0.047102
0.680425
0.360664
0.046272
0.374448
0.998628
0.376974
0.371350
0.007524
0.372576
0.677845
0.401460
0.056663
0.385741
0.689111
0.050950
0.056856
0.378227
0.053368
0.378116
0.076803
0.374437
0.369795
0.057116
0.684136
0.071664
0.397709
0.691201
0.416002
0.079889
0.127268
0.745082
0.054001
0.999664
0.071595
0.999664
0.684270
0.693325
0.679884
0.371070
0.055820
0.684480
0.107817
0.448478
0.999664
0.075869
0.432457
0.673792
0.620737
0.022834
0.104549
0.298694
0.078916
0.063433
0.689689
0.078071
0.695302
0.693236
0.693399
0.379875
0.688503
0.686234
0.372490
0.371338
0.683487
0.682057
0.680519
0.046615
0.050334
0.375481
0.690951
0.059776
0.688793
0.063937
0.997774
0.686215
0.061301
0.364928
0.682104
0.109056
0.118445
0.401940
0.086597
0.054090
0.096232
0.381803
0.440664
0.374719
0.656837
0.691437
0.997774
0.112746
0.092416
0.056749
0.366132
0.691869
0.086901
0.081572
0.407372
0.367010
0.025124
0.692360
0.063357
0.374317
0.685796
0.374031
0.065685
0.065710
0.371034
0.054679
0.052674
0.053341
0.687813
0.997774
0.091572
0.688796
0.407190
0.727074
0.154094
0.136552
0.997371
0.382668
0.372995
0.076770
0.689275
0.689788
0.997371
0.386407
0.406110
0.424975
0.113770
0.997371
0.396400
0.024581
0.348583
0.678584
0.038301
0.688392
0.080036
0.686234
0.092359
0.396352
0.400163
0.381915
0.997371
0.372467
0.061192
0.997371
0.685213
0.685577
0.069915
0.112959
0.399122
0.042718
0.374610
0.687819
0.384047
0.053699
0.370451
0.681394
0.998628
0.060319
0.380696
0.377227
0.374992
0.057603
0.684859
0.048557
0.053539
0.062986
0.100132
0.014774
0.055853
0.409552
0.308378
0.730416
0.083853
0.689870
0.999179
0.375896
0.060037
0.380106
0.373928
0.356059
0.367424
0.362573
0.042247
0.086617
0.080425
0.383958
0.364330
0.685492
0.044803
0.367912
0.683144
0.367375
0.367906
0.367825
0.367323
0.367061
0.367311
0.052687
0.683063
0.051630
0.686636
0.367055
0.052641
0.053800
0.055629
0.058509
0.062760
0.687805
0.064533
0.064062
0.062035
0.372865
0.370266
0.684076
0.365957
0.364408
0.364813
0.368260
0.049807
0.686048
0.682413
0.057042
0.057813
0.059211
0.061290
0.064126
0.377016
0.378239
0.066069
0.058468
0.371394
0.681469
0.360792
0.686583
0.374171
0.375478
0.067342
0.999179
0.071693
0.998628
0.689257
0.363832
0.372519
0.064567
0.050820
0.049351
0.050930
0.052379
0.368035
0.053337
0.682943
0.051141
0.046277
0.037721
0.356285
0.040346
0.684882
0.376586
0.392089
0.067728
0.371176
0.341817
0.121069
0.082548
0.694941
0.080478
0.367152
0.997774
0.681495
0.042162
0.079355
0.121420
0.688979
0.998225
0.060666
0.056766
0.685751
0.064489
0.075072
0.999664
0.090038
0.390131
0.999664
0.074035
0.053664
0.693072
0.072509
0.026610
0.007416
0.362722
0.365833
0.370734
0.050006
0.392354
0.401738
0.366479
0.393699
0.100091
0.999664
0.308579
0.113573
0.673512
0.312502
0.073404
0.468086
0.062889
0.997774
0.385133
0.076100
0.384963
0.383281
0.688090
0.061586
0.059132
0.057464
0.053132
0.045722
0.037721
0.035754
0.363171
0.075371
0.695387
0.384898
0.381839
0.377558
0.066972
0.065679
0.064638
0.371651
0.997774
0.683968
0.682104
0.368379
0.078600
0.687119
0.684275
0.376017
0.387012
0.080459
0.388327
0.674432
0.348724
0.057653
0.065674
0.361730
0.374385
0.059858
0.997774
0.386121
0.386355
0.093740
0.701643
0.402354
0.709436
0.075493
0.997774
0.375003
0.375336
0.686209
0.687312
0.375851
0.062246
0.373385
0.997774
0.058533
0.073057
0.380991
0.080101
0.997774
0.447307
0.391575
0.085849
0.077852
0.691969
0.075403
0.381267
0.382303
0.068750
0.070819
0.385363
0.103468
0.699445
0.409673
0.108889
0.696770
0.091788
0.678584
0.997371
0.056561
0.684069
0.074992
0.013407
0.385429
0.392378
0.997371
0.393898
0.079114
0.392546
0.066392
0.685213
0.056116
0.369781
0.370178
0.689744
0.998628
0.093916
0.688851
0.385076
0.376613
0.060548
0.066047
0.361032
0.036651
0.056712
0.047997
0.049216
0.050774
0.365370
0.053841
0.367329
0.366555
0.365740
0.049228
0.688280
0.389550
0.310785
0.729865
0.999179
0.149372
0.095991
0.360129
0.035972
0.685567
0.378275
0.374622
0.362905
0.407216
0.069783
0.679475
0.674774
0.999179
0.045852
0.040621
0.040040
0.043510
0.048286
0.683580
0.368316
0.369649
0.370067
0.369664
0.368957
0.683864
0.051429
0.286795
0.429033
0.999395
0.373268
0.682922
0.683203
0.368257
0.370637
0.062030
0.999179
0.377114
0.377054
0.375670
0.373375
0.370891
0.052372
0.367858
0.368528
0.682769
0.373944
0.685660
0.682219
0.058174
0.999179
0.371895
0.372171
0.372989
0.063288
0.688501
0.999179
0.688501
0.688210
0.686760
0.363696
0.372488
0.061553
0.063119
0.999179
0.067490
0.073197
0.070920
0.065578
0.065019
0.376764
0.102623
0.016616
0.998628
0.362741
0.365447
0.367027
0.368282
0.052621
0.998628
0.682943
0.681832
0.679176
0.351457
0.026447
0.070533
0.077032
0.094201
0.369050
0.056602
0.063774
0.437934
0.997774
0.077667
0.374189
0.045707
0.060436
0.678225
0.689598
0.030306
0.684228
0.108341
0.688528
0.683910
0.366643
0.367607
0.059767
0.687464
0.691201
0.687464
0.056568
0.072317
0.368993
0.999664
0.364830
0.682204
0.677507
0.375313
0.081478
0.096381
0.068893
0.351083
0.419611
0.312419
0.050136
0.038896
0.055538
0.065533
0.390377
0.620612
0.002544
0.381998
0.675936
0.646895
0.090474
0.074645
0.692859
0.381371
0.379112
0.062942
0.059642
0.370918
0.371492
0.369876
0.365891
0.359895
0.352225
0.040330
0.684022
0.075199
0.390376
0.688860
0.070778
0.687783
0.066068
0.066611
0.373239
0.684285
0.056476
0.050854
0.045010
0.049365
0.366755
0.067395
0.371844
0.687162
0.689660
0.386168
0.690092
0.080349
0.057023
0.384799
0.055930
0.681125
0.056063
0.379355
0.078151
0.689769
0.385193
0.092236
0.404544
0.997774
0.397904
0.095271
0.686495
0.377002
0.376595
0.066909
0.687171
0.374345
0.374422
0.065398
0.065470
0.376207
0.382278
0.690097
0.997774
0.095968
0.076720
0.391953
0.089953
0.389114
0.997371
0.691969
0.076268
0.371855
0.383722
0.393991
0.398114
0.678163
0.103743
0.698638
0.409831
0.402151
0.131101
0.083956
0.063748
0.692505
0.684327
0.014520
0.745586
0.002847
0.386803
0.393898
0.384599
0.689181
0.386269
0.067494
0.053727
0.997371
0.370225
0.685611
0.375145
0.689744
0.098693
0.699869
0.083987
0.685728
0.065434
0.998628
0.058859
0.677474
0.998628
0.031600
0.355623
0.359452
0.362878
0.365675
0.051665
0.998628
0.367541
0.056651
0.998628
0.688280
0.127729
0.304453
0.122288
0.317845
0.689851
0.081844
0.999179
0.363777
0.062387
0.049238
0.046405
0.049276
0.284897
0.034347
0.036056
0.035095
0.037663
0.359636
0.999179
0.044584
0.683365
0.999395
0.368743
0.684567
0.685036
0.685050
0.684747
0.052474
0.301577
0.484064
0.330339
0.373483
0.999395
0.053193
0.050878
0.053646
0.372771
0.999179
0.063843
0.065741
0.687891
0.062323
0.685915
0.371528
0.369915
0.055596
0.685911
0.058629
0.376786
0.059074
0.060793
0.058492
0.371340
0.372433
0.372603
0.373262
0.374174
0.064321
0.065251
0.064867
0.062511
0.058793
0.057382
0.060080
0.373895
0.061947
0.063163
0.068677
0.376604
0.999179
0.373422
0.998628
0.378180
0.408901
0.739700
0.321715
0.678830
0.677144
0.682104
0.367530
0.052444
0.682943
0.366250
0.036626
0.674862
0.344380
0.666056
0.675680
0.389640
0.693338
0.367200
0.052066
0.678635
0.364880
0.693528
0.069738
0.350100
0.365788
0.997774
0.054645
0.346742
0.422865
0.998225
0.055005
0.368513
0.683436
0.365217
0.365843
0.043558
0.055982
0.058857
0.371018
0.370075
0.684917
0.054446
0.683753
0.366657
0.063627
0.375313
0.999664
0.700519
0.405103
0.999664
0.050325
0.013251
0.081397
0.999664
0.688359
0.379715
0.390950
0.034246
0.113524
0.374896
0.385802
0.042035
0.196666
0.194949
0.368280
0.084465
0.381994
0.061858
0.053439
0.055664
0.682693
0.370003
0.369345
0.365797
0.680221
0.036770
0.681161
0.366140
0.079834
0.377028
0.298121
0.359309
0.635589
0.127669
0.997774
0.075637
0.741917
0.355814
0.046803
0.357696
0.038002
0.365065
0.374955
0.065669
0.067888
0.376890
0.384338
0.690242
0.066866
0.683535
0.370356
0.055312
0.680748
0.054250
0.378213
0.380821
0.381790
0.690808
0.085729
0.397157
0.398772
0.099975
0.090541
0.688556
0.690423
0.389725
0.072544
0.687832
0.373874
0.057936
0.997774
0.072341
0.074586
0.385056
0.077933
0.114770
0.695286
0.997774
0.090551
0.393005
0.087547
0.082421
0.077856
0.686594
0.062130
0.997371
0.099650
0.678163
0.997371
0.678163
0.396372
0.402153
0.117608
0.135035
0.108288
0.692491
0.389137
0.071932
0.394058
0.126149
0.375441
0.049872
0.066633
0.376206
0.685591
0.377122
0.061239
0.997371
0.368631
0.367801
0.362128
0.435093
0.383523
0.116916
0.068317
0.683873
0.371840
0.062096
0.376978
0.072622
0.366783
0.355400
0.358965
0.677376
0.358678
0.681025
0.998628
0.365599
0.367541
0.682899
0.998628
0.058545
0.076456
0.417358
0.385714
0.374854
0.064170
0.999179
0.062085
0.680932
0.057434
0.366134
0.432954
0.678789
0.281978
0.325139
0.348170
0.357383
0.360179
0.361117
0.358898
0.040716
0.363434
0.050618
0.053655
0.685289
0.056141
0.057053
0.056552
0.055303
0.067094
0.690285
0.028562
0.999395
0.330123
0.052553
0.049822
0.366940
0.053875
0.685257
0.059885
0.374585
0.376270
0.376529
0.062298
0.685870
0.685915
0.684979
0.370099
0.059176
0.999179
0.687137
0.374847
0.373356
0.685737
0.058740
0.999179
0.685658
0.373891
0.999179
0.686989
0.687336
0.374518
0.999179
0.373219
0.372653
0.373069
0.373534
0.373715
0.373724
0.062808
0.685676
0.059809
0.374026
0.067633
0.998628
0.391840
0.354563
0.092821
0.677144
0.346805
0.365970
0.366901
0.052059
0.683046
0.051664
0.041114
0.672641
0.026595
0.037241
0.091081
0.998628
0.370278
0.366903
0.051212
0.365839
0.061107
0.063953
0.052465
0.061099
0.997774
0.365788
0.382717
0.077481
0.046614
0.356057
0.045015
0.047117
0.682377
0.051131
0.055385
0.040357
0.052344
0.057626
0.058857
0.057627
0.368465
0.684576
0.369155
0.056242
0.067282
0.093026
0.316907
0.094872
0.101062
0.697660
0.682569
0.416644
0.047123
0.070456
0.020048
0.056793
0.691507
0.404864
0.397786
0.315527
0.368754
0.394501
0.045155
0.676272
0.314253
0.357728
0.383593
0.065575
0.997774
0.304196
0.355003
0.367708
0.367914
0.366376
0.042109
0.043238
0.685773
0.684738
0.057729
0.291548
0.414456
0.255444
0.690196
0.048638
0.386690
0.378767
0.382639
0.130163
0.997774
0.364930
0.042200
0.379754
0.997774
0.432729
0.083025
0.076723
0.385016
0.126587
0.295987
0.665967
0.367378
0.364995
0.050840
0.683309
0.062252
0.378693
0.690808
0.691338
0.382311
0.687702
0.382389
0.382004
0.071271
0.063136
0.389725
0.997774
0.123722
0.435298
0.376419
0.054418
0.379024
0.997774
0.079425
0.690801
0.112108
0.686923
0.141500
0.104645
0.378286
0.387212
0.074626
0.076628
0.997371
0.690218
0.090967
0.106497
0.402133
0.012550
0.356518
0.017933
0.695130
0.099114
0.696496
0.104651
0.389260
0.385003
0.689504
0.079293
0.397797
0.693683
0.084739
0.367480
0.684396
0.685591
0.997371
0.371546
0.685312
0.054796
0.051352
0.048329
0.044758
0.021977
0.748109
0.049354
0.686968
0.107549
0.684360
0.072436
0.381881
0.998628
0.065032
0.367152
0.677861
0.355205
0.998628
0.040184
0.681025
0.048590
0.368247
0.368023
0.367077
0.050343
0.681570
0.373281
0.038611
0.049245
0.370928
0.375388
0.369614
0.052348
0.051121
0.120149
0.389428
0.361215
0.999179
0.350152
0.677319
0.679597
0.999179
0.040575
0.355251
0.999179
0.042022
0.999179
0.053770
0.999395
0.373034
0.373404
0.372007
0.371017
0.059526
0.685110
0.690285
0.013433
0.048689
0.682318
0.367597
0.368341
0.055255
0.685517
0.372352
0.374103
0.063823
0.687225
0.374818
0.373236
0.057217
0.055346
0.056271
0.685130
0.060436
0.062157
0.373575
0.373332
0.058838
0.057068
0.058004
0.059536
0.061271
0.062279
0.062825
0.062659
0.061747
0.060678
0.373443
0.373500
0.373247
0.372840
0.372332
0.372065
0.059136
0.999179
0.685124
0.058246
0.352737
0.356903
0.298526
0.447482
0.305453
0.345764
0.363254
0.364650
0.365456
0.051580
0.368351
0.368459
0.998628
0.044049
0.998628
0.681414
0.059116
0.054522
0.050315
0.367007
0.051797
0.053278
0.376713
0.690240
0.691829
0.677126
0.068758
0.379891
0.096689
0.997774
0.063577
0.355295
0.042867
0.997774
0.049615
0.997774
0.052503
0.380820
0.373927
0.684931
0.685068
0.372619
0.683984
0.369597
0.367618
0.058179
0.691558
0.616051
0.999664
0.309146
0.066248
0.053667
0.033419
0.293960
0.163399
0.705293
0.677284
0.691507
0.701143
0.999664
0.093397
0.683246
0.014392
0.999664
0.372882
0.999664
0.678161
0.375232
0.372244
0.064284
0.377225
0.049837
0.687377
0.359355
0.367081
0.366501
0.365402
0.047077
0.050722
0.363719
0.039899
0.109680
0.319827
0.675052
0.303818
0.080083
0.369390
0.366796
0.380253
0.688978
0.083565
0.432406
0.069695
0.375936
0.065053
0.124761
0.079908
0.691875
0.139476
0.997774
0.163397
0.683402
0.038223
0.684387
0.367722
0.056729
0.376043
0.376238
0.065560
0.067759
0.374981
0.684601
0.687702
0.062604
0.685061
0.060771
0.370389
0.091048
0.689335
0.413313
0.396961
0.070240
0.086945
0.078278
0.057895
0.376772
0.378694
0.704926
0.393767
0.087990
0.997774
0.682699
0.690150
0.373310
0.381233
0.378304
0.690881
0.075599
0.691053
0.374991
0.997371
0.675727
0.072122
0.007353
0.122164
0.384994
0.997371
0.386774
0.383211
0.072899
0.384816
0.689209
0.070932
0.368904
0.063408
0.370498
0.059019
0.683791
0.054732
0.366926
0.366644
0.364260
0.681038
0.369490
0.276302
0.252287
0.115822
0.054302
0.054753
0.015003
0.080908
0.086957
0.084168
0.056844
0.057595
0.357872
0.357009
0.358971
0.680133
0.047459
0.368578
0.368706
0.367442
0.998628
0.048188
0.363987
0.682783
0.998628
0.055526
0.370356
0.368863
0.682456
0.365207
0.362737
0.278641
0.369169
0.677425
0.025245
0.353751
0.359236
0.360836
0.676041
0.999179
0.035484
0.683401
0.054676
0.999179
0.058329
0.999179
0.687140
0.373167
0.999179
0.055133
0.999395
0.382680
0.366245
0.999179
0.051424
0.368755
0.055328
0.371582
0.999179
0.685517
0.686274
0.686988
0.374688
0.999179
0.372018
0.999179
0.370037
0.999179
0.684489
0.371270
0.059545
0.685554
0.372442
0.372579
0.372602
0.371797
0.685531
0.373769
0.686812
0.686910
0.686785
0.372740
0.372641
0.373277
0.061028
0.686062
0.371951
0.370487
0.369990
0.370887
0.059216
0.059118
0.683919
0.349665
0.372040
0.670755
0.306729
0.049783
0.362028
0.362172
0.047402
0.049636
0.051504
0.052745
0.368535
0.683510
0.053178
0.681414
0.056760
0.052013
0.682964
0.367136
0.051647
0.053539
0.371281
0.685730
0.068702
0.074092
0.077565
0.693490
0.997774
0.086972
0.692465
0.059988
0.364149
0.997774
0.361381
0.365521
0.347851
0.073566
0.686633
0.684931
0.997774
0.372992
0.370127
0.058523
0.683400
0.059662
0.060816
0.379749
0.691558
0.000372
0.689877
0.389460
0.382584
0.373187
0.363976
0.348531
0.139835
0.071539
0.043397
0.377327
0.399165
0.697847
0.333921
0.082127
0.382201
0.393596
0.062921
0.376912
0.379856
0.393449
0.692832
0.388481
0.067815
0.997774
0.687377
0.371905
0.682066
0.366558
0.048241
0.362904
0.361469
0.999319
0.681218
0.687120
0.070408
0.379537
0.688035
0.064074
0.684594
0.997774
0.372087
0.383234
0.094331
0.997774
0.448449
0.294127
0.362275
0.094822
0.385636
0.689981
0.190937
0.702686
0.435355
0.060385
0.686330
0.058861
0.059544
0.372316
0.370933
0.369956
0.685054
0.997774
0.370799
0.060044
0.057528
0.684996
0.058356
0.387388
0.689384
0.039198
0.724706
0.308593
0.046279
0.380240
0.376328
0.997774
0.058270
0.697173
0.039679
0.997774
0.076665
0.058636
0.064471
0.373713
0.997774
0.058655
0.065709
0.074118
0.088554
0.105432
0.396357
0.675727
0.098001
0.385794
0.063124
0.682274
0.103317
0.074102
0.379564
0.997371
0.070795
0.377887
0.684530
0.052317
0.997371
0.059952
0.370685
0.683791
0.997371
0.683791
0.682424
0.682088
0.681388
0.364596
0.401912
0.423283
0.048899
0.391509
0.699027
0.362094
0.020760
0.998628
0.386943
0.113076
0.690187
0.687683
0.050861
0.040925
0.039323
0.044633
0.049982
0.054241
0.058211
0.054517
0.364842
0.362531
0.042832
0.044848
0.049136
0.051957
0.053715
0.052915
0.051347
0.348919
0.691891
0.067391
0.043467
0.039200
0.047041
0.041772
0.362809
0.363681
0.035370
0.030089
0.040013
0.055544
0.685588
0.371276
0.061285
0.378822
0.066693
0.376834
0.059894
0.057458
0.055683
0.050472
0.052045
0.052765
0.054471
0.685108
0.056433
0.685743
0.685517
0.372838
0.374171
0.062892
0.375331
0.374315
0.372627
0.055571
0.053640
0.053615
0.055207
0.370191
0.370881
0.056757
0.684068
0.370986
0.685761
0.372901
0.060398
0.999179
0.061113
0.060786
0.372740
0.999179
0.371564
0.372768
0.373217
0.999179
0.371401
0.684943
0.683988
0.684033
0.684441
0.374627
0.063316
0.071023
0.058126
0.303427
0.055505
0.998628
0.048383
0.047550
0.682157
0.682476
0.051306
0.683375
0.683519
0.368341
0.053459
0.368081
0.683090
0.998628
0.683090
0.682964
0.682844
0.054486
0.997774
0.060082
0.687639
0.380435
0.997774
0.383511
0.098868
0.385850
0.387607
0.696673
0.058128
0.421818
0.320558
0.660897
0.335470
0.101416
0.379052
0.373571
0.684931
0.370250
0.365468
0.375037
0.070899
0.997774
0.065429
0.375438
0.368281
0.053309
0.686603
0.386556
0.399893
0.102618
0.706115
0.137677
0.438549
0.702964
0.376799
0.391881
0.142012
0.125171
0.124160
0.074671
0.999664
0.072240
0.999664
0.376973
0.702158
0.697621
0.089904
0.383600
0.443438
0.082487
0.079536
0.373167
0.051880
0.366013
0.048968
0.363165
0.361345
0.367469
0.387661
0.385763
0.701605
0.058992
0.999319
0.066423
0.057050
0.060988
0.378598
0.383023
0.406121
0.700057
0.710171
0.407416
0.279930
0.064548
0.690983
0.387798
0.997774
0.693507
0.702686
0.066815
0.687114
0.059848
0.997774
0.053972
0.682717
0.367186
0.055296
0.056022
0.683380
0.056034
0.371567
0.371911
0.685101
0.689384
0.997774
0.120810
0.616417
0.371450
0.073013
0.359907
0.373922
0.369930
0.058597
0.356104
0.997774
0.347908
0.712705
0.372074
0.370131
0.055792
0.050412
0.361677
0.053437
0.682198
0.047253
0.081631
0.997371
0.088799
0.075145
0.997371
0.048811
0.358334
0.364377
0.372459
0.376690
0.379662
0.374344
0.388406
0.693083
0.062161
0.356965
0.049795
0.071862
0.064429
0.057844
0.682424
0.367807
0.366121
0.363522
0.384401
0.998628
0.130160
0.414735
0.708571
0.411039
0.699027
0.063235
0.090787
0.998628
0.026656
0.045397
0.062760
0.681902
0.366429
0.051766
0.366560
0.368854
0.687772
0.685639
0.682675
0.364942
0.362505
0.680226
0.364430
0.366820
0.683629
0.052839
0.053774
0.999179
0.683888
0.374546
0.082036
0.687205
0.052964
0.678342
0.040517
0.043536
0.047900
0.681068
0.682968
0.688511
0.685588
0.999179
0.055617
0.067306
0.380882
0.999179
0.690610
0.690139
0.685958
0.374447
0.371821
0.055899
0.686466
0.057668
0.999179
0.057286
0.057323
0.059439
0.373172
0.061244
0.686789
0.062073
0.060472
0.057578
0.684787
0.368864
0.054630
0.999179
0.056228
0.999179
0.684741
0.684148
0.684068
0.371579
0.685653
0.060269
0.060218
0.372119
0.057830
0.056923
0.371564
0.999179
0.685267
0.061929
0.374223
0.686362
0.052213
0.050003
0.368000
0.371584
0.686425
0.379014
0.068269
0.686501
0.063228
0.371950
0.054845
0.998628
0.683089
0.051447
0.366841
0.051275
0.367697
0.683375
0.368135
0.053180
0.368137
0.367713
0.683090
0.367379
0.051683
0.683369
0.054584
0.684303
0.061558
0.376450
0.688531
0.690560
0.094352
0.414725
0.407058
0.699196
0.395104
0.025204
0.042449
0.431373
0.012615
0.701230
0.397232
0.070810
0.378600
0.684713
0.373140
0.360001
0.075489
0.689745
0.390922
0.055508
0.352911
0.355896
0.686603
0.696343
0.999664
0.398537
0.105639
0.999664
0.706115
0.426902
0.999664
0.080083
0.065661
0.110167
0.369675
0.377129
0.370091
0.060838
0.068539
0.075707
0.087393
0.320407
0.081411
0.395004
0.140184
0.999664
0.071375
0.397744
0.375230
0.369340
0.366217
0.048338
0.364470
0.363875
0.061411
0.431932
0.126899
0.999319
0.382236
0.057088
0.062093
0.374168
0.370847
0.686294
0.997774
0.065452
0.393614
0.126595
0.051643
0.680503
0.058945
0.067659
0.111770
0.071834
0.070287
0.065093
0.687882
0.064163
0.369872
0.684007
0.051456
0.051592
0.367823
0.368546
0.683380
0.997774
0.055900
0.370973
0.371417
0.059652
0.375008
0.689384
0.063028
0.685542
0.073801
0.699492
0.079172
0.374418
0.686507
0.084343
0.705055
0.099757
0.177253
0.070197
0.375423
0.372828
0.369550
0.365960
0.364116
0.048193
0.997774
0.682602
0.369135
0.079351
0.072338
0.383464
0.060802
0.363572
0.359818
0.364381
0.370401
0.374437
0.065190
0.403590
0.395751
0.997371
0.045423
0.672781
0.351030
0.369828
0.071029
0.997371
0.371424
0.368190
0.048927
0.363295
0.384642
0.105495
0.070330
0.410675
0.405067
0.698520
0.080946
0.092990
0.369307
0.092999
0.689800
0.064719
0.376118
0.059730
0.687032
0.998628
0.687032
0.682922
0.368854
0.066057
0.080661
0.366437
0.048477
0.363364
0.366421
0.999179
0.683444
0.684180
0.684520
0.054919
0.058333
0.368746
0.378577
0.069552
0.364094
0.364181
0.685281
0.047116
0.366654
0.071443
0.065983
0.378015
0.688511
0.380634
0.052284
0.999179
0.377093
0.069409
0.690139
0.372593
0.372542
0.378096
0.062825
0.374222
0.999179
0.377403
0.057013
0.059921
0.999179
0.684523
0.685684
0.685990
0.061331
0.999179
0.686503
0.685859
0.369673
0.684000
0.370143
0.370201
0.685339
0.054019
0.053749
0.049676
0.367710
0.056552
0.059155
0.058751
0.999179
0.370406
0.684884
0.053183
0.684458
0.369371
0.371763
0.686497
0.059208
0.684518
0.683953
0.681514
0.051780
0.055638
0.060364
0.064174
0.998628
0.689722
0.373393
0.058824
0.058152
0.370428
0.367734
0.683325
0.367594
0.051586
0.367449
0.683215
0.367795
0.367937
0.052233
0.683241
0.051479
0.682925
0.366954
0.050910
0.367640
0.057856
0.375381
0.377074
0.687649
0.378532
0.380627
0.397892
0.086336
0.698215
0.385237
0.096547
0.997774
0.689117
0.084461
0.696929
0.389792
0.110342
0.680035
0.108381
0.295630
0.351675
0.008779
0.128810
0.692049
0.027382
0.326268
0.034831
0.354951
0.386150
0.397957
0.395207
0.391463
0.407493
0.092027
0.081163
0.048698
0.029880
0.285611
0.283009
0.370016
0.367307
0.382031
0.376766
0.373791
0.059787
0.318498
0.176821
0.300998
0.694405
0.610502
0.421526
0.999664
0.675538
0.376274
0.370211
0.364633
0.045920
0.681778
0.364505
0.426567
0.422531
0.691146
0.403045
0.065128
0.999319
0.058078
0.684403
0.055475
0.042918
0.049456
0.362590
0.359857
0.997774
0.358394
0.356823
0.048580
0.403078
0.355539
0.043170
0.383534
0.688629
0.373730
0.062711
0.370110
0.367892
0.683996
0.053488
0.683324
0.369616
0.054480
0.055377
0.370446
0.370503
0.683940
0.057383
0.060810
0.054498
0.388603
0.382871
0.389622
0.387960
0.087504
0.379179
0.997774
0.686507
0.685149
0.421708
0.678399
0.684716
0.434375
0.371799
0.369313
0.368214
0.997774
0.051478
0.057866
0.681736
0.061417
0.675770
0.685518
0.694265
0.377067
0.048731
0.367734
0.367918
0.997830
0.057397
0.076329
0.393532
0.385067
0.383854
0.052230
0.362359
0.997371
0.366447
0.059843
0.372265
0.056628
0.051977
0.682057
0.363028
0.380393
0.623120
0.673281
0.314329
0.097371
0.400179
0.376105
0.074558
0.389832
0.389571
0.687309
0.067151
0.688302
0.380098
0.073477
0.073670
0.365166
0.366384
0.173271
0.134531
0.998628
0.078024
0.358497
0.052369
0.069673
0.061429
0.057281
0.057040
0.056505
0.373154
0.683396
0.999179
0.063070
0.999179
0.068446
0.373062
0.371988
0.374133
0.689340
0.062787
0.380364
0.088035
0.075890
0.051501
0.038628
0.363398
0.045750
0.370165
0.368219
0.050234
0.055799
0.065561
0.688735
0.378515
0.374222
0.689119
0.381323
0.367147
0.684523
0.368376
0.058457
0.686282
0.372870
0.061391
0.061271
0.058511
0.369781
0.055247
0.999179
0.371446
0.373148
0.687216
0.682441
0.683598
0.366096
0.681865
0.685558
0.057402
0.370914
0.369375
0.368739
0.366291
0.049476
0.054264
0.061862
0.687251
0.060319
0.683402
0.366397
0.048834
0.365523
0.050094
0.683567
0.682427
0.376980
0.063511
0.998628
0.374522
0.370901
0.055476
0.054221
0.369266
0.368418
0.052293
0.682995
0.367551
0.051586
0.367143
0.366947
0.682952
0.366694
0.050438
0.367222
0.998628
0.367377
0.058731
0.064774
0.687182
0.377454
0.378176
0.378755
0.380922
0.006299
0.682061
0.009644
0.744277
0.380171
0.078589
0.391184
0.076234
0.387356
0.087225
0.111812
0.746279
0.066253
0.684515
0.997774
0.162848
0.383903
0.337751
0.060022
0.609876
0.061284
0.087708
0.999664
0.103291
0.689506
0.380838
0.328991
0.336563
0.378911
0.376298
0.346049
0.284881
0.295587
0.371173
0.384440
0.382831
0.066026
0.999664
0.120982
0.999664
0.421607
0.381613
0.389774
0.305082
0.059226
0.378164
0.684866
0.999664
0.367568
0.042669
0.046636
0.681355
0.684244
0.172336
0.125968
0.382467
0.688997
0.058603
0.054952
0.681316
0.042086
0.635103
0.108744
0.372201
0.679447
0.035553
0.672036
0.357394
0.022191
0.394515
0.690325
0.997774
0.079166
0.689487
0.378068
0.061905
0.372677
0.369461
0.685526
0.058133
0.057180
0.370592
0.370253
0.684515
0.057172
0.370829
0.684295
0.055861
0.346196
0.387442
0.386124
0.395132
0.694134
0.997774
0.078125
0.997774
0.379179
0.061384
0.074932
0.184198
0.034814
0.428035
0.997774
0.747410
0.385357
0.431996
0.057166
0.684059
0.684967
0.075556
0.093251
0.315667
0.107667
0.078176
0.350453
0.997830
0.047830
0.686922
0.055999
0.368884
0.064103
0.380713
0.377918
0.686235
0.688142
0.683955
0.046236
0.364184
0.056930
0.683378
0.683932
0.682879
0.365310
0.362589
0.054046
0.058158
0.689837
0.998628
0.101385
0.998628
0.702778
0.369554
0.389087
0.075929
0.069740
0.376708
0.998628
0.688302
0.083850
0.998628
0.059576
0.099857
0.721635
0.998628
0.060994
0.016344
0.366406
0.076135
0.691943
0.686795
0.687129
0.058970
0.371106
0.696435
0.687248
0.071108
0.692253
0.688397
0.071075
0.688133
0.062519
0.376725
0.371023
0.357098
0.370670
0.691106
0.999179
0.376427
0.051914
0.682223
0.363644
0.047283
0.046896
0.364126
0.054025
0.377461
0.690330
0.386835
0.083358
0.062201
0.394502
0.036369
0.056796
0.103301
0.054608
0.370328
0.370817
0.372009
0.999179
0.686910
0.057646
0.056386
0.056896
0.053755
0.044938
0.074072
0.358243
0.367552
0.364754
0.364482
0.057825
0.056156
0.999179
0.684497
0.367085
0.048194
0.054136
0.686879
0.064814
0.070112
0.068070
0.057358
0.680716
0.370392
0.372130
0.055221
0.685608
0.370826
0.069628
0.374292
0.374032
0.686792
0.687630
0.684865
0.683940
0.369342
0.054831
0.054053
0.053149
0.367684
0.367230
0.050281
0.365866
0.682480
0.365610
0.047549
0.050754
0.367532
0.055076
0.060061
0.687703
0.687454
0.377860
0.073089
0.381620
0.378832
0.068569
0.303877
0.068254
0.688829
0.394069
0.078092
0.377188
0.687885
0.997774
0.375246
0.065692
0.383100
0.071692
0.048124
0.003207
0.136885
0.076771
0.049540
0.234061
0.174454
0.011570
0.067433
0.087998
0.082061
0.999664
0.689506
0.338562
0.328032
0.353634
0.380809
0.676094
0.999664
0.423792
0.088452
0.695021
0.070847
0.372790
0.373439
0.370083
0.125958
0.293243
0.069410
0.354147
0.074257
0.999664
0.381462
0.373467
0.055734
0.050244
0.046468
0.364883
0.049574
0.054234
0.371443
0.382073
0.383991
0.999319
0.056733
0.369029
0.999319
0.362031
0.338744
0.012070
0.364345
0.676314
0.679447
0.018281
0.358316
0.034734
0.417248
0.129067
0.085352
0.689487
0.687214
0.997774
0.067598
0.685663
0.060895
0.373890
0.685833
0.059900
0.371066
0.684515
0.684770
0.684663
0.684295
0.997774
0.046140
0.382023
0.404927
0.097819
0.390803
0.079785
0.074853
0.997774
0.381765
0.069636
0.697349
0.683096
0.124926
0.997774
0.014262
0.132087
0.077121
0.997774
0.696582
0.123317
0.065991
0.072672
0.100856
0.328317
0.118365
0.700813
0.679177
0.999424
0.350912
0.017154
0.377570
0.997830
0.058793
0.372424
0.687606
0.686694
0.997830
0.372819
0.051856
0.997371
0.681248
0.055504
0.997371
0.368885
0.052598
0.049199
0.044602
0.685104
0.998628
0.051089
0.397234
0.998628
0.410176
0.100474
0.000199
0.313362
0.385706
0.384576
0.073524
0.080237
0.187351
0.150385
0.032967
0.088622
0.051945
0.087197
0.077828
0.092776
0.285070
0.429686
0.139516
0.430185
0.129874
0.999179
0.061578
0.386638
0.182514
0.066998
0.067076
0.377140
0.383293
0.688133
0.999179
0.064501
0.684611
0.999179
0.047659
0.358347
0.054636
0.376427
0.681947
0.050942
0.682860
0.366800
0.368265
0.367590
0.054221
0.375500
0.379763
0.389112
0.697076
0.407468
0.126557
0.679296
0.033679
0.999179
0.679547
0.117609
0.051121
0.046919
0.053496
0.064958
0.064332
0.061078
0.686306
0.051208
0.671706
0.374763
0.999179
0.064151
0.009588
0.097208
0.100649
0.388033
0.060891
0.055470
0.053701
0.051094
0.053072
0.373158
0.999179
0.686327
0.688793
0.377735
0.059192
0.051106
0.370844
0.062966
0.374667
0.998628
0.064362
0.374388
0.064429
0.090300
0.073408
0.684865
0.371191
0.053459
0.684192
0.684450
0.684390
0.684070
0.052831
0.051518
0.049267
0.047002
0.681848
0.047006
0.998628
0.050260
0.997774
0.683000
0.061957
0.686729
0.070240
0.382975
0.384583
0.695562
0.082359
0.075563
0.682351
0.386469
0.389498
0.079289
0.065319
0.061257
0.685286
0.376476
0.061658
0.038342
0.067661
0.997774
0.688481
0.677156
0.342944
0.997774
0.030509
0.997774
0.008341
0.999328
0.082383
0.999664
0.694807
0.382619
0.367301
0.693304
0.048049
0.623769
0.082094
0.075672
0.078035
0.122677
0.366706
0.692300
0.385029
0.378683
0.687855
0.685429
0.685148
0.096099
0.402518
0.070489
0.072478
0.071231
0.064608
0.058438
0.370740
0.369754
0.052517
0.367701
0.370590
0.356468
0.687476
0.694313
0.999319
0.062919
0.061808
0.370818
0.051530
0.683195
0.040845
0.366805
0.682276
0.682672
0.352010
0.363754
0.348774
0.042359
0.061538
0.069071
0.069219
0.082146
0.070029
0.126880
0.687131
0.067090
0.687409
0.063061
0.997774
0.059855
0.997774
0.058240
0.060170
0.061083
0.059852
0.058285
0.372771
0.386735
0.695089
0.099290
0.390305
0.379833
0.997774
0.064026
0.689535
0.683307
0.372283
0.370320
0.075210
0.695336
0.691769
0.385639
0.053715
0.696582
0.415360
0.609412
0.687986
0.689847
0.020220
0.362621
0.061951
0.116145
0.085020
0.677583
0.029465
0.997830
0.081527
0.685452
0.063130
0.370988
0.060106
0.374595
0.373650
0.372739
0.052747
0.681248
0.055792
0.997371
0.055345
0.054683
0.368494
0.682480
0.681096
0.050959
0.685104
0.060829
0.689959
0.087604
0.138743
0.064682
0.305578
0.673366
0.312561
0.371934
0.321944
0.443593
0.158515
0.454687
0.391726
0.381114
0.367701
0.356811
0.358602
0.347325
0.489648
0.419249
0.033593
0.999179
0.424423
0.433021
0.681119
0.687607
0.442447
0.696804
0.447584
0.335834
0.686683
0.058598
0.377116
0.687618
0.058540
0.369370
0.047487
0.680406
0.041615
0.047151
0.680610
0.048198
0.999179
0.682860
0.056329
0.373204
0.999179
0.374836
0.999179
0.688613
0.691012
0.388759
0.089436
0.659643
0.999179
0.085545
0.090035
0.373650
0.369555
0.682685
0.058090
0.689230
0.066752
0.376404
0.687557
0.045414
0.999179
0.013032
0.034802
0.749044
0.370085
0.352349
0.144817
0.689630
0.999179
0.060885
0.370117
0.369606
0.055802
0.685732
0.060135
0.065635
0.379828
0.688935
0.686699
0.058619
0.686713
0.375906
0.998628
0.374667
0.688514
0.439659
0.688076
0.365212
0.103014
0.387971
0.113624
0.067700
0.370384
0.371000
0.057077
0.054282
0.682905
0.998628
0.049005
0.998628
0.363543
0.043453
0.680661
0.364076
0.366184
0.369227
0.061418
0.687452
0.376584
0.080815
0.389819
0.691712
0.997774
0.065518
0.685227
0.375315
0.376688
0.684225
0.687827
0.061238
0.686365
0.384628
0.083184
0.386710
0.693483
0.384635
0.372350
0.317478
0.432594
0.101784
0.997774
0.010550
0.997774
0.082845
0.700075
0.694471
0.097979
0.380466
0.055828
0.042173
0.310957
0.672953
0.623769
0.380127
0.071343
0.680393
0.693443
0.285422
0.381919
0.377760
0.059174
0.368474
0.373464
0.361923
0.376146
0.351031
0.372666
0.687387
0.686629
0.059924
0.685380
0.372332
0.057878
0.684580
0.056658
0.609101
0.087733
0.096901
0.059069
0.681323
0.678247
0.058765
0.370377
0.684257
0.363307
0.049115
0.683480
0.051480
0.050489
0.368078
0.373792
0.051061
0.684431
0.686918
0.692751
0.068506
0.099589
0.389089
0.054449
0.372764
0.686671
0.375967
0.062727
0.060139
0.058029
0.059321
0.373752
0.685328
0.058295
0.058032
0.377373
0.386998
0.693635
0.093152
0.081761
0.997774
0.066255
0.051203
0.683307
0.059196
0.355168
0.075486
0.388156
0.077254
0.387302
0.387710
0.690690
0.363595
0.298634
0.378433
0.074219
0.385603
0.369752
0.062269
0.681457
0.370838
0.686438
0.005216
0.427315
0.391643
0.405970
0.074418
0.684650
0.684179
0.997830
0.684179
0.059476
0.371998
0.059855
0.058443
0.055881
0.369339
0.997371
0.683420
0.368816
0.050942
0.046633
0.676165
0.368317
0.372396
0.069752
0.692126
0.078047
0.690575
0.377414
0.373451
0.040905
0.683808
0.349161
0.053904
0.424052
0.428341
0.689282
0.375061
0.367598
0.301352
0.492758
0.150006
0.717729
0.998628
0.161482
0.043076
0.082262
0.039098
0.054391
0.072286
0.191758
0.999179
0.112069
0.101136
0.057900
0.068359
0.061199
0.060572
0.369267
0.683335
0.048248
0.681094
0.361444
0.041197
0.682112
0.999542
0.365430
0.053307
0.372199
0.999179
0.373204
0.065565
0.067815
0.069255
0.077971
0.088494
0.381886
0.337528
0.405178
0.695630
0.687788
0.999179
0.060180
0.053628
0.372080
0.377167
0.379489
0.068104
0.999179
0.687557
0.033560
0.999179
0.674452
0.383439
0.696693
0.685643
0.098602
0.389775
0.689630
0.372786
0.684863
0.684749
0.057495
0.999179
0.372733
0.686708
0.064237
0.061423
0.056813
0.058485
0.686056
0.064044
0.377520
0.378785
0.060118
0.336521
0.431876
0.632603
0.311047
0.085958
0.104270
0.689519
0.072714
0.684884
0.685073
0.055857
0.683448
0.368125
0.366870
0.364773
0.361577
0.040810
0.679841
0.362045
0.364743
0.367111
0.053509
0.686640
0.054936
0.099883
0.696155
0.401183
0.090255
0.069870
0.997774
0.066715
0.078543
0.380396
0.382541
0.066337
0.402724
0.409122
0.076119
0.999247
0.692029
0.079596
0.083495
0.059218
0.366440
0.099978
0.689899
0.067355
0.368608
0.350793
0.404613
0.700075
0.708172
0.082884
0.073582
0.690645
0.376175
0.370489
0.052749
0.378536
0.054627
0.999664
0.352078
0.336577
0.302249
0.376634
0.685862
0.368205
0.056178
0.375825
0.042363
0.679812
0.365709
0.060470
0.058843
0.060236
0.685083
0.685380
0.061573
0.684711
0.056817
0.041109
0.384327
0.431000
0.375251
0.688354
0.055111
0.054942
0.684257
0.999319
0.058343
0.689923
0.376380
0.377910
0.380894
0.069897
0.373702
0.053513
0.364651
0.054230
0.687606
0.691263
0.997774
0.391669
0.051630
0.683686
0.371669
0.375211
0.062148
0.685605
0.060175
0.373092
0.685299
0.059006
0.370256
0.685933
0.378784
0.385502
0.694389
0.091928
0.070875
0.438560
0.311578
0.039468
0.679781
0.032865
0.997774
0.670750
0.381128
0.084887
0.078189
0.376687
0.096662
0.096945
0.077804
0.085067
0.380817
0.383967
0.068562
0.375838
0.065626
0.377478
0.688835
0.089431
0.333731
0.394297
0.695200
0.997830
0.070404
0.369897
0.684179
0.057092
0.997371
0.372939
0.685582
0.685199
0.057013
0.369782
0.369565
0.369310
0.683516
0.682929
0.681896
0.043970
0.066442
0.061274
0.692126
0.998628
0.384073
0.378843
0.687906
0.375114
0.057196
0.355878
0.679677
0.056573
0.390138
0.387420
0.092685
0.372616
0.310012
0.673277
0.031401
0.394451
0.130589
0.108260
0.685760
0.379538
0.052473
0.363265
0.368326
0.372872
0.077210
0.137961
0.124624
0.690530
0.999179
0.059819
0.368618
0.684509
0.683335
0.999542
0.048611
0.999542
0.681457
0.361974
0.680973
0.363143
0.050838
0.999179
0.062472
0.377000
0.687569
0.377045
0.377600
0.377757
0.381285
0.087867
0.999179
0.050769
0.335184
0.744713
0.373402
0.061042
0.999179
0.685667
0.686143
0.687849
0.689008
0.689438
0.065448
0.061286
0.053250
0.362281
0.059025
0.051180
0.361313
0.405542
0.387032
0.070581
0.057959
0.371424
0.057560
0.057110
0.999179
0.059016
0.999179
0.061483
0.684945
0.370749
0.369640
0.056989
0.684623
0.372672
0.062683
0.055892
0.998628
0.676242
0.269302
0.121948
0.608626
0.628151
0.693141
0.384552
0.062158
0.373656
0.052750
0.372789
0.070808
0.062287
0.054984
0.051003
0.047787
0.040939
0.361945
0.680052
0.364409
0.364212
0.042665
0.363137
0.997774
0.086157
0.392053
0.704540
0.686431
0.069899
0.685227
0.689911
0.402555
0.087865
0.414025
0.027942
0.710686
0.408225
0.081345
0.381216
0.694956
0.384258
0.999247
0.059377
0.033349
0.679815
0.680440
0.078500
0.015274
0.356704
0.379912
0.706618
0.102838
0.125367
0.386328
0.378900
0.999664
0.686646
0.372434
0.688251
0.376388
0.048663
0.016720
0.999664
0.669217
0.688175
0.059324
0.060608
0.367275
0.684165
0.359112
0.357743
0.363291
0.682661
0.369448
0.057128
0.683420
0.373006
0.062634
0.684749
0.370553
0.068016
0.395965
0.072853
0.688354
0.999319
0.379206
0.067092
0.064093
0.684257
0.068990
0.383825
0.690687
0.075613
0.378512
0.997774
0.375832
0.061099
0.105952
0.416819
0.399191
0.378807
0.391669
0.997774
0.070207
0.685264
0.372481
0.375060
0.374921
0.062107
0.373743
0.373328
0.685386
0.058403
0.371448
0.373069
0.379036
0.385786
0.697394
0.405938
0.170963
0.650454
0.465379
0.049624
0.040477
0.068926
0.348485
0.308103
0.393028
0.698034
0.695264
0.072944
0.392093
0.110301
0.701393
0.102446
0.406603
0.079871
0.090423
0.390854
0.379721
0.379808
0.690557
0.124852
0.450877
0.419417
0.144426
0.135041
0.371255
0.683700
0.364239
0.053671
0.684856
0.372302
0.372365
0.371332
0.056766
0.369906
0.055498
0.683296
0.054875
0.053042
0.049979
0.697878
0.380829
0.373965
0.071352
0.079633
0.077701
0.069891
0.686817
0.999542
0.370882
0.047972
0.365519
0.682044
0.046197
0.040309
0.687101
0.374753
0.362015
0.684748
0.060968
0.998628
0.082870
0.374593
0.368544
0.362173
0.363387
0.366714
0.370167
0.685849
0.061332
0.374006
0.302065
0.049608
0.053868
0.365127
0.365813
0.051868
0.368324
0.683698
0.049611
0.681457
0.363254
0.362317
0.362693
0.048465
0.682816
0.369714
0.062448
0.378709
0.377045
0.687199
0.999179
0.687199
0.688447
0.080891
0.694883
0.071213
0.043755
0.364302
0.059939
0.372557
0.685667
0.372964
0.375483
0.377805
0.379011
0.066844
0.999179
0.686985
0.684998
0.047463
0.408848
0.682058
0.054792
0.067826
0.369783
0.371312
0.370426
0.058475
0.999179
0.058635
0.685462
0.059041
0.686180
0.058782
0.999179
0.368424
0.052256
0.998628
0.683759
0.369981
0.370541
0.371902
0.360618
0.320363
0.124936
0.391592
0.008306
0.434417
0.372694
0.374910
0.064068
0.998628
0.687210
0.076683
0.078444
0.998628
0.067671
0.998628
0.370468
0.047187
0.679357
0.366120
0.366401
0.364195
0.019125
0.363020
0.101302
0.371525
0.697559
0.363707
0.047544
0.082890
0.392538
0.389963
0.397025
0.396366
0.280115
0.370838
0.399349
0.060407
0.394840
0.374275
0.689907
0.378237
0.388403
0.401312
0.049441
0.675862
0.364044
0.073494
0.393325
0.330436
0.388046
0.393717
0.702790
0.108515
0.383019
0.999664
0.378900
0.371314
0.375968
0.376582
0.380491
0.374969
0.060473
0.667328
0.060978
0.060603
0.685159
0.055007
0.997774
0.046617
0.361334
0.360799
0.362575
0.052298
0.053648
0.368634
0.427721
0.064041
0.065774
0.997774
0.367522
0.063693
0.380524
0.387449
0.079059
0.070381
0.689986
0.069092
0.377646
0.067127
0.688972
0.072816
0.688358
0.379675
0.069836
0.687348
0.065552
0.448180
0.438042
0.679181
0.125286
0.123061
0.368657
0.097676
0.094596
0.680685
0.061523
0.686462
0.375624
0.375421
0.063056
0.686147
0.373728
0.059406
0.374563
0.063949
0.997774
0.386788
0.997774
0.410406
0.088347
0.457354
0.997774
0.107469
0.741610
0.681437
0.304734
0.394725
0.096855
0.092986
0.080012
0.688724
0.687338
0.393042
0.391951
0.401218
0.104098
0.997371
0.100429
0.389133
0.688344
0.690557
0.997371
0.079215
0.454159
0.997830
0.416116
0.091218
0.035953
0.028776
0.040496
0.367665
0.684091
0.369011
0.052283
0.684158
0.053763
0.369185
0.683296
0.997371
0.369435
0.369049
0.682681
0.382780
0.688636
0.687205
0.999542
0.067537
0.999542
0.063151
0.376168
0.371797
0.686582
0.049223
0.999542
0.041105
0.358226
0.360207
0.055738
0.371227
0.370934
0.999542
0.060030
0.383239
0.063472
0.369903
0.366355
0.365053
0.366336
0.683390
0.054676
0.369422
0.999179
0.365034
0.002809
0.678433
0.681260
0.364390
0.364704
0.682285
0.049395
0.050048
0.999542
0.050278
0.051053
0.052151
0.053306
0.053915
0.369553
0.056183
0.685933
0.059113
0.688464
0.373023
0.060436
0.688447
0.075370
0.999179
0.387447
0.073418
0.999179
0.687069
0.059631
0.056939
0.686000
0.372951
0.375255
0.377373
0.066415
0.688741
0.375586
0.371135
0.364810
0.365471
0.382959
0.105986
0.999179
0.683212
0.684076
0.369296
0.371036
0.999179
0.372607
0.060524
0.685822
0.058965
0.685759
0.056196
0.684393
0.683646
0.682659
0.049527
0.053502
0.998628
0.683986
0.052299
0.370618
0.363581
0.067033
0.998628
0.687956
0.362955
0.350279
0.363895
0.053142
0.384424
0.378936
0.392724
0.693683
0.389243
0.381795
0.058960
0.051884
0.057046
0.074547
0.065803
0.058366
0.053906
0.051107
0.031468
0.359540
0.424903
0.370942
0.414227
0.006103
0.381227
0.397026
0.997774
0.693907
0.378076
0.010680
0.380895
0.352628
0.098279
0.391558
0.381749
0.687318
0.384337
0.402494
0.747774
0.075790
0.682003
0.057522
0.380087
0.343838
0.405886
0.402407
0.697114
0.398188
0.082297
0.997774
0.072972
0.685788
0.064032
0.999664
0.069526
0.381986
0.689279
0.055255
0.055984
0.368506
0.372445
0.058225
0.371326
0.368534
0.682841
0.681383
0.680401
0.363824
0.365857
0.055731
0.420650
0.685093
0.408098
0.058781
0.367522
0.681013
0.057917
0.377507
0.691107
0.690493
0.688442
0.999319
0.379227
0.066302
0.687240
0.376327
0.066889
0.374580
0.069709
0.093561
0.689415
0.087694
0.395262
0.462797
0.089609
0.397673
0.677457
0.687630
0.685088
0.053012
0.370957
0.375145
0.997774
0.375989
0.376410
0.064302
0.686336
0.374370
0.062347
0.380252
0.376777
0.061881
0.388088
0.118913
0.997774
0.430714
0.724119
0.128190
0.997774
0.352273
0.046586
0.392969
0.697750
0.390150
0.390333
0.384499
0.070450
0.077506
0.381632
0.380238
0.379893
0.387319
0.083692
0.084044
0.380407
0.070188
0.082619
0.080520
0.392766
0.388343
0.118378
0.997830
0.099435
0.669159
0.673969
0.997371
0.039737
0.681846
0.045360
0.366907
0.367149
0.366559
0.368089
0.369125
0.683296
0.683390
0.683510
0.367525
0.376308
0.074690
0.067587
0.376196
0.999542
0.045551
0.024607
0.377795
0.064568
0.999542
0.059366
0.051981
0.365848
0.359117
0.360526
0.999542
0.049573
0.999542
0.056010
0.061951
0.375024
0.373391
0.685093
0.054522
0.367325
0.368335
0.684277
0.684916
0.058856
0.051704
0.665448
0.679154
0.348402
0.360935
0.681769
0.999179
0.047381
0.682653
0.683370
0.683121
0.683370
0.684025
0.684917
0.058904
0.685406
0.054936
0.054357
0.057058
0.051964
0.685176
0.368006
0.054292
0.687428
0.068280
0.381039
0.694046
0.374475
0.374333
0.059566
0.056703
0.055388
0.685317
0.372117
0.375078
0.377125
0.375900
0.376169
0.372700
0.048034
0.364846
0.680191
0.288187
0.062572
0.368190
0.368825
0.369023
0.683588
0.056768
0.685881
0.060937
0.375094
0.061432
0.685609
0.371371
0.054179
0.683646
0.366642
0.047057
0.998628
0.047477
0.050398
0.052704
0.998628
0.362813
0.061616
0.681157
0.374540
0.369571
0.333154
0.367869
0.350377
0.678607
0.373014
0.055496
0.710579
0.095075
0.998628
0.696343
0.685886
0.372476
0.680635
0.687033
0.387058
0.373932
0.372232
0.684107
0.051402
0.049089
0.375937
0.997774
0.315383
0.058997
0.687925
0.381227
0.083595
0.075845
0.368129
0.997774
0.053010
0.358299
0.026960
0.668480
0.067825
0.688059
0.397124
0.162965
0.136967
0.057145
0.372677
0.372962
0.327921
0.997774
0.061033
0.401083
0.702070
0.392924
0.369508
0.082876
0.692111
0.381644
0.069226
0.689440
0.689837
0.690428
0.376159
0.371397
0.056148
0.997774
0.684640
0.684682
0.684586
0.056999
0.054979
0.052351
0.049931
0.051248
0.684819
0.043878
0.366447
0.997774
0.355762
0.035164
0.057912
0.684370
0.685404
0.064978
0.069470
0.073186
0.071948
0.377683
0.376427
0.375164
0.686652
0.374183
0.060817
0.381815
0.997774
0.413769
0.150094
0.491335
0.147180
0.259486
0.359640
0.702201
0.706981
0.069198
0.368121
0.370211
0.685741
0.062011
0.065686
0.687511
0.065988
0.375410
0.686290
0.063384
0.385677
0.383832
0.371712
0.363636
0.391730
0.713015
0.430714
0.997774
0.457803
0.305502
0.039158
0.017722
0.048313
0.059737
0.078452
0.383319
0.384919
0.071823
0.689599
0.374623
0.058008
0.682054
0.369020
0.373454
0.069723
0.691190
0.090989
0.444961
0.308034
0.997371
0.690659
0.092425
0.403870
0.108058
0.689664
0.049095
0.669159
0.343530
0.353978
0.369404
0.356395
0.357728
0.060689
0.367039
0.367803
0.369258
0.683390
0.056742
0.056487
0.054602
0.062525
0.376870
0.376289
0.374162
0.354211
0.999542
0.040110
0.075992
0.392482
0.387905
0.075279
0.385769
0.382499
0.374291
0.367351
0.681146
0.047607
0.370599
0.058060
0.374509
0.374762
0.372922
0.370495
0.369166
0.369167
0.369697
0.054977
0.685038
0.057717
0.999179
0.053369
0.038874
0.046208
0.364812
0.364425
0.681769
0.046879
0.365321
0.050462
0.683370
0.053843
0.057220
0.059540
0.685406
0.999542
0.370137
0.999542
0.683910
0.072765
0.381877
0.035463
0.057054
0.685730
0.057906
0.373425
0.686541
0.054383
0.057162
0.371112
0.684923
0.057531
0.371238
0.060910
0.067399
0.068737
0.069094
0.068993
0.061764
0.374225
0.063936
0.356864
0.656687
0.607515
0.369093
0.368387
0.367744
0.050981
0.052097
0.054782
0.370558
0.375066
0.062778
0.374079
0.371671
0.052567
0.364783
0.681288
0.043496
0.681103
0.679949
0.680263
0.046487
0.682627
0.364573
0.054745
0.998628
0.049190
0.040514
0.054436
0.039502
0.356183
0.043096
0.357061
0.708745
0.364136
0.111489
0.696343
0.374594
0.059894
0.997774
0.376692
0.099162
0.430681
0.686037
0.685634
0.370081
0.683779
0.051926
0.366699
0.067901
0.675308
0.077540
0.627601
0.386468
0.301504
0.130547
0.053249
0.041824
0.357559
0.355686
0.053408
0.686528
0.102508
0.437171
0.698220
0.469585
0.377719
0.370859
0.365839
0.065781
0.435384
0.638712
0.236834
0.118020
0.997774
0.394387
0.069968
0.392321
0.691691
0.070763
0.687555
0.375243
0.376689
0.377700
0.061654
0.997774
0.684934
0.058018
0.057777
0.058447
0.059393
0.373609
0.060514
0.371595
0.997774
0.367652
0.045871
0.685326
0.026627
0.685093
0.355916
0.358191
0.064356
0.057195
0.686687
0.065750
0.687880
0.069186
0.378008
0.066871
0.687243
0.686652
0.686262
0.999319
0.370603
0.080029
0.413769
0.997774
0.407231
0.453961
0.160597
0.164071
0.400569
0.002438
0.061207
0.375224
0.997774
0.062517
0.376070
0.070420
0.377269
0.687507
0.376849
0.064665
0.686320
0.071152
0.386783
0.371902
0.683847
0.061253
0.382909
0.128482
0.131378
0.119765
0.386492
0.368322
0.997774
0.060579
0.065927
0.689988
0.378986
0.070549
0.997774
0.381302
0.377517
0.062316
0.369345
0.683893
0.365011
0.365875
0.062537
0.685284
0.391170
0.110993
0.103993
0.690659
0.376246
0.402724
0.072506
0.080528
0.074126
0.702166
0.040941
0.048105
0.687641
0.062868
0.368022
0.074378
0.070861
0.056540
0.052709
0.055377
0.057029
0.684047
0.684248
0.683979
0.392415
0.428725
0.394136
0.069710
0.021678
0.030526
0.385517
0.999542
0.694514
0.702666
0.011552
0.409969
0.106152
0.390080
0.371197
0.680517
0.048882
0.685482
0.060263
0.688396
0.048214
0.366375
0.369019
0.370617
0.684307
0.684477
0.370760
0.685365
0.057990
0.060627
0.064762
0.372409
0.684053
0.046790
0.051171
0.364809
0.364461
0.365807
0.999542
0.367351
0.684047
0.685262
0.062837
0.375443
0.373798
0.369544
0.049637
0.370286
0.688296
0.080745
0.694577
0.057866
0.061954
0.385837
0.051170
0.044504
0.999179
0.682479
0.369727
0.370506
0.685648
0.059766
0.377638
0.382275
0.076253
0.691016
0.691253
0.382736
0.700191
0.999179
0.040774
0.275999
0.366108
0.369101
0.367921
0.366955
0.682555
0.047946
0.681608
0.683125
0.373147
0.685682
0.373469
0.371306
0.053972
0.365960
0.680800
0.044308
0.679949
0.362221
0.363512
0.364303
0.362874
0.361147
0.362126
0.043508
0.998628
0.683245
0.684489
0.681328
0.357457
0.389604
0.072103
0.674610
0.391261
0.059617
0.686482
0.067156
0.072113
0.363545
0.690522
0.369000
0.705394
0.061367
0.372978
0.371382
0.055117
0.053508
0.055242
0.682641
0.068678
0.013010
0.997774
0.024860
0.238611
0.997774
0.430158
0.682517
0.361185
0.360104
0.057794
0.686284
0.376253
0.106655
0.191323
0.387407
0.029304
0.679876
0.369242
0.380056
0.072820
0.109061
0.301824
0.683798
0.095536
0.065421
0.078594
0.086684
0.378968
0.685352
0.056927
0.685926
0.055096
0.060199
0.063073
0.064698
0.061477
0.371153
0.371185
0.060383
0.686419
0.375180
0.376425
0.375509
0.059042
0.049959
0.366172
0.368661
0.997774
0.034424
0.385248
0.696204
0.065735
0.686687
0.997774
0.066796
0.997774
0.377426
0.066962
0.686716
0.063295
0.061194
0.371865
0.057103
0.368192
0.427607
0.117910
0.404884
0.109174
0.997774
0.417625
0.137744
0.312644
0.329079
0.680807
0.057218
0.061608
0.375781
0.380294
0.997774
0.379434
0.372220
0.375101
0.373751
0.373083
0.067595
0.378696
0.371755
0.684765
0.062078
0.083054
0.406875
0.694448
0.112975
0.081172
0.372176
0.075402
0.386923
0.376924
0.383403
0.379828
0.064528
0.066945
0.686874
0.997774
0.088016
0.683893
0.997774
0.369311
0.680731
0.366784
0.072263
0.997774
0.697352
0.699459
0.048294
0.078545
0.076170
0.071250
0.688428
0.389635
0.047173
0.997371
0.064118
0.685932
0.077283
0.073739
0.379785
0.375023
0.686039
0.056869
0.683553
0.055912
0.997371
0.057160
0.056114
0.748980
0.133963
0.363635
0.376552
0.369537
0.380620
0.396068
0.384571
0.436204
0.403126
0.464591
0.030876
0.122638
0.386931
0.688419
0.371197
0.043091
0.689875
0.065132
0.354299
0.359487
0.365792
0.683749
0.055356
0.057160
0.057504
0.686129
0.685452
0.060190
0.999179
0.064653
0.359636
0.037454
0.678662
0.046152
0.050448
0.050229
0.051636
0.683253
0.368340
0.057464
0.062531
0.066075
0.686098
0.052886
0.051663
0.360890
0.061127
0.085992
0.405885
0.072564
0.413319
0.411714
0.098551
0.063345
0.999179
0.359864
0.050525
0.999179
0.057845
0.374606
0.380554
0.380870
0.383927
0.075230
0.999179
0.081215
0.690360
0.389759
0.126177
0.153962
0.022431
0.102578
0.054058
0.051932
0.049792
0.047804
0.045486
0.681146
0.049220
0.052452
0.370981
0.058088
0.371100
0.056109
0.370067
0.682402
0.367461
0.367310
0.049791
0.681397
0.046030
0.678949
0.359972
0.355436
0.346566
0.356296
0.072938
0.071127
0.043036
0.368999
0.032329
0.691174
0.037466
0.682707
0.067690
0.069150
0.997774
0.391952
0.089969
0.673886
0.696766
0.381450
0.684967
0.059040
0.057127
0.683918
0.683395
0.367711
0.057546
0.382307
0.997774
0.319645
0.137875
0.701527
0.437732
0.380287
0.363418
0.362873
0.051678
0.055023
0.048964
0.039720
0.064502
0.068293
0.049330
0.063374
0.071490
0.072179
0.697141
0.401986
0.075084
0.360810
0.997774
0.065031
0.382488
0.394404
0.705305
0.081481
0.685059
0.047393
0.365302
0.683454
0.997774
0.683454
0.373267
0.374305
0.372816
0.372442
0.061949
0.686485
0.375736
0.065777
0.686114
0.373310
0.050096
0.363684
0.679312
0.048915
0.122350
0.374286
0.074457
0.066192
0.065108
0.376052
0.066728
0.377426
0.997774
0.064858
0.064050
0.685788
0.061239
0.058974
0.369939
0.367502
0.382855
0.685070
0.385597
0.069205
0.107386
0.997774
0.091800
0.688071
0.046957
0.031426
0.997774
0.058932
0.376241
0.391238
0.691001
0.323383
0.121617
0.083793
0.685841
0.059926
0.375577
0.685682
0.684765
0.687551
0.066144
0.390089
0.380307
0.682786
0.694448
0.370586
0.058113
0.029948
0.659775
0.401006
0.433327
0.308390
0.042457
0.684022
0.061292
0.055322
0.078595
0.074067
0.059895
0.997774
0.366979
0.681573
0.682997
0.387119
0.129618
0.118868
0.997371
0.691174
0.381809
0.997371
0.690596
0.364221
0.073628
0.069965
0.381623
0.080490
0.077323
0.997371
0.384293
0.070895
0.684048
0.683553
0.683773
0.997371
0.056738
0.370253
0.369335
0.426242
0.999542
0.098110
0.688679
0.999542
0.382418
0.999542
0.071571
0.082939
0.689519
0.406967
0.999542
0.099017
0.688419
0.999542
0.059438
0.364258
0.673963
0.072954
0.375101
0.371578
0.371893
0.686493
0.059006
0.374666
0.374982
0.688064
0.060575
0.064363
0.063327
0.373992
0.682789
0.043734
0.679532
0.046630
0.368948
0.370415
0.999542
0.368693
0.369743
0.685379
0.063977
0.686098
0.999542
0.057283
0.999542
0.044152
0.999179
0.390093
0.703649
0.999179
0.400196
0.421348
0.427143
0.105163
0.295329
0.044970
0.050412
0.684938
0.374509
0.066319
0.071490
0.691505
0.383074
0.999179
0.069198
0.381312
0.120060
0.106957
0.702349
0.159579
0.690541
0.352996
0.431741
0.052129
0.999179
0.682523
0.363565
0.999179
0.681146
0.680883
0.054618
0.998628
0.371239
0.057662
0.684726
0.371731
0.063585
0.063669
0.057461
0.682304
0.054565
0.047730
0.677702
0.356019
0.357820
0.389995
0.697083
0.694337
0.694861
0.374374
0.061846
0.662654
0.353673
0.375614
0.693938
0.381030
0.381915
0.086980
0.097201
0.074528
0.066242
0.060268
0.058148
0.997774
0.684266
0.369223
0.368131
0.047233
0.052634
0.064929
0.387987
0.693930
0.390686
0.437792
0.997774
0.690491
0.357902
0.048372
0.682176
0.044101
0.997774
0.040787
0.997774
0.682618
0.687307
0.684808
0.693053
0.386750
0.047232
0.716241
0.081825
0.357573
0.059225
0.374757
0.373065
0.411117
0.999275
0.086224
0.683836
0.036468
0.357778
0.363369
0.683454
0.368052
0.057244
0.684743
0.685385
0.061154
0.374371
0.685992
0.374932
0.063637
0.685262
0.056277
0.364012
0.679535
0.358181
0.111847
0.688819
0.419369
0.073808
0.687465
0.065299
0.997774
0.065258
0.065169
0.063878
0.997774
0.061854
0.685454
0.685235
0.059152
0.684425
0.054874
0.685070
0.370823
0.370612
0.684388
0.065629
0.087070
0.687692
0.382153
0.056892
0.683505
0.048336
0.059496
0.375482
0.436500
0.420918
0.163850
0.342587
0.998914
0.396742
0.370363
0.066500
0.072814
0.375459
0.689145
0.066976
0.369946
0.363413
0.677464
0.379624
0.361454
0.361833
0.342293
0.997774
0.659775
0.414109
0.098719
0.997774
0.666975
0.357347
0.073225
0.379841
0.688358
0.682742
0.683192
0.050094
0.366008
0.067015
0.398522
0.689952
0.128701
0.127144
0.065178
0.074832
0.084138
0.071842
0.689319
0.683363
0.679905
0.061579
0.073297
0.997371
0.080460
0.689913
0.997371
0.066908
0.684048
0.058281
0.683773
0.683772
0.683661
0.683655
0.999542
0.116395
0.999542
0.065261
0.688679
0.379080
0.382296
0.084501
0.690086
0.690621
0.113440
0.400977
0.999542
0.083969
0.688419
0.689660
0.687372
0.074000
0.089298
0.386542
0.379666
0.689447
0.375546
0.063600
0.377725
0.377878
0.689379
0.377557
0.065297
0.377313
0.682789
0.678682
0.360266
0.680285
0.047848
0.371553
0.686995
0.370415
0.370808
0.371584
0.062653
0.066944
0.068966
0.377254
0.382821
0.070357
0.378134
0.051077
0.075801
0.097367
0.403498
0.125574
0.999179
0.709216
0.717125
0.082879
0.035664
0.999179
0.056457
0.999179
0.061517
0.691505
0.688599
0.077278
0.071928
0.382347
0.371322
0.722375
0.179121
0.128685
0.097102
0.689150
0.366302
0.631509
0.683546
0.367183
0.365318
0.045096
0.681146
0.045650
0.682201
0.366819
0.370220
0.372476
0.371579
0.370967
0.063160
0.998628
0.688959
0.063338
0.684025
0.686120
0.058200
0.681513
0.059623
0.082903
0.697083
0.101105
0.076868
0.400221
0.377261
0.086268
0.371767
0.382591
0.084046
0.690882
0.085741
0.391359
0.997774
0.698670
0.696817
0.374258
0.054246
0.997774
0.370976
0.370098
0.368798
0.367101
0.049076
0.687325
0.997774
0.079029
0.695943
0.109859
0.009656
0.053718
0.039933
0.043090
0.363992
0.680176
0.681070
0.042529
0.363752
0.048208
0.687307
0.065164
0.078209
0.067974
0.048139
0.022685
0.371223
0.691447
0.020691
0.355252
0.365031
0.387043
0.999275
0.412618
0.432768
0.350868
0.356111
0.036117
0.357546
0.365050
0.369633
0.684743
0.997774
0.059042
0.059805
0.373107
0.373488
0.373269
0.684914
0.372559
0.054983
0.682155
0.364859
0.050309
0.681916
0.683770
0.688819
0.358770
0.410252
0.355484
0.004698
0.066797
0.685808
0.373791
0.374150
0.060534
0.060619
0.997774
0.059113
0.684622
0.056042
0.053903
0.997774
0.055621
0.683145
0.058334
0.372293
0.372684
0.684781
0.059288
0.684564
0.370605
0.061013
0.374476
0.405111
0.365717
0.682987
0.096282
0.713046
0.747774
0.063965
0.382435
0.383645
0.076951
0.690915
0.064827
0.684222
0.047360
0.681307
0.041144
0.997774
0.382961
0.047481
0.149743
0.011907
0.698793
0.393807
0.042622
0.050376
0.684488
0.671099
0.685645
0.067735
0.387063
0.054876
0.048491
0.052014
0.997774
0.373806
0.124107
0.130811
0.686570
0.691986
0.688734
0.085538
0.085312
0.374372
0.357706
0.354488
0.361705
0.065465
0.071003
0.080675
0.382277
0.382691
0.073988
0.685698
0.060390
0.683772
0.370389
0.370452
0.369751
0.371332
0.404990
0.689695
0.050416
0.689007
0.377087
0.380931
0.070511
0.999542
0.066321
0.371547
0.064185
0.695812
0.076393
0.689660
0.069338
0.376808
0.393443
0.999542
0.390953
0.382972
0.689439
0.067280
0.689236
0.379319
0.689679
0.379876
0.379327
0.377882
0.064374
0.058668
0.046556
0.360495
0.681086
0.050051
0.373912
0.687784
0.373150
0.373589
0.062098
0.065554
0.689754
0.690698
0.999542
0.690698
0.382224
0.688800
0.999542
0.688437
0.086889
0.999179
0.136355
0.709216
0.136594
0.718741
0.064092
0.038830
0.681128
0.056255
0.061062
0.999179
0.061321
0.999179
0.688599
0.692127
0.430710
0.108962
0.109222
0.049222
0.707918
0.096802
0.686781
0.372401
0.048695
0.047925
0.053543
0.366260
0.046979
0.680276
0.046051
0.681746
0.366690
0.371946
0.375894
0.061992
0.060032
0.064930
0.379002
0.381771
0.069642
0.686120
0.375809
0.068989
0.373481
0.998628
0.381314
0.088736
0.384773
0.687725
0.071044
0.096974
0.998628
0.077435
0.386782
0.035720
0.696158
0.106365
0.695659
0.401596
0.409451
0.148749
0.365888
0.370156
0.370752
0.060957
0.371256
0.055698
0.366024
0.040989
0.379545
0.687325
0.383787
0.420855
0.746912
0.405908
0.355418
0.361109
0.039102
0.362514
0.365471
0.997774
0.681070
0.681517
0.058090
0.683805
0.379504
0.997774
0.688578
0.693163
0.081973
0.369296
0.398764
0.103519
0.623828
0.047292
0.315747
0.326435
0.051936
0.415988
0.276062
0.355375
0.041251
0.037683
0.045654
0.682410
0.054333
0.371052
0.370800
0.371002
0.058337
0.371498
0.371512
0.684468
0.056908
0.997774
0.683454
0.050913
0.367885
0.683447
0.058632
0.039043
0.381085
0.391777
0.425910
0.350184
0.016265
0.068860
0.375702
0.997774
0.685627
0.060148
0.060038
0.372042
0.684161
0.683596
0.683018
0.054997
0.683567
0.053990
0.682680
0.053190
0.369702
0.997774
0.057900
0.371338
0.997774
0.372259
0.061904
0.385607
0.375184
0.687020
0.058335
0.747774
0.068752
0.081522
0.691858
0.080069
0.384122
0.378550
0.687341
0.373658
0.368550
0.364629
0.033936
0.359484
0.362750
0.376785
0.041951
0.670258
0.097292
0.383581
0.057088
0.997774
0.349883
0.316678
0.058942
0.997774
0.057803
0.997774
0.682242
0.050610
0.685071
0.385834
0.691947
0.686100
0.375923
0.063959
0.386174
0.693708
0.094020
0.064231
0.035739
0.054966
0.376750
0.371710
0.373365
0.687526
0.077733
0.692731
0.078323
0.687408
0.063238
0.372224
0.684169
0.060693
0.059439
0.103038
0.024460
0.673589
0.361918
0.074468
0.369479
0.077796
0.380580
0.376344
0.671778
0.370152
0.056605
0.687423
0.061855
0.690686
0.689260
0.385748
0.089795
0.397246
0.390625
0.689439
0.999542
0.689439
0.067337
0.689679
0.999542
0.379749
0.380149
0.377781
0.375013
0.054231
0.681989
0.045032
0.682538
0.053273
0.374921
0.687291
0.064831
0.065728
0.065717
0.999542
0.067857
0.380889
0.690698
0.089110
0.699535
0.393651
0.061506
0.375686
0.059126
0.699028
0.016350
0.395926
0.161987
0.703013
0.127831
0.008012
0.339945
0.056017
0.673406
0.363977
0.024532
0.000213
0.061763
0.081326
0.063758
0.999179
0.691517
0.653216
0.102454
0.309459
0.348122
0.999179
0.682431
0.688569
0.367168
0.054711
0.052634
0.049707
0.046428
0.041613
0.039239
0.041966
0.070990
0.071020
0.691433
0.381773
0.074782
0.078055
0.383903
0.067015
0.687623
0.376435
0.373794
0.051920
0.364101
0.049983
0.687725
0.690204
0.384535
0.998628
0.082413
0.398458
0.037122
0.702500
0.121787
0.405926
0.408806
0.419142
0.431861
0.384732
0.368651
0.369119
0.060995
0.997774
0.064509
0.375050
0.053958
0.045532
0.054424
0.695176
0.410866
0.196480
0.074378
0.420428
0.055500
0.046995
0.038072
0.680528
0.044432
0.681070
0.043259
0.037408
0.380084
0.065018
0.692100
0.373221
0.376819
0.389985
0.689205
0.390454
0.345409
0.064953
0.374614
0.372928
0.096684
0.045941
0.997774
0.417119
0.107607
0.684732
0.058735
0.681675
0.682183
0.052747
0.369642
0.997774
0.370245
0.370382
0.056612
0.369836
0.684468
0.997774
0.370839
0.055815
0.053524
0.054168
0.369791
0.997774
0.369428
0.370402
0.375384
0.383368
0.065468
0.997774
0.067947
0.375927
0.374769
0.061758
0.060415
0.685349
0.685195
0.684884
0.371368
0.370522
0.056406
0.370148
0.997774
0.368472
0.683203
0.052193
0.368872
0.370487
0.056220
0.370892
0.058860
0.684861
0.061124
0.689972
0.687020
0.997774
0.373079
0.067424
0.085478
0.386382
0.690368
0.382986
0.073763
0.686884
0.376346
0.373069
0.053229
0.997774
0.058681
0.680928
0.362477
0.358358
0.009884
0.683511
0.682589
0.683511
0.685792
0.369680
0.058940
0.118147
0.061171
0.046963
0.061138
0.369124
0.049526
0.368389
0.683417
0.062220
0.073582
0.378396
0.058927
0.997774
0.684204
0.687238
0.079926
0.690809
0.072855
0.378111
0.687649
0.066851
0.997371
0.379500
0.070106
0.692523
0.074675
0.688600
0.066852
0.374462
0.685496
0.374766
0.373223
0.681338
0.688466
0.045341
0.059134
0.685574
0.095365
0.373120
0.327485
0.355614
0.747412
0.360578
0.358296
0.061878
0.065005
0.070286
0.690364
0.385329
0.387415
0.389284
0.082155
0.049062
0.376596
0.688468
0.065620
0.063612
0.067527
0.689052
0.066841
0.686669
0.372953
0.051992
0.999542
0.047340
0.999542
0.369675
0.687291
0.999542
0.687291
0.067785
0.999542
0.067750
0.688886
0.379176
0.380342
0.381481
0.393677
0.063334
0.367428
0.357390
0.011910
0.691535
0.346475
0.746912
0.388434
0.397640
0.416279
0.087337
0.307722
0.999179
0.046847
0.999179
0.364109
0.367305
0.087389
0.999179
0.697485
0.380815
0.307563
0.382904
0.034642
0.351288
0.384371
0.371327
0.057270
0.060474
0.680729
0.685022
0.371202
0.050271
0.998628
0.679992
0.676379
0.343720
0.356349
0.084425
0.998628
0.384333
0.998628
0.383533
0.383882
0.377096
0.373477
0.053299
0.364754
0.998628
0.047768
0.375529
0.071092
0.998628
0.073203
0.086510
0.408918
0.104099
0.029744
0.074094
0.437058
0.407478
0.997774
0.112928
0.386413
0.048736
0.044704
0.368560
0.063945
0.377828
0.997774
0.379659
0.376867
0.377598
0.069947
0.076571
0.103233
0.098580
0.104764
0.064868
0.374020
0.684410
0.363580
0.040860
0.355559
0.359516
0.997774
0.362115
0.025283
0.371553
0.385527
0.356205
0.321453
0.065909
0.681359
0.361716
0.011320
0.376393
0.373797
0.351787
0.704341
0.701831
0.703011
0.701831
0.398801
0.063475
0.372514
0.367207
0.366774
0.997774
0.055080
0.370245
0.683959
0.997774
0.369423
0.683956
0.371095
0.058064
0.685294
0.999246
0.057093
0.684412
0.370218
0.056229
0.370392
0.369318
0.369550
0.045549
0.370255
0.057240
0.685646
0.066700
0.685969
0.374980
0.062070
0.060948
0.060985
0.060603
0.371997
0.058812
0.684356
0.997774
0.056164
0.368510
0.997774
0.368285
0.368921
0.369157
0.683106
0.055994
0.371012
0.684476
0.060350
0.061985
0.379820
0.061173
0.997774
0.060886
0.383599
0.381370
0.685060
0.377984
0.065315
0.370736
0.997774
0.684941
0.366977
0.681045
0.046152
0.997774
0.680928
0.679939
0.029424
0.040409
0.997774
0.057083
0.063628
0.080830
0.071985
0.398794
0.677315
0.683353
0.997774
0.050107
0.365601
0.054570
0.683635
0.369786
0.374074
0.055678
0.369717
0.368341
0.370366
0.074568
0.690809
0.689569
0.690809
0.691067
0.379838
0.379249
0.377973
0.376094
0.370070
0.047631
0.381723
0.688779
0.068618
0.376808
0.064459
0.997371
0.685753
0.379610
0.999542
0.380146
0.380953
0.081558
0.129472
0.400904
0.385770
0.077045
0.710635
0.101437
0.377537
0.999542
0.063346
0.380102
0.073212
0.382591
0.380627
0.066923
0.048578
0.676515
0.372249
0.359891
0.049490
0.687321
0.689052
0.999542
0.066402
0.684663
0.683283
0.999542
0.048084
0.683801
0.058372
0.372416
0.373092
0.687291
0.375159
0.067979
0.379395
0.688968
0.070450
0.068702
0.689210
0.377822
0.059832
0.999179
0.364652
0.038268
0.373716
0.045573
0.354446
0.999179
0.146541
0.403439
0.382166
0.011181
0.043471
0.677878
0.062330
0.679929
0.682613
0.384887
0.999179
0.399014
0.139733
0.395711
0.342601
0.379020
0.379906
0.999179
0.075401
0.379316
0.999179
0.687627
0.368726
0.058364
0.998628
0.684960
0.364771
0.357969
0.031120
0.040565
0.998628
0.390473
0.090367
0.692271
0.083865
0.076480
0.062421
0.057158
0.369763
0.054567
0.364824
0.363887
0.998628
0.057707
0.075139
0.690204
0.090870
0.404200
0.998628
0.065430
0.048833
0.997774
0.363829
0.060753
0.705880
0.369692
0.047355
0.677657
0.997774
0.362641
0.059692
0.689582
0.073678
0.997774
0.688964
0.688126
0.690529
0.328745
0.391841
0.700705
0.366619
0.997774
0.685755
0.053245
0.045446
0.355156
0.356110
0.678601
0.051188
0.678163
0.380885
0.055762
0.359315
0.300789
0.375277
0.386295
0.375486
0.029327
0.702046
0.070596
0.371479
0.684327
0.016040
0.401270
0.701831
0.096930
0.062070
0.064967
0.060180
0.369644
0.367969
0.367925
0.683566
0.054882
0.370111
0.683959
0.053984
0.054564
0.053485
0.684941
0.060764
0.375147
0.061670
0.999246
0.685884
0.371618
0.999246
0.368259
0.367552
0.366100
0.365858
0.048663
0.372793
0.685969
0.997774
0.061376
0.373131
0.685520
0.373488
0.061302
0.060588
0.997774
0.059151
0.059075
0.058874
0.057736
0.368505
0.367807
0.367822
0.367003
0.368031
0.368855
0.997774
0.370535
0.059111
0.372923
0.061440
0.415827
0.073461
0.686475
0.051681
0.369118
0.368907
0.682093
0.054702
0.997774
0.370736
0.367764
0.054330
0.681250
0.366373
0.368827
0.053943
0.048679
0.052316
0.378959
0.058064
0.997774
0.684250
0.684023
0.068482
0.997774
0.398794
0.382234
0.386294
0.048488
0.049231
0.052758
0.055178
0.997371
0.056347
0.422825
0.368912
0.364727
0.363268
0.372943
0.076490
0.997371
0.383265
0.381912
0.380771
0.687976
0.069837
0.058567
0.356484
0.023171
0.063801
0.069093
0.071073
0.377821
0.685447
0.685753
0.373023
0.073739
0.688466
0.689822
0.691223
0.390103
0.073259
0.077630
0.088931
0.710635
0.999542
0.039568
0.052958
0.687895
0.070350
0.999542
0.688672
0.070333
0.063855
0.686404
0.307596
0.076061
0.042575
0.063465
0.683063
0.370985
0.378575
0.072273
0.999542
0.376892
0.055817
0.683283
0.365422
0.052866
0.999542
0.064899
0.368841
0.376084
0.057567
0.062642
0.380661
0.380883
0.999542
0.069990
0.688799
0.064958
0.059702
0.054354
0.049188
0.999179
0.369852
0.066694
0.308998
0.746912
0.001771
0.084839
0.691555
0.064580
0.999179
0.069666
0.046805
0.682613
0.363143
0.372145
0.405197
0.182943
0.098483
0.001145
0.091290
0.092585
0.101858
0.383605
0.097828
0.376446
0.374852
0.368075
0.061677
0.062360
0.373065
0.371139
0.367063
0.045314
0.044808
0.998628
0.367073
0.686080
0.086630
0.095325
0.389604
0.389351
0.379687
0.684758
0.370427
0.063206
0.684148
0.055883
0.057060
0.998628
0.062761
0.385001
0.998628
0.695587
0.108294
0.066776
0.052162
0.050325
0.371565
0.057490
0.683346
0.366496
0.360687
0.036893
0.677657
0.036292
0.095761
0.691794
0.078179
0.688964
0.380097
0.381809
0.025276
0.679509
0.630423
0.365904
0.059250
0.685755
0.055911
0.997774
0.048475
0.358549
0.677057
0.055477
0.997774
0.077810
0.997774
0.695142
0.367378
0.368390
0.058321
0.689368
0.392049
0.386552
0.385915
0.078833
0.368296
0.683037
0.057270
0.353294
0.385114
0.684632
0.068249
0.687527
0.689048
0.373768
0.370911
0.054181
0.682826
0.055307
0.057798
0.055924
0.052498
0.680078
0.683469
0.999246
0.062500
0.999246
0.689100
0.375220
0.061136
0.685684
0.056870
0.683462
0.999246
0.049772
0.997774
0.053970
0.371423
0.058650
0.373496
0.997774
0.062450
0.686977
0.374753
0.374155
0.061286
0.060901
0.060654
0.373612
0.687100
0.063164
0.059591
0.054086
0.053138
0.682378
0.682704
0.997774
0.053675
0.056251
0.371613
0.055967
0.115734
0.427986
0.365681
0.635575
0.369353
0.044092
0.363410
0.363144
0.678621
0.367085
0.044047
0.681448
0.363335
0.368151
0.374177
0.061839
0.997774
0.373097
0.997774
0.374618
0.997774
0.064142
0.368975
0.055149
0.697938
0.693510
0.402857
0.080351
0.053362
0.047742
0.997774
0.681550
0.054919
0.371841
0.998105
0.688538
0.119914
0.363093
0.363945
0.377461
0.374728
0.069786
0.380921
0.688775
0.688243
0.079284
0.692444
0.382511
0.350886
0.044126
0.686758
0.997371
0.686758
0.070179
0.687064
0.376456
0.054392
0.999542
0.378404
0.378558
0.084933
0.695136
0.684417
0.999542
0.382631
0.062831
0.057653
0.368971
0.686772
0.693175
0.062568
0.067731
0.067487
0.062959
0.685166
0.073106
0.999542
0.700705
0.748829
0.083490
0.062670
0.071464
0.076040
0.388068
0.385378
0.073255
0.371910
0.369273
0.055068
0.683183
0.374089
0.090686
0.379196
0.688277
0.999542
0.065600
0.381054
0.383437
0.690762
0.073437
0.377055
0.685996
0.999542
0.685633
0.054682
0.368978
0.057098
0.061585
0.379263
0.615577
0.086259
0.999179
0.378513
0.057114
0.065754
0.999179
0.046712
0.678963
0.347821
0.052213
0.690013
0.710507
0.127921
0.373602
0.390516
0.082100
0.999179
0.411696
0.382278
0.307135
0.378018
0.374147
0.686405
0.686773
0.063502
0.062471
0.057322
0.998628
0.683875
0.363470
0.369632
0.081277
0.386251
0.378707
0.998628
0.691584
0.692883
0.064563
0.073601
0.062534
0.376175
0.067119
0.998628
0.374004
0.371848
0.075305
0.385436
0.086596
0.392735
0.372800
0.367631
0.368278
0.057028
0.058456
0.057150
0.053574
0.051078
0.062205
0.044583
0.046350
0.697640
0.692513
0.392225
0.384760
0.067645
0.382989
0.080026
0.681096
0.366774
0.365168
0.054497
0.037461
0.056660
0.367591
0.048716
0.365482
0.361108
0.682413
0.061960
0.110659
0.071942
0.369007
0.367373
0.360576
0.053190
0.687119
0.075497
0.385343
0.155362
0.118836
0.369652
0.683357
0.057516
0.376838
0.075411
0.073718
0.073873
0.070877
0.997774
0.376620
0.373929
0.057885
0.370183
0.370891
0.685148
0.681891
0.997774
0.035161
0.038516
0.684941
0.066165
0.381295
0.382064
0.378826
0.065621
0.373945
0.371076
0.056251
0.055047
0.999246
0.052548
0.056872
0.368967
0.683211
0.058095
0.064624
0.689340
0.069162
0.997774
0.687007
0.062953
0.374464
0.374555
0.687100
0.997774
0.379296
0.063848
0.381829
0.683573
0.366100
0.051092
0.052022
0.682981
0.368060
0.054172
0.997774
0.106114
0.385881
0.713338
0.373029
0.346548
0.043252
0.679630
0.997774
0.360384
0.038715
0.355544
0.351228
0.353241
0.363555
0.063175
0.062749
0.057702
0.374324
0.386043
0.068812
0.377667
0.997774
0.371070
0.042524
0.080101
0.697938
0.389562
0.742169
0.367018
0.364169
0.047097
0.048732
0.060512
0.042245
0.057267
0.093382
0.063296
0.059877
0.375370
0.370342
0.374258
0.378246
0.377292
0.050816
0.073989
0.387199
0.386472
0.694440
0.071291
0.694847
0.076289
0.686758
0.374977
0.074025
0.688381
0.069687
0.686558
0.357798
0.085112
0.089218
0.696962
0.094741
0.391240
0.078084
0.659544
0.107069
0.389434
0.630192
0.368606
0.003678
0.047231
0.999542
0.382854
0.377712
0.061774
0.062320
0.405692
0.454312
0.397223
0.701167
0.999542
0.096098
0.694522
0.999542
0.694522
0.695155
0.378286
0.069410
0.110511
0.000511
0.377687
0.449867
0.398093
0.435067
0.380155
0.068813
0.066369
0.382961
0.080590
0.079487
0.378610
0.377370
0.374545
0.371389
0.058095
0.999179
0.685092
0.371684
0.373234
0.082916
0.387295
0.693406
0.087652
0.411779
0.999179
0.089225
0.361687
0.669151
0.319115
0.443959
0.396955
0.111207
0.381998
0.378381
0.078379
0.999179
0.096581
0.101166
0.394991
0.430161
0.301276
0.374272
0.375215
0.375376
0.687271
0.687304
0.375612
0.371801
0.049773
0.682180
0.057356
0.681382
0.998628
0.062484
0.387330
0.381731
0.071552
0.376529
0.384506
0.397895
0.068143
0.079324
0.083627
0.381724
0.374408
0.077133
0.998628
0.688477
0.062079
0.997774
0.052315
0.682358
0.683094
0.370156
0.371534
0.061648
0.997774
0.362900
0.997774
0.105011
0.014780
0.096779
0.387703
0.072676
0.997774
0.376209
0.067374
0.997774
0.050734
0.047091
0.997774
0.364279
0.358493
0.051847
0.362654
0.047961
0.366800
0.366230
0.997774
0.682147
0.367135
0.054613
0.350715
0.351574
0.357321
0.039017
0.679291
0.159615
0.278749
0.090080
0.371886
0.684178
0.058922
0.373078
0.066196
0.376536
0.689724
0.998829
0.379942
0.069462
0.068243
0.061750
0.058856
0.059635
0.063342
0.051018
0.041500
0.354593
0.688931
0.376018
0.999246
0.076210
0.690740
0.379741
0.378488
0.066414
0.061347
0.685985
0.372768
0.058722
0.686736
0.057890
0.997774
0.054981
0.687694
0.689340
0.997774
0.381445
0.071695
0.067505
0.065384
0.686380
0.686637
0.377317
0.070806
0.377243
0.398148
0.399580
0.060392
0.368472
0.682272
0.369216
0.684049
0.369291
0.045896
0.373855
0.380161
0.415580
0.407469
0.689854
0.378572
0.086469
0.041297
0.042477
0.679676
0.678529
0.025519
0.341427
0.341330
0.047594
0.997774
0.374365
0.374818
0.063643
0.080384
0.072076
0.086664
0.375652
0.386535
0.048503
0.391820
0.695842
0.091323
0.683690
0.681566
0.681102
0.680953
0.680236
0.365061
0.366727
0.056333
0.686502
0.373528
0.687820
0.060433
0.059663
0.374466
0.374729
0.048063
0.997371
0.670806
0.691485
0.083316
0.385246
0.704107
0.083745
0.071709
0.040106
0.061952
0.091057
0.382464
0.997371
0.371424
0.086725
0.411760
0.096427
0.092632
0.698924
0.093657
0.999542
0.089552
0.393118
0.090584
0.005032
0.284052
0.433428
0.041108
0.382854
0.693333
0.387430
0.382171
0.068133
0.073376
0.096533
0.133155
0.421650
0.400183
0.999542
0.089867
0.081710
0.695155
0.388056
0.070705
0.133139
0.999542
0.172178
0.332798
0.999542
0.148110
0.378210
0.697422
0.053634
0.999542
0.381380
0.999542
0.082876
0.380666
0.999542
0.064528
0.373936
0.372799
0.057456
0.059530
0.372846
0.080079
0.999179
0.123706
0.694405
0.074981
0.363137
0.349660
0.031846
0.026194
0.352125
0.004556
0.372316
0.055648
0.999179
0.380240
0.378757
0.384055
0.390842
0.694399
0.392181
0.140834
0.702649
0.423747
0.377497
0.377951
0.375398
0.064732
0.062226
0.061981
0.685451
0.043662
0.678808
0.040106
0.359263
0.681382
0.356331
0.049384
0.686300
0.998628
0.686300
0.687482
0.077528
0.692501
0.695062
0.998628
0.080475
0.374959
0.057497
0.688477
0.373736
0.370814
0.051946
0.682358
0.997774
0.368514
0.683165
0.683999
0.684597
0.060725
0.071464
0.052825
0.365218
0.061006
0.997774
0.387090
0.066720
0.684652
0.365619
0.363678
0.357960
0.359360
0.378703
0.039146
0.997774
0.363373
0.361734
0.045412
0.359244
0.049806
0.681493
0.682147
0.366346
0.364715
0.691288
0.353411
0.352258
0.026429
0.997774
0.113077
0.696057
0.736772
0.297792
0.060457
0.065625
0.373429
0.060876
0.686303
0.998829
0.065692
0.689724
0.377741
0.686818
0.376529
0.063145
0.372391
0.372439
0.682109
0.688783
0.997774
0.042635
0.673110
0.374183
0.094068
0.080467
0.690531
0.381414
0.066621
0.063410
0.372411
0.059054
0.999246
0.060167
0.687081
0.059727
0.057586
0.057000
0.064645
0.071050
0.070107
0.997774
0.068673
0.686281
0.065549
0.064458
0.065722
0.067850
0.376547
0.700644
0.402270
0.362472
0.685086
0.684250
0.056221
0.684049
0.997774
0.052220
0.377575
0.698991
0.997774
0.121538
0.689854
0.997774
0.362129
0.351273
0.061584
0.681925
0.679867
0.357262
0.677572
0.018306
0.022224
0.050895
0.065611
0.378439
0.686669
0.401531
0.383636
0.106002
0.674176
0.037816
0.102943
0.058975
0.054363
0.346718
0.366075
0.681566
0.048608
0.680953
0.050256
0.050524
0.367791
0.682292
0.683499
0.684331
0.686502
0.062483
0.685464
0.684678
0.372906
0.373451
0.370904
0.028441
0.008032
0.390897
0.080269
0.077998
0.075589
0.380073
0.377475
0.681147
0.684695
0.096532
0.697992
0.390513
0.373529
0.395912
0.398610
0.695570
0.998628
0.089330
0.084645
0.086173
0.999542
0.083149
0.999542
0.089063
0.020996
0.001524
0.388595
0.010974
0.375878
0.387934
0.691275
0.387483
0.696127
0.999542
0.128748
0.724778
0.111645
0.698558
0.079469
0.999542
0.077212
0.381368
0.075782
0.434387
0.178516
0.298529
0.437733
0.399466
0.060792
0.390128
0.686331
0.058362
0.378618
0.691285
0.085663
0.088910
0.381452
0.689173
0.688462
0.374911
0.058015
0.999179
0.370135
0.063214
0.375092
0.078979
0.174866
0.716188
0.111714
0.354267
0.310543
0.098988
0.669405
0.999179
0.669405
0.069460
0.074612
0.382456
0.073916
0.693644
0.079236
0.695899
0.391152
0.392963
0.102077
0.628334
0.411654
0.365727
0.388450
0.063731
0.373286
0.998628
0.060880
0.686233
0.059884
0.672549
0.064039
0.371494
0.402860
0.333701
0.357784
0.374164
0.041319
0.368376
0.079176
0.687140
0.382251
0.379505
0.074919
0.060300
0.369507
0.369017
0.369757
0.369456
0.367514
0.366282
0.048872
0.682358
0.366714
0.368314
0.369967
0.057163
0.683243
0.683953
0.367905
0.997774
0.681357
0.378067
0.386502
0.059779
0.681019
0.358307
0.039027
0.361389
0.051613
0.049965
0.372949
0.363373
0.997774
0.679400
0.677938
0.362859
0.050272
0.681857
0.060913
0.346127
0.003667
0.044640
0.046201
0.046230
0.049370
0.677644
0.061039
0.687355
0.310969
0.056583
0.070684
0.688726
0.067617
0.998829
0.375477
0.056315
0.370304
0.686931
0.058472
0.376529
0.997774
0.062516
0.684277
0.684638
0.375330
0.371399
0.430992
0.140676
0.684498
0.122224
0.999246
0.396895
0.387978
0.072706
0.060764
0.370600
0.999246
0.371930
0.372678
0.999246
0.686052
0.064618
0.378051
0.685790
0.686943
0.997774
0.061757
0.062708
0.371121
0.997774
0.062879
0.375489
0.686685
0.064732
0.373045
0.070422
0.347033
0.357003
0.047582
0.084768
0.372178
0.080515
0.056413
0.685775
0.997774
0.066451
0.400840
0.416943
0.711421
0.059351
0.997774
0.345286
0.035674
0.997774
0.050201
0.044068
0.041132
0.678813
0.356020
0.051578
0.997774
0.686797
0.081477
0.121010
0.997774
0.398928
0.698398
0.347115
0.313324
0.374078
0.054693
0.050284
0.681355
0.364786
0.364837
0.051399
0.997774
0.370208
0.683483
0.369793
0.060146
0.375657
0.061461
0.686435
0.058716
0.058607
0.372666
0.062904
0.055340
0.078624
0.997371
0.085152
0.086533
0.997371
0.690968
0.073613
0.997371
0.062305
0.376396
0.056357
0.383055
0.050266
0.362671
0.694494
0.687458
0.092314
0.385471
0.385494
0.692155
0.999542
0.085342
0.091810
0.086655
0.059557
0.999542
0.403236
0.377173
0.052949
0.694615
0.400684
0.089325
0.389998
0.080258
0.696127
0.082754
0.708572
0.084321
0.384667
0.070253
0.691229
0.691173
0.380424
0.054882
0.369449
0.491267
0.726467
0.119663
0.689449
0.056009
0.421077
0.090884
0.366420
0.686507
0.079930
0.692897
0.395496
0.078050
0.688825
0.060301
0.686055
0.053753
0.685233
0.683549
0.684081
0.374914
0.069342
0.616224
0.446355
0.053789
0.085406
0.385388
0.082247
0.699191
0.046810
0.378547
0.999179
0.688812
0.385798
0.080527
0.694173
0.999179
0.393702
0.390890
0.396996
0.024689
0.999179
0.628334
0.110574
0.119940
0.375445
0.684602
0.685082
0.367817
0.370526
0.375565
0.373591
0.050681
0.686014
0.341783
0.367716
0.371939
0.352898
0.358698
0.059343
0.377061
0.998628
0.374144
0.386333
0.689773
0.368063
0.052146
0.051375
0.051557
0.050904
0.049865
0.048186
0.046454
0.363693
0.047644
0.050116
0.052869
0.054600
0.997774
0.054260
0.049937
0.047684
0.039155
0.037957
0.059014
0.052034
0.051025
0.050368
0.681873
0.357967
0.677942
0.383077
0.369800
0.078515
0.679400
0.032297
0.032563
0.044875
0.058925
0.370037
0.359990
0.000402
0.997774
0.686055
0.369603
0.060709
0.997774
0.068853
0.369050
0.997774
0.060854
0.997774
0.069737
0.380019
0.998829
0.072847
0.378070
0.058404
0.051292
0.369086
0.050067
0.685684
0.062399
0.373258
0.371204
0.369889
0.370915
0.384086
0.400739
0.395426
0.719599
0.397135
0.129160
0.390341
0.101253
0.073548
0.684474
0.999246
0.055383
0.056638
0.057930
0.371972
0.059437
0.373962
0.066655
0.061788
0.060323
0.373120
0.053451
0.365660
0.368512
0.371086
0.058952
0.373614
0.685878
0.062362
0.684764
0.043946
0.679189
0.352152
0.706318
0.997774
0.106614
0.997774
0.706932
0.370138
0.060888
0.399880
0.367429
0.699624
0.046294
0.333377
0.345286
0.997774
0.673011
0.366924
0.044082
0.676486
0.679393
0.044381
0.050215
0.684045
0.372250
0.080471
0.997774
0.699368
0.118091
0.407179
0.038688
0.997774
0.670713
0.686948
0.056398
0.682651
0.049391
0.681167
0.364746
0.366944
0.368867
0.684464
0.370919
0.059977
0.997371
0.060618
0.997371
0.058845
0.684168
0.683943
0.059261
0.063123
0.997371
0.078316
0.084427
0.693983
0.092501
0.091088
0.085136
0.690572
0.379908
0.687272
0.374750
0.048230
0.997371
0.681405
0.369599
0.380365
0.997371
0.070702
0.375250
0.375704
0.383558
0.308244
0.388131
0.695470
0.698384
0.045638
0.688255
0.389247
0.077168
0.399075
0.095910
0.701618
0.999542
0.701618
0.395033
0.693941
0.084262
0.692862
0.077189
0.073638
0.690035
0.381072
0.380517
0.378538
0.049316
0.351016
0.678038
0.422445
0.029082
0.684278
0.107241
0.391383
0.367784
0.378290
0.369955
0.082739
0.999542
0.391615
0.063128
0.685647
0.046021
0.374448
0.684167
0.367063
0.041791
0.365546
0.079810
0.100185
0.420566
0.058674
0.999179
0.671137
0.009524
0.419217
0.319372
0.351618
0.067160
0.688812
0.385806
0.392898
0.092545
0.093277
0.092453
0.999179
0.395931
0.699563
0.699773
0.014383
0.147236
0.279479
0.072964
0.686975
0.058974
0.368450
0.049010
0.042150
0.363854
0.368975
0.060623
0.682318
0.057084
0.685251
0.356155
0.354124
0.063111
0.086272
0.066204
0.088377
0.064794
0.064980
0.054747
0.366711
0.050225
0.682176
0.049440
0.681539
0.048447
0.681168
0.364157
0.046119
0.680257
0.680782
0.681540
0.054245
0.367712
0.681542
0.997774
0.681542
0.356108
0.349159
0.351164
0.369176
0.370431
0.684024
0.053578
0.049523
0.050252
0.052519
0.101208
0.682593
0.039766
0.997774
0.359654
0.367568
0.997774
0.374738
0.377634
0.078179
0.362568
0.369603
0.997774
0.373408
0.376666
0.067073
0.379542
0.070811
0.069955
0.688435
0.065589
0.377124
0.073295
0.998829
0.078194
0.072261
0.685342
0.687529
0.055125
0.062294
0.065070
0.371620
0.370175
0.369698
0.369461
0.349864
0.390965
0.437281
0.037476
0.403217
0.413224
0.692945
0.694449
0.379501
0.055154
0.369258
0.999246
0.054880
0.685166
0.999246
0.369457
0.371179
0.060860
0.372013
0.369934
0.682543
0.367972
0.048750
0.364623
0.680831
0.369509
0.685878
0.685927
0.684764
0.997774
0.384012
0.347334
0.674675
0.166706
0.015761
0.461886
0.706932
0.416312
0.371332
0.055862
0.060367
0.399625
0.678553
0.045200
0.351411
0.033520
0.673011
0.368241
0.056887
0.051545
0.997774
0.359083
0.361824
0.997774
0.682448
0.372358
0.071966
0.089884
0.409734
0.401431
0.383077
0.376237
0.356921
0.374147
0.376997
0.059095
0.997774
0.049042
0.681141
0.046973
0.053369
0.684464
0.057808
0.057498
0.057689
0.059053
0.059776
0.058871
0.997371
0.055377
0.370213
0.683337
0.683693
0.061243
0.068564
0.997371
0.087619
0.997371
0.696000
0.698560
0.697467
0.072497
0.052778
0.063837
0.013014
0.103315
0.070261
0.116045
0.370951
0.687458
0.050105
0.357233
0.367652
0.045536
0.597812
0.309650
0.087158
0.090637
0.104196
0.389247
0.999542
0.355831
0.684111
0.395431
0.703853
0.103067
0.392549
0.391384
0.395723
0.392186
0.385430
0.383490
0.689961
0.380574
0.999542
0.379280
0.377916
0.072088
0.363158
0.364664
0.073644
0.396391
0.138739
0.496192
0.378228
0.689511
0.999542
0.387493
0.063506
0.384221
0.072933
0.304392
0.670537
0.609994
0.054564
0.049283
0.038555
0.999179
0.360521
0.390640
0.998628
0.080548
0.289242
0.077441
0.039236
0.702026
0.021865
0.440295
0.317461
0.999179
0.384261
0.398123
0.083107
0.106958
0.391199
0.999179
0.397459
0.401438
0.403122
0.080475
0.117988
0.698675
0.489842
0.294823
0.054827
0.055605
0.998628
0.364131
0.360377
0.034363
0.047271
0.058079
0.998628
0.040745
0.679161
0.029722
0.050258
0.378889
0.386751
0.073368
0.998628
0.370915
0.684333
0.684060
0.049948
0.682298
0.365909
0.048670
0.997774
0.048548
0.997774
0.364784
0.364562
0.047255
0.047796
0.048896
0.050119
0.053468
0.366516
0.681542
0.040380
0.997774
0.676404
0.358908
0.368090
0.370522
0.058825
0.685596
0.372604
0.684196
0.684115
0.376623
0.062437
0.037103
0.046214
0.997774
0.368608
0.370335
0.373382
0.380850
0.112610
0.327460
0.674287
0.319756
0.082792
0.377850
0.378018
0.067744
0.377221
0.067551
0.376134
0.997774
0.072472
0.386532
0.386985
0.694526
0.077123
0.375445
0.998829
0.064815
0.686724
0.066016
0.057022
0.367473
0.053412
0.369771
0.371521
0.101681
0.617904
0.745274
0.122548
0.379130
0.999246
0.075157
0.058577
0.684023
0.054284
0.684030
0.055718
0.057138
0.056539
0.999246
0.371670
0.999246
0.371889
0.684015
0.999246
0.365765
0.047470
0.680831
0.997774
0.050963
0.051926
0.055889
0.058807
0.057083
0.053047
0.081461
0.111703
0.303988
0.997774
0.307217
0.163423
0.053720
0.369613
0.051144
0.997774
0.075176
0.125286
0.085906
0.049808
0.686155
0.683241
0.060212
0.370517
0.367973
0.364998
0.351999
0.359641
0.371284
0.370302
0.373426
0.375027
0.382092
0.096444
0.040666
0.118615
0.053210
0.045765
0.055450
0.075609
0.067956
0.054774
0.047807
0.045333
0.679369
0.050688
0.370554
0.997371
0.370972
0.058216
0.997371
0.684362
0.370836
0.054774
0.997371
0.368516
0.368503
0.054852
0.054839
0.997371
0.381065
0.375828
0.103109
0.098000
0.094633
0.076378
0.058998
0.679263
0.367298
0.381620
0.046366
1.000000
0.704003
0.058007
0.073169
0.084231
0.040117
0.105621
0.999542
0.744102
0.597812
0.694476
0.692840
0.025547
0.702809
0.008026
0.999542
0.053843
0.073394
0.086536
0.070796
0.087583
0.083552
0.095306
0.098078
0.694839
0.388134
0.071874
0.379204
0.067106
0.688984
0.377526
0.072037
0.385767
0.999542
0.129080
0.343632
0.292933
0.341022
0.122283
0.081002
0.069858
0.359886
0.685025
0.049019
0.999542
0.061648
0.295402
0.370490
0.999542
0.683488
0.029106
0.675870
0.355308
0.095502
0.394111
0.377099
0.336897
0.612620
0.407009
0.412865
0.122073
0.690600
0.081647
0.383663
0.400807
0.072782
0.313818
0.086883
0.999179
0.391199
0.066696
0.091769
0.081602
0.061990
0.686730
0.126181
0.700482
0.116519
0.998628
0.051561
0.364131
0.681004
0.362211
0.361071
0.361330
0.044888
0.045286
0.030888
0.353402
0.676994
0.369869
0.998628
0.691196
0.692294
0.060094
0.998628
0.368191
0.050182
0.682298
0.682242
0.998628
0.365977
0.048931
0.048960
0.365145
0.365482
0.365558
0.365374
0.364851
0.364238
0.363893
0.365312
0.053502
0.682047
0.046882
0.676404
0.039709
0.997774
0.681984
0.683272
0.372601
0.061118
0.685966
0.371718
0.060677
0.061564
0.997774
0.055057
0.997774
0.369130
0.054420
0.369710
0.114764
0.706942
0.179598
0.402057
0.630877
0.089936
0.372587
0.070486
0.997774
0.689014
0.380296
0.063701
0.062287
0.067386
0.689985
0.081115
0.389903
0.998829
0.388254
0.071785
0.375645
0.686724
0.997774
0.686724
0.056207
0.365226
0.681537
0.369771
0.369602
0.373827
0.124479
0.321088
0.691092
0.094223
0.070050
0.999246
0.060484
0.059483
0.058854
0.059369
0.371549
0.371688
0.999246
0.370619
0.055780
0.371543
0.371636
0.369594
0.367237
0.681481
0.042633
0.042952
0.042277
0.043158
0.678487
0.042539
0.681289
0.054277
0.369878
0.375302
0.557996
0.997774
0.303988
0.178756
0.054566
0.680667
0.051440
0.363950
0.043704
0.110584
0.383237
0.370555
0.687046
0.373462
0.372727
0.997774
0.374541
0.683482
0.356880
0.352485
0.071092
0.056452
0.371010
0.060548
0.685183
0.686768
0.385023
0.686022
0.418494
0.103911
0.365078
0.997774
0.376035
0.063052
0.682564
0.364885
0.997774
0.361830
0.048657
0.683106
0.369456
0.683989
0.684550
0.371641
0.371184
0.054801
0.368161
0.050482
0.366773
0.682180
0.366901
0.997371
0.059975
0.063248
0.368703
0.068246
0.092468
0.997371
0.380482
0.368116
0.055014
0.382950
0.371850
0.693843
0.408638
0.424468
0.690981
0.997371
0.080324
0.385534
0.366962
0.123665
0.291836
0.069356
0.382360
0.381007
0.380661
0.331391
0.037909
0.378868
0.436741
0.367504
0.364966
0.357480
0.354369
0.080692
0.999542
0.097140
0.399832
0.079367
0.379281
0.378259
0.999542
0.377207
0.376009
0.049795
0.693265
0.025909
0.130257
0.099401
0.338817
0.305595
0.073521
0.071258
0.999542
0.055838
0.366699
0.365952
0.368098
0.053697
0.054540
0.054272
0.367352
0.681225
0.039225
0.672506
0.358601
0.116833
0.089154
0.059034
0.048221
0.001142
0.367673
0.999179
0.072304
0.690507
0.086374
0.397097
0.681125
0.999179
0.681125
0.304890
0.065441
0.063241
0.369772
0.028267
0.681983
0.373184
0.372070
0.073534
0.687536
0.067659
0.682868
0.048480
0.363851
0.998628
0.363028
0.998628
0.680651
0.680523
0.358375
0.017817
0.030031
0.998628
0.059144
0.691196
0.383155
0.376081
0.364195
0.365661
0.366861
0.049554
0.365985
0.365956
0.682242
0.682286
0.049572
0.682139
0.681663
0.681752
0.366764
0.681942
0.366148
0.365214
0.680993
0.047303
0.047328
0.366707
0.049557
0.678576
0.046488
0.681984
0.366803
0.370220
0.684967
0.685586
0.373455
0.372060
0.685611
0.373358
0.372671
0.066391
0.684334
0.377640
0.680579
0.366745
0.364080
0.109766
0.062252
0.367022
0.387628
0.696782
0.386681
0.381791
0.075201
0.074809
0.070880
0.688239
0.059693
0.997774
0.378043
0.081514
0.393243
0.694526
0.390039
0.382370
0.062258
0.686945
0.375806
0.064081
0.685843
0.370271
0.368746
0.051665
0.367649
0.367958
0.373405
0.067002
0.999246
0.377585
0.064184
0.374144
0.999246
0.061426
0.687281
0.687301
0.372873
0.999246
0.371688
0.055291
0.368365
0.368598
0.054973
0.053674
0.048917
0.681465
0.364585
0.682446
0.999246
0.049383
0.999246
0.043662
0.366336
0.684844
0.685508
0.999246
0.064704
0.557996
0.121572
0.997774
0.054031
0.054590
0.051178
0.997774
0.364461
0.360473
0.046995
0.679085
0.685992
0.052838
0.371317
0.374541
0.686467
0.372227
0.367220
0.380320
0.665495
0.368417
0.053844
0.057409
0.997774
0.063829
0.372930
0.419389
0.745726
0.691986
0.680656
0.053938
0.069917
0.060573
0.682571
0.049236
0.046219
0.046306
0.049300
0.055470
0.059539
0.684550
0.372986
0.372378
0.371062
0.369155
0.367308
0.048200
0.365372
0.681964
0.047477
0.082772
0.053058
0.686297
0.064656
0.997371
0.071786
0.075218
0.692590
0.075510
0.671843
0.004733
0.369141
0.070323
0.071107
0.001100
0.065335
0.078264
0.689842
0.082550
0.083282
0.093778
0.090538
0.018256
0.034422
0.111255
0.068706
0.046252
0.700077
0.690651
0.999542
0.690651
0.365828
0.356768
0.360378
0.370197
0.083946
0.389304
0.085458
0.066085
0.064070
0.377783
0.688455
0.065133
0.064214
0.063078
0.042348
0.300596
0.690576
0.999542
0.089914
0.392093
0.677491
0.387176
0.077898
0.392196
0.361989
0.372648
0.369782
0.684058
0.999542
0.054664
0.053625
0.683406
0.051628
0.678648
0.055198
0.065467
0.998628
0.688693
0.688172
0.031318
0.998628
0.048186
0.062551
0.691944
0.088210
0.387403
0.701092
0.374931
0.031182
0.129143
0.376596
0.386703
0.381847
0.068946
0.685791
0.054586
0.684929
0.058546
0.683496
0.053870
0.364744
0.364081
0.047286
0.681004
0.047225
0.680651
0.048271
0.362382
0.357956
0.018738
0.677628
0.676994
0.052989
0.689488
0.374215
0.367203
0.366722
0.368412
0.366515
0.048508
0.365765
0.365867
0.681432
0.050047
0.682139
0.997774
0.366116
0.366390
0.682534
0.366680
0.682528
0.682134
0.048781
0.365031
0.365091
0.048368
0.047706
0.046729
0.045224
0.046532
0.051054
0.370499
0.372793
0.373365
0.060521
0.060815
0.059785
0.373532
0.056782
0.071811
0.068659
0.061218
0.366249
0.056678
0.046767
0.353917
0.058734
0.084463
0.064929
0.688638
0.696782
0.081954
0.997774
0.691691
0.380257
0.375390
0.058615
0.373673
0.688018
0.078356
0.397155
0.696496
0.393283
0.065886
0.376659
0.375187
0.063316
0.375399
0.062693
0.059203
0.057937
0.057899
0.048662
0.359641
0.366797
0.057922
0.691092
0.685690
0.057884
0.686588
0.371255
0.061073
0.375756
0.376664
0.375255
0.686078
0.373422
0.054938
0.368825
0.052317
0.368771
0.682317
0.999246
0.048168
0.999246
0.053692
0.062793
0.364537
0.361619
0.682685
0.999246
0.053119
0.371099
0.685508
0.372188
0.375019
0.374753
0.057615
0.997774
0.052206
0.368393
0.364461
0.678962
0.680505
0.674313
0.682338
0.041974
0.371436
0.370763
0.372872
0.997774
0.043467
0.681650
0.016781
0.369842
0.682541
0.682607
0.053455
0.057497
0.684471
0.370761
0.116391
0.059253
0.054667
0.364618
0.372958
0.375846
0.374524
0.369966
0.367738
0.366625
0.681380
0.682390
0.684168
0.067045
0.376303
0.063297
0.373095
0.057012
0.370331
0.055243
0.051016
0.045071
0.362667
0.352717
0.359735
0.081864
0.693552
0.392236
0.378161
0.081840
0.388542
0.693112
0.062347
0.681753
0.346368
0.303675
0.366497
0.680968
0.692039
0.687504
0.377492
0.689339
0.383931
0.387743
0.097330
0.701384
0.072651
0.466689
0.135582
0.999542
0.071688
0.075815
0.079741
0.377218
0.052911
0.999542
0.050883
0.380084
0.692599
0.999542
0.692599
0.692670
0.689551
0.066484
0.377364
0.376966
0.999542
0.688244
0.381161
0.061267
0.367352
0.049821
0.073930
0.111174
0.400972
0.090874
0.367744
0.684067
0.080571
0.371596
0.370227
0.366335
0.369187
0.370082
0.999542
0.685566
0.368562
0.054444
0.056234
0.998628
0.686425
0.066041
0.092403
0.071611
0.362188
0.028301
0.358292
0.073165
0.360805
0.105661
0.090716
0.692986
0.058622
0.443979
0.999179
0.084103
0.085654
0.695149
0.392045
0.071249
0.371781
0.684922
0.369235
0.050854
0.999179
0.048955
0.047036
0.365945
0.681833
0.366446
0.051486
0.998628
0.047903
0.679306
0.042769
0.041524
0.677628
0.055637
0.685941
0.370621
0.370536
0.370640
0.368134
0.365524
0.048493
0.050190
0.051012
0.051186
0.051277
0.366824
0.682139
0.367169
0.367843
0.054136
0.682528
0.367871
0.051034
0.997774
0.681996
0.681790
0.681914
0.367353
0.366657
0.365379
0.680812
0.365788
0.055321
0.057406
0.057578
0.370036
0.370350
0.369594
0.054234
0.364183
0.356338
0.364284
0.369462
0.061291
0.376875
0.374294
0.361752
0.042114
0.686919
0.058603
0.997774
0.386632
0.084586
0.384032
0.690519
0.690115
0.374458
0.370425
0.055467
0.685339
0.047729
0.395181
0.698518
0.390229
0.042746
0.373624
0.375162
0.686371
0.997774
0.375699
0.065253
0.997774
0.687088
0.374276
0.039170
0.360577
0.367832
0.685690
0.371286
0.053251
0.367804
0.370311
0.686516
0.059854
0.378739
0.377767
0.687200
0.374637
0.050254
0.367504
0.683935
0.999246
0.053631
0.347892
0.365383
0.122371
0.074982
0.681914
0.377883
0.053170
0.364361
0.049704
0.683690
0.367557
0.368791
0.059637
0.685965
0.373358
0.055671
0.051661
0.053643
0.056623
0.368493
0.680975
0.364550
0.043134
0.674313
0.038538
0.370080
0.378309
0.686281
0.377488
0.373844
0.042421
0.681330
0.050665
0.050068
0.367382
0.054951
0.997774
0.683585
0.372531
0.375751
0.384550
0.395059
0.063367
0.364972
0.374938
0.997774
0.685674
0.683870
0.368931
0.055751
0.061993
0.375482
0.687884
0.079003
0.382401
0.058801
0.997371
0.683500
0.057496
0.682666
0.364975
0.041440
0.357578
0.051322
0.688445
0.688201
0.396372
0.396224
0.083818
0.997371
0.388608
0.681753
0.997371
0.367753
0.057536
0.997371
0.078874
0.379714
0.053853
0.374857
0.687439
0.378854
0.691460
0.083452
0.085516
0.106999
0.443974
0.403182
0.379362
0.681013
0.062313
0.081756
0.068789
0.682993
0.366182
0.378026
0.382894
0.381170
0.074920
0.692670
0.379433
0.053335
0.067798
0.376417
0.376827
0.688244
0.377658
0.382121
0.072260
0.070187
0.693607
0.691672
0.690658
0.112323
0.740758
0.701534
0.070840
0.696623
0.363534
0.364544
0.368932
0.684683
0.057809
0.684651
0.061000
0.058298
0.998628
0.059698
0.686425
0.062389
0.691297
0.371163
0.998628
0.032678
0.367738
0.367615
0.088462
0.095574
0.999179
0.384598
0.697965
0.683775
0.069680
0.144135
0.432300
0.061569
0.687394
0.367688
0.377577
0.059553
0.685248
0.053623
0.999179
0.049926
0.998628
0.365744
0.365930
0.052010
0.683738
0.055494
0.682911
0.367166
0.049477
0.998628
0.048511
0.682443
0.057688
0.059036
0.371879
0.059763
0.370973
0.367563
0.045963
0.046513
0.681957
0.997774
0.366345
0.682347
0.052357
0.053775
0.056010
0.058235
0.059166
0.058762
0.057477
0.055486
0.367641
0.052768
0.052683
0.053228
0.369078
0.368356
0.682372
0.049717
0.997774
0.682372
0.367967
0.367804
0.367121
0.051184
0.680531
0.363823
0.360978
0.045419
0.997774
0.683178
0.375817
0.378807
0.380040
0.362685
0.068573
0.997774
0.686919
0.369848
0.376250
0.084336
0.383720
0.378730
0.687513
0.373215
0.369115
0.050701
0.367388
0.041659
0.060859
0.381439
0.061701
0.380442
0.378132
0.377432
0.376091
0.375699
0.997774
0.377250
0.067911
0.071197
0.070409
0.075035
0.365790
0.055927
0.371865
0.061235
0.052650
0.365223
0.682758
0.053351
0.060135
0.078412
0.079816
0.688385
0.376857
0.045512
0.364235
0.368840
0.683935
0.056453
0.294552
0.412844
0.999246
0.432683
0.072415
0.687998
0.999246
0.687998
0.368309
0.046996
0.682536
0.369075
0.371556
0.373088
0.057757
0.997774
0.361685
0.051219
0.686354
0.373481
0.369846
0.681041
0.043450
0.677137
0.040524
0.364297
0.369883
0.688796
0.060838
0.691135
0.051901
0.997774
0.681330
0.680975
0.365948
0.367533
0.368491
0.055495
0.684706
0.685835
0.393540
0.112061
0.997774
0.428964
0.049454
0.067702
0.062583
0.057537
0.683407
0.063121
0.997774
0.077252
0.389122
0.690121
0.997555
0.062729
0.055759
0.053229
0.056410
0.680855
0.365848
0.045808
0.997371
0.062679
0.997371
0.076579
0.386362
0.090916
0.091974
0.083199
0.080660
0.074416
0.367753
0.997371
0.683372
0.078889
0.071166
0.063384
0.685059
0.372709
0.689035
0.380441
0.080203
0.082777
0.387186
0.407328
0.409071
0.697545
0.061701
0.362075
0.362563
0.685766
0.368062
0.061802
0.062066
0.690455
0.690055
0.999542
0.067789
0.689425
0.371790
0.681499
0.054504
0.054315
0.058826
0.064229
0.690025
0.689671
0.076750
0.999542
0.691575
0.047602
0.695219
0.141991
0.694750
0.037574
0.422415
0.416296
0.331683
0.088465
0.062075
0.066575
0.376787
0.375505
0.376615
0.061461
0.685283
0.061273
0.687374
0.686487
0.368045
0.050571
0.685288
0.062964
0.098046
0.075384
0.058950
0.432000
0.422581
0.413563
0.367239
0.366049
0.403044
0.337821
0.411565
0.386847
0.151664
0.050262
0.651692
0.333127
0.308297
0.371004
0.050242
0.055566
0.683046
0.370337
0.055493
0.370919
0.684856
0.372340
0.371101
0.052753
0.050069
0.053327
0.371111
0.371801
0.998628
0.685848
0.373375
0.686821
0.057904
0.048947
0.043313
0.680841
0.365265
0.366345
0.997774
0.366936
0.682567
0.683083
0.372040
0.374195
0.686024
0.686113
0.685785
0.685219
0.056763
0.683930
0.683658
0.683688
0.683821
0.683687
0.052443
0.050854
0.050956
0.367459
0.366464
0.049603
0.680071
0.363308
0.362758
0.362169
0.044839
0.997774
0.053518
0.067926
0.066575
0.997774
0.382506
0.075102
0.076806
0.062773
0.365653
0.353606
0.082362
0.074070
0.071086
0.688909
0.375492
0.371420
0.367731
0.681417
0.367331
0.062436
0.997774
0.065986
0.099796
0.379572
0.376304
0.064563
0.065908
0.376922
0.377250
0.997774
0.068775
0.997774
0.688780
0.073961
0.379504
0.686318
0.999246
0.686318
0.057422
0.369257
0.061553
0.373041
0.999246
0.076815
0.383529
0.068059
0.073923
0.056289
0.058168
0.057545
0.684951
0.372709
0.056830
0.359299
0.147683
0.074560
0.398258
0.086054
0.687998
0.055550
0.678892
0.046238
0.682880
0.369089
0.060113
0.061344
0.368866
0.361685
0.997774
0.032095
0.046458
0.375743
0.686145
0.060138
0.679071
0.046229
0.676294
0.046644
0.365360
0.683927
0.051573
0.365179
0.363874
0.681330
0.045513
0.044278
0.363228
0.050282
0.368799
0.997774
0.046475
0.078533
0.997774
0.095577
0.130577
0.398029
0.434548
0.314961
0.685102
0.997774
0.059674
0.684347
0.376911
0.022406
0.100238
0.093914
0.072828
0.053162
0.367902
0.367871
0.050327
0.679426
0.046082
0.997371
0.049962
0.060235
0.378427
0.070461
0.686667
0.074757
0.688606
0.383406
0.997371
0.370420
0.062966
0.050381
0.057569
0.075962
0.688023
0.374658
0.369174
0.689035
0.999542
0.385824
0.388977
0.399602
0.104041
0.396123
0.999542
0.097379
0.682253
0.999542
0.682253
0.044464
0.686573
0.689558
0.688999
0.377437
0.377754
0.064838
0.066241
0.369558
0.042511
0.045013
0.110973
0.682900
0.685312
0.999542
0.066641
0.691638
0.072392
0.074697
0.074918
0.385429
0.299313
0.278171
0.702036
0.044730
0.310639
0.436093
0.194459
0.694347
0.998628
0.074931
0.998628
0.066952
0.998628
0.062132
0.686054
0.060499
0.079436
0.373280
0.041096
0.128352
0.702012
0.366938
0.998628
0.356553
0.037678
0.378729
0.689038
0.099661
0.999179
0.086508
0.999179
0.361123
0.331053
0.156383
0.726666
0.429908
0.426180
0.288611
0.649536
0.307466
0.369891
0.065840
0.686401
0.068263
0.368735
0.372446
0.685615
0.373779
0.371642
0.370078
0.998628
0.370672
0.060135
0.373500
0.685848
0.063432
0.065995
0.376002
0.687590
0.369321
0.041435
0.362163
0.364447
0.365960
0.682162
0.052339
0.367744
0.057530
0.997774
0.685834
0.375149
0.375086
0.062951
0.061053
0.685484
0.370779
0.370466
0.370592
0.370566
0.369854
0.368751
0.997774
0.682593
0.051290
0.048774
0.997774
0.362148
0.360649
0.360853
0.361775
0.363949
0.050084
0.369405
0.375871
0.382033
0.073404
0.382680
0.380251
0.688677
0.370987
0.031937
0.054603
0.371299
0.380311
0.065547
0.061042
0.372031
0.368595
0.365558
0.362887
0.050195
0.049478
0.063855
0.997774
0.074848
0.689516
0.063275
0.686475
0.687080
0.687527
0.066848
0.377770
0.997774
0.378628
0.063248
0.371616
0.370639
0.686062
0.051260
0.062206
0.054040
0.376234
0.689421
0.379213
0.066070
0.373886
0.374475
0.686266
0.377512
0.074019
0.376195
0.999246
0.057675
0.685845
0.054344
0.314107
0.439233
0.401588
0.700579
0.999246
0.007623
0.082574
0.351728
0.023754
0.055470
0.059275
0.997774
0.060359
0.373588
0.040190
0.350453
0.997774
0.353380
0.042737
0.376011
0.690388
0.057028
0.683522
0.049034
0.367050
0.682042
0.365563
0.044388
0.362157
0.362043
0.047327
0.997774
0.363488
0.044858
0.046414
0.053313
0.042327
0.997774
0.363473
0.077067
0.699387
0.997774
0.699387
0.340008
0.997774
0.003547
0.685102
0.686360
0.374754
0.379575
0.682834
0.185868
0.351096
0.691390
0.683483
0.364062
0.997371
0.045807
0.679467
0.997371
0.048567
0.052542
0.687354
0.997371
0.376649
0.997371
0.686667
0.686877
0.080700
0.385108
0.065709
0.688319
0.371179
0.371756
0.385123
0.092969
0.689678
0.368346
0.067536
0.381271
0.387778
0.999542
0.695976
0.108728
0.999542
0.396123
0.071555
0.687850
0.368975
0.037932
0.355944
0.046857
0.059698
0.064961
0.063551
0.686832
0.686840
0.058714
0.999542
0.683174
0.070390
0.694499
0.104411
0.045858
0.685312
0.371036
0.057051
0.689044
0.064439
0.364820
0.373314
0.369710
0.338013
0.689855
0.100837
0.359844
0.088745
0.299989
0.410930
0.694347
0.053320
0.068880
0.688465
0.376864
0.374502
0.372653
0.684955
0.065494
0.998628
0.689738
0.066159
0.677303
0.067218
0.356553
0.998628
0.349237
0.057050
0.693618
0.108515
0.101881
0.695334
0.045186
0.386956
0.075408
0.701452
0.435451
0.111953
0.030890
0.999179
0.258413
0.352027
0.052701
0.694880
0.054186
0.072709
0.372591
0.375878
0.686592
0.376247
0.056668
0.683271
0.367624
0.058285
0.684853
0.061750
0.062189
0.686121
0.376757
0.067731
0.065010
0.687002
0.043029
0.362234
0.049625
0.051834
0.367546
0.997774
0.368734
0.059760
0.685834
0.375772
0.067348
0.065541
0.685911
0.997774
0.373032
0.372244
0.371957
0.059478
0.059328
0.058310
0.055411
0.682593
0.052396
0.366522
0.365003
0.046152
0.360764
0.040928
0.997774
0.362516
0.366714
0.372213
0.376957
0.379417
0.381264
0.070584
0.687444
0.376238
0.063537
0.687000
0.367422
0.997774
0.683968
0.373644
0.373603
0.370068
0.054226
0.052157
0.048841
0.046671
0.051129
0.686594
0.059966
0.028513
0.390574
0.688000
0.063671
0.063268
0.374560
0.687080
0.063935
0.376417
0.687623
0.065070
0.372824
0.367978
0.049117
0.364189
0.999246
0.051789
0.698607
0.057813
0.060078
0.376936
0.369253
0.368336
0.371020
0.999246
0.376297
0.999246
0.063273
0.687469
0.055889
0.365843
0.377926
0.399883
0.335921
0.697147
0.694513
0.074239
0.117399
0.999246
0.423526
0.671794
0.679713
0.372582
0.059347
0.997774
0.370689
0.034876
0.021178
0.020901
0.350884
0.029822
0.683181
0.056839
0.058985
0.681690
0.052275
0.051113
0.682134
0.048652
0.043717
0.048623
0.054417
0.997774
0.048502
0.997774
0.681352
0.050691
0.681687
0.997774
0.357288
0.332251
0.306248
0.420359
0.415031
0.098439
0.417252
0.016994
0.386239
0.379155
0.066022
0.378838
0.086304
0.064474
0.124626
0.680648
0.017176
0.046568
0.051980
0.049404
0.051555
0.047484
0.365435
0.997371
0.683339
0.064621
0.376650
0.379661
0.381284
0.371748
0.373678
0.388986
0.084089
0.080319
0.997371
0.384413
0.687344
0.086846
0.382951
0.997371
0.055164
0.691778
0.999542
0.388568
0.394782
0.071542
0.065618
0.697853
0.080584
0.073669
0.372218
0.361453
0.355982
0.357486
0.683149
0.685985
0.686795
0.999542
0.686795
0.372777
0.058456
0.683174
0.359792
0.004598
0.999542
0.054411
0.999542
0.043126
0.047962
0.673963
0.048985
0.045543
0.680651
0.052811
0.365192
0.053721
0.999542
0.063144
0.379182
0.693307
0.116829
0.306931
0.673374
0.076582
0.385889
0.688279
0.377748
0.374205
0.370946
0.056231
0.050395
0.689738
0.373260
0.030491
0.692526
0.037784
0.334661
0.345232
0.022647
0.373015
0.700954
0.376813
0.009609
0.363341
0.999179
0.052767
0.403825
0.398331
0.406857
0.629127
0.382321
0.049586
0.093763
0.744590
0.293032
0.057481
0.371124
0.998628
0.052728
0.384192
0.688889
0.387057
0.061757
0.372793
0.683917
0.063415
0.685701
0.060077
0.686121
0.998628
0.686121
0.687741
0.688676
0.371538
0.364990
0.046818
0.683594
0.997774
0.055906
0.057151
0.370356
0.372803
0.375294
0.067537
0.997774
0.377516
0.064582
0.685911
0.373814
0.373077
0.060227
0.997774
0.372211
0.685082
0.056519
0.683068
0.052067
0.681736
0.681730
0.680756
0.360755
0.678586
0.041582
0.363314
0.681118
0.684280
0.687677
0.690084
0.385214
0.070812
0.997774
0.687444
0.685517
0.054549
0.053844
0.060074
0.068085
0.997774
0.370515
0.367797
0.367470
0.368948
0.370554
0.371243
0.063744
0.997774
0.377542
0.016446
0.109326
0.384544
0.079091
0.997774
0.062275
0.371491
0.372093
0.372875
0.373698
0.687095
0.059697
0.368281
0.999246
0.049193
0.364584
0.342426
0.356677
0.999246
0.368860
0.061340
0.683097
0.684000
0.684457
0.059077
0.374966
0.689278
0.069455
0.057797
0.053958
0.050669
0.040617
0.080111
0.117841
0.706322
0.116853
0.399650
0.042111
0.111383
0.685834
0.047392
0.371029
0.372768
0.057567
0.684230
0.367562
0.040025
0.676103
0.997774
0.676103
0.043472
0.682229
0.683462
0.050735
0.682459
0.048035
0.682369
0.050822
0.997774
0.049208
0.379190
0.997774
0.071594
0.058915
0.681352
0.367063
0.061878
0.382259
0.681687
0.072727
0.309767
0.114449
0.713418
0.402801
0.690825
0.070415
0.079672
0.385177
0.377681
0.373389
0.076230
0.105460
0.680002
0.009191
0.997371
0.680648
0.367366
0.083805
0.078731
0.381739
0.997371
0.061064
0.683339
0.072901
0.997371
0.088417
0.021404
0.116191
0.052513
0.067280
0.692225
0.391413
0.087931
0.384413
0.997371
0.083190
0.084538
0.997371
0.382951
0.696289
0.377878
0.691778
0.385764
0.397961
0.678235
0.366150
0.386070
0.999542
0.073082
0.382895
0.366657
0.356876
0.358032
0.363879
0.683149
0.056021
0.686795
0.373151
0.045948
0.065078
0.070691
0.051146
0.044291
0.047635
0.356562
0.360125
0.999542
0.031242
0.669233
0.030835
0.357691
0.366102
0.998628
0.069597
0.375607
0.376892
0.381284
0.072817
0.120195
0.420818
0.392065
0.388108
0.077794
0.392176
0.689419
0.070116
0.369175
0.056957
0.998628
0.057700
0.679843
0.361561
0.387015
0.054088
0.998628
0.355659
0.035764
0.364336
0.362940
0.687117
0.395888
0.078793
0.378258
0.386547
0.396290
0.062788
0.408368
0.326548
0.999179
0.331147
0.370341
0.130444
0.999179
0.118376
0.373714
0.121845
0.083134
0.330262
0.417511
0.336839
0.126997
0.385068
0.686462
0.383106
0.061218
0.685215
0.371828
0.052865
0.056905
0.687741
0.376598
0.378341
0.064315
0.680256
0.056517
0.371045
0.371272
0.997774
0.373851
0.061663
0.062050
0.062275
0.063987
0.378861
0.377883
0.064680
0.062703
0.061084
0.059975
0.059963
0.685193
0.685000
0.371751
0.056516
0.053667
0.366755
0.997774
0.048110
0.362515
0.679620
0.359450
0.678479
0.679607
0.368805
0.376239
0.383069
0.081235
0.997774
0.692165
0.378393
0.059562
0.684299
0.682318
0.684570
0.690803
0.385959
0.060865
0.365138
0.682222
0.364462
0.682172
0.683635
0.376619
0.997774
0.069058
0.997774
0.688722
0.174171
0.124796
0.997774
0.080219
0.371052
0.367388
0.367046
0.368741
0.369920
0.684935
0.054626
0.367936
0.045675
0.366252
0.057398
0.067070
0.049355
0.356969
0.360365
0.686323
0.057086
0.054649
0.999246
0.055249
0.687303
0.062260
0.684973
0.373535
0.684389
0.061403
0.678319
0.999246
0.092721
0.020497
0.359668
0.066679
0.687103
0.371612
0.999246
0.684362
0.371477
0.058968
0.059228
0.369334
0.362455
0.039095
0.046708
0.045944
0.362966
0.053962
0.683462
0.054048
0.680230
0.046089
0.363508
0.366569
0.997774
0.366945
0.059305
0.997774
0.078193
0.997774
0.071967
0.683655
0.369506
0.077708
0.090551
0.694951
0.699638
0.404513
0.099813
0.394511
0.070453
0.376051
0.686989
0.997774
0.063524
0.373389
0.997774
0.685967
0.057488
0.388023
0.092724
0.362858
0.030007
0.079599
0.700402
0.114002
0.997371
0.067744
0.377503
0.086685
0.380491
0.394811
0.997371
0.107316
0.308173
0.064013
0.687869
0.078729
0.384459
0.087305
0.091033
0.389904
0.691660
0.997371
0.384933
0.076009
0.681712
0.374314
0.099315
0.412155
0.356499
0.366273
0.361130
0.059572
0.382613
0.390191
0.077220
0.068973
0.362387
0.677963
0.046767
0.369834
0.368358
0.376282
0.110063
0.690507
0.671620
0.688122
0.683208
0.030349
0.306777
0.338977
0.033938
0.680168
0.032626
0.678744
0.015270
0.037062
0.678406
0.366124
0.378316
0.123709
0.113610
0.078454
0.998628
0.108147
0.998628
0.115808
0.998628
0.693618
0.687524
0.392176
0.081549
0.373267
0.704515
0.371384
0.371596
0.035638
0.689636
0.378053
0.369704
0.365231
0.358768
0.365274
0.052197
0.676328
0.082933
0.692142
0.134740
0.139265
0.696461
0.113310
0.704965
0.107238
0.999179
0.019087
0.378772
0.389744
0.375831
0.118673
0.063226
0.373067
0.366718
0.074541
0.168837
0.998628
0.219100
0.000385
0.387418
0.692773
0.087442
0.073452
0.684424
0.045167
0.363143
0.998628
0.369411
0.374857
0.059849
0.074813
0.080299
0.071607
0.066880
0.374579
0.373335
0.686439
0.375129
0.373102
0.373681
0.684020
0.063625
0.064506
0.374762
0.686170
0.372602
0.685012
0.058651
0.371821
0.371607
0.371175
0.055866
0.682794
0.997774
0.366755
0.366497
0.046946
0.044883
0.043977
0.045597
0.050526
0.059175
0.067520
0.076321
0.390573
0.081130
0.080041
0.377443
0.375472
0.375012
0.358881
0.069212
0.694291
0.068343
0.679733
0.362396
0.363507
0.680062
0.366282
0.058145
0.374496
0.381631
0.082580
0.688722
0.378386
0.027256
0.693042
0.098934
0.062927
0.370497
0.365129
0.362839
0.049354
0.056328
0.058294
0.054938
0.047327
0.999246
0.050562
0.690138
0.999246
0.079130
0.684684
0.052511
0.059180
0.685587
0.999246
0.056898
0.684058
0.371564
0.058864
0.375277
0.684389
0.683797
0.371117
0.361611
0.350376
0.614864
0.335258
0.679356
0.022274
0.047983
0.999246
0.370140
0.376017
0.370798
0.683836
0.685164
0.369510
0.053588
0.374473
0.683241
0.997774
0.683241
0.370467
0.372164
0.056372
0.680997
0.048489
0.363492
0.366122
0.682615
0.368891
0.066006
0.379126
0.093607
0.696777
0.011911
0.083257
0.350978
0.034287
0.696964
0.409608
0.707319
0.113928
0.390477
0.078591
0.997774
0.377402
0.376227
0.375197
0.369493
0.366657
0.371155
0.373848
0.378164
0.997371
0.319305
0.437232
0.066740
0.700402
0.997371
0.700402
0.411386
0.447549
0.068917
0.083454
0.056746
0.381315
0.412037
0.691714
0.670090
0.374392
0.061603
0.374832
0.382546
0.690743
0.386184
0.085565
0.072307
0.383885
0.379736
0.689224
0.677567
0.047302
0.020982
0.108191
0.066667
0.050669
0.062507
0.999542
0.373540
0.074568
0.999542
0.693223
0.377619
0.059889
0.368847
0.684935
0.065671
0.119588
0.690507
0.999542
0.379087
0.047053
0.367264
0.047864
0.385501
0.282376
0.693988
0.376776
0.372896
0.689954
0.048998
0.360861
0.359057
0.175892
0.033174
0.676866
0.707914
0.360290
0.083457
0.998628
0.119716
0.095997
0.075934
0.384470
0.697176
0.069819
0.390912
0.394129
0.998628
0.008507
0.663317
0.293042
0.366789
0.372006
0.057962
0.678888
0.053834
0.359662
0.361346
0.101865
0.367975
0.695567
0.385496
0.085272
0.697408
0.104150
0.700121
0.402407
0.091113
0.999179
0.691718
0.694467
0.374771
0.064807
0.998628
0.062855
0.668744
0.301803
0.076185
0.740233
0.422884
0.113157
0.698208
0.096237
0.998628
0.392184
0.383818
0.039059
0.358663
0.365981
0.684678
0.052547
0.048305
0.998781
0.078492
0.687971
0.997774
0.065473
0.997774
0.374055
0.374084
0.375886
0.997774
0.059327
0.368129
0.373303
0.997774
0.373526
0.685295
0.371742
0.684439
0.371175
0.057717
0.370608
0.055823
0.055195
0.368836
0.367536
0.682733
0.367717
0.681708
0.681439
0.681669
0.368355
0.367889
0.371017
0.374063
0.075637
0.383324
0.997774
0.381524
0.090861
0.150260
0.384783
0.352880
0.388960
0.061627
0.997774
0.679733
0.361283
0.359902
0.051327
0.997774
0.065505
0.032278
0.103748
0.005287
0.699769
0.086496
0.997774
0.070333
0.061702
0.057435
0.051339
0.364291
0.684979
0.997774
0.066654
0.365753
0.999246
0.036542
0.050185
0.383412
0.387921
0.999246
0.077132
0.377912
0.687169
0.373331
0.371568
0.685493
0.371327
0.056774
0.062423
0.063018
0.370476
0.999246
0.369361
0.050051
0.028057
0.016107
0.679356
0.999246
0.046473
0.997774
0.364426
0.059028
0.683957
0.370476
0.060350
0.686076
0.377547
0.067942
0.373712
0.055866
0.683241
0.369611
0.371287
0.059379
0.368577
0.365099
0.363552
0.364613
0.364985
0.366269
0.684028
0.060592
0.997774
0.393601
0.139830
0.282255
0.291864
0.018289
0.442592
0.085165
0.696964
0.401828
0.693257
0.083897
0.382789
0.061182
0.369184
0.370577
0.369510
0.047932
0.052211
0.368875
0.059229
0.031907
0.319305
0.997371
0.622266
0.690098
0.384530
0.386001
0.121515
0.126101
0.169183
0.143097
0.997371
0.684059
0.400401
0.133755
0.047647
0.069638
0.375603
0.375398
0.065747
0.690743
0.690517
0.690743
0.370449
0.688094
0.054499
0.053160
0.058072
0.070741
0.999542
0.691968
0.699890
0.360220
0.999542
0.042933
0.373559
0.078794
0.083190
0.382349
0.380102
0.690971
0.069960
0.379334
0.380871
0.690873
0.073866
0.114577
0.690507
0.034673
0.999542
0.376190
0.052679
0.408072
0.029770
0.416784
0.404765
0.084771
0.697162
0.061268
0.372637
0.424798
0.628339
0.160612
0.998628
0.352921
0.387653
0.354572
0.101047
0.105124
0.309391
0.275236
0.376982
0.695574
0.019371
0.417448
0.393597
0.310005
0.403000
0.609678
0.343606
0.056883
0.060160
0.056596
0.371856
0.998628
0.365566
0.395965
0.386259
0.093981
0.384837
0.692267
0.077759
0.701083
0.700121
0.999179
0.381725
0.392813
0.382478
0.079624
0.065855
0.377166
0.068578
0.687665
0.062021
0.382947
0.375434
0.398940
0.422884
0.998628
0.417216
0.387704
0.098276
0.699953
0.400134
0.373354
0.353633
0.055313
0.366241
0.364229
0.998628
0.073412
0.692227
0.078705
0.062610
0.687971
0.374127
0.061168
0.061891
0.997774
0.062448
0.686930
0.688031
0.357371
0.362541
0.371068
0.373284
0.372189
0.058488
0.058126
0.058011
0.684471
0.370763
0.056785
0.370466
0.997774
0.368774
0.054339
0.683336
0.054176
0.055415
0.054781
0.997774
0.683772
0.370834
0.997774
0.686409
0.088614
0.690727
0.072948
0.423516
0.641345
0.132663
0.307755
0.071348
0.045312
0.679733
0.361539
0.099352
0.108982
0.046091
0.686149
0.679868
0.684790
0.633351
0.085189
0.695654
0.081319
0.692639
0.378201
0.068959
0.372963
0.369329
0.365691
0.374329
0.377733
0.689124
0.070818
0.046456
0.999246
0.339091
0.030068
0.695850
0.097411
0.386498
0.085171
0.375794
0.063407
0.371447
0.370296
0.684898
0.057706
0.698009
0.697067
0.069060
0.033452
0.071313
0.047739
0.678567
0.997774
0.037712
0.677884
0.050487
0.363851
0.358338
0.694949
0.362651
0.363336
0.062293
0.686862
0.376827
0.061476
0.054272
0.682136
0.055893
0.684185
0.371882
0.064091
0.684339
0.054800
0.365150
0.366080
0.366020
0.366916
0.681574
0.055686
0.687513
0.123547
0.623811
0.398705
0.272418
0.375593
0.393460
0.097653
0.092124
0.084277
0.083541
0.077750
0.063609
0.997774
0.370288
0.372006
0.051940
0.680810
0.681520
0.369791
0.379912
0.013587
0.081541
0.325336
0.386878
0.070770
0.064604
0.050983
0.029365
0.434892
0.414049
0.676441
0.394470
0.089161
0.074673
0.414464
0.440612
0.061203
0.997371
0.686060
0.686569
0.070456
0.997371
0.078824
0.379124
0.038845
0.310745
0.373170
0.361693
0.998628
0.390050
0.098345
0.311111
0.343445
0.073912
0.051631
0.055034
0.999542
0.363414
0.370056
0.688669
0.367657
0.362688
0.080489
0.692101
0.079243
0.384983
0.685252
0.670828
0.050303
0.054164
0.390355
0.064990
0.373932
0.999542
0.016118
0.452790
0.388840
0.687616
0.083726
0.369709
0.313340
0.668640
0.017338
0.066229
0.390978
0.358955
0.377449
0.059826
0.299525
0.590667
0.654243
0.359114
0.058981
0.429454
0.303367
0.744931
0.067440
0.604117
0.031928
0.682652
0.685881
0.374878
0.055147
0.369865
0.070205
0.382304
0.072461
0.062396
0.063294
0.382058
0.689796
0.079526
0.084419
0.071684
0.063078
0.999179
0.371544
0.017704
0.384167
0.378984
0.378000
0.380268
0.380826
0.060227
0.684158
0.012851
0.337799
0.353498
0.400701
0.081948
0.695448
0.103827
0.699508
0.383640
0.340304
0.315717
0.054998
0.064289
0.365980
0.373825
0.998781
0.393310
0.118873
0.997774
0.370663
0.371660
0.058835
0.997774
0.373330
0.372200
0.375131
0.064069
0.997774
0.358140
0.045873
0.060330
0.059216
0.372298
0.372136
0.685177
0.058950
0.058884
0.058044
0.997774
0.056728
0.056414
0.997774
0.369603
0.684442
0.685019
0.372470
0.372419
0.052186
0.041797
0.054709
0.064823
0.081393
0.090303
0.052485
0.008979
0.152409
0.618644
0.092634
0.340100
0.037166
0.020028
0.067547
0.410612
0.133694
0.098917
0.069249
0.069430
0.054981
0.105369
0.095639
0.075839
0.076811
0.689778
0.074695
0.074898
0.684924
0.997371
0.051450
0.060633
0.094506
0.081951
0.690506
0.692627
0.364289
0.321180
0.400087
0.399988
0.423469
0.083389
0.691844
0.074741
0.999246
0.060650
0.684691
0.054140
0.384331
0.384986
0.999246
0.695595
0.690551
0.675365
0.067644
0.682796
0.363956
0.048501
0.371369
0.408150
0.330156
0.682978
0.341581
0.040195
0.685131
0.373746
0.057617
0.051529
0.367784
0.682136
0.997774
0.052967
0.056087
0.059550
0.061607
0.062649
0.056814
0.056428
0.061704
0.054126
0.365034
0.367338
0.685355
0.050686
0.319137
0.997774
0.623811
0.027761
0.693402
0.087286
0.997774
0.699307
0.698230
0.312287
0.368373
0.379186
0.378618
0.378910
0.374181
0.683828
0.366525
0.369527
0.375267
0.375011
0.064057
0.714619
0.108997
0.114841
0.377470
0.041194
0.676363
0.369733
0.997371
0.387660
0.703638
0.039303
0.398619
0.105192
0.694132
0.997371
0.387736
0.065395
0.372053
0.069925
0.075940
0.384812
0.997371
0.691666
0.066891
0.376959
0.997371
0.683496
0.092882
0.034814
0.155574
0.425465
0.335022
0.693204
0.702267
0.374753
0.375870
0.371599
0.048514
0.034751
0.673963
0.040144
0.383983
0.371787
0.087136
0.384542
0.058785
0.035540
0.361394
0.999542
0.378365
0.054560
0.351047
0.381914
0.396292
0.381792
0.687616
0.999542
0.073711
0.077047
0.038094
0.371735
0.369780
0.428511
0.113742
0.002890
0.370729
0.998628
0.054860
0.293163
0.273079
0.335572
0.998628
0.051596
0.058325
0.058449
0.058028
0.057729
0.683508
0.372877
0.063782
0.998628
0.373897
0.064776
0.074867
0.998628
0.690540
0.060734
0.671851
0.368263
0.685714
0.070363
0.341911
0.999179
0.671145
0.097906
0.703292
0.734949
0.319281
0.380250
0.375882
0.071567
0.689121
0.064658
0.294892
0.417204
0.634648
0.134747
0.066888
0.374793
0.696496
0.095275
0.014206
0.409461
0.232957
0.368469
0.049515
0.997774
0.083150
0.368566
0.079039
0.124781
0.055691
0.683032
0.368374
0.061925
0.374473
0.685581
0.374700
0.115109
0.056157
0.422886
0.365661
0.030920
0.087162
0.997774
0.685689
0.059807
0.997774
0.059834
0.685085
0.997774
0.059553
0.057781
0.997774
0.370464
0.370472
0.058202
0.372403
0.065979
0.077691
0.057706
0.997774
0.680572
0.365522
0.997774
0.686231
0.688569
0.684409
0.120766
0.997774
0.171045
0.686205
0.662631
0.366113
0.342770
0.661231
0.697110
0.394642
0.374946
0.997774
0.684906
0.420889
0.411428
0.694283
0.386401
0.063782
0.690521
0.690675
0.071358
0.063042
0.373027
0.369279
0.701285
0.402179
0.997774
0.082982
0.999246
0.384691
0.088656
0.387417
0.117842
0.060337
0.123312
0.104060
0.382506
0.688917
0.377016
0.369829
0.368253
0.053143
0.398988
0.058282
0.389007
0.675365
0.394984
0.054895
0.368784
0.682746
0.051542
0.362325
0.357714
0.372853
0.663343
0.353087
0.359431
0.364956
0.059488
0.367339
0.997774
0.043993
0.363818
0.682136
0.366354
0.997774
0.051812
0.997774
0.061062
0.997774
0.373517
0.685632
0.680651
0.361623
0.680524
0.362852
0.045862
0.678243
0.306675
0.017294
0.997774
0.680029
0.099265
0.699307
0.101533
0.312287
0.673141
0.997774
0.055565
0.386790
0.067798
0.057175
0.065429
0.039159
0.057198
0.065037
0.047154
0.398116
0.410919
0.997371
0.397135
0.397036
0.054847
0.997371
0.052462
0.387660
0.997371
0.373964
0.069762
0.399120
0.119644
0.409269
0.007459
0.997371
0.690976
0.121182
0.683353
0.079942
0.087128
0.391670
0.084268
0.085878
0.694584
0.376959
0.066329
0.404546
0.998628
0.706595
0.016729
0.421825
0.015048
0.998628
0.101181
0.364995
0.377355
0.998628
0.687061
0.021405
0.386103
0.998628
0.081342
0.386262
0.068592
0.365575
0.364402
0.371205
0.683316
0.362966
0.069643
0.327946
0.663357
0.015767
0.373347
0.072870
0.014702
0.020287
0.685113
0.683344
0.364969
0.044306
0.379703
0.300545
0.348303
0.377632
0.372417
0.998628
0.046588
0.362883
0.362796
0.363954
0.370223
0.686189
0.687042
0.687407
0.998628
0.374403
0.376359
0.062095
0.686348
0.685793
0.371817
0.066804
0.380747
0.077786
0.351580
0.999179
0.047625
0.999179
0.043097
0.999179
0.341911
0.300034
0.039295
0.136436
0.318730
0.999179
0.087140
0.367114
0.071937
0.690680
0.071411
0.374397
0.315401
0.736041
0.068725
0.998628
0.062419
0.380676
0.998628
0.133219
0.998628
0.434319
0.371261
0.366530
0.058879
0.377712
0.997774
0.687523
0.372333
0.053352
0.366813
0.063885
0.082685
0.090103
0.314855
0.127816
0.712573
0.744218
0.402988
0.339992
0.112057
0.997774
0.398893
0.059879
0.997774
0.372415
0.685142
0.372511
0.372355
0.371868
0.056493
0.369483
0.684135
0.056981
0.997774
0.061154
0.376846
0.384027
0.093485
0.424117
0.041962
0.053577
0.686231
0.374847
0.057408
0.057669
0.373483
0.123103
0.062341
0.031383
0.046431
0.673846
0.688392
0.370156
0.402581
0.678748
0.353347
0.084330
0.420889
0.997774
0.712791
0.087788
0.367022
0.052107
0.068626
0.074241
0.065568
0.686231
0.374589
0.374037
0.373355
0.397287
0.693897
0.079962
0.691156
0.075309
0.383359
0.401371
0.675618
0.412332
0.407069
0.999246
0.391859
0.690235
0.376482
0.371760
0.370137
0.054341
0.372662
0.371131
0.671025
0.382968
0.369380
0.054850
0.055744
0.370668
0.369903
0.681387
0.049485
0.356208
0.036339
0.359494
0.356383
0.366397
0.064383
0.367761
0.680811
0.041693
0.045021
0.364386
0.682636
0.049305
0.362748
0.044525
0.049107
0.365068
0.051296
0.372124
0.370009
0.680651
0.362759
0.052316
0.373112
0.680638
0.054587
0.349424
0.680029
0.366690
0.399157
0.402462
0.113931
0.057147
0.308484
0.053817
0.373824
0.065253
0.685772
0.080337
0.641022
0.408069
0.416199
0.370304
0.378248
0.375166
0.375282
0.120852
0.408972
0.997371
0.682556
0.365340
0.040513
0.057291
0.069247
0.389901
0.060177
0.386083
0.065194
0.362864
0.997371
0.310699
0.073589
0.693988
0.123510
0.690733
0.692669
0.091029
0.997371
0.695935
0.696716
0.386513
0.691008
0.085469
0.148195
0.743203
0.044439
0.998628
0.089846
0.131480
0.390970
0.398008
0.393403
0.687061
0.392741
0.020310
0.399187
0.405393
0.681607
0.093990
0.296577
0.433639
0.684346
0.999542
0.371205
0.064614
0.393045
0.342047
0.625489
0.103622
0.317384
0.020135
0.344112
0.702375
0.372186
0.395563
0.410489
0.607800
0.363705
0.365583
0.053491
0.370895
0.076748
0.307694
0.350345
0.677110
0.039330
0.680384
0.051169
0.375233
0.377418
0.687042
0.068983
0.371123
0.376949
0.371600
0.056716
0.371817
0.998628
0.684267
0.374765
0.052862
0.698415
0.105527
0.098996
0.049908
0.381863
0.054463
0.015941
0.102312
0.113419
0.416571
0.401317
0.098877
0.058559
0.370737
0.382145
0.386279
0.072673
0.687969
0.063567
0.703665
0.179763
0.420032
0.698069
0.058585
0.692066
0.073789
0.148879
0.392188
0.684662
0.389787
0.375609
0.369250
0.059661
0.682811
0.055244
0.997774
0.052900
0.067912
0.698223
0.624844
0.424032
0.622321
0.162901
0.027254
0.045183
0.414216
0.217754
0.416528
0.432624
0.372242
0.058473
0.372227
0.372111
0.371919
0.056043
0.054247
0.052755
0.683212
0.366853
0.367417
0.057238
0.997774
0.685688
0.688048
0.692231
0.378375
0.682961
0.052658
0.053664
0.054568
0.055682
0.683192
0.370348
0.370790
0.370217
0.367307
0.363929
0.045094
0.350128
0.365670
0.031686
0.056569
0.055621
0.096138
0.155963
0.712791
0.135436
0.431950
0.361292
0.700925
0.682540
0.686966
0.061156
0.373645
0.376397
0.375895
0.373690
0.379158
0.693374
0.070121
0.688537
0.066202
0.377220
0.376248
0.121510
0.703332
0.697004
0.107187
0.089330
0.379855
0.687354
0.375141
0.056279
0.368458
0.369515
0.683617
0.056828
0.683592
0.369167
0.054721
0.997774
0.056474
0.060260
0.684281
0.056661
0.362948
0.680778
0.997774
0.060794
0.691345
0.062203
0.366395
0.680457
0.047778
0.997774
0.045928
0.045543
0.997774
0.680168
0.679091
0.038407
0.997774
0.049043
0.679329
0.049281
0.048273
0.679210
0.058516
0.689149
0.068234
0.354802
0.363647
0.015535
0.008406
0.388518
0.112705
0.997774
0.699379
0.381057
0.371318
0.052380
0.997774
0.055758
0.029231
0.997555
0.640839
0.422859
0.426510
0.083878
0.386363
0.688767
0.319793
0.088558
0.077261
0.056653
0.059990
0.365240
0.367052
0.368897
0.057284
0.322989
0.402139
0.056465
0.005308
0.011912
0.129313
0.997371
0.430297
0.059014
0.692669
0.382978
0.086247
0.105293
0.696716
0.089065
0.691008
0.378053
0.998628
0.427887
0.703501
0.433029
0.431587
0.127166
0.371139
0.378941
0.319823
0.690037
0.089526
0.146526
0.361501
0.308881
0.160795
0.036770
0.041430
0.411007
0.401366
0.375530
0.684346
0.062017
0.041717
0.053514
0.377492
0.409533
0.052718
0.348081
0.694875
0.079392
0.320515
0.119002
0.998628
0.421779
0.405913
0.291971
0.047649
0.691386
0.098850
0.700171
0.085210
0.620658
0.375040
0.394827
0.056766
0.379810
0.383320
0.384706
0.384347
0.373729
0.998628
0.367394
0.039189
0.683861
0.049555
0.684267
0.367037
0.083104
0.055147
0.383036
0.107025
0.055077
0.380245
0.389109
0.998628
0.392666
0.099767
0.412689
0.101866
0.387979
0.380611
0.048993
0.998628
0.379138
0.067397
0.072699
0.688094
0.060346
0.685682
0.055428
0.121713
0.376708
0.320076
0.678165
0.381259
0.093683
0.408699
0.086792
0.694997
0.058802
0.054457
0.369595
0.052814
0.682002
0.051128
0.997774
0.062284
0.392638
0.380491
0.622321
0.997774
0.305369
0.997774
0.680823
0.073944
0.318462
0.997774
0.076980
0.056852
0.684231
0.056107
0.055286
0.054096
0.366373
0.364859
0.047159
0.043881
0.042377
0.044389
0.049606
0.056048
0.061488
0.066741
0.071811
0.053907
0.052020
0.050997
0.681821
0.366218
0.051879
0.997774
0.683192
0.683432
0.683209
0.682059
0.680408
0.677608
0.351603
0.329712
0.653507
0.681517
0.686409
0.312018
0.116624
0.104437
0.368312
0.090341
0.096258
0.061141
0.061971
0.688514
0.054572
0.683947
0.056440
0.377209
0.686760
0.060922
0.688546
0.056431
0.371270
0.372629
0.997774
0.087024
0.420730
0.407280
0.400409
0.999246
0.389956
0.386026
0.070498
0.685439
0.055966
0.368140
0.054707
0.997774
0.054756
0.054387
0.053798
0.053951
0.369966
0.997774
0.061994
0.686399
0.063075
0.055024
0.362158
0.680778
0.059809
0.381543
0.090271
0.370289
0.368450
0.686699
0.367429
0.043367
0.997774
0.361958
0.040437
0.676040
0.031264
0.364652
0.363931
0.680144
0.038837
0.997774
0.363895
0.377906
0.376847
0.058521
0.364531
0.997774
0.676955
0.670974
0.084545
0.135943
0.699379
0.381320
0.377697
0.682990
0.683144
0.364882
0.679480
0.684063
0.034649
0.134305
0.064620
0.383015
0.997371
0.095431
0.080248
0.358093
0.010175
0.381523
0.688640
0.378047
0.056041
0.997371
0.682636
0.430594
0.155540
0.395483
0.225706
0.997371
0.627911
0.118559
0.687392
0.074519
0.057319
0.687259
0.370469
0.075152
0.712827
0.702483
0.102416
0.686741
0.076207
0.053586
0.169096
0.413938
0.482937
0.398208
0.124563
0.385359
0.385015
0.396471
0.629989
0.111252
0.475165
0.373763
0.031191
0.624056
0.745284
0.697976
0.116551
0.374382
0.082179
0.378863
0.357794
0.676088
0.999542
0.112371
0.999542
0.410729
0.291423
0.060296
0.704878
0.383199
0.358495
0.121328
0.382594
0.374519
0.374351
0.688259
0.392743
0.687668
0.080624
0.998628
0.113020
0.395108
0.692082
0.047042
0.119217
0.024264
0.073370
0.391644
0.370448
0.682295
0.016063
0.361171
0.364957
0.681311
0.059591
0.364508
0.382249
0.716460
0.066759
0.074906
0.077683
0.383241
0.385567
0.089393
0.394441
0.695447
0.395548
0.696939
0.380555
0.392868
0.055288
0.685305
0.374818
0.687325
0.059485
0.059454
0.686253
0.372133
0.047295
0.047569
0.368669
0.687484
0.372504
0.061936
0.699310
0.084188
0.686611
0.058825
0.682564
0.997774
0.367937
0.050278
0.049782
0.051026
0.368327
0.073200
0.388149
0.697636
0.377974
0.324367
0.368897
0.371475
0.309227
0.411659
0.071443
0.703324
0.055532
0.997774
0.369573
0.367185
0.366449
0.365440
0.364320
0.362958
0.680216
0.359259
0.358100
0.358992
0.362224
0.366491
0.371310
0.373755
0.080586
0.435673
0.366254
0.050150
0.997774
0.365151
0.048949
0.050703
0.366639
0.050163
0.047705
0.045516
0.358300
0.360023
0.344132
0.323854
0.058868
0.051519
0.072466
0.083523
0.680235
0.675625
0.061604
0.380839
0.381528
0.377716
0.074887
0.082489
0.376135
0.073214
0.068918
0.377286
0.687043
0.060160
0.368820
0.368251
0.682922
0.057544
0.065855
0.078243
0.693804
0.073496
0.999246
0.398937
0.395553
0.390118
0.385043
0.067485
0.367350
0.367505
0.368151
0.368569
0.682979
0.682692
0.997774
0.052136
0.053556
0.684159
0.060123
0.687530
0.067940
0.682122
0.680465
0.364973
0.052743
0.997774
0.376298
0.061927
0.370225
0.683713
0.362124
0.034180
0.679564
0.048591
0.366696
0.676444
0.055172
0.054576
0.045677
0.367195
0.365142
0.363084
0.364702
0.682800
0.055600
0.373262
0.060748
0.676955
0.358944
0.071118
0.997774
0.381181
0.085521
0.087625
0.080029
0.060935
0.363773
0.359590
0.363144
0.379734
0.680652
0.380484
0.369256
0.393382
0.383015
0.695045
0.394663
0.379534
0.059023
0.379547
0.687635
0.688640
0.686300
0.056513
0.053902
0.395352
0.181725
0.448885
0.123279
0.627911
0.453155
0.402778
0.697850
0.080330
0.052177
0.680805
0.357060
0.040894
0.408959
0.421002
0.427941
0.391657
0.997371
0.998628
0.682050
0.694041
0.383609
0.424107
0.167304
0.395187
0.083123
0.084937
0.409309
0.138603
0.050284
0.047901
0.101398
0.385174
0.023795
0.686113
0.378514
0.039169
0.999542
0.066680
0.381306
0.354098
0.382840
0.284072
0.428528
0.210307
0.384284
0.110392
0.702046
0.407640
0.071814
0.143637
0.690348
0.380569
0.311082
0.288095
0.130126
0.119205
0.998628
0.016394
0.679930
0.074365
0.376364
0.088439
0.327642
0.425828
0.694218
0.083484
0.074173
0.363981
0.003277
0.038631
0.364896
0.376422
0.998628
0.071862
0.711846
0.088550
0.709781
0.681800
0.080380
0.382108
0.078348
0.384807
0.372507
0.381349
0.691028
0.386233
0.391523
0.377385
0.054713
0.052300
0.687325
0.370015
0.682444
0.055953
0.063378
0.053475
0.046251
0.679150
0.361495
0.681955
0.040431
0.359673
0.685883
0.061321
0.379407
0.681617
0.050091
0.682564
0.049994
0.682275
0.997774
0.682275
0.372428
0.387010
0.085414
0.695706
0.094061
0.694203
0.089302
0.055596
0.035909
0.054806
0.053604
0.052632
0.052788
0.683272
0.051672
0.997774
0.681834
0.681438
0.363278
0.362196
0.042525
0.359471
0.359115
0.043043
0.681008
0.366381
0.374457
0.089766
0.997774
0.425279
0.114967
0.365644
0.049559
0.048300
0.364519
0.997774
0.047494
0.680901
0.680692
0.680210
0.365421
0.371032
0.057678
0.083091
0.060205
0.689248
0.381009
0.050358
0.023479
0.997774
0.365632
0.997774
0.687378
0.373682
0.075311
0.691669
0.089311
0.078692
0.997371
0.076282
0.687176
0.055658
0.367678
0.367906
0.368144
0.370652
0.685734
0.066118
0.380215
0.092903
0.399507
0.401502
0.395745
0.391963
0.400521
0.073876
0.052105
0.042376
0.367690
0.368040
0.682726
0.052540
0.682692
0.682541
0.051290
0.682989
0.057883
0.686568
0.068167
0.687088
0.373256
0.371626
0.053078
0.683798
0.059156
0.038103
0.368139
0.680361
0.358262
0.005237
0.361423
0.373425
0.684996
0.061157
0.056651
0.997774
0.685314
0.048818
0.049943
0.682930
0.363547
0.046541
0.371931
0.067588
0.376261
0.685745
0.372721
0.050222
0.049746
0.072000
0.093386
0.690603
0.694747
0.692352
0.057877
0.044124
0.036846
0.044770
0.062555
0.071734
0.997371
0.694198
0.392244
0.402453
0.097450
0.694526
0.687523
0.380152
0.997371
0.376564
0.060440
0.682908
0.373823
0.369473
0.110097
0.676553
0.372832
0.120247
0.696627
0.070626
0.703522
0.046809
0.047518
0.023594
0.027595
0.031793
0.047389
0.107500
0.115278
0.701682
0.400015
0.357652
0.375325
0.685430
0.376959
0.330984
0.088527
0.071626
0.705018
0.695504
0.394732
0.392975
0.692289
0.387269
0.375638
0.395532
0.073023
0.693789
0.051064
0.371513
0.372492
0.059787
0.381314
0.385761
0.113451
0.415255
0.034622
0.374452
0.307669
0.487200
0.032035
0.398776
0.388105
0.109421
0.398818
0.617714
0.600821
0.747126
0.711079
0.168690
0.698477
0.360506
0.009962
0.484220
0.124474
0.706569
0.998628
0.110340
0.369497
0.998628
0.379471
0.684893
0.372791
0.053108
0.060337
0.377280
0.380231
0.998628
0.079173
0.998628
0.069938
0.689937
0.081879
0.081128
0.704542
0.370693
0.397474
0.320752
0.655525
0.062459
0.072934
0.064376
0.050069
0.998628
0.365351
0.363573
0.366098
0.682084
0.682456
0.062248
0.997774
0.051156
0.361660
0.678617
0.043915
0.677134
0.047913
0.365170
0.681826
0.049611
0.680534
0.681482
0.364279
0.050827
0.682275
0.367384
0.367564
0.116637
0.360077
0.032083
0.079830
0.398650
0.686834
0.684009
0.682941
0.682306
0.681810
0.997774
0.050221
0.365757
0.365413
0.047644
0.364692
0.046285
0.997774
0.680120
0.679577
0.042491
0.679865
0.361864
0.363326
0.059188
0.691848
0.398936
0.425279
0.997774
0.032223
0.052154
0.365404
0.365302
0.048234
0.048226
0.364627
0.681445
0.046882
0.047457
0.054369
0.067921
0.053974
0.684912
0.685799
0.683769
0.086044
0.372251
0.682575
0.045395
0.065275
0.374358
0.372579
0.062889
0.382092
0.688970
0.691669
0.396622
0.392667
0.071549
0.054848
0.681623
0.050539
0.367764
0.052672
0.682597
0.055187
0.373830
0.743094
0.060789
0.076211
0.997774
0.399163
0.112056
0.383249
0.066512
0.997371
0.370943
0.366515
0.367334
0.682570
0.367288
0.050865
0.681744
0.047610
0.050352
0.371618
0.685896
0.068120
0.688506
0.379537
0.068282
0.064233
0.371190
0.369959
0.049767
0.089679
0.315591
0.397350
0.069855
0.075304
0.356652
0.079331
0.071906
0.683128
0.685314
0.365747
0.037813
0.680090
0.682445
0.363212
0.040948
0.060830
0.381189
0.997774
0.376261
0.051734
0.682580
0.364072
0.059248
0.687832
0.689203
0.080736
0.071827
0.997555
0.688860
0.049927
0.997371
0.681098
0.093836
0.694198
0.098100
0.405147
0.095233
0.039905
0.693456
0.081352
0.071713
0.377657
0.376251
0.057713
0.997371
0.682908
0.372984
0.067636
0.082170
0.687143
0.687636
0.374685
0.058859
0.024594
0.064772
0.384486
0.167966
0.070166
0.704479
0.395756
0.024447
0.112884
0.700262
0.069036
0.018728
0.422292
0.372990
0.346267
0.094745
0.058601
0.998628
0.680463
0.403342
0.393962
0.104269
0.693697
0.677092
0.998628
0.366454
0.013989
0.381678
0.372019
0.288350
0.272348
0.999542
0.069641
0.406347
0.149416
0.998628
0.145150
0.084811
0.073013
0.296725
0.489927
0.422461
0.699639
0.099979
0.376556
0.100546
0.326150
0.024435
0.706986
0.086382
0.346512
0.384032
0.388318
0.093176
0.695360
0.402410
0.395232
0.384026
0.387030
0.377245
0.372178
0.998628
0.684893
0.684767
0.057807
0.048510
0.320234
0.342264
0.714567
0.355437
0.108085
0.354018
0.045770
0.061582
0.078865
0.120073
0.628352
0.655525
0.362607
0.998628
0.369555
0.687759
0.370211
0.372234
0.362399
0.357505
0.358733
0.059275
0.689035
0.386747
0.372011
0.055990
0.369969
0.681138
0.368279
0.057962
0.058657
0.682371
0.367973
0.365144
0.049479
0.046678
0.366062
0.053066
0.682565
0.367619
0.365947
0.047642
0.487378
0.997774
0.103016
0.737239
0.377190
0.056918
0.053314
0.051133
0.049119
0.047101
0.045313
0.044482
0.044529
0.362068
0.045863
0.046090
0.046073
0.046365
0.045199
0.042131
0.361149
0.997774
0.367135
0.063909
0.701567
0.073398
0.105509
0.716104
0.059170
0.997774
0.368901
0.365612
0.365523
0.049117
0.365534
0.681885
0.365494
0.365148
0.365053
0.365511
0.365919
0.368746
0.057918
0.066274
0.061829
0.365858
0.681174
0.365677
0.682799
0.051089
0.055979
0.687794
0.688970
0.997371
0.385492
0.388283
0.072416
0.373063
0.997371
0.366840
0.050486
0.367576
0.997371
0.367463
0.052046
0.105195
0.997371
0.093158
0.694434
0.392764
0.403844
0.410947
0.084707
0.691957
0.061090
0.048037
0.364926
0.366318
0.682131
0.366413
0.050476
0.681334
0.680952
0.362839
0.051322
0.376046
0.380942
0.383000
0.381789
0.379572
0.685685
0.997774
0.685685
0.056555
0.997774
0.093842
0.008058
0.387223
0.344656
0.997774
0.673921
0.073377
0.367855
0.683128
0.052726
0.328035
0.015440
0.354037
0.052606
0.359718
0.378058
0.997774
0.073887
0.687806
0.058465
0.683131
0.997774
0.373189
0.997774
0.380661
0.389629
0.094105
0.083736
0.073660
0.683789
0.366378
0.067980
0.390021
0.400603
0.698227
0.098178
0.997371
0.364534
0.321032
0.080932
0.690424
0.068801
0.375592
0.369169
0.361435
0.052206
0.997371
0.071294
0.380638
0.997371
0.375067
0.056935
0.069583
0.688778
0.085464
0.997371
0.417644
0.186348
0.706028
0.625034
0.997371
0.058346
0.100657
0.081317
0.998628
0.346729
0.148746
0.402464
0.998628
0.382924
0.335598
0.014214
0.439325
0.706994
0.129394
0.384302
0.388536
0.677092
0.015425
0.107860
0.999542
0.297770
0.587201
0.408293
0.313560
0.054987
0.069114
0.701473
0.707589
0.090678
0.998628
0.685983
0.069928
0.321496
0.165452
0.044140
0.398564
0.399206
0.411090
0.113506
0.706986
0.998628
0.092172
0.379567
0.363942
0.381365
0.087909
0.998628
0.074326
0.380531
0.080780
0.069642
0.061347
0.369528
0.684893
0.369869
0.369453
0.053080
0.684371
0.355663
0.307261
0.654573
0.034136
0.299429
0.071358
0.011448
0.393224
0.686691
0.133026
0.154980
0.311151
0.683719
0.369555
0.998628
0.377188
0.076562
0.068361
0.056270
0.049727
0.046450
0.080096
0.413871
0.436106
0.061422
0.372817
0.060140
0.684780
0.062063
0.375111
0.997774
0.372586
0.058126
0.053109
0.997774
0.367215
0.053780
0.369063
0.683293
0.369070
0.368418
0.052241
0.367500
0.108232
0.997774
0.357021
0.368339
0.367068
0.997774
0.365553
0.681375
0.362410
0.360834
0.360026
0.042179
0.997774
0.362428
0.363818
0.680769
0.366251
0.044623
0.356255
0.678001
0.046264
0.373150
0.092930
0.696917
0.394151
0.099643
0.117019
0.061879
0.685018
0.365914
0.365913
0.366141
0.365858
0.997774
0.681863
0.366204
0.049588
0.681614
0.997774
0.365422
0.366481
0.368015
0.369225
0.050705
0.364425
0.997774
0.365101
0.361179
0.680958
0.059067
0.375330
0.376977
0.688970
0.064611
0.061364
0.056894
0.054794
0.682893
0.365764
0.050777
0.367970
0.682685
0.053642
0.681872
0.043928
0.095668
0.298178
0.369429
0.997371
0.397492
0.391663
0.373730
0.058908
0.689574
0.997371
0.061797
0.055499
0.681649
0.051783
0.682177
0.365810
0.362638
0.359303
0.045883
0.374623
0.068882
0.690290
0.075750
0.068347
0.376829
0.685685
0.372042
0.359857
0.046737
0.352074
0.370945
0.668510
0.997774
0.344656
0.303519
0.377031
0.066805
0.372367
0.053469
0.339769
0.671721
0.997774
0.041489
0.066851
0.997774
0.073515
0.081070
0.074684
0.064349
0.059092
0.058768
0.684613
0.064826
0.379738
0.385867
0.099867
0.702920
0.691237
0.062700
0.043112
0.053689
0.997371
0.388788
0.084212
0.704728
0.385141
0.086514
0.693729
0.079203
0.997371
0.690424
0.062497
0.050178
0.049946
0.079436
0.358295
0.084196
0.386380
0.687143
0.071965
0.388173
0.077629
0.692946
0.385608
0.094428
0.398557
0.067831
0.400198
0.383016
0.316701
0.670314
0.686935
0.997371
0.026611
0.050233
0.000082
0.746689
0.385322
0.345269
0.316118
0.368651
0.361943
0.410704
0.300431
0.357864
0.003538
0.693467
0.376006
0.062903
0.072921
0.686794
0.029770
0.628413
0.999542
0.038877
0.089234
0.071440
0.074895
0.053801
0.048378
0.091872
0.079928
0.425108
0.634519
0.153415
0.072082
0.065373
0.388844
0.372409
0.025086
0.102850
0.383876
0.062326
0.071227
0.377073
0.380600
0.079752
0.076419
0.067345
0.376335
0.685609
0.683281
0.056271
0.051139
0.046641
0.044525
0.042506
0.045245
0.369710
0.370314
0.347143
0.690646
0.998628
0.690646
0.051972
0.687375
0.390067
0.998628
0.047454
0.070451
0.361442
0.683719
0.065196
0.385858
0.693452
0.998628
0.693452
0.386377
0.441447
0.035343
0.998132
0.402252
0.686066
0.374475
0.058262
0.060202
0.375474
0.375642
0.686169
0.374278
0.686358
0.057643
0.682925
0.055822
0.056848
0.369950
0.683634
0.369697
0.054821
0.052501
0.367478
0.367710
0.677245
0.367922
0.052139
0.366437
0.365159
0.364713
0.046935
0.362593
0.360823
0.359852
0.359892
0.042939
0.362527
0.680351
0.364657
0.366694
0.043105
0.359585
0.682890
0.997774
0.682890
0.085028
0.997774
0.696917
0.373342
0.680819
0.680890
0.681866
0.049384
0.682196
0.366567
0.050679
0.050733
0.366204
0.997774
0.682093
0.365539
0.365329
0.365081
0.365469
0.366175
0.366748
0.049640
0.997774
0.048803
0.365427
0.051831
0.058539
0.062657
0.065498
0.687013
0.375389
0.684797
0.682938
0.681372
0.365634
0.047991
0.681271
0.364955
0.052028
0.369135
0.055265
0.682791
0.052750
0.349827
0.361280
0.687176
0.066883
0.384126
0.053524
0.037235
0.057692
0.106142
0.689574
0.701618
0.057210
0.367739
0.366920
0.682229
0.043907
0.677822
0.355432
0.041976
0.371885
0.997371
0.069939
0.380865
0.997371
0.063545
0.686292
0.373655
0.374861
0.056979
0.367811
0.997774
0.054275
0.668510
0.291269
0.057103
0.060891
0.374959
0.373381
0.997774
0.072582
0.010027
0.363328
0.366475
0.997774
0.072761
0.081202
0.385350
0.382705
0.380115
0.378343
0.997774
0.064222
0.997774
0.381459
0.387386
0.692590
0.393531
0.101480
0.091044
0.691785
0.379719
0.063873
0.360697
0.323231
0.073795
0.086394
0.693455
0.086123
0.997371
0.386446
0.071885
0.997371
0.687149
0.379125
0.383902
0.069774
0.083692
0.997371
0.081483
0.083667
0.087520
0.390728
0.392474
0.392574
0.395495
0.037794
0.431830
0.099499
0.067676
0.040956
0.054099
0.040938
0.686935
0.705304
0.393605
0.042868
0.056219
0.062824
0.062034
0.367732
0.361874
0.348618
0.313741
0.086059
0.339787
0.394306
0.140407
0.672352
0.048452
0.065301
0.686758
0.096076
0.451426
0.627498
0.125606
0.383538
0.374048
0.998628
0.685910
0.368466
0.073103
0.698817
0.005667
0.469142
0.015615
0.364030
0.365492
0.052540
0.296139
0.410873
0.003603
0.373296
0.373332
0.360433
0.033782
0.060569
0.692800
0.688369
0.687403
0.685723
0.372213
0.682423
0.998628
0.682423
0.680531
0.048983
0.998628
0.059478
0.075954
0.113827
0.060126
0.046747
0.382458
0.062629
0.386085
0.678341
0.060717
0.375942
0.046967
0.998628
0.022019
0.678643
0.082339
0.083484
0.390114
0.091270
0.387230
0.748628
0.702958
0.485887
0.011938
0.060510
0.685535
0.370698
0.057396
0.997774
0.372784
0.064121
0.686655
0.375965
0.375454
0.374287
0.372959
0.058950
0.997774
0.058320
0.684098
0.370761
0.684433
0.053460
0.682585
0.052533
0.682741
0.052140
0.366580
0.365347
0.997774
0.680945
0.680750
0.363383
0.361707
0.360581
0.360350
0.361234
0.362824
0.048724
0.050804
0.366606
0.046766
0.679843
0.359585
0.052604
0.385885
0.997774
0.083180
0.061676
0.673765
0.036178
0.043562
0.046783
0.049920
0.997774
0.366799
0.366927
0.051523
0.051576
0.682093
0.050376
0.681489
0.048983
0.997774
0.681517
0.681662
0.366630
0.367157
0.049578
0.997774
0.682152
0.369372
0.058952
0.684297
0.062611
0.375256
0.057876
0.052745
0.048096
0.045562
0.362511
0.045438
0.680681
0.363987
0.051464
0.369244
0.997371
0.055279
0.368057
0.367107
0.364523
0.373477
0.684181
0.057417
0.682442
0.692708
0.701130
0.120744
0.384811
0.687560
0.054172
0.683081
0.369380
0.048848
0.358406
0.676417
0.355310
0.043641
0.369718
0.685718
0.375484
0.377587
0.058834
0.369843
0.684314
0.053428
0.686898
0.078067
0.068335
0.372782
0.048916
0.365890
0.368714
0.997774
0.052537
0.061159
0.377113
0.383552
0.997774
0.027223
0.071129
0.077715
0.076045
0.384452
0.997774
0.385797
0.690179
0.688889
0.999355
0.070872
0.071276
0.071484
0.074480
0.086909
0.097518
0.111560
0.117377
0.693450
0.388299
0.381379
0.382514
0.005229
0.087130
0.086144
0.678225
0.077351
0.394027
0.693393
0.082619
0.382204
0.687149
0.071579
0.997371
0.075494
0.077505
0.385014
0.084363
0.695185
0.692474
0.695484
0.393102
0.089048
0.391537
0.395396
0.682355
0.997371
0.367791
0.374535
0.292732
0.422034
0.379856
0.684803
0.384733
0.671863
0.369281
0.372720
0.681397
0.997371
0.054385
0.682915
0.044927
0.132200
0.998628
0.706473
0.419481
0.742464
0.434518
0.354429
0.087471
0.427748
0.259255
0.737244
0.155860
0.158764
0.085970
0.998628
0.374048
0.366863
0.681472
0.684379
0.699250
0.068191
0.311464
0.682888
0.681352
0.998628
0.364899
0.031691
0.300036
0.269822
0.022400
0.379263
0.367110
0.371293
0.375578
0.073540
0.381837
0.374858
0.059646
0.058116
0.366399
0.050337
0.364892
0.045616
0.359566
0.069219
0.058042
0.440762
0.421123
0.438692
0.372928
0.080610
0.397791
0.386595
0.385129
0.054268
0.377330
0.384257
0.671228
0.083471
0.387295
0.998628
0.693039
0.386885
0.094365
0.699587
0.098464
0.999090
0.311312
0.057129
0.055327
0.684345
0.367452
0.051386
0.684586
0.372380
0.066117
0.687381
0.378413
0.068523
0.686423
0.063991
0.372912
0.684901
0.060716
0.684790
0.372356
0.371398
0.056971
0.053956
0.367629
0.682591
0.366992
0.049563
0.363520
0.680945
0.044758
0.680519
0.680039
0.044799
0.679901
0.043442
0.679999
0.362773
0.048830
0.681375
0.997774
0.681375
0.680356
0.358528
0.052562
0.069910
0.384038
0.997774
0.349070
0.040312
0.363292
0.997774
0.679895
0.681428
0.051140
0.997774
0.682378
0.682390
0.051887
0.682360
0.366794
0.049727
0.365050
0.681517
0.365382
0.050389
0.997774
0.682519
0.052814
0.682152
0.368675
0.683871
0.370656
0.997371
0.684297
0.057398
0.997371
0.682488
0.364293
0.680203
0.044170
0.043523
0.044351
0.046286
0.050809
0.369217
0.683481
0.055873
0.054566
0.367776
0.367829
0.374188
0.997371
0.057456
0.057535
0.386200
0.997371
0.400702
0.108780
0.429252
0.003513
0.368936
0.368081
0.366754
0.362252
0.044901
0.677521
0.050477
0.368548
0.371063
0.685789
0.372668
0.370189
0.368417
0.057844
0.681332
0.371418
0.057828
0.685592
0.997774
0.047906
0.678495
0.050052
0.682541
0.054043
0.686375
0.687070
0.066369
0.069895
0.122864
0.691579
0.690283
0.997774
0.078916
0.075249
0.075758
0.383547
0.382279
0.690470
0.381671
0.072606
0.691081
0.385539
0.691825
0.385980
0.389214
0.082796
0.689831
0.688950
0.999355
0.066252
0.395901
0.692910
0.138015
0.366909
0.371470
0.083608
0.391724
0.391606
0.081108
0.689825
0.077945
0.075408
0.076516
0.690801
0.080114
0.692883
0.392073
0.393298
0.094899
0.678405
0.089740
0.084340
0.395594
0.093634
0.073847
0.384147
0.292130
0.415358
0.700226
0.997371
0.065372
0.060296
0.140752
0.689485
0.678700
0.358169
0.360078
0.362604
0.358714
0.359598
0.076968
0.706473
0.049179
0.396133
0.747816
0.011996
0.363546
0.296902
0.142487
0.700977
0.063546
0.409123
0.379148
0.078408
0.063673
0.056007
0.049650
0.364213
0.395726
0.444852
0.148906
0.089443
0.385607
0.050749
0.363107
0.365849
0.366998
0.366070
0.034773
0.998628
0.366360
0.388133
0.379279
0.374896
0.378121
0.070579
0.059277
0.687842
0.371174
0.053318
0.368974
0.998628
0.682988
0.681858
0.336313
0.699851
0.006547
0.694122
0.689301
0.694568
0.691567
0.998628
0.691567
0.373963
0.049326
0.684108
0.064040
0.691728
0.075577
0.693506
0.074075
0.690879
0.066057
0.397915
0.080012
0.688719
0.067492
0.001370
0.997774
0.052868
0.681916
0.360939
0.048527
0.684401
0.374095
0.070130
0.074049
0.382072
0.381407
0.380144
0.378189
0.064557
0.685677
0.063146
0.375114
0.062593
0.371872
0.997774
0.058204
0.054654
0.363790
0.681714
0.044846
0.359155
0.679518
0.039239
0.680039
0.362009
0.363620
0.997774
0.679901
0.679688
0.679999
0.680563
0.365730
0.365091
0.044391
0.042638
0.040707
0.366439
0.071001
0.078697
0.363228
0.053225
0.997774
0.029859
0.036798
0.048773
0.050783
0.367013
0.367087
0.366997
0.051557
0.051786
0.367116
0.366814
0.050218
0.681429
0.365535
0.050533
0.053237
0.368766
0.055062
0.056295
0.056166
0.055834
0.055686
0.055853
0.684297
0.370038
0.369096
0.367445
0.365589
0.681109
0.362724
0.362382
0.361999
0.679455
0.679799
0.050307
0.368875
0.683493
0.055610
0.682939
0.682826
0.053780
0.368613
0.056739
0.371538
0.373059
0.432773
0.701130
0.429187
0.302706
0.324833
0.057175
0.368411
0.997371
0.365916
0.364199
0.365058
0.056674
0.368223
0.368247
0.683272
0.369423
0.055653
0.057351
0.058167
0.069482
0.087920
0.692884
0.092676
0.084178
0.685592
0.374005
0.058899
0.061744
0.682652
0.058194
0.373937
0.375008
0.375323
0.997774
0.368120
0.377319
0.380615
0.690283
0.069506
0.377522
0.689806
0.074613
0.075495
0.383252
0.691473
0.073547
0.999355
0.691081
0.391435
0.397568
0.353228
0.035600
0.049244
0.051841
0.434303
0.074538
0.999355
0.690305
0.692910
0.070020
0.997371
0.690616
0.080693
0.079494
0.070823
0.381526
0.384297
0.693201
0.076210
0.689536
0.690801
0.389939
0.997371
0.398088
0.083643
0.997371
0.678405
0.412263
0.087652
0.395218
0.385045
0.076077
0.997371
0.686264
0.415358
0.370746
0.404024
0.107516
0.723060
0.394859
0.369297
0.351572
0.348041
0.030938
0.675415
0.037016
0.404465
0.109136
0.431323
0.303417
0.038701
0.078854
0.076989
0.078106
0.382160
0.708527
0.100973
0.303682
0.350332
0.687510
0.687577
0.685707
0.681699
0.046717
0.361271
0.397323
0.395634
0.615506
0.151904
0.376352
0.053009
0.053542
0.682368
0.373991
0.372772
0.366360
0.998628
0.085976
0.383601
0.373463
0.370496
0.682951
0.052317
0.055323
0.370164
0.370300
0.998628
0.368974
0.007694
0.336313
0.695914
0.340198
0.141400
0.123641
0.381850
0.376465
0.694568
0.063163
0.689939
0.366420
0.046951
0.365684
0.054310
0.359600
0.057887
0.391590
0.372770
0.384426
0.390355
0.071876
0.997774
0.377342
0.359705
0.438602
0.361173
0.368725
0.366163
0.358501
0.055820
0.685510
0.375755
0.073493
0.997774
0.690603
0.074758
0.689052
0.379518
0.065156
0.375034
0.375845
0.997774
0.066991
0.064650
0.062955
0.997774
0.059883
0.352116
0.368939
0.362123
0.039922
0.362399
0.027770
0.679145
0.361665
0.047379
0.679901
0.362121
0.044093
0.044818
0.046078
0.046879
0.043957
0.997774
0.365232
0.367251
0.679267
0.390472
0.118686
0.370788
0.094862
0.357246
0.679295
0.665955
0.681160
0.681955
0.051603
0.366949
0.366816
0.682245
0.366915
0.051756
0.051772
0.051631
0.366439
0.051854
0.367956
0.684021
0.997774
0.684021
0.371437
0.057048
0.997774
0.369060
0.053787
0.368155
0.367495
0.366693
0.365858
0.048243
0.680429
0.362927
0.363116
0.679945
0.045226
0.046376
0.049654
0.368296
0.683287
0.055023
0.683251
0.368756
0.054097
0.683403
0.056577
0.372043
0.373835
0.373810
0.121382
0.302706
0.997371
0.063625
0.057253
0.367396
0.682114
0.365894
0.051991
0.058781
0.056862
0.054655
0.053047
0.367844
0.053597
0.997371
0.683109
0.683983
0.685598
0.013614
0.117543
0.141736
0.997371
0.094180
0.376660
0.102880
0.997371
0.067031
0.064938
0.685343
0.062134
0.059387
0.372381
0.057458
0.366687
0.371587
0.373806
0.374416
0.687721
0.380385
0.690078
0.999355
0.076535
0.999355
0.379987
0.381749
0.063438
0.059290
0.493939
0.051179
0.342459
0.353895
0.410511
0.698846
0.690312
0.690305
0.383867
0.378626
0.685507
0.078220
0.097189
0.440574
0.376292
0.375729
0.063831
0.373911
0.071323
0.073254
0.997371
0.383185
0.083664
0.088432
0.026667
0.322691
0.136651
0.412263
0.997371
0.710482
0.392115
0.086873
0.676907
0.009686
0.377046
0.417323
0.309757
0.390289
0.997371
0.428372
0.133044
0.401702
0.355374
0.024837
0.997371
0.674308
0.354203
0.065120
0.692071
0.380599
0.091334
0.691241
0.997371
0.691241
0.395319
0.404478
0.381285
0.094813
0.052276
0.053225
0.069224
0.378060
0.375103
0.369944
0.998628
0.049396
0.050494
0.998628
0.162432
0.998628
0.116191
0.683630
0.684063
0.369148
0.670443
0.686964
0.700957
0.096920
0.393666
0.687595
0.683792
0.368047
0.682388
0.049725
0.367218
0.684315
0.684758
0.684613
0.058651
0.433923
0.335453
0.998628
0.374855
0.023300
0.299251
0.383445
0.072759
0.685791
0.055469
0.683060
0.046018
0.362592
0.364018
0.365057
0.047599
0.997774
0.369312
0.373380
0.084955
0.692295
0.026718
0.686898
0.077838
0.126266
0.295637
0.384381
0.123836
0.045186
0.041696
0.052946
0.374744
0.378658
0.075073
0.383570
0.690830
0.075809
0.382481
0.066461
0.372537
0.685833
0.062072
0.378126
0.688558
0.068952
0.997774
0.375742
0.064640
0.069847
0.345756
0.377050
0.997774
0.687021
0.035224
0.677947
0.364708
0.365762
0.363992
0.044510
0.997774
0.679817
0.679891
0.680245
0.044076
0.679357
0.681436
0.683649
0.078400
0.999461
0.703669
0.113145
0.677926
0.067999
0.044296
0.063743
0.050417
0.366745
0.682368
0.051418
0.051233
0.366726
0.682275
0.052088
0.682859
0.682647
0.053163
0.054164
0.683096
0.056815
0.684021
0.371372
0.371536
0.997774
0.055639
0.997371
0.683010
0.367078
0.050290
0.049508
0.365291
0.048195
0.680489
0.046544
0.997371
0.046051
0.363477
0.363844
0.048629
0.051500
0.682973
0.054309
0.683188
0.368721
0.054649
0.997371
0.057445
0.372722
0.373898
0.374235
0.374023
0.373204
0.688970
0.371130
0.371642
0.055081
0.682096
0.367003
0.682727
0.058149
0.367497
0.997371
0.052218
0.052222
0.997371
0.053628
0.369401
0.371171
0.374077
0.672256
0.025258
0.010565
0.405178
0.997371
0.439564
0.048951
0.379561
0.997371
0.067766
0.374955
0.063443
0.370777
0.055846
0.683983
0.370415
0.684290
0.055848
0.372095
0.375053
0.066842
0.689225
0.077469
0.385359
0.691473
0.381562
0.123799
0.303626
0.373660
0.069232
0.369087
0.289428
0.358876
0.707910
0.154745
0.005818
0.063250
0.077171
0.373296
0.381988
0.091956
0.674933
0.705775
0.111872
0.373323
0.060158
0.374357
0.997371
0.064981
0.064982
0.689530
0.067365
0.366945
0.422801
0.150971
0.997371
0.187290
0.410497
0.392115
0.613420
0.069062
0.997371
0.676907
0.077870
0.011679
0.390827
0.385544
0.362376
0.372842
0.101007
0.087659
0.080568
0.054999
0.357978
0.675415
0.362065
0.052013
0.071406
0.087085
0.383521
0.384191
0.386478
0.395099
0.399666
0.997371
0.702040
0.088748
0.687040
0.689304
0.691032
0.381513
0.376540
0.373033
0.682865
0.053727
0.082865
0.371054
0.119036
0.432211
0.998628
0.368081
0.052164
0.370400
0.058240
0.029693
0.080190
0.092451
0.098160
0.074473
0.059707
0.367561
0.366060
0.365583
0.366291
0.052762
0.054351
0.684758
0.370896
0.059166
0.431362
0.695914
0.379861
0.082904
0.402590
0.097703
0.998628
0.385031
0.366394
0.365762
0.046376
0.043550
0.362355
0.681543
0.364992
0.363357
0.672474
0.388367
0.086674
0.687174
0.085703
0.637992
0.114883
0.997774
0.677810
0.020237
0.387162
0.997774
0.692785
0.678864
0.066033
0.381074
0.071688
0.072659
0.690741
0.689730
0.069495
0.067624
0.369675
0.051604
0.375733
0.378262
0.688701
0.070804
0.687790
0.067990
0.997774
0.077833
0.100420
0.676660
0.395061
0.398587
0.049689
0.362789
0.682532
0.364194
0.364330
0.362833
0.362018
0.043581
0.361914
0.363028
0.364222
0.367285
0.370216
0.372812
0.072410
0.200115
0.419646
0.747774
0.373658
0.691997
0.395076
0.390650
0.682055
0.367001
0.367098
0.367278
0.682372
0.366825
0.366938
0.367518
0.997774
0.367907
0.368932
0.369158
0.057302
0.684521
0.059657
0.372219
0.372310
0.371506
0.056228
0.683010
0.368053
0.050952
0.997371
0.681532
0.365174
0.048827
0.680799
0.364366
0.047345
0.047306
0.680788
0.364326
0.365025
0.050640
0.052312
0.053699
0.683070
0.368626
0.055059
0.056665
0.372036
0.061349
0.685340
0.685848
0.061260
0.057918
0.684919
0.684057
0.370344
0.054809
0.682702
0.368045
0.053993
0.052668
0.681999
0.367247
0.997371
0.051465
0.682485
0.682374
0.368349
0.052605
0.672256
0.309171
0.041522
0.051281
0.437502
0.697495
0.387003
0.053584
0.384545
0.689807
0.067685
0.067342
0.375385
0.685138
0.371213
0.369428
0.368769
0.367871
0.049616
0.057777
0.060440
0.376005
0.073741
0.090668
0.094838
0.691903
0.111311
0.706045
0.074360
0.028902
0.705802
0.027529
0.673747
0.300289
0.376933
0.707910
0.743588
0.369760
0.273672
0.103686
0.087454
0.079209
0.426658
0.000560
0.295946
0.679129
0.372033
0.062249
0.687371
0.054322
0.378372
0.301247
0.420343
0.685554
0.390201
0.115088
0.101331
0.231667
0.408736
0.011893
0.672172
0.010088
0.369967
0.022325
0.401896
0.393769
0.065961
0.059869
0.366891
0.039250
0.997371
0.372323
0.690119
0.997371
0.065793
0.059858
0.077524
0.086699
0.070456
0.054903
0.029420
0.378596
0.091368
0.692608
0.109751
0.392393
0.699467
0.076404
0.072021
0.053979
0.065293
0.069230
0.069764
0.062521
0.056225
0.054870
0.686102
0.092207
0.371975
0.374188
0.058740
0.052830
0.056280
0.056247
0.371418
0.685143
0.064759
0.691038
0.688419
0.685644
0.683801
0.368213
0.998628
0.050777
0.366557
0.367052
0.682798
0.054062
0.685090
0.056828
0.055789
0.683108
0.172434
0.697839
0.115792
0.373338
0.699364
0.370690
0.367916
0.366928
0.363553
0.040439
0.036571
0.041190
0.678866
0.047777
0.051830
0.056636
0.377911
0.997774
0.379045
0.064594
0.386751
0.388002
0.314577
0.681535
0.128011
0.692785
0.351600
0.059388
0.064398
0.377704
0.997774
0.686823
0.070672
0.378274
0.997774
0.360536
0.371743
0.353849
0.357388
0.067668
0.997774
0.072717
0.379806
0.378225
0.687716
0.077761
0.705582
0.119170
0.712159
0.027438
0.339911
0.358537
0.363758
0.681689
0.046299
0.679975
0.361809
0.679560
0.362178
0.364218
0.367515
0.059241
0.374937
0.371650
0.075131
0.083618
0.999461
0.392022
0.059520
0.699833
0.374962
0.392874
0.082609
0.053007
0.367543
0.682719
0.367150
0.367045
0.367115
0.367394
0.367849
0.368406
0.369702
0.056197
0.370827
0.059189
0.997774
0.372891
0.372853
0.371994
0.370788
0.369510
0.053490
0.367006
0.366137
0.049260
0.048881
0.049311
0.364775
0.364344
0.997371
0.047397
0.997371
0.680788
0.681066
0.681498
0.682005
0.367914
0.053871
0.054045
0.369250
0.370596
0.057793
0.058449
0.058182
0.057135
0.055726
0.997371
0.369780
0.368761
0.050282
0.051532
0.682690
0.051582
0.367351
0.681623
0.050235
0.366230
0.366463
0.997371
0.051262
0.052578
0.054325
0.056172
0.053797
0.680714
0.040577
0.051964
0.714668
0.410342
0.400551
0.066372
0.375704
0.687561
0.059931
0.687457
0.371618
0.997371
0.370941
0.057286
0.369090
0.048802
0.997774
0.366641
0.999355
0.686555
0.371887
0.386631
0.056143
0.064292
0.407102
0.999355
0.085064
0.401252
0.403307
0.374416
0.999355
0.046687
0.682692
0.110686
0.089202
0.004882
0.329051
0.303250
0.688751
0.999355
0.369394
0.471127
0.262339
0.054868
0.066376
0.997371
0.061239
0.064003
0.414155
0.397126
0.013074
0.440121
0.997371
0.382369
0.084414
0.436462
0.039552
0.370507
0.997371
0.361971
0.384708
0.080079
0.689292
0.381940
0.688554
0.368066
0.047520
0.053774
0.057753
0.063087
0.076364
0.079961
0.085165
0.396550
0.401964
0.380174
0.342662
0.047009
0.691977
0.327476
0.023439
0.076298
0.401416
0.348669
0.359000
0.118676
0.364078
0.361001
0.352732
0.386859
0.379522
0.058330
0.998628
0.685331
0.065140
0.998628
0.076292
0.052246
0.685164
0.371371
0.998628
0.056551
0.370975
0.998628
0.062352
0.065582
0.062853
0.060123
0.370952
0.998628
0.052505
0.682677
0.682642
0.682798
0.998628
0.367629
0.053281
0.054614
0.684132
0.683907
0.067710
0.369763
0.998628
0.053589
0.372421
0.684104
0.054021
0.049371
0.997589
0.036801
0.676657
0.678866
0.997774
0.678866
0.680559
0.052271
0.370979
0.060964
0.373913
0.050662
0.086166
0.691405
0.391728
0.112854
0.649102
0.369241
0.058365
0.997774
0.064611
0.057536
0.686823
0.056231
0.380069
0.370628
0.686328
0.679542
0.021769
0.052221
0.067695
0.063440
0.382470
0.074445
0.075223
0.380767
0.688015
0.085339
0.997774
0.127358
0.340836
0.420928
0.619671
0.028677
0.364150
0.681123
0.365315
0.046053
0.679560
0.047321
0.048376
0.051424
0.055950
0.372162
0.063022
0.065617
0.377953
0.067338
0.086400
0.359008
0.019487
0.074869
0.997774
0.693566
0.368348
0.383731
0.053492
0.052978
0.367530
0.052677
0.053279
0.054117
0.368314
0.055382
0.997774
0.684140
0.057550
0.059624
0.372664
0.060749
0.060301
0.059139
0.057537
0.055730
0.683332
0.051718
0.049873
0.997371
0.681072
0.048458
0.363953
0.047641
0.363980
0.997371
0.047382
0.364473
0.365257
0.366252
0.367258
0.053560
0.997371
0.053513
0.368815
0.369569
0.683481
0.683240
0.682687
0.682030
0.997371
0.367753
0.366380
0.047463
0.997371
0.046697
0.681599
0.048236
0.365727
0.365614
0.997371
0.049202
0.365735
0.681831
0.366572
0.997371
0.682438
0.370280
0.058786
0.058366
0.049894
0.043354
0.377640
0.736714
0.370008
0.040964
0.358450
0.363903
0.051848
0.373807
0.366710
0.685138
0.370423
0.061557
0.372875
0.352954
0.376067
0.373916
0.089391
0.068861
0.392397
0.682102
0.698718
0.404827
0.999355
0.407102
0.443810
0.999355
0.694805
0.397396
0.673747
0.384275
0.688435
0.682692
0.063997
0.999355
0.688815
0.142631
0.059176
0.099771
0.052519
0.305114
0.605304
0.116605
0.369876
0.080433
0.406317
0.034073
0.303221
0.126105
0.391638
0.079520
0.382369
0.997371
0.130093
0.122852
0.695706
0.997371
0.370507
0.078143
0.683727
0.058392
0.997371
0.689292
0.056222
0.366678
0.368289
0.683465
0.682687
0.997371
0.076432
0.119188
0.701625
0.699925
0.082826
0.312221
0.077291
0.997371
0.690705
0.322246
0.166488
0.997371
0.065453
0.442786
0.366301
0.687156
0.376990
0.042005
0.442033
0.367150
0.369764
0.367389
0.055705
0.370900
0.372467
0.067367
0.073021
0.686344
0.373433
0.371572
0.370291
0.370387
0.371703
0.685143
0.057519
0.370951
0.371763
0.371742
0.056569
0.369736
0.054831
0.053299
0.052217
0.367508
0.051600
0.051137
0.367965
0.998628
0.053971
0.684132
0.057931
0.366452
0.681022
0.053276
0.685058
0.059906
0.057872
0.997589
0.049909
0.358207
0.029172
0.357150
0.678866
0.045056
0.681717
0.052387
0.997774
0.371286
0.069047
0.701647
0.056978
0.997774
0.085961
0.744298
0.384651
0.062745
0.375560
0.686246
0.061306
0.997774
0.044028
0.685310
0.053936
0.361977
0.679542
0.017025
0.997774
0.670926
0.690983
0.676757
0.067684
0.385412
0.691126
0.689690
0.383181
0.383112
0.398000
0.129526
0.077966
0.313029
0.671885
0.056136
0.053887
0.682380
0.366302
0.049577
0.680335
0.682071
0.682845
0.683224
0.684190
0.685219
0.685669
0.685173
0.683788
0.682668
0.030029
0.315096
0.101012
0.695641
0.693566
0.395497
0.310757
0.354028
0.368583
0.368261
0.053213
0.368654
0.997774
0.683634
0.059064
0.057721
0.684140
0.057891
0.997774
0.058915
0.997371
0.685003
0.685037
0.371880
0.684467
0.683943
0.053669
0.682603
0.049383
0.047594
0.046297
0.046505
0.997371
0.046237
0.045968
0.363965
0.997371
0.364491
0.049956
0.366559
0.053445
0.682912
0.053927
0.052775
0.049786
0.050181
0.050988
0.368434
0.367211
0.049216
0.364236
0.364212
0.362258
0.040891
0.679730
0.041177
0.680127
0.044604
0.364385
0.681192
0.048015
0.048281
0.365102
0.681505
0.365682
0.366583
0.367946
0.683112
0.684446
0.685722
0.054595
0.371943
0.367885
0.681632
0.367515
0.034580
0.348728
0.355171
0.680507
0.367369
0.997371
0.366710
0.367096
0.064512
0.377724
0.306763
0.667306
0.032245
0.696329
0.693261
0.999355
0.098103
0.049780
0.391169
0.700413
0.135760
0.063978
0.383700
0.096215
0.097124
0.384275
0.999355
0.059119
0.046087
0.046744
0.388396
0.744455
0.123121
0.127122
0.694157
0.350803
0.349227
0.999355
0.020186
0.416761
0.067433
0.066540
0.684919
0.353564
0.006241
0.390249
0.079035
0.076002
0.381789
0.705404
0.997371
0.110867
0.695706
0.084066
0.081134
0.997371
0.373163
0.689292
0.065868
0.371061
0.364669
0.690320
0.377785
0.069838
0.382005
0.467077
0.426321
0.406876
0.997371
0.056597
0.396226
0.323703
0.046810
0.355283
0.415040
0.670176
0.055819
0.072411
0.045522
0.177223
0.123289
0.687974
0.998628
0.689231
0.429731
0.358222
0.367927
0.367924
0.057443
0.687188
0.378855
0.689186
0.379053
0.373099
0.685106
0.370745
0.685488
0.998628
0.060300
0.055143
0.372402
0.373008
0.685771
0.060047
0.058132
0.371089
0.370062
0.683494
0.998628
0.683494
0.051562
0.367817
0.683422
0.054292
0.055775
0.056587
0.351496
0.680055
0.040028
0.685354
0.684909
0.063206
0.683407
0.685771
0.043577
0.027655
0.356166
0.678267
0.361587
0.051279
0.053873
0.684038
0.370973
0.059690
0.060978
0.063828
0.069159
0.062593
0.685922
0.374082
0.068959
0.073633
0.379030
0.377354
0.360151
0.669352
0.008986
0.409117
0.039289
0.346833
0.000449
0.360295
0.381037
0.033573
0.348630
0.334572
0.078436
0.385929
0.691126
0.385073
0.088813
0.073381
0.065228
0.694231
0.370024
0.047625
0.368074
0.684119
0.682843
0.057052
0.057196
0.682071
0.043731
0.061602
0.059710
0.685219
0.373463
0.372456
0.367206
0.361083
0.352164
0.695410
0.374552
0.118489
0.390014
0.423408
0.703359
0.725541
0.605173
0.683311
0.682998
0.682913
0.056067
0.369713
0.061654
0.685684
0.374036
0.375173
0.373692
0.059733
0.057373
0.685003
0.372815
0.059519
0.997371
0.370992
0.369881
0.683265
0.050913
0.681621
0.680826
0.680118
0.044263
0.680089
0.044448
0.680138
0.680388
0.363499
0.364391
0.681181
0.366932
0.054480
0.054677
0.997371
0.049463
0.997371
0.361572
0.997371
0.047322
0.049903
0.679577
0.997371
0.361414
0.358598
0.034978
0.356883
0.677780
0.357788
0.041518
0.363427
0.680724
0.047654
0.680960
0.364805
0.681253
0.050245
0.051705
0.054571
0.060412
0.685722
0.062811
0.371993
0.689330
0.062761
0.377504
0.367161
0.370957
0.354624
0.351204
0.058903
0.680507
0.364359
0.359952
0.055740
0.069215
0.378291
0.359443
0.618498
0.162979
0.126145
0.392884
0.088100
0.062671
0.391553
0.369536
0.077442
0.050049
0.688250
0.693434
0.999355
0.394337
0.082624
0.076956
0.066853
0.999355
0.114948
0.695177
0.088469
0.143719
0.608641
0.136282
0.999355
0.731123
0.051059
0.377539
0.388410
0.358368
0.064875
0.106371
0.671939
0.002324
0.997371
0.384968
0.074774
0.074723
0.104016
0.131249
0.114102
0.394648
0.691170
0.997371
0.377525
0.351438
0.006432
0.997371
0.687831
0.682572
0.062587
0.074434
0.363981
0.126139
0.408252
0.390350
0.406546
0.104278
0.384958
0.014645
0.345761
0.360335
0.042388
0.021202
0.380762
0.380051
0.997371
0.039206
0.695481
0.997371
0.092079
0.004044
0.113598
0.359637
0.683278
0.369013
0.371504
0.375330
0.374294
0.998628
0.070468
0.378815
0.374241
0.371803
0.371417
0.058864
0.065855
0.689479
0.063586
0.373235
0.371397
0.684277
0.059441
0.371905
0.371377
0.998628
0.056255
0.055164
0.368553
0.367874
0.053330
0.369435
0.056380
0.684673
0.685088
0.293143
0.665132
0.295576
0.686165
0.065366
0.378172
0.064963
0.682072
0.685083
0.037084
0.675366
0.360713
0.051317
0.997589
0.055621
0.684149
0.370639
0.684413
0.684418
0.063226
0.063824
0.997774
0.061716
0.686124
0.071944
0.380712
0.067665
0.115725
0.316803
0.417941
0.056425
0.071433
0.997774
0.033845
0.687143
0.997774
0.364807
0.363961
0.014387
0.114493
0.052545
0.088393
0.692230
0.083586
0.398319
0.997774
0.394733
0.997774
0.373174
0.374406
0.054487
0.370779
0.684119
0.062019
0.997774
0.372525
0.681053
0.672764
0.066493
0.062604
0.685057
0.053403
0.035858
0.044988
0.045758
0.054641
0.060001
0.371732
0.078634
0.690107
0.124764
0.291142
0.369086
0.052604
0.367642
0.367975
0.683406
0.068274
0.380145
0.071981
0.075487
0.382881
0.066416
0.997371
0.044290
0.056861
0.063753
0.059824
0.371877
0.057384
0.369803
0.052856
0.682270
0.364801
0.045278
0.043355
0.042069
0.041793
0.042686
0.044235
0.680138
0.363115
0.048295
0.050599
0.367346
0.055163
0.684056
0.055522
0.044013
0.358285
0.679156
0.041260
0.997371
0.048204
0.362718
0.679577
0.359666
0.356410
0.354053
0.032349
0.676601
0.356059
0.357912
0.044212
0.364556
0.364935
0.680958
0.049204
0.366100
0.997371
0.368994
0.682925
0.061665
0.068145
0.380515
0.065574
0.376117
0.997371
0.077996
0.375143
0.371564
0.072692
0.071279
0.390502
0.055450
0.033081
0.020567
0.042481
0.369135
0.058942
0.373841
0.106108
0.043776
0.368263
0.393608
0.675499
0.692275
0.387871
0.395717
0.381895
0.999355
0.034724
0.376888
0.385378
0.388003
0.077629
0.693099
0.087211
0.683911
0.192577
0.018114
0.410143
0.293354
0.128388
0.028823
0.089475
0.044460
0.999355
0.074478
0.388070
0.420685
0.076455
0.999355
0.118080
0.049107
0.691759
0.073845
0.379879
0.102187
0.708005
0.997371
0.708005
0.138872
0.396244
0.691170
0.368627
0.317624
0.086381
0.687831
0.368272
0.364052
0.997371
0.378807
0.065622
0.689530
0.375106
0.072764
0.064210
0.374828
0.384083
0.359683
0.676567
0.051369
0.363321
0.362570
0.068717
0.073515
0.030368
0.368196
0.111838
0.009153
0.089203
0.998628
0.674220
0.050845
0.052682
0.366702
0.375690
0.385211
0.096206
0.128085
0.088160
0.077159
0.061472
0.066744
0.037646
0.375695
0.384045
0.998628
0.065828
0.684254
0.367957
0.682867
0.056146
0.371030
0.371102
0.370911
0.056990
0.684487
0.055257
0.054468
0.055314
0.369130
0.998628
0.056264
0.998628
0.057367
0.293632
0.684730
0.063805
0.997371
0.071121
0.379012
0.066738
0.371641
0.051487
0.679108
0.367600
0.056550
0.057116
0.057305
0.684290
0.370878
0.370550
0.371637
0.062382
0.686575
0.685941
0.060412
0.068833
0.072246
0.371978
0.431424
0.317024
0.075221
0.045468
0.997774
0.348674
0.369903
0.391820
0.086739
0.386270
0.075004
0.058330
0.997774
0.375922
0.673771
0.064843
0.693378
0.395522
0.096394
0.343196
0.078087
0.089198
0.397707
0.384419
0.055355
0.372013
0.377253
0.079064
0.062994
0.380959
0.351590
0.008319
0.997774
0.376283
0.059708
0.998945
0.432660
0.671755
0.687287
0.671893
0.682306
0.060885
0.037460
0.695316
0.369490
0.369378
0.368695
0.682753
0.366822
0.367497
0.371259
0.688766
0.388094
0.997774
0.691933
0.058914
0.084316
0.094770
0.354769
0.670212
0.683053
0.687450
0.058189
0.997371
0.054132
0.997371
0.365962
0.046184
0.997371
0.679467
0.678918
0.678623
0.042123
0.997371
0.044978
0.364486
0.997371
0.681379
0.367813
0.056195
0.997371
0.684056
0.042443
0.351814
0.676459
0.035674
0.679796
0.048693
0.362972
0.679199
0.359692
0.356301
0.353907
0.032906
0.676168
0.356470
0.358717
0.046244
0.365786
0.051687
0.051812
0.052234
0.053598
0.056087
0.997371
0.370992
0.685187
0.686824
0.382147
0.082409
0.060416
0.688579
0.381672
0.393290
0.080871
0.690832
0.695163
0.386627
0.681017
0.997371
0.029650
0.681650
0.683161
0.682898
0.058688
0.076968
0.997371
0.075272
0.059923
0.070343
0.359980
0.704671
0.408170
0.694406
0.676711
0.024135
0.065096
0.066420
0.689196
0.077806
0.388315
0.690719
0.394305
0.013281
0.363547
0.295936
0.415248
0.615031
0.115496
0.598705
0.419122
0.403688
0.146249
0.748229
0.071904
0.296648
0.494901
0.298671
0.092037
0.684123
0.401387
0.109250
0.113235
0.700401
0.429699
0.148296
0.412190
0.387059
0.691604
0.373165
0.373276
0.052063
0.683071
0.365565
0.040803
0.068258
0.688463
0.380997
0.382637
0.084089
0.997371
0.077823
0.681107
0.037352
0.997371
0.359863
0.361402
0.054085
0.031460
0.361897
0.660221
0.365083
0.044564
0.365232
0.440702
0.314693
0.048367
0.051460
0.368150
0.357217
0.055145
0.689207
0.393296
0.410071
0.141137
0.693029
0.689491
0.072251
0.343462
0.363380
0.387758
0.386865
0.067182
0.371735
0.054612
0.365720
0.367520
0.368951
0.370097
0.998628
0.684690
0.055792
0.684170
0.684487
0.369681
0.057378
0.058250
0.683714
0.058198
0.057679
0.371318
0.371837
0.685162
0.062930
0.687536
0.068984
0.997371
0.376735
0.374589
0.059806
0.683340
0.058737
0.371293
0.997371
0.371318
0.057452
0.685090
0.370752
0.061516
0.374563
0.686508
0.375264
0.063796
0.375014
0.685704
0.997774
0.370579
0.364917
0.054620
0.682188
0.114868
0.418262
0.313799
0.092425
0.378913
0.997840
0.696967
0.398866
0.064562
0.677506
0.357995
0.132620
0.023493
0.060209
0.350331
0.997774
0.379739
0.421895
0.391373
0.056909
0.682371
0.059444
0.383463
0.695314
0.997774
0.695314
0.327606
0.127582
0.688088
0.377600
0.066545
0.365060
0.383770
0.111262
0.019141
0.065004
0.368887
0.680937
0.052559
0.053768
0.054280
0.053321
0.682753
0.366392
0.048390
0.051839
0.064269
0.086422
0.691658
0.082660
0.387148
0.011197
0.675010
0.676278
0.997774
0.361557
0.367338
0.379027
0.371824
0.370753
0.369241
0.367351
0.048390
0.045726
0.043900
0.042535
0.041857
0.359905
0.042221
0.679330
0.045084
0.364707
0.681379
0.366461
0.054768
0.057329
0.371201
0.684002
0.056713
0.674112
0.044337
0.045705
0.365984
0.367926
0.681567
0.364255
0.043104
0.357532
0.355968
0.036651
0.676862
0.042294
0.679226
0.049957
0.053682
0.369207
0.683232
0.684177
0.057793
0.997371
0.371213
0.373112
0.066917
0.689124
0.383073
0.080529
0.381296
0.375102
0.381175
0.074238
0.109207
0.093786
0.080990
0.384457
0.063065
0.365997
0.032990
0.032721
0.367539
0.058405
0.364452
0.366834
0.397617
0.681564
0.997371
0.090166
0.067921
0.078654
0.080003
0.062230
0.081128
0.392529
0.401198
0.689196
0.682398
0.074410
0.691258
0.377809
0.390486
0.297655
0.385341
0.047052
0.301216
0.669082
0.304416
0.046302
0.701856
0.999355
0.126910
0.417662
0.691073
0.747939
0.999355
0.150719
0.098069
0.402896
0.405241
0.082236
0.167644
0.146723
0.084862
0.745869
0.405004
0.071153
0.076743
0.672416
0.372989
0.387588
0.381386
0.341239
0.682667
0.688463
0.689742
0.997371
0.082577
0.394617
0.391958
0.073603
0.682919
0.029539
0.041201
0.679798
0.359841
0.048097
0.997371
0.342131
0.997371
0.343091
0.044779
0.375238
0.427541
0.120259
0.383820
0.371207
0.047228
0.735321
0.364795
0.680273
0.403184
0.999470
0.406033
0.397548
0.686861
0.052640
0.362937
0.381910
0.090684
0.688601
0.380704
0.369084
0.687435
0.050393
0.683118
0.368746
0.998628
0.055519
0.055677
0.684170
0.998628
0.369920
0.683269
0.683931
0.058373
0.058694
0.370527
0.370017
0.684142
0.056568
0.371765
0.685528
0.373786
0.065129
0.376735
0.997371
0.375119
0.061531
0.684808
0.059714
0.371627
0.371318
0.997371
0.058466
0.997774
0.061111
0.685807
0.063313
0.373684
0.059516
0.060151
0.686413
0.061460
0.058195
0.997774
0.682543
0.048500
0.997774
0.044898
0.068945
0.054846
0.997774
0.385541
0.696967
0.096733
0.683629
0.997840
0.043953
0.110081
0.997774
0.746885
0.049565
0.196415
0.379739
0.683403
0.433770
0.435869
0.040251
0.680589
0.058443
0.101148
0.694925
0.399629
0.396628
0.419079
0.290162
0.067876
0.375725
0.053001
0.375025
0.998945
0.694037
0.354816
0.369208
0.047992
0.049967
0.682091
0.682492
0.682804
0.052607
0.367122
0.048263
0.997774
0.365535
0.371358
0.084177
0.081045
0.997774
0.004669
0.655091
0.396674
0.359464
0.676278
0.060860
0.394344
0.388442
0.371877
0.370644
0.052845
0.364737
0.680152
0.362373
0.997371
0.361351
0.361410
0.360500
0.360815
0.361579
0.046136
0.365369
0.050924
0.682498
0.369652
0.057963
0.059015
0.371360
0.684351
0.055462
0.363993
0.997371
0.368271
0.052303
0.365311
0.362630
0.997371
0.359969
0.358773
0.041576
0.678379
0.047303
0.366777
0.055556
0.683585
0.683744
0.369799
0.997371
0.684177
0.371932
0.063709
0.686112
0.376933
0.070813
0.072005
0.075602
0.072545
0.372754
0.069238
0.685935
0.059258
0.689918
0.376247
0.376247
0.370682
0.997371
0.042541
0.359318
0.046096
0.066577
0.682422
0.678609
0.053450
0.056870
0.074697
0.403079
0.689670
0.051369
0.692280
0.048397
0.492712
0.409511
0.999355
0.084241
0.690773
0.379118
0.373943
0.689254
0.061903
0.412674
0.243937
0.079976
0.054139
0.685081
0.345323
0.005016
0.064753
0.082644
0.406221
0.350611
0.727838
0.059005
0.129227
0.388159
0.095523
0.697246
0.104522
0.997371
0.100157
0.997371
0.703644
0.379405
0.066360
0.997371
0.374457
0.383666
0.371405
0.332604
0.066887
0.285851
0.366612
0.376716
0.381587
0.384903
0.389063
0.695073
0.997371
0.075306
0.997371
0.362243
0.039092
0.681471
0.680472
0.047542
0.046174
0.281059
0.660221
0.034956
0.644965
0.115251
0.125554
0.698274
0.686885
0.682691
0.088893
0.688131
0.999470
0.061966
0.103576
0.395621
0.398089
0.379445
0.999470
0.374295
0.375025
0.068529
0.688601
0.998628
0.062638
0.687435
0.998628
0.058996
0.052309
0.684187
0.369456
0.684906
0.052990
0.683830
0.049163
0.053830
0.055253
0.056024
0.683863
0.371399
0.055805
0.052706
0.683302
0.053719
0.369867
0.684470
0.371437
0.061253
0.686682
0.374479
0.374304
0.060731
0.685004
0.056513
0.055911
0.370953
0.684283
0.060256
0.062635
0.374425
0.060509
0.058196
0.371843
0.997667
0.057162
0.060472
0.372292
0.370498
0.052206
0.049857
0.365248
0.044681
0.050163
0.374140
0.694653
0.687740
0.376664
0.392434
0.419462
0.385283
0.366834
0.046655
0.345559
0.090795
0.275035
0.299371
0.068602
0.207462
0.696725
0.997774
0.075216
0.316897
0.086193
0.021797
0.997774
0.408209
0.417225
0.387329
0.282153
0.302102
0.366126
0.373637
0.061325
0.352761
0.694037
0.349254
0.679726
0.682012
0.362449
0.363989
0.049533
0.367075
0.052006
0.681920
0.049280
0.363876
0.363511
0.680223
0.373526
0.997774
0.071204
0.691544
0.063946
0.320157
0.362537
0.445876
0.374773
0.702752
0.400192
0.063964
0.058622
0.056190
0.051985
0.047352
0.997371
0.044394
0.679336
0.679302
0.679387
0.045011
0.046315
0.047074
0.365042
0.997371
0.366664
0.054980
0.997371
0.684113
0.372048
0.058469
0.684215
0.055797
0.368018
0.368012
0.051898
0.366642
0.681741
0.048600
0.046108
0.678967
0.045899
0.046855
0.053817
0.056651
0.369422
0.684382
0.370360
0.058080
0.058812
0.372583
0.684839
0.374203
0.067941
0.687359
0.070788
0.071873
0.688670
0.380628
0.080183
0.377872
0.685935
0.997371
0.055872
0.066684
0.373721
0.685701
0.372662
0.051359
0.362497
0.681570
0.052328
0.374894
0.369483
0.051151
0.363617
0.686867
0.695764
0.368722
0.365828
0.692280
0.680328
0.132060
0.295554
0.159330
0.037895
0.026275
0.055628
0.377874
0.999355
0.689286
0.380192
0.021174
0.676063
0.017172
0.999355
0.435454
0.288103
0.357619
0.323927
0.391718
0.383144
0.082884
0.072754
0.388231
0.074274
0.690187
0.084456
0.689199
0.087453
0.086994
0.377879
0.703644
0.063703
0.045273
0.051704
0.692667
0.386145
0.383874
0.328938
0.099316
0.997371
0.348498
0.374851
0.372770
0.069827
0.075130
0.694453
0.089393
0.389758
0.997371
0.067424
0.368271
0.039193
0.044924
0.363933
0.363526
0.366460
0.382040
0.287019
0.058720
0.696808
0.053713
0.376687
0.115696
0.081612
0.062582
0.294135
0.134327
0.041504
0.042083
0.368262
0.098685
0.060587
0.060178
0.375706
0.070010
0.395481
0.441979
0.093623
0.005239
0.673836
0.003695
0.091445
0.399621
0.381380
0.060386
0.064687
0.998628
0.048865
0.682049
0.678901
0.678944
0.682723
0.682779
0.369636
0.054450
0.367574
0.997371
0.366581
0.050498
0.367927
0.683465
0.055851
0.685132
0.058563
0.372268
0.685535
0.057841
0.684035
0.683637
0.368486
0.055225
0.684021
0.059964
0.686519
0.063554
0.682882
0.997667
0.053626
0.369537
0.684362
0.684569
0.997667
0.684569
0.369862
0.054818
0.366024
0.367227
0.371650
0.997774
0.068757
0.694653
0.389248
0.054650
0.376052
0.369192
0.058495
0.997774
0.057452
0.009311
0.043776
0.036482
0.081644
0.111089
0.072267
0.093514
0.360816
0.174112
0.997774
0.459128
0.125664
0.718278
0.142491
0.366079
0.610342
0.370514
0.354026
0.368042
0.042427
0.674647
0.353366
0.038830
0.044533
0.363620
0.681716
0.682138
0.998945
0.049431
0.051061
0.997774
0.681920
0.363365
0.041312
0.049191
0.686027
0.375341
0.381625
0.375170
0.070862
0.074551
0.105886
0.010866
0.379735
0.090721
0.045144
0.059675
0.684796
0.684094
0.051079
0.679831
0.680152
0.361911
0.043438
0.679387
0.361941
0.680183
0.680825
0.050395
0.051880
0.682085
0.368373
0.369653
0.057898
0.058643
0.058287
0.057264
0.369176
0.052688
0.997371
0.367168
0.366508
0.050228
0.365233
0.997371
0.364026
0.363447
0.680877
0.053076
0.378172
0.997371
0.061645
0.063597
0.061203
0.684919
0.685387
0.684892
0.373794
0.067715
0.380493
0.071251
0.997371
0.380110
0.997371
0.688670
0.075744
0.382690
0.383672
0.374314
0.683233
0.060919
0.374007
0.062342
0.373915
0.369287
0.681570
0.997371
0.681570
0.068926
0.059026
0.673240
0.359473
0.053792
0.059679
0.391104
0.352502
0.032280
0.999355
0.680328
0.370190
0.044738
0.999355
0.068114
0.376981
0.999355
0.066664
0.066560
0.687413
0.690293
0.388018
0.081494
0.388618
0.384156
0.397222
0.283723
0.077902
0.999355
0.397656
0.098498
0.699380
0.396836
0.044224
0.383703
0.380220
0.687588
0.377863
0.081597
0.997371
0.377879
0.684216
0.676951
0.047007
0.690071
0.083446
0.388985
0.383626
0.039010
0.661156
0.367864
0.052111
0.079589
0.384483
0.388574
0.997371
0.101943
0.100076
0.079775
0.688537
0.372876
0.364877
0.045127
0.364005
0.363528
0.311901
0.367009
0.409843
0.404215
0.704854
0.024162
0.359232
0.319619
0.365246
0.069058
0.998628
0.697171
0.738130
0.675598
0.364879
0.369334
0.372569
0.296572
0.055890
0.624896
0.428653
0.136361
0.400780
0.390508
0.325220
0.109328
0.998628
0.123077
0.388296
0.386824
0.998628
0.379128
0.047871
0.677645
0.356170
0.043435
0.682779
0.367750
0.367948
0.051165
0.365440
0.681647
0.364585
0.047849
0.366059
0.367236
0.683217
0.052117
0.052479
0.053855
0.684025
0.368697
0.058431
0.369952
0.368087
0.056656
0.684222
0.064966
0.378000
0.687027
0.061319
0.683178
0.049308
0.367345
0.683475
0.055466
0.055354
0.369862
0.367284
0.367950
0.370532
0.375368
0.382166
0.683706
0.375637
0.386006
0.085977
0.389811
0.075260
0.082558
0.092635
0.091625
0.094442
0.997774
0.080096
0.679404
0.997774
0.056668
0.040333
0.376538
0.130467
0.373859
0.421230
0.322100
0.722092
0.727668
0.135674
0.359751
0.681729
0.344219
0.414919
0.030990
0.679818
0.028894
0.352609
0.998945
0.678078
0.360295
0.362543
0.363249
0.364029
0.365552
0.366340
0.366452
0.365414
0.041817
0.997774
0.360640
0.364382
0.057255
0.378010
0.374000
0.370734
0.046401
0.997371
0.672849
0.087033
0.997371
0.375405
0.997371
0.058453
0.369647
0.051371
0.046972
0.679831
0.361407
0.043404
0.679642
0.362707
0.364105
0.050918
0.997371
0.368027
0.055820
0.370069
0.058013
0.997371
0.684442
0.684229
0.054939
0.367724
0.997371
0.366647
0.365628
0.364824
0.048640
0.364695
0.680973
0.364041
0.364103
0.365629
0.061122
0.997371
0.070552
0.377270
0.378093
0.686548
0.062063
0.373135
0.685387
0.064909
0.068825
0.070485
0.688099
0.068654
0.068530
0.688670
0.072148
0.068532
0.059139
0.068612
0.065902
0.376565
0.061555
0.997371
0.065567
0.685360
0.371671
0.058146
0.060979
0.070953
0.347267
0.042755
0.997371
0.673240
0.055103
0.693808
0.693116
0.376584
0.999355
0.037784
0.045268
0.357542
0.049009
0.382744
0.688393
0.999355
0.065771
0.999355
0.375364
0.377536
0.071505
0.071299
0.385810
0.419977
0.702532
0.314988
0.344113
0.082583
0.091422
0.390814
0.697360
0.390332
0.084951
0.382241
0.379191
0.687588
0.999355
0.687588
0.369260
0.076898
0.057843
0.042843
0.044385
0.056805
0.066644
0.691347
0.083473
0.115129
0.349427
0.348108
0.367137
0.364829
0.693560
0.385361
0.997371
0.388574
0.105630
0.695270
0.688537
0.997371
0.074770
0.694000
0.049553
0.680669
0.616471
0.730547
0.099763
0.405923
0.699359
0.115457
0.997371
0.390566
0.023863
0.370785
0.372033
0.069089
0.105753
0.044108
0.363623
0.998628
0.057383
0.288394
0.363198
0.286891
0.406596
0.060282
0.391620
0.998628
0.410734
0.998628
0.152669
0.122597
0.697667
0.692603
0.703681
0.375494
0.024311
0.073589
0.276463
0.049281
0.036552
0.051740
0.051044
0.050831
0.365758
0.047462
0.680719
0.363194
0.046456
0.364894
0.681656
0.049542
0.680874
0.997371
0.365454
0.365340
0.055521
0.997371
0.372477
0.371920
0.070800
0.381802
0.072885
0.386885
0.381605
0.373430
0.682683
0.051507
0.367349
0.682956
0.054517
0.682188
0.368056
0.682315
0.369254
0.375135
0.689511
0.081523
0.687740
0.387913
0.098833
0.701243
0.696956
0.692968
0.390912
0.380630
0.392245
0.691553
0.390528
0.380168
0.376675
0.679404
0.380622
0.997774
0.084767
0.434167
0.408449
0.116121
0.371830
0.113747
0.027604
0.360770
0.287231
0.661166
0.282182
0.386531
0.412906
0.350830
0.350405
0.028779
0.676907
0.359547
0.044658
0.680478
0.363250
0.364040
0.365067
0.366305
0.367447
0.367136
0.362161
0.357548
0.032668
0.361761
0.357976
0.062623
0.374350
0.374167
0.433265
0.041431
0.059461
0.068928
0.688342
0.348656
0.058132
0.370840
0.053236
0.997371
0.047515
0.044919
0.043541
0.043689
0.361971
0.363419
0.365062
0.052260
0.682721
0.055806
0.997371
0.370917
0.058750
0.684442
0.371198
0.055287
0.368287
0.050832
0.365101
0.681270
0.044452
0.361549
0.044867
0.363577
0.680665
0.046279
0.048787
0.060913
0.075666
0.081208
0.080095
0.073555
0.686548
0.997371
0.062640
0.371792
0.062073
0.376197
0.687688
0.997371
0.068225
0.686593
0.997371
0.067074
0.378374
0.686248
0.061520
0.389695
0.997371
0.060951
0.064381
0.686175
0.377917
0.066162
0.379301
0.382081
0.997371
0.049441
0.448687
0.364431
0.040657
0.364721
0.376994
0.999355
0.094238
0.705916
0.063232
0.999355
0.675578
0.345565
0.058684
0.069428
0.379078
0.688393
0.068157
0.688145
0.686152
0.059362
0.063134
0.999355
0.135638
0.423167
0.686678
0.392257
0.390505
0.374855
0.697519
0.693121
0.085669
0.999355
0.080996
0.381438
0.688818
0.065723
0.060566
0.054855
0.053954
0.685616
0.054782
0.683604
0.058576
0.997371
0.386457
0.081845
0.997371
0.032102
0.153150
0.015890
0.057307
0.049687
0.090924
0.997371
0.385361
0.386746
0.110024
0.080560
0.084602
0.094285
0.404118
0.997371
0.080069
0.035329
0.122572
0.024144
0.383136
0.997371
0.698516
0.122787
0.098996
0.379129
0.379021
0.378405
0.685215
0.997371
0.058243
0.368310
0.054177
0.055106
0.366873
0.378805
0.998628
0.036158
0.150116
0.695279
0.089874
0.087587
0.384417
0.395379
0.133139
0.391330
0.097865
0.085012
0.069724
0.998628
0.681273
0.623214
0.043731
0.997371
0.048223
0.681500
0.052036
0.997371
0.365387
0.364090
0.363392
0.047237
0.047068
0.364900
0.365717
0.365289
0.364787
0.364093
0.047187
0.362716
0.058915
0.365244
0.078692
0.078752
0.997371
0.382606
0.073791
0.390500
0.390262
0.071824
0.064584
0.061389
0.370786
0.369860
0.056179
0.051711
0.050501
0.367290
0.685486
0.689511
0.997774
0.089618
0.694298
0.104309
0.997774
0.092749
0.387124
0.390912
0.679428
0.997774
0.044761
0.007436
0.062561
0.997774
0.380168
0.377575
0.377627
0.393807
0.078625
0.997774
0.081322
0.382133
0.428377
0.380205
0.688013
0.081765
0.067443
0.604628
0.370610
0.676829
0.085148
0.013216
0.669999
0.340122
0.042171
0.679815
0.361812
0.362151
0.045199
0.046498
0.048595
0.052665
0.057598
0.365297
0.678205
0.035410
0.353518
0.997371
0.676676
0.368104
0.068741
0.106072
0.997371
0.125958
0.361144
0.280709
0.034459
0.371381
0.684187
0.370202
0.052662
0.364627
0.997371
0.680561
0.045577
0.997371
0.362878
0.364226
0.365513
0.366696
0.053939
0.370455
0.684061
0.057933
0.058564
0.057787
0.055637
0.997371
0.052780
0.049694
0.365273
0.680587
0.681282
0.359137
0.036642
0.043691
0.679993
0.679326
0.680431
0.063014
0.690714
0.997371
0.074695
0.686395
0.376732
0.686548
0.059904
0.997371
0.059728
0.375613
0.377331
0.687688
0.065839
0.686821
0.063062
0.063705
0.376106
0.687494
0.079979
0.358401
0.051199
0.369822
0.686969
0.687040
0.686969
0.070965
0.997371
0.387808
0.080273
0.997371
0.081993
0.438696
0.381189
0.054985
0.064771
0.389251
0.393032
0.402849
0.351231
0.034861
0.345565
0.368028
0.683864
0.057543
0.065019
0.374690
0.370807
0.365434
0.053328
0.375136
0.690635
0.690434
0.366570
0.009576
0.436983
0.626722
0.369761
0.118831
0.074202
0.061389
0.074117
0.080094
0.380204
0.688249
0.064884
0.371644
0.999355
0.371096
0.058102
0.686084
0.056114
0.683216
0.683604
0.068125
0.691530
0.384250
0.011444
0.124355
0.710507
0.425511
0.682389
0.997371
0.082876
0.691239
0.379315
0.005662
0.091953
0.997371
0.372455
0.080000
0.997371
0.112944
0.097914
0.422259
0.401724
0.364680
0.314573
0.087350
0.400460
0.117238
0.405595
0.396127
0.390114
0.383300
0.075013
0.065777
0.378959
0.684534
0.373094
0.370416
0.368806
0.433077
0.409490
0.234893
0.715506
0.128720
0.378106
0.381456
0.387858
0.382219
0.688209
0.690696
0.998628
0.070892
0.998628
0.079217
0.327054
0.371689
0.080043
0.682307
0.064815
0.682993
0.681678
0.052965
0.366200
0.365153
0.048718
0.997371
0.050030
0.365812
0.997371
0.050824
0.049799
0.050152
0.370930
0.057597
0.046895
0.997371
0.070161
0.997371
0.077641
0.068380
0.065496
0.384914
0.078170
0.688907
0.997667
0.688907
0.068474
0.374068
0.997667
0.370691
0.682146
0.367378
0.682945
0.371293
0.075092
0.693061
0.096686
0.108104
0.699966
0.396182
0.389758
0.072115
0.694741
0.368677
0.686075
0.672438
0.379873
0.098431
0.378320
0.078114
0.315207
0.054957
0.073610
0.383330
0.081060
0.699885
0.082782
0.073281
0.386627
0.997774
0.090163
0.385845
0.676829
0.401766
0.065783
0.288042
0.660347
0.287384
0.043494
0.679681
0.361594
0.044336
0.997774
0.363183
0.680740
0.681606
0.063075
0.068145
0.069565
0.050868
0.353984
0.676676
0.357520
0.679127
0.048046
0.997371
0.170359
0.362638
0.684638
0.366603
0.369134
0.370577
0.370354
0.055393
0.368339
0.049876
0.680561
0.046228
0.997371
0.363018
0.363766
0.364596
0.365112
0.365908
0.052900
0.055910
0.057091
0.997371
0.684081
0.370653
0.056349
0.055492
0.683071
0.050137
0.054776
0.681282
0.365151
0.035856
0.358004
0.997371
0.361138
0.361749
0.364809
0.061210
0.069217
0.690714
0.068661
0.373816
0.373202
0.052610
0.053782
0.371102
0.058328
0.070942
0.078099
0.061973
0.056341
0.059031
0.061650
0.686982
0.066673
0.687399
0.367098
0.676244
0.681528
0.685644
0.374782
0.376148
0.378136
0.380338
0.083590
0.997371
0.088161
0.078237
0.104828
0.069341
0.396774
0.684241
0.682658
0.058095
0.374478
0.687527
0.056252
0.999355
0.042447
0.683864
0.999355
0.683864
0.051771
0.045000
0.040218
0.681297
0.366147
0.064302
0.067373
0.366570
0.688854
0.171639
0.358443
0.424940
0.699119
0.357224
0.044619
0.088468
0.073926
0.378873
0.378331
0.062266
0.999355
0.058881
0.684626
0.685086
0.368619
0.368490
0.052898
0.997371
0.371536
0.686463
0.080198
0.095268
0.060278
0.670562
0.043399
0.096762
0.057788
0.682389
0.997371
0.370026
0.377171
0.057191
0.997371
0.047983
0.061971
0.413751
0.115107
0.997371
0.324115
0.124411
0.384828
0.316823
0.997371
0.320044
0.997371
0.104254
0.406262
0.400184
0.393048
0.395633
0.380263
0.682734
0.380467
0.057809
0.058263
0.998628
0.685237
0.685370
0.689495
0.429628
0.998628
0.091155
0.687109
0.998628
0.072697
0.382995
0.688059
0.062760
0.376416
0.998628
0.082292
0.998628
0.404786
0.084403
0.714728
0.094036
0.682815
0.997549
0.054992
0.683570
0.055424
0.054373
0.052321
0.681684
0.054125
0.367307
0.367001
0.997371
0.682514
0.682640
0.684120
0.687662
0.087150
0.365499
0.025269
0.382912
0.997371
0.686909
0.055993
0.061162
0.073291
0.072717
0.381004
0.381835
0.689686
0.073516
0.686282
0.060205
0.367848
0.369051
0.683475
0.063891
0.074148
0.997774
0.693061
0.097905
0.078523
0.058998
0.071059
0.057063
0.687023
0.371501
0.359661
0.116131
0.417761
0.397538
0.389719
0.612691
0.668599
0.997774
0.046305
0.070513
0.691857
0.086597
0.997774
0.392406
0.091510
0.692181
0.390467
0.401805
0.095304
0.698417
0.106644
0.385164
0.291531
0.057792
0.679618
0.361580
0.361567
0.044222
0.363183
0.997774
0.364512
0.366591
0.681969
0.071275
0.997371
0.085503
0.680046
0.048726
0.679127
0.055445
0.693793
0.421652
0.997371
0.462429
0.114202
0.682886
0.682463
0.370064
0.369741
0.683380
0.053660
0.051596
0.365191
0.047054
0.680279
0.046076
0.045945
0.044609
0.044835
0.047716
0.051700
0.997371
0.683132
0.370390
0.057206
0.684170
0.058112
0.997371
0.053508
0.997371
0.064016
0.368736
0.678765
0.352028
0.039716
0.679183
0.362830
0.362049
0.047958
0.373793
0.686773
0.689072
0.375909
0.059896
0.367361
0.997371
0.683242
0.053498
0.690653
0.695957
0.685251
0.681337
0.682522
0.997371
0.059101
0.066143
0.378718
0.069335
0.379678
0.042685
0.359548
0.368428
0.059778
0.060636
0.064681
0.073100
0.398660
0.095291
0.997371
0.370763
0.048226
0.386588
0.380522
0.073149
0.049492
0.362301
0.049613
0.045468
0.048717
0.046553
0.049856
0.051772
0.367562
0.367882
0.364307
0.999355
0.040760
0.999355
0.681297
0.686864
0.066709
0.071768
0.438643
0.435114
0.999355
0.142949
0.999355
0.390095
0.059665
0.999355
0.383759
0.999355
0.376149
0.371776
0.372700
0.371506
0.685086
0.058017
0.053134
0.680702
0.363085
0.048510
0.056876
0.067845
0.044703
0.997371
0.101296
0.997371
0.670562
0.684751
0.025270
0.678813
0.681242
0.070098
0.068183
0.084167
0.054120
0.383357
0.390171
0.388238
0.685341
0.085795
0.352728
0.011175
0.393557
0.698165
0.017654
0.080892
0.117033
0.128156
0.700373
0.997371
0.100693
0.380631
0.682734
0.997371
0.062029
0.365819
0.684103
0.052285
0.050637
0.053031
0.078832
0.111128
0.401815
0.685457
0.060022
0.059455
0.061919
0.066205
0.375934
0.368231
0.043832
0.684348
0.364679
0.063404
0.044928
0.202828
0.710721
0.122857
0.369176
0.682993
0.368836
0.053676
0.371896
0.997549
0.057415
0.370001
0.058463
0.054937
0.368736
0.682514
0.369014
0.069546
0.687662
0.098699
0.997371
0.083961
0.412932
0.082095
0.686909
0.369400
0.042950
0.685307
0.687277
0.071627
0.384337
0.386498
0.087523
0.084534
0.074214
0.063665
0.059279
0.371827
0.371961
0.375074
0.997774
0.382138
0.083857
0.997774
0.691816
0.366196
0.997774
0.363884
0.059813
0.069815
0.086521
0.386723
0.408013
0.330462
0.395584
0.388594
0.001392
0.052857
0.373479
0.371537
0.074885
0.405642
0.096846
0.385405
0.101049
0.696659
0.401030
0.100524
0.457600
0.411752
0.074559
0.025626
0.681160
0.047629
0.679724
0.361774
0.043979
0.362185
0.680238
0.363335
0.363565
0.365160
0.059373
0.997371
0.383077
0.083000
0.382791
0.354397
0.679357
0.048697
0.378825
0.379108
0.747065
0.178625
0.005569
0.059930
0.056130
0.055187
0.054995
0.054759
0.368847
0.368199
0.365932
0.048847
0.047677
0.363368
0.362196
0.361084
0.044016
0.997371
0.051568
0.369481
0.683680
0.056824
0.370672
0.997371
0.684170
0.059520
0.061204
0.057814
0.109151
0.006739
0.681623
0.367272
0.066151
0.681512
0.362265
0.363093
0.051285
0.369817
0.375325
0.375909
0.997371
0.048741
0.368624
0.427387
0.371112
0.369186
0.053515
0.690653
0.073473
0.364177
0.051095
0.055640
0.374353
0.376798
0.377928
0.997371
0.069471
0.377526
0.048931
0.053549
0.683778
0.685802
0.375894
0.997371
0.687431
0.689629
0.396340
0.382915
0.044162
0.387850
0.688004
0.054402
0.678826
0.997371
0.046253
0.682920
0.052470
0.681698
0.684405
0.054100
0.052563
0.366646
0.680426
0.358818
0.683138
0.681297
0.075402
0.693091
0.094189
0.690197
0.703394
0.706495
0.124960
0.082662
0.396752
0.387747
0.065043
0.388381
0.383471
0.689430
0.374605
0.370986
0.053505
0.053667
0.057617
0.054849
0.383275
0.363954
0.049056
0.997371
0.365534
0.041798
0.677981
0.026674
0.320565
0.102928
0.056512
0.057806
0.011638
0.050663
0.069452
0.369500
0.692044
0.683475
0.997371
0.009452
0.678685
0.694797
0.372049
0.999167
0.045484
0.385292
0.997371
0.396509
0.997371
0.383320
0.380164
0.109095
0.105592
0.400613
0.690251
0.674777
0.360605
0.042294
0.047170
0.361625
0.047563
0.680014
0.358333
0.998628
0.042669
0.362998
0.050322
0.052716
0.681805
0.052336
0.368174
0.369936
0.057062
0.047015
0.998628
0.358505
0.355735
0.357658
0.103170
0.696195
0.156678
0.362730
0.366410
0.374595
0.378896
0.683476
0.367984
0.372926
0.685601
0.372496
0.059725
0.681641
0.371909
0.683746
0.071002
0.388716
0.396664
0.125529
0.706516
0.410440
0.445437
0.071733
0.302328
0.343775
0.064191
0.372418
0.997667
0.080641
0.087783
0.089858
0.696124
0.693092
0.689504
0.690814
0.068780
0.061403
0.686055
0.056136
0.378102
0.691011
0.084130
0.373947
0.680594
0.356894
0.381747
0.376319
0.074542
0.997774
0.696570
0.067754
0.619881
0.093618
0.391130
0.386369
0.997774
0.692686
0.028831
0.364348
0.067626
0.098576
0.684524
0.997774
0.393224
0.100094
0.409164
0.410372
0.112144
0.997774
0.714083
0.106469
0.997774
0.045801
0.044642
0.679505
0.362228
0.045632
0.680026
0.046359
0.680562
0.364245
0.366834
0.061135
0.693255
0.081948
0.062246
0.691576
0.364820
0.091220
0.344762
0.401797
0.682687
0.410248
0.688696
0.997371
0.061635
0.997371
0.368733
0.368901
0.369061
0.368939
0.052390
0.050911
0.681974
0.681071
0.680374
0.362041
0.679103
0.362994
0.052051
0.683187
0.369741
0.057144
0.370689
0.684170
0.059424
0.997371
0.372798
0.124260
0.997371
0.144870
0.388651
0.044483
0.677937
0.360599
0.365288
0.367329
0.055925
0.054961
0.068743
0.378962
0.045576
0.681863
0.091390
0.699890
0.106496
0.673984
0.354082
0.097450
0.403694
0.058160
0.371811
0.685056
0.686447
0.687236
0.997371
0.377928
0.067299
0.373520
0.683492
0.682759
0.369618
0.372241
0.997371
0.375894
0.063242
0.061847
0.073740
0.364702
0.072298
0.383649
0.997371
0.043494
0.039362
0.045112
0.997371
0.366400
0.683265
0.367110
0.999355
0.054043
0.369569
0.052659
0.365242
0.362887
0.361986
0.683138
0.091850
0.095743
0.388041
0.385722
0.084480
0.380468
0.339594
0.696989
0.999355
0.061988
0.075786
0.412353
0.437601
0.388524
0.374976
0.370257
0.054602
0.372750
0.372459
0.403666
0.999355
0.698576
0.029077
0.043706
0.683909
0.677981
0.999355
0.359040
0.040647
0.999355
0.684472
0.373205
0.382812
0.688673
0.997371
0.056440
0.384985
0.054172
0.369194
0.017215
0.999167
0.061395
0.368831
0.043322
0.377075
0.692227
0.080312
0.089233
0.101953
0.385475
0.054499
0.997371
0.079461
0.084795
0.083001
0.061799
0.040419
0.366139
0.365219
0.682799
0.041745
0.039613
0.357023
0.036361
0.355724
0.359107
0.681599
0.681824
0.998646
0.681824
0.048405
0.998628
0.363246
0.677347
0.679173
0.353621
0.349642
0.351556
0.052122
0.997371
0.309427
0.039658
0.370497
0.997549
0.399605
0.104038
0.101639
0.374930
0.374101
0.059863
0.371783
0.367313
0.064037
0.386218
0.688699
0.094729
0.997371
0.433861
0.102542
0.675134
0.394770
0.070058
0.385205
0.312367
0.396299
0.074030
0.078020
0.690239
0.089263
0.397592
0.096940
0.393111
0.386239
0.997667
0.690814
0.373364
0.684434
0.040910
0.050364
0.689026
0.087975
0.696741
0.085479
0.389914
0.376502
0.375639
0.387388
0.696570
0.408048
0.412217
0.391800
0.094253
0.095494
0.089506
0.692579
0.387986
0.004569
0.335288
0.692451
0.997774
0.035585
0.056385
0.097166
0.997774
0.085097
0.381370
0.368367
0.080590
0.106464
0.363451
0.681160
0.045888
0.045629
0.679906
0.045976
0.363745
0.363638
0.046846
0.363464
0.362933
0.362118
0.036124
0.057817
0.077341
0.997371
0.373226
0.373373
0.366092
0.054113
0.346672
0.707693
0.427437
0.074330
0.377526
0.056321
0.053854
0.368595
0.997371
0.368770
0.369164
0.683213
0.682889
0.682492
0.364976
0.363518
0.680046
0.046021
0.681153
0.052931
0.683393
0.370095
0.056914
0.369883
0.370623
0.685127
0.059282
0.997371
0.684794
0.435463
0.384968
0.352153
0.357622
0.365011
0.043528
0.683479
0.041506
0.056746
0.693091
0.997371
0.066970
0.434879
0.669943
0.000207
0.687277
0.379021
0.040910
0.378864
0.378333
0.084745
0.685661
0.684690
0.059713
0.062630
0.376069
0.687236
0.067128
0.685897
0.371932
0.056346
0.683492
0.052096
0.368852
0.061874
0.370984
0.682717
0.682719
0.686990
0.692704
0.693016
0.997371
0.077374
0.061693
0.365415
0.683348
0.680395
0.057112
0.060794
0.058944
0.054064
0.684439
0.369355
0.683952
0.366281
0.681649
0.053975
0.683882
0.079501
0.699143
0.000274
0.058341
0.999355
0.325341
0.693793
0.401498
0.696989
0.095510
0.999355
0.407338
0.130484
0.420621
0.386471
0.370678
0.370163
0.058571
0.395605
0.676618
0.112244
0.149356
0.055036
0.341140
0.365921
0.368039
0.359040
0.678243
0.680414
0.050412
0.054654
0.999355
0.690850
0.067690
0.367394
0.050393
0.079542
0.999167
0.393814
0.067056
0.678685
0.083391
0.376961
0.384246
0.385445
0.692057
0.691706
0.080873
0.072157
0.688213
0.367452
0.051416
0.049268
0.373105
0.687984
0.998646
0.062431
0.374853
0.373225
0.369135
0.683971
0.043447
0.354491
0.349649
0.353697
0.358434
0.044160
0.046709
0.047319
0.364822
0.998646
0.046070
0.680540
0.040280
0.676091
0.352791
0.351519
0.353714
0.359883
0.066723
0.060679
0.366553
0.067320
0.399605
0.997549
0.707920
0.724418
0.122343
0.058449
0.053509
0.051229
0.366749
0.997371
0.379767
0.078766
0.396293
0.148801
0.038884
0.316040
0.997371
0.373711
0.000414
0.390703
0.125845
0.395937
0.367106
0.376100
0.997667
0.063313
0.697975
0.696695
0.093586
0.084489
0.075654
0.066103
0.078968
0.682688
0.039965
0.997667
0.063132
0.696480
0.103299
0.704728
0.403472
0.392130
0.066665
0.997774
0.387281
0.393423
0.079625
0.694043
0.089236
0.997667
0.392800
0.390255
0.693602
0.058668
0.325775
0.681078
0.110091
0.397197
0.997774
0.381346
0.378272
0.373384
0.367684
0.365426
0.047626
0.046752
0.046586
0.363373
0.046589
0.363288
0.363267
0.046930
0.997371
0.364327
0.047810
0.997371
0.362417
0.042193
0.034814
0.368965
0.997371
0.374518
0.064377
0.686003
0.366424
0.354535
0.035129
0.679727
0.362199
0.678628
0.061857
0.371327
0.683188
0.052555
0.054121
0.997371
0.683030
0.368811
0.368637
0.368018
0.052318
0.049180
0.363112
0.364130
0.365220
0.367074
0.368199
0.369352
0.054341
0.683439
0.051681
0.368739
0.053263
0.684794
0.370661
0.372064
0.048633
0.072697
0.362852
0.378498
0.360005
0.370957
0.059091
0.997371
0.117069
0.693091
0.155601
0.405278
0.390085
0.078681
0.997371
0.369697
0.061593
0.376477
0.369603
0.997371
0.063490
0.373634
0.685863
0.997371
0.064314
0.065693
0.065876
0.375356
0.684079
0.997371
0.054261
0.365616
0.682066
0.058013
0.380780
0.059312
0.682717
0.368183
0.375998
0.086319
0.386742
0.997371
0.380663
0.061559
0.059699
0.373698
0.066916
0.997371
0.373742
0.368906
0.999355
0.053803
0.053818
0.048983
0.365186
0.055650
0.073355
0.069126
0.000166
0.417543
0.052765
0.061669
0.066021
0.026578
0.089325
0.396811
0.699052
0.407338
0.696044
0.409177
0.135681
0.120740
0.686105
0.372292
0.078319
0.068007
0.707933
0.999355
0.117008
0.703302
0.071128
0.043740
0.050379
0.362373
0.999355
0.044184
0.999355
0.060186
0.067738
0.376641
0.685688
0.357764
0.357611
0.049441
0.700427
0.357845
0.706361
0.697574
0.109524
0.386286
0.692386
0.999167
0.381666
0.076637
0.077518
0.688213
0.998646
0.381568
0.372275
0.056242
0.377443
0.374280
0.062647
0.378012
0.380911
0.378123
0.682254
0.365730
0.045808
0.998646
0.033966
0.677345
0.679647
0.681055
0.681567
0.681921
0.047030
0.681317
0.363211
0.045390
0.360057
0.676837
0.358014
0.046176
0.680116
0.050213
0.431241
0.696474
0.431643
0.050431
0.415646
0.707920
0.148002
0.183430
0.061802
0.368069
0.682086
0.040464
0.359860
0.680652
0.053711
0.698815
0.381767
0.093083
0.691207
0.041753
0.369706
0.062669
0.406985
0.337381
0.696702
0.672497
0.367710
0.680622
0.690239
0.041570
0.391679
0.396812
0.694415
0.691336
0.685958
0.402109
0.997667
0.389507
0.054874
0.678949
0.363861
0.378359
0.387955
0.084335
0.390485
0.385172
0.378479
0.065887
0.379897
0.382805
0.081400
0.096635
0.074220
0.027446
0.377440
0.387191
0.381061
0.057580
0.362229
0.377484
0.062978
0.411188
0.123657
0.386490
0.376576
0.684899
0.050383
0.680815
0.997774
0.680412
0.680452
0.363617
0.363751
0.046900
0.047077
0.047783
0.680906
0.365092
0.049678
0.680458
0.043920
0.363524
0.367484
0.370009
0.062147
0.687806
0.381767
0.062697
0.362084
0.358231
0.034332
0.676928
0.353206
0.047062
0.997371
0.685273
0.369026
0.682353
0.367262
0.367713
0.368532
0.054773
0.369961
0.056056
0.368216
0.997371
0.365335
0.364878
0.364737
0.365334
0.366052
0.049192
0.047333
0.364506
0.362213
0.044505
0.678269
0.368100
0.683167
0.065140
0.436550
0.368914
0.101369
0.354580
0.378403
0.380077
0.100375
0.415232
0.074542
0.113665
0.304036
0.698897
0.997371
0.112503
0.408528
0.412629
0.011295
0.075413
0.374838
0.371031
0.371731
0.373248
0.374088
0.685863
0.064428
0.686730
0.686654
0.686719
0.063300
0.684079
0.061308
0.050976
0.050832
0.065493
0.380274
0.072373
0.056270
0.056489
0.059463
0.400041
0.074243
0.068715
0.687143
0.376889
0.688623
0.378223
0.380515
0.378396
0.064143
0.681936
0.682455
0.053350
0.364611
0.357268
0.023079
0.368769
0.387520
0.376212
0.437568
0.702432
0.132919
0.387021
0.695934
0.069501
0.073967
0.086040
0.073554
0.395741
0.679291
0.118598
0.704176
0.097492
0.999355
0.059142
0.999355
0.010732
0.676618
0.100590
0.090212
0.999355
0.387839
0.682920
0.686951
0.354167
0.352668
0.360650
0.681688
0.680969
0.062046
0.999355
0.057615
0.353256
0.369276
0.064491
0.672286
0.383440
0.358287
0.396171
0.147769
0.405731
0.392654
0.077552
0.080112
0.690915
0.071374
0.384079
0.383965
0.394133
0.388686
0.379967
0.040568
0.044251
0.102716
0.697053
0.073505
0.694447
0.060000
0.682099
0.044613
0.042021
0.361383
0.037333
0.040736
0.044775
0.047239
0.998646
0.364682
0.047673
0.680287
0.047153
0.364055
0.364290
0.680652
0.366826
0.368471
0.055251
0.301871
0.744440
0.301151
0.051110
0.375979
0.715113
0.384235
0.685491
0.997549
0.685491
0.044828
0.035094
0.030041
0.677329
0.039815
0.686739
0.060630
0.042454
0.685636
0.382244
0.382622
0.060650
0.681594
0.119874
0.070195
0.381179
0.678375
0.355900
0.354838
0.683543
0.063263
0.086549
0.071937
0.071213
0.392582
0.997667
0.103221
0.390252
0.371490
0.288492
0.039297
0.038847
0.364522
0.062057
0.691847
0.380919
0.071828
0.068268
0.071239
0.386429
0.691000
0.997667
0.021541
0.997667
0.005645
0.050970
0.686497
0.997667
0.048706
0.003811
0.157349
0.420775
0.693145
0.376552
0.685038
0.053700
0.047609
0.680640
0.046467
0.046567
0.680503
0.046880
0.997371
0.680564
0.680622
0.047683
0.364823
0.365756
0.053920
0.365235
0.363706
0.051036
0.370186
0.370805
0.997371
0.375506
0.064085
0.997371
0.368470
0.370047
0.065888
0.056460
0.670027
0.060130
0.685273
0.371862
0.055609
0.055342
0.062447
0.050351
0.683138
0.368103
0.055602
0.684268
0.054611
0.367674
0.366081
0.046812
0.680566
0.363370
0.364883
0.360205
0.997371
0.358339
0.354135
0.033187
0.365057
0.058694
0.379504
0.745642
0.997371
0.145850
0.106208
0.052259
0.363708
0.075720
0.387923
0.441137
0.695233
0.681758
0.051568
0.072601
0.061687
0.699787
0.151203
0.226327
0.006441
0.692660
0.376490
0.370376
0.372186
0.374698
0.374726
0.374860
0.375568
0.064790
0.686730
0.065064
0.375500
0.064430
0.062087
0.432088
0.680881
0.065479
0.071579
0.378932
0.373812
0.366740
0.363801
0.369881
0.685424
0.687143
0.997371
0.068065
0.379335
0.380459
0.688675
0.997371
0.063988
0.366943
0.681936
0.046938
0.997371
0.019858
0.679606
0.441115
0.389760
0.383062
0.394387
0.619799
0.098247
0.698503
0.085651
0.999355
0.068631
0.370052
0.389511
0.372968
0.730750
0.400861
0.119445
0.637428
0.132818
0.136638
0.703920
0.740914
0.306168
0.325160
0.076360
0.085453
0.009887
0.046796
0.061862
0.066608
0.039553
0.057814
0.680969
0.055119
0.374997
0.057962
0.999355
0.379920
0.357990
0.099464
0.096605
0.039072
0.068415
0.087638
0.147392
0.115970
0.092280
0.394578
0.690915
0.685575
0.366146
0.385728
0.081614
0.395732
0.090625
0.386910
0.050667
0.401858
0.401320
0.392179
0.391120
0.695319
0.075054
0.372532
0.684325
0.052635
0.366020
0.364237
0.681571
0.045973
0.998646
0.364831
0.365991
0.050331
0.050280
0.048365
0.362950
0.049484
0.682308
0.057047
0.371831
0.120637
0.179664
0.350010
0.180336
0.053210
0.379895
0.691168
0.400629
0.394656
0.062673
0.050129
0.997549
0.678965
0.027431
0.674588
0.040164
0.366649
0.997371
0.056734
0.997371
0.063718
0.685780
0.037706
0.678986
0.021852
0.604352
0.135625
0.060619
0.367767
0.351670
0.037058
0.372294
0.673922
0.687488
0.030116
0.010394
0.698914
0.422938
0.303903
0.005038
0.997667
0.606527
0.670997
0.350232
0.055994
0.997667
0.078124
0.381519
0.997667
0.073063
0.391483
0.391596
0.365414
0.686380
0.009921
0.247616
0.077979
0.686537
0.378616
0.073195
0.997667
0.392279
0.277606
0.408585
0.693145
0.035380
0.048516
0.680510
0.363512
0.363327
0.046523
0.680500
0.046755
0.363719
0.680622
0.363894
0.680647
0.364808
0.365864
0.056888
0.373121
0.368845
0.684272
0.683938
0.997371
0.056933
0.057703
0.057459
0.372922
0.060810
0.068932
0.384244
0.056898
0.054847
0.057521
0.058906
0.059331
0.997371
0.366013
0.364007
0.063418
0.368103
0.997371
0.683145
0.369904
0.368190
0.367365
0.046904
0.044150
0.044609
0.046097
0.045179
0.042011
0.038162
0.032106
0.346145
0.033842
0.362754
0.997371
0.377796
0.376685
0.088950
0.287806
0.679982
0.684564
0.070842
0.075829
0.392628
0.362868
0.394069
0.368734
0.033119
0.418526
0.392912
0.418360
0.997371
0.051967
0.100872
0.386108
0.390424
0.082202
0.071666
0.068295
0.061483
0.059907
0.062238
0.374731
0.686689
0.064337
0.374807
0.362026
0.101897
0.997371
0.433726
0.997371
0.066902
0.378858
0.376273
0.375783
0.679236
0.358174
0.054761
0.060905
0.378322
0.073679
0.380818
0.380057
0.689207
0.070919
0.060284
0.046665
0.050674
0.052514
0.359839
0.599753
0.402607
0.999355
0.437459
0.691310
0.619799
0.999355
0.318947
0.696330
0.999355
0.081993
0.072866
0.375736
0.435440
0.132614
0.431576
0.423782
0.336051
0.683989
0.070536
0.395574
0.150534
0.302892
0.115799
0.086197
0.688171
0.376989
0.046036
0.383540
0.691757
0.688034
0.076228
0.370960
0.680678
0.062460
0.374787
0.371588
0.369809
0.357842
0.035246
0.997371
0.718156
0.391456
0.691942
0.696927
0.389134
0.380210
0.696841
0.343124
0.382791
0.703444
0.375492
0.351462
0.698834
0.067147
0.998646
0.378082
0.037394
0.392871
0.376336
0.383897
0.389903
0.385162
0.063868
0.364230
0.365007
0.363884
0.364880
0.681571
0.681259
0.046704
0.681556
0.365156
0.050451
0.998646
0.681376
0.047092
0.997371
0.363286
0.049705
0.054368
0.101498
0.449810
0.730007
0.997371
0.434340
0.123840
0.395601
0.694609
0.115129
0.379802
0.370755
0.368271
0.364888
0.359734
0.032681
0.362237
0.366806
0.056751
0.683182
0.053417
0.054180
0.683153
0.051111
0.682832
0.032857
0.345799
0.111780
0.410048
0.587103
0.055021
0.024279
0.357102
0.670074
0.378247
0.997667
0.687488
0.395805
0.042461
0.049682
0.295891
0.732517
0.207167
0.009031
0.673098
0.029066
0.318366
0.096950
0.088576
0.071665
0.380517
0.380235
0.072340
0.078272
0.079099
0.997667
0.686380
0.391461
0.106644
0.393307
0.382310
0.060433
0.364762
0.416379
0.379682
0.288918
0.030834
0.050553
0.680786
0.047704
0.046666
0.680380
0.363567
0.046403
0.680477
0.046323
0.680527
0.046674
0.680828
0.364262
0.365042
0.053866
0.377346
0.066559
0.373389
0.371317
0.683938
0.370316
0.368354
0.367089
0.056059
0.366593
0.053689
0.997371
0.686454
0.370774
0.682457
0.683200
0.056117
0.683702
0.681140
0.351487
0.043917
0.057621
0.370922
0.053682
0.054593
0.997371
0.365930
0.680457
0.362227
0.362158
0.997371
0.680257
0.679703
0.360693
0.359218
0.034017
0.044840
0.680215
0.365079
0.363875
0.359368
0.353182
0.997371
0.362817
0.081988
0.745213
0.376474
0.081090
0.386135
0.997371
0.314566
0.364338
0.003871
0.415695
0.384207
0.745630
0.080872
0.417719
0.112196
0.108917
0.392197
0.381034
0.372854
0.368377
0.684674
0.373046
0.997371
0.062611
0.373765
0.052533
0.665186
0.997371
0.083952
0.061626
0.054107
0.390786
0.687592
0.997371
0.380903
0.069377
0.365362
0.381202
0.380380
0.997371
0.382090
0.079657
0.376025
0.688045
0.062999
0.681271
0.366327
0.686743
0.686318
0.058020
0.040801
0.283427
0.144232
0.084382
0.379195
0.383527
0.006422
0.088708
0.395350
0.080892
0.689401
0.692689
0.315493
0.134564
0.412527
0.416395
0.404644
0.082303
0.693117
0.380617
0.722881
0.097613
0.397362
0.999355
0.390326
0.999355
0.372368
0.692289
0.077184
0.999355
0.133392
0.392396
0.681882
0.370960
0.328990
0.070934
0.685188
0.999355
0.017225
0.438998
0.171187
0.184486
0.130387
0.114053
0.074804
0.998646
0.370624
0.039507
0.409041
0.409007
0.690598
0.395816
0.375085
0.058428
0.057444
0.378082
0.684631
0.059902
0.361668
0.364806
0.374211
0.998646
0.389451
0.046706
0.359348
0.354583
0.678264
0.048933
0.047979
0.998646
0.363872
0.363779
0.046267
0.047866
0.048330
0.047774
0.361278
0.679698
0.042890
0.364446
0.665555
0.997371
0.087654
0.743998
0.107332
0.682951
0.391868
0.069637
0.009696
0.747371
0.319457
0.061587
0.685518
0.059413
0.369044
0.359074
0.039254
0.997371
0.372052
0.369400
0.050247
0.364205
0.364074
0.362154
0.361464
0.042835
0.363652
0.697919
0.687537
0.043852
0.997667
0.072887
0.997667
0.357102
0.100133
0.389641
0.092610
0.721160
0.693265
0.119348
0.133324
0.279601
0.344465
0.030313
0.667823
0.684560
0.122598
0.703264
0.100353
0.689751
0.997667
0.689751
0.377084
0.379045
0.080858
0.075724
0.084022
0.703315
0.700820
0.088834
0.385965
0.692965
0.367753
0.361012
0.045191
0.054145
0.103482
0.068482
0.048699
0.997371
0.047540
0.680507
0.363801
0.363426
0.045614
0.680282
0.044945
0.362966
0.045040
0.363195
0.047196
0.372025
0.060126
0.376678
0.376567
0.373004
0.370316
0.997371
0.683270
0.365915
0.364479
0.363119
0.679685
0.054652
0.369956
0.683937
0.057765
0.059259
0.058585
0.367741
0.041320
0.676511
0.047083
0.997371
0.686083
0.685149
0.366569
0.050570
0.680457
0.044751
0.997371
0.363116
0.047394
0.679703
0.361888
0.679856
0.679340
0.678888
0.046076
0.364834
0.680994
0.046334
0.357768
0.342713
0.357336
0.364710
0.672620
0.386219
0.379154
0.073726
0.385234
0.685528
0.086205
0.063157
0.081294
0.299456
0.361446
0.076021
0.075711
0.394959
0.997371
0.399774
0.690298
0.685999
0.997371
0.685999
0.055734
0.997371
0.061077
0.060585
0.058958
0.356889
0.060242
0.373282
0.311050
0.676294
0.997371
0.046947
0.061801
0.378257
0.380779
0.688970
0.386692
0.689201
0.997371
0.380380
0.099334
0.071354
0.040331
0.365103
0.367657
0.367544
0.997371
0.054713
0.060301
0.745598
0.063769
0.047059
0.068362
0.685423
0.375300
0.374468
0.690307
0.692389
0.390160
0.689401
0.999355
0.005539
0.671300
0.026514
0.704202
0.706021
0.702051
0.102230
0.695493
0.385714
0.089569
0.386438
0.090856
0.101068
0.376983
0.383190
0.092327
0.999355
0.383781
0.142987
0.701838
0.999990
0.023460
0.037618
0.072567
0.039967
0.056187
0.063757
0.366478
0.390436
0.350229
0.720268
0.428671
0.689405
0.065438
0.060450
0.091056
0.362460
0.370204
0.438629
0.999167
0.066148
0.685018
0.369922
0.369672
0.050982
0.998646
0.684631
0.370183
0.056605
0.998646
0.374211
0.685744
0.069354
0.694203
0.047567
0.370422
0.365589
0.998646
0.046968
0.680979
0.047143
0.680339
0.680910
0.680331
0.364918
0.362569
0.360253
0.035774
0.360202
0.366736
0.352306
0.303281
0.062421
0.688578
0.404705
0.380836
0.678755
0.105539
0.365132
0.053440
0.372146
0.688124
0.997549
0.078501
0.059850
0.372358
0.684321
0.364136
0.049927
0.362418
0.362261
0.362506
0.362230
0.997371
0.043143
0.365838
0.052686
0.383668
0.351334
0.397320
0.997667
0.344869
0.362713
0.039080
0.744829
0.060302
0.427943
0.997667
0.693265
0.696206
0.368208
0.046673
0.056969
0.038838
0.016032
0.144426
0.138686
0.376415
0.075762
0.689751
0.075937
0.381395
0.684778
0.373594
0.691224
0.397327
0.095701
0.098450
0.385708
0.075123
0.388985
0.358374
0.048749
0.997667
0.682075
0.113165
0.686937
0.066644
0.681046
0.049369
0.364826
0.364253
0.363446
0.044721
0.362015
0.997371
0.362065
0.679489
0.042848
0.039470
0.047474
0.370128
0.997371
0.066148
0.373766
0.369983
0.052857
0.365915
0.997371
0.681061
0.680262
0.044793
0.364717
0.056967
0.058332
0.373661
0.373965
0.371587
0.048231
0.362954
0.349114
0.041294
0.104756
0.077256
0.368361
0.040815
0.051394
0.679895
0.048616
0.363146
0.365905
0.051443
0.680534
0.364091
0.363006
0.361916
0.042446
0.360525
0.045721
0.364583
0.997371
0.047014
0.679083
0.358836
0.361061
0.062851
0.370616
0.381221
0.118120
0.142835
0.394942
0.690437
0.997371
0.386642
0.085755
0.689391
0.080054
0.376413
0.063266
0.394624
0.093622
0.010585
0.050430
0.685999
0.053384
0.370854
0.065063
0.374053
0.684401
0.372692
0.684062
0.046103
0.100862
0.145724
0.037886
0.007155
0.681039
0.682087
0.369127
0.065522
0.071737
0.120953
0.389874
0.689201
0.380859
0.085764
0.667320
0.683790
0.682170
0.044586
0.113538
0.062847
0.050255
0.431476
0.320209
0.997371
0.077807
0.389206
0.082624
0.064725
0.367369
0.056404
0.058959
0.060574
0.061305
0.061846
0.045989
0.382884
0.364156
0.701877
0.081778
0.999355
0.098247
0.694271
0.391154
0.380868
0.383284
0.390039
0.092125
0.068706
0.999355
0.094069
0.078961
0.999355
0.079191
0.188212
0.023467
0.099990
0.082901
0.371330
0.365281
0.061343
0.997371
0.998646
0.355899
0.086835
0.723353
0.154640
0.152835
0.690058
0.691959
0.999167
0.386894
0.080419
0.369146
0.063517
0.060670
0.369535
0.684144
0.683399
0.370365
0.059646
0.056710
0.066165
0.385437
0.073817
0.112428
0.412108
0.491194
0.012122
0.699685
0.066180
0.364552
0.681742
0.043759
0.998646
0.680979
0.049890
0.050416
0.365934
0.364915
0.042117
0.359379
0.031344
0.033721
0.678254
0.049833
0.057487
0.686424
0.685096
0.054822
0.348791
0.070370
0.997371
0.381301
0.055710
0.682532
0.365583
0.066229
0.400237
0.060983
0.358468
0.678646
0.361424
0.362307
0.043352
0.678874
0.040367
0.358306
0.679196
0.039586
0.042496
0.997667
0.368525
0.051271
0.022571
0.669303
0.361575
0.044632
0.351668
0.361311
0.360069
0.358026
0.384266
0.696206
0.380291
0.030954
0.425170
0.382374
0.383097
0.371351
0.028083
0.448108
0.147910
0.689577
0.692810
0.378198
0.064499
0.997667
0.362846
0.008703
0.064685
0.127743
0.074337
0.997667
0.689450
0.366302
0.370213
0.360662
0.053920
0.375470
0.684275
0.401744
0.050547
0.049984
0.997371
0.365689
0.365068
0.045922
0.679614
0.043139
0.679459
0.361051
0.361031
0.361080
0.039651
0.681775
0.368900
0.685725
0.375479
0.063244
0.369816
0.997371
0.050369
0.681061
0.045924
0.679417
0.679623
0.680501
0.683230
0.372656
0.374239
0.372405
0.997371
0.369585
0.997371
0.052173
0.382189
0.374216
0.997371
0.086360
0.311525
0.061678
0.057117
0.683774
0.368432
0.371047
0.370000
0.367273
0.365803
0.364376
0.362795
0.679417
0.360421
0.044859
0.366567
0.681383
0.367132
0.368395
0.373558
0.047954
0.364722
0.059991
0.031542
0.396391
0.028115
0.744075
0.073425
0.690437
0.060330
0.071972
0.069508
0.070280
0.063803
0.372915
0.383420
0.620301
0.671563
0.682611
0.367860
0.365459
0.063202
0.688672
0.376295
0.372926
0.684062
0.997371
0.046628
0.997371
0.073029
0.361461
0.421183
0.059856
0.035543
0.057240
0.373787
0.378702
0.060060
0.099637
0.069962
0.095953
0.046688
0.055912
0.111231
0.029869
0.141459
0.321811
0.671305
0.068794
0.314516
0.332822
0.370303
0.045508
0.383553
0.382734
0.376411
0.059892
0.372752
0.682367
0.683713
0.684745
0.999355
0.684745
0.061523
0.377914
0.374655
0.401024
0.098340
0.389898
0.392260
0.999355
0.077425
0.696480
0.999355
0.380865
0.703041
0.368063
0.380939
0.368195
0.062875
0.063808
0.417506
0.406313
0.390350
0.687534
0.069824
0.998259
0.378408
0.054523
0.679237
0.358949
0.037241
0.106465
0.391441
0.390155
0.065552
0.392573
0.011245
0.999167
0.072882
0.688422
0.063233
0.684782
0.999167
0.684782
0.053670
0.061711
0.387542
0.373120
0.061432
0.391926
0.077081
0.106486
0.692821
0.047033
0.998646
0.325611
0.998646
0.692505
0.364552
0.041075
0.680979
0.052287
0.684072
0.368249
0.050327
0.365236
0.043216
0.997371
0.036770
0.997371
0.038413
0.365573
0.686424
0.997371
0.058499
0.039181
0.356788
0.386012
0.388386
0.059281
0.053038
0.069079
0.687249
0.696023
0.065506
0.043355
0.357028
0.358950
0.678756
0.041433
0.358735
0.038671
0.356821
0.676079
0.029279
0.365928
0.997371
0.039069
0.039733
0.044519
0.997667
0.358774
0.361300
0.050001
0.054721
0.052096
0.370053
0.682818
0.061672
0.688669
0.035911
0.164153
0.316641
0.373057
0.396478
0.394277
0.124143
0.166307
0.330015
0.052276
0.378198
0.997667
0.058806
0.684778
0.683621
0.060139
0.726360
0.684269
0.076941
0.689450
0.121977
0.054086
0.052901
0.052925
0.997667
0.372915
0.114547
0.379254
0.682851
0.047042
0.366988
0.367008
0.049632
0.362121
0.679465
0.042203
0.040809
0.041762
0.361080
0.997371
0.041805
0.363046
0.683664
0.684646
0.373232
0.060738
0.369213
0.366957
0.681561
0.365019
0.363572
0.045508
0.046396
0.367231
0.055867
0.371357
0.373126
0.062228
0.372514
0.056859
0.369717
0.372673
0.687373
0.097545
0.674604
0.401751
0.689449
0.376692
0.997371
0.062116
0.374257
0.374182
0.055186
0.682136
0.050640
0.047675
0.042858
0.678515
0.358777
0.042818
0.051089
0.683119
0.371493
0.373785
0.371001
0.682370
0.053071
0.997371
0.095755
0.997371
0.375408
0.020383
0.373500
0.367565
0.997371
0.058115
0.683255
0.368071
0.997371
0.055139
0.063651
0.091506
0.009406
0.051695
0.371475
0.371817
0.691313
0.074242
0.070899
0.068123
0.065661
0.062008
0.303801
0.035800
0.100387
0.698685
0.135935
0.712442
0.005445
0.357798
0.997371
0.068354
0.997371
0.373080
0.378241
0.308076
0.349445
0.065548
0.688872
0.389301
0.406743
0.076852
0.675336
0.043497
0.361048
0.677461
0.352563
0.053254
0.378462
0.377845
0.374380
0.373860
0.375403
0.058142
0.054333
0.053940
0.059179
0.060093
0.687726
0.062989
0.069118
0.086042
0.386809
0.394498
0.395873
0.382739
0.027078
0.373061
0.390240
0.694472
0.032436
0.305369
0.394333
0.073288
0.001531
0.745669
0.016103
0.393101
0.690210
0.395713
0.086353
0.084167
0.695449
0.380462
0.360224
0.998646
0.028892
0.298931
0.036048
0.289554
0.370560
0.016357
0.362577
0.084259
0.381085
0.686679
0.999167
0.058831
0.369869
0.368340
0.060205
0.998646
0.393430
0.699796
0.684926
0.358936
0.095844
0.998646
0.093145
0.998646
0.022708
0.389269
0.369913
0.387281
0.052972
0.047638
0.369828
0.374467
0.057397
0.369448
0.683182
0.362937
0.361562
0.363260
0.044349
0.357054
0.677433
0.045205
0.683011
0.058606
0.049588
0.681961
0.386398
0.997371
0.383265
0.997371
0.681686
0.089097
0.696023
0.433868
0.377639
0.055808
0.361491
0.359639
0.360060
0.997371
0.359605
0.047164
0.361055
0.340780
0.667813
0.011077
0.676899
0.046779
0.997667
0.361950
0.359280
0.361136
0.681133
0.048256
0.683429
0.997667
0.056937
0.370419
0.375289
0.012621
0.419426
0.997667
0.134937
0.997667
0.385815
0.384110
0.091161
0.367146
0.303217
0.669514
0.041491
0.007118
0.672864
0.306999
0.072714
0.997667
0.388730
0.444902
0.185222
0.686533
0.400489
0.442465
0.684857
0.372439
0.377539
0.384036
0.677315
0.381004
0.373347
0.679286
0.367737
0.367471
0.367721
0.049854
0.360628
0.997371
0.359215
0.359437
0.042758
0.679294
0.045155
0.048087
0.367055
0.683664
0.056335
0.055976
0.683533
0.051929
0.365187
0.364511
0.364272
0.680404
0.679934
0.365636
0.368873
0.682416
0.684491
0.684918
0.373128
0.686257
0.060740
0.997371
0.377074
0.053913
0.699811
0.420075
0.076925
0.997371
0.376692
0.375441
0.062703
0.373585
0.055821
0.682246
0.368180
0.681788
0.042831
0.677953
0.357863
0.040597
0.997371
0.051901
0.371977
0.373757
0.369416
0.360657
0.354564
0.048362
0.055467
0.664320
0.036505
0.301004
0.346323
0.355607
0.355322
0.361910
0.047336
0.680308
0.368071
0.024865
0.383008
0.386331
0.688656
0.056578
0.044028
0.059468
0.067219
0.378097
0.377080
0.390141
0.997371
0.074241
0.362703
0.369265
0.385280
0.691914
0.109637
0.287981
0.330984
0.362422
0.068008
0.379114
0.064936
0.061431
0.382083
0.362483
0.371346
0.069056
0.694480
0.997371
0.694480
0.050595
0.677241
0.355645
0.042292
0.352512
0.676541
0.677137
0.053926
0.684719
0.679050
0.053383
0.372881
0.687535
0.377599
0.064893
0.687846
0.999355
0.378902
0.378241
0.068384
0.382908
0.393296
0.387859
0.999355
0.689659
0.100554
0.999355
0.072554
0.096880
0.705722
0.088598
0.443237
0.074027
0.999355
0.328029
0.128149
0.999355
0.391918
0.698934
0.999355
0.396123
0.999355
0.695449
0.685932
0.056438
0.003787
0.020103
0.998646
0.116510
0.282423
0.377383
0.684198
0.064329
0.377590
0.063352
0.059291
0.058066
0.053001
0.682942
0.366277
0.063453
0.689618
0.001921
0.672732
0.005852
0.695820
0.698713
0.695820
0.081525
0.998646
0.055505
0.702574
0.376294
0.062905
0.686799
0.686645
0.998646
0.686645
0.370677
0.048750
0.043349
0.053520
0.371679
0.050394
0.677710
0.360382
0.042842
0.368785
0.368453
0.026250
0.670057
0.355419
0.083360
0.689447
0.065803
0.674117
0.307332
0.102535
0.060135
0.997371
0.006473
0.064987
0.359318
0.361212
0.678999
0.362461
0.051805
0.054221
0.355718
0.033228
0.047015
0.672136
0.058535
0.681189
0.052882
0.360332
0.679932
0.046699
0.366292
0.366661
0.683429
0.054410
0.368228
0.366683
0.669519
0.673279
0.439235
0.997667
0.077475
0.684362
0.997667
0.051145
0.691832
0.079325
0.735424
0.669514
0.385517
0.064994
0.696844
0.404026
0.093984
0.997667
0.165257
0.022583
0.693915
0.093330
0.997667
0.384000
0.383420
0.383311
0.379517
0.398568
0.705286
0.065499
0.427059
0.051851
0.365678
0.367224
0.370885
0.045633
0.039273
0.997371
0.359091
0.042924
0.679904
0.047843
0.997371
0.365972
0.053098
0.368496
0.682677
0.682778
0.051716
0.049734
0.997371
0.046688
0.044552
0.044981
0.363949
0.052757
0.997371
0.369963
0.370969
0.060230
0.685438
0.060630
0.065112
0.057897
0.047769
0.677314
0.372396
0.066842
0.064859
0.686348
0.374402
0.684416
0.371424
0.371308
0.054818
0.997371
0.366251
0.363527
0.361579
0.358914
0.040135
0.365451
0.997371
0.056048
0.054718
0.364106
0.350235
0.029677
0.997371
0.059156
0.370928
0.683621
0.056240
0.045119
0.358840
0.676932
0.035222
0.997371
0.679365
0.032446
0.690902
0.690601
0.688656
0.997371
0.375358
0.056648
0.371572
0.684787
0.063644
0.102694
0.148175
0.068238
0.381651
0.682443
0.059193
0.379552
0.382430
0.683672
0.033837
0.349650
0.997371
0.364715
0.687753
0.069893
0.381911
0.384997
0.997371
0.378480
0.687655
0.376434
0.069813
0.058853
0.359991
0.679531
0.357780
0.677680
0.356556
0.997371
0.361717
0.043804
0.047821
0.677010
0.044002
0.372479
0.689442
0.690782
0.074155
0.073041
0.378902
0.692502
0.381797
0.074374
0.390904
0.397783
0.373396
0.085233
0.687078
0.408832
0.412831
0.693295
0.697472
0.074515
0.375000
0.403373
0.059666
0.377936
0.347421
0.006588
0.075766
0.081721
0.094503
0.106598
0.407006
0.696545
0.084267
0.378118
0.691830
0.066258
0.069977
0.082670
0.284408
0.036390
0.684198
0.386334
0.377803
0.688212
0.064216
0.374307
0.371370
0.369658
0.999167
0.682421
0.682080
0.084210
0.089229
0.302440
0.032648
0.697131
0.091078
0.065021
0.044629
0.385541
0.068567
0.689650
0.383036
0.056033
0.060631
0.376958
0.686645
0.375793
0.687083
0.683689
0.364401
0.366634
0.376475
0.374657
0.049554
0.672229
0.036632
0.082723
0.075604
0.070502
0.024688
0.008430
0.414451
0.691814
0.010710
0.687046
0.016235
0.032348
0.352919
0.383444
0.145806
0.087258
0.057470
0.039624
0.366578
0.681881
0.683786
0.058898
0.049127
0.668983
0.674276
0.683629
0.048617
0.373230
0.365841
0.681611
0.049217
0.050748
0.047914
0.683056
0.055321
0.030922
0.033651
0.057613
0.098093
0.011421
0.072071
0.078055
0.108195
0.081138
0.106547
0.053687
0.730647
0.435719
0.997667
0.143673
0.017614
0.299172
0.391809
0.406425
0.129236
0.117569
0.062776
0.406950
0.691538
0.151281
0.695251
0.100858
0.695129
0.111590
0.698472
0.410388
0.375904
0.480929
0.290190
0.363042
0.356013
0.046208
0.682783
0.043600
0.997371
0.358091
0.358636
0.360293
0.362188
0.049137
0.681679
0.367358
0.054878
0.368694
0.055501
0.368139
0.366973
0.997371
0.365589
0.681100
0.362620
0.360786
0.044686
0.366595
0.046566
0.682784
0.042705
0.050753
0.052563
0.366141
0.684412
0.687290
0.059694
0.066182
0.376214
0.689021
0.071941
0.059748
0.368568
0.367277
0.368212
0.062631
0.059419
0.682959
0.369109
0.366135
0.365035
0.043976
0.359914
0.364919
0.682375
0.366110
0.684553
0.041840
0.025565
0.035407
0.064634
0.062071
0.376421
0.371427
0.997371
0.048583
0.044613
0.038029
0.362964
0.363262
0.047747
0.045223
0.087165
0.001399
0.378178
0.375358
0.997371
0.058919
0.371610
0.683729
0.079995
0.745653
0.701803
0.100929
0.356040
0.371078
0.375785
0.377261
0.371844
0.681856
0.043952
0.997371
0.349650
0.058989
0.997371
0.687753
0.078879
0.383361
0.079587
0.076702
0.066213
0.377253
0.683594
0.680121
0.366415
0.685173
0.363294
0.040685
0.034702
0.037604
0.039948
0.036430
0.677010
0.998259
0.041939
0.373355
0.378962
0.999908
0.690230
0.080854
0.078547
0.382697
0.999355
0.060637
0.685250
0.088747
0.999908
0.386991
0.394929
0.383504
0.394582
0.392484
0.092722
0.376411
0.369688
0.317236
0.071421
0.700874
0.056357
0.379634
0.689422
0.999355
0.377908
0.383071
0.405924
0.398600
0.691201
0.384642
0.998646
0.397547
0.112807
0.376920
0.332012
0.167880
0.089315
0.380011
0.687691
0.688325
0.999167
0.067443
0.685883
0.999167
0.369658
0.365373
0.046266
0.371381
0.097349
0.998646
0.115751
0.085635
0.998646
0.687270
0.680202
0.362416
0.061004
0.372011
0.684630
0.054110
0.376976
0.382401
0.380301
0.381618
0.373365
0.048247
0.998646
0.681812
0.379572
0.138528
0.390624
0.372995
0.368079
0.078704
0.424378
0.736169
0.118745
0.390152
0.033690
0.355610
0.063125
0.049704
0.997371
0.679538
0.033693
0.371362
0.142541
0.039729
0.997371
0.386099
0.681955
0.052392
0.683961
0.052927
0.684198
0.359915
0.340688
0.372979
0.691772
0.072567
0.367533
0.046829
0.363283
0.682278
0.671184
0.678597
0.008480
0.666615
0.060105
0.745940
0.692046
0.110680
0.400125
0.136069
0.438059
0.709579
0.105103
0.089153
0.000597
0.099413
0.211235
0.683167
0.997667
0.050465
0.339370
0.406622
0.397635
0.093796
0.381791
0.377215
0.095193
0.425267
0.699719
0.103199
0.080756
0.709554
0.000739
0.692959
0.043014
0.308147
0.362689
0.358262
0.033440
0.365448
0.358192
0.356753
0.357725
0.677601
0.041132
0.361001
0.362784
0.049696
0.682298
0.054382
0.370477
0.057207
0.684179
0.369592
0.368210
0.366205
0.681100
0.046739
0.997371
0.362232
0.360131
0.046731
0.054059
0.037580
0.368343
0.688781
0.368254
0.358834
0.037392
0.377089
0.672445
0.688803
0.072779
0.081598
0.390531
0.690123
0.366279
0.357962
0.364138
0.686102
0.376310
0.375480
0.371158
0.051334
0.369710
0.054247
0.362842
0.366589
0.682341
0.056647
0.997371
0.684553
0.679640
0.674757
0.672343
0.074119
0.067534
0.685789
0.372366
0.054477
0.997371
0.052207
0.369077
0.365027
0.679831
0.671732
0.294320
0.329535
0.370579
0.069106
0.066185
0.374698
0.370056
0.997371
0.113959
0.409636
0.997371
0.380218
0.029926
0.381877
0.382863
0.378805
0.997371
0.685544
0.363294
0.356678
0.679615
0.059212
0.064963
0.072702
0.997371
0.384944
0.390078
0.056348
0.378253
0.383503
0.686969
0.060986
0.685173
0.368882
0.998848
0.367401
0.365253
0.682609
0.362516
0.038613
0.027960
0.034733
0.364334
0.999908
0.067144
0.690782
0.076650
0.384087
0.075752
0.999908
0.382697
0.108840
0.693634
0.383303
0.695598
0.697409
0.069537
0.364002
0.106796
0.383997
0.999355
0.081638
0.075008
0.695704
0.999355
0.095176
0.999355
0.384055
0.379634
0.069235
0.378040
0.999355
0.078555
0.073708
0.073609
0.387253
0.090995
0.599716
0.704363
0.441149
0.685276
0.695909
0.690085
0.998646
0.069326
0.379233
0.076798
0.380943
0.070835
0.067717
0.682460
0.045689
0.386520
0.998646
0.376566
0.016789
0.111692
0.998646
0.379000
0.312256
0.359021
0.386572
0.076471
0.372540
0.683925
0.046591
0.998646
0.389908
0.098891
0.394148
0.102164
0.360919
0.367116
0.366140
0.051416
0.709352
0.125526
0.368079
0.997371
0.104423
0.047461
0.997371
0.118404
0.159718
0.684937
0.997371
0.077661
0.699205
0.381073
0.030342
0.997371
0.349649
0.034374
0.997371
0.043829
0.355117
0.006923
0.686348
0.041783
0.681672
0.037783
0.370545
0.365446
0.352225
0.380378
0.370832
0.364610
0.678759
0.361430
0.362619
0.380315
0.671184
0.023604
0.049173
0.115031
0.997667
0.226822
0.268854
0.371930
0.122691
0.715734
0.442005
0.126508
0.997667
0.695812
0.139717
0.707954
0.143684
0.683167
0.002135
0.081808
0.061309
0.097944
0.998078
0.098085
0.997667
0.698438
0.179206
0.711004
0.440127
0.410790
0.092114
0.405418
0.303554
0.400177
0.047471
0.053267
0.366246
0.057579
0.352017
0.349396
0.352471
0.676044
0.038107
0.997371
0.362137
0.047098
0.048659
0.366103
0.053208
0.370450
0.997371
0.058761
0.371864
0.058074
0.053795
0.053720
0.050651
0.362232
0.685217
0.368423
0.678924
0.379762
0.048271
0.997371
0.369568
0.997371
0.683426
0.676785
0.067600
0.315550
0.066265
0.374447
0.066847
0.387952
0.070467
0.045516
0.053481
0.083138
0.063458
0.064091
0.049403
0.056433
0.408605
0.061171
0.065654
0.367965
0.372808
0.376047
0.380061
0.371593
0.679640
0.361797
0.357859
0.042229
0.060709
0.997371
0.070044
0.377319
0.374561
0.072751
0.067852
0.370782
0.684186
0.368024
0.047378
0.664283
0.997371
0.029188
0.395631
0.384222
0.375215
0.681188
0.369233
0.997371
0.090978
0.701803
0.020615
0.997371
0.063936
0.385100
0.685688
0.365293
0.361210
0.681584
0.039466
0.680611
0.047714
0.687686
0.997371
0.072198
0.378282
0.054392
0.048293
0.035835
0.097456
0.079394
0.072048
0.057291
0.364737
0.682611
0.684275
0.685115
0.368976
0.359542
0.997371
0.031681
0.360219
0.999908
0.056617
0.066315
0.067930
0.296947
0.437209
0.392430
0.321387
0.063672
0.107447
0.999908
0.391829
0.390809
0.099485
0.382541
0.999908
0.413864
0.321179
0.383704
0.082093
0.387290
0.073493
0.382069
0.095586
0.082375
0.999355
0.077231
0.385559
0.376813
0.068792
0.998259
0.379679
0.688919
0.387147
0.305846
0.746039
0.033729
0.289182
0.049291
0.685276
0.379794
0.370617
0.369469
0.078397
0.383064
0.691441
0.693242
0.999167
0.380480
0.071950
0.998646
0.386520
0.405476
0.430374
0.326190
0.690376
0.338408
0.424229
0.398255
0.378163
0.382935
0.094488
0.683952
0.061263
0.080587
0.709555
0.998646
0.403109
0.715749
0.088934
0.379368
0.336547
0.590191
0.421996
0.272572
0.372657
0.030331
0.349359
0.997371
0.090329
0.997371
0.218864
0.025458
0.684937
0.029958
0.747371
0.101777
0.099049
0.412408
0.043082
0.720271
0.082220
0.105179
0.997371
0.367681
0.049267
0.669844
0.010175
0.056322
0.063915
0.058447
0.053756
0.046956
0.046070
0.041049
0.360982
0.359367
0.679665
0.039652
0.342757
0.089411
0.370680
0.064777
0.745940
0.702073
0.094409
0.388793
0.412321
0.697929
0.411049
0.147438
0.400455
0.100162
0.119285
0.625576
0.033190
0.063158
0.692236
0.693729
0.692870
0.009189
0.397725
0.703090
0.080339
0.084905
0.290808
0.136558
0.382744
0.140598
0.436064
0.071400
0.687949
0.053806
0.997371
0.683046
0.379444
0.041535
0.334746
0.338646
0.350865
0.361118
0.042314
0.679682
0.048052
0.682256
0.681116
0.049369
0.050694
0.054882
0.684082
0.059423
0.372967
0.683827
0.685294
0.684197
0.684795
0.062693
0.997371
0.685217
0.084448
0.690341
0.069433
0.683514
0.077905
0.360897
0.676785
0.337920
0.255831
0.168824
0.070998
0.682787
0.997371
0.682787
0.691379
0.382246
0.997371
0.394528
0.068618
0.686125
0.058019
0.997371
0.389892
0.743224
0.367097
0.055160
0.379310
0.393651
0.085179
0.382976
0.684411
0.372344
0.073366
0.997371
0.047092
0.686458
0.074247
0.075554
0.071083
0.689622
0.696516
0.373435
0.056631
0.371532
0.678713
0.064383
0.360274
0.072220
0.693718
0.688888
0.997371
0.057788
0.362997
0.682875
0.051756
0.336129
0.058324
0.371712
0.063676
0.694694
0.382123
0.371066
0.356652
0.676725
0.039930
0.678674
0.031597
0.373749
0.687686
0.376885
0.997371
0.062388
0.998848
0.408956
0.705815
0.107752
0.370350
0.364250
0.998848
0.366214
0.057453
0.683970
0.049067
0.676033
0.032618
0.999908
0.677689
0.047832
0.055215
0.684052
0.291665
0.163402
0.319980
0.306913
0.357503
0.700073
0.385687
0.412645
0.043791
0.075796
0.090883
0.701586
0.375337
0.009405
0.064310
0.383798
0.074244
0.999355
0.053690
0.690356
0.685720
0.088303
0.692902
0.695289
0.693941
0.070903
0.378194
0.688870
0.688750
0.379107
0.089995
0.998646
0.394693
0.998646
0.068993
0.357426
0.365202
0.047578
0.073512
0.070458
0.106484
0.998646
0.078352
0.374320
0.388010
0.391306
0.083605
0.691181
0.387514
0.432096
0.690122
0.092915
0.342715
0.743093
0.338324
0.360898
0.363159
0.108231
0.078890
0.387679
0.998646
0.073039
0.404424
0.394999
0.057060
0.724765
0.023957
0.394395
0.255925
0.355994
0.277529
0.067694
0.396840
0.369420
0.380117
0.038649
0.277753
0.015907
0.069459
0.331824
0.642756
0.109210
0.709880
0.997390
0.111926
0.074325
0.019575
0.369929
0.340123
0.689573
0.677872
0.388446
0.089083
0.366202
0.007714
0.695076
0.691017
0.076115
0.682590
0.366604
0.362308
0.358538
0.038319
0.041065
0.027348
0.061836
0.330944
0.389764
0.997667
0.421216
0.400842
0.740156
0.381299
0.997667
0.682530
0.694254
0.382010
0.079905
0.705872
0.403020
0.027973
0.688767
0.348732
0.444897
0.082131
0.080474
0.024854
0.102907
0.115668
0.998078
0.392696
0.372004
0.069229
0.361580
0.375802
0.671767
0.102592
0.062061
0.671295
0.059543
0.683046
0.378286
0.374703
0.055606
0.327921
0.333909
0.353816
0.997371
0.061931
0.057498
0.365927
0.997371
0.051710
0.681615
0.049976
0.683380
0.683867
0.057744
0.373103
0.371792
0.376812
0.380332
0.378357
0.690278
0.685217
0.378937
0.395010
0.041589
0.098965
0.090121
0.067886
0.064246
0.047701
0.000729
0.086515
0.395416
0.376989
0.377336
0.120594
0.379689
0.383412
0.370015
0.024448
0.075286
0.997371
0.690614
0.686125
0.371223
0.365088
0.387632
0.034818
0.341833
0.369595
0.386513
0.997371
0.092814
0.109566
0.712880
0.388713
0.367268
0.035122
0.682513
0.073135
0.686527
0.997371
0.066635
0.392269
0.333365
0.045801
0.682445
0.060398
0.683605
0.376840
0.126139
0.395518
0.385685
0.688888
0.063990
0.053060
0.679181
0.036729
0.997371
0.057908
0.376678
0.380246
0.079962
0.074705
0.061906
0.054137
0.044216
0.049784
0.089727
0.025989
0.378382
0.688697
0.077810
0.373745
0.073266
0.406657
0.424607
0.622028
0.401575
0.075624
0.998848
0.049496
0.369523
0.685268
0.370602
0.048175
0.677143
0.034648
0.361546
0.680835
0.050361
0.687038
0.369072
0.442420
0.999908
0.103131
0.366733
0.999908
0.063838
0.744082
0.052196
0.999908
0.688716
0.069665
0.085148
0.691924
0.070392
0.690189
0.072588
0.069043
0.059402
0.382358
0.696656
0.391355
0.378295
0.386209
0.086727
0.391595
0.079352
0.379590
0.688750
0.072026
0.381502
0.687530
0.704776
0.434923
0.383743
0.072905
0.081225
0.071419
0.410687
0.633131
0.113651
0.690514
0.691325
0.059594
0.998646
0.377900
0.394190
0.384614
0.372401
0.064806
0.088353
0.062596
0.403674
0.051911
0.367699
0.297497
0.667707
0.334255
0.720583
0.070974
0.067522
0.095061
0.099072
0.998646
0.416276
0.102266
0.324271
0.696425
0.059841
0.026789
0.364340
0.358665
0.073476
0.690772
0.406129
0.083838
0.350000
0.388291
0.682677
0.660765
0.365963
0.668430
0.348159
0.079305
0.407840
0.072909
0.690639
0.080122
0.061667
0.371807
0.375915
0.689573
0.005601
0.095649
0.376653
0.695076
0.692851
0.089375
0.074989
0.060251
0.997371
0.366032
0.997371
0.360598
0.679574
0.374612
0.681784
0.097946
0.005197
0.055564
0.026098
0.155064
0.390027
0.349124
0.373838
0.694254
0.073318
0.669784
0.012479
0.681591
0.399255
0.092897
0.999667
0.690767
0.722823
0.124245
0.063347
0.997667
0.383472
0.998078
0.097587
0.380282
0.384090
0.389261
0.362754
0.363686
0.161717
0.134195
0.025421
0.697981
0.050121
0.687409
0.373452
0.373735
0.042145
0.055909
0.663314
0.360043
0.370744
0.694260
0.070251
0.059608
0.682256
0.683506
0.367053
0.051435
0.682540
0.051219
0.045203
0.045611
0.685197
0.073288
0.085197
0.083467
0.691531
0.090306
0.096887
0.386772
0.057089
0.363573
0.680782
0.362770
0.362998
0.367418
0.370700
0.374537
0.997371
0.389291
0.997371
0.692112
0.129901
0.017801
0.036088
0.404334
0.086405
0.690614
0.070234
0.070769
0.060224
0.997371
0.379302
0.041455
0.338484
0.666733
0.049222
0.001089
0.997371
0.330769
0.120214
0.387727
0.420687
0.075473
0.688592
0.079658
0.382052
0.686527
0.370649
0.026050
0.092234
0.013684
0.371321
0.997371
0.062470
0.388796
0.397313
0.383926
0.382196
0.073661
0.080380
0.390205
0.282077
0.004207
0.672753
0.049490
0.687575
0.063267
0.681839
0.053430
0.365437
0.680785
0.360565
0.679960
0.068081
0.612370
0.132089
0.114189
0.066698
0.687199
0.095674
0.410367
0.333908
0.998848
0.295191
0.089356
0.061393
0.031332
0.362119
0.357969
0.060937
0.369461
0.360372
0.367742
0.367380
0.683765
0.050858
0.374127
0.076863
0.999908
0.138597
0.380496
0.677568
0.049587
0.425232
0.407478
0.137707
0.051714
0.371999
0.073915
0.388988
0.386138
0.383564
0.999908
0.386703
0.691432
0.691357
0.999355
0.691357
0.135528
0.695871
0.078725
0.695220
0.395463
0.083898
0.381774
0.689576
0.384404
0.384219
0.365680
0.687530
0.365547
0.091029
0.089070
0.703018
0.998646
0.337503
0.998646
0.329257
0.429898
0.437684
0.336146
0.429446
0.393982
0.403455
0.004320
0.380814
0.699577
0.085047
0.609314
0.056606
0.010076
0.314920
0.438583
0.623871
0.120886
0.692745
0.053214
0.071276
0.998646
0.108927
0.015144
0.396428
0.342781
0.043521
0.369805
0.668881
0.998646
0.344096
0.310675
0.141461
0.102227
0.320468
0.084700
0.402748
0.061002
0.087460
0.069960
0.692217
0.056842
0.319959
0.021210
0.997371
0.695350
0.417702
0.690639
0.087019
0.690276
0.046987
0.302205
0.997371
0.140543
0.036012
0.379805
0.694791
0.997371
0.077542
0.372584
0.055060
0.051037
0.048464
0.046580
0.042336
0.376198
0.084356
0.371000
0.437710
0.277831
0.349556
0.036367
0.079271
0.047829
0.057641
0.071799
0.044880
0.997667
0.027804
0.693050
0.999667
0.095305
0.390725
0.433596
0.496831
0.608796
0.684765
0.371377
0.367578
0.087716
0.386859
0.387987
0.092488
0.997667
0.071136
0.080628
0.455158
0.711194
0.026170
0.997667
0.386734
0.064373
0.686245
0.373061
0.053528
0.997371
0.066661
0.383589
0.388532
0.391414
0.695607
0.062089
0.683506
0.371061
0.369837
0.054686
0.366815
0.362418
0.673204
0.997371
0.050108
0.047870
0.700260
0.094377
0.079772
0.997371
0.393902
0.391507
0.057049
0.683264
0.046772
0.680305
0.679304
0.051607
0.997371
0.049934
0.061588
0.066638
0.086425
0.396715
0.018801
0.424240
0.311803
0.346213
0.340448
0.068473
0.316212
0.381929
0.382578
0.064036
0.370460
0.041784
0.015449
0.377096
0.293650
0.704542
0.308560
0.137505
0.438278
0.120696
0.078425
0.066536
0.689400
0.094607
0.437214
0.306484
0.648156
0.004801
0.997371
0.083706
0.067901
0.073502
0.040747
0.029806
0.035834
0.046159
0.066747
0.391909
0.997371
0.694877
0.072648
0.690120
0.358201
0.382076
0.997371
0.056109
0.680318
0.044261
0.361458
0.049034
0.363586
0.681878
0.112794
0.108464
0.387795
0.403733
0.383038
0.671127
0.079947
0.396656
0.089168
0.622028
0.697085
0.672011
0.381533
0.998848
0.685214
0.364430
0.053187
0.366181
0.362228
0.364675
0.694469
0.369805
0.065434
0.368054
0.075939
0.390516
0.690549
0.999908
0.082046
0.373075
0.105173
0.381613
0.367678
0.999908
0.065590
0.384728
0.390041
0.999908
0.078633
0.690741
0.077937
0.391421
0.086930
0.691357
0.396388
0.419092
0.110894
0.617212
0.105191
0.392640
0.082437
0.070377
0.074485
0.689800
0.386660
0.688976
0.346905
0.024949
0.066805
0.035758
0.406266
0.389277
0.710444
0.069180
0.319016
0.745816
0.001451
0.124545
0.379222
0.105797
0.119705
0.032012
0.339109
0.998646
0.699577
0.696943
0.609314
0.053112
0.343561
0.375541
0.083249
0.088015
0.691704
0.075990
0.018109
0.346531
0.102574
0.103576
0.613671
0.054369
0.674938
0.683246
0.091340
0.668881
0.299337
0.403179
0.326457
0.474933
0.018075
0.997371
0.047923
0.997371
0.074864
0.370803
0.688250
0.997371
0.384896
0.095428
0.077975
0.697454
0.384434
0.110911
0.068497
0.378966
0.074278
0.054989
0.303297
0.068412
0.015196
0.380158
0.692851
0.079266
0.685976
0.683615
0.683039
0.370720
0.371098
0.369513
0.369843
0.379545
0.376386
0.407680
0.288035
0.008803
0.367704
0.367231
0.357643
0.680073
0.686737
0.379668
0.685774
0.343880
0.999667
0.357686
0.087488
0.999667
0.075691
0.131424
0.296742
0.364277
0.360872
0.074011
0.077182
0.083963
0.083610
0.388433
0.087764
0.697165
0.364605
0.371911
0.323618
0.092405
0.091050
0.384876
0.355177
0.073834
0.687251
0.381577
0.069840
0.682094
0.372095
0.078011
0.997371
0.082299
0.380146
0.067917
0.375616
0.373955
0.060527
0.057308
0.683002
0.046586
0.333275
0.361597
0.041845
0.700260
0.997371
0.072378
0.363051
0.378577
0.058093
0.368542
0.997371
0.372195
0.052701
0.998895
0.362971
0.680120
0.064622
0.391087
0.691730
0.686640
0.387811
0.012617
0.429680
0.093908
0.668761
0.680853
0.679438
0.623266
0.997371
0.001994
0.377215
0.060439
0.042148
0.674073
0.109429
0.082333
0.025934
0.997371
0.141666
0.997371
0.387905
0.068163
0.997371
0.083597
0.373856
0.093119
0.334896
0.092168
0.614368
0.056478
0.089810
0.693732
0.686064
0.997371
0.047621
0.357236
0.373287
0.061222
0.997371
0.398670
0.694877
0.117445
0.417615
0.383803
0.384621
0.686910
0.687575
0.055429
0.679610
0.042287
0.361391
0.363009
0.681444
0.366031
0.073031
0.063708
0.682215
0.056069
0.356143
0.997371
0.111835
0.386053
0.743774
0.697085
0.084570
0.020580
0.398464
0.075495
0.678350
0.022565
0.327534
0.035243
0.679384
0.065346
0.036354
0.054669
0.999908
0.078802
0.069480
0.392471
0.696084
0.385693
0.378792
0.703252
0.682176
0.999908
0.682176
0.027807
0.413641
0.400960
0.999908
0.390041
0.388717
0.691674
0.080814
0.999355
0.092145
0.699087
0.107077
0.394306
0.704549
0.372757
0.390279
0.384542
0.066984
0.688340
0.998259
0.688340
0.382438
0.087252
0.304819
0.029949
0.703514
0.138835
0.064371
0.040103
0.684904
0.093677
0.491385
0.306926
0.999018
0.696579
0.162172
0.057493
0.684702
0.079480
0.111475
0.398484
0.059905
0.609314
0.371851
0.398027
0.060286
0.402609
0.690483
0.115317
0.314473
0.683803
0.120447
0.316052
0.998646
0.081544
0.067934
0.680071
0.058564
0.136185
0.748646
0.396474
0.305803
0.347268
0.417551
0.328897
0.071057
0.674472
0.030966
0.374357
0.675958
0.997371
0.370803
0.078967
0.377698
0.366058
0.997371
0.065801
0.687472
0.997371
0.687472
0.061376
0.067289
0.687677
0.997371
0.065177
0.685409
0.339827
0.688480
0.092518
0.063118
0.372137
0.059284
0.374215
0.374120
0.374650
0.376501
0.369226
0.322909
0.379631
0.694862
0.997667
0.378549
0.371159
0.364778
0.041171
0.050947
0.378223
0.075825
0.372568
0.673762
0.387417
0.054052
0.130670
0.999667
0.380026
0.047217
0.088056
0.304998
0.072485
0.698883
0.690961
0.693972
0.087229
0.378843
0.365991
0.685977
0.673531
0.376783
0.997667
0.006880
0.107378
0.689107
0.099658
0.400732
0.693133
0.091211
0.380228
0.071578
0.074479
0.691644
0.690834
0.071342
0.997371
0.376940
0.375366
0.375409
0.057525
0.368713
0.375105
0.307595
0.341374
0.619280
0.668806
0.011913
0.423995
0.378645
0.997371
0.679400
0.056043
0.060387
0.683874
0.998895
0.368331
0.363962
0.061203
0.997371
0.387342
0.080724
0.092540
0.388338
0.374095
0.388944
0.388216
0.081814
0.345869
0.360544
0.428301
0.623266
0.186326
0.374158
0.670785
0.375555
0.350472
0.384832
0.395822
0.157504
0.410096
0.191970
0.101667
0.079248
0.078438
0.381311
0.711100
0.372611
0.053079
0.162787
0.997371
0.030944
0.295008
0.411098
0.386881
0.385178
0.372034
0.997371
0.363888
0.366936
0.697389
0.397510
0.093344
0.700591
0.135263
0.122484
0.116275
0.395688
0.380119
0.686910
0.367857
0.361761
0.678763
0.997371
0.045883
0.681548
0.366518
0.060480
0.368420
0.997371
0.040942
0.291768
0.414195
0.038544
0.373935
0.044421
0.743774
0.392597
0.998848
0.427584
0.426255
0.021574
0.997371
0.307535
0.381958
0.091694
0.023837
0.009962
0.332916
0.403901
0.686598
0.110010
0.378054
0.114476
0.697131
0.065371
0.017398
0.703252
0.010298
0.306570
0.017888
0.050616
0.032484
0.076542
0.408669
0.385715
0.390544
0.390119
0.077131
0.083127
0.085910
0.999355
0.696048
0.071431
0.390635
0.377038
0.364357
0.039132
0.375600
0.688340
0.076882
0.375376
0.385270
0.107658
0.703514
0.737733
0.722150
0.314844
0.998646
0.019033
0.044617
0.040820
0.410761
0.696207
0.417813
0.058672
0.998646
0.387031
0.689894
0.081542
0.380132
0.322504
0.411419
0.325561
0.708621
0.691870
0.375065
0.129445
0.714185
0.430447
0.339843
0.360096
0.037803
0.693104
0.107443
0.609722
0.358210
0.998646
0.020512
0.999897
0.028193
0.036351
0.677057
0.395686
0.090615
0.313834
0.356626
0.369304
0.671711
0.050617
0.349260
0.015465
0.387051
0.373199
0.065017
0.363228
0.019867
0.683176
0.071042
0.059275
0.997371
0.057395
0.376198
0.687677
0.067846
0.684477
0.064016
0.077733
0.369064
0.684298
0.065064
0.686310
0.687057
0.688064
0.997667
0.081691
0.404884
0.331768
0.368651
0.353960
0.378549
0.997667
0.049928
0.055127
0.999667
0.681572
0.681231
0.080454
0.076310
0.073633
0.294533
0.157370
0.703203
0.380026
0.999667
0.436182
0.999667
0.127688
0.087920
0.697634
0.088917
0.393901
0.408890
0.219612
0.115307
0.029669
0.012134
0.437864
0.063421
0.107052
0.298486
0.085576
0.131819
0.092602
0.104781
0.394337
0.997371
0.690048
0.074675
0.382742
0.689791
0.380883
0.378476
0.376751
0.064163
0.997371
0.056737
0.375378
0.365821
0.376022
0.022844
0.369707
0.253430
0.181183
0.401968
0.997371
0.378645
0.046233
0.997371
0.068709
0.376332
0.685398
0.372566
0.367576
0.067531
0.693053
0.079630
0.997469
0.691631
0.689863
0.683241
0.388767
0.997469
0.066123
0.092207
0.356317
0.359222
0.107367
0.341960
0.419219
0.000862
0.997371
0.360109
0.674084
0.080420
0.349864
0.997371
0.395348
0.078992
0.997371
0.111776
0.130172
0.997371
0.026060
0.156563
0.699363
0.048927
0.057638
0.109820
0.293003
0.351776
0.370337
0.377643
0.055603
0.048715
0.363240
0.053857
0.085620
0.095917
0.403816
0.428600
0.400933
0.371599
0.073102
0.065157
0.374751
0.366384
0.997371
0.043345
0.361811
0.681548
0.997371
0.368968
0.053934
0.997371
0.049648
0.036902
0.740440
0.724084
0.390601
0.002619
0.997371
0.356934
0.348538
0.411012
0.487204
0.274371
0.338193
0.314879
0.042299
0.363065
0.122860
0.670415
0.646458
0.008488
0.409447
0.128820
0.379024
0.087881
0.383606
0.378645
0.373180
0.999908
0.003796
0.999908
0.353578
0.073331
0.394743
0.999002
0.050291
0.999355
0.409952
0.409899
0.374443
0.691045
0.073374
0.998259
0.388329
0.100332
0.398594
0.376427
0.359930
0.343481
0.339297
0.302689
0.374831
0.385500
0.372145
0.390864
0.991966
0.087542
0.015937
0.146576
0.694791
0.002814
0.068538
0.365893
0.998646
0.361472
0.349197
0.382871
0.072196
0.371286
0.375950
0.691564
0.079645
0.013090
0.998646
0.701745
0.117741
0.691870
0.077166
0.701592
0.139592
0.998646
0.056954
0.731956
0.015533
0.432073
0.716597
0.065233
0.397525
0.298048
0.057594
0.352360
0.425636
0.061170
0.389041
0.694765
0.090871
0.351729
0.472710
0.387594
0.377875
0.681517
0.687562
0.003804
0.373744
0.373428
0.688071
0.997371
0.089680
0.099788
0.384863
0.686404
0.068004
0.059865
0.683970
0.370844
0.371784
0.069554
0.379829
0.373354
0.381754
0.373858
0.068622
0.383676
0.070287
0.378338
0.378003
0.074078
0.692553
0.337750
0.691404
0.997667
0.056736
0.041457
0.681355
0.059708
0.367847
0.367824
0.372981
0.381650
0.392512
0.402392
0.702294
0.135929
0.999667
0.493741
0.393041
0.378418
0.371141
0.125716
0.078131
0.699634
0.999667
0.697634
0.058880
0.324491
0.185985
0.997667
0.423945
0.676557
0.381301
0.671460
0.686961
0.045850
0.067712
0.997371
0.690590
0.086479
0.383503
0.690048
0.382743
0.078687
0.382717
0.070643
0.688158
0.376046
0.062622
0.374951
0.686598
0.071783
0.370403
0.066538
0.365615
0.997371
0.094531
0.044235
0.702723
0.690159
0.386316
0.367728
0.054104
0.683797
0.094741
0.131384
0.384912
0.388809
0.075004
0.058983
0.078854
0.069720
0.691534
0.062778
0.369669
0.055160
0.380074
0.066145
0.688242
0.680830
0.073760
0.673005
0.374093
0.400120
0.042761
0.096003
0.685580
0.074590
0.072337
0.279903
0.059728
0.369511
0.361001
0.389047
0.101990
0.997371
0.415949
0.028475
0.167110
0.997371
0.181886
0.388072
0.744936
0.303388
0.359147
0.052747
0.372598
0.059365
0.372792
0.370446
0.368113
0.683547
0.997371
0.683547
0.098699
0.394963
0.350967
0.356405
0.366370
0.372762
0.388187
0.081535
0.371951
0.047659
0.361934
0.680419
0.034659
0.304177
0.054444
0.049802
0.997371
0.036162
0.018970
0.164951
0.334712
0.355212
0.037650
0.385632
0.088057
0.112421
0.310430
0.029445
0.640347
0.086133
0.997371
0.375040
0.074215
0.706014
0.039604
0.689825
0.082015
0.680843
0.411634
0.681491
0.078798
0.076031
0.048242
0.030376
0.368738
0.027000
0.060754
0.074773
0.697610
0.700184
0.141280
0.712585
0.076695
0.677401
0.323102
0.060387
0.686011
0.378884
0.388376
0.399251
0.087595
0.070328
0.069226
0.047699
0.233278
0.371352
0.062348
0.686478
0.069701
0.390572
0.371212
0.443746
0.132936
0.694791
0.998646
0.095061
0.683349
0.682198
0.681191
0.059515
0.060795
0.069533
0.384035
0.005671
0.052927
0.998646
0.086633
0.104975
0.701745
0.455208
0.000063
0.056234
0.100574
0.123030
0.114818
0.134568
0.395904
0.399295
0.087653
0.050140
0.047003
0.361566
0.387951
0.998646
0.375770
0.368370
0.067089
0.114616
0.408571
0.700843
0.047918
0.053882
0.664334
0.100982
0.686660
0.052419
0.064618
0.085978
0.048112
0.395870
0.054214
0.080942
0.065568
0.381184
0.383039
0.382497
0.997371
0.058729
0.682919
0.055613
0.066344
0.383519
0.385620
0.382356
0.395530
0.079148
0.382782
0.689250
0.381904
0.689171
0.075117
0.997667
0.098287
0.169447
0.349524
0.439322
0.118042
0.997667
0.048702
0.369128
0.381151
0.369507
0.071521
0.395153
0.999667
0.399627
0.095058
0.373092
0.135416
0.069225
0.081950
0.070299
0.067061
0.686563
0.379696
0.096000
0.390789
0.085407
0.997667
0.401740
0.376681
0.151737
0.700411
0.391239
0.345270
0.073599
0.076103
0.077425
0.352568
0.380349
0.687939
0.053224
0.075119
0.387254
0.090567
0.087404
0.997371
0.380532
0.062085
0.686190
0.058771
0.685050
0.071005
0.055802
0.376244
0.690397
0.056579
0.058890
0.035338
0.388982
0.375998
0.392423
0.683093
0.059578
0.062280
0.081489
0.998895
0.135686
0.069109
0.998895
0.698454
0.079163
0.688087
0.065482
0.686635
0.056414
0.997469
0.683897
0.048887
0.997469
0.050169
0.056030
0.060793
0.084265
0.700667
0.382208
0.997371
0.397346
0.391262
0.058643
0.022682
0.081901
0.678356
0.363830
0.019425
0.400095
0.096180
0.700009
0.377491
0.031457
0.316376
0.745542
0.070126
0.384863
0.055562
0.649743
0.357959
0.367750
0.066308
0.376055
0.684948
0.684076
0.997371
0.054549
0.368824
0.376402
0.374993
0.070003
0.359519
0.110600
0.366988
0.375520
0.100829
0.417955
0.052045
0.350820
0.362755
0.034259
0.691891
0.667505
0.619667
0.042018
0.041225
0.997371
0.072280
0.392012
0.997371
0.705406
0.390298
0.997371
0.702099
0.423108
0.102435
0.068873
0.359741
0.321873
0.064884
0.376709
0.075097
0.357708
0.391534
0.349173
0.076306
0.073115
0.067983
0.090475
0.693957
0.074078
0.999002
0.373274
0.357605
0.999002
0.365442
0.999002
0.075324
0.406779
0.385371
0.132649
0.747634
0.025417
0.686861
0.371225
0.361563
0.076769
0.693347
0.370005
0.400769
0.693820
0.695998
0.719181
0.098594
0.370770
0.684695
0.380924
0.049788
0.991966
0.390572
0.126340
0.314282
0.019188
0.694791
0.068709
0.091462
0.377422
0.078943
0.998646
0.694579
0.381310
0.071168
0.357637
0.007795
0.691564
0.072901
0.389630
0.091299
0.283771
0.072561
0.409001
0.998646
0.072105
0.696488
0.059641
0.700989
0.065643
0.085698
0.681396
0.677147
0.365497
0.681790
0.055334
0.686540
0.392833
0.409839
0.442972
0.159984
0.401732
0.120121
0.997371
0.362964
0.073653
0.997371
0.378052
0.078665
0.673123
0.707368
0.997371
0.048774
0.099319
0.695248
0.023173
0.044795
0.081976
0.387669
0.074443
0.683238
0.056816
0.997371
0.074555
0.079494
0.012549
0.383289
0.379444
0.690458
0.689981
0.074037
0.687715
0.077882
0.091339
0.021412
0.383780
0.133027
0.128132
0.318171
0.028307
0.041635
0.055341
0.376415
0.077145
0.689980
0.084801
0.094212
0.695491
0.393277
0.084644
0.071271
0.999667
0.693594
0.400570
0.691851
0.069815
0.061553
0.391334
0.683360
0.105691
0.683590
0.698270
0.101782
0.690349
0.084946
0.057318
0.381393
0.071732
0.997667
0.045723
0.340163
0.355715
0.375595
0.997371
0.374363
0.078341
0.126620
0.997371
0.137279
0.381119
0.055853
0.683141
0.054298
0.366789
0.373056
0.997371
0.049751
0.366611
0.997371
0.367258
0.694437
0.680442
0.068572
0.375774
0.369231
0.997371
0.685178
0.072282
0.704471
0.062499
0.365573
0.699978
0.378579
0.685342
0.688099
0.068515
0.684905
0.062476
0.683897
0.372462
0.367565
0.083046
0.371287
0.367566
0.376918
0.691700
0.108871
0.347554
0.397490
0.067309
0.383041
0.997371
0.088511
0.400754
0.138246
0.643363
0.440412
0.030863
0.700166
0.690594
0.339115
0.114184
0.386733
0.685898
0.071485
0.134239
0.679776
0.301644
0.332675
0.685764
0.687378
0.686128
0.060472
0.057505
0.058714
0.058981
0.058500
0.061232
0.056444
0.385576
0.493254
0.708853
0.036888
0.387758
0.404815
0.384359
0.359334
0.365734
0.045605
0.379992
0.997371
0.314187
0.433317
0.115395
0.675527
0.041623
0.363395
0.672590
0.072961
0.108152
0.373546
0.410463
0.161272
0.493018
0.685448
0.678081
0.064946
0.364048
0.025314
0.997371
0.063757
0.061925
0.023596
0.072575
0.400421
0.385056
0.140198
0.999002
0.087780
0.999002
0.055012
0.361128
0.322625
0.360559
0.374714
0.387152
0.080822
0.078262
0.687577
0.422615
0.072979
0.744208
0.075856
0.368596
0.381200
0.409039
0.107809
0.998259
0.678675
0.097534
0.149208
0.176402
0.069642
0.059932
0.683756
0.058690
0.995864
0.447147
0.110225
0.370305
0.606910
0.683389
0.129023
0.145118
0.998646
0.104048
0.998646
0.395392
0.091886
0.998646
0.098266
0.084204
0.688612
0.381482
0.075816
0.378810
0.371141
0.998646
0.376570
0.381827
0.698035
0.685486
0.693745
0.020874
0.362227
0.998646
0.071612
0.368164
0.060701
0.693844
0.677409
0.375477
0.081377
0.411750
0.347404
0.173067
0.098525
0.688322
0.415659
0.106958
0.389519
0.376993
0.052001
0.386811
0.079960
0.069394
0.423060
0.344854
0.997371
0.052041
0.380484
0.099548
0.693384
0.404283
0.745260
0.081177
0.684790
0.061863
0.686616
0.075462
0.611319
0.167709
0.686835
0.693631
0.686835
0.382337
0.070771
0.997667
0.072543
0.622505
0.744168
0.400720
0.695503
0.697613
0.674421
0.997667
0.070779
0.609735
0.121191
0.066732
0.999667
0.689980
0.691715
0.386999
0.685164
0.692413
0.378745
0.377792
0.094464
0.999667
0.077948
0.999667
0.044149
0.368198
0.999667
0.051358
0.390635
0.056443
0.129927
0.997667
0.690349
0.690354
0.374235
0.689538
0.077795
0.055359
0.608630
0.330112
0.359448
0.685837
0.367517
0.368525
0.112475
0.703526
0.391059
0.429819
0.030309
0.681220
0.369956
0.046322
0.356410
0.372952
0.678431
0.051266
0.368334
0.679044
0.052667
0.671000
0.033106
0.361014
0.361364
0.685178
0.375330
0.074239
0.070245
0.372590
0.607110
0.679806
0.293557
0.378251
0.071547
0.072748
0.686100
0.067901
0.363265
0.686463
0.074912
0.708347
0.399827
0.389758
0.997469
0.393693
0.725560
0.113146
0.374640
0.029095
0.368357
0.382205
0.691605
0.406368
0.127535
0.487310
0.260527
0.007758
0.367467
0.700166
0.386162
0.069744
0.686929
0.064595
0.382237
0.221401
0.132826
0.359092
0.018419
0.046429
0.376175
0.375238
0.683488
0.997371
0.370359
0.684916
0.373658
0.037797
0.998081
0.675446
0.114345
0.610722
0.998081
0.296032
0.380306
0.387287
0.370110
0.370820
0.380083
0.696659
0.075260
0.107391
0.013938
0.105512
0.049894
0.676789
0.997371
0.676789
0.375745
0.997371
0.110778
0.177837
0.112653
0.041365
0.072118
0.061257
0.377489
0.082935
0.437999
0.343612
0.012746
0.681768
0.386472
0.096966
0.697161
0.398513
0.408791
0.098980
0.377924
0.385200
0.396558
0.354369
0.133481
0.052101
0.082962
0.077833
0.690197
0.999002
0.385085
0.381152
0.352891
0.365885
0.373793
0.385583
0.366706
0.098614
0.000234
0.368827
0.399795
0.998259
0.408270
0.110117
0.998259
0.076594
0.380829
0.067627
0.682428
0.991966
0.346566
0.001899
0.095304
0.299551
0.998646
0.400219
0.110625
0.397247
0.699459
0.411161
0.433132
0.093050
0.017250
0.998646
0.392543
0.379983
0.059592
0.375835
0.677666
0.060308
0.601460
0.084084
0.080395
0.123121
0.130111
0.043843
0.691979
0.013261
0.370538
0.389358
0.997371
0.376676
0.069604
0.394827
0.119255
0.033471
0.022401
0.690877
0.045267
0.997371
0.362367
0.379521
0.003015
0.670653
0.312144
0.392566
0.388960
0.384857
0.067001
0.447819
0.634858
0.116925
0.392113
0.381551
0.104510
0.997371
0.706783
0.442618
0.053401
0.386326
0.085733
0.079716
0.110756
0.715197
0.381289
0.997371
0.386718
0.373590
0.059797
0.056730
0.378302
0.394713
0.305544
0.130447
0.378462
0.089407
0.399709
0.382578
0.320056
0.432798
0.998100
0.122234
0.067716
0.065521
0.064329
0.058918
0.680428
0.056343
0.363100
0.374774
0.137286
0.397342
0.094120
0.001003
0.073415
0.352919
0.683360
0.360189
0.076907
0.342439
0.010263
0.394728
0.129943
0.003739
0.059794
0.084040
0.384885
0.378345
0.363906
0.293763
0.041158
0.367517
0.997371
0.366957
0.023255
0.690970
0.427998
0.054356
0.682661
0.369606
0.068533
0.061373
0.042641
0.051269
0.688715
0.040273
0.355630
0.684022
0.031289
0.997371
0.012030
0.347823
0.670597
0.061343
0.088105
0.997371
0.067677
0.685469
0.372167
0.607110
0.375028
0.070278
0.381317
0.382753
0.688109
0.380675
0.006205
0.673956
0.031146
0.695761
0.997469
0.381140
0.396151
0.130680
0.733366
0.071002
0.076963
0.418268
0.073148
0.389629
0.391590
0.402869
0.381898
0.301336
0.339861
0.055478
0.322464
0.418526
0.024782
0.346588
0.680434
0.053646
0.302077
0.472748
0.329209
0.000845
0.674865
0.997371
0.052486
0.061673
0.369868
0.683488
0.052725
0.371966
0.670341
0.997371
0.026627
0.402154
0.370180
0.391796
0.296742
0.381168
0.998081
0.077129
0.687112
0.689941
0.383193
0.088898
0.384111
0.699388
0.401913
0.113793
0.421162
0.350934
0.676789
0.346654
0.041585
0.700526
0.068910
0.997371
0.360045
0.376718
0.388855
0.384834
0.997371
0.008001
0.367690
0.316046
0.043491
0.135852
0.997371
0.087465
0.407047
0.413259
0.397975
0.695089
0.398905
0.053018
0.079918
0.395190
0.999002
0.101059
0.695166
0.697021
0.078987
0.690197
0.365464
0.383823
0.120755
0.359959
0.326731
0.130937
0.291112
0.056141
0.064500
0.061377
0.079592
0.408270
0.998259
0.703340
0.107222
0.094012
0.995864
0.070603
0.684472
0.083467
0.278027
0.085779
0.055552
0.390378
0.092955
0.422119
0.397303
0.085374
0.012766
0.139880
0.409343
0.998646
0.060019
0.700119
0.375983
0.070704
0.362440
0.363679
0.066305
0.601460
0.680297
0.998646
0.086080
0.425645
0.372229
0.066694
0.053115
0.314319
0.671340
0.075349
0.308209
0.073617
0.068389
0.049008
0.110074
0.678059
0.039135
0.364503
0.066162
0.063916
0.374682
0.039367
0.341630
0.303455
0.091196
0.389111
0.690623
0.080259
0.345238
0.373189
0.057952
0.400200
0.417236
0.374886
0.080863
0.318427
0.410686
0.361761
0.681004
0.060764
0.385325
0.381844
0.389390
0.061032
0.406535
0.693631
0.375121
0.375533
0.062004
0.368585
0.364055
0.437075
0.101666
0.393852
0.058588
0.742076
0.147762
0.127161
0.702376
0.088523
0.745894
0.371212
0.056744
0.356168
0.999667
0.361526
0.999667
0.680428
0.058076
0.093089
0.412598
0.103850
0.999667
0.386888
0.706943
0.091863
0.359970
0.366210
0.038396
0.680414
0.064574
0.999667
0.328819
0.678537
0.999667
0.063424
0.997371
0.066155
0.057065
0.681242
0.054662
0.684674
0.054227
0.367168
0.041801
0.107573
0.678699
0.364831
0.053868
0.685600
0.069449
0.685804
0.997371
0.380384
0.684387
0.093817
0.057071
0.115688
0.074264
0.066795
0.344916
0.006654
0.997371
0.056718
0.403682
0.691019
0.070161
0.685300
0.371769
0.060046
0.068223
0.997371
0.688985
0.074531
0.073059
0.383735
0.095690
0.327000
0.148006
0.405375
0.695663
0.390324
0.070897
0.134261
0.385968
0.372369
0.328776
0.699756
0.089386
0.079497
0.997371
0.385003
0.382806
0.375242
0.366610
0.092262
0.114232
0.023142
0.997371
0.322709
0.025926
0.375534
0.435488
0.708368
0.676627
0.997371
0.022968
0.674865
0.055068
0.997371
0.053224
0.364766
0.049013
0.371313
0.376566
0.420143
0.319401
0.371597
0.695703
0.367512
0.062405
0.692301
0.382329
0.381060
0.072286
0.997371
0.689941
0.693452
0.699019
0.392941
0.397207
0.716062
0.442510
0.118223
0.041358
0.668714
0.067665
0.068160
0.059200
0.370132
0.363237
0.997371
0.380466
0.697092
0.080096
0.360053
0.310822
0.325277
0.020309
0.411934
0.381947
0.747371
0.152922
0.999002
0.102219
0.999002
0.386503
0.082138
0.382583
0.394878
0.089866
0.999002
0.102265
0.999002
0.078592
0.689391
0.379951
0.117283
0.065904
0.322935
0.411734
0.321793
0.073631
0.311956
0.084997
0.378669
0.076034
0.094630
0.114563
0.403916
0.703320
0.405499
0.396973
0.068462
0.043029
0.991966
0.656943
0.632883
0.044928
0.066643
0.386241
0.092346
0.702752
0.618993
0.725586
0.691237
0.698870
0.382304
0.063493
0.682302
0.701914
0.692328
0.373403
0.106545
0.376425
0.080981
0.014355
0.321650
0.367570
0.374928
0.063844
0.998646
0.079575
0.694554
0.393256
0.018745
0.997371
0.318792
0.433576
0.376352
0.340995
0.056161
0.689370
0.377810
0.080252
0.380890
0.595646
0.342684
0.026823
0.392412
0.091061
0.694926
0.095676
0.696172
0.081430
0.382556
0.612665
0.381881
0.011042
0.373209
0.170974
0.693039
0.300570
0.358078
0.363964
0.068226
0.687502
0.687591
0.308783
0.742703
0.393195
0.066870
0.688051
0.370998
0.067241
0.377361
0.360681
0.380639
0.399547
0.997667
0.064816
0.090646
0.148847
0.373488
0.368257
0.687679
0.373882
0.054354
0.352561
0.327562
0.680765
0.027309
0.680428
0.058740
0.682994
0.146841
0.315634
0.353070
0.386888
0.999667
0.436394
0.375768
0.054201
0.056324
0.682414
0.377785
0.302811
0.018904
0.167875
0.315077
0.044699
0.997371
0.076367
0.377234
0.051529
0.997371
0.366383
0.366300
0.049370
0.681286
0.043148
0.039732
0.997371
0.039214
0.361055
0.066868
0.379289
0.375881
0.685804
0.072621
0.385653
0.997371
0.691073
0.067971
0.697499
0.016990
0.399728
0.056997
0.099248
0.130480
0.408442
0.694162
0.074907
0.374801
0.684725
0.376017
0.071061
0.688985
0.381287
0.688798
0.688927
0.378138
0.087951
0.997371
0.142923
0.128919
0.127585
0.048963
0.059802
0.687793
0.076803
0.050780
0.302718
0.084107
0.389518
0.058705
0.690342
0.381619
0.693290
0.374652
0.374566
0.057562
0.997371
0.686938
0.387409
0.304292
0.045396
0.680664
0.052569
0.122249
0.390990
0.357210
0.699936
0.362463
0.065802
0.038366
0.035428
0.361502
0.683347
0.368265
0.067611
0.073701
0.122670
0.116521
0.387271
0.386410
0.688221
0.380591
0.998081
0.074390
0.381828
0.689941
0.077271
0.093426
0.392941
0.997371
0.692051
0.106114
0.089069
0.690643
0.074596
0.069521
0.997371
0.376118
0.375131
0.059436
0.366959
0.072280
0.394155
0.997371
0.697092
0.440387
0.009095
0.382824
0.076895
0.361435
0.072307
0.027377
0.999002
0.140434
0.999002
0.074133
0.686809
0.078103
0.998259
0.074006
0.386091
0.393463
0.700328
0.079670
0.087837
0.079144
0.088344
0.708224
0.319490
0.068068
0.014318
0.998259
0.696157
0.673462
0.093108
0.069702
0.692782
0.696464
0.998259
0.094744
0.413001
0.413116
0.076614
0.995864
0.361696
0.084684
0.065003
0.073782
0.072971
0.363948
0.060680
0.126559
0.125255
0.409905
0.076614
0.108490
0.691237
0.014265
0.411895
0.701914
0.061371
0.692185
0.104424
0.710460
0.167207
0.357181
0.351538
0.358466
0.067650
0.378019
0.061778
0.687400
0.064128
0.695176
0.394254
0.100600
0.318792
0.997371
0.026331
0.997371
0.686759
0.366903
0.383505
0.382420
0.077826
0.595646
0.659129
0.997371
0.032524
0.050839
0.382766
0.379341
0.384808
0.110919
0.395535
0.612665
0.997371
0.043606
0.119270
0.078289
0.412050
0.688926
0.036874
0.114875
0.047369
0.073121
0.064385
0.059377
0.372383
0.287342
0.434462
0.687219
0.683774
0.068355
0.689941
0.076006
0.064575
0.381216
0.688019
0.378841
0.379138
0.734902
0.998100
0.388382
0.048957
0.377470
0.998100
0.044920
0.331782
0.349634
0.670757
0.330118
0.332936
0.362418
0.077037
0.116896
0.400204
0.325984
0.682034
0.384757
0.379381
0.378631
0.378518
0.688225
0.372295
0.615602
0.379953
0.999667
0.704101
0.439534
0.387953
0.389494
0.689671
0.689184
0.048472
0.045263
0.680812
0.046758
0.362841
0.997371
0.045964
0.997371
0.360393
0.356332
0.355188
0.069290
0.083823
0.037651
0.685146
0.082658
0.079372
0.691073
0.383123
0.057753
0.028349
0.410160
0.034968
0.685345
0.997371
0.106647
0.393471
0.696402
0.382411
0.074066
0.378622
0.381754
0.074459
0.688991
0.380186
0.069671
0.061465
0.368793
0.057635
0.092723
0.396926
0.688458
0.683791
0.997371
0.061005
0.669034
0.309218
0.391377
0.360497
0.382957
0.376671
0.034954
0.363676
0.693290
0.054090
0.378200
0.384127
0.062865
0.126183
0.315661
0.632141
0.005890
0.052179
0.047110
0.370940
0.067572
0.686532
0.050891
0.677954
0.051971
0.346808
0.673706
0.675838
0.360276
0.365276
0.997371
0.071232
0.395853
0.743886
0.707945
0.113956
0.364804
0.392897
0.360349
0.074654
0.069883
0.380264
0.381190
0.687609
0.076759
0.695330
0.381980
0.066174
0.696771
0.997371
0.078613
0.997371
0.069364
0.376118
0.997371
0.375702
0.378224
0.371124
0.090935
0.405577
0.697092
0.096363
0.414128
0.166165
0.376697
0.061250
0.387304
0.385485
0.430631
0.141345
0.080907
0.054298
0.999002
0.065462
0.091354
0.691788
0.071354
0.370187
0.700780
0.064387
0.999414
0.690231
0.692921
0.693717
0.006103
0.678204
0.328356
0.096714
0.085148
0.368661
0.390019
0.067987
0.372138
0.375901
0.382755
0.696464
0.368915
0.401039
0.399235
0.060299
0.679901
0.356698
0.431545
0.380264
0.384733
0.676308
0.674823
0.356155
0.391900
0.377016
0.150082
0.428509
0.415782
0.314700
0.415725
0.308424
0.023991
0.683134
0.369015
0.120329
0.998646
0.182188
0.718441
0.609320
0.051971
0.679405
0.381906
0.018136
0.675411
0.010277
0.090016
0.699714
0.094809
0.368367
0.336944
0.350291
0.061909
0.672153
0.685393
0.066635
0.366831
0.100919
0.697336
0.038245
0.659129
0.072008
0.384370
0.997371
0.368065
0.380993
0.405849
0.009074
0.122905
0.024246
0.086285
0.004547
0.690736
0.698185
0.042227
0.997371
0.334628
0.686099
0.057320
0.369597
0.680240
0.049386
0.383302
0.417264
0.110672
0.687219
0.080759
0.390935
0.075821
0.374351
0.373184
0.101031
0.380305
0.685368
0.275493
0.387949
0.998100
0.346476
0.080035
0.367428
0.998100
0.051529
0.361199
0.348551
0.017174
0.051648
0.061827
0.688376
0.069432
0.069854
0.387943
0.692417
0.078551
0.689981
0.070749
0.691595
0.070133
0.377884
0.073286
0.001039
0.402946
0.132274
0.381984
0.386328
0.077499
0.067282
0.053882
0.045389
0.358011
0.678820
0.039781
0.997371
0.046081
0.045202
0.679065
0.040923
0.359359
0.358396
0.060966
0.667177
0.997371
0.017479
0.397611
0.690670
0.378572
0.682780
0.036278
0.745787
0.997371
0.745787
0.041068
0.685345
0.065648
0.381313
0.385990
0.082039
0.997371
0.386173
0.388488
0.077770
0.688760
0.379320
0.064214
0.056166
0.053665
0.069599
0.379236
0.383865
0.087765
0.377669
0.683791
0.358245
0.997371
0.325424
0.314225
0.385732
0.377922
0.076073
0.392623
0.320106
0.363472
0.400210
0.084352
0.094925
0.081522
0.685726
0.428682
0.037410
0.686669
0.698367
0.071085
0.063968
0.997371
0.070525
0.378618
0.678611
0.059725
0.362051
0.350181
0.032735
0.053335
0.356936
0.396322
0.399619
0.691247
0.401579
0.997371
0.318507
0.102929
0.997371
0.071468
0.374704
0.369378
0.068666
0.068469
0.688174
0.066668
0.375307
0.360913
0.044316
0.377426
0.696771
0.376582
0.379214
0.067214
0.065690
0.375702
0.997371
0.686789
0.075908
0.394898
0.106269
0.107806
0.389326
0.394795
0.394129
0.377940
0.059043
0.383131
0.386342
0.083191
0.385320
0.998259
0.372978
0.038943
0.057100
0.076129
0.390361
0.063268
0.683472
0.368918
0.376018
0.380346
0.380501
0.693717
0.069734
0.052273
0.999414
0.678204
0.400753
0.704939
0.386897
0.388712
0.066680
0.693958
0.369743
0.369254
0.054518
0.995864
0.051390
0.372855
0.054930
0.679790
0.678650
0.679992
0.079568
0.680972
0.369547
0.356448
0.683489
0.998646
0.058083
0.399322
0.373083
0.419932
0.418630
0.323924
0.350628
0.998646
0.025434
0.024368
0.198907
0.253329
0.429171
0.321525
0.003800
0.366299
0.998646
0.377026
0.090945
0.318997
0.998646
0.078092
0.699578
0.117433
0.059351
0.061143
0.394978
0.997371
0.372522
0.386916
0.690300
0.360390
0.344323
0.067533
0.127681
0.391186
0.360406
0.103577
0.687677
0.682622
0.339267
0.246600
0.002489
0.116412
0.403095
0.302249
0.011231
0.997371
0.074377
0.136373
0.041537
0.701336
0.095900
0.107702
0.118901
0.383012
0.290499
0.156100
0.111980
0.696206
0.697735
0.388153
0.083483
0.691322
0.691723
0.373263
0.387986
0.083502
0.067677
0.062656
0.249468
0.074035
0.086490
0.690143
0.686927
0.053011
0.688853
0.999667
0.379367
0.999667
0.688613
0.376315
0.999667
0.391322
0.089665
0.109199
0.099148
0.087451
0.081022
0.383038
0.999667
0.689596
0.384318
0.089652
0.095199
0.393445
0.692884
0.692734
0.379847
0.696227
0.695564
0.681026
0.041157
0.355093
0.676702
0.031774
0.039133
0.678836
0.361681
0.050928
0.364260
0.997371
0.048273
0.367890
0.060937
0.078502
0.289367
0.027757
0.050861
0.376467
0.683062
0.048727
0.681113
0.106243
0.077123
0.090028
0.366902
0.341607
0.678486
0.376479
0.080418
0.084465
0.089415
0.090229
0.080571
0.689107
0.380973
0.688834
0.685778
0.684880
0.071913
0.079394
0.365083
0.997371
0.382487
0.067250
0.059292
0.012616
0.997371
0.653761
0.692800
0.686379
0.687551
0.385223
0.364850
0.134642
0.127732
0.997371
0.392150
0.088164
0.375810
0.099780
0.687241
0.997944
0.377933
0.085403
0.997371
0.376066
0.382304
0.066805
0.086328
0.689619
0.077999
0.023609
0.997371
0.675979
0.374868
0.371519
0.128806
0.148496
0.691247
0.084210
0.403359
0.224703
0.701480
0.068178
0.360338
0.685692
0.375529
0.377378
0.997371
0.688174
0.371791
0.366716
0.064296
0.687033
0.064779
0.687249
0.376697
0.687116
0.062317
0.374191
0.686789
0.073632
0.997371
0.394799
0.394907
0.394667
0.092123
0.699293
0.088849
0.070962
0.370233
0.388836
0.389491
0.682778
0.692375
0.067147
0.998259
0.680087
0.050999
0.686544
0.693801
0.075055
0.374679
0.683472
0.061301
0.379600
0.689529
0.062936
0.689074
0.999414
0.367864
0.402550
0.407661
0.388580
0.075952
0.089808
0.379418
0.998259
0.064026
0.681467
0.101568
0.066087
0.372277
0.042206
0.047091
0.030483
0.047199
0.991966
0.065445
0.109953
0.089406
0.057311
0.046807
0.683489
0.047109
0.382697
0.387626
0.379260
0.146092
0.709642
0.136751
0.038766
0.437624
0.998646
0.390417
0.443918
0.134698
0.095872
0.053352
0.057094
0.351560
0.360560
0.374818
0.083651
0.079312
0.399803
0.394116
0.096121
0.997371
0.698391
0.397677
0.684500
0.078111
0.690300
0.366506
0.337882
0.321472
0.062592
0.213445
0.301419
0.082912
0.077874
0.080245
0.677759
0.092088
0.600898
0.100499
0.699528
0.689707
0.997371
0.121600
0.690736
0.143310
0.709397
0.431392
0.704280
0.400488
0.403332
0.086553
0.379612
0.743726
0.635262
0.145249
0.718550
0.086174
0.389260
0.079170
0.373035
0.082390
0.067114
0.380876
0.697000
0.067562
0.369690
0.049555
0.694142
0.374862
0.001862
0.120153
0.065355
0.083235
0.393253
0.079784
0.687046
0.379451
0.056788
0.389755
0.999667
0.108321
0.707123
0.706117
0.405174
0.400136
0.079931
0.689596
0.061515
0.088494
0.997667
0.104758
0.692884
0.689970
0.085532
0.049348
0.379562
0.073740
0.056341
0.042661
0.355595
0.675720
0.353776
0.041181
0.367772
0.681906
0.061624
0.371274
0.373527
0.058853
0.997371
0.685957
0.395910
0.103776
0.036240
0.359323
0.685234
0.363503
0.045716
0.681023
0.060025
0.287470
0.089843
0.068456
0.063444
0.669960
0.369491
0.075484
0.687733
0.382610
0.387428
0.085888
0.086939
0.083113
0.380673
0.375578
0.068213
0.997371
0.055562
0.378155
0.382781
0.378039
0.997371
0.371365
0.056209
0.075250
0.012494
0.062796
0.059971
0.061176
0.045975
0.707302
0.378161
0.115624
0.392150
0.997371
0.081559
0.063395
0.997944
0.109316
0.107008
0.338013
0.423916
0.060081
0.053857
0.682656
0.073368
0.701604
0.394714
0.106317
0.347386
0.355800
0.685416
0.085924
0.392731
0.146056
0.392739
0.074633
0.382308
0.739527
0.040878
0.111115
0.345894
0.352578
0.367612
0.367860
0.684005
0.377378
0.068791
0.384769
0.087677
0.082432
0.077277
0.066179
0.689641
0.376993
0.060819
0.369052
0.684077
0.061439
0.689787
0.384446
0.089641
0.997371
0.694737
0.694955
0.697457
0.107213
0.098060
0.379698
0.105325
0.997371
0.694487
0.377835
0.080266
0.679199
0.362044
0.060485
0.379765
0.376946
0.117782
0.088284
0.686230
0.061914
0.371192
0.687692
0.050594
0.366242
0.058466
0.075752
0.089102
0.696925
0.067898
0.620321
0.394045
0.013242
0.376514
0.112181
0.136128
0.126569
0.702771
0.114054
0.604472
0.034432
0.678210
0.674599
0.039244
0.705994
0.395901
0.113794
0.387626
0.375569
0.359412
0.046434
0.686465
0.388873
0.998646
0.080155
0.095132
0.377098
0.440518
0.703313
0.117201
0.299063
0.026350
0.080150
0.699786
0.058009
0.998646
0.339065
0.269685
0.078582
0.998646
0.067971
0.388408
0.997371
0.097525
0.106162
0.696875
0.130475
0.412079
0.392652
0.368817
0.033807
0.047169
0.095003
0.145839
0.687352
0.035480
0.044435
0.997371
0.399274
0.689117
0.387314
0.117507
0.003315
0.383910
0.074059
0.689707
0.376033
0.103165
0.319482
0.680225
0.707481
0.084509
0.997371
0.696524
0.074654
0.428405
0.329924
0.997371
0.333099
0.691860
0.082313
0.080769
0.064072
0.997371
0.053729
0.689232
0.997371
0.383613
0.072779
0.362287
0.361710
0.043127
0.038945
0.435592
0.404401
0.697125
0.998100
0.102315
0.699777
0.391873
0.054414
0.677408
0.066022
0.135573
0.154769
0.422291
0.999667
0.706117
0.697718
0.389704
0.135207
0.689292
0.066428
0.395180
0.115062
0.110561
0.999667
0.097397
0.090187
0.063315
0.387220
0.369762
0.358513
0.035524
0.357575
0.042444
0.678380
0.059329
0.686345
0.071738
0.377434
0.997371
0.376290
0.376480
0.072915
0.688052
0.070093
0.997371
0.367064
0.359323
0.028312
0.096486
0.018963
0.144933
0.383271
0.356219
0.400087
0.374690
0.708692
0.418879
0.068139
0.686986
0.375760
0.377245
0.691143
0.089539
0.997371
0.084877
0.380639
0.069963
0.068215
0.373421
0.430034
0.393935
0.121452
0.371365
0.997371
0.120719
0.997371
0.136504
0.378052
0.368530
0.367953
0.057714
0.064284
0.687341
0.084443
0.370310
0.380135
0.699946
0.061981
0.061095
0.680362
0.380096
0.091344
0.686937
0.369941
0.064273
0.392535
0.395760
0.705676
0.095509
0.740186
0.020280
0.348251
0.365432
0.433339
0.140197
0.998166
0.095580
0.385655
0.375459
0.682424
0.363660
0.061270
0.387978
0.033184
0.359371
0.684005
0.997371
0.374902
0.686032
0.082159
0.997371
0.395909
0.394100
0.078777
0.997371
0.380118
0.062878
0.365488
0.681909
0.056311
0.381727
0.692106
0.082744
0.694737
0.090704
0.396274
0.112469
0.083412
0.362855
0.089258
0.068247
0.031004
0.289259
0.021483
0.128539
0.371651
0.051064
0.074004
0.085304
0.063894
0.998259
0.385933
0.077059
0.368518
0.362214
0.364719
0.364096
0.999414
0.679732
0.686283
0.690460
0.101794
0.023286
0.033609
0.381563
0.737719
0.027507
0.709193
0.417931
0.702771
0.995864
0.007093
0.346441
0.370932
0.712629
0.113126
0.053629
0.704535
0.998646
0.120628
0.693844
0.681504
0.358552
0.041077
0.998646
0.381939
0.401952
0.495522
0.303833
0.057053
0.703313
0.697217
0.071539
0.686826
0.039478
0.391265
0.361907
0.998646
0.348200
0.300416
0.435882
0.091147
0.687684
0.036399
0.388201
0.077994
0.395568
0.386789
0.158876
0.157853
0.997371
0.397580
0.065406
0.997371
0.394586
0.997371
0.080176
0.692159
0.101017
0.340111
0.106038
0.088957
0.381808
0.046556
0.356287
0.667236
0.391050
0.997371
0.061587
0.378563
0.997371
0.042456
0.999287
0.362330
0.081766
0.696524
0.130041
0.068107
0.363171
0.145309
0.032860
0.398818
0.695208
0.386058
0.077740
0.997371
0.373215
0.352400
0.040663
0.081095
0.997371
0.051285
0.678015
0.675162
0.743207
0.413917
0.998100
0.082164
0.409797
0.404724
0.399809
0.998100
0.394586
0.054964
0.675873
0.043563
0.377956
0.385797
0.725564
0.400363
0.392114
0.125044
0.078246
0.414431
0.112436
0.620741
0.085905
0.081228
0.707758
0.081475
0.059195
0.690195
0.383740
0.378445
0.384234
0.368906
0.046007
0.997371
0.358348
0.359944
0.378626
0.394026
0.089730
0.384533
0.688856
0.382723
0.379892
0.376037
0.073402
0.056767
0.367064
0.682023
0.362830
0.041490
0.714141
0.997371
0.034669
0.087517
0.380141
0.702101
0.997371
0.398483
0.409992
0.128325
0.684086
0.374377
0.374804
0.082503
0.997371
0.089460
0.397230
0.391289
0.393332
0.068860
0.370185
0.383735
0.686923
0.382973
0.053722
0.056453
0.997371
0.434888
0.373900
0.375353
0.364850
0.368299
0.052987
0.373793
0.684809
0.348639
0.369065
0.034593
0.686692
0.012748
0.357358
0.683764
0.679789
0.068909
0.069701
0.997371
0.087913
0.387067
0.112648
0.997371
0.419184
0.067487
0.015670
0.342038
0.365042
0.404783
0.998166
0.430677
0.422464
0.098808
0.373964
0.365639
0.683650
0.023661
0.045699
0.619783
0.346861
0.066668
0.382135
0.067244
0.063373
0.067507
0.083912
0.093778
0.997371
0.082582
0.078062
0.380892
0.074625
0.373204
0.681585
0.371834
0.072913
0.690577
0.080115
0.693520
0.693592
0.101044
0.407795
0.090041
0.080074
0.370907
0.696439
0.281167
0.335739
0.997371
0.111314
0.997371
0.685395
0.084260
0.693799
0.072438
0.693888
0.082475
0.998259
0.090044
0.363467
0.044724
0.679678
0.065712
0.043890
0.061777
0.073086
0.695300
0.437819
0.269996
0.015302
0.047595
0.391448
0.098956
0.035759
0.072428
0.702771
0.683649
0.691579
0.674376
0.688587
0.412707
0.049351
0.083559
0.418607
0.414275
0.114788
0.389953
0.062514
0.354743
0.044921
0.311738
0.169932
0.998646
0.439342
0.085759
0.095958
0.695754
0.391181
0.387666
0.380809
0.375468
0.380736
0.035688
0.335692
0.146662
0.037479
0.080865
0.074269
0.073136
0.046804
0.378475
0.063399
0.392780
0.393320
0.639154
0.112594
0.099764
0.102420
0.054195
0.394818
0.138613
0.692159
0.997371
0.069800
0.057327
0.691716
0.358064
0.997371
0.366372
0.036693
0.048694
0.028761
0.058388
0.376061
0.387055
0.390859
0.686657
0.063135
0.398021
0.086164
0.685120
0.060779
0.685602
0.066816
0.439528
0.383783
0.389471
0.691784
0.072958
0.692149
0.069993
0.053791
0.103298
0.046989
0.997371
0.389235
0.366466
0.356893
0.339836
0.399922
0.704090
0.395522
0.075875
0.395120
0.128006
0.038591
0.081850
0.379832
0.081047
0.681814
0.047502
0.377985
0.382330
0.386992
0.079796
0.103828
0.997667
0.747351
0.361623
0.382093
0.080487
0.693940
0.082742
0.690954
0.076861
0.369651
0.997371
0.386680
0.383105
0.068221
0.684692
0.051905
0.678013
0.360335
0.373893
0.109820
0.389599
0.104541
0.694249
0.392065
0.077867
0.687630
0.376030
0.061724
0.997371
0.054825
0.685182
0.367048
0.071569
0.370304
0.411239
0.997371
0.377490
0.372150
0.382354
0.083585
0.393928
0.078671
0.372422
0.680406
0.369074
0.684762
0.079677
0.695424
0.694011
0.694624
0.086018
0.402138
0.046937
0.049090
0.997371
0.682068
0.055599
0.365764
0.997371
0.056614
0.689004
0.683363
0.364343
0.684003
0.367810
0.054895
0.371620
0.997371
0.370974
0.371137
0.064559
0.669686
0.042141
0.683192
0.997944
0.368599
0.093950
0.387475
0.082268
0.385714
0.083719
0.079327
0.094225
0.676430
0.696554
0.394378
0.072124
0.040601
0.374589
0.080649
0.101238
0.045503
0.091013
0.006135
0.038433
0.678130
0.026440
0.677931
0.171877
0.034693
0.396400
0.692510
0.082959
0.691960
0.383777
0.690392
0.697574
0.083199
0.997371
0.381465
0.375873
0.374674
0.384525
0.385630
0.080347
0.688633
0.383262
0.080910
0.088192
0.091729
0.997371
0.698716
0.126159
0.391247
0.391747
0.350861
0.345737
0.670871
0.673925
0.048658
0.685395
0.367224
0.100807
0.124329
0.393372
0.363447
0.366275
0.131152
0.153581
0.077501
0.459952
0.103103
0.998259
0.695444
0.685404
0.371159
0.377783
0.404164
0.160685
0.689935
0.998259
0.687540
0.080614
0.689385
0.683576
0.043618
0.099989
0.059985
0.393699
0.397149
0.381595
0.356605
0.398684
0.103632
0.381100
0.297595
0.998646
0.052148
0.373112
0.288517
0.354407
0.998646
0.121134
0.401160
0.109858
0.675598
0.393426
0.390283
0.084228
0.695846
0.390528
0.392670
0.379888
0.103786
0.078877
0.998646
0.689297
0.696311
0.072676
0.997371
0.074709
0.690475
0.063288
0.241809
0.399873
0.020406
0.997371
0.015655
0.682982
0.997371
0.062361
0.386334
0.072040
0.016184
0.692279
0.054231
0.676748
0.684120
0.358656
0.042527
0.684963
0.368365
0.375604
0.386612
0.078241
0.090490
0.401719
0.414484
0.707865
0.105696
0.688112
0.073008
0.685990
0.059353
0.378088
0.379947
0.381838
0.689157
0.381552
0.384111
0.391029
0.371496
0.054737
0.133241
0.086888
0.082619
0.349986
0.351919
0.049003
0.406344
0.130931
0.998100
0.103210
0.403969
0.624495
0.364458
0.379287
0.685728
0.070582
0.375773
0.087926
0.382877
0.381950
0.999667
0.366445
0.046954
0.158938
0.107643
0.422099
0.624322
0.370604
0.088895
0.081312
0.384341
0.694227
0.074288
0.690195
0.076356
0.689786
0.069681
0.687947
0.062715
0.681684
0.064568
0.381222
0.100652
0.997371
0.089229
0.697237
0.392537
0.077344
0.687558
0.375978
0.064944
0.685895
0.064789
0.997371
0.062359
0.688684
0.060962
0.370242
0.694469
0.036048
0.356229
0.687591
0.689047
0.997371
0.068601
0.680406
0.682359
0.997371
0.371765
0.377864
0.079894
0.084472
0.086219
0.380473
0.368207
0.043992
0.369702
0.052632
0.686923
0.055122
0.368174
0.682991
0.051252
0.683363
0.365411
0.370095
0.051055
0.367660
0.051833
0.684469
0.059781
0.372319
0.371063
0.051696
0.378878
0.360128
0.065275
0.069167
0.690121
0.084109
0.997371
0.687449
0.065102
0.997371
0.371898
0.139773
0.696554
0.411724
0.418130
0.090527
0.368391
0.364140
0.378049
0.051637
0.357057
0.684447
0.686405
0.695502
0.669527
0.061358
0.104465
0.711655
0.698270
0.997371
0.394489
0.691960
0.997371
0.691960
0.392739
0.082137
0.075820
0.072247
0.377401
0.069334
0.386099
0.695321
0.390313
0.086133
0.690723
0.083875
0.085998
0.690155
0.081328
0.698716
0.399870
0.106523
0.692878
0.687795
0.382792
0.997371
0.345737
0.358259
0.080298
0.683775
0.420381
0.131944
0.997371
0.397870
0.064481
0.049120
0.412048
0.394875
0.711495
0.715969
0.679777
0.375712
0.369887
0.060027
0.369565
0.056843
0.296232
0.112825
0.373886
0.082051
0.079038
0.081813
0.687394
0.055597
0.371278
0.029453
0.995864
0.097427
0.303872
0.393752
0.998646
0.684583
0.702338
0.388544
0.076845
0.373651
0.408519
0.307347
0.420247
0.056139
0.673056
0.398200
0.042785
0.151333
0.389237
0.998646
0.689136
0.084384
0.696544
0.998646
0.400311
0.107949
0.998646
0.394632
0.689297
0.398179
0.390573
0.079021
0.690574
0.692656
0.383647
0.292586
0.388636
0.997371
0.736381
0.378623
0.093263
0.614829
0.080032
0.391222
0.136691
0.354595
0.011165
0.289090
0.685841
0.023298
0.676748
0.033949
0.367116
0.369520
0.997371
0.062292
0.380172
0.689799
0.997371
0.086362
0.394642
0.707579
0.079967
0.691734
0.071267
0.687204
0.066258
0.068295
0.997371
0.071952
0.689532
0.088558
0.379138
0.391395
0.381167
0.053540
0.376932
0.381646
0.382101
0.387320
0.055025
0.379414
0.073617
0.385771
0.085059
0.445583
0.138082
0.090918
0.689010
0.057533
0.998100
0.685728
0.388205
0.076574
0.689303
0.999667
0.075420
0.060441
0.395407
0.997667
0.054919
0.350061
0.656111
0.319494
0.389977
0.096589
0.068789
0.689362
0.069677
0.072295
0.380468
0.997371
0.070671
0.689140
0.071003
0.378674
0.997371
0.386566
0.124096
0.046740
0.388680
0.387274
0.385988
0.070777
0.687061
0.375830
0.068116
0.688043
0.066403
0.053193
0.366983
0.683624
0.369624
0.061794
0.683523
0.040851
0.348125
0.042578
0.059500
0.689047
0.375969
0.048047
0.037383
0.682359
0.366896
0.374524
0.383649
0.383345
0.693012
0.394510
0.059584
0.051995
0.369715
0.373962
0.373307
0.373333
0.683312
0.371205
0.053899
0.680516
0.367720
0.677055
0.683827
0.364455
0.051096
0.682659
0.367599
0.056676
0.683687
0.369594
0.065145
0.396298
0.691936
0.997371
0.383347
0.380374
0.371597
0.044552
0.337861
0.381840
0.122627
0.130071
0.702702
0.128658
0.415071
0.042758
0.370907
0.685251
0.380034
0.146349
0.102587
0.093148
0.388856
0.686405
0.107277
0.411751
0.383737
0.744964
0.100319
0.398872
0.692510
0.089921
0.691960
0.080495
0.081135
0.382136
0.380004
0.376770
0.376389
0.066997
0.693891
0.384873
0.088252
0.394034
0.089324
0.997371
0.085122
0.997371
0.690155
0.385166
0.389169
0.400608
0.077779
0.692878
0.371492
0.054984
0.372365
0.040614
0.055006
0.123775
0.698903
0.113979
0.124208
0.390168
0.997371
0.384101
0.703208
0.998259
0.092979
0.064472
0.132752
0.053924
0.998259
0.682742
0.695750
0.688110
0.354878
0.066483
0.998259
0.692540
0.078460
0.078478
0.995864
0.687394
0.682719
0.370506
0.674778
0.393282
0.123584
0.995864
0.366708
0.702338
0.080765
0.745860
0.998646
0.096669
0.072303
0.745386
0.998646
0.422610
0.045519
0.079851
0.175308
0.399312
0.392435
0.078288
0.079868
0.998646
0.090225
0.400311
0.998646
0.097185
0.692765
0.095494
0.397017
0.696848
0.083228
0.075965
0.078363
0.083287
0.377630
0.649626
0.339587
0.416485
0.350756
0.098206
0.094959
0.691225
0.703152
0.074416
0.404287
0.420674
0.683582
0.383639
0.997371
0.002700
0.668488
0.063614
0.680706
0.062920
0.685107
0.047327
0.370490
0.379723
0.689799
0.075659
0.388227
0.692835
0.080239
0.689356
0.066667
0.997371
0.064367
0.997371
0.078418
0.059283
0.437670
0.103563
0.997371
0.353991
0.373053
0.051626
0.371128
0.375125
0.380804
0.078253
0.997667
0.380075
0.691420
0.998100
0.381893
0.092715
0.326772
0.689010
0.998100
0.374269
0.053241
0.367425
0.364917
0.070350
0.069548
0.379611
0.061108
0.684946
0.057718
0.132109
0.142026
0.708087
0.421254
0.043923
0.400329
0.997371
0.103246
0.113268
0.371993
0.688053
0.997371
0.069915
0.069865
0.688775
0.097721
0.391831
0.692846
0.106622
0.997371
0.022390
0.075498
0.072991
0.997371
0.379135
0.066516
0.686440
0.068138
0.690156
0.083183
0.059333
0.362528
0.681841
0.370132
0.380139
0.377026
0.035041
0.356392
0.367356
0.685804
0.376037
0.063732
0.997371
0.382894
0.040453
0.057422
0.063038
0.997371
0.383472
0.095008
0.098451
0.997371
0.377565
0.065620
0.375031
0.686009
0.063739
0.374861
0.682921
0.367552
0.371485
0.056658
0.063347
0.054404
0.354827
0.044324
0.679583
0.367152
0.059809
0.678386
0.061225
0.380114
0.408280
0.394539
0.691936
0.385296
0.361370
0.043032
0.997371
0.055511
0.678155
0.388933
0.177326
0.430980
0.190612
0.374084
0.057867
0.371839
0.687027
0.360829
0.031384
0.389880
0.997371
0.015085
0.137640
0.697596
0.089739
0.113264
0.093700
0.072763
0.080986
0.697973
0.087111
0.385329
0.997371
0.689600
0.689147
0.377009
0.997371
0.375253
0.373780
0.372041
0.375523
0.383086
0.091237
0.693413
0.693931
0.077108
0.690155
0.376936
0.372288
0.073828
0.387616
0.060795
0.061144
0.043910
0.378834
0.376147
0.365174
0.059121
0.379087
0.387129
0.075822
0.105129
0.696000
0.376992
0.078998
0.404120
0.106377
0.998259
0.133110
0.012274
0.359630
0.361579
0.078029
0.688110
0.056039
0.998259
0.052045
0.059798
0.690050
0.080055
0.995864
0.075940
0.059265
0.352176
0.341455
0.084004
0.370542
0.032299
0.376751
0.677192
0.110834
0.096465
0.384662
0.745860
0.381497
0.129294
0.078847
0.111685
0.043316
0.998646
0.052532
0.699211
0.386965
0.388062
0.386914
0.998646
0.385339
0.081208
0.398531
0.386834
0.417861
0.393417
0.364528
0.078826
0.387813
0.687966
0.070945
0.379533
0.384444
0.079355
0.051285
0.677475
0.997371
0.360433
0.078130
0.715494
0.395576
0.097061
0.035218
0.360217
0.378715
0.371956
0.380193
0.394301
0.391491
0.366082
0.077368
0.371624
0.373884
0.687068
0.061928
0.371821
0.371859
0.689051
0.072367
0.385913
0.692356
0.076868
0.689975
0.060973
0.073814
0.371085
0.390635
0.691913
0.084812
0.382810
0.325950
0.353991
0.997371
0.350542
0.051585
0.369225
0.375899
0.383184
0.303124
0.381267
0.379535
0.378713
0.381460
0.998100
0.317155
0.674201
0.071539
0.374269
0.692949
0.376979
0.351399
0.070664
0.378711
0.687750
0.377068
0.058098
0.354484
0.352292
0.399535
0.708087
0.997667
0.397301
0.077817
0.389582
0.401507
0.390179
0.390202
0.113212
0.063099
0.065132
0.685517
0.374882
0.376944
0.388211
0.122107
0.426476
0.128470
0.090363
0.997371
0.696809
0.074702
0.072613
0.688058
0.067998
0.684653
0.376098
0.072261
0.997371
0.090714
0.365962
0.681791
0.376294
0.061728
0.688573
0.055404
0.683051
0.685883
0.372739
0.997371
0.379848
0.075360
0.997371
0.696182
0.683476
0.060838
0.383472
0.997371
0.387830
0.089601
0.690568
0.384142
0.068104
0.373044
0.686242
0.059689
0.375911
0.687004
0.377111
0.064483
0.997371
0.381711
0.319296
0.421906
0.027161
0.683450
0.051295
0.370007
0.680913
0.066842
0.385942
0.403734
0.117737
0.695321
0.380371
0.364665
0.367152
0.364109
0.077853
0.685242
0.379957
0.069585
0.997371
0.700153
0.380818
0.061894
0.377334
0.997371
0.053726
0.068555
0.382125
0.448166
0.067980
0.066480
0.375616
0.123498
0.695108
0.997371
0.387252
0.997371
0.387439
0.377941
0.063079
0.689600
0.069109
0.379855
0.380877
0.055538
0.358418
0.354249
0.350328
0.363175
0.363270
0.080280
0.696567
0.082774
0.368246
0.373994
0.050550
0.072499
0.997371
0.380170
0.688803
0.387834
0.383723
0.093281
0.348778
0.353732
0.356997
0.054667
0.127578
0.105254
0.997371
0.400605
0.371158
0.074192
0.397544
0.114953
0.400878
0.052509
0.998259
0.051831
0.684707
0.417228
0.054840
0.028202
0.071848
0.387717
0.686052
0.363122
0.086801
0.381389
0.995864
0.688590
0.353542
0.375646
0.365371
0.381574
0.340500
0.053245
0.649857
0.106984
0.988549
0.069182
0.381037
0.377140
0.382448
0.679833
0.998646
0.052172
0.057973
0.998646
0.051542
0.693471
0.694232
0.998646
0.386914
0.380225
0.058484
0.381784
0.718346
0.998646
0.369633
0.424727
0.367588
0.059652
0.998646
0.055317
0.681024
0.062970
0.991966
0.069573
0.348518
0.677475
0.116040
0.441378
0.997371
0.100781
0.055235
0.349084
0.359931
0.369333
0.372826
0.376583
0.395970
0.382536
0.997371
0.346564
0.053418
0.368718
0.364820
0.745000
0.393183
0.373632
0.684777
0.065764
0.382310
0.691899
0.067670
0.685821
0.056058
0.370548
0.306086
0.422176
0.700444
0.187778
0.418897
0.997371
0.325950
0.024260
0.997371
0.050666
0.685442
0.689029
0.612885
0.673642
0.687610
0.053569
0.387933
0.382034
0.374126
0.070135
0.308286
0.690610
0.385126
0.998100
0.692949
0.383904
0.061700
0.378341
0.378841
0.687933
0.377840
0.061635
0.354868
0.997667
0.101894
0.708087
0.700322
0.381028
0.693988
0.997371
0.693988
0.434708
0.044333
0.685004
0.685517
0.997371
0.685517
0.685435
0.687370
0.134735
0.997371
0.094445
0.997371
0.389340
0.073805
0.381926
0.997371
0.380592
0.066463
0.997371
0.373241
0.065605
0.691525
0.066540
0.370076
0.685139
0.048788
0.371075
0.683712
0.057675
0.069389
0.060864
0.685883
0.079601
0.689838
0.077678
0.064444
0.374707
0.682341
0.077587
0.072175
0.692354
0.687617
0.394886
0.694425
0.392775
0.052703
0.367718
0.683520
0.054063
0.374072
0.687079
0.373492
0.070203
0.435359
0.698434
0.745779
0.618233
0.094244
0.997371
0.052671
0.367480
0.680762
0.370217
0.080071
0.396232
0.694297
0.393748
0.688518
0.378116
0.370583
0.370926
0.083233
0.689948
0.379083
0.043976
0.094837
0.687191
0.382555
0.057969
0.694912
0.687027
0.386617
0.040470
0.746587
0.997371
0.176515
0.997371
0.744619
0.123327
0.701763
0.069475
0.376886
0.689515
0.056340
0.681391
0.058553
0.377333
0.997371
0.076810
0.057484
0.366470
0.354654
0.341511
0.011223
0.997371
0.366692
0.064600
0.694052
0.385132
0.376421
0.055661
0.086506
0.383986
0.683672
0.378277
0.064178
0.997371
0.412148
0.489044
0.355158
0.034015
0.995864
0.427400
0.995864
0.223593
0.711397
0.424964
0.377348
0.691863
0.102575
0.997371
0.076295
0.376464
0.372106
0.684707
0.998259
0.037730
0.998259
0.685265
0.690435
0.692090
0.367620
0.084402
0.118958
0.693366
0.094503
0.416037
0.356702
0.040223
0.995864
0.347364
0.995864
0.626683
