#dev
0.188269
0.930703
0.704001
0.025951
0.729820
0.598999
0.427484
0.467828
0.334634
0.104220
0.019668
0.936190
0.866538
0.837179
0.135105
0.427143
0.924952
0.763371
0.919377
0.422766
0.222058
0.265415
0.459633
0.861358
0.965324
0.128129
0.524838
0.639009
0.672372
0.126580
0.032478
0.954353
0.712536
0.876984
0.170211
0.529499
0.603677
0.331243
0.834245
0.054390
0.142216
0.896703
0.586236
0.241221
0.678894
0.986061
0.539690
0.131082
0.314651
0.925453
0.374357
0.367439
0.443923
0.133140
0.748907
0.500258
0.552434
0.122716
0.991395
0.079927
0.540816
0.963784
0.643171
0.770295
0.323573
0.864053
0.811997
0.493282
0.196399
0.519040
0.747411
0.110971
0.296970
0.042190
0.526521
0.361866
0.650040
0.857242
0.468596
0.062087
0.204132
0.858025
0.166197
0.435527
0.273059
0.855257
0.910372
0.184076
0.901742
0.506081
0.425336
0.494565
0.314965
0.215449
0.139081
0.906524
0.384211
0.298547
0.672034
0.247520
0.488012
0.874345
0.594870
0.952995
0.443565
0.630489
0.104245
0.907167
0.971719
0.851813
0.703878
0.711750
0.216011
0.765905
0.917289
0.360719
0.882860
0.641059
0.953561
0.881931
0.990284
0.720255
0.101781
0.419541
0.814028
0.520023
0.743022
0.653466
0.382345
0.529710
0.587644
0.671796
0.695280
0.663775
0.213738
0.576438
0.304269
0.930764
0.890309
0.968263
0.978444
0.655320
0.003427
0.141858
0.072137
0.926018
0.199379
0.547148
0.982579
0.928681
0.446814
0.930739
0.508488
0.882828
0.977953
0.248065
0.171656
0.833470
0.171874
0.992089
0.999385
0.701170
0.612518
0.178428
0.161934
0.384121
0.308691
0.882901
0.164396
0.195460
0.468702
0.577343
0.376589
0.349794
0.640369
0.544423
0.089772
0.162224
0.867402
0.472679
0.479038
0.152405
0.981478
0.898949
0.960843
0.651415
0.998696
0.046316
0.024025
0.070603
0.869346
0.730103
0.409173
0.723807
0.637660
0.410673
0.166871
0.496445
0.297038
0.057017
0.963218
0.460317
0.716618
0.756440
0.766455
0.459371
0.704176
0.829051
0.658251
0.191230
0.342534
0.557040
0.806311
0.318556
0.772827
0.352630
0.122057
0.834225
0.726202
0.709657
0.740883
0.430002
0.750450
0.415504
0.307378
0.869720
0.711546
0.155789
0.150315
0.718771
0.040494
0.596207
0.490339
0.840488
0.158795
0.656079
0.957304
0.429517
0.663509
0.737663
0.196098
0.339603
0.344457
0.994806
0.423372
0.889997
0.897706
0.023892
0.348662
0.246718
0.793960
0.958705
0.199569
0.902529
0.957693
0.527462
0.171344
0.487284
0.559501
0.972932
0.857958
0.377380
0.963683
0.492779
0.187554
0.822742
0.896077
0.283757
0.575361
0.039830
0.690766
0.986546
0.088626
0.131873
0.572851
0.053212
0.979715
0.479207
0.668888
0.881661
0.246103
0.314359
0.684924
0.675232
0.601998
0.463437
0.128997
0.444548
0.250424
0.337295
0.802297
0.035900
0.903057
0.316687
0.059359
0.068367
0.056159
0.053763
0.608189
0.322271
0.464782
0.250453
0.248360
0.935764
0.105987
0.249731
0.838097
0.334826
0.648942
0.849967
0.646151
0.604792
0.191289
0.921461
0.333900
0.077920
0.834615
0.448069
0.677325
0.690316
0.786770
0.050225
0.373971
0.690716
0.246510
0.867716
0.280339
0.960721
0.169743
0.124543
0.130731
0.537897
0.381596
0.982067
0.436707
0.285902
0.801712
0.362322
0.141208
0.505050
0.130320
0.727625
0.784076
0.957524
0.210614
0.006132
0.054151
0.237951
0.871321
0.611156
0.582039
0.956216
0.966598
0.204552
0.638858
0.228064
0.094896
0.375170
0.818159
0.762834
0.292441
0.850873
0.106395
0.278399
0.480610
0.329489
0.603942
0.302153
0.391699
0.327630
0.202969
0.984478
0.818304
0.917969
0.216565
0.567286
0.713447
0.401301
0.288219
0.434450
0.719363
0.369708
0.191963
0.401859
0.101922
0.526196
0.707845
0.370557
0.716482
0.783097
0.768453
0.814418
0.102659
0.549919
0.210401
0.560894
0.095288
0.708853
0.717342
0.065759
0.613687
0.264956
0.942298
0.106087
0.640033
0.234681
0.178068
0.604837
0.581093
0.421851
0.682973
0.849765
0.408196
0.729492
0.540179
0.732622
0.542750
0.709046
0.453845
0.974861
0.675206
0.779140
0.683043
0.645718
0.522267
0.812897
0.450141
0.249554
0.310597
0.438394
0.996478
0.252784
0.067187
0.998492
0.403836
0.237281
0.060790
0.735393
0.561544
0.866760
0.111216
0.697839
0.988864
0.104589
0.521313
0.395114
0.670527
0.554599
0.819759
0.356578
0.726483
0.448653
0.982620
0.997394
0.508751
0.573673
0.651263
0.273845
0.039059
0.823152
0.828819
0.252818
0.308083
0.940236
0.533886
0.371990
0.634739
0.366775
0.757438
0.766333
0.613125
0.760292
0.317740
0.753810
0.283409
0.132939
0.771043
0.563689
0.475840
0.506894
0.517430
0.544568
0.266015
0.382425
0.667808
0.779845
0.412934
0.950423
0.807899
0.874482
0.344733
0.232458
0.628334
0.251274
0.822635
0.939538
0.778524
0.934516
0.010701
0.656317
0.459816
0.315570
0.263515
0.690500
0.086210
0.834209
0.018890
0.896957
0.116319
0.902100
0.547879
0.671259
0.377657
0.504903
0.816447
0.896140
0.265268
0.996412
0.995729
0.564157
0.174284
0.125165
0.411190
0.347469
0.915374
0.778911
0.432661
0.157330
0.330231
0.497313
0.511192
0.457264
0.460107
0.174841
0.596090
0.349805
0.684628
0.474880
0.394271
0.441577
0.923415
0.207864
0.539007
0.759074
0.133821
0.930478
0.937889
0.200715
0.720768
0.423574
0.389022
0.692305
0.547453
0.861937
0.555426
0.494491
0.868742
0.742037
0.432763
0.483625
0.744339
0.061741
0.443916
0.291996
0.290183
0.409988
0.951732
0.409840
0.129757
0.320664
0.551332
0.789022
0.669647
0.253579
0.535563
0.575675
0.575337
0.401192
0.018119
0.874368
0.215168
0.181601
0.742140
0.307070
0.695900
0.999673
0.538159
0.583062
0.677502
0.856864
0.961359
0.707309
0.844660
0.618323
0.118483
0.300171
0.066900
0.639973
0.170374
0.115664
0.908887
0.689090
0.095029
0.173147
0.690052
0.314970
0.942971
0.262017
0.342666
0.431040
0.983367
0.353789
0.406207
0.730366
0.594252
0.933314
0.821586
0.781315
0.808788
0.322714
0.371633
0.331853
0.704142
0.958976
0.446237
0.316882
0.969306
0.649833
0.005385
0.624501
0.469265
0.282310
0.557082
0.380159
0.438066
0.113629
0.467025
0.882531
0.382552
0.813695
0.952797
0.636290
0.208320
0.140171
0.588269
0.923767
0.633495
0.658778
0.627413
0.023203
0.324582
0.029590
0.945664
0.483650
0.359262
0.181118
0.058557
0.507765
0.627715
0.413354
0.600271
0.660222
0.457955
0.193679
0.589880
0.232219
0.469685
0.829999
0.962936
0.056754
0.100070
0.377290
0.555200
0.524762
0.125343
0.220075
0.270105
0.622724
0.342818
0.796648
0.490168
0.856500
0.444074
0.522891
0.275261
0.786615
0.364223
0.125648
0.069238
0.154170
0.443285
0.408224
0.974914
0.285541
0.789996
0.903783
0.291481
0.923939
0.048682
0.495517
0.495702
0.126960
0.385984
0.824077
0.918243
0.406200
0.032923
0.201143
0.670532
0.366785
0.032545
0.700468
0.238933
0.464709
0.394689
0.611177
0.326796
0.855946
0.384497
0.378775
0.908183
0.115562
0.954388
0.502686
0.898573
0.794011
0.951365
0.440325
0.858384
0.522375
0.820634
0.830892
0.657344
0.833718
0.507430
0.101065
0.146080
0.923730
0.603325
0.662651
0.632101
0.604321
0.759656
0.231395
0.038967
0.317290
0.814583
0.668510
0.159877
0.864399
0.063867
0.913217
0.692202
0.802183
0.807967
0.886213
0.971561
0.056327
0.685606
0.410627
0.398507
0.277125
0.859349
0.537846
0.775499
0.814858
0.651911
0.859387
0.626013
0.706423
0.589475
0.220911
0.452729
0.981308
0.633784
0.377794
0.881056
0.399359
0.868696
0.800436
0.222853
0.892594
0.536473
0.667765
0.850104
0.700656
0.628516
0.804828
0.478363
0.150908
0.555686
0.509899
0.285769
0.160587
0.632533
0.072518
0.417906
0.735082
0.382711
0.860027
0.706313
0.642942
0.231051
0.809512
0.135304
0.188716
0.009936
0.527186
0.176329
0.937490
0.439035
0.099814
0.441283
0.712926
0.200591
0.654180
0.228259
0.270685
0.336293
0.261271
0.408725
0.303078
0.142574
0.431852
0.370144
0.654300
0.791680
0.258720
0.439866
0.599163
0.106033
0.656899
0.604514
0.276291
0.859809
0.674408
0.555256
0.868478
0.067931
0.890528
0.956545
0.121612
0.889166
0.492491
0.599375
0.507059
0.254123
0.091445
0.176622
0.712844
0.414742
0.180005
0.146707
0.632835
0.380538
0.681659
0.543180
0.281388
0.286172
0.241024
0.074657
0.748743
0.049844
0.057263
0.046184
0.819647
0.204107
0.583846
0.046096
0.078063
0.278553
0.578844
0.179852
0.322990
0.902932
0.672817
0.514392
0.017022
0.491808
0.067352
0.115238
0.107462
0.627140
0.537068
0.327712
0.211222
0.529161
0.791254
0.158992
0.385093
0.301604
0.277710
0.566936
0.042721
0.254449
0.859491
0.134146
0.293301
0.892667
0.753144
0.902929
0.813636
0.256429
0.832203
0.642007
0.308311
0.897382
0.629003
0.504032
0.629893
0.864151
0.227438
0.081203
0.424608
0.682458
0.954774
0.363481
0.925281
0.282075
0.436980
0.810715
0.653401
0.522333
0.873536
0.849092
0.721238
0.074778
0.368167
0.948191
0.282678
0.657542
0.984306
0.303932
0.091820
0.499621
0.901029
0.993073
0.949856
0.509927
0.258329
0.646774
0.896081
0.298071
0.991263
0.756101
0.905156
0.350443
0.261246
0.135048
0.651610
0.512410
0.959572
0.962440
0.889766
0.218229
0.752377
0.760581
0.453250
0.694393
0.186545
0.375235
0.817458
0.736311
0.520485
0.149797
0.090037
0.515937
0.079767
0.359577
0.931767
0.659710
0.572190
0.335187
0.981196
0.279269
0.796033
0.473908
0.312959
0.525920
0.514804
0.353682
0.238510
0.154974
0.786498
0.936604
0.529925
0.655665
0.169682
0.310221
0.067702
0.151217
0.786335
0.669969
0.871791
0.973488
0.115286
0.321151
0.845463
0.835963
0.392888
0.072143
0.952413
0.683193
0.990985
0.622218
0.551522
0.696313
0.867561
0.709366
0.558102
0.742310
0.993192
0.089776
0.796723
0.725134
0.256629
0.756854
0.404804
0.332709
0.064797
0.481463
0.468294
0.374977
0.354846
0.245960
0.985604
0.121148
0.816921
0.853939
0.012557
0.412816
0.433231
0.998591
0.922842
0.043968
0.228854
0.860442
0.593074
0.446442
0.018584
0.546823
0.191266
0.634367
0.647645
0.969727
0.798772
0.974431
0.347263
0.346388
0.249523
0.538548
0.553116
0.080624
0.231833
0.736369
0.419464
0.197226
0.506999
0.838776
0.967194
0.532777
0.179196
0.908606
0.852704
0.982506
0.661334
0.116785
0.268259
0.134283
0.664255
0.303090
0.974406
0.629543
0.269164
0.850139
0.521810
0.540765
0.486885
0.182906
0.803485
0.581750
0.458493
0.737116
0.258083
0.128093
0.390192
0.607938
0.749479
0.050285
0.955754
0.892336
0.915344
0.402275
0.241403
0.367629
0.005313
0.887273
0.584040
0.545794
0.924403
0.985201
0.082104
0.545129
0.725907
0.089487
0.091095
0.912138
0.635501
0.303762
0.089519
0.588149
0.169880
0.702104
0.586605
0.274959
0.983040
0.292505
0.895849
0.436682
0.035252
0.246665
0.007908
0.052553
0.946722
0.696326
0.336661
0.776270
0.242544
0.745584
0.891723
0.677014
0.499497
0.929853
0.542138
0.847825
0.409870
0.957559
0.306571
0.527737
0.833300
0.914011
0.346475
0.451059
0.224580
0.573975
0.096513
0.913301
0.222909
0.867883
0.271032
0.828372
0.844728
0.855888
0.601440
0.192414
0.926317
0.685367
0.835829
0.009628
0.361089
0.514411
0.752587
0.565013
0.026872
0.271219
0.671790
0.935525
0.216679
0.554324
0.894048
0.848786
0.098007
0.049964
0.842610
0.258333
0.315664
0.311457
0.852014
0.684342
0.015730
0.793749
0.940449
0.143589
0.357294
0.018919
0.663053
0.083898
0.157124
0.941607
0.893649
0.664861
0.702909
0.935451
0.981202
0.053810
0.604932
0.702695
0.017439
0.496047
0.825335
0.361191
0.510752
0.180437
0.828926
0.449948
0.650136
0.561669
0.099892
0.751890
0.857519
0.571766
0.634033
0.218203
0.747616
0.105483
0.374975
0.622090
0.956036
0.393910
0.953352
0.522225
0.057843
0.281248
0.407645
0.001037
0.713522
0.432000
0.320951
0.205161
0.965030
0.856804
0.865838
0.872070
0.713593
0.639200
0.585000
0.616845
0.779523
0.953683
0.183788
0.287006
0.743616
0.515473
0.616059
0.103973
0.154779
0.919250
0.110982
0.701481
0.549235
0.379443
0.428485
0.570532
0.436812
0.446967
0.317378
0.525516
0.577998
0.162089
0.264715
0.737009
0.094297
0.922636
0.908893
0.925494
0.551175
0.260211
0.792790
0.690745
0.938987
0.680554
0.167073
0.549545
0.498731
0.240528
0.636821
0.377432
0.626422
0.403324
0.255597
0.077786
0.407102
0.781960
0.998178
0.835111
0.925919
0.292599
0.033719
0.322104
0.862782
0.184055
0.132006
0.217151
0.466571
0.875363
0.482978
0.017207
0.026902
0.053719
0.919292
0.989560
0.102571
0.391381
0.588427
0.455340
0.946880
0.410327
0.719016
0.120584
0.696386
0.632294
0.819404
0.721631
0.600855
0.420986
0.098000
0.606915
0.992373
0.871345
0.627261
0.485200
0.179028
0.293123
0.917932
0.300983
0.346185
0.135063
0.618741
0.093229
0.933177
0.510794
0.609608
0.717617
0.386832
0.524262
0.273609
0.100865
0.471517
0.603988
0.283771
0.306017
0.218560
0.591535
0.253866
0.349373
0.640717
0.986928
0.616020
0.574344
0.518706
0.925960
0.499354
0.278173
0.120285
0.091763
0.200100
0.449332
0.855474
0.083059
0.420751
0.323385
0.556689
0.058251
0.289447
0.342209
0.736105
0.829090
0.585911
0.016260
0.485470
0.617949
0.541237
0.574830
0.301185
0.343561
0.349241
0.749364
0.429254
0.533109
0.540241
0.096281
0.204839
0.542414
0.896246
0.126619
0.417984
0.015903
0.511632
0.790354
0.063366
0.046633
0.166585
0.355298
0.754806
0.962796
0.732482
0.138125
0.916375
0.527067
0.078961
0.273821
0.146980
0.591799
0.721033
0.557523
0.424737
0.206091
0.409847
0.338681
0.335813
0.167022
0.320870
0.393105
0.028744
0.190266
0.575545
0.217086
0.093019
0.935364
0.304022
0.274419
0.007572
0.045455
0.433265
0.548861
0.903046
0.184387
0.092547
0.400142
0.317732
0.606941
0.051870
0.951956
0.821825
0.458316
0.642521
0.237858
0.243416
0.441844
0.206666
0.450328
0.892043
0.440799
0.447436
0.155669
0.265706
0.649752
0.125046
0.201262
0.103422
0.828510
0.999847
0.621953
0.150360
0.799730
0.751033
0.691168
0.213655
0.678820
0.900674
0.823486
0.065427
0.757957
0.506717
0.454616
0.791544
0.217731
0.124937
0.859692
0.570217
0.960040
0.207296
0.850903
0.608516
0.940909
0.740757
0.072243
0.566169
0.325605
0.433887
0.505646
0.988128
0.031121
0.635307
0.564253
0.767935
0.500064
0.284477
0.691922
0.925274
0.649524
0.526976
0.552265
0.939520
0.439528
0.008385
0.186190
0.707749
0.536206
0.737358
0.876770
0.045606
0.529632
0.583244
0.988742
0.412442
0.577060
0.859739
0.773436
0.592180
0.447582
0.816051
0.746670
0.006842
0.559481
0.592620
0.877269
0.773401
0.839053
0.040995
0.759304
0.863696
0.248583
0.607378
0.395870
0.603119
0.587628
0.946737
0.081866
0.292540
0.168537
0.388516
0.445497
0.989781
0.004248
0.494560
0.472522
0.206476
0.070335
0.523029
0.695075
0.712429
0.657711
0.286223
0.751302
0.275993
0.007687
0.922258
0.708357
0.473326
0.804585
0.106601
0.556318
0.873725
0.226975
0.935184
0.713342
0.639215
0.457899
0.701136
0.493472
0.784998
0.705068
0.256453
0.960672
0.938530
0.058853
0.151825
0.280338
0.048618
0.140533
0.945505
0.359063
0.255878
0.484267
0.487972
0.683116
0.400782
0.519176
0.755023
0.695997
0.757897
0.734864
0.409084
0.837597
0.622119
0.034028
0.317494
0.465712
0.896113
0.105479
0.207306
0.930773
0.633791
0.142826
0.558025
0.134193
0.362688
0.938137
0.155471
0.199245
0.453209
0.892740
0.989616
0.572197
0.823990
0.202452
0.774294
0.773824
0.103326
0.332471
0.303972
0.382487
0.224666
0.135151
0.508498
0.066688
0.271635
0.866093
0.896464
0.936305
0.641448
0.001550
0.426548
0.158244
0.935860
0.780883
0.658244
0.116733
0.071174
0.716612
0.612450
0.995279
0.313018
0.903112
0.531562
0.042960
0.161544
0.581804
0.940491
0.160286
0.346897
0.401145
0.956183
0.419596
0.735895
0.756227
0.915010
0.513795
0.526164
0.164442
0.435404
0.619015
0.024809
0.286600
0.217280
0.147310
0.121201
0.939924
0.019469
0.162377
0.797638
0.570433
0.530250
0.813929
0.942426
0.503878
0.542314
0.916283
0.086051
0.020322
0.109389
0.326982
0.456249
0.588005
0.954365
0.067193
0.909492
0.434569
0.434079
0.333997
0.546959
0.062381
0.069727
0.774552
0.348945
0.160412
0.108944
0.384056
0.383747
0.006040
0.490433
0.336238
0.470691
0.560938
0.988246
0.311097
0.741704
0.767563
0.383486
0.726270
0.975760
0.565311
0.268912
0.653958
0.734048
0.933494
0.168308
0.484842
0.043540
0.194252
0.038984
0.125933
0.239961
0.281579
0.022740
0.154651
0.649565
0.908764
0.478234
0.032400
0.358336
0.298744
0.435124
0.765037
0.667732
0.429904
0.586403
0.014512
0.982377
0.690430
0.818048
0.266895
0.316255
0.320940
0.961988
0.570231
0.073385
0.498312
0.456189
0.316368
0.974420
0.110562
0.770701
0.470956
0.414210
0.977619
0.786274
0.394256
0.083741
0.066851
0.627688
0.452746
0.543777
0.263195
0.201502
0.930647
0.752368
0.906524
0.671320
0.415621
0.213694
0.075139
0.235875
0.880671
0.805654
0.742526
0.628806
0.812679
0.066390
0.280255
0.115706
0.067385
0.368533
0.435335
0.165112
0.952759
0.311364
0.034769
0.266164
0.571669
0.626896
0.219424
0.266610
0.576093
0.972013
0.486653
0.430063
0.506613
0.195430
0.026103
0.839618
0.291943
0.790180
0.612626
0.594154
0.665281
0.518395
0.317534
0.101415
0.290384
0.108939
0.705275
0.925064
0.775805
0.947605
0.484011
0.707568
0.157460
0.006293
0.309969
0.392569
0.436668
0.578390
0.937653
0.894339
0.633623
0.623365
0.039142
0.702243
0.237640
0.579581
0.960470
0.218667
0.759901
0.020292
0.663199
0.572620
0.098185
0.627615
0.133294
0.750662
0.054452
0.001452
0.192753
0.273809
0.475302
0.147598
0.784404
0.814792
0.154169
0.178786
0.326039
0.695136
0.806599
0.375696
0.352701
0.585868
0.741750
0.087887
0.638339
0.028675
0.362046
0.787516
0.860111
0.024666
0.558111
0.436160
0.236858
0.443648
0.579188
0.186130
0.831438
0.785484
0.873298
0.545787
0.294999
0.883494
0.951753
0.711203
0.987197
0.844126
0.956012
0.756339
0.914104
0.343012
0.630425
0.217175
0.866022
0.679796
0.842644
0.972801
0.138679
0.677277
0.077183
0.873760
0.208023
0.898060
0.061148
0.684427
0.672824
0.157179
0.390982
0.466001
0.449059
0.204533
0.913405
0.638229
0.910968
0.618201
0.292649
0.713937
0.038155
0.630120
0.461634
0.928039
0.305234
0.149691
0.220757
0.993441
0.496376
0.868632
0.500218
0.556034
0.844679
0.841194
0.547835
0.120057
0.185279
0.516299
0.523777
0.538184
0.518300
0.140499
0.577658
0.356696
0.646583
0.900151
0.025547
0.358564
0.074186
0.884895
0.729469
0.523828
0.112047
0.048466
0.377158
0.029546
0.171316
0.042714
0.153848
0.027320
0.363566
0.191444
0.051591
0.185843
0.148478
0.646578
0.957575
0.774351
0.548322
0.983951
0.055654
0.529991
0.106435
0.312853
0.241182
0.321850
0.822362
0.414686
0.136481
0.555263
0.814909
0.123635
0.273024
0.194694
0.808301
0.107280
0.618628
0.799164
0.115127
0.498209
0.337550
0.122405
0.808886
0.428840
0.614013
0.926539
0.991604
0.000217
0.103094
0.973365
0.517969
0.500146
0.826498
0.706000
0.333523
0.814907
0.755841
0.414612
0.613988
0.849157
0.246110
0.426744
0.596493
0.887617
0.641774
0.793019
0.108369
0.065719
0.694909
0.505009
0.109639
0.440270
0.747253
0.420200
0.652296
0.400309
0.447258
0.950300
0.650948
0.776999
0.031505
0.348771
0.180139
0.803373
0.001726
0.001169
0.135409
0.953057
0.400662
0.851593
0.286325
0.424252
0.530112
0.598735
0.825979
0.013063
0.983111
0.158418
0.594810
0.079948
0.571062
0.443270
0.386539
0.105192
0.329778
0.565866
0.086312
0.663892
0.171498
0.175081
0.348968
0.847231
0.220603
0.816955
0.898298
0.893615
0.908564
0.735567
0.163116
0.858571
0.909793
0.645398
0.506255
0.193681
0.048042
0.197731
0.938906
0.378965
0.887608
0.597698
0.432099
0.876453
0.512181
0.307562
0.273963
0.370533
0.575253
0.682552
0.706614
0.118203
0.340625
0.648618
0.188104
0.443793
0.802108
0.052374
0.237622
0.531832
0.932617
0.731780
0.157697
0.361592
0.440860
0.795762
0.004150
0.409869
0.556898
0.420544
0.558338
0.756654
0.196242
0.012517
0.609148
0.952688
0.407709
0.929373
0.483459
0.049036
0.256942
0.654324
0.179374
0.006796
0.871064
0.178521
0.909415
0.369137
0.327864
0.144510
0.900879
0.016787
0.644922
0.553398
0.524297
0.579965
0.461285
0.539277
0.622058
0.041987
0.930159
0.099944
0.228107
0.249228
0.100584
0.960628
0.943545
0.805076
0.076214
0.889609
0.346154
0.647384
0.839062
0.217688
0.045304
0.824871
0.826038
0.708466
0.975436
0.542136
0.579017
0.938412
0.176034
0.739211
0.659453
0.364612
0.605441
0.722924
0.052580
0.157705
0.248608
0.946336
0.682290
0.766398
0.220278
0.820818
0.035952
0.150726
0.347521
0.684350
0.050637
0.501226
0.498158
0.089804
0.052548
0.361705
0.160420
0.628322
0.055309
0.940483
0.477247
0.384769
0.918155
0.558840
0.395564
0.013319
0.721110
0.910889
0.153536
0.609612
0.132604
0.844896
0.140637
0.189071
0.098718
0.705900
0.916835
0.415697
0.867543
0.870880
0.855625
0.378233
0.344010
0.662961
0.515168
0.906511
0.138803
0.536702
0.273528
0.245140
0.190390
0.703324
0.365773
0.548654
0.684421
0.617994
0.907500
0.685665
0.524164
0.120756
0.502593
0.402451
0.095794
0.132292
0.131532
0.021262
0.471270
0.513896
0.265582
0.167235
0.869527
0.850566
0.914120
0.521471
0.695639
0.084157
0.996307
0.386999
0.261408
0.171575
0.240423
0.889144
0.495218
0.566945
0.507288
0.481423
0.131588
0.606842
0.058184
0.021341
0.761182
0.828661
0.939170
0.055355
0.371361
0.373029
0.226291
0.006311
0.939093
0.645304
0.810262
0.196693
0.997109
0.056289
0.432108
0.933201
0.797759
0.380676
0.597170
0.198176
0.585807
0.999686
0.374816
0.676070
0.072302
0.203065
0.063153
0.332943
0.409115
0.970045
0.686746
0.367523
0.902412
0.118944
0.772529
0.976782
0.399454
0.784630
0.083307
0.799707
0.435026
0.460620
0.794897
0.501870
0.951566
0.920802
0.094358
0.481670
0.002658
0.541910
0.512095
0.967340
0.526952
0.693352
0.435969
0.541994
0.924341
0.991824
0.693756
0.701376
0.086159
0.364463
0.631295
0.094354
0.205642
0.790890
0.604018
0.407634
0.525295
0.550293
0.882866
0.081117
0.237457
0.268131
0.842351
0.435585
0.538244
0.505916
0.435864
0.976292
0.010268
0.268887
0.905651
0.329997
0.664925
0.306934
0.753058
0.064102
0.371301
0.374542
0.086687
0.719091
0.718562
0.601272
0.746841
0.313181
0.456524
0.444884
0.295667
0.014004
0.311286
0.478771
0.082366
0.138838
0.627636
0.862213
0.707100
0.274005
0.817532
0.098907
0.178116
0.587051
0.036223
0.683471
0.793344
0.942531
0.828525
0.028513
0.986250
0.683806
0.322975
0.452560
0.309123
0.978412
0.958806
0.771659
0.934918
0.872125
0.939371
0.689650
0.138003
0.194757
0.767076
0.722854
0.558254
0.606576
0.152464
0.057718
0.602232
0.374820
0.548800
0.742512
0.327096
0.291249
0.960392
0.908648
0.871545
0.959711
0.846826
0.740162
0.024499
0.832201
0.906998
0.332179
0.484431
0.797209
0.708938
0.056122
0.684941
0.129005
0.138419
0.970596
0.717086
0.603963
0.997605
0.056427
0.634681
0.852576
0.992747
0.720470
0.600662
0.425256
0.427307
0.198523
0.532985
0.847596
0.955874
0.019915
0.796630
0.477041
0.468698
0.886811
0.520059
0.457867
0.952342
0.715702
0.292993
0.324343
0.816461
0.717357
0.627278
0.001594
0.669558
0.519243
0.980764
0.388173
0.769111
0.210143
0.498879
0.521100
0.936923
0.793841
0.610563
0.279939
0.614078
0.844974
0.211592
0.797645
0.098465
0.867760
0.413346
0.437956
0.950305
0.153710
0.559725
0.457012
0.828272
0.238550
0.797248
0.984944
0.813196
0.776743
0.598032
0.795229
0.942537
0.923749
0.004143
0.638532
0.493112
0.765675
0.503253
0.726240
0.460252
0.821426
0.425019
0.888598
0.058748
0.006919
0.927506
0.994568
0.456593
0.271233
0.432395
0.505868
0.810566
0.452479
0.972778
0.505965
0.138772
0.052496
0.090957
0.765537
0.197109
0.874416
0.715553
0.307763
0.053629
0.820535
0.954278
0.557747
0.128349
0.108565
0.854192
0.398081
0.409482
0.465810
0.345898
0.813609
0.115379
0.220810
0.538960
0.159280
0.161726
0.082613
0.057227
0.401041
0.254587
0.715759
0.775663
0.796004
0.772445
0.154969
0.272678
0.839012
0.757114
0.812944
0.968667
0.711852
0.408773
0.206994
0.754087
0.841886
0.500705
0.939672
0.187605
0.281202
0.792974
0.523434
0.881938
0.837390
0.951239
0.932457
0.604416
0.963905
0.959237
0.623172
0.060069
0.202324
0.765061
0.000448
0.253374
0.170538
0.807876
0.964470
0.243469
0.029437
0.440838
0.284587
0.816612
0.714600
0.577178
0.875299
0.945474
0.777032
0.541085
0.845208
0.531164
0.085531
0.176307
0.935548
0.021058
0.159637
0.248560
0.128597
0.550871
0.142583
0.739752
0.990022
0.807154
0.113718
0.361634
0.399540
0.177567
0.164620
0.774466
0.642072
0.828805
0.616715
0.265355
0.282159
0.300714
0.494536
0.875402
0.467304
0.251680
0.550775
0.941277
0.425367
0.153277
0.289529
0.183342
0.295260
0.576884
0.684399
0.699250
0.402046
0.103883
0.129625
0.550960
0.734072
0.733185
0.195797
0.028248
0.262551
0.661387
0.446820
0.768734
0.659019
0.724711
0.981086
0.770895
0.693475
0.167757
0.915938
0.181894
0.650541
0.338849
0.278546
0.727765
0.481557
0.798774
0.095735
0.602762
0.350680
0.109494
0.897003
0.792590
0.950445
0.479307
0.725008
0.589888
0.409060
0.765005
0.561959
0.808444
0.224543
0.151013
0.163424
0.926088
0.110411
0.768123
0.587467
0.517516
0.579404
0.505095
0.520506
0.482009
0.915306
0.276812
0.244800
0.253526
0.762209
0.811314
0.038638
0.600073
0.004161
0.920386
0.830820
0.395887
0.008609
0.836759
0.287217
0.675652
0.491698
0.194495
0.539534
0.068637
0.543740
0.053927
0.684993
0.748067
0.274993
0.031458
0.809649
0.124744
0.635501
0.387466
0.796369
0.643492
0.492844
0.199091
0.859039
0.107789
0.767202
0.642507
0.744902
0.535085
0.307622
0.621656
0.623876
0.628103
0.214456
0.494796
0.953430
0.702673
0.172894
0.500687
0.295727
0.429361
0.247733
0.503892
0.255251
0.785048
0.921030
0.241406
0.094318
0.354188
0.337244
0.035531
0.224447
0.922425
0.894621
0.662120
0.826682
0.443759
0.110859
0.247762
0.345936
0.884849
0.953978
0.779406
0.165302
0.526450
0.408543
0.407812
0.387044
0.574361
0.520080
0.621092
0.428408
0.864482
0.588292
0.762662
0.042332
0.174423
0.858279
0.021946
0.964939
0.735116
0.268859
0.986135
0.602146
0.699647
0.572698
0.203689
0.034773
0.224319
0.943553
0.868843
0.042805
0.772073
0.764659
0.131360
0.331639
0.005953
0.367184
0.404657
0.552549
0.117272
0.510625
0.172255
0.021748
0.468379
0.304755
0.758398
0.092355
0.534247
0.236057
0.461572
0.365474
0.233006
0.135744
0.774280
0.144405
0.947646
0.201195
0.600602
0.652540
0.885693
0.931899
0.703157
0.323479
0.599000
0.673217
0.878707
0.312972
0.611986
0.969175
0.688973
0.017741
0.475727
0.436347
0.119520
0.666694
0.391091
0.196024
0.260813
0.685356
0.712352
0.087394
0.504742
0.843942
0.461065
0.960480
0.626821
0.862081
0.927914
0.078842
0.325556
0.946791
0.919081
0.297545
0.959749
0.332438
0.286759
0.705038
0.552155
0.528918
0.565769
0.296099
0.101245
0.283284
0.486907
0.179119
0.396024
0.946290
0.441443
0.501147
0.193027
0.593556
0.890930
0.619290
0.667550
0.075827
0.934709
0.962441
0.667882
0.717682
0.618772
0.152639
0.703237
0.312160
0.870264
0.414549
0.802020
0.892611
0.620183
0.453136
0.952216
0.634456
0.602844
0.166231
0.642579
0.639612
0.536411
0.857563
0.970898
0.885843
0.858127
0.588500
0.580146
0.741975
0.546587
0.749061
0.577607
0.227332
0.869025
0.620995
0.135984
0.058442
0.373668
0.162594
0.265642
0.016192
0.257172
0.465356
0.677170
0.679662
0.198092
0.550051
0.663691
0.115597
0.104510
0.602043
0.760188
0.051175
0.394285
0.344846
0.866694
0.867931
0.748759
0.453555
0.634560
0.771391
0.765865
0.386780
0.838150
0.658471
0.019189
0.422298
0.112901
0.826737
0.309934
0.407565
0.806603
0.159273
0.905430
0.655369
0.532347
0.048618
0.489058
0.635833
0.644395
0.974903
0.022231
0.731290
0.894611
0.568030
0.531523
0.157563
0.626031
0.512254
0.696911
0.525248
0.477960
0.003639
0.416227
0.963806
0.716366
0.466005
0.063863
0.789689
0.264227
0.047852
0.928026
0.632191
0.635553
0.349405
0.201862
0.486111
0.417526
0.012848
0.492617
0.322123
0.388084
0.006847
0.095017
0.621698
0.788634
0.764776
0.417028
0.215715
0.727458
0.020333
0.037094
0.280938
0.000067
0.309260
0.672523
0.707418
0.155931
0.366230
0.031551
0.697666
0.091667
0.095083
0.461220
0.534919
0.530490
0.591824
0.765974
0.586980
0.975101
0.875374
0.505972
0.652328
0.161609
0.163013
0.859764
0.549247
0.057943
0.706833
0.295053
0.973788
0.450533
0.485047
0.297732
0.169962
0.354087
0.377487
0.398912
0.161533
0.613775
0.417595
0.269933
0.469469
0.197042
0.232189
0.455782
0.397122
0.890171
0.893462
0.039399
0.605599
0.316198
0.012535
0.496152
0.557893
0.816287
0.507148
0.954573
0.200040
0.523489
0.944061
0.943102
0.422911
0.690127
0.665019
0.312084
0.345781
0.588886
0.888577
0.886260
0.453523
0.221061
0.083180
0.458162
0.258247
0.058017
0.933186
0.081610
0.333317
0.585522
0.082250
0.293313
0.656765
0.783707
0.309991
0.577639
0.810655
0.673489
0.260051
0.215028
0.305776
0.805576
0.031726
0.910302
0.464123
0.219941
0.723839
0.497150
0.706721
0.917877
0.088492
0.445005
0.807121
0.768386
0.133002
0.162132
0.711822
0.815548
0.479483
0.673334
0.662467
0.010265
0.341270
0.553817
0.829980
0.102027
0.751070
0.095473
0.971307
0.984451
0.434311
0.063453
0.212805
0.679662
0.078814
0.736248
0.152727
0.905244
0.434142
0.800536
0.745309
0.124627
0.265916
0.353491
0.801426
0.015194
0.886174
0.432711
0.321052
0.573041
0.334364
0.001901
0.900386
0.830770
0.957749
0.945297
0.255587
0.413541
0.657464
0.813816
0.833941
0.464301
0.558882
0.691128
0.884788
0.693886
0.823677
0.650309
0.313733
0.364832
0.346516
0.815296
0.706197
0.605192
0.631617
0.661771
0.875999
0.823417
0.292910
0.946953
0.951776
0.707238
0.794813
0.776613
0.873232
0.935113
0.786889
0.951737
0.229495
0.701799
0.082261
0.709990
0.866697
0.400301
0.993506
0.533481
0.838945
0.548306
0.737035
0.251410
0.028406
0.582200
0.423264
0.562734
0.552692
0.547156
0.100160
0.350875
0.582054
0.615329
0.356363
0.192262
0.060365
0.690818
0.420684
0.877642
0.452094
0.081372
0.930556
0.096019
0.896497
0.101425
0.855326
0.873983
0.148497
0.834316
0.332984
0.538244
0.515895
0.735864
0.652315
0.668281
0.491897
0.965941
0.637005
0.443183
0.241864
0.745402
0.473955
0.347556
0.079740
0.655619
0.394318
0.193543
0.092860
0.926716
0.741209
0.819015
0.408681
0.745118
0.130798
0.537173
0.992183
0.594742
0.781025
0.013425
0.301874
0.319495
0.401279
0.726583
0.583095
0.945062
0.423334
0.700168
0.741973
0.359354
0.034122
0.854746
0.808262
0.554592
0.529651
0.894494
0.381521
0.657683
0.640721
0.283307
0.567703
0.094162
0.738861
0.942059
0.892089
0.666149
0.378217
0.085616
0.143446
0.595116
0.488290
0.064028
0.921900
0.751174
0.335478
0.547188
0.671868
0.724361
0.109330
0.438025
0.758842
0.499280
0.763049
0.980009
0.756212
0.478373
0.506881
0.775972
0.841644
0.214139
0.687057
0.414753
0.342067
0.506442
0.610548
0.839328
0.026678
0.594424
0.235176
0.136338
0.227585
0.917017
0.433033
0.405499
0.001205
0.771995
0.259581
0.523343
0.048028
0.908298
0.187331
0.866163
0.436070
0.424148
0.567407
0.240723
0.260720
0.895296
0.499337
0.899028
0.391709
0.551554
0.263567
0.517820
0.561775
0.980367
0.306160
0.508986
0.131033
0.735224
0.373859
0.020076
0.289996
0.632801
0.552899
0.182920
0.851085
0.251250
0.048149
0.692955
0.716099
0.305323
0.291871
0.944377
0.922587
0.331250
0.243981
0.920457
0.676957
0.421459
0.248202
0.730067
0.022324
0.109393
0.860316
0.398198
0.794814
0.717476
0.344453
0.739665
0.058020
0.393534
0.829169
0.272444
0.520460
0.316210
0.074365
0.233601
0.018710
0.338434
0.679786
0.341559
0.457122
0.147353
0.982052
0.670531
0.835796
0.383224
0.565539
0.455211
0.858349
0.409864
0.837919
0.086942
0.010859
0.443190
0.688092
0.679318
0.848445
0.696943
0.406286
0.225795
0.155941
0.317636
0.466469
0.321041
0.788027
0.172588
0.972179
0.119393
0.700423
0.591026
0.680470
0.528283
0.300063
0.801043
0.035944
0.623628
0.845769
0.963764
0.168497
0.892007
0.783250
0.086497
0.794304
0.786513
0.395291
0.951930
0.479165
0.287306
0.769902
0.080215
0.205190
0.913392
0.350773
0.241929
0.164169
0.090515
0.234491
0.555823
0.581151
0.764478
0.151136
0.676482
0.156722
0.904793
0.926813
0.240781
0.772334
0.487330
0.130539
0.882544
0.905432
0.015447
0.990222
0.823123
0.085004
0.647660
0.194150
0.929657
0.627876
0.978907
0.530691
0.127361
0.135291
0.076327
0.849513
0.128960
0.211161
0.025613
0.426456
0.371998
0.860280
0.198624
0.589813
0.148453
0.918625
0.327200
0.510777
0.783396
0.899812
0.053961
0.202485
0.029361
0.162428
0.642235
0.321892
0.046799
0.522300
0.349782
0.872543
0.441299
0.171079
0.412377
0.894478
0.125141
0.196570
0.623056
0.964607
0.610681
0.419085
0.032183
0.566002
0.869770
0.809226
0.905909
0.101054
0.797216
0.192686
0.760932
0.489064
0.584589
0.393213
0.208970
0.605814
0.977503
0.641276
0.583673
0.477417
0.286116
0.068249
0.646747
0.554291
0.522706
0.108419
0.261344
0.968571
0.826796
0.697469
0.133820
0.559476
0.128921
0.449455
0.836158
0.259940
0.317458
0.537129
0.278913
0.032766
0.074324
0.424533
0.978586
0.768264
0.397082
0.897390
0.395872
0.985129
0.036325
0.106514
0.776122
0.873539
0.854141
0.542177
0.436327
0.480146
0.204917
0.562462
0.871637
0.938997
0.903558
0.234843
0.128317
0.615135
0.275075
0.855614
0.260498
0.347664
0.066863
0.483772
0.678384
0.389936
0.091483
0.671473
0.550737
0.863822
0.090482
0.158334
0.061644
0.025100
0.253051
0.597307
0.079434
0.314227
0.668100
0.230511
0.185088
0.212106
0.862637
0.278660
0.961087
0.489176
0.907871
0.451253
0.063838
0.417910
0.829016
0.339546
0.920111
0.287592
0.503792
0.293080
0.598363
0.724490
0.693634
0.084872
0.629724
0.473009
0.432871
0.981646
0.582607
0.761222
0.863797
0.604179
0.243353
0.968920
0.705759
0.898950
0.208760
0.083825
0.386936
0.965168
0.862291
0.402181
0.248339
0.069601
0.563877
0.868244
0.997223
0.723519
0.834731
0.602207
0.385312
0.838974
0.436787
0.021249
0.106270
0.982398
0.026401
0.981479
0.634106
0.218340
0.170757
0.761672
0.693806
0.710581
0.541884
0.159366
0.598537
0.706995
0.308068
0.397117
0.682170
0.972499
0.808351
0.846598
0.676392
0.705115
0.377203
0.410596
0.350127
0.136582
0.459779
0.881689
0.063714
0.903558
0.371558
0.079978
0.656954
0.010099
0.079857
0.403425
0.150845
0.278000
0.260587
0.680253
0.006902
0.199305
0.575629
0.455043
0.861337
0.524804
0.260035
0.864548
0.987112
0.813026
0.761577
0.845979
0.784665
0.954672
0.567409
0.084437
0.958681
0.915900
0.635179
0.846134
0.097208
0.007660
0.842076
0.893532
0.071071
0.894320
0.820104
0.255332
0.253288
0.669276
0.876355
0.680440
0.304172
0.123745
0.742094
0.577187
0.259085
0.152405
0.664752
0.798131
0.520311
0.020326
0.285163
0.431886
0.017099
0.263467
0.432923
0.196342
0.230140
0.722934
0.952150
0.966383
0.747321
0.893709
0.136247
0.522090
0.841792
0.283478
0.923738
0.863312
0.853637
0.067722
0.479841
0.230513
0.571856
0.343999
0.873965
0.611406
0.810003
0.941245
0.647622
0.544110
0.949667
0.848365
0.957826
0.980531
0.690766
0.069023
0.657490
0.113165
0.943069
0.374466
0.037968
0.143427
0.863026
0.160957
0.582957
0.963489
0.174254
0.179664
0.962564
0.604048
0.096278
0.410985
0.798556
0.769786
0.478460
0.027815
0.545351
0.028889
0.925590
0.318088
0.917064
0.663831
0.186220
0.310538
0.831419
0.233010
0.529402
0.722552
0.191123
0.676323
0.981561
0.888468
0.258693
0.946417
0.651583
0.553051
0.850017
0.519646
0.003966
0.460101
0.445190
0.579317
0.209676
0.521329
0.134432
0.745932
0.021090
0.116377
0.545999
0.016211
0.187321
0.711250
0.677694
0.360721
0.002164
0.058534
0.431511
0.499128
0.208668
0.687653
0.361524
0.737161
0.268684
0.244812
0.339862
0.909263
0.836106
0.397936
0.847571
0.159075
0.589427
0.988444
0.151596
0.224119
0.119994
0.755507
0.652977
0.523397
0.121000
0.254946
0.023470
0.613729
0.260078
0.379186
0.898968
0.653352
0.973076
0.601067
0.800934
0.544821
0.413125
0.516352
0.715972
0.313418
0.399135
0.360825
0.405164
0.385828
0.699837
0.700118
0.736980
0.375503
0.178968
0.815913
0.260659
0.348394
0.326428
0.181982
0.152892
0.662912
0.668363
0.688328
0.793294
0.162573
0.442281
0.641413
0.439300
0.794594
0.244366
0.362429
0.086303
0.663171
0.904930
0.102497
0.093679
0.866783
0.471123
0.781690
0.933063
0.463718
0.517153
0.385258
0.545169
0.042575
0.251807
0.972289
0.770664
0.112330
0.538261
0.785479
0.816168
0.072101
0.516260
0.621205
0.317090
0.560232
0.352751
0.011784
0.525645
0.436875
0.621944
0.080903
0.167499
0.429013
0.104250
0.712480
0.428616
0.201545
0.617463
0.585688
0.131412
0.436663
0.871278
0.197113
0.884446
0.764650
0.833330
0.346733
0.712766
0.435270
0.573639
0.198892
0.438644
0.527169
0.923883
0.543292
0.848647
0.824731
0.254290
0.734096
0.088550
0.043525
0.487109
0.047012
0.830127
0.637136
0.681391
0.293320
0.782811
0.484342
0.735894
0.004283
0.230018
0.335488
0.358726
0.746827
0.277792
0.223697
0.384585
0.158465
0.657437
0.338212
0.020056
0.462530
0.641038
0.065706
0.948964
0.019349
0.247987
0.467403
0.513975
0.220055
0.452676
0.046213
0.035647
0.681614
0.980937
0.924080
0.660656
0.558078
0.110107
0.884995
0.918615
0.257057
0.191185
0.017690
0.180453
0.214554
0.589609
0.022285
0.765996
0.517278
0.013867
0.719900
0.156575
0.310708
0.560441
0.750562
0.289420
0.444033
0.963386
0.174257
0.700171
0.889573
0.882789
0.248485
0.341166
0.953840
0.406217
0.573528
0.535909
0.348619
0.250398
0.338444
0.081036
0.101478
0.338223
0.315591
0.119733
0.203437
0.061953
0.522656
0.775297
0.573898
0.622344
0.066510
0.637748
0.485682
0.522287
0.304833
0.074211
0.261593
0.681372
0.295936
0.816271
0.913414
0.485219
0.975390
0.742628
0.138874
0.573156
0.005283
0.897865
0.775720
0.654330
0.927771
0.289754
0.597525
0.401929
0.743105
0.406751
0.245922
0.456221
0.181908
0.759683
0.760189
0.139601
0.594931
0.439269
0.578924
0.192787
0.117932
0.103427
0.150412
0.144684
0.646272
0.171145
0.358184
0.964783
0.469202
0.056117
0.415584
0.974169
0.447850
0.073102
0.636518
0.338467
0.388323
0.289739
0.587141
0.485029
0.261082
0.969918
0.462419
0.800316
0.883258
0.802185
0.619199
0.717126
0.329640
0.565341
0.899748
0.711834
0.122755
0.037587
0.672387
0.638202
0.109430
0.386313
0.233662
0.737190
0.031234
0.110818
0.803984
0.514202
0.294604
0.274780
0.609307
0.570935
0.232922
0.730748
0.388547
0.444598
0.601250
0.573897
0.872309
0.241276
0.763405
0.982254
0.725052
0.472451
0.613165
0.017758
0.871273
0.306373
0.043940
0.036156
0.887159
0.642854
0.555653
0.039834
0.942479
0.896895
0.409749
0.109214
0.942554
0.440996
0.643558
0.765094
0.725671
0.787525
0.998176
0.592954
0.205387
0.192444
0.648761
0.344358
0.857290
0.503374
0.035988
0.210572
0.192684
0.253395
0.550151
0.526715
0.453732
0.884246
0.517227
0.345286
0.431185
0.157479
0.565593
0.446915
0.632137
0.540442
0.933960
0.311505
0.205394
0.318321
0.520715
0.529430
0.619967
0.238268
0.111878
0.311791
0.750720
0.413458
0.383316
0.179442
0.277070
0.451686
0.311132
0.138080
0.277422
0.195294
0.885013
0.543327
0.095126
0.108502
0.579899
0.334773
0.561650
0.188664
0.463243
0.077244
0.949370
0.945263
0.894128
0.544247
0.659224
0.542184
0.287026
0.962255
0.056153
0.864486
0.881502
0.102019
0.585859
0.201940
0.878891
0.547953
0.737403
0.261128
0.911095
0.639221
0.564404
0.571184
0.813185
0.993872
0.709223
0.452173
0.032329
0.484228
0.665227
0.908556
0.157457
0.109027
0.696859
0.103948
0.667755
0.033202
0.360230
0.900002
0.728931
0.064712
0.231953
0.906297
0.103790
0.981015
0.674049
0.115889
0.862058
0.174258
0.510468
0.690963
0.682002
0.369410
0.247847
0.434960
0.225963
0.295752
0.180892
0.733524
0.170613
0.818477
0.731678
0.980632
0.292067
0.619762
0.892276
0.113986
0.091861
0.060416
0.490752
0.672745
0.332503
0.653943
0.360369
0.740605
0.795436
0.991269
0.648995
0.149259
0.328899
0.109918
0.607593
0.964772
0.801678
0.896710
0.000159
0.557506
0.888940
0.135173
0.898797
0.631769
0.390299
0.292171
0.292302
0.553446
0.204590
0.913721
0.729684
0.922974
0.581367
0.945510
0.835815
0.780043
0.241176
0.084130
0.028540
0.449546
0.544862
0.122112
0.298226
0.122192
0.720508
0.692028
0.504322
0.755900
0.083571
0.907741
0.930889
0.155783
0.054037
0.506542
0.815415
0.683259
0.161211
0.623619
0.323225
0.422338
0.193537
0.486150
0.943274
0.929296
0.493567
0.851192
0.099506
0.468273
0.397077
0.979248
0.833941
0.619406
0.985085
0.430656
0.761307
0.989213
0.157095
0.888278
0.017827
0.778367
0.276772
0.987794
0.135530
0.914904
0.005129
0.513584
0.534415
0.258131
0.873367
0.077836
0.613530
0.859121
0.594304
0.124193
0.073448
0.938265
0.238688
0.912989
0.561193
0.041599
0.365943
0.477543
0.797925
0.870018
0.887687
0.861951
0.942899
0.565394
0.230680
0.528739
0.836660
0.483248
0.862126
0.475177
0.334153
0.803157
0.037256
0.432180
0.925372
0.017433
0.053985
0.698815
0.098239
0.609724
0.163668
0.644531
0.135246
0.973743
0.636556
0.193190
0.571587
0.135998
0.345636
0.487731
0.056615
0.614610
0.377864
0.268367
0.640651
0.170492
0.856379
0.924356
0.202854
0.360523
0.844436
0.889771
0.099899
0.180012
0.369442
0.534918
0.765823
0.350720
0.455592
0.491016
0.656130
0.559819
0.272867
0.767744
0.189116
0.445221
0.019342
0.959023
0.388652
0.036239
0.858252
0.456903
0.329127
0.550135
0.770585
0.128191
0.887950
0.691050
0.682287
0.372173
0.246362
0.346395
0.040766
0.435806
0.177304
0.697090
0.491095
0.177367
0.910673
0.294105
0.515222
0.050068
0.872405
0.568401
0.409283
0.629386
0.314028
0.170373
0.580412
0.785033
0.853352
0.535841
0.625825
0.150169
0.663155
0.378065
0.527833
0.463440
0.011501
0.560470
0.557952
0.047268
0.471848
0.836079
0.364834
0.078856
0.390472
0.492103
0.442006
0.646073
0.488944
0.428797
0.684703
0.142700
0.266195
0.969350
0.486713
0.427782
0.482932
0.753078
0.469268
0.979690
0.405248
0.839999
0.129617
0.941998
0.957882
0.255656
0.836941
0.456902
0.903765
0.157051
0.561447
0.781404
0.897812
0.802051
0.607495
0.697058
0.641093
0.175761
0.525947
0.268263
0.627859
0.260094
0.132046
0.735881
0.482918
0.240953
0.464233
0.708544
0.840559
0.816908
0.132579
0.836217
0.937937
0.011470
0.353013
0.119296
0.764245
0.477678
0.310030
0.268382
0.010225
0.120004
0.085030
0.228413
0.348063
0.517781
0.213326
0.806542
0.496302
0.111649
0.957849
0.283280
0.204284
0.576850
0.313925
0.975185
0.951468
0.343399
0.773657
0.785807
0.883566
0.594089
0.401310
0.207626
0.994330
0.459440
0.208001
0.696193
0.862542
0.888617
0.304532
0.550181
0.531510
0.083426
0.479400
0.916282
0.395543
0.386919
0.553300
0.361081
0.866382
0.489072
0.944587
0.975728
0.123500
0.291413
0.919248
0.612375
0.506260
0.224241
0.055597
0.800178
0.043028
0.369925
0.823945
0.905985
0.801783
0.971350
0.145249
0.240547
0.117383
0.525344
0.364811
0.161784
0.340354
0.328248
0.756550
0.685969
0.458478
0.377964
0.193551
0.125968
0.272315
0.688871
0.699353
0.570341
0.625328
0.260026
0.683824
0.382198
0.474112
0.991830
0.704101
0.913409
0.169265
0.282700
0.745799
0.425894
0.647060
0.787698
0.447778
0.212175
0.109978
0.990253
0.284875
0.583770
0.113401
0.852149
0.851211
0.016932
0.548890
0.564385
0.660242
0.126101
0.203167
0.442204
0.889626
0.388567
0.117593
0.583699
0.576125
0.828409
0.725970
0.256711
0.719901
0.139790
0.419023
0.979036
0.634432
0.492187
0.091154
0.219804
0.708224
0.312795
0.047781
0.054872
0.292185
0.530942
0.177858
0.357446
0.940886
0.739381
0.173444
0.270230
0.200515
0.668291
0.063331
0.282299
0.018727
0.766874
0.036935
0.889555
0.854139
0.079008
0.193483
0.140995
0.372246
0.314255
0.044995
0.624734
0.151144
0.931849
0.523939
0.310545
0.989697
0.347693
0.451470
0.993933
0.852554
0.264671
0.572982
0.656941
0.324487
0.633244
0.886636
0.321188
0.039543
0.437792
0.209599
0.789172
0.240980
0.236771
0.236962
0.092637
0.493316
0.070695
0.350416
0.455694
0.169328
0.697211
0.587682
0.771069
0.468578
0.370151
0.558669
0.038063
0.170234
0.099101
0.119268
0.149921
0.596145
0.104469
0.826422
0.997748
0.359556
0.413856
0.996336
0.901129
0.633673
0.169045
0.578089
0.127320
0.110457
0.466553
0.403742
0.138188
0.485617
0.722548
0.158908
0.546032
0.637306
0.716084
0.969600
0.576567
0.334410
0.251009
0.766328
0.562436
0.970842
0.711303
0.868615
0.228086
0.864558
0.638767
0.945394
0.803078
0.958087
0.604365
0.921660
0.514108
0.419666
0.390644
0.401009
0.376378
0.763323
0.464759
0.998653
0.224397
0.509638
0.558915
0.980575
0.304713
0.407924
0.343587
0.991836
0.884244
0.381128
0.681551
0.249816
0.015322
0.167139
0.087450
0.555181
0.821925
0.379011
0.134920
0.122713
0.332005
0.140936
0.794854
0.703199
0.551838
0.560022
0.744517
0.513269
0.154741
0.033772
0.545351
0.228559
0.005619
0.471851
0.281528
0.952454
0.853174
0.114716
0.612699
0.732939
0.654311
0.181913
0.600919
0.557977
0.332570
0.484589
0.798105
0.869219
0.669133
0.529620
0.648433
0.657651
0.757192
0.150831
0.788189
0.165584
0.966637
0.184408
0.379329
0.748933
0.036168
0.003555
0.554617
0.543340
0.276057
0.418919
0.790837
0.327798
0.390789
0.597814
0.768375
0.350162
0.252357
0.552612
0.773271
0.439481
0.629797
0.677326
0.001494
0.409267
0.138023
0.785763
0.331400
0.591659
0.160583
0.623968
0.132578
0.232398
0.549838
0.627178
0.918106
0.927517
0.259336
0.485105
0.859782
0.160766
0.633918
0.321116
0.156556
0.281703
0.712055
0.917342
0.555960
0.783043
0.092991
0.599799
0.105019
0.936540
0.620942
0.290573
0.875489
0.533195
0.444415
0.727549
0.440161
0.558914
0.947078
0.320211
0.540854
0.893427
0.315668
0.160981
0.500069
0.930132
0.230384
0.938256
0.599348
0.118712
0.626037
0.226838
0.037436
0.681591
0.891742
0.675410
0.146334
0.859331
0.138959
0.014939
0.786274
0.318471
0.579776
0.606664
0.061298
0.486585
0.098991
0.198374
0.542187
0.351722
0.176160
0.911873
0.696473
0.324265
0.490600
0.726470
0.396697
0.365466
0.318406
0.320553
0.695145
0.354716
0.872964
0.288204
0.050253
0.322526
0.638010
0.146697
0.197772
0.303259
0.755726
0.114635
0.756513
0.355105
0.344397
0.274644
0.618879
0.308467
0.085124
0.078569
0.422171
0.700761
0.311500
0.331104
0.946232
0.658248
0.608169
0.158099
0.702002
0.325618
0.443923
0.371155
0.126107
0.312882
0.674529
0.157759
0.588010
0.127383
0.813499
0.717626
0.554518
0.146154
0.421532
0.126978
0.994468
0.430037
0.864677
0.123475
0.994077
0.014396
0.267170
0.180150
0.187348
0.770166
0.888533
0.175861
0.379709
0.910748
0.209259
0.406020
0.597025
0.731763
0.960328
0.828338
0.963762
0.578130
0.595868
0.256260
0.587369
0.811855
0.624384
0.134145
0.082084
0.039399
0.792908
0.223988
0.132232
0.993717
0.792688
0.658831
0.497469
0.556864
0.529233
0.762653
0.072030
0.867464
0.599993
0.674482
0.795418
0.555796
0.647861
0.254066
0.688550
0.769677
0.328287
0.080584
0.669445
0.037781
0.533922
0.411566
0.745292
0.514304
0.977399
0.058083
0.139265
0.969732
0.625672
0.800146
0.893578
0.856395
0.616098
0.743486
0.794942
0.063070
0.144396
0.170067
0.441357
0.868339
0.299425
0.708844
0.053681
0.255060
0.502295
0.033834
0.922041
0.915089
0.083118
0.751268
0.153225
0.070497
0.764406
0.368616
0.684904
0.890458
0.504833
0.432118
0.186874
0.876892
0.051383
0.497021
0.856506
0.820897
0.834526
0.961300
0.909972
0.850020
0.874424
0.088859
0.494272
0.856261
0.422666
0.396123
0.316227
0.239159
0.091904
0.834860
0.568787
0.048892
0.595138
0.716941
0.094554
0.262555
0.469239
0.670501
0.570575
0.172953
0.757494
0.153324
0.033193
0.673606
0.709270
0.473994
0.040005
0.155254
0.678877
0.164793
0.237641
0.716979
0.299931
0.927100
0.165710
0.476939
0.327288
0.729143
0.672498
0.841326
0.599215
0.710884
0.787282
0.162186
0.122977
0.059198
0.024634
0.151471
0.244451
0.410632
0.672222
0.695712
0.065634
0.555324
0.216147
0.167925
0.233629
0.425070
0.815029
0.405170
0.873638
0.706318
0.070357
0.015269
0.881019
0.814668
0.728009
0.507630
0.050014
0.775320
0.652684
0.683412
0.297571
0.382217
0.258805
0.151168
0.659858
0.450152
0.670505
0.496965
0.088558
0.355999
0.378825
0.383176
0.567857
0.199025
0.022191
0.387901
0.596687
0.841790
0.639700
0.046337
0.942145
0.852824
0.135302
0.995399
0.248388
0.724566
0.591542
0.141290
0.982105
0.934202
0.127473
0.014233
0.384230
0.934194
0.397236
0.201875
0.072852
0.471490
0.060844
0.579270
0.371399
0.941528
0.161168
0.704375
0.907983
0.471957
0.641924
0.808601
0.806936
0.022233
0.118724
0.476587
0.554821
0.884213
0.643594
0.931551
0.224909
0.215317
0.804557
0.485563
0.962714
0.753596
0.094517
0.700266
0.918932
0.011723
0.633079
0.264752
0.035096
0.367132
0.893494
0.024787
0.283449
0.635524
0.983797
0.591839
0.099887
0.496202
0.962411
0.981479
0.462937
0.326110
0.887028
0.847901
0.420380
0.375296
0.351172
0.523403
0.077669
0.294458
0.752248
0.776618
0.290202
0.804298
0.851620
0.368679
0.367937
0.009930
0.271710
0.119085
0.250987
0.729477
0.664702
0.659078
0.265599
0.176219
0.666189
0.825362
0.060305
0.844912
0.496234
0.066078
0.662588
0.175958
0.817615
0.238246
0.219997
0.161334
0.131395
0.075302
0.500485
0.903136
0.555042
0.807835
0.151436
0.113410
0.056646
0.202716
0.253530
0.760894
0.425841
0.527260
0.474331
0.619246
0.060082
0.887209
0.919401
0.179404
0.693155
0.380599
0.309609
0.567428
0.947258
0.764085
0.767866
0.304420
0.053637
0.663268
0.084459
0.487180
0.559363
0.952768
0.826886
0.521780
0.666098
0.073321
0.969043
0.656253
0.174142
0.889418
0.408996
0.216481
0.522200
0.978876
0.819480
0.618920
0.107292
0.101435
0.897787
0.617157
0.974447
0.242515
0.340555
0.022990
0.913111
0.155725
0.525038
0.747627
0.364689
0.427821
0.114267
0.840012
0.007957
0.816358
0.973564
0.396885
0.168029
0.126284
0.166644
0.406873
0.808681
0.219689
0.339062
0.627265
0.882439
0.524698
0.865419
0.319767
0.590436
0.616227
0.276251
0.667668
0.053590
0.183677
0.154986
0.023039
0.224388
0.938498
0.040334
0.084663
0.327322
0.317343
0.442719
0.965659
0.755593
0.132864
0.614296
0.888881
0.268850
0.652243
0.852044
0.447142
0.424925
0.840711
0.185811
0.717548
0.878251
0.200456
0.052835
0.742470
0.226178
0.630645
0.904508
0.436157
0.265936
0.007382
0.468526
0.782115
0.420576
0.568265
0.111094
0.423140
0.829769
0.129078
0.341963
0.568523
0.605703
0.463853
0.084326
0.441091
0.497131
0.757081
0.918404
0.634454
0.954408
0.660694
0.800060
0.356474
0.160710
0.540486
0.874151
0.191341
0.101576
0.718049
0.238613
0.046883
0.345932
0.755637
0.083218
0.177348
0.862693
0.802674
0.412388
0.630846
0.400896
0.043137
0.872007
0.195090
0.517927
0.031559
0.515229
0.669795
0.096376
0.969949
0.063371
0.328008
0.789031
0.405977
0.418211
0.225229
0.463831
0.681214
0.356522
0.042133
0.873642
0.343167
0.153554
0.606245
0.983604
0.381983
0.928151
0.816541
0.982642
0.146928
0.039093
0.313505
0.863373
0.333405
0.572710
0.801045
0.751027
0.062113
0.700233
0.075379
0.118627
0.461003
0.226185
0.673696
0.661286
0.830468
0.444569
0.980349
0.482346
0.554484
0.337810
0.963445
0.230610
0.906488
0.236312
0.536986
0.830272
0.389154
0.268046
0.414852
0.169298
0.701901
0.903450
0.038623
0.811056
0.918294
0.698736
0.501966
0.017521
0.406116
0.190018
0.874577
0.717271
0.973996
0.942747
0.947570
0.911189
0.077434
0.839128
0.413106
0.323697
0.670735
0.035523
0.071723
0.114932
0.816018
0.059389
0.783482
0.453466
0.931590
0.579810
0.980063
0.791296
0.914595
0.488083
0.305423
0.410592
0.251334
0.497474
0.007624
0.150032
0.936560
0.118971
0.453813
0.139084
0.973707
0.118665
0.457922
0.639937
0.693626
0.610827
0.104997
0.034257
0.992011
0.408722
0.519850
0.207984
0.086364
0.934807
0.388125
0.741078
0.882787
0.597064
0.306448
0.856552
0.730943
0.454490
0.760885
0.027248
0.051614
0.029938
0.239873
0.779361
0.224090
0.261928
0.943633
0.915475
0.508211
0.720258
0.505935
0.250285
0.795756
0.916276
0.079328
0.699759
0.394828
0.812896
0.019332
0.176501
0.965171
0.648576
0.938808
0.254720
0.367496
0.022633
0.277231
0.808495
0.650950
0.607003
0.161870
0.174947
0.374061
0.034619
0.634130
0.524274
0.989608
0.821369
0.414229
0.752969
0.286004
0.883538
0.904949
0.873638
0.889311
0.263947
0.948883
0.619946
0.222873
0.447812
0.796080
0.180718
0.086901
0.675627
0.387493
0.032311
0.258758
0.409014
0.475641
0.959020
0.186189
0.712211
0.583343
0.290536
0.519571
0.334322
0.624456
0.193010
0.834227
0.445088
0.192063
0.622888
0.467959
0.941156
0.558307
0.183861
0.839715
0.323835
0.059699
0.057449
0.429550
0.098323
0.479783
0.144247
0.653951
0.375216
0.739878
0.339871
0.139792
0.706804
0.604559
0.058160
0.219627
0.673862
0.372687
0.832262
0.284972
0.285961
0.812222
0.496507
0.746560
0.974335
0.797574
0.550269
0.674133
0.867316
0.595800
0.097814
0.495837
0.842591
0.130922
0.060868
0.810380
0.668159
0.426876
0.285652
0.145123
0.666798
0.116160
0.872545
0.230720
0.981100
0.214756
0.500475
0.767805
0.563224
0.350115
0.202472
0.052844
0.773327
0.318378
0.773347
0.887362
0.422418
0.003992
0.601988
0.705418
0.640663
0.568703
0.862599
0.465833
0.164123
0.890766
0.862089
0.825227
0.006669
0.977097
0.411761
0.051433
0.686368
0.682890
0.904839
0.780138
0.795868
0.241733
0.668165
0.645357
0.004919
0.755167
0.994530
0.221168
0.242824
0.819306
0.226421
0.151509
0.683783
0.517237
0.574108
0.480031
0.025134
0.203410
0.029530
0.545344
0.855658
0.208562
0.347804
0.510379
0.528550
0.143651
0.472686
0.139260
0.923271
0.955916
0.890079
0.421532
0.766284
0.851146
0.910891
0.531877
0.418230
0.439312
0.063955
0.472835
0.282175
0.766278
0.171309
0.007321
0.473558
0.776911
0.878448
0.684855
0.268779
0.213657
0.814819
0.298029
0.939285
0.222901
0.105260
0.980476
0.126532
0.236950
0.878564
0.740846
0.337483
0.974431
0.009084
0.994536
0.779035
0.092828
0.662330
0.941121
0.613864
0.804635
0.923778
0.384985
0.242095
0.288497
0.796386
0.113235
0.997564
0.378390
0.128363
0.641613
0.220555
0.671342
0.346982
0.288444
0.228956
0.965871
0.542223
0.020268
0.877037
0.921959
0.078022
0.572137
0.957355
0.846102
0.168061
0.331034
0.380597
0.863407
0.193434
0.592563
0.246201
0.988623
0.964110
0.878197
0.400930
0.279738
0.934635
0.211813
0.852801
0.616007
0.923753
0.887898
0.365083
0.435937
0.300967
0.467268
0.272964
0.983389
0.581162
0.266233
0.038804
0.209134
0.898351
0.577965
0.457833
0.163305
0.945718
0.506107
0.833482
0.677514
0.502417
0.685291
0.620994
0.795040
0.995939
0.005520
0.172275
0.168581
0.347194
0.801104
0.658396
0.647322
0.335282
0.973038
0.275377
0.142495
0.418992
0.208867
0.401884
0.451623
0.427651
0.478025
0.844487
0.878949
0.147408
0.304578
0.219144
0.790446
0.989598
0.053819
0.340442
0.747588
0.841455
0.574241
0.358556
0.870902
0.619142
0.581350
0.855548
0.872239
0.018607
0.083335
0.917022
0.778501
0.587819
0.968808
0.983540
0.248253
0.418112
0.501208
0.381987
0.289513
0.912990
0.399775
0.585219
0.840022
0.977233
0.299513
0.365944
0.522376
0.361626
0.647858
0.936662
0.872270
0.380113
0.348786
0.412397
0.629539
0.914714
0.150152
0.429540
0.433975
0.963802
0.690965
0.606790
0.370773
0.443100
0.194986
0.769433
0.637819
0.784498
0.788112
0.174116
0.767382
0.911042
0.711230
0.488142
0.920831
0.509381
0.038806
0.286948
0.113903
0.332881
0.747007
0.549898
0.633400
0.505481
0.813657
0.943346
0.419755
0.961215
0.795015
0.888934
0.844121
0.046790
0.690065
0.003604
0.867988
0.781606
0.659753
0.867304
0.286967
0.954435
0.963851
0.298041
0.111642
0.329295
0.568741
0.886912
0.595025
0.221981
0.881558
0.135018
0.180396
0.127581
0.705465
0.728605
0.401593
0.259034
0.372217
0.549129
0.441081
0.675442
0.286069
0.623789
0.544685
0.311073
0.361053
0.233987
0.445272
0.883659
0.714934
0.590399
0.485017
0.382044
0.020095
0.302274
0.605593
0.174137
0.236089
0.185170
0.140331
0.598506
0.551835
0.807724
0.469485
0.116293
0.848016
0.538023
0.650427
0.410210
0.312073
0.349427
0.905121
0.477311
0.068728
0.341997
0.117551
0.321781
0.256765
0.058373
0.778767
0.909739
0.426085
0.373525
0.115808
0.993719
0.845191
0.839356
0.686315
0.190353
0.305158
0.112975
0.731053
0.538265
0.647914
0.908371
0.003849
0.958359
0.010035
0.124227
0.079209
0.666707
0.993034
0.426393
0.942995
0.278966
0.591789
0.034703
0.656274
0.019519
0.037880
0.384878
0.436473
0.080021
0.157424
0.233599
0.497268
0.529279
0.675797
0.846612
0.537660
0.574839
0.006454
0.776221
0.964160
0.028618
0.678875
0.187502
0.595103
0.193536
0.042340
0.446162
0.044342
0.521500
0.437415
0.120646
0.758866
0.298102
0.475367
0.484702
0.321475
0.585943
0.585676
0.013524
0.390181
0.053125
0.871606
0.148151
0.279578
0.269847
0.700858
0.332379
0.679327
0.264535
0.109462
0.999005
0.318978
0.578899
0.128535
0.964858
0.228780
0.782863
0.780889
0.675629
0.799285
0.236570
0.822679
0.682723
0.529576
0.195503
0.018682
0.817798
0.579817
0.821042
0.892140
0.110944
0.148493
0.004091
0.644339
0.851807
0.901928
0.652442
0.317915
0.267695
0.052040
0.298577
0.912851
0.458981
0.050467
0.916069
0.046726
0.031818
0.820398
0.098741
0.981320
0.765252
0.043109
0.463363
0.376425
0.780016
0.550361
0.036813
0.547679
0.597131
0.626586
0.532152
0.227417
0.915551
0.010950
0.901568
0.893849
0.550734
0.107866
0.271290
0.541773
0.083461
0.098815
0.754669
0.824524
0.115666
0.016095
0.442080
0.667916
0.534302
0.842635
0.864233
0.718332
0.684407
0.277640
0.999957
0.173728
0.359159
0.126669
0.578507
0.102499
0.960480
0.491862
0.434678
0.084605
0.173177
0.943241
0.484227
0.825180
0.055055
0.019245
0.765858
0.065503
0.273076
0.342323
0.759672
0.031504
0.431729
0.936305
0.952965
0.557178
0.336142
0.323580
0.541587
0.749916
0.823122
0.473203
0.184956
0.336805
0.363899
0.712071
0.378095
0.964795
0.300528
0.330281
0.064539
0.401887
0.803179
0.573510
0.436387
0.589348
0.829236
0.268759
0.095600
0.473792
0.600532
0.958345
0.074411
0.759673
0.887240
0.588580
0.119635
0.783493
0.362927
0.716096
0.669967
0.346423
0.063951
0.542954
0.428096
0.137045
0.808428
0.792259
0.228538
0.524887
0.988100
0.394395
0.202337
0.562021
0.295015
0.809760
0.262864
0.657333
0.460435
0.691072
0.701429
0.108631
0.413982
0.845322
0.752705
0.623351
0.286889
0.435091
0.230411
0.620411
0.426310
0.138262
0.652419
0.084482
0.021803
0.125814
0.377576
0.499366
0.706184
0.015145
0.416886
0.988762
0.638365
0.191623
0.309231
0.669158
0.335291
0.578347
0.363035
0.908912
0.044830
0.072550
0.053902
0.087357
0.564780
0.689998
0.374611
0.564717
0.360181
0.183953
0.695258
0.274039
0.028787
0.484918
0.492038
0.105755
0.951756
0.177983
0.224100
0.408928
0.354125
0.067052
0.307131
0.424921
0.420010
0.324798
0.474547
0.603012
0.165270
0.183565
0.804126
0.936345
0.991905
0.459573
0.088128
0.973026
0.431985
0.529156
0.353888
0.883077
0.154586
0.784064
0.811752
0.138390
0.648948
0.910298
0.977367
0.340541
0.824829
0.873062
0.641647
0.720180
0.472467
0.794995
0.747282
0.651063
0.907385
0.516303
0.375093
0.350376
0.168859
0.788332
0.293713
0.062895
0.746710
0.525452
0.025389
0.597141
0.552334
0.307453
0.819681
0.853971
0.721672
0.353541
0.292756
0.078062
0.007192
0.181762
0.817008
0.196223
0.071724
0.310763
0.864954
0.868259
0.699893
0.075062
0.800659
0.460622
0.975613
0.315810
0.746198
0.113974
0.191057
0.515969
0.851446
0.576199
0.930092
0.495936
0.081488
0.534720
0.355689
0.931339
0.572424
0.438131
0.596198
0.541750
0.055817
0.238268
0.811910
0.404617
0.223458
0.210555
0.494543
0.534208
0.403718
0.982725
0.944230
0.926885
0.301403
0.689138
0.238668
0.991600
0.864470
0.698663
0.086874
0.673061
0.679991
0.676477
0.396891
0.133310
0.561809
0.731702
0.505943
0.319078
0.613960
0.580275
0.568179
0.824933
0.774288
0.882207
0.486143
0.618034
0.446152
0.169800
0.846466
0.355830
0.893517
0.903649
0.088598
0.374202
0.734206
0.620482
0.530424
0.105489
0.542277
0.674974
0.000723
0.593430
0.735184
0.639589
0.712101
0.279088
0.843097
0.784706
0.347406
0.946861
0.751880
0.597752
0.247917
0.235422
0.690159
0.755779
0.374701
0.762059
0.753739
0.191702
0.579402
0.491862
0.583451
0.600035
0.553022
0.551519
0.938260
0.232912
0.928675
0.271340
0.133932
0.820006
0.876275
0.603186
0.495420
0.694931
0.545014
0.455307
0.741961
0.373125
0.956653
0.391010
0.778083
0.159022
0.924005
0.024449
0.188611
0.479649
0.931758
0.515718
0.365567
0.273310
0.259610
0.505423
0.960504
0.490591
0.211516
0.556862
0.135428
0.784988
0.822119
0.597171
0.053618
0.335650
0.696782
0.606880
0.430241
0.118185
0.481315
0.024400
0.770089
0.343576
0.299838
0.366279
0.721552
0.351990
0.214297
0.758557
0.634296
0.468642
0.388910
0.506214
0.832390
0.803645
0.151283
0.058195
0.010615
0.166846
0.164637
0.550624
0.782624
0.241315
0.520312
0.310860
0.305012
0.344168
0.955879
0.794752
0.668156
0.038898
0.753156
0.407679
0.776187
0.946676
0.995488
0.760247
0.675348
0.342177
0.009845
0.349594
0.969319
0.878497
0.403703
0.389217
0.366294
0.541202
0.468106
0.970698
0.616484
0.018605
0.867506
0.600503
0.748425
0.038144
0.906594
0.069435
0.522642
0.161109
0.858838
0.971065
0.363677
0.462918
0.387200
0.862400
0.474636
0.726178
0.182754
0.163802
0.697831
0.120734
0.211812
0.518304
0.572958
0.079954
0.188636
0.300253
0.619842
0.556310
0.792783
0.591153
0.592079
0.261750
0.113297
0.772537
0.313889
0.688806
0.633979
0.451969
0.024952
0.845575
0.754310
0.003538
0.263570
0.009663
0.270627
0.317425
0.360863
0.560445
0.995134
0.397728
0.288085
0.842306
0.761341
0.191520
0.883087
0.160189
0.620621
0.177181
0.414436
0.638321
0.164529
0.972942
0.853873
0.868387
0.372196
0.968234
0.497605
0.728996
0.364017
0.136059
0.379095
0.527823
0.296517
0.893876
0.972331
0.864243
0.635113
0.767484
0.513440
0.356262
0.139670
0.535374
0.935574
0.252732
0.462410
0.332938
0.279326
0.951592
0.830924
0.453768
0.917898
0.667657
0.334530
0.360663
0.228800
0.899335
0.985828
0.007791
0.204945
0.501899
0.548626
0.257906
0.977441
0.014220
0.837929
0.969386
0.416872
0.444423
0.458780
0.726018
0.782890
0.895001
0.081609
0.921424
0.244016
0.706595
0.097636
0.707493
0.727911
0.087891
0.775563
0.624352
0.771272
0.452686
0.689382
0.484777
0.398922
0.738959
0.717156
0.459408
0.701553
0.283156
0.254885
0.455984
0.125797
0.169532
0.552398
0.695691
0.010435
0.282421
0.286106
0.236629
0.867226
0.331124
0.334533
0.686762
0.129468
0.274613
0.337068
0.079325
0.688274
0.587613
0.286189
0.179606
0.664843
0.531455
0.342483
0.164848
0.482822
0.732344
0.155841
0.714700
0.911039
0.245683
0.532807
0.098304
0.143362
0.576563
0.788767
0.610540
0.015722
0.621566
0.965815
0.943115
0.774191
0.843034
0.355955
0.259421
0.592634
0.440875
0.939930
0.343345
0.781352
0.464897
0.101417
0.413392
0.863376
0.438258
0.893406
0.721378
0.753712
0.724817
0.479082
0.810199
0.036899
0.764322
0.826074
0.193273
0.974379
0.973138
0.154943
0.878707
0.607235
0.227786
0.806727
0.718101
0.170235
0.936262
0.548393
0.371642
0.565396
0.889916
0.749347
0.090382
0.719610
0.867646
0.378648
0.600706
0.180569
0.935052
0.355237
0.696236
0.994261
0.003813
0.067912
0.494948
0.008648
0.560347
0.925739
0.484148
0.811530
0.966426
0.832447
0.967984
0.132851
0.915944
0.651581
0.350268
0.116196
0.899008
0.865905
0.063008
0.331558
0.883645
0.980032
0.105941
0.998780
0.243025
0.186337
0.046724
0.902733
0.707717
0.749879
0.381679
0.988144
0.143078
0.478975
0.044194
0.252181
0.185805
0.966901
0.227076
0.231027
0.524608
0.621423
0.946275
0.074601
0.291021
0.368827
0.790168
0.689713
0.910017
0.526092
0.179686
0.021809
0.728107
0.298945
0.302538
0.851324
0.030298
0.476749
0.506933
0.161685
0.027154
0.871331
0.657971
0.648303
0.249225
0.271762
0.319170
0.284342
0.347705
0.968349
0.152739
0.339438
0.745891
0.216122
0.899773
0.208678
0.204140
0.262384
0.454638
0.994342
0.298806
0.327574
0.869759
0.682909
0.830096
0.198918
0.585640
0.961612
0.381017
0.039172
0.478365
0.256858
0.875235
0.716925
0.639587
0.281936
0.110629
0.191321
0.572975
0.631718
0.572050
0.415172
0.111585
0.432224
0.404865
0.210852
0.972240
0.464654
0.423433
0.899368
0.089807
0.055407
0.458228
0.072934
0.574646
0.421089
0.843606
0.165253
0.153194
0.442822
0.406547
0.933603
0.861917
0.426639
0.035592
0.086549
0.630024
0.492194
0.748660
0.206435
0.502543
0.573652
0.707715
0.384337
0.902653
0.663996
0.776201
0.336399
0.525373
0.983926
0.019751
0.855790
0.692700
0.102559
0.909384
0.597130
0.016624
0.119672
0.406134
0.135284
0.728751
0.575557
0.452937
0.904900
0.495766
0.568913
0.649249
0.849817
0.885191
0.216608
0.871276
0.903268
0.046708
0.209472
0.770163
0.713241
0.785999
0.230493
0.235696
0.426914
0.920274
0.877374
0.967224
0.880222
0.991423
0.739056
0.018876
0.901374
0.682439
0.230916
0.964813
0.750912
0.228185
0.808176
0.903141
0.277409
0.059886
0.410836
0.735101
0.381227
0.685405
0.402228
0.728939
0.734480
0.430367
0.349939
0.625008
0.711224
0.178703
0.562274
0.138659
0.617272
0.419998
0.182239
0.458654
0.975430
0.983960
0.497765
0.868410
0.892480
0.303011
0.142067
0.192404
0.904102
0.360000
0.518856
0.006571
0.830052
0.851643
0.627822
0.175234
0.663278
0.215974
0.817481
0.872894
0.623810
0.954727
0.732918
0.011428
0.914061
0.034484
0.030137
0.475644
0.270895
0.713213
0.518222
0.435764
0.897978
0.035549
0.283879
0.776733
0.227689
0.829236
0.615640
0.493124
0.075361
0.659241
0.039359
0.236002
0.151889
0.932503
0.411749
0.665090
0.557557
0.756373
0.500749
0.315775
0.426130
0.033656
0.063261
0.405408
0.381411
0.406898
0.662246
0.805523
0.138049
0.558939
0.942800
0.834281
0.575803
0.034662
0.204357
0.973923
0.764946
0.403875
0.803913
0.098314
0.965170
0.454986
0.440527
0.671822
0.978146
0.145815
0.988389
0.128477
0.743795
0.678022
0.345666
0.594571
0.742963
0.976120
0.376912
0.222838
0.037243
0.696134
0.372984
0.965907
0.244609
0.052391
0.505759
0.043868
0.943749
0.107569
0.284075
0.928014
0.118664
0.829547
0.337643
0.251961
0.918399
0.271447
0.579493
0.913617
0.006714
0.505703
0.584044
0.097417
0.826892
0.750647
0.323133
0.235920
0.593479
0.014720
0.229236
0.862454
0.553230
0.079406
0.203528
0.060907
0.011285
0.011909
0.002949
0.082897
0.697084
0.391502
0.568706
0.823974
0.820944
0.032802
0.988997
0.986055
0.641675
0.162646
0.908606
0.019110
0.695114
0.457040
0.341417
0.556850
0.111912
0.257240
0.840054
0.123761
0.440946
0.080316
0.207556
0.088614
0.275107
0.624932
0.074128
0.226239
0.103331
0.986981
0.429257
0.988066
0.462972
0.366417
0.114309
0.695019
0.588270
0.024305
0.408708
0.985793
0.713735
0.480704
0.546088
0.970439
0.537934
0.506527
0.684690
0.754163
0.547048
0.417615
0.734787
0.269316
0.074666
0.822753
0.267916
0.253928
0.692003
0.589515
0.548125
0.671678
0.510707
0.387371
0.630797
0.918866
0.889926
0.245336
0.363644
0.706277
0.193668
0.855095
0.437441
0.044629
0.388738
0.577711
0.108389
0.167774
0.324732
0.724853
0.633825
0.473584
0.334547
0.620555
0.409314
0.483430
0.847362
0.377671
0.396064
0.861728
0.948739
0.399710
0.107670
0.500846
0.358725
0.233324
0.656322
0.476878
0.155218
0.923297
0.409205
0.090788
0.444341
0.068954
0.491386
0.609160
0.192546
0.941193
0.804285
0.450288
0.878410
0.619961
0.568082
0.275402
0.709614
0.964551
0.598136
0.451240
0.768052
0.379418
0.092648
0.968376
0.901094
0.816591
0.441172
0.808356
0.949150
0.026880
0.307849
0.739930
0.390268
0.984891
0.642963
0.237858
0.764765
0.150860
0.522066
0.913869
0.811978
0.263174
0.290673
0.144465
0.774053
0.881398
0.938761
0.200043
0.387284
0.607136
0.273879
0.709204
0.950376
0.720051
0.182634
0.925428
0.214043
0.784110
0.242462
0.554287
0.531777
0.244270
0.390508
0.511086
0.523993
0.270391
0.292842
0.433746
0.885259
0.471535
0.050365
0.205696
0.777028
0.942831
0.790100
0.639748
0.538242
0.495767
0.431155
0.436979
0.177253
0.422818
0.189621
0.024456
0.916401
0.554433
0.448945
0.961630
0.002963
0.461044
0.021674
0.716012
0.306480
0.949415
0.161613
0.282482
0.044133
0.500479
0.345901
0.754703
0.136019
0.228093
0.774768
0.558465
0.436059
0.522743
0.970000
0.991546
0.828832
0.733266
0.075726
0.458495
0.266688
0.469597
0.557942
0.676520
0.255893
0.051423
0.590311
0.104763
0.517801
0.936547
0.427848
0.217368
0.155719
0.028512
0.478937
0.414009
0.176542
0.459567
0.358242
0.612351
0.846627
0.880770
0.253833
0.777151
0.723954
0.558734
0.083661
0.051563
0.095199
0.505324
0.808501
0.118281
0.671005
0.764085
0.366686
0.141360
0.141057
0.391159
0.003351
0.943334
0.370222
0.129285
0.583249
0.135165
0.607528
0.545718
0.148224
0.026836
0.982442
0.237706
0.651636
0.451406
0.351025
0.585764
0.162873
0.891986
0.223250
0.423308
0.872899
0.625493
0.218958
0.593331
0.980684
0.214888
0.352605
0.865212
0.831447
0.677772
0.196743
0.508437
0.888856
0.728103
0.803719
0.370169
0.929406
0.683046
0.528963
0.719923
0.969910
0.111777
0.873657
0.031096
0.396864
0.099745
0.097956
0.124150
0.624852
0.742417
0.018228
0.542679
0.732458
0.158039
0.635147
0.248460
0.317488
0.020010
0.507596
0.766534
0.484773
0.316130
0.226128
0.082182
0.182310
0.313465
0.506691
0.168686
0.084871
0.472682
0.050020
0.022625
0.985060
0.352504
0.045809
0.001182
0.083781
0.270817
0.366876
0.826906
0.115514
0.150903
0.841978
0.567399
0.636127
0.445291
0.433883
0.662586
0.826186
0.271622
0.520467
0.597126
0.402084
0.749461
0.291857
0.271013
0.808613
0.438664
0.468492
0.662815
0.214692
0.552323
0.218028
0.896889
0.420533
0.163601
0.329482
0.692355
0.878096
0.718399
0.089338
0.996019
0.442717
0.186552
0.016435
0.976566
0.324577
0.874439
0.942482
0.810293
0.153377
0.131957
0.086742
0.631075
0.064314
0.626876
0.652662
0.694901
0.761033
0.848859
0.378450
0.252545
0.411612
0.722677
0.882502
0.597408
0.833357
0.443467
0.959355
0.508233
0.364873
0.543692
0.275836
0.321697
0.299994
0.018613
0.685380
0.615647
0.254912
0.690833
0.288053
0.161980
0.891481
0.610324
0.003597
0.105565
0.357273
0.749341
0.055445
0.162926
0.504374
0.756032
0.067851
0.916980
0.588981
0.630147
0.310473
0.651651
0.954328
0.542052
0.761311
0.746546
0.178747
0.154765
0.548129
0.795663
0.894329
0.859799
0.840406
0.667874
0.811947
0.792385
0.440557
0.768059
0.334437
0.950777
0.128450
0.347554
0.207722
0.667787
0.882829
0.647117
0.202362
0.139734
0.494895
0.715045
0.385386
0.137406
0.032276
0.442108
0.730827
0.943451
0.257504
0.692612
0.020865
0.378340
0.277024
0.620550
0.148153
0.499464
0.639862
0.559248
0.281196
0.551318
0.236337
0.214249
0.182638
0.484620
0.005514
0.709047
0.356168
0.183571
0.656180
0.002395
0.269250
0.387686
0.772620
0.969775
0.581007
0.471310
0.417823
0.409632
0.068852
0.163329
0.189401
0.271403
0.562539
0.223923
0.825631
0.615392
0.975560
0.926615
0.520760
0.297127
0.083583
0.163254
0.882115
0.947957
0.697065
0.447760
0.660326
0.810962
0.766383
0.251278
0.394098
0.932611
0.745642
0.776211
0.739793
0.636213
0.525685
0.648169
0.483326
0.377870
0.774275
0.361198
0.958794
0.758210
0.735622
0.800273
0.398090
0.617196
0.132738
0.542775
0.603651
0.742418
0.771874
0.023651
0.439457
0.475759
0.802660
0.262907
0.062237
0.595591
0.171637
0.783862
0.326375
0.702666
0.998536
0.290520
0.574772
0.352886
0.078710
0.676346
0.428502
0.498784
0.193313
0.167534
0.486773
0.047901
0.909600
0.884227
0.993765
0.378628
0.142622
0.464689
0.890471
0.315353
0.288824
0.631577
0.789712
0.931977
0.640901
0.786607
0.754879
0.687652
0.257651
0.860139
0.463421
0.096740
0.245586
0.284838
0.952336
0.676885
0.560330
0.036209
0.404245
0.319279
0.052218
0.225740
0.990679
0.982767
0.455408
0.641852
0.966901
0.461771
0.793765
0.416864
0.755352
0.634861
0.987042
0.520839
0.579415
0.518338
0.071604
0.021130
0.154591
0.563934
0.982266
0.834622
0.521164
0.122600
0.403579
0.482370
0.243482
0.002537
0.214975
0.937427
0.010760
0.468913
0.996190
0.948948
0.179016
0.238971
0.195956
0.001957
0.691758
0.627993
0.713430
0.713970
0.228412
0.591543
0.910580
0.718439
0.646155
0.314742
0.623946
0.791199
0.016825
0.031544
0.531837
0.849688
0.701409
0.962014
0.761140
0.815118
0.258195
0.663664
0.686205
0.853605
0.026173
0.468701
0.327501
0.991673
0.364335
0.271582
0.243383
0.181938
0.833212
0.223901
0.514892
0.833067
0.572499
0.354225
0.838233
0.230392
0.424926
0.961110
0.396696
0.885555
0.570510
0.514735
0.414340
0.250110
0.827678
0.667254
0.975643
0.603534
0.031182
0.719448
0.003373
0.834267
0.865605
0.161022
0.442847
0.936302
0.994091
0.818209
0.723022
0.865968
0.722819
0.063390
0.018974
0.075688
0.652916
0.810116
0.588569
0.054873
0.834927
0.710339
0.407679
0.163376
0.820393
0.650339
0.189202
0.399912
0.336511
0.103689
0.894354
0.576026
0.150577
0.923880
0.580005
0.094178
0.270718
0.260610
0.469912
0.694431
0.099462
0.461225
0.884091
0.535538
0.340353
0.305789
0.049783
0.819762
0.600111
0.938562
0.086663
0.222719
0.146847
0.352337
0.892448
0.125537
0.517343
0.691788
0.333845
0.401582
0.624232
0.638476
0.699780
0.228297
0.129616
0.378802
0.723906
0.380016
0.729729
0.526645
0.603152
0.123049
0.162141
0.748587
0.097095
0.452333
0.400816
0.830094
0.304684
0.861378
0.265332
0.618378
0.692564
0.365265
0.330615
0.509161
0.052177
0.450708
0.296628
0.221730
0.746951
0.217621
0.249197
0.075346
0.879247
0.022537
0.321278
0.370554
0.158976
0.614383
0.127891
0.055933
0.638803
0.355559
0.899092
0.373247
0.237955
0.793457
0.046905
0.605302
0.798475
0.346397
0.969252
0.368795
0.291471
0.309529
0.383607
0.801248
0.750776
0.996301
0.484158
0.673237
0.388452
0.694439
0.489498
0.335481
0.518692
0.926453
0.875896
0.890199
0.058749
0.317161
0.128443
0.197182
0.209096
0.347644
0.465287
0.911163
0.958848
0.438998
0.646962
0.556834
0.381796
0.791904
0.043572
0.523981
0.645633
0.200746
0.139344
0.384735
0.661225
0.764265
0.070697
0.159612
0.556223
0.988593
0.756138
0.384484
0.420675
0.792147
0.241738
0.337357
0.091655
0.304211
0.784033
0.586378
0.215705
0.137984
0.574392
0.617893
0.345769
0.911942
0.198381
0.429055
0.833746
0.697509
0.665577
0.341173
0.507963
0.652229
0.056634
0.359879
0.361119
0.331712
0.354047
0.112782
0.299514
0.895374
0.361686
0.905445
0.546605
0.074831
0.708555
0.907621
0.977990
0.163421
0.878603
0.803237
0.962404
0.323807
0.037442
0.783794
0.462817
0.970424
0.836491
0.143882
0.028724
0.246482
0.485673
0.542387
0.997379
0.422594
0.489205
0.550565
0.877442
0.246398
0.749194
0.230293
0.469084
0.579727
0.144382
0.218101
0.283196
0.391397
0.494096
0.163572
0.058617
0.008086
0.499748
0.148776
0.486945
0.251292
0.219469
0.147809
0.283189
0.352333
0.948905
0.155496
0.677484
0.596746
0.547891
0.789734
0.735854
0.120317
0.935788
0.154911
0.180553
0.887046
0.266430
0.230891
0.904060
0.209526
0.447727
0.944086
0.033130
0.418816
0.873600
0.289391
0.375374
0.007649
0.341540
0.043952
0.592158
0.420807
0.914109
0.869846
0.506900
0.172243
0.395337
0.301136
0.142418
0.261701
0.003351
0.594326
0.247189
0.435634
0.770684
0.766965
0.127393
0.288506
0.157441
0.918704
0.255518
0.991185
0.955534
0.918282
0.629942
0.632397
0.852243
0.529054
0.763213
0.195765
0.237826
0.549415
0.076265
0.607000
0.136173
0.561757
0.765224
0.470711
0.332892
0.647996
0.827049
0.080898
0.116707
0.158769
0.117508
0.399791
0.954789
0.269499
0.353910
0.431767
0.229362
0.056012
0.946779
0.107620
0.882449
0.846252
0.077132
0.383875
0.880570
0.308135
0.454045
0.055729
0.425990
0.506342
0.662415
0.193728
0.332188
0.876904
0.711845
0.415899
0.146816
0.836209
0.639743
0.280552
0.065551
0.653261
0.417467
0.171632
0.227093
0.097893
0.616705
0.498810
0.326801
0.544613
0.770422
0.058546
0.019940
0.207783
0.111482
0.819351
0.112880
0.539191
0.692314
0.383233
0.041182
0.798374
0.127437
0.223831
0.508906
0.158325
0.500733
0.657549
0.986727
0.417931
0.031646
0.123910
0.032793
0.425276
0.886183
0.851537
0.276647
0.375115
0.083893
0.592301
0.481834
0.415784
0.622022
0.903124
0.137758
0.906506
0.090601
0.137076
0.708591
0.610746
0.862286
0.926474
0.341024
0.234635
0.129817
0.663747
0.779782
0.645485
0.150741
0.333301
0.408304
0.692513
0.108836
0.651447
0.092005
0.642845
0.376883
0.822696
0.394997
0.417792
0.075188
0.420132
0.231971
0.128833
0.870597
0.904952
0.240863
0.165621
0.704688
0.685075
0.676569
0.559866
0.627053
0.303606
0.160777
0.553861
0.236882
0.382981
0.829422
0.739635
0.296913
0.227355
0.620448
0.537769
0.318690
0.010916
0.385734
0.871428
0.064271
0.119733
0.109091
0.113380
0.751199
0.444805
0.606081
0.678248
0.865787
0.079393
0.181820
0.169712
0.012512
0.398617
0.762427
0.928336
0.579265
0.697527
0.098980
0.049605
0.651216
0.348404
0.795998
0.827746
0.828515
0.581471
0.837916
0.737343
0.210478
0.877242
0.096787
0.084383
0.913614
0.324673
0.294647
0.668421
0.251951
0.997661
0.278297
0.009434
0.081738
0.143256
0.128664
0.952655
0.301608
0.077527
0.878791
0.802416
0.903568
0.828026
0.933555
0.316549
0.136285
0.533404
0.071634
0.165057
0.913790
0.058323
0.239419
0.304158
0.770170
0.462254
0.712482
0.607028
0.911544
0.490248
0.270000
0.227900
0.784628
0.857945
0.389884
0.243055
0.397715
0.366814
0.388235
0.031622
0.272699
0.003345
0.578537
0.536207
0.550775
0.701255
0.768386
0.617906
0.641287
0.041878
0.520757
0.316198
0.911420
0.357189
0.031189
0.299970
0.829462
0.614265
0.081868
0.494295
0.558584
0.590552
0.370408
0.865692
0.160519
0.796730
0.539074
0.207954
0.015428
0.828171
0.084979
0.287176
0.048329
0.396326
0.070997
0.658596
0.423742
0.636561
0.410365
0.373912
0.125215
0.947073
0.616419
0.654921
0.668716
0.981985
0.116017
0.651009
0.049023
0.507494
0.765914
0.841977
0.123389
0.999037
0.502833
0.446104
0.281206
0.585668
0.438877
0.782682
0.513081
0.569965
0.195222
0.589462
0.505719
0.212283
0.281131
0.463806
0.074975
0.070651
0.476898
0.271414
0.080146
0.345259
0.994592
0.422415
0.706527
0.661647
0.867758
0.459718
0.975957
0.421334
0.180667
0.531574
0.158707
0.493855
0.181188
0.856510
0.073948
0.970593
0.742852
0.545609
0.536132
0.158421
0.436905
0.670490
0.433843
0.779277
0.451668
0.785535
0.415947
0.639104
0.733898
0.494558
0.253740
0.124261
0.926422
0.844223
0.790859
0.922853
0.511306
0.312582
0.675493
0.109460
0.033382
0.908726
0.779057
0.290541
0.542055
0.111080
0.376301
0.109972
0.538851
0.233639
0.624785
0.144751
0.514797
0.742515
0.014718
0.774149
0.788221
0.454688
0.938136
0.035230
0.164224
0.576557
0.070966
0.946822
0.208460
0.805746
0.391222
0.315092
0.608038
0.084055
0.436879
0.258784
0.551611
0.895248
0.200131
0.602041
0.840870
0.825604
0.269946
0.978190
0.010737
0.509507
0.678185
0.928885
0.221172
0.362505
0.128917
0.038894
0.647363
0.940703
0.945786
0.146269
0.266612
0.372569
0.255044
0.948815
0.970859
0.586342
0.525692
0.788072
0.146723
0.736576
0.053506
0.538254
0.005274
0.034746
0.039904
0.226086
0.928574
0.563407
0.363740
0.233685
0.768058
0.537681
0.555347
0.525561
0.891953
0.042710
0.985301
0.736884
0.767680
0.676475
0.300379
0.966931
0.085055
0.653654
0.147599
0.652301
0.903540
0.152024
0.492692
0.721479
0.739904
0.616681
0.177252
0.737490
0.021686
0.971842
0.881477
0.659904
0.208740
0.552363
0.525987
0.051928
0.343702
0.868853
0.312788
0.732747
0.718329
0.107319
0.574962
0.348926
0.043781
0.566868
0.176834
0.790291
0.468664
0.821835
0.228047
0.593425
0.400326
0.506745
0.989491
0.107068
0.425749
0.747210
0.247033
0.495278
0.193563
0.864981
0.597629
0.242283
0.575161
0.272995
0.565924
0.423237
0.359514
0.133020
0.578896
0.202414
0.413838
0.295209
0.449398
0.009173
0.343293
0.180821
0.331419
0.176011
0.061995
0.246249
0.332187
0.165160
0.121044
0.602280
0.117422
0.383115
0.575367
0.615607
0.491584
0.117890
0.479991
0.232839
0.937086
0.822969
0.829915
0.417676
0.364430
0.415451
0.859887
0.041167
0.564998
0.913647
0.736919
0.608801
0.322893
0.680875
0.866808
0.127056
0.381382
0.195925
0.525839
0.720390
0.070019
0.174898
0.471600
0.306702
0.773822
0.421195
0.405596
0.958312
0.506455
0.987261
0.900366
0.734316
0.872521
0.459421
0.081889
0.720920
0.953949
0.901430
0.313311
0.195535
0.213165
0.548106
0.368936
0.908989
0.999130
0.671969
0.550813
0.113368
0.596307
0.456948
0.488492
0.540450
0.942781
0.616871
0.502016
0.931452
0.930685
0.165313
0.597258
0.041248
0.905226
0.059005
0.021298
0.382137
0.210256
0.640892
0.625778
0.160766
0.047636
0.251414
0.781905
0.208490
0.980721
0.267825
0.647662
0.756182
0.122005
0.990524
0.013578
0.189517
0.701178
0.401344
0.727480
0.704749
0.659199
0.159435
0.722443
0.816997
0.300038
0.423382
0.518885
0.936403
0.544937
0.950277
0.736495
0.690032
0.961698
0.539871
0.801555
0.031259
0.517720
0.490215
0.758910
0.629982
0.761482
0.395360
0.656247
0.997430
0.250679
0.040017
0.544019
0.673711
0.191173
0.384333
0.081765
0.734262
0.150962
0.847182
0.337138
0.477095
0.886034
0.311034
0.555907
0.294503
0.825744
0.117471
0.839600
0.253517
0.976485
0.790857
0.334402
0.386023
0.323085
0.419257
0.174148
0.183597
0.443705
0.496275
0.167634
0.599640
0.758833
0.154461
0.633525
0.262681
0.658169
0.029037
0.594414
0.614240
0.787412
0.517903
0.396412
0.801637
0.923765
0.847786
0.045322
0.113784
0.564788
0.623774
0.890014
0.264270
0.337352
0.296482
0.655117
0.352927
0.386070
0.203463
0.067457
0.811206
0.604761
0.363975
0.944466
0.228900
0.058152
0.473374
0.550763
0.825355
0.628969
0.358777
0.385736
0.356923
0.289454
0.434394
0.366541
0.818095
0.704794
0.205541
0.315819
0.004848
0.944285
0.996553
0.871670
0.458097
0.016718
0.560977
0.700983
0.819845
0.918492
0.922978
0.430090
0.026206
0.842528
0.406886
0.894444
0.075882
0.646022
0.656596
0.459438
0.380120
0.415245
0.206708
0.756889
0.685347
0.842685
0.631106
0.617657
0.511562
0.789401
0.109438
0.333383
0.451623
0.033833
0.674592
0.144793
0.996492
0.294990
0.050980
0.697116
0.991512
0.696878
0.589741
0.714082
0.075354
0.243496
0.937972
0.581164
0.427345
0.477450
0.938940
0.579033
0.755680
0.475205
0.402802
0.023959
0.338243
0.909741
0.475635
0.329598
0.203378
0.105556
0.891043
0.452359
0.568413
0.386943
0.545173
0.190614
0.781796
0.440584
0.083691
0.418268
0.317470
0.786926
0.128904
0.509590
0.409194
0.487597
0.866599
0.590418
0.483733
0.161197
0.024694
0.888514
0.435510
0.786977
0.238173
0.582499
0.496038
0.241865
0.945061
0.315730
0.988360
0.434603
0.693888
0.771992
0.853039
0.211779
0.070993
0.649064
0.705942
0.151672
0.742367
0.431112
0.291111
0.217181
0.825084
0.890202
0.961081
0.089752
0.292745
0.251966
0.922868
0.480136
0.321971
0.873001
0.085900
0.733702
0.706744
0.702548
0.827937
0.589688
0.117129
0.264740
0.730619
0.783668
0.331347
0.598428
0.436076
0.616127
0.506936
0.149428
0.332797
0.259639
0.319162
0.816986
0.619813
0.101927
0.733471
0.926203
0.734799
0.278136
0.503548
0.216775
0.709725
0.735825
0.016890
0.813416
0.267593
0.000364
0.024261
0.554111
0.660109
0.613236
0.376271
0.900390
0.117974
0.144782
0.296861
0.512196
0.326188
0.426579
0.706679
0.433973
0.514103
0.194263
0.785316
0.875111
0.266168
0.713300
0.555769
0.865830
0.200767
0.009159
0.872207
0.389731
0.652321
0.417300
0.487613
0.119084
0.831023
0.982323
0.924649
0.963110
0.764961
0.491153
0.834476
0.559253
0.274957
0.140726
0.426505
0.541143
0.151546
0.081931
0.019147
0.274547
0.439004
0.710611
0.788677
0.306276
0.860304
0.002621
0.480989
0.484477
0.000842
0.619176
0.159214
0.717810
0.203677
0.694085
0.558217
0.203325
0.495135
0.205575
0.233710
0.397803
0.271511
0.729139
0.466998
0.686404
0.434415
0.057594
0.713899
0.938852
0.897351
0.100806
0.774815
0.682137
0.617166
0.377663
0.678575
0.376994
0.983306
0.070947
0.491085
0.101879
0.461720
0.612902
0.715941
0.333731
0.009888
0.233426
0.092417
0.401993
0.109813
0.258724
0.220171
0.685672
0.196849
0.667611
0.462918
0.749089
0.167703
0.764070
0.777462
0.068519
0.139445
0.623494
0.861840
0.909407
0.295504
0.328640
0.058041
0.564121
0.821720
0.088840
0.631424
0.767262
0.416926
0.088554
0.090568
0.555069
0.704283
0.841735
0.427127
0.434998
0.101889
0.736684
0.224067
0.960784
0.098695
0.188583
0.290536
0.068355
0.673473
0.017433
0.480011
0.892303
0.274017
0.528012
0.892057
0.746198
0.808483
0.773061
0.363362
0.179949
0.693166
0.165353
0.746113
0.112463
0.837397
0.299713
0.536348
0.238835
0.447672
0.430263
0.145869
0.910791
0.604753
0.696089
0.062474
0.341612
0.349050
0.121763
0.977619
0.068662
0.625053
0.656271
0.200704
0.566146
0.243401
0.620377
0.456799
0.607996
0.362030
0.770518
0.970983
0.477769
0.943025
0.666238
0.178163
0.373015
0.770660
0.853898
0.922226
0.991534
0.714700
0.804980
0.692019
0.373818
0.771556
0.122424
0.712585
0.839332
0.528941
0.849868
0.106485
0.445446
0.076426
0.179922
0.259323
0.640056
0.257972
0.399103
0.972574
0.917376
0.751031
0.766167
0.331761
0.737898
0.712242
0.481375
0.934495
0.077207
0.088606
0.047866
0.545793
0.734682
0.826280
0.780688
0.321908
0.394945
0.772002
0.908879
0.772127
0.996588
0.444261
0.613160
0.023935
0.750663
0.926797
0.214627
0.992909
0.363869
0.014129
0.893920
0.616580
0.278407
0.510421
0.387938
0.632548
0.834174
0.076204
0.741408
0.815794
0.903104
0.543856
0.839625
0.348590
0.125799
0.728132
0.119337
0.897755
0.204851
0.972742
0.846918
0.197124
0.756719
0.262698
0.013200
0.766026
0.896302
0.443754
0.366407
0.984727
0.598467
0.908382
0.078700
0.852068
0.944028
0.999874
0.005463
0.485129
0.780929
0.054719
0.483619
0.011206
0.203546
0.634721
0.957167
0.033755
0.334866
0.515408
0.792575
0.020453
0.370385
0.801356
0.128568
0.817004
0.063466
0.271765
0.215817
0.197689
0.075857
0.345029
0.960654
0.945592
0.832472
0.747520
0.358617
0.043540
0.076395
0.922081
0.550728
0.142498
0.760417
0.993096
0.767000
0.657877
0.699110
0.778753
0.643927
0.586005
0.676252
0.203416
0.068504
0.002191
0.013901
0.793927
0.860427
0.127046
0.691140
0.757917
0.353306
0.867191
0.603780
0.938846
0.168446
0.747524
0.804413
0.454882
0.631510
0.661801
0.300197
0.774624
0.100437
0.742483
0.130723
0.814305
0.736558
0.865334
0.839036
0.294894
0.540946
0.693977
0.596113
0.244431
0.922663
0.178926
0.075554
0.326215
0.089390
0.858180
0.805256
0.506766
0.625831
0.075441
0.172891
0.822864
0.019577
0.109756
0.230351
0.272722
0.423479
0.578852
0.048933
0.735443
0.720099
0.078709
0.914137
0.642238
0.136835
0.704716
0.330136
0.694218
0.205770
0.574899
0.515253
0.290609
0.273226
0.062694
0.118567
0.528418
0.840093
0.824117
0.753646
0.424390
0.602056
0.660138
0.029769
0.641716
0.802306
0.437080
0.136980
0.960660
0.598690
0.952618
0.204171
0.481898
0.069832
0.398908
0.265989
0.296068
0.774644
0.662844
0.333653
0.779263
0.768051
0.701612
0.027462
0.702985
0.540420
0.833772
0.177467
0.883535
0.664078
0.545834
0.588033
0.779728
0.218996
0.994766
0.568098
0.403140
0.349825
0.310540
0.300197
0.490233
0.143404
0.201536
0.527763
0.443426
0.271886
0.730573
0.423965
0.155692
0.431027
0.061135
0.830108
0.051963
0.221881
0.931936
0.953314
0.306574
0.030163
0.672671
0.149292
0.009314
0.200677
0.153401
0.816073
0.568083
0.981077
0.702428
0.839996
0.852708
0.713450
0.130469
0.289136
0.735541
0.524219
0.568969
0.387037
0.987785
0.539884
0.233951
0.637885
0.898275
0.722431
0.939361
0.652100
0.930165
0.854837
0.540373
0.749444
0.891555
0.641915
0.431988
0.227761
0.123798
0.249609
0.065144
0.883873
0.495705
0.858425
0.584527
0.485302
0.407138
0.722521
0.411867
0.615677
0.659981
0.120541
0.777479
0.272954
0.040901
0.069786
0.082391
0.579950
0.605886
0.411099
0.904251
0.685084
0.272752
0.313743
0.652164
0.773280
0.960562
0.400757
0.148089
0.880421
0.694467
0.855305
0.944163
0.888970
0.085475
0.384369
0.264291
0.578833
0.146212
0.931033
0.232125
0.489416
0.499078
0.231260
0.272934
0.611234
0.640302
0.692566
0.370020
0.735458
0.744226
0.664687
0.442938
0.736113
0.713346
0.807161
0.579680
0.903261
0.222058
0.313680
0.892643
0.868754
0.770966
0.902943
0.432186
0.023782
0.403682
0.452162
0.045142
0.895620
0.363283
0.450975
0.331092
0.678112
0.439412
0.155660
0.558460
0.366455
0.922148
0.788609
0.546777
0.273990
0.512450
0.765096
0.201246
0.570553
0.302615
0.944587
0.561164
0.014507
0.329805
0.050099
0.463998
0.811258
0.501439
0.726208
0.160766
0.249528
0.907891
0.310925
0.483906
0.094098
0.174373
0.172393
0.363486
0.973596
0.293634
0.848531
0.118244
0.939110
0.041856
0.963830
0.880782
0.901064
0.064087
0.766517
0.726827
0.616763
0.959172
0.712376
0.401810
0.809968
0.368433
0.946582
0.418401
0.789497
0.332444
0.226766
0.539832
0.700620
0.915909
0.260804
0.178868
0.317273
0.685867
0.870174
0.803650
0.763155
0.671578
0.649516
0.431170
0.855648
0.528317
0.987509
0.448052
0.190259
0.099048
0.602708
0.177139
0.838745
0.229059
0.086382
0.517195
0.507041
0.585096
0.835798
0.941058
0.497116
0.392470
0.005464
0.823568
0.319514
0.195839
0.547348
0.272673
0.711861
0.220801
0.697543
0.002647
0.206379
0.147468
0.586668
0.574307
0.751473
0.571708
0.491848
0.149562
0.895805
0.326731
0.143474
0.492262
0.276764
0.853840
0.781316
0.879045
0.879650
0.867226
0.199687
0.057045
0.431830
0.559043
0.005237
0.953650
0.222040
0.177236
0.955112
0.170066
0.365385
0.103747
0.566279
0.897706
0.517477
0.923219
0.754222
0.916239
0.146909
0.744893
0.933237
0.255646
0.745642
0.300219
0.700383
0.532566
0.755933
0.647274
0.636828
0.363349
0.155802
0.466378
0.146844
0.682058
0.630375
0.709432
0.165744
0.679820
0.293196
0.283348
0.600467
0.970482
0.161251
0.504284
0.913661
0.874006
0.853069
0.487825
0.264597
0.400233
0.516149
0.658429
0.315255
0.977744
0.214954
0.121571
0.481681
0.681221
0.262773
0.180590
0.140297
0.000819
0.270604
0.468172
0.714127
0.013004
0.446435
0.654938
0.589720
0.457803
0.513410
0.884453
0.423636
0.115476
0.051788
0.839067
0.356113
0.278805
0.305437
0.772852
0.274609
0.917259
0.149155
0.049152
0.173375
0.567493
0.780161
0.518210
0.496445
0.411546
0.489736
0.776351
0.586352
0.629691
0.974759
0.508327
0.992478
0.758444
0.871534
0.258793
0.721047
0.624569
0.515275
0.372298
0.879952
0.750993
0.249257
0.232496
0.729587
0.087914
0.501254
0.304016
0.585900
0.268851
0.306538
0.802366
0.321394
0.443163
0.153389
0.790397
0.407944
0.319208
0.047700
0.310915
0.373102
0.450869
0.298517
0.234787
0.576969
0.708871
0.898894
0.237632
0.034539
0.350943
0.870746
0.855620
0.330325
0.304494
0.834829
0.535963
0.016653
0.224514
0.305771
0.848856
0.319597
0.219806
0.167403
0.407624
0.859582
0.843432
0.997404
0.129812
0.836215
0.119259
0.846429
0.325488
0.935093
0.985415
0.871110
0.015942
0.841061
0.146838
0.430269
0.146579
0.737451
0.871551
0.608814
0.976766
0.630937
0.776907
0.285535
0.405711
0.660312
0.030320
0.132485
0.060508
0.165179
0.140738
0.070163
0.348099
0.944551
0.508510
0.621017
0.809211
0.609873
0.108021
0.143009
0.945771
0.812977
0.934381
0.595645
0.394948
0.535084
0.596928
0.225740
0.047912
0.982708
0.492115
0.463642
0.349408
0.422149
0.249441
0.419176
0.939274
0.764527
0.389079
0.358266
0.617558
0.703564
0.740465
0.546323
0.923555
0.820837
0.888604
0.154956
0.743196
0.467122
0.589816
0.758243
0.110202
0.359902
0.440986
0.179468
0.790129
0.208937
0.415564
0.396485
0.363332
0.093847
0.874092
0.353170
0.117350
0.616632
0.105234
0.257213
0.370514
0.681471
0.002425
0.343956
0.360008
0.304425
0.388243
0.647231
0.006903
0.614207
0.379727
0.708209
0.920064
0.705998
0.768530
0.961023
0.606789
0.584623
0.255139
0.019997
0.941484
0.959007
0.720672
0.940514
0.409817
0.301682
0.096652
0.588196
0.134431
0.586714
0.465842
0.305617
0.323254
0.485499
0.318066
0.560441
0.921318
0.097709
0.525850
0.063796
0.234365
0.386679
0.086852
0.004831
0.204752
0.283824
0.604036
0.520670
0.418540
0.631328
0.300296
0.946030
0.603284
0.999303
0.161173
0.821372
0.119076
0.492686
0.996006
0.311918
0.265515
0.550943
0.342578
0.753694
0.123507
0.833833
0.610324
0.320183
0.356552
0.519388
0.669504
0.539182
0.129211
0.953269
0.614407
0.001227
0.012889
0.865886
0.133447
0.427233
0.877486
0.396186
0.142676
0.314509
0.982759
0.556812
0.026336
0.089818
0.440593
0.469094
0.282073
0.669946
0.308586
0.659879
0.002692
0.090871
0.670286
0.713968
0.713013
0.614229
0.266615
0.931421
0.501633
0.074463
0.659113
0.960448
0.384118
0.983898
0.355920
0.323325
0.757218
0.779771
0.127293
0.780613
0.862806
0.962765
0.424884
0.591075
0.194961
0.548460
0.928270
0.220721
0.932494
0.210786
0.037923
0.281088
0.050397
0.641461
0.365026
0.577798
0.904662
0.554683
0.918586
0.815939
0.552480
0.427249
0.727072
0.726322
0.980191
0.647655
0.757343
0.180256
0.990099
0.342594
0.394477
0.081253
0.829419
0.516227
0.843258
0.837977
0.424413
0.459372
0.010655
0.708501
0.363986
0.016793
0.868385
0.983374
0.722735
0.517388
0.599587
0.362457
0.446080
0.922653
0.862136
0.043647
0.971563
0.403284
0.095955
0.342532
0.021842
0.654310
0.540028
0.510092
0.176914
0.269477
0.568202
0.016685
0.875694
0.551593
0.397072
0.677758
0.479497
0.794672
0.444776
0.659746
0.881043
0.065586
0.640771
0.720213
0.900289
0.488884
0.302851
0.897884
0.270273
0.321656
0.542056
0.716443
0.888968
0.441009
0.246613
0.537867
0.063167
0.171826
0.984637
0.781100
0.673205
0.495839
0.588683
0.890840
0.377838
0.115486
0.914176
0.327246
0.601179
0.530068
0.453552
0.875123
0.901980
0.321938
0.028293
0.712417
0.332737
0.273157
0.045922
0.201104
0.324693
0.436507
0.406859
0.084259
0.866491
0.989094
0.669604
0.803605
0.020359
0.893940
0.859130
0.151169
0.990702
0.298897
0.144171
0.393147
0.736011
0.098561
0.560238
0.856306
0.815147
0.481379
0.046817
0.547344
0.462321
0.060136
0.064127
0.530012
0.579255
0.741022
0.205911
0.157223
0.065838
0.897662
0.013492
0.036121
0.938628
0.176940
0.090501
0.280562
0.626268
0.040256
0.819374
0.711798
0.407648
0.525779
0.176544
0.535387
0.757597
0.965091
0.253998
0.528505
0.580219
0.184021
0.025922
0.091586
0.495529
0.916803
0.290066
0.873333
0.163757
0.541508
0.688317
0.087155
0.606195
0.251038
0.628137
0.665421
0.743395
0.278151
0.128796
0.907871
0.412301
0.836804
0.180838
0.181302
0.543961
0.989618
0.695479
0.225273
0.442820
0.338023
0.328611
0.965999
0.276595
0.315458
0.171939
0.987621
0.391080
0.174197
0.026266
0.553343
0.444980
0.644428
0.708003
0.702051
0.013526
0.533303
0.823096
0.409419
0.243008
0.466972
0.890403
0.333467
0.717672
0.977070
0.561387
0.547236
0.401246
0.533606
0.401230
0.976748
0.672699
0.939494
0.939090
0.638641
0.033947
0.160629
0.117457
0.133666
0.329885
0.773968
0.262082
0.171167
0.701420
0.300919
0.128766
0.944460
0.262496
0.952624
0.569789
0.262954
0.534398
0.367697
0.993745
0.086304
0.225991
0.563492
0.895163
0.158046
0.367643
0.263016
0.615990
0.256997
0.299352
0.386824
0.715841
0.177303
0.399364
0.620340
0.401970
0.211956
0.897051
0.561399
0.668004
0.996845
0.931102
0.921954
0.861499
0.216201
0.338648
0.174900
0.327825
0.566377
0.249568
0.897046
0.529446
0.510283
0.529200
0.029432
0.317570
0.763922
0.687528
0.445201
0.023852
0.970185
0.138638
0.343975
0.164286
0.011416
0.345130
0.262625
0.210863
0.566030
0.471984
0.260098
0.228680
0.547304
0.866197
0.374819
0.820945
0.492959
0.994719
0.715450
0.630183
0.867706
0.045800
0.899511
0.453607
0.959895
0.218846
0.541602
0.421344
0.006890
0.896047
0.577554
0.719363
0.577908
0.365150
0.528477
0.310588
0.830738
0.116348
0.917074
0.297984
0.089739
0.895845
0.677173
0.997037
0.363553
0.702487
0.197558
0.941054
0.825595
0.659302
0.936177
0.664478
0.358994
0.685700
0.075668
0.914681
0.757597
0.004712
0.382978
0.383720
0.860104
0.718506
0.123440
0.064672
0.356362
0.809544
0.073824
0.093467
0.371328
0.418413
0.312133
0.591820
0.627975
0.916337
0.638870
0.469495
0.487087
0.043669
0.231393
0.748921
0.728179
0.997848
0.148196
0.350322
0.386919
0.207092
0.703463
0.013940
0.412889
0.360772
0.816165
0.464692
0.516372
0.934593
0.416094
0.855266
0.290238
0.658218
0.747340
0.002105
0.025750
0.444325
0.255372
0.985258
0.389114
0.909849
0.156678
0.082274
0.135520
0.560503
0.171105
0.997325
0.952737
0.626021
0.319937
0.412783
0.537595
0.682752
0.652462
0.499539
0.603124
0.198508
0.927242
0.376369
0.225888
0.707451
0.230493
0.294313
0.103330
0.055332
0.523514
0.460154
0.777484
0.241843
0.856720
0.808944
0.869178
0.380931
0.323908
0.328796
0.077432
0.864806
0.533388
0.855863
0.150723
0.475380
0.890709
0.951931
0.795596
0.069987
0.191069
0.894167
0.416029
0.067562
0.950074
0.023420
0.583194
0.877594
0.523193
0.275583
0.925861
0.107172
0.012800
0.455827
0.959571
0.920489
0.294671
0.488236
0.787721
0.739126
0.442735
0.998178
0.206431
0.098291
0.543173
0.160673
0.921203
0.311424
0.189741
0.008483
0.277201
0.650057
0.086722
0.556299
0.353947
0.383728
0.571088
0.114620
0.763353
0.721663
0.840134
0.474973
0.098529
0.788855
0.245890
0.918091
0.337462
0.198389
0.625454
0.883749
0.535429
0.853130
0.881710
0.034820
0.814445
0.736242
0.437916
0.222755
0.745764
0.903968
0.960685
0.625541
0.037864
0.557440
0.499045
0.175034
0.599798
0.184298
0.714520
0.145481
0.207343
0.676032
0.892416
0.750626
0.613277
0.253386
0.313452
0.338952
0.016093
0.788967
0.135182
0.815491
0.633439
0.882313
0.163749
0.519093
0.064220
0.106043
0.689859
0.694881
0.310136
0.349864
0.491591
0.906420
0.453893
0.898948
0.165975
0.198540
0.044761
0.910744
0.308137
0.251984
0.256671
0.525248
0.800043
0.351635
0.690772
0.043046
0.361341
0.141830
0.671181
0.127470
0.734956
0.270603
0.704380
0.885570
0.784576
0.269107
0.161043
0.120543
0.646259
0.997104
0.712537
0.048074
0.850351
0.568576
0.678350
0.962672
0.382862
0.696073
0.577665
0.718747
0.529415
0.435403
0.237204
0.555327
0.503635
0.435350
0.994611
0.703139
0.441275
0.296033
0.604731
0.937348
0.898950
0.794680
0.455128
0.707521
0.261648
0.563589
0.723688
0.726270
0.087584
0.800859
0.058736
0.827075
0.725609
0.493622
0.671180
0.016788
0.274528
0.153609
0.136115
0.815566
0.032200
0.658217
0.492221
0.171886
0.844111
0.393275
0.982241
0.298070
0.716983
0.677320
0.124769
0.136473
0.645456
0.566696
0.171284
0.642058
0.913540
0.485839
0.854567
0.566485
0.203676
0.071654
0.943831
0.724616
0.373143
0.773441
0.303540
0.198193
0.860303
0.703060
0.019320
0.324759
0.653825
0.311127
0.864680
0.483116
0.810337
0.485558
0.892601
0.329770
0.525817
0.674560
0.749291
0.583202
0.060905
0.657513
0.223369
0.373229
0.869806
0.388793
0.409120
0.359080
0.487893
0.170360
0.320753
0.919820
0.167714
0.752391
0.036367
0.990992
0.412026
0.285082
0.962654
0.178236
0.102706
0.551153
0.128709
0.347610
0.454746
0.284077
0.870480
0.558471
0.795839
0.542489
0.734428
0.162283
0.866849
0.971995
0.084738
0.693472
0.811300
0.981172
0.964401
0.489324
0.049204
0.513094
0.255481
0.317618
0.260384
0.565605
0.673149
0.794826
0.605014
0.245481
0.473922
0.535667
0.126399
0.010841
0.870310
0.387023
0.976927
0.424116
0.727593
0.225817
0.318371
0.000548
0.426837
0.710606
0.529919
0.374707
0.361212
0.499188
0.940975
0.534727
0.986903
0.317448
0.842266
0.289690
0.068981
0.285542
0.841304
0.673385
0.686923
0.083046
0.962005
0.865217
0.931360
0.231226
0.660131
0.378544
0.317286
0.463580
0.475177
0.164641
0.840383
0.180322
0.376018
0.577833
0.940302
0.282800
0.414747
0.499210
0.332427
0.563660
0.685145
0.712576
0.699587
0.701074
0.315463
0.740771
0.365861
0.042852
0.507967
0.891687
0.621489
0.650729
0.090061
0.323990
0.943338
0.747684
0.455798
0.349816
0.618383
0.122431
0.866033
0.257161
0.684531
0.405173
0.226156
0.204120
0.656561
0.256666
0.479858
0.740951
0.504909
0.587315
0.625215
0.518641
0.148141
0.232492
0.976918
0.493414
0.449746
0.202010
0.238936
0.418706
0.066845
0.452538
0.210449
0.597427
0.469797
0.217841
0.691429
0.449890
0.071658
0.498848
0.471758
0.623194
0.506192
0.448373
0.939892
0.547001
0.050345
0.778466
0.016534
0.933749
0.676860
0.025334
0.159888
0.868169
0.966448
0.690775
0.378466
0.455401
0.625373
0.962497
0.473032
0.357544
0.708837
0.530423
0.481484
0.787867
0.205388
0.953304
0.061126
0.227245
0.802057
0.190261
0.775810
0.340315
0.629949
0.255232
0.096495
0.595097
0.338645
0.048042
0.930639
0.209866
0.014666
0.192595
0.397825
0.279354
0.341277
0.208744
0.017607
0.768074
0.887401
0.456971
0.794003
0.234986
0.953030
0.531174
0.614343
0.388729
0.724350
0.000612
0.845462
0.318281
0.388214
0.593142
0.846271
0.436806
0.903484
0.903199
0.833283
0.987381
0.454186
0.943789
0.067423
0.543684
0.641122
0.145974
0.780793
0.186051
0.676197
0.654770
0.657417
0.317777
0.495944
0.749777
0.720648
0.016356
0.622798
0.313809
0.281851
0.982484
0.887085
0.224697
0.462360
0.883074
0.938476
0.204738
0.927247
0.994894
0.778967
0.739037
0.750997
0.588581
0.843133
0.487469
0.079285
0.478964
0.235378
0.843977
0.937267
0.371584
0.454702
0.729427
0.564436
0.305895
0.938819
0.987792
0.102419
0.116475
0.231635
0.146808
0.820229
0.872213
0.008470
0.419697
0.998428
0.912231
0.116135
0.389633
0.698237
0.062591
0.531166
0.418347
0.174633
0.810685
0.587000
0.648865
0.336511
0.539710
0.144605
0.083723
0.266507
0.023644
0.802562
0.276979
0.164520
0.377485
0.780516
0.203617
0.620489
0.906711
0.329678
0.995195
0.723815
0.146765
0.287876
0.947108
0.220776
0.904840
0.613889
0.111172
0.701470
0.874119
0.112277
0.347428
0.269738
0.180540
0.348795
0.990284
0.380977
0.824613
0.507375
0.715272
0.753103
0.910289
0.249382
0.311724
0.616660
0.808499
0.897884
0.271114
0.894291
0.218122
0.424453
0.397460
0.432757
0.679501
0.000913
0.401280
0.569291
0.417511
0.577514
0.127711
0.437213
0.878930
0.143467
0.027487
0.514191
0.653537
0.643370
0.650901
0.422827
0.285106
0.888761
0.633287
0.511988
0.177026
0.189396
0.259168
0.804780
0.251609
0.602537
0.513286
0.693519
0.340692
0.975845
0.432322
0.913667
0.560643
0.952888
0.802258
0.629385
0.984510
0.478762
0.153725
0.627045
0.079327
0.543142
0.801191
0.025436
0.173399
0.931998
0.170945
0.380111
0.186994
0.927162
0.046053
0.563920
0.264999
0.541466
0.912055
0.247488
0.540613
0.149980
0.462500
0.755606
0.018665
0.965274
0.275342
0.533247
0.463205
0.693986
0.815968
0.585212
0.908989
0.937473
0.485754
0.145102
0.176671
0.291929
0.501560
0.243192
0.978056
0.041160
0.655738
0.961397
0.255696
0.492836
0.521831
0.341434
0.450264
0.108303
0.601229
0.425812
0.053447
0.135454
0.273052
0.708666
0.941964
0.539102
0.845379
0.724889
0.442527
0.996167
0.501742
0.153355
0.425311
0.992903
0.593190
0.117288
0.026184
0.834382
0.503208
0.467633
0.151620
0.405567
0.779560
0.291351
0.005064
0.858163
0.312555
0.425261
0.504156
0.134910
0.081349
0.028890
0.133783
0.276491
0.286081
0.599906
0.233714
0.226252
0.040883
0.948235
0.669393
0.091786
0.087191
0.496978
0.732464
0.324280
0.173911
0.688456
0.900347
0.617400
0.675925
0.753032
0.922445
0.635378
0.129377
0.579289
0.749810
0.379616
0.454881
0.011216
0.974756
0.566244
0.631446
0.617643
0.071221
0.082206
0.246821
0.529506
0.433855
0.230050
0.066038
0.441712
0.596756
0.173923
0.270424
0.620449
0.398573
0.920570
0.174759
0.957562
0.060892
0.265370
0.740603
0.656876
0.207292
0.907658
0.388403
0.330688
0.801516
0.191462
0.148569
0.607555
0.589446
0.504091
0.870318
0.206402
0.140081
0.909286
0.674204
0.889970
0.478842
0.294278
0.346749
0.268034
0.060044
0.658444
0.549600
0.744432
0.636502
0.699467
0.276863
0.580779
0.139384
0.892026
0.527508
0.344452
0.901576
0.682042
0.859502
0.601676
0.348245
0.411169
0.912219
0.462803
0.278562
0.363165
0.786775
0.262517
0.196784
0.904716
0.882796
0.710941
0.177450
0.643457
0.536467
0.152669
0.811067
0.707769
0.079838
0.161447
0.950557
0.575598
0.345801
0.542589
0.826403
0.049024
0.636892
0.548896
0.415715
0.240623
0.828445
0.796487
0.517741
0.356546
0.016344
0.224047
0.320137
0.226424
0.484728
0.623928
0.335822
0.335213
0.157086
0.609493
0.682665
0.497340
0.111867
0.615285
0.985515
0.516367
0.557462
0.071901
0.654273
0.477947
0.346608
0.594835
0.369313
0.811243
0.001951
0.886717
0.957573
0.552054
0.267001
0.507883
0.124225
0.274586
0.693786
0.325698
0.105741
0.899606
0.143115
0.834701
0.104335
0.803382
0.578117
0.845880
0.459670
0.659626
0.058359
0.894151
0.004051
0.857964
0.631588
0.900582
0.759299
0.816506
0.223633
0.863751
0.378630
0.498797
0.854129
0.028786
0.060987
0.959877
0.375874
0.900548
0.598787
0.082046
0.627484
0.608726
0.027414
0.164981
0.690677
0.398546
0.775267
0.850593
0.002456
0.984765
0.249929
0.680895
0.145452
0.163517
0.406997
0.394478
0.343064
0.593628
0.735383
0.898130
0.245227
0.124950
0.442980
0.535771
0.590760
0.226794
0.860402
0.195060
0.467490
0.137449
0.603365
0.617725
0.215574
0.670359
0.985690
0.734324
0.695578
0.450287
0.179129
0.446571
0.693514
0.661914
0.531360
0.095760
0.291955
0.543958
0.122614
0.246658
0.090743
0.395964
0.641439
0.791624
0.313293
0.246394
0.052655
0.945672
0.045059
0.695181
0.611589
0.212765
0.688617
0.349161
0.828323
0.906481
0.113846
0.444255
0.018718
0.401107
0.969864
0.345314
0.594342
0.865711
0.105205
0.956353
0.974601
0.234235
0.521027
0.405692
0.668978
0.326461
0.625109
0.609201
0.127717
0.142041
0.737660
0.299318
0.331758
0.983603
0.658454
0.348533
0.958457
0.353321
0.082839
0.646174
0.473626
0.934950
0.555531
0.511138
0.552475
0.891907
0.388769
0.666998
0.196189
0.450109
0.317953
0.868003
0.395376
0.107330
0.005066
0.464859
0.789444
0.931131
0.569238
0.830015
0.809062
0.434203
0.975317
0.837136
0.078944
0.405151
0.055262
0.394443
0.445970
0.327429
0.492866
0.674155
0.913597
0.438997
0.948442
0.639905
0.772076
0.917036
0.424865
0.152074
0.564344
0.759309
0.627037
0.400777
0.702949
0.866853
0.700447
0.172771
0.021707
0.099004
0.967113
0.168982
0.509269
0.205437
0.834479
0.842305
0.616756
0.871999
0.519712
0.281848
0.779141
0.525578
0.802693
0.212183
0.045283
0.202877
0.249454
0.059203
0.614170
0.920390
0.897054
0.033996
0.749012
0.606775
0.783287
0.751149
0.344671
0.339443
0.072097
0.898141
0.700462
0.227036
0.359271
0.949895
0.876531
0.707535
0.643507
0.841168
0.949554
0.994250
0.875304
0.504831
0.328136
0.151678
0.019599
0.313957
0.820399
0.370115
0.616331
0.959477
0.880442
0.028512
0.434406
0.304256
0.395651
0.483076
0.386115
0.102192
0.746630
0.134811
0.407922
0.402261
0.893647
0.450037
0.885806
0.389537
0.869979
0.517925
0.884661
0.686755
0.730034
0.509478
0.266523
0.761892
0.379458
0.680921
0.695995
0.491970
0.460880
0.266113
0.836892
0.725474
0.972194
0.698878
0.154837
0.391680
0.428288
0.865792
0.928902
0.523082
0.250380
0.828209
0.223070
0.107170
0.772291
0.281641
0.916703
0.757933
0.617322
0.600070
0.792709
0.509562
0.534348
0.098490
0.342885
0.970689
0.633235
0.141851
0.191108
0.444647
0.858019
0.232466
0.035524
0.399238
0.746033
0.567402
0.058636
0.759683
0.791438
0.916142
0.996712
0.474070
0.045778
0.717109
0.254043
0.656772
0.913945
0.016977
0.709528
0.519065
0.143572
0.313078
0.418364
0.336292
0.945809
0.337811
0.345335
0.638244
0.446594
0.722657
0.272514
0.826462
0.655197
0.973001
0.157040
0.873548
0.990643
0.995157
0.636831
0.921498
0.750604
0.062322
0.116368
0.416932
0.599906
0.652107
0.542650
0.270939
0.039715
0.397073
0.594453
0.952057
0.470866
0.870534
0.656584
0.876572
0.947201
0.288889
0.594985
0.086622
0.323139
0.201686
0.557516
0.561011
0.514213
0.911538
0.727877
0.315848
0.024660
0.814315
0.194401
0.373375
0.251383
0.969570
0.758855
0.030874
0.082087
0.442047
0.109804
0.392572
0.684886
0.034970
0.186629
0.752829
0.589389
0.748553
0.739697
0.977628
0.121669
0.224012
0.884200
0.034080
0.148508
0.702173
0.294361
0.197068
0.065204
0.061360
0.394641
0.322630
0.915630
0.773312
0.388331
0.945744
0.837157
0.396951
0.994083
0.533916
0.285004
0.333354
0.719164
0.127630
0.303138
0.103558
0.125901
0.116222
0.799378
0.543044
0.695384
0.246942
0.162216
0.988954
0.270018
0.031677
0.672036
0.271189
0.983306
0.807596
0.040159
0.906416
0.739994
0.304292
0.820069
0.181220
0.480515
0.072354
0.625381
0.440849
0.297979
0.609741
0.541898
0.063599
0.230622
0.978140
0.304358
0.785132
0.843867
0.798587
0.924229
0.776207
0.269495
0.342865
0.189783
0.502330
0.769926
0.255361
0.734511
0.782809
0.337520
0.931736
0.090027
0.794229
0.875884
0.600464
0.944617
0.251349
0.805492
0.477371
0.842466
0.665192
0.011929
0.440014
0.139873
0.989271
0.043628
0.368161
0.526046
0.982664
0.858283
0.660844
0.894695
0.152228
0.813721
0.433209
0.379932
0.891676
0.459973
0.153521
0.742012
0.665498
0.083840
0.059764
0.785420
0.340528
0.314122
0.825804
0.628276
0.644061
0.953039
0.780452
0.417254
0.618384
0.954569
0.342165
0.729285
0.787775
0.130366
0.462725
0.638311
0.792795
0.094807
0.192016
0.204179
0.762216
0.638093
0.321801
0.398113
0.766243
0.475225
0.450008
0.885859
0.953718
0.103365
0.161009
0.300907
0.345605
0.614300
0.946261
0.045755
0.708807
0.165597
0.519788
0.133084
0.236967
0.685910
0.512649
0.229234
0.233649
0.158769
0.779746
0.982468
0.240544
0.736093
0.513223
0.735115
0.738339
0.328344
0.743009
0.143534
0.126516
0.412570
0.002623
0.608638
0.163752
0.411888
0.754750
0.282904
0.722381
0.309052
0.585804
0.031900
0.925377
0.450548
0.093110
0.838460
0.635990
0.923814
0.375668
0.729141
0.548991
0.205379
0.094895
0.343219
0.775742
0.098220
0.362150
0.456453
0.857192
0.528098
0.324236
0.301621
0.410447
0.635859
0.017080
0.816336
0.493742
0.480187
0.024074
0.401160
0.936193
0.606663
0.063629
0.527218
0.044376
0.907332
0.116670
0.216304
0.786106
0.612811
0.037367
0.886424
0.828119
0.558049
0.139448
0.154437
0.031177
0.034476
0.557979
0.492228
0.592375
0.685913
0.716380
0.205068
0.176405
0.983401
0.116430
0.336556
0.847958
0.394145
0.472711
0.083829
0.456307
0.371016
0.661824
0.144502
0.426915
0.769409
0.702186
0.611808
0.577383
0.145256
0.345490
0.320264
0.036435
0.108497
0.591096
0.638540
0.342458
0.366476
0.446801
0.061228
0.116298
0.267164
0.392272
0.503487
0.922852
0.377791
0.765960
0.122838
0.185272
0.354719
0.624825
0.936143
0.719139
0.878887
0.623506
0.356539
0.083519
0.661062
0.151760
0.418876
0.769835
0.234839
0.054516
0.501474
0.083518
0.834689
0.857733
0.379453
0.529609
0.842631
0.827478
0.787756
0.751195
0.930769
0.613068
0.141648
0.544729
0.838086
0.553553
0.705063
0.691859
0.017758
0.267787
0.342677
0.103205
0.854584
0.381435
0.804921
0.912254
0.569051
0.570761
0.525166
0.330672
0.942430
0.596259
0.638444
0.470433
0.873079
0.154205
0.829177
0.440364
0.123952
0.857995
0.883480
0.369366
0.170764
0.062624
0.146314
0.926571
0.394331
0.825528
0.385962
0.278116
0.173654
0.737910
0.753206
0.415781
0.281925
0.517084
0.229944
0.636080
0.029102
0.898676
0.315714
0.658270
0.354274
0.955929
0.059200
0.011255
0.680689
0.372028
0.247939
0.755198
0.297209
0.442262
0.700386
0.242635
0.922711
0.649830
0.721668
0.172327
0.404417
0.177939
0.683703
0.899799
0.266850
0.749151
0.152160
0.391285
0.493566
0.950184
0.521606
0.939414
0.027244
0.857938
0.735171
0.192855
0.412524
0.153678
0.589544
0.128819
0.787026
0.242083
0.577941
0.554065
0.415423
0.597400
0.154818
0.841018
0.634964
0.978919
0.153340
0.971914
0.773289
0.303346
0.520590
0.203372
0.255175
0.264790
0.211663
0.701382
0.037667
0.858741
0.391693
0.303913
0.115990
0.320711
0.908608
0.913911
0.398121
0.831598
0.427290
0.224680
0.635856
0.290270
0.750706
0.144857
0.565709
0.301481
0.522611
0.080628
0.304766
0.987741
0.021015
0.604478
0.574504
0.693057
0.657844
0.995591
0.309042
0.912066
0.628179
0.976804
0.821908
0.829515
0.166959
0.043480
0.245363
0.593654
0.820943
0.224305
0.566018
0.446201
0.012595
0.623300
0.016806
0.086134
0.928009
0.653588
0.964461
0.321754
0.105322
0.520778
0.979198
0.254006
0.219651
0.078380
0.574118
0.694834
0.876478
0.037288
0.850472
0.439793
0.142744
0.340883
0.034841
0.738973
0.203409
0.038487
0.808762
0.120645
0.554936
0.721130
0.432750
0.566358
0.394384
0.590450
0.586825
0.284465
0.176413
0.876290
0.579879
0.523321
0.267557
0.010319
0.220966
0.469498
0.289276
0.907899
0.156930
0.426073
0.404272
0.661387
0.431976
0.718938
0.744788
0.954814
0.344592
0.864707
0.421663
0.669214
0.403673
0.103481
0.587795
0.353267
0.216339
0.776714
0.592871
0.925826
0.981477
0.959856
0.075387
0.892629
0.781839
0.158297
0.345379
0.283189
0.039038
0.582255
0.553390
0.026650
0.155064
0.042450
0.088836
0.715133
0.955270
0.786169
0.559562
0.074633
0.874905
0.727322
0.463421
0.448512
0.807226
0.540542
0.646371
0.465666
0.928553
0.686566
0.458167
0.629895
0.016083
0.734242
0.759027
0.941242
0.519112
0.635431
0.925828
0.003183
0.784118
0.106722
0.565953
0.337730
0.078894
0.862035
0.816771
0.326540
0.729841
0.430373
0.919149
0.119905
0.458531
0.162796
0.969023
0.853678
0.666593
0.183429
0.620942
0.230347
0.619504
0.544214
0.524986
0.144952
0.476710
0.197398
0.891368
0.056791
0.523921
0.270198
0.997517
0.757937
0.508971
0.101866
0.366969
0.400574
0.250317
0.844874
0.678920
0.995063
0.871352
0.822142
0.117072
0.254143
0.667954
0.125304
0.476095
0.857554
0.404232
0.911561
0.037598
0.964117
0.274587
0.956780
0.363449
0.670391
0.000993
0.120408
0.075285
0.968736
0.043846
0.515359
0.472336
0.502141
0.293582
0.317267
0.046670
0.754534
0.338364
0.928047
0.381714
0.506477
0.539894
0.686229
0.346498
0.976939
0.123472
0.720512
0.439301
0.658844
0.837973
0.024753
0.589215
0.833008
0.863771
0.215490
0.925971
0.052209
0.548815
0.962110
0.194997
0.761827
0.601069
0.171989
0.578242
0.949961
0.035170
0.007173
0.118281
0.379172
0.797158
0.716182
0.404615
0.171989
0.518079
0.516969
0.322031
0.227818
0.578612
0.969342
0.871173
0.111649
0.015949
0.953755
0.225022
0.443433
0.043225
0.726437
0.390254
0.746717
0.962816
0.168499
0.192156
0.798315
0.278964
0.080977
0.623142
0.416681
0.203037
0.912523
0.199390
0.791282
0.706220
0.027451
0.403646
0.891560
0.628982
0.336673
0.085104
0.501803
0.282892
0.802202
0.104052
0.354217
0.766369
0.888759
0.298768
0.820059
0.009292
0.046800
0.998364
0.358473
0.118760
0.765106
0.775531
0.401883
0.036035
0.794990
0.629875
0.609571
0.058268
0.910945
0.501906
0.278619
0.513106
0.795027
0.361021
0.541445
0.493918
0.496991
0.492961
0.476708
0.121932
0.783691
0.173106
0.136923
0.462138
0.825882
0.275476
0.270403
0.004804
0.026538
0.391906
0.252434
0.165734
0.742341
0.564297
0.803290
0.547189
0.730911
0.342285
0.867968
0.838264
0.834718
0.630617
0.770352
0.178406
0.824010
0.980868
0.185959
0.130071
0.023236
0.891232
0.652143
0.034896
0.067765
0.320457
0.349451
0.500315
0.531606
0.496794
0.636146
0.977750
0.555553
0.943295
0.740327
0.356199
0.733810
0.164897
0.847741
0.072363
0.302741
0.102387
0.352571
0.406133
0.956698
0.190329
0.844239
0.223068
0.903823
0.831040
0.613452
0.887962
0.001689
0.470106
0.500243
0.209295
0.083375
0.120392
0.247211
0.996423
0.925203
0.504937
0.431157
0.892273
0.416320
0.583115
0.341241
0.965877
0.487598
0.681521
0.963973
0.852485
0.534972
0.098626
0.683969
0.864912
0.644227
0.701615
0.370515
0.178079
0.776081
0.731028
0.696515
0.228763
0.509863
0.804098
0.628110
0.553117
0.450578
0.725666
0.876963
0.193594
0.379111
0.425230
0.366249
0.192021
0.741988
0.623575
0.616432
0.803492
0.630518
0.160156
0.895059
0.532786
0.656431
0.485234
0.530370
0.636640
0.680993
0.325146
0.292500
0.936485
0.457919
0.885960
0.076389
0.841455
0.589740
0.075400
0.451980
0.944311
0.627109
0.734911
0.201669
0.086566
0.437293
0.907234
0.760646
0.915840
0.579944
0.078061
0.078352
0.810343
0.225333
0.466252
0.690929
0.113452
0.174586
0.872677
0.644565
0.506273
0.756873
0.894617
0.043931
0.507755
0.420800
0.266703
0.671609
0.599825
0.763975
0.480838
0.883101
0.757613
0.785428
0.181125
0.424554
0.760516
0.451555
0.124474
0.340170
0.965811
0.060854
0.976776
0.673893
0.249730
0.620947
0.095962
0.462616
0.927624
0.930330
0.689195
0.850100
0.130442
0.625741
0.758275
0.103003
0.674487
0.124782
0.736045
0.510856
0.859316
0.595070
0.322418
0.525341
0.168712
0.420232
0.141263
0.012396
0.944743
0.635841
0.332759
0.922146
0.027625
0.673168
0.178481
0.341855
0.986222
0.095558
0.420989
0.398211
0.146731
0.633222
0.913440
0.476671
0.511057
0.431236
0.929031
0.183139
0.051460
0.408260
0.420986
0.390030
0.593708
0.787517
0.281464
0.884502
0.735765
0.186440
0.466918
0.918025
0.281189
0.038487
0.487092
0.487028
0.643312
0.143090
0.178322
0.144626
0.354760
0.792792
0.867024
0.540550
0.313184
0.377213
0.678205
0.744738
0.933750
0.700513
0.043170
0.560474
0.047032
0.233176
0.831114
0.853545
0.871660
0.332908
0.376348
0.089362
0.758254
0.467639
0.136100
0.502049
0.807811
0.932456
0.417179
0.136742
0.936303
0.420029
0.411757
0.474086
0.119620
0.450791
0.525768
0.826604
0.400396
0.636823
0.245245
0.599353
0.871167
0.505952
0.627657
0.038053
0.226875
0.285691
0.223074
0.999840
0.173074
0.198016
0.103824
0.624429
0.913180
0.175009
0.726102
0.653793
0.156791
0.123529
0.061529
0.439749
0.488846
0.267503
0.554572
0.831726
0.023205
0.424282
0.700567
0.888604
0.900158
0.243799
0.851195
0.493216
0.351100
0.294841
0.176031
0.046759
0.580062
0.932340
0.711135
0.611107
0.045324
0.055843
0.263943
0.574425
0.668615
0.276706
0.507466
0.611460
0.967589
0.676474
0.260147
0.662823
0.871756
0.959525
0.318998
0.682990
0.424685
0.499609
0.885619
0.116870
0.437354
0.844235
0.924581
0.618940
0.289466
0.887023
0.532897
0.382948
0.187489
0.031639
0.623850
0.107243
0.599315
0.559637
0.968569
0.880472
0.974583
0.557726
0.659040
0.981509
0.014847
0.559179
0.605822
0.389557
0.326516
0.582450
0.245909
0.885832
0.528487
0.002733
0.678792
0.484369
0.412020
0.336169
0.173924
0.090544
0.288129
0.140521
0.087011
0.082813
0.792648
0.101173
0.606805
0.824016
0.345391
0.659878
0.333487
0.108011
0.731294
0.110224
0.104130
0.457254
0.551126
0.704758
0.854010
0.025575
0.099719
0.442292
0.993129
0.193493
0.702623
0.700205
0.128029
0.632987
0.168746
0.787638
0.046937
0.574152
0.397559
0.785118
0.272961
0.933458
0.774742
0.340146
0.971471
0.115451
0.869083
0.464234
0.354106
0.226435
0.534719
0.054312
0.467742
0.736677
0.364499
0.991619
0.391309
0.690472
0.929854
0.077514
0.619821
0.331497
0.386858
0.993102
0.011340
0.721520
0.193426
0.335207
0.060818
0.867925
0.344349
0.923921
0.881434
0.120696
0.024140
0.007405
0.790139
0.780438
0.846708
0.140483
0.464753
0.900435
0.199507
0.989324
0.654924
0.139466
0.050976
0.641508
0.262527
0.996471
0.186433
0.377282
0.366976
0.148867
0.090731
0.903940
0.550404
0.535390
0.837344
0.562972
0.503634
0.931204
0.723560
0.702881
0.678085
0.513565
0.220179
0.654929
0.236956
0.313552
0.900806
0.362407
0.281564
0.793078
0.559250
0.675545
0.550197
0.423267
0.001781
0.535516
0.256343
0.213796
0.161468
0.305189
0.433992
0.343556
0.981413
0.356544
0.057748
0.358066
0.068612
0.862021
0.006803
0.862872
0.655920
0.648286
0.830998
0.085562
0.011312
0.716786
0.675054
0.480099
0.795418
0.798652
0.028966
0.380590
0.044088
0.446413
0.338079
0.299157
0.605471
0.948061
0.549570
0.322766
0.013286
0.728449
0.251352
0.262099
0.561413
0.248900
0.017529
0.104219
0.750947
0.270373
0.488663
0.328935
0.409866
0.172230
0.646737
0.972593
0.597595
0.953562
0.989768
0.715376
0.471217
0.144557
0.149754
0.778864
0.535657
0.851189
0.944708
0.146337
0.164895
0.198831
0.409998
0.452608
0.862691
0.852556
0.749387
0.273487
0.936122
0.818965
0.099912
0.214586
0.949793
0.293378
0.969143
0.939325
0.488423
0.746038
0.114993
0.667650
0.215517
0.252258
0.667956
0.848152
0.420475
0.196956
0.598764
0.081690
0.999386
0.028097
0.100556
0.426035
0.028998
0.722701
0.457843
0.206986
0.541469
0.761421
0.123142
0.217254
0.171207
0.803450
0.609030
0.812557
0.765784
0.204596
0.755521
0.073917
0.680935
0.241670
0.761829
0.852197
0.025183
0.281653
0.123403
0.648366
0.901876
0.471939
0.320131
0.710695
0.394132
0.307927
0.524233
0.294646
0.439477
0.057619
0.985783
0.376255
0.493233
0.562963
0.593333
0.425786
0.239846
0.889576
0.864550
0.622476
0.195558
0.327131
0.499277
0.657769
0.579633
0.941086
0.311508
0.364281
0.899828
0.503140
0.768326
0.699044
0.495173
0.865597
0.408156
0.277012
0.359164
0.548116
0.727390
0.916067
0.592267
0.250457
0.837590
0.536425
0.326619
0.640185
0.663392
0.820847
0.059807
0.959789
0.016830
0.149669
0.519908
0.795449
0.624046
0.385577
0.061054
0.713590
0.656929
0.803360
0.617686
0.037025
0.330973
0.092438
0.495691
0.857719
0.451751
0.454658
0.178483
0.697288
0.940716
0.973274
0.413880
0.180835
0.345354
0.034848
0.520822
0.507706
0.372613
0.584328
0.120368
0.629451
0.795662
0.622185
0.719276
0.297651
0.624652
0.895352
0.232294
0.861129
0.638643
0.271847
0.956193
0.884304
0.919307
0.450380
0.648668
0.758467
0.562488
0.365637
0.522498
0.090270
0.661021
0.879099
0.552588
0.302912
0.825306
0.862629
0.783471
0.773766
0.045390
0.903207
0.199088
0.577502
0.692619
0.194253
0.416597
0.298223
0.737252
0.391312
0.342116
0.131573
0.132472
0.753380
0.188541
0.003896
0.330796
0.768855
0.723446
0.498024
0.586236
0.976764
0.467029
0.973575
0.319425
0.186238
0.084441
0.305143
0.132224
0.913747
0.560859
0.707706
0.036545
0.288738
0.668411
0.170079
0.076989
0.911465
0.847485
0.241253
0.480559
0.215999
0.156891
0.399957
0.945718
0.627803
0.482576
0.745358
0.108286
0.586796
0.427500
0.459198
0.998398
0.008195
0.289674
0.761351
0.570629
0.696473
0.434142
0.188008
0.772447
0.130899
0.200505
0.912905
0.972755
0.969847
0.892127
0.877118
0.745306
0.937674
0.357754
0.234116
0.568168
0.871606
0.301392
0.517697
0.021969
0.822868
0.702031
0.137058
0.841977
0.979093
0.160318
0.853005
0.982733
0.853694
0.543498
0.521801
0.703289
0.769110
0.010754
0.259713
0.075470
0.038061
0.266065
0.605194
0.990071
0.860758
0.211664
0.981917
0.404474
0.543608
0.928297
0.711629
0.691973
0.990531
0.064425
0.829764
0.454489
0.102660
0.110115
0.529823
0.217485
0.873823
0.107118
0.137218
0.193782
0.012603
0.908087
0.194072
0.671474
0.328644
0.058257
0.549850
0.924143
0.159772
0.504592
0.996738
0.467525
0.602828
0.022230
0.083665
0.588485
0.357210
0.227300
0.580671
0.676673
0.755147
0.169306
0.859841
0.808219
0.992734
0.475432
0.096055
0.310000
0.193703
0.172409
0.977883
0.702877
0.533540
0.317927
0.035612
0.247231
0.071633
0.220948
0.141035
0.543452
0.827133
0.966127
0.285383
0.756843
0.180610
0.438803
0.892949
0.508727
0.375689
0.689796
0.345278
0.505384
0.266786
0.009183
0.663442
0.250353
0.841978
0.080261
0.684314
0.624543
0.321753
0.253403
0.253806
0.627752
0.969810
0.868141
0.799996
0.794228
0.372798
0.323682
0.918509
0.847908
0.870523
0.775647
0.749479
0.408239
0.612128
0.051952
0.820221
0.337894
0.239294
0.124577
0.712200
0.716329
0.363948
0.847204
0.348993
0.989521
0.521184
0.131160
0.529369
0.382308
0.391185
0.353261
0.604008
0.945747
0.346544
0.997561
0.145220
0.162506
0.390338
0.866959
0.237713
0.847516
0.699038
0.057348
0.448157
0.392309
0.213370
0.273517
0.857238
0.427481
0.266808
0.348433
0.176932
0.670636
0.389728
0.481517
0.266895
0.523562
0.258355
0.071933
0.317720
0.553105
0.899508
0.034191
0.018147
0.990599
0.639541
0.449146
0.772466
0.204313
0.870466
0.736855
0.009827
0.612350
0.266649
0.511276
0.027097
0.818023
0.937009
0.772121
0.251471
0.958878
0.752756
0.347747
0.090213
0.191220
0.408459
0.875133
0.366547
0.195885
0.110710
0.298922
0.108591
0.133892
0.146851
0.710384
0.969914
0.132834
0.265845
0.507747
0.795332
0.411038
0.151163
0.629798
0.705279
0.295710
0.425074
0.142298
0.129742
0.646798
0.285329
0.498532
0.473481
0.528056
0.026334
0.467427
0.704990
0.072762
0.371572
0.250612
0.221339
0.560434
0.573424
0.778663
0.610382
0.173405
0.998508
0.280798
0.593388
0.143751
0.086033
0.015213
0.839536
0.171238
0.865148
0.692183
0.775225
0.715883
0.163370
0.641421
0.913997
0.902680
0.297384
0.800865
0.977264
0.163847
0.772062
0.127187
0.703853
0.962786
0.732685
0.149611
0.221615
0.055239
0.825081
0.067864
0.312606
0.042876
0.471695
0.601781
0.402372
0.742996
0.418219
0.662840
0.373081
0.149754
0.842070
0.874834
0.990993
0.996492
0.234249
0.919456
0.174390
0.878606
0.110363
0.129630
0.253565
0.279818
0.112146
0.565163
0.706944
0.113821
0.011897
0.957263
0.435607
0.484564
0.109842
0.235747
0.973275
0.452853
0.646535
0.299541
0.052689
0.829736
0.563784
0.061162
0.766898
0.287930
0.709921
0.502311
0.201503
0.765439
0.667110
0.293014
0.569699
0.838772
0.595185
0.832628
0.676162
0.059739
0.950564
0.108888
0.260322
0.506663
0.809308
0.391404
0.638330
0.809646
0.756338
0.188717
0.961773
0.716105
0.401255
0.422464
0.647447
0.897421
0.344819
0.087094
0.585952
0.924918
0.695659
0.557059
0.008649
0.412443
0.667782
0.822865
0.456058
0.717082
0.566301
0.539678
0.641119
0.776642
0.078874
0.473591
0.804811
0.844731
0.767763
0.456646
0.008456
0.748033
0.333281
0.897390
0.957185
0.756624
0.471604
0.433264
0.085279
0.132144
0.153291
0.008409
0.610816
0.540078
0.125063
0.178399
0.860650
0.905175
0.405000
0.304621
0.825518
0.311706
0.065728
0.637203
0.499001
0.545480
0.543733
0.587857
0.125309
0.919512
0.984799
0.363292
0.993148
0.681510
0.441786
0.025949
0.502102
0.364727
0.334488
0.040988
0.951548
0.694591
0.011921
0.885565
0.089717
0.616473
0.121790
0.876366
0.063378
0.663977
0.183587
0.411778
0.850089
0.475716
0.221290
0.332648
0.780071
0.009372
0.776143
0.446621
0.780563
0.847107
0.373830
0.911093
0.840868
0.372622
0.644424
0.463858
0.911891
0.198239
0.415827
0.372859
0.452515
0.685586
0.146793
0.750873
0.721050
0.125460
0.005669
0.960390
0.209643
0.995188
0.504364
0.491092
0.531243
0.803825
0.179084
0.808748
0.212441
0.459447
0.982408
0.491511
0.013424
0.675862
0.474536
0.837852
0.302153
0.989790
0.030983
0.259909
0.039435
0.029782
0.122630
0.985965
0.892489
0.295235
0.571665
0.065008
0.866359
0.132371
0.890196
0.682820
0.526455
0.583052
0.510771
0.510304
0.954890
0.315221
0.610164
0.967639
0.033203
0.888281
0.296815
0.018528
0.641556
0.865100
0.212477
0.632867
0.998358
0.941020
0.920955
0.458623
0.395344
0.740152
0.199283
0.218791
0.193931
0.635655
0.184015
0.950870
0.493790
0.023287
0.979265
0.597291
0.640255
0.540225
0.322213
0.658209
0.651819
0.632487
0.291441
0.264812
0.092522
0.476925
0.196033
0.113078
0.428625
0.134941
0.107924
0.315224
0.958367
0.016209
0.202736
0.338982
0.123627
0.557788
0.908067
0.382593
0.960539
0.757300
0.872795
0.704776
0.352007
0.852912
0.063103
0.631936
0.260104
0.516880
0.754121
0.097062
0.563611
0.156622
0.260809
0.132907
0.250703
0.015531
0.675230
0.612343
0.435956
0.187225
0.433912
0.676930
0.823277
0.338037
0.809550
0.555517
0.332846
0.044341
0.533882
0.292621
0.583294
0.348887
0.137907
0.085013
0.874584
0.313532
0.713431
0.377440
0.278859
0.368394
0.924736
0.367337
0.114021
0.738154
0.046477
0.495359
0.568220
0.757570
0.685906
0.594996
0.854649
0.797514
0.823508
0.490889
0.219046
0.621465
0.832090
0.681731
0.282723
0.326326
0.713202
0.639178
0.889478
0.620905
0.721403
0.877717
0.314862
0.825078
0.677844
0.089944
0.792300
0.881641
0.248602
0.944823
0.885826
0.344342
0.470533
0.869880
0.788722
0.207640
0.335449
0.898259
0.818176
0.778205
0.826298
0.183723
0.797116
0.241813
0.767873
0.655872
0.926231
0.072886
0.087236
0.698530
0.834661
0.872724
0.750391
0.240110
0.611270
0.246272
0.973410
0.908782
0.536234
0.059872
0.316793
0.450069
0.403143
0.222480
0.526721
0.561790
0.615000
0.342874
0.348412
0.162308
0.695440
0.312719
0.914095
0.473439
0.442994
0.611444
0.407323
0.629046
0.307140
0.719626
0.779320
0.883655
0.737653
0.243302
0.891673
0.321073
0.483127
0.706874
0.179482
0.789071
0.241573
0.466190
0.163845
0.010164
0.519215
0.059286
0.832433
0.447188
0.277929
0.767936
0.289497
0.902021
0.364301
0.160802
0.435865
0.471935
0.152815
0.365031
0.856563
0.715676
0.313043
0.438561
0.196521
0.634841
0.558431
0.145473
0.018095
0.659063
0.256901
0.061019
0.429735
0.649141
0.407368
0.125620
0.421411
0.272875
0.909668
0.636393
0.154926
0.845969
0.898372
0.303617
0.048274
0.106065
0.965579
0.234903
0.021868
0.752353
0.077861
0.853428
0.196935
0.146300
0.283844
0.354150
0.655459
0.150117
0.719030
0.883841
0.886619
0.857379
0.922940
0.461654
0.603421
0.232810
0.991820
0.485771
0.858639
0.573112
0.171237
0.481928
0.511757
0.984683
0.142063
0.509019
0.085604
0.863333
0.637517
0.047656
0.937026
0.881277
0.237060
0.446127
0.281231
0.322719
0.975717
0.505419
0.332351
0.455543
0.967403
0.956265
0.328106
0.036766
0.922678
0.556059
0.215837
0.186499
0.521261
0.936092
0.809266
0.751752
0.025954
0.018185
0.345433
0.549242
0.667445
0.637336
0.941790
0.516721
0.730716
0.530455
0.883502
0.915769
0.397448
0.142310
0.166645
0.275486
0.380534
0.054186
0.037273
0.315332
0.784252
0.538929
0.448831
0.565364
0.166300
0.802469
0.508024
0.851195
0.117099
0.385726
0.985427
0.126795
0.130817
0.705397
0.272280
0.827464
0.866491
0.525226
0.506446
0.844249
0.003543
0.723119
0.752499
0.365257
0.622596
0.990501
0.684448
0.023739
0.900759
0.239374
0.312640
0.481818
0.832827
0.655020
0.343703
0.566003
0.780881
0.407787
0.235669
0.269260
0.940734
0.399947
0.178188
0.116872
0.992912
0.681594
0.905537
0.941466
0.398482
0.915782
0.550077
0.767531
0.297998
0.834649
0.825284
0.118259
0.989016
0.816801
0.646377
0.337375
0.379817
0.577424
0.355902
0.785272
0.951691
0.526989
0.821215
0.700842
0.088997
0.386393
0.657236
0.906073
0.556443
0.395206
0.344795
0.017091
0.490021
0.398563
0.252662
0.669900
0.016761
0.715089
0.017390
0.087578
0.196060
0.175090
0.923422
0.833954
0.970526
0.761727
0.187742
0.401574
0.487924
0.808793
0.266468
0.563557
0.190460
0.612408
0.640104
0.733348
0.317795
0.240043
0.221318
0.586531
0.712232
0.392757
0.582643
0.427230
0.496684
0.753893
0.186859
0.360029
0.188453
0.682382
0.582312
0.747955
0.156497
0.458471
0.008232
0.298600
0.990589
0.125641
0.747258
0.883659
0.963391
0.090551
0.116837
0.931631
0.388503
0.823424
0.757735
0.367620
0.538544
0.758864
0.453195
0.146378
0.038660
0.830884
0.489964
0.832274
0.115738
0.219122
0.492823
0.429652
0.007155
0.053795
0.964734
0.125277
0.632142
0.976854
0.729467
0.246789
0.642618
0.022767
0.183586
0.902308
0.209396
0.935075
0.347955
0.390890
0.796621
0.429804
0.090205
0.865060
0.336642
0.443446
0.540626
0.298393
0.165627
0.935721
0.413231
0.835292
0.015324
0.463973
0.986707
0.958871
0.898593
0.599700
0.508975
0.847049
0.667643
0.145462
0.423205
0.147550
0.078254
0.343813
0.528605
0.399102
0.746223
0.394830
0.988790
0.278354
0.241685
0.145576
0.284158
0.938387
0.712104
0.048020
0.118850
0.213406
0.757136
0.150664
0.081284
0.542664
0.371360
0.976684
0.210305
0.871699
0.619248
0.615649
0.523953
0.636852
0.477681
0.918916
0.058963
0.455298
0.063608
0.527177
0.877391
0.412422
0.018971
0.993245
0.200122
0.555706
0.334248
0.899257
0.000328
0.422987
0.710510
0.744736
0.754807
0.316173
0.964023
0.124377
0.126174
0.601645
0.915481
0.180433
0.199450
0.207515
0.047953
0.346899
0.885091
0.686868
0.505652
0.578551
0.636028
0.825619
0.203474
0.638751
0.914923
0.753687
0.060730
0.901688
0.642559
0.438158
0.219127
0.787687
0.208793
0.225620
0.284423
0.409032
0.630581
0.796085
0.794646
0.757393
0.990724
0.390276
0.588457
0.545857
0.826641
0.982360
0.270458
0.346536
0.397933
0.057756
0.462823
0.390837
0.529009
0.795909
0.833508
0.260322
0.579501
0.585938
0.511231
0.862531
0.168761
0.363179
0.368948
0.713444
0.995955
0.050458
0.885282
0.526100
0.926060
0.332722
0.903563
0.807308
0.722813
0.859642
0.299071
0.199663
0.217878
0.140082
0.456959
0.267197
0.423475
0.605864
0.847954
0.636889
0.282604
0.430845
0.080384
0.686555
0.362891
0.404765
0.490957
0.358306
0.339895
0.799053
0.920667
0.205861
0.383233
0.402478
0.285756
0.218442
0.400814
0.536254
0.298153
0.552570
0.156369
0.528467
0.288465
0.529333
0.743722
0.093317
0.032605
0.586377
0.265223
0.937789
0.447392
0.513069
0.355591
0.432713
0.589907
0.930586
0.747180
0.921574
0.830729
0.526959
0.266300
0.393289
0.055053
0.925634
0.657477
0.368188
0.132570
0.894520
0.675192
0.602682
0.463232
0.014858
0.979095
0.130056
0.599963
0.283928
0.084574
0.354321
0.640963
0.765336
0.817967
0.892282
0.315628
0.402689
0.314033
0.216566
0.423104
0.038195
0.278359
0.349204
0.156757
0.323198
0.272372
0.960869
0.919147
0.353024
0.713101
0.673704
0.729800
0.018500
0.710639
0.683928
0.403614
0.240060
0.186904
0.411584
0.154357
0.670975
0.870166
0.755640
0.400461
0.341596
0.978271
0.049494
0.736326
0.018796
0.973703
0.450238
0.620278
0.210582
0.776611
0.589884
0.331164
0.425931
0.885673
0.812346
0.591680
0.159652
0.905934
0.520170
0.552637
0.501096
0.989231
0.472764
0.104662
0.137839
0.425071
0.585723
0.930659
0.949459
0.393280
0.760629
0.953797
0.455035
0.316683
0.767563
0.663824
0.918061
0.991730
0.559193
0.933037
0.235730
0.183337
0.825536
0.747973
0.391802
0.650250
0.921778
0.591469
0.763887
0.918789
0.696518
0.991619
0.211497
0.892427
0.502582
0.910787
0.379801
0.716114
0.934616
0.752329
0.018903
0.897681
0.363809
0.810311
0.307575
0.511667
0.246555
0.145099
0.885761
0.407461
0.696222
0.224282
0.728365
0.544881
0.010416
0.984566
0.554817
0.264185
0.434515
0.428777
0.569833
0.138754
0.469578
0.827333
0.110395
0.779045
0.662019
0.321936
0.856246
0.074383
0.066194
0.178967
0.504538
0.940265
0.081074
0.481333
0.056457
0.045249
0.119736
0.222200
0.691846
0.632542
0.675983
0.036176
0.678512
0.632990
0.766107
0.308614
0.172065
0.541347
0.014818
0.699644
0.389902
0.046199
0.751522
0.935581
0.504104
0.262447
0.424415
0.708032
0.191521
0.507373
0.322838
0.003476
0.838577
0.327436
0.529738
0.908499
0.641121
0.660387
0.072199
0.815157
0.718110
0.390220
0.374386
0.826071
0.808639
0.701979
0.178851
0.540470
0.315536
0.697380
0.533337
0.223184
0.550989
0.115501
0.044664
0.723023
0.919775
0.186958
0.292116
0.441394
0.817963
0.903758
0.842381
0.854690
0.837577
0.125690
0.098422
0.685031
0.043666
0.080051
0.986824
0.085347
0.956452
0.103863
0.092817
0.370411
0.239401
0.882627
0.999225
0.771038
0.010027
0.459900
0.594416
0.721854
0.184229
0.727491
0.663593
0.793281
0.101704
0.803484
0.955628
0.947119
0.108441
0.308135
0.771461
0.405475
0.275890
0.246428
0.206797
0.569991
0.482921
0.488034
0.117592
0.779344
0.878225
0.234694
0.387210
0.836598
0.963972
0.712784
0.744160
0.435101
0.117146
0.502910
0.403255
0.544686
0.198366
0.593614
0.734656
0.343515
0.628731
0.644369
0.667607
0.171437
0.067479
0.082500
0.131208
0.686297
0.955215
0.104977
0.655156
0.795500
0.042090
0.271470
0.790235
0.053222
0.674692
0.068753
0.861965
0.022831
0.630975
0.304698
0.201308
0.240130
0.465409
0.705439
0.472910
0.933500
0.436693
0.191817
0.472784
0.791472
0.652734
0.597455
0.331698
0.968032
0.080992
0.454428
0.835282
0.004260
0.770244
0.853845
0.563839
0.666927
0.230009
0.525079
0.130236
0.277335
0.368559
0.453069
0.428703
0.265913
0.136004
0.649061
0.835746
0.450550
0.726428
0.734397
0.671135
0.332068
0.517608
0.714147
0.235658
0.132992
0.258222
0.679368
0.806211
0.902332
0.224596
0.951984
0.360256
0.967609
0.270394
0.690176
0.402502
0.956048
0.975982
0.817128
0.318167
0.321572
0.296618
0.981055
0.529868
0.517027
0.521741
0.555778
0.599031
0.027482
0.537198
0.451649
0.107075
0.238263
0.858746
0.026071
0.855223
0.529998
0.943014
0.008025
0.922649
0.973771
0.630525
0.225345
0.568332
0.115707
0.217644
0.737439
0.609221
0.587172
0.558221
0.717108
0.872372
0.821063
0.463472
0.127123
0.827178
0.085478
0.686662
0.731449
0.640595
0.123954
0.368472
0.645307
0.357792
0.099167
0.384717
0.137515
0.746545
0.628941
0.720015
0.474353
0.719076
0.756014
0.413139
0.755146
0.182416
0.654475
0.640452
0.001330
0.299452
0.116238
0.965877
0.585132
0.459000
0.922372
0.266360
0.830513
0.854908
0.550404
0.402345
0.493570
0.421480
0.435573
0.639233
0.585241
0.534646
0.749153
0.418428
0.685625
0.294010
0.109722
0.340087
0.613230
0.388327
0.455159
0.653020
0.947539
0.413522
0.797309
0.883781
0.899890
0.564826
0.502876
0.194661
0.123056
0.729373
0.010148
0.091070
0.028345
0.138027
0.340462
0.139365
0.621458
0.730425
0.906677
0.577262
0.902811
0.689511
0.890931
0.256010
0.929236
0.014866
0.965081
0.136014
0.173647
0.441064
0.385897
0.939670
0.115977
0.240533
0.211454
0.155205
0.867847
0.861789
0.675443
0.976061
0.187312
0.684702
0.914248
0.278956
0.637888
0.275177
0.481475
0.201785
0.843888
0.102291
0.291947
0.325792
0.294815
0.060840
0.119567
0.925328
0.755076
0.000115
0.010453
0.987557
0.888086
0.583674
0.365649
0.972797
0.849711
0.842294
0.069859
0.067118
0.535172
0.990089
0.389025
0.440157
0.363459
0.068147
0.097329
0.965037
0.488048
0.486491
0.012053
0.670241
0.463455
0.138833
0.073491
0.796265
0.551656
0.659571
0.989470
0.628088
0.195671
0.132739
0.124294
0.907603
0.941116
0.811015
0.526672
0.722197
0.269011
0.682057
0.208493
0.675033
0.979861
0.161106
0.876403
0.212023
0.802463
0.284220
0.322909
0.287196
0.700075
0.126260
0.567176
0.653619
0.617652
0.231810
0.233396
0.767176
0.409731
0.694879
0.624344
0.365545
0.958984
0.583279
0.718878
0.749417
0.637212
0.213999
0.046124
0.646229
0.667104
0.744267
0.889129
0.511976
0.554924
0.656021
0.791997
0.441728
0.818686
0.345531
0.303894
0.466473
0.017488
0.660438
0.629758
0.349332
0.676663
0.188446
0.381751
0.729014
0.728032
0.339770
0.370114
0.247790
0.469765
0.082751
0.941557
0.534975
0.767787
0.002025
0.294114
0.468886
0.038825
0.423691
0.667606
0.118969
0.789606
0.573834
0.948774
0.267923
0.749594
0.346882
0.831578
0.258450
0.585220
0.608999
0.950164
0.412179
0.277884
0.259230
0.740136
0.975296
0.488975
0.336518
0.990817
0.986648
0.922619
0.472910
0.106495
0.904395
0.177447
0.240253
0.899703
0.015453
0.995996
0.566890
0.867548
0.571618
0.864814
0.169228
0.348120
0.215037
0.577190
0.966695
0.885108
0.275729
0.677982
0.953130
0.633710
0.131811
0.497149
0.068064
0.480580
0.439694
0.123437
0.941947
0.907464
0.072155
0.846796
0.033856
0.856868
0.186471
0.029463
0.801720
0.234889
0.606769
0.569521
0.166038
0.159558
0.502781
0.162776
0.280265
0.002689
0.024049
0.811162
0.495797
0.221419
0.681508
0.877840
0.507273
0.396123
0.918779
0.656694
0.944749
0.919989
0.779259
0.660024
0.712561
0.979869
0.132639
0.682698
0.088982
0.557534
0.590283
0.270463
0.034304
0.816549
0.512076
0.398193
0.205084
0.745883
0.121340
0.390906
0.345940
0.052218
0.416862
0.133746
0.893536
0.945641
0.754245
0.201023
0.756004
0.486973
0.599187
0.269817
0.159817
0.070044
0.203731
0.198546
0.629506
0.331450
0.978387
0.870108
0.387273
0.418175
0.017918
0.794340
0.642527
0.126357
0.960460
0.804229
0.158253
0.650540
0.727062
0.779898
0.513570
0.672308
0.294277
0.306317
0.371250
0.561969
0.823418
0.673936
0.655767
0.781072
0.017929
0.622277
0.561711
0.042564
0.550954
0.207718
0.063391
0.716990
0.828913
0.948130
0.762935
0.846897
0.998274
0.805385
0.284207
0.348668
0.210893
0.255518
0.640898
0.614919
0.221553
0.856031
0.336031
0.276176
0.867547
0.837692
0.003076
0.005003
0.076383
0.858401
0.901440
0.537845
0.450523
0.490399
0.116303
0.810337
0.108374
0.147077
0.078938
0.933383
0.223811
0.166859
0.572385
0.534312
0.241962
0.880629
0.381949
0.526374
0.180861
0.714590
0.712688
0.098849
0.115311
0.287697
0.558832
0.509375
0.223536
0.914148
0.864103
0.151565
0.736317
0.826113
0.157750
0.328666
0.323543
0.495903
0.848760
0.823431
0.680638
0.913121
0.579490
0.773329
0.117216
0.110759
0.408570
0.768080
0.317300
0.231411
0.649480
0.634720
0.133593
0.374304
0.333148
0.887138
0.530867
0.306148
0.497043
0.537486
0.823469
0.091173
0.195866
0.312969
0.111265
0.082317
0.755535
0.632164
0.743638
0.597451
0.687747
0.980955
0.403283
0.609661
0.791348
0.022013
0.655838
0.833765
0.592638
0.477922
0.947404
0.664166
0.832836
0.073101
0.923877
0.280254
0.469539
0.801573
0.702023
0.200461
0.502059
0.126773
0.435268
0.246919
0.099191
0.207777
0.014271
0.938697
0.352842
0.597500
0.335152
0.218910
0.711985
0.458308
0.802522
0.142395
0.587965
0.996747
0.140611
0.006104
0.942951
0.511105
0.428367
0.740424
0.166377
0.074819
0.302473
0.339891
0.357076
0.018399
0.469183
0.386719
0.018210
0.017809
0.999496
0.297385
0.254377
0.915011
0.054609
0.835499
0.060879
0.475610
0.886327
0.514340
0.299141
0.889880
0.601116
0.137703
0.153974
0.129579
0.671921
0.572835
0.321438
0.638389
0.668538
0.636035
0.043663
0.534808
0.779123
0.218369
0.411501
0.491262
0.270776
0.551414
0.729215
0.092075
0.928884
0.173315
0.168724
0.307837
0.300107
0.112851
0.534796
0.218418
0.304114
0.269695
0.677070
0.407236
0.770355
0.685659
0.489067
0.092876
0.978435
0.424102
0.457301
0.790451
0.348890
0.199610
0.403161
0.755338
0.544146
0.621110
0.293989
0.979618
0.130775
0.369068
0.294481
0.831523
0.341453
0.558814
0.451405
0.467725
0.810562
0.731323
0.529327
0.746016
0.377565
0.941242
0.377396
0.032757
0.328113
0.407258
0.251713
0.967869
0.929522
0.577118
0.548052
0.024769
0.704485
0.710182
0.328801
0.609675
0.948638
0.463077
0.628409
0.182616
0.142311
0.294075
0.175241
0.571106
0.727233
0.891684
0.615681
0.579065
0.542252
0.441692
0.419263
0.381815
0.849826
0.330706
0.091441
0.928758
0.383013
0.345867
0.442720
0.956173
0.231263
0.369852
0.137904
0.722982
0.427030
0.834080
0.365377
0.623718
0.043254
0.424781
0.870915
0.478446
0.947375
0.926755
0.050544
0.044283
0.548574
0.125479
0.908464
0.804264
0.123540
0.903930
0.184773
0.955665
0.298721
0.397128
0.428492
0.002074
0.924680
0.182891
0.428644
0.134271
0.806068
0.166447
0.773502
0.518717
0.188530
0.281033
0.048788
0.475601
0.675595
0.394999
0.831894
0.769159
0.712622
0.453635
0.323079
0.721489
0.274054
0.753278
0.667213
0.639304
0.001571
0.255411
0.361570
0.074941
0.325933
0.705438
0.076418
0.364105
0.860084
0.277662
0.805040
0.750971
0.355867
0.074353
0.936997
0.455879
0.286030
0.659481
0.151126
0.413266
0.646178
0.300207
0.350246
0.930952
0.101262
0.661939
0.214849
0.441573
0.345972
0.593176
0.704189
0.249769
0.460063
0.628338
0.455920
0.063600
0.554770
0.011760
0.864624
0.146345
0.795982
0.031545
0.599553
0.567828
0.608915
0.173176
0.756467
0.877420
0.907458
0.031113
0.140606
0.090005
0.423011
0.820737
0.620022
0.369923
0.741045
0.028313
0.952692
0.836207
0.581446
0.835495
0.218038
0.287345
0.008196
0.116386
0.324493
0.069207
0.936540
0.485421
0.229358
0.171367
0.067452
0.076257
0.314860
0.742536
0.750175
0.755250
0.993676
0.544567
0.518551
0.664618
0.356339
0.317967
0.914750
0.493657
0.669389
0.183299
0.688346
0.381747
0.543632
0.047261
0.507094
0.851716
0.732731
0.686790
0.640587
0.690566
0.019060
0.837927
0.865502
0.067685
0.581351
0.979284
0.512521
0.786413
0.311452
0.755293
0.535307
0.077925
0.809182
0.486524
0.870888
0.488660
0.397953
0.239636
0.802460
0.702357
0.491952
0.426124
0.388336
0.640734
0.640092
0.237152
0.127321
0.265124
0.563840
0.943362
0.468368
0.564304
0.596031
0.657489
0.602424
0.467212
0.075808
0.709678
0.492885
0.616290
0.030256
0.878125
0.588238
0.127576
0.804788
0.080644
0.131006
0.744067
0.230050
0.417282
0.929963
0.052868
0.330413
0.983426
0.631254
0.124639
0.994936
0.392154
0.626185
0.783174
0.312159
0.370727
0.221346
0.507745
0.390841
0.968118
0.506731
0.292221
0.284743
0.338991
0.660726
0.760801
0.555108
0.687187
0.382338
0.895325
0.843334
0.863065
0.630613
0.335244
0.501517
0.340371
0.252782
0.636888
0.612578
0.547843
0.004764
0.939289
0.006362
0.918685
0.502871
0.291582
0.884670
0.839335
0.121271
0.611272
0.257176
0.141433
0.577244
0.819390
0.271651
0.773396
0.971620
0.640699
0.015064
0.118033
0.405184
0.664492
0.145834
0.569817
0.737898
0.380797
0.579669
0.850957
0.845682
0.681533
0.039701
0.202726
0.342416
0.936780
0.852638
0.532553
0.640748
0.710124
0.542853
0.495253
0.626184
0.998241
0.271044
0.927319
0.801513
0.899456
0.568533
0.297126
0.443540
0.711994
0.326561
0.563848
0.006913
0.809754
0.165960
0.908398
0.349930
0.463384
0.799249
0.987026
0.468795
0.085809
0.327180
0.110706
0.668193
0.749505
0.716679
0.941185
0.810025
0.110162
0.478340
0.959484
0.545868
0.986941
0.399691
0.068761
0.813750
0.499548
0.555256
0.876280
0.161951
0.099587
0.775412
0.516655
0.432183
0.608030
0.741864
0.559821
0.506156
0.078782
0.426256
0.743826
0.192354
0.343793
0.097593
0.807729
0.137154
0.398401
0.600471
0.818807
0.104002
0.593885
0.415909
0.507743
0.028390
0.201767
0.635357
0.584654
0.361348
0.382234
0.741263
0.818092
0.031002
0.555128
0.938654
0.251488
0.535709
0.561082
0.025349
0.911126
0.622983
0.784166
0.836635
0.253154
0.580004
0.354545
0.426073
0.602565
0.472171
0.975412
0.229336
0.574608
0.808911
0.435271
0.743826
0.730701
0.917736
0.133618
0.093881
0.220573
0.079997
0.421282
0.449624
0.285671
0.770810
0.239088
0.446235
0.053537
0.681408
0.729836
0.688379
0.018361
0.849470
0.545621
0.409793
0.880616
0.930721
0.618728
0.538038
0.581778
0.396761
0.900171
0.546046
0.413867
0.207351
0.982764
0.671532
0.174708
0.982539
0.649505
0.578145
0.567525
0.077397
0.054152
0.403432
0.168213
0.660836
0.827054
0.082548
0.488252
0.325132
0.580417
0.906937
0.300034
0.044093
0.784858
0.636973
0.740856
0.079316
0.321957
0.159253
0.720175
0.564011
0.250908
0.294770
0.192042
0.815319
0.823674
0.914665
0.462973
0.515904
0.951386
0.106366
0.348653
0.825557
0.371188
0.714541
0.806673
0.529359
0.440237
0.727804
0.214432
0.780994
0.841912
0.622226
0.461032
0.872627
0.625158
0.944460
0.130752
0.255532
0.804854
0.018243
0.596710
0.481594
0.669562
0.194877
0.561843
0.552835
0.710295
0.407437
0.397222
0.806323
0.484218
0.905227
0.373924
0.861693
0.341550
0.774647
0.074917
0.489038
0.900205
0.639254
0.840265
0.671287
0.875841
0.579208
0.147011
0.527097
0.836530
0.731643
0.380583
0.501746
0.919836
0.001047
0.215874
0.932883
0.341130
0.204578
0.913258
0.348158
0.747736
0.542349
0.539817
0.979686
0.293220
0.367855
0.662774
0.797723
0.675848
0.548720
0.316331
0.918572
0.807832
0.572248
0.322353
0.560000
0.057357
0.642498
0.829252
0.565847
0.980092
0.123907
0.623162
0.149249
0.774609
0.458318
0.434536
0.394156
0.547217
0.374406
0.606558
0.675598
0.343483
0.437249
0.776351
0.712388
0.330371
0.476645
0.234732
0.138347
0.825504
0.770768
0.635910
0.190456
0.946464
0.241149
0.407692
0.269928
0.668156
0.889590
0.419987
0.374683
0.251667
0.940383
0.980940
0.853132
0.362392
0.164763
0.494266
0.947896
0.293819
0.790549
0.998267
0.526921
0.418664
0.729733
0.358707
0.315521
0.210105
0.190921
0.068003
0.407728
0.618828
0.541956
0.047809
0.644823
0.509307
0.620077
0.618631
0.383371
0.801111
0.981433
0.118194
0.749121
0.524601
0.376527
0.671079
0.685761
0.578850
0.430930
0.159121
0.192184
0.513316
0.108022
0.760101
0.316346
0.381047
0.398896
0.928585
0.690171
0.914248
0.299446
0.726028
0.084764
0.033817
0.831059
0.978362
0.309384
0.651032
0.583507
0.280792
0.426429
0.776624
0.310354
0.985859
0.097726
0.091793
0.901559
0.528491
0.788844
0.125752
0.867336
0.958897
0.646185
0.340687
0.173682
0.990875
0.219142
0.359748
0.114422
0.021505
0.653803
0.946152
0.237772
0.152005
0.846952
0.607668
0.377269
0.624574
0.865468
0.863597
0.386705
0.093966
0.236896
0.570696
0.425313
0.754711
0.766542
0.606955
0.870729
0.446850
0.084096
0.801343
0.300943
0.037861
0.151732
0.963944
0.239089
0.621382
0.443809
0.201662
0.613014
0.551267
0.137738
0.434067
0.370443
0.131388
0.622851
0.983012
0.495335
0.668080
0.360142
0.676293
0.486014
0.745970
0.015738
0.754713
0.234515
0.363421
0.984623
0.725080
0.352443
0.237567
0.542495
0.677444
0.343975
0.108936
0.770997
0.548785
0.263209
0.612236
0.937862
0.729607
0.602178
0.774892
0.755725
0.683716
0.238026
0.922346
0.953133
0.090872
0.283056
0.844573
0.164438
0.180003
0.198975
0.069482
0.562172
0.446957
0.485358
0.725271
0.930647
0.942135
0.670215
0.406738
0.512131
0.663256
0.115076
0.013368
0.680261
0.737460
0.804964
0.444688
0.027201
0.762198
0.691341
0.238021
0.243614
0.680099
0.269001
0.554196
0.160230
0.470326
0.731112
0.868695
0.677664
0.875683
0.704299
0.241835
0.192338
0.775833
0.021726
0.226295
0.420633
0.133971
0.159483
0.350063
0.604653
0.955896
0.612817
0.385855
0.559776
0.221868
0.005622
0.404409
0.489083
0.395426
0.850317
0.200793
0.270108
0.038513
0.456484
0.293802
0.826578
0.224904
0.235239
0.214412
0.277817
0.347062
0.881680
0.527786
0.841563
0.354809
0.318630
0.453882
0.716748
0.294451
0.639248
0.465726
0.640302
0.877649
0.241544
0.925145
0.979721
0.890859
0.161029
0.158239
0.558681
0.045967
0.895117
0.044183
0.118624
0.904785
0.499801
0.779945
0.081447
0.115697
0.010753
0.250837
0.018083
0.257558
0.491453
0.065253
0.850216
0.269084
0.794182
0.655858
0.957207
0.972797
0.098577
0.685251
0.151549
0.599928
0.989570
0.770108
0.282252
0.051766
0.383694
0.123910
0.369237
0.756202
0.501102
0.156813
0.740238
0.304737
0.910903
0.325660
0.196375
0.291179
0.909411
0.233538
0.569434
0.171415
0.194091
0.194019
0.933162
0.073971
0.398929
0.430025
0.707270
0.910157
0.097931
0.922324
0.945315
0.253969
0.759711
0.481268
0.459641
0.226147
0.854706
0.132737
0.325814
0.260961
0.243482
0.802231
0.677727
0.442853
0.585620
0.888543
0.989185
0.153761
0.138620
0.651312
0.909319
0.699058
0.909553
0.827403
0.832811
0.304996
0.982513
0.144176
0.131328
0.375390
0.385349
0.939582
0.223793
0.928237
0.352165
0.127811
0.528521
0.019749
0.165504
0.885271
0.912639
0.315984
0.165150
0.466660
0.360706
0.450179
0.339769
0.209024
0.536604
0.863053
0.382987
0.428418
0.256447
0.466668
0.016473
0.366908
0.155752
0.999718
0.937691
0.586581
0.286087
0.700069
0.227474
0.133372
0.763859
0.052544
0.599736
0.980062
0.900211
0.566699
0.249484
0.699929
0.434035
0.788099
0.371875
0.187214
0.271854
0.081433
0.910098
0.616615
0.695473
0.975845
0.828218
0.482291
0.751665
0.409976
0.891188
0.659828
0.892988
0.731270
0.621686
0.346930
0.034846
0.512704
0.955418
0.736485
0.655079
0.668898
0.155401
0.307423
0.247139
0.047894
0.403457
0.054589
0.188955
0.007118
0.154822
0.360581
0.484240
0.861340
0.920073
0.004120
0.932546
0.722816
0.587353
0.136717
0.384928
0.892269
0.286617
0.499828
0.123765
0.653615
0.054888
0.427762
0.082860
0.172183
0.225475
0.938846
0.096313
0.089067
0.432222
0.781788
0.365369
0.783634
0.898942
0.421154
0.579105
0.879462
0.140431
0.532182
0.069740
0.180178
0.310517
0.469814
0.962896
0.421953
0.029349
0.890481
0.668367
0.146627
0.050979
0.170494
0.402990
0.058522
0.396901
0.586347
0.633812
0.900431
0.494675
0.426183
0.750902
0.438852
0.195597
0.986423
0.533201
0.400452
0.683312
0.893085
0.650659
0.263486
0.967628
0.665788
0.878543
0.838553
0.735083
0.127598
0.696896
0.528688
0.510009
0.041479
0.555448
0.542367
0.686356
0.531851
0.332246
0.944262
0.699924
0.907043
0.167367
0.114291
0.211187
0.836661
0.160463
0.589097
0.307865
0.530315
0.865889
0.572179
0.670774
0.105902
0.569573
0.106542
0.992384
0.393616
0.189763
0.541381
0.420574
0.585117
0.995811
0.822764
0.005253
0.666307
0.106220
0.175712
0.247103
0.149845
0.814401
0.096023
0.439491
0.104128
0.837819
0.456618
0.219556
0.635486
0.717264
0.973398
0.125239
0.267992
0.166430
0.835216
0.123203
0.950655
0.530491
0.843749
0.519621
0.746887
0.733127
0.841097
0.992114
0.589843
0.735973
0.231806
0.146726
0.455307
0.398667
0.284681
0.078095
0.968802
0.491811
0.178040
0.322536
0.055087
0.993844
0.026599
0.880795
0.907476
0.695206
0.792547
0.047101
0.124805
0.772465
0.978035
0.620810
0.580366
0.599241
0.558483
0.062458
0.866857
0.581778
0.030086
0.763150
0.343137
0.681553
0.791623
0.159764
0.903093
0.186145
0.988187
0.892821
0.026852
0.868112
0.337446
0.872821
0.064382
0.319332
0.309285
0.407313
0.567603
0.839386
0.105685
0.717627
0.027691
0.899262
0.504888
0.122662
0.209431
0.988927
0.404591
0.128799
0.196311
0.416152
0.482316
0.990308
0.982272
0.665929
0.243219
0.203687
0.354541
0.800916
0.849370
0.691327
0.714316
0.613611
0.819846
0.293691
0.357678
0.095322
0.304345
0.912689
0.489502
0.014266
0.308177
0.379758
0.441390
0.978797
0.673746
0.617041
0.206001
0.269620
0.790318
0.035271
0.651536
0.658958
0.944214
0.593088
0.730425
0.581646
0.766531
0.614453
0.406244
0.803779
0.763130
0.017994
0.075074
0.554272
0.096601
0.108185
0.306550
0.083027
0.354040
0.676290
0.051946
0.410422
0.496206
0.881524
0.010142
0.494933
0.608446
0.861645
0.977327
0.011631
0.823958
0.248499
0.274748
0.981256
0.274735
0.838403
0.214643
0.678966
0.350879
0.549640
0.163442
0.879786
0.667898
0.059165
0.650888
0.844289
0.003841
0.076484
0.883649
0.527957
0.170414
0.122735
0.603300
0.809903
0.218086
0.834700
0.804850
0.814679
0.985066
0.713640
0.148074
0.362393
0.521218
0.753731
0.867003
0.679621
0.134673
0.489964
0.451773
0.673018
0.302139
0.535781
0.852418
0.480061
0.581608
0.080613
0.368708
0.822259
0.393184
0.890704
0.848341
0.785127
0.561700
0.016197
0.343931
0.410167
0.112290
0.425809
0.675708
0.515564
0.792512
0.549551
0.531602
0.056921
0.274305
0.950801
0.101567
0.424400
0.125176
0.922507
0.002362
0.159540
0.386634
0.418043
0.288365
0.709710
0.461901
0.704857
0.970933
0.050946
0.794189
0.147038
0.162814
0.065370
0.357956
0.369553
0.126593
0.706624
0.932204
0.379477
0.210300
0.709082
0.667327
0.274992
0.394222
0.361877
0.082730
0.577438
0.617759
0.879073
0.875482
0.700862
0.792523
0.839209
0.111740
0.212243
0.698714
0.961818
0.390543
0.528318
0.488649
0.040636
0.588514
0.095228
0.138655
0.802736
0.035904
0.568379
0.674785
0.933767
0.457591
0.574118
0.797171
0.860249
0.302718
0.424250
0.512410
0.453227
0.045833
0.159922
0.595257
0.690696
0.579879
0.123871
0.103779
0.050575
0.643219
0.359216
0.401944
0.797552
0.582057
0.578317
0.257836
0.156096
0.195801
0.665401
0.813894
0.142986
0.543004
0.209784
0.719067
0.564895
0.792784
0.809975
0.294860
0.603241
0.431802
0.849707
0.523003
0.727483
0.617021
0.491077
0.308883
0.351443
0.483879
0.233145
0.230866
0.111580
0.859262
0.881519
0.841847
0.572347
0.716582
0.109923
0.978538
0.207111
0.771278
0.272229
0.060518
0.053179
0.820734
0.156094
0.551354
0.370433
0.551585
0.229497
0.806411
0.053136
0.885072
0.501105
0.066353
0.546554
0.119734
0.635616
0.163846
0.431246
0.819615
0.786665
0.307505
0.969675
0.041253
0.942486
0.477271
0.308193
0.096947
0.242641
0.317010
0.222632
0.915077
0.896447
0.922451
0.552361
0.527093
0.303372
0.497174
0.534848
0.428896
0.890063
0.059343
0.113741
0.222078
0.794654
0.222455
0.916175
0.025119
0.962820
0.711462
0.681517
0.690449
0.697231
0.800151
0.660528
0.701257
0.307622
0.027328
0.312009
0.129962
0.936942
0.550823
0.908501
0.893275
0.943704
0.684009
0.563333
0.458328
0.564787
0.805899
0.332151
0.659058
0.989049
0.891092
0.281519
0.437330
0.071992
0.740042
0.597943
0.491432
0.706572
0.145338
0.509978
0.404807
0.435749
0.169704
0.075332
0.046221
0.208339
0.572072
0.040117
0.631929
0.810639
0.756949
0.288784
0.870647
0.380770
0.168815
0.885527
0.169870
0.568828
0.458940
0.860000
0.860916
0.241241
0.339928
0.445605
0.240419
0.648977
0.558648
0.154935
0.665155
0.552724
0.778024
0.326574
0.759231
0.899367
0.201189
0.536697
0.578897
0.108045
0.008646
0.708806
0.458376
0.295108
0.042809
0.030690
0.655151
0.649071
0.769191
0.788966
0.296500
0.572358
0.395912
0.332392
0.769600
0.908585
0.841331
0.183919
0.410358
0.954330
0.123645
0.430930
0.243827
0.753814
0.998140
0.260483
0.770645
0.244448
0.501408
0.683142
0.335478
0.870565
0.362893
0.150993
0.958002
0.631350
0.320285
0.953083
0.454114
0.855586
0.706013
0.729323
0.071721
0.088512
0.658769
0.430954
0.355023
0.982290
0.029845
0.055375
0.724136
0.258121
0.994240
0.963219
0.800607
0.271128
0.207963
0.748223
0.357844
0.184398
0.664557
0.162183
0.259964
0.830913
0.456445
0.418973
0.750846
0.205898
0.122714
0.218593
0.142150
0.741069
0.019039
0.684072
0.546360
0.729440
0.953910
0.214822
0.827100
0.017268
0.646389
0.388175
0.959501
0.490098
0.244448
0.829009
0.370536
0.444098
0.241491
0.492848
0.472202
0.252323
0.605815
0.632009
0.215233
0.268407
0.429273
0.633267
0.330673
0.726570
0.964838
0.709317
0.540795
0.925631
0.787701
0.609732
0.006381
0.763898
0.132246
0.089118
0.027685
0.118919
0.051052
0.064205
0.471951
0.647858
0.157031
0.425422
0.798541
0.687054
0.762970
0.294239
0.177596
0.528545
0.562901
0.571753
0.130843
0.782127
0.617706
0.577562
0.991582
0.738059
0.745727
0.086115
0.209851
0.931654
0.082372
0.520207
0.089923
0.889672
0.087246
0.332016
0.709230
0.582264
0.841341
0.799523
0.845951
0.294864
0.710404
0.683091
0.349134
0.713310
0.145894
0.250493
0.179553
0.332948
0.265597
0.400361
0.787544
0.068713
0.287927
0.539744
0.578825
0.977376
0.694676
0.031497
0.250465
0.484057
0.146093
0.686218
0.103553
0.720857
0.570944
0.680410
0.200156
0.683414
0.075914
0.420939
0.120366
0.648305
0.358516
0.213339
0.077853
0.786603
0.332467
0.830399
0.303609
0.382178
0.773245
0.404050
0.738514
0.602516
0.724926
0.899027
0.563855
0.069128
0.360058
0.176110
0.619911
0.587900
0.306779
0.455826
0.037735
0.489972
0.427914
0.474167
0.956947
0.123391
0.603763
0.638688
0.088114
0.756803
0.603690
0.888967
0.464399
0.499865
0.173543
0.317011
0.422894
0.911680
0.480205
0.972360
0.867311
0.718081
0.176928
0.959173
0.943584
0.060646
0.141165
0.208813
0.458100
0.883334
0.119888
0.196059
0.781526
0.464922
0.747225
0.858976
0.502966
0.624287
0.998886
0.815203
0.170034
0.267953
0.862443
0.358622
0.807512
0.581353
0.749029
0.122316
0.334930
0.262585
0.789291
0.642806
0.082544
0.594984
0.155294
0.527811
0.463863
0.296956
0.862995
0.670348
0.925808
0.777897
0.241555
0.855617
0.036483
0.580807
0.432349
0.547797
0.253980
0.177768
0.600408
0.229970
0.362977
0.285724
0.124264
0.994768
0.881551
0.228107
0.168756
0.472996
0.087654
0.433435
0.953170
0.454112
0.649266
0.645007
0.589881
0.741839
0.667185
0.135588
0.894028
0.930602
0.054616
0.856147
0.532205
0.648687
0.429793
0.786565
0.689050
0.640893
0.730414
0.445923
0.158188
0.340489
0.762116
0.817686
0.903367
0.775245
0.354801
0.466763
0.353821
0.967278
0.254652
0.096752
0.583728
0.108053
0.657079
0.801658
0.339878
0.638933
0.264597
0.001234
0.306957
0.849469
0.108581
0.066648
0.890624
0.359839
0.326618
0.606472
0.931236
0.004467
0.656320
0.814458
0.583884
0.539323
0.157473
0.312094
0.983414
0.598426
0.469496
0.041705
0.298400
0.502886
0.659618
0.580459
0.329412
0.439878
0.124967
0.212036
0.560108
0.975141
0.331842
0.280255
0.582397
0.621300
0.957613
0.186293
0.318507
0.770021
0.841666
0.416473
0.604780
0.707884
0.445061
0.598230
0.307490
0.907240
0.204661
0.784808
0.455201
0.531963
0.483560
0.330563
0.312023
0.076081
0.050029
0.314131
0.220532
0.697334
0.242837
0.831037
0.422799
0.788572
0.829709
0.555014
0.355553
0.302949
0.962577
0.061970
0.715471
0.703654
0.549969
0.935363
0.429313
0.019491
0.571719
0.899126
0.739341
0.462449
0.669853
0.036059
0.547319
0.495133
0.374069
0.787052
0.742326
0.951797
0.220039
0.240104
0.182541
0.128285
0.249790
0.417908
0.694824
0.209182
0.948611
0.678077
0.705867
0.525411
0.872117
0.129579
0.904536
0.196805
0.396894
0.430814
0.557981
0.461029
0.332219
0.616287
0.337587
0.405936
0.248962
0.457062
0.749777
0.874771
0.302428
0.411158
0.678263
0.704868
0.082594
0.689416
0.217276
0.376915
0.449100
0.435141
0.670411
0.014652
0.777378
0.186233
0.489630
0.889058
0.231188
0.710387
0.388075
0.286469
0.307360
0.140243
0.155175
0.420643
0.489175
0.108676
0.781140
0.862881
0.461047
0.926467
0.730600
0.574805
0.341274
0.746664
0.133795
0.632356
0.190760
0.222600
0.752167
0.188538
0.859920
0.349709
0.959319
0.432358
0.796263
0.554380
0.215555
0.542463
0.801321
0.584726
0.334237
0.920940
0.994282
0.406520
0.892229
0.824478
0.304447
0.009990
0.748081
0.620182
0.115930
0.296659
0.545394
0.999372
0.963087
0.906025
0.212042
0.036962
0.208277
0.935317
0.657428
0.922992
0.005703
0.836656
0.630485
0.687434
0.694179
0.789236
0.963334
0.444822
0.492595
0.343037
0.293833
0.491268
0.466229
0.028526
0.861082
0.366873
0.458429
0.695911
0.799543
0.360066
0.856038
0.969896
0.639875
0.469543
0.790529
0.122580
0.749908
0.881540
0.829326
0.728830
0.431198
0.376631
0.339344
0.385017
0.211138
0.796936
0.010145
0.862909
0.845149
0.811970
0.307332
0.014260
0.147693
0.483825
0.734304
0.326552
0.405916
0.799155
0.356041
0.903706
0.869060
0.889793
0.272460
0.064297
0.145377
0.573629
0.108498
0.330114
0.943169
0.314702
0.647520
0.045330
0.052664
0.412908
0.805034
0.806090
0.041383
0.110092
0.098952
0.486301
0.510161
0.245985
0.795512
0.471563
0.784494
0.753948
0.218243
0.422542
0.372758
0.777012
0.319455
0.004172
0.857386
0.867457
0.095224
0.669671
0.967316
0.951090
0.637904
0.269758
0.452038
0.567513
0.474107
0.568099
0.003149
0.901555
0.036844
0.144052
0.484256
0.094648
0.921051
0.722356
0.191966
0.048394
0.521905
0.115416
0.009052
0.920690
0.351726
0.235179
0.277053
0.766475
0.167527
0.425916
0.832780
0.523878
0.957794
0.693187
0.166632
0.010032
0.071153
0.624239
0.487188
0.721284
0.605398
0.386516
0.955166
0.466357
0.694018
0.488913
0.491242
0.869309
0.156661
0.939160
0.799014
0.216966
0.044924
0.334013
0.181087
0.382655
0.886917
0.689816
0.889201
0.508486
0.681954
0.731992
0.336762
0.880591
0.235786
0.794894
0.134198
0.078297
0.869367
0.679472
0.376257
0.846458
0.539411
0.125913
0.629446
0.541513
0.432989
0.191822
0.023266
0.982272
0.144089
0.602876
0.548006
0.626105
0.907193
0.241032
0.084456
0.454932
0.398216
0.643249
0.738074
0.542056
0.460151
0.848866
0.295339
0.963927
0.459896
0.913076
0.058197
0.488156
0.821308
0.013487
0.110807
0.012589
0.641732
0.542270
0.319929
0.236601
0.016113
0.982710
0.827151
0.935855
0.142273
0.410526
0.640254
0.890827
0.137836
0.190743
0.526851
0.127122
0.485232
0.023337
0.032486
0.286028
0.654843
0.947742
0.035697
0.515184
0.803057
0.879461
0.184463
0.094581
0.864026
0.712715
0.373767
0.669414
0.260601
0.081751
0.586729
0.510127
0.057123
0.490277
0.067550
0.957219
0.417546
0.262617
0.481008
0.414343
0.766485
0.570453
0.169973
0.942454
0.174970
0.683462
0.500645
0.179424
0.100377
0.478214
0.908363
0.696899
0.141810
0.624267
0.369801
0.727124
0.665230
0.615606
0.547330
0.899024
0.791208
0.905094
0.617065
0.151677
0.903301
0.664328
0.314333
0.515180
0.654614
0.575612
0.941759
0.119226
0.849007
0.370308
0.090165
0.498003
0.023248
0.471835
0.647568
0.380388
0.325752
0.854280
0.014836
0.295209
0.191890
0.471092
0.428265
0.075384
0.467368
0.083595
0.201331
0.039117
0.189215
0.876833
0.754160
0.072654
0.154365
0.600450
0.385464
0.083121
0.191757
0.434240
0.165503
0.362177
0.504949
0.030424
0.569525
0.065995
0.415320
0.015646
0.930463
0.523727
0.954371
0.292681
0.540684
0.918306
0.218036
0.021649
0.770414
0.508066
0.693439
0.799412
0.562085
0.177359
0.433493
0.019374
0.694110
0.405612
0.318082
0.267028
0.545323
0.647993
0.580244
0.083658
0.414977
0.532383
0.466699
0.065369
0.617477
0.836209
0.565726
0.720053
0.352087
0.037042
0.990510
0.303601
0.194115
0.690988
0.818021
0.130348
0.835530
0.325639
0.814506
0.092733
0.461699
0.016828
0.438081
0.931903
0.850724
0.912190
0.102594
0.634612
0.558517
0.465413
0.967972
0.261445
0.463867
0.833468
0.640374
0.965990
0.722818
0.279471
0.717357
0.482026
0.972064
0.515449
0.492501
0.333697
0.250015
0.945299
0.280891
0.468715
0.816807
0.946581
0.978948
0.293181
0.267852
0.612559
0.913357
0.674152
0.388327
0.199628
0.845465
0.707626
0.099147
0.560853
0.807320
0.869453
0.030979
0.749041
0.178415
0.878582
0.336232
0.132244
0.039742
0.619020
0.836178
0.654905
0.132643
0.061483
0.699449
0.407272
0.019438
0.179660
0.179511
0.527227
0.903414
0.610661
0.294042
0.479175
0.676437
0.614995
0.422536
0.245887
0.579446
0.958416
0.015550
0.476924
0.387224
0.485491
0.757380
0.691830
0.563912
0.561397
0.583272
0.502310
0.726549
0.512504
0.823629
0.244115
0.143823
0.845050
0.004637
0.379754
0.576878
0.121587
0.472104
0.515200
0.525507
0.043052
0.190299
0.569622
0.910783
0.745898
0.889008
0.733358
0.234960
0.663649
0.950505
0.766753
0.689466
0.214859
0.226515
0.336422
0.206642
0.118504
0.707808
0.595543
0.792307
0.466325
0.912266
0.715042
0.152863
0.822135
0.959402
0.421333
0.707753
0.202347
0.930340
0.636441
0.918179
0.811224
0.814377
0.624986
0.875042
0.959208
0.580146
0.691163
0.479303
0.643048
0.816914
0.733457
0.069193
0.381723
0.527279
0.135586
0.050823
0.010987
0.745950
0.563786
0.068352
0.279924
0.361782
0.752007
0.400578
0.162534
0.155074
0.021358
0.033054
0.303040
0.374333
0.815840
0.965847
0.821422
0.083403
0.395415
0.561090
0.791285
0.849785
0.946055
0.692569
0.900478
0.628946
0.915705
0.259637
0.560333
0.860072
0.520195
0.694595
0.845489
0.930437
0.973805
0.897981
0.036390
0.314880
0.459380
0.848560
0.972851
0.551877
0.771046
0.769560
0.291647
0.898584
0.531444
0.302233
0.654973
0.306002
0.232125
0.801302
0.130481
0.485840
0.881908
0.580286
0.667373
0.188653
0.819380
0.201076
0.446091
0.685811
0.282738
0.521212
0.440099
0.325490
0.397356
0.030834
0.605355
0.316405
0.587872
0.672679
0.353600
0.655773
0.530695
0.033397
0.626525
0.854989
0.102274
0.009916
0.585349
0.494888
0.550509
0.325045
0.389961
0.250928
0.007803
0.922781
0.348502
0.128053
0.395328
0.193989
0.066452
0.917922
0.644432
0.341958
0.667585
0.192141
0.622330
0.216491
0.360744
0.250452
0.319414
0.643297
0.108649
0.800786
0.092976
0.217811
0.049731
0.628801
0.409730
0.581604
0.122568
0.159922
0.664331
0.264379
0.645366
0.590951
0.834703
0.961250
0.870087
0.806682
0.763210
0.876454
0.831680
0.657289
0.505920
0.050777
0.575966
0.584030
0.984998
0.997287
0.613357
0.195434
0.110633
0.892209
0.607002
0.036785
0.842333
0.945171
0.870194
0.707580
0.552586
0.643127
0.584944
0.081647
0.491018
0.608986
0.237324
0.011655
0.560728
0.920563
0.930260
0.564617
0.681434
0.525745
0.925437
0.970181
0.381570
0.790625
0.286434
0.673661
0.323355
0.200350
0.258298
0.697124
0.094923
0.566299
0.296930
0.122739
0.910464
0.093178
0.336733
0.543093
0.935587
0.938151
0.198174
0.565279
0.628048
0.110313
0.338801
0.623156
0.065023
0.168772
0.651863
0.830965
0.263198
0.184160
0.535227
0.209145
0.517362
0.131545
0.168614
0.309143
0.051544
0.628850
0.137255
0.959666
0.543104
0.867911
0.372445
0.125444
0.327908
0.395299
0.600919
0.706190
0.291633
0.074599
0.221775
0.675179
0.300429
0.134936
0.987296
0.352433
0.710211
0.513350
0.137594
0.587822
0.438611
0.109062
0.422673
0.376865
0.692372
0.760446
0.793170
0.301384
0.855390
0.452474
0.615613
0.454552
0.882681
0.981946
0.092117
0.123715
0.671713
0.115421
0.769774
0.834658
0.137558
0.532811
0.602860
0.949783
0.679268
0.967139
0.081884
0.323790
0.453453
0.134144
0.427498
0.689699
0.662917
0.047142
0.333647
0.032991
0.203851
0.182619
0.161758
0.941764
0.509016
0.797119
0.874418
0.447568
0.775694
0.389675
0.250234
0.518047
0.709211
0.296721
0.548322
0.874026
0.163507
0.435398
0.657263
0.097013
0.071444
0.060719
0.845094
0.907286
0.766092
0.653043
0.358796
0.538422
0.370811
0.832899
0.748237
0.243940
0.535890
0.934962
0.714318
0.250273
0.312556
0.033797
0.417181
0.943711
0.755162
0.069268
0.300310
0.445748
0.537874
0.084756
0.971980
0.111353
0.055900
0.578840
0.277999
0.170141
0.480362
0.740000
0.249644
0.935140
0.861897
0.840369
0.828065
0.613490
0.676846
0.811336
0.470559
0.075663
0.211691
0.810920
0.613708
0.454118
0.650965
0.266769
0.291527
0.550074
0.920123
0.083041
0.630926
0.801535
0.721274
0.624770
0.728792
0.501978
0.253996
0.226779
0.171079
0.724140
0.037812
0.850078
0.910004
0.586096
0.733892
0.457992
0.955756
0.357919
0.821937
0.584882
0.558417
0.129381
0.329422
0.597156
0.807690
0.196800
0.173917
0.520889
0.525691
0.756698
0.189260
0.051431
0.493931
0.363604
0.921131
0.033223
0.571509
0.789240
0.140046
0.165053
0.618662
0.452487
0.806916
0.856271
0.938818
0.437759
0.499790
0.739150
0.653059
0.919533
0.865958
0.584527
0.092803
0.620287
0.281667
0.821926
0.368256
0.977655
0.096803
0.128171
0.279850
0.135396
0.613132
0.013680
0.084972
0.525168
0.525456
0.943535
0.319513
0.917170
0.163043
0.518429
0.269548
0.804444
0.456169
0.892797
0.268156
0.186909
0.556013
0.004998
0.091111
0.247746
0.126428
0.965175
0.287241
0.499224
0.158476
0.015188
0.608289
0.321872
0.122817
0.813575
0.212308
0.956541
0.244991
0.175238
0.276375
0.131461
0.772789
0.126052
0.950577
0.236145
0.396065
0.829070
0.457023
0.082810
0.304572
0.260669
0.935622
0.537766
0.040308
0.917879
0.572546
0.045794
0.863302
0.325222
0.436972
0.117324
0.334001
0.980417
0.475584
0.180973
0.486141
0.980008
0.560517
0.723827
0.070194
0.041893
0.502370
0.922211
0.872529
0.682228
0.282484
0.001519
0.027210
0.896710
0.544041
0.522130
0.237868
0.874809
0.835297
0.758242
0.102957
0.871299
0.305394
0.078447
0.709843
0.750345
0.207993
0.933622
0.736730
0.578143
0.724200
0.063763
0.616219
0.692550
0.436945
0.126999
0.494211
0.440612
0.296656
0.079588
0.621358
0.313029
0.744475
0.665213
0.284126
0.880555
0.795752
0.847387
0.995857
0.160376
0.433527
0.404151
0.486579
0.016637
0.579313
0.335186
0.349595
0.681515
0.765927
0.765632
0.303316
0.521214
0.363159
0.397752
0.923127
0.861891
0.839791
0.912545
0.889223
0.927102
0.982312
0.381609
0.015761
0.161551
0.738546
0.460284
0.292135
0.162899
0.279376
0.813152
0.330819
0.898320
0.949563
0.711386
0.914531
0.426564
0.844181
0.548851
0.939450
0.107227
0.244744
0.082899
0.115993
0.681767
0.882494
0.621042
0.204037
0.126996
0.878535
0.172368
0.699321
0.080094
0.014055
0.461026
0.360638
0.729865
0.090596
0.778458
0.365954
0.474460
0.291415
0.223209
0.537022
0.520152
0.501029
0.156079
0.787895
0.895181
0.191014
0.569753
0.778803
0.579951
0.055326
0.843515
0.723597
0.409926
0.756631
0.504685
0.170776
0.936980
0.714342
0.550416
0.604288
0.182340
0.472833
0.669669
0.374008
0.370067
0.091404
0.840627
0.234998
0.781432
0.812217
0.930646
0.851326
0.351927
0.714253
0.682710
0.691063
0.874884
0.735241
0.095260
0.724809
0.556796
0.533870
0.373606
0.146166
0.364215
0.725125
0.205506
0.598475
0.332203
0.715303
0.867288
0.241984
0.788334
0.212772
0.048267
0.787810
0.849564
0.627462
0.160325
0.702294
0.434264
0.487874
0.318415
0.224882
0.307456
0.299424
0.100199
0.205920
0.049935
0.402318
0.254848
0.853727
0.564399
0.430145
0.789784
0.063151
0.353690
0.350731
0.549402
0.595314
0.924595
0.326523
0.662803
0.989321
0.678746
0.160459
0.901738
0.944795
0.490562
0.901647
0.300163
0.236976
0.078146
0.639473
0.760359
0.965920
0.530729
0.090605
0.145964
0.534610
0.046766
0.615683
0.550622
0.868361
0.688029
0.735579
0.464575
0.685203
0.691789
0.354827
0.045103
0.493361
0.577181
0.155047
0.156545
0.301831
0.701582
0.266572
0.479936
0.891515
0.383787
0.243739
0.421240
0.000374
0.825222
0.799683
0.562716
0.753643
0.487560
0.050583
0.717943
0.430905
0.780987
0.387061
0.653309
0.751594
0.884914
0.351203
0.034806
0.809569
0.561909
0.230171
0.128405
0.860505
0.282842
0.769639
0.126368
0.111830
0.000055
0.609855
0.263884
0.467403
0.176415
0.510778
0.125517
0.805709
0.188520
0.276694
0.886078
0.523196
0.006449
0.740566
0.774590
0.940168
0.941126
0.309106
0.553713
0.166013
0.621778
0.095431
0.452971
0.559071
0.894684
0.631014
0.136869
0.133483
0.742281
0.715400
0.204877
0.785174
0.127182
0.153433
0.357464
0.889947
0.934223
0.577269
0.091164
0.511362
0.277600
0.245489
0.147830
0.721747
0.768667
0.754723
0.402835
0.447898
0.109078
0.950391
0.569646
0.099635
0.336608
0.551684
0.581559
0.304685
0.257001
0.040543
0.514995
0.371996
0.141220
0.243226
0.093875
0.136609
0.547093
0.653474
0.484577
0.335957
0.577965
0.415232
0.000876
0.347758
0.755919
0.866472
0.405057
0.435648
0.747551
0.619566
0.554020
0.536886
0.017278
0.152744
0.708318
0.257721
0.224631
0.255864
0.830351
0.271712
0.252725
0.215679
0.749855
0.633926
0.626808
0.254115
0.196778
0.003716
0.023063
0.220195
0.091776
0.018931
0.393953
0.264088
0.263152
0.677827
0.059920
0.931428
0.217910
0.888701
0.097029
0.658181
0.947793
0.152950
0.442592
0.730920
0.884213
0.700680
0.848515
0.723661
0.336691
0.329540
0.935139
0.909213
0.537204
0.471644
0.983248
0.958318
0.168999
0.879449
0.392263
0.031206
0.056365
0.262508
0.118877
0.390401
0.026548
0.691068
0.379833
0.536837
0.493452
0.811508
0.989354
0.319294
0.643984
0.579275
0.236927
0.074622
0.492409
0.228080
0.072784
0.817717
0.188717
0.465004
0.731114
0.369289
0.678055
0.049408
0.006645
0.749329
0.886302
0.103265
0.227229
0.697209
0.499966
0.070017
0.098819
0.937450
0.986901
0.531204
0.902203
0.284524
0.809970
0.181920
0.902064
0.471189
0.782435
0.719334
0.994555
0.152867
0.837393
0.008736
0.822458
0.954620
0.191572
0.439338
0.376988
0.116226
0.205722
0.381860
0.079074
0.792725
0.331126
0.110850
0.884047
0.780026
0.207557
0.690123
0.022511
0.364659
0.487514
0.357428
0.814125
0.509658
0.721749
0.836578
0.854154
0.160467
0.990813
0.188419
0.856164
0.420694
0.917324
0.956907
0.165906
0.651753
0.676571
0.128721
0.366170
0.496689
0.243336
0.193614
0.441863
0.829844
0.896871
0.242439
0.437258
0.962985
0.151977
0.678561
0.728791
0.976855
0.412313
0.839249
0.569211
0.036090
0.544322
0.453554
0.091472
0.335646
0.960383
0.713750
0.949620
0.128212
0.063777
0.354577
0.221919
0.913981
0.853348
0.048413
0.408457
0.515199
0.091826
0.899939
0.668098
0.696307
0.610162
0.609730
0.001487
0.373640
0.623900
0.955969
0.588289
0.043384
0.371981
0.584929
0.915266
0.959040
0.120189
0.406070
0.721335
0.035608
0.689748
0.343187
0.967455
0.531999
0.936950
0.219831
0.391005
0.960183
0.204966
0.560494
0.401073
0.442994
0.048371
0.208535
0.834343
0.055393
0.771076
0.521385
0.939785
0.558840
0.467281
0.361811
0.959332
0.007064
0.683043
0.003508
0.183687
0.955123
0.064999
0.987331
0.796356
0.542891
0.896568
0.962537
0.381065
0.508840
0.376342
0.921330
0.410901
0.789627
0.425996
0.265186
0.411431
0.704223
0.455315
0.842400
0.891586
0.846243
0.511336
0.967137
0.458689
0.612139
0.920262
0.204398
0.218060
0.282981
0.639940
0.100431
0.340582
0.619722
0.994206
0.506436
0.347495
0.001818
0.097237
0.621444
0.791635
0.071809
0.606899
0.538873
0.736300
0.088189
0.403566
0.075776
0.171603
0.539493
0.479564
0.883800
0.735391
0.946920
0.770483
0.660480
0.090003
0.953549
0.561560
0.306996
0.862769
0.147132
0.580056
0.706768
0.299601
0.331703
0.230189
0.755392
0.866332
0.001478
0.854536
0.167886
0.917779
0.288694
0.300629
0.470058
0.742802
0.974419
0.741380
0.477128
0.584520
0.946758
0.122435
0.239320
0.475287
0.552308
0.190003
0.139960
0.559303
0.261641
0.862308
0.050035
0.192468
0.214908
0.241720
0.642020
0.996496
0.145475
0.489847
0.347213
0.736552
0.623547
0.693248
0.691257
0.719899
0.102773
0.993689
0.783035
0.255081
0.085446
0.326701
0.467794
0.741883
0.399545
0.959985
0.726017
0.403356
0.766851
0.425437
0.429053
0.541148
0.057988
0.843383
0.909408
0.059657
0.009424
0.915181
0.310527
0.725389
0.210394
0.052660
0.425123
0.114653
0.454949
0.183749
0.274049
0.161261
0.555920
0.358929
0.815351
0.899275
0.502729
0.440306
0.685716
0.953799
0.842535
0.113808
0.278667
0.162054
0.912146
0.376450
0.754642
0.801024
0.443946
0.338183
0.990863
0.197322
0.119694
0.886542
0.231467
0.236767
0.217505
0.909212
0.242848
0.759870
0.065370
0.693566
0.552116
0.105794
0.914070
0.833924
0.518889
0.779584
0.017649
0.909414
0.217519
0.290126
0.464477
0.952294
0.778103
0.611245
0.049366
0.834870
0.824086
0.223996
0.489788
0.360890
0.060492
0.620149
0.448643
0.674670
0.002449
0.097194
0.373640
0.390196
0.115996
0.313323
0.449607
0.306896
0.583550
0.852606
0.195015
0.104456
0.050906
0.979100
0.236954
0.803574
0.591403
0.133550
0.748452
0.022366
0.000644
0.894455
0.216542
0.050702
0.160885
0.230083
0.776177
0.080189
0.571309
0.599959
0.050970
0.561072
0.196696
0.810737
0.402845
0.775875
0.244543
0.526375
0.934762
0.412105
0.526134
0.807215
0.598555
0.943476
0.111157
0.384850
0.028034
0.173526
0.453623
0.244370
0.299482
0.711675
0.188626
0.204344
0.880674
0.716101
0.998932
0.076353
0.587981
0.898466
0.185929
0.715360
0.060851
0.912744
0.693828
0.202115
0.075164
0.386022
0.906401
0.938217
0.052287
0.457190
0.623399
0.789503
0.338979
0.905531
0.525119
0.337052
0.804049
0.333034
0.428570
0.837005
0.949475
0.141277
0.742017
0.747397
0.104697
0.867324
0.235367
0.545735
0.260435
0.136467
0.295330
0.475615
0.209486
0.797980
0.944236
0.561568
0.762757
0.650319
0.522087
0.502667
0.874865
0.373207
0.999267
0.478390
0.379907
0.376659
0.573302
0.602601
0.148900
0.183682
0.662438
0.168224
0.639521
0.788764
0.531135
0.407834
0.929286
0.204643
0.942021
0.522548
0.177648
0.823427
0.033722
0.018736
0.432492
0.395157
0.667047
0.051440
0.523367
0.659234
0.090484
0.664192
0.318136
0.165677
0.761297
0.493222
0.571459
0.479758
0.566664
0.172764
0.282041
0.082642
0.550492
0.137087
0.579531
0.341877
0.330454
0.610739
0.469502
0.330229
0.935451
0.954754
0.923446
0.092673
0.289497
0.383789
0.067137
0.694490
0.481689
0.874487
0.211130
0.695362
0.495693
0.383142
0.907270
0.173950
0.912516
0.611880
0.689780
0.335414
0.168109
0.385099
0.863135
0.753410
0.147922
0.396611
0.185216
0.282577
0.873502
0.884406
0.226288
0.404008
0.905574
0.702924
0.084568
0.682692
0.212284
0.857422
0.139418
0.992745
0.973041
0.703896
0.114726
0.245232
0.184982
0.610212
0.508380
0.498543
0.571852
0.625609
0.878902
0.178209
0.960086
0.869595
0.636559
0.739513
0.764298
0.477153
0.292413
0.701597
0.028861
0.621908
0.112807
0.717480
0.602894
0.775927
0.206204
0.043665
0.716086
0.894612
0.240987
0.680937
0.690187
0.875030
0.622877
0.991591
0.717831
0.710109
0.524782
0.096450
0.003149
0.330565
0.994951
0.828486
0.758277
0.819020
0.415741
0.901177
0.241615
0.421508
0.148754
0.843445
0.597252
0.541879
0.695617
0.685511
0.584315
0.453333
0.399868
0.549472
0.478523
0.113628
0.495912
0.824981
0.578756
0.838886
0.417191
0.286146
0.686061
0.334458
0.058099
0.044413
0.952789
0.156078
0.352699
0.019597
0.171383
0.083501
0.907356
0.454976
0.415931
0.431735
0.682676
0.881895
0.229719
0.348520
0.150701
0.756095
0.017561
0.794541
0.103628
0.315172
0.936158
0.865214
0.117291
0.039323
0.346857
0.377279
0.692338
0.602787
0.505068
0.243905
0.534202
0.470168
0.795900
0.929639
0.374463
0.080604
0.907000
0.589315
0.875352
0.056439
0.262603
0.027689
0.549782
0.425936
0.966905
0.090819
0.434330
0.738076
0.044177
0.034623
0.494668
0.119941
0.775926
0.875994
0.053707
0.153532
0.264611
0.079735
0.903586
0.471267
0.576147
0.579453
0.294004
0.651659
0.991159
0.278602
0.641338
0.474461
0.323591
0.581899
0.144831
0.425631
0.225110
0.217284
0.456534
0.256187
0.899419
0.720995
0.168780
0.046852
0.201133
0.366882
0.054204
0.935485
0.422649
0.466090
0.225521
0.171868
0.897275
0.582110
0.541671
0.391358
0.319903
0.083012
0.649093
0.784215
0.344189
0.168603
0.846782
0.691661
0.728554
0.193082
0.945762
0.015701
0.227477
0.178467
0.261304
0.791792
0.449305
0.352156
0.742882
0.368036
0.401017
0.612136
0.784733
0.559922
0.022648
0.840963
0.851017
0.025812
0.271958
0.066927
0.435009
0.227477
0.580768
0.767171
0.902206
0.915705
0.579552
0.078706
0.152547
0.999345
0.922374
0.832534
0.096552
0.224400
0.870289
0.952913
0.352758
0.787772
0.772595
0.715176
0.127424
0.239095
0.970822
0.274720
0.579637
0.857128
0.423453
0.957469
0.362385
0.619570
0.977934
0.525430
0.079258
0.583769
0.902601
0.534178
0.832556
0.549654
0.721330
0.313256
0.446941
0.545894
0.488884
0.903432
0.527447
0.648566
0.310296
0.651438
0.805585
0.762854
0.782962
0.314797
0.905395
0.048946
0.249327
0.485198
0.245119
0.101561
0.649597
0.464142
0.411553
0.668539
0.700546
0.281355
0.494222
0.659678
0.175387
0.244158
0.145990
0.416332
0.782307
0.950461
0.005448
0.320975
0.331606
0.342348
0.643784
0.881582
0.323620
0.671135
0.813578
0.657765
0.296464
0.784942
0.017068
0.955537
0.243076
0.329807
0.674496
0.928542
0.374512
0.215681
0.465855
0.830753
0.688703
0.276423
0.108097
0.085968
0.153029
0.732530
0.390005
0.911808
0.261739
0.927687
0.053685
0.471065
0.956191
0.483353
0.029087
0.353796
0.052546
0.424221
0.900045
0.223994
0.797385
0.943249
0.719935
0.221380
0.840942
0.066608
0.674822
0.390014
0.888517
0.861673
0.493552
0.631285
0.655976
0.617554
0.169060
0.241224
0.342236
0.276653
0.833593
0.704979
0.951722
0.763472
0.732702
0.470441
0.998958
0.746344
0.988005
0.715913
0.935915
0.078609
0.405578
0.643027
0.325163
0.044829
0.263477
0.467066
0.087295
0.728366
0.945866
0.615764
0.062897
0.009521
0.239188
0.679628
0.615283
0.885792
0.184206
0.548818
0.762496
0.011692
0.811941
0.012560
0.552149
0.416266
0.966627
0.647636
0.501515
0.649583
0.429093
0.265360
0.323103
0.810199
0.753156
0.876045
0.982420
0.735234
0.778785
0.342739
0.013755
0.612136
0.711428
0.580119
0.810078
0.461600
0.588797
0.680036
0.147168
0.706953
0.885823
0.254346
0.077157
0.795697
0.035970
0.042051
0.594267
0.779874
0.732657
0.567374
0.431485
0.646459
0.587438
0.915613
0.271603
0.066880
0.990597
0.244094
0.564079
0.202648
0.883019
0.117548
0.529542
0.155584
0.502996
0.474105
0.539898
0.026622
0.524949
0.734843
0.601676
0.083996
0.225017
0.183529
0.595584
0.023905
0.366720
0.102664
0.172820
0.315639
0.233391
0.767955
0.949321
0.286472
0.087128
0.208495
0.028191
0.344265
0.110348
0.738726
0.807581
0.029303
0.498716
0.687057
0.870423
0.700010
0.595758
0.183080
0.111962
0.405233
0.171642
0.440743
0.733819
0.991107
0.892676
0.980588
0.646432
0.892258
0.554575
0.884225
0.986794
0.321322
0.471501
0.354130
0.921213
0.200425
0.843566
0.869446
0.693695
0.973124
0.646626
0.563105
0.764190
0.242099
0.387937
0.498633
0.106248
0.640105
0.596943
0.369833
0.784107
0.649816
0.429037
0.278042
0.272640
0.729501
0.867778
0.327084
0.821987
0.610141
0.443333
0.404044
0.188749
0.336719
0.726761
0.945429
0.178090
0.409851
0.305628
0.405757
0.571346
0.418561
0.049897
0.403580
0.791394
0.062459
0.901262
0.894800
0.207082
0.460412
0.686520
0.663148
0.656945
0.698520
0.698035
0.792878
0.923864
0.544948
0.493047
0.641230
0.593624
0.062341
0.139127
0.121751
0.542748
0.185984
0.435404
0.479966
0.020721
0.460640
0.537662
0.247774
0.698740
0.590887
0.338705
0.931733
0.666400
0.855389
0.441625
0.374559
0.167931
0.158521
0.010228
0.451849
0.114507
0.483506
0.194705
0.072414
0.306152
0.007014
0.577948
0.757669
0.798343
0.420221
0.644177
0.722102
0.390881
0.156678
0.971833
0.373710
0.470898
0.880900
0.641332
0.933076
0.063375
0.668224
0.528833
0.036894
0.320724
0.777768
0.142995
0.272680
0.692058
0.554968
0.724958
0.784297
0.760985
0.113410
0.354542
0.012989
0.320938
0.650021
0.029028
0.087723
0.496409
0.202113
0.455392
0.065758
0.928377
0.815533
0.832671
0.535223
0.768729
0.463032
0.017308
0.833610
0.001794
0.930828
0.339824
0.289118
0.695872
0.625850
0.263901
0.356959
0.932901
0.989864
0.196476
0.873369
0.353555
0.630030
0.826586
0.881253
0.455869
0.375729
0.507599
0.760106
0.700077
0.282933
0.627824
0.808022
0.287320
0.960938
0.723159
0.735871
0.616007
0.870016
0.966798
0.925810
0.282317
0.107122
0.678832
0.132639
0.220117
0.381983
0.795797
0.843450
0.794574
0.906239
0.849494
0.706903
0.231309
0.839222
0.557370
0.668255
0.521835
0.117731
0.614769
0.242115
0.473417
0.353013
0.802949
0.185560
0.928945
0.212140
0.045890
0.835500
0.665686
0.065930
0.132923
0.103672
0.371371
0.731462
0.401822
0.309789
0.406369
0.960556
0.786277
0.329660
0.290973
0.820100
0.170073
0.263605
0.740269
0.716029
0.464718
0.736512
0.323589
0.267571
0.103810
0.941279
0.903231
0.326149
0.701804
0.471074
0.844541
0.735166
0.291897
0.363585
0.757447
0.070676
0.281934
0.534804
0.383406
0.013603
0.852117
0.015389
0.071136
0.653154
0.877130
0.145716
0.463465
0.177218
0.360384
0.834431
0.154500
0.884013
0.201389
0.260039
0.763970
0.362580
0.619879
0.287484
0.441061
0.196874
0.582965
0.595959
0.064939
0.605464
0.834077
0.955842
0.399354
0.538929
0.924281
0.559442
0.214412
0.719902
0.676283
0.281602
0.674586
0.772941
0.557237
0.623495
0.357179
0.596620
0.145805
0.949439
0.593315
0.668818
0.508560
0.957353
0.881711
0.535432
0.467071
0.795564
0.116299
0.846942
0.165368
0.440918
0.978599
0.307263
0.622961
0.146310
0.995607
0.663308
0.275514
0.632438
0.359028
0.566231
0.417358
0.093261
0.281693
0.998251
0.630317
0.783736
0.555886
0.000816
0.234363
0.410105
0.434577
0.225943
0.659158
0.617443
0.322843
0.225415
0.902827
0.608364
0.120379
0.301038
0.515973
0.294551
0.958286
0.869648
0.284829
0.014910
0.320391
0.901758
0.057038
0.808215
0.911242
0.622603
0.385433
0.733664
0.644486
0.915414
0.397509
0.941103
0.775476
0.132731
0.928518
0.927110
0.724090
0.242745
0.491026
0.918708
0.745697
0.651421
0.459677
0.020263
0.262071
0.931701
0.402271
0.979912
0.796343
0.139359
0.122167
0.190461
0.737815
0.029159
0.636706
0.268689
0.248687
0.229533
0.305565
0.860836
0.905387
0.260779
0.054808
0.727231
0.016026
0.959361
0.389293
0.863595
0.081087
0.714644
0.529947
0.040866
0.659495
0.546664
0.794334
0.481179
0.793866
0.113473
0.609639
0.149031
0.448559
0.690306
0.516469
0.709170
0.667945
0.013146
0.009256
0.394160
0.900532
0.926099
0.243044
0.814264
0.421640
0.361977
0.805336
0.031733
0.772462
0.462150
0.052753
0.583888
0.599812
0.295566
0.702499
0.569829
0.196533
0.655101
0.564127
0.581028
0.109459
0.826254
0.723536
0.245412
0.586624
0.869803
0.233383
0.228595
0.798930
0.214156
0.116595
0.877178
0.098962
0.889739
0.305994
0.652095
0.210842
0.278392
0.186460
0.361182
0.803817
0.314082
0.698814
0.907693
0.247191
0.722587
0.138761
0.195553
0.317969
0.489585
0.830779
0.514668
0.812314
0.707892
0.876540
0.634494
0.459188
0.481520
0.130198
0.097067
0.545229
0.409688
0.007923
0.379368
0.514258
0.387750
0.625328
0.418806
0.517558
0.140846
0.111753
0.116053
0.961080
0.943496
0.672407
0.169756
0.256604
0.814809
0.564861
0.702846
0.953188
0.851731
0.491526
0.527295
0.655339
0.055978
0.960236
0.402081
0.561506
0.605157
0.765678
0.778589
0.251922
0.142782
0.339705
0.231231
0.673468
0.740524
0.112039
0.143344
0.001038
0.190517
0.127803
0.285642
0.573643
0.484610
0.756987
0.384994
0.017744
0.546448
0.785364
0.755156
0.572777
0.613501
0.237589
0.840319
0.851642
0.278869
0.801937
0.320745
0.613676
0.052831
0.412239
0.133204
0.645118
0.894719
0.715480
0.674912
0.562667
0.296484
0.491837
0.067733
0.044025
0.017061
0.385858
0.060951
0.894335
0.114781
0.200374
0.019092
0.962577
0.694141
0.755512
0.971319
0.695078
0.260510
0.539978
0.557709
0.256386
0.295922
0.806261
0.484192
0.347479
0.962187
0.970469
0.052822
0.028462
0.581937
0.365524
0.149932
0.912820
0.918752
0.117133
0.606147
0.682653
0.495965
0.828321
0.865537
0.103057
0.278463
0.392950
0.864575
0.947388
0.558476
0.743299
0.795283
0.826353
0.697048
0.162646
0.052796
0.919738
0.386955
0.561545
0.109601
0.601803
0.026228
0.285989
0.952528
0.725727
0.877170
0.666343
0.121898
0.669231
0.483534
0.056361
0.534461
0.657444
0.925109
0.090086
0.304340
0.369003
0.297903
0.698193
0.522342
0.630923
0.259735
0.081396
0.658793
0.334525
0.812822
0.702989
0.335560
0.510909
0.990920
0.911097
0.007931
0.226669
0.859856
0.368668
0.617350
0.269507
0.854805
0.000026
0.954174
0.144591
0.890216
0.960648
0.910255
0.085395
0.860553
0.614720
0.530470
0.471484
0.870542
0.935560
0.988675
0.348632
0.107861
0.008916
0.937055
0.756522
0.311415
0.659681
0.900369
0.113291
0.953797
0.989310
0.222195
0.295842
0.003143
0.014166
0.904502
0.836000
0.460448
0.453425
0.322523
0.355615
0.083187
0.207827
0.223307
0.253162
0.151538
0.485484
0.529966
0.479338
0.953140
0.015703
0.847709
0.982994
0.546639
0.103024
0.197356
0.039217
0.300471
0.527863
0.554206
0.890687
0.725711
0.722595
0.333704
0.128047
0.061313
0.327835
0.801089
0.425885
0.304725
0.857195
0.672719
0.043276
0.585380
0.823790
0.276534
0.031336
0.674715
0.471205
0.824527
0.988938
0.532622
0.228045
0.569376
0.329943
0.172099
0.800393
0.240663
0.213953
0.143585
0.421669
0.725345
0.124630
0.007257
0.295181
0.936281
0.616768
0.481445
0.650956
0.337289
0.291296
0.281291
0.664662
0.221127
0.876632
0.043524
0.681194
0.297420
0.409813
0.267578
0.786982
0.092207
0.420791
0.783638
0.680684
0.412822
0.461390
0.325139
0.508498
0.436188
0.004671
0.073929
0.724101
0.752509
0.122805
0.345055
0.079744
0.778441
0.368645
0.465892
0.389322
0.854995
0.108883
0.509057
0.170549
0.998251
0.340247
0.285125
0.475500
0.779897
0.654255
0.361128
0.069749
0.206083
0.874732
0.112845
0.392651
0.435281
0.583829
0.758362
0.806760
0.848919
0.869625
0.069579
0.264237
0.654495
0.498556
0.176522
0.532885
0.073541
0.150468
0.522428
0.244165
0.131933
0.398975
0.098644
0.569535
0.435250
0.805207
0.387159
0.978360
0.556708
0.583652
0.811752
0.068668
0.190884
0.043714
0.589907
0.538509
0.106427
0.893047
0.877134
0.237532
0.660122
0.976694
0.490576
0.521800
0.880260
0.321492
0.823852
0.555450
0.477901
0.144760
0.151098
0.345425
0.861242
0.690831
0.243047
0.354664
0.993427
0.283722
0.256486
0.068352
0.602230
0.468968
0.432319
0.550373
0.597603
0.686186
0.265211
0.345292
0.028193
0.924924
0.054863
0.186923
0.380812
0.612288
0.977697
0.359053
0.539487
0.639182
0.937230
0.817697
0.236887
0.513955
0.167805
0.787365
0.986533
0.933984
0.132522
0.555594
0.336683
0.367337
0.221983
0.039050
0.065770
0.052889
0.722499
0.919060
0.796061
0.157073
0.874310
0.141794
0.260056
0.902322
0.522494
0.355477
0.358193
0.523843
0.112945
0.780051
0.613611
0.869952
0.887254
0.549303
0.998974
0.773171
0.164600
0.066529
0.392403
0.655686
0.193695
0.316694
0.546938
0.848720
0.138397
0.684449
0.035328
0.190663
0.298292
0.051414
0.685452
0.497341
0.429071
0.060196
0.749796
0.578077
0.332224
0.318685
0.075065
0.695920
0.341761
0.217229
0.647315
0.566766
0.606581
0.294217
0.797766
0.471576
0.606701
0.922043
0.450429
0.364439
0.152879
0.314980
0.882527
0.527054
0.501911
0.661722
0.531827
0.612028
0.520788
0.846382
0.322851
0.582161
0.195558
0.890043
0.369715
0.074076
0.895434
0.677346
0.742198
0.059885
0.656957
0.845337
0.420502
0.052206
0.380789
0.130355
0.701991
0.682347
0.066226
0.078259
0.920627
0.699624
0.423624
0.517898
0.579558
0.697023
0.077435
0.631328
0.233819
0.304243
0.824137
0.989798
0.969694
0.827667
0.558619
0.584555
0.058336
0.216436
0.594842
0.297772
0.683684
0.637192
0.544358
0.422718
0.100726
0.424548
0.088459
0.854142
0.633466
0.801225
0.092645
0.389748
0.708378
0.827219
0.318474
0.780950
0.196245
0.821383
0.537614
0.674461
0.432648
0.016202
0.242739
0.433836
0.056222
0.956306
0.273202
0.919297
0.567559
0.866766
0.970876
0.141835
0.015245
0.616258
0.690172
0.159932
0.376096
0.434924
0.390474
0.629892
0.853025
0.153659
0.219954
0.888627
0.976824
0.581620
0.584947
0.785163
0.000203
0.887139
0.613557
0.487849
0.718094
0.383654
0.637653
0.091320
0.563900
0.320779
0.602384
0.803174
0.315298
0.749534
0.982260
0.186857
0.115519
0.862928
0.950078
0.115716
0.068651
0.735586
0.368542
0.604039
0.614421
0.910550
0.610562
0.234242
0.114734
0.853545
0.765737
0.814402
0.898718
0.945304
0.257273
0.855881
0.894480
0.175506
0.122232
0.244872
0.325799
0.286583
0.842123
0.741785
0.843574
0.275523
0.840823
0.935348
0.390311
0.364536
0.080026
0.620299
0.728202
0.999261
0.112932
0.984205
0.486194
0.812588
0.835903
0.065182
0.059839
0.724038
0.883130
0.872527
0.411982
0.334261
0.315846
0.900101
0.627242
0.161226
0.186963
0.170909
0.744952
0.173141
0.732723
0.953116
0.382087
0.861377
0.920528
0.014581
0.829815
0.107564
0.728763
0.226054
0.706639
0.409594
0.759429
0.083119
0.841512
0.203171
0.293763
0.753647
0.477630
0.844567
0.947640
0.640393
0.189298
0.086713
0.217311
0.606021
0.319982
0.099338
0.023535
0.478470
0.430673
0.253526
0.257025
0.635571
0.017253
0.245246
0.240718
0.366018
0.858800
0.888885
0.192074
0.685491
0.212711
0.022695
0.475512
0.827369
0.015971
0.869940
0.762326
0.062156
0.295635
0.563214
0.790866
0.772699
0.568255
0.020229
0.168255
0.127297
0.721974
0.347008
0.548128
0.662907
0.252849
0.312782
0.325311
0.888356
0.966708
0.298525
0.023577
0.524576
0.979769
0.560611
0.428743
0.456602
0.847278
0.499772
0.895748
0.231010
0.633376
0.194885
0.590941
0.202594
0.093155
0.296955
0.722562
0.034669
0.676866
0.011383
0.363142
0.367242
0.766150
0.590730
0.623912
0.374404
0.314201
0.264837
0.846929
0.784201
0.459282
0.833683
0.825818
0.487735
0.709089
0.208525
0.838233
0.235543
0.119021
0.710861
0.506404
0.334009
0.599483
0.113057
0.027603
0.797614
0.846473
0.650043
0.511935
0.778590
0.578685
0.953490
0.705344
0.337676
0.137553
0.198101
0.982772
0.901343
0.340509
0.328007
0.688637
0.094425
0.720445
0.908185
0.744581
0.674493
0.306081
0.764115
0.300082
0.016664
0.440633
0.709648
0.479279
0.105531
0.263710
0.379876
0.183159
0.244370
0.529534
0.778477
0.193153
0.260183
0.960882
0.897927
0.539908
0.795131
0.072250
0.690689
0.346246
0.368520
0.988812
0.259098
0.019664
0.166352
0.563215
0.124516
0.197557
0.474164
0.795091
0.550194
0.975023
0.179878
0.105469
0.579388
0.454756
0.812080
0.248821
0.647023
0.132230
0.980603
0.070088
0.500567
0.195077
0.294828
0.865294
0.879060
0.898025
0.654394
0.886728
0.837998
0.245691
0.150200
0.573574
0.146104
0.543493
0.453061
0.084541
0.426290
0.777325
0.885020
0.780514
0.260119
0.367817
0.105379
0.744672
0.649913
0.774069
0.350467
0.448574
0.846934
0.650848
0.153068
0.161309
0.653592
0.295209
0.753622
0.962443
0.922754
0.753227
0.679393
0.737745
0.872527
0.041653
0.998012
0.710816
0.259485
0.116358
0.195485
0.967153
0.890453
0.679914
0.742773
0.554804
0.870604
0.151810
0.815701
0.764760
0.585736
0.660793
0.045638
0.693340
0.385881
0.090817
0.188301
0.428873
0.196557
0.897858
0.399289
0.868520
0.738484
0.789304
0.951430
0.112660
0.325918
0.642475
0.383697
0.380219
0.462058
0.252465
0.756855
0.886877
0.015589
0.207576
0.038908
0.999442
0.988122
0.255204
0.145119
0.265694
0.845252
0.851549
0.413337
0.583695
0.645655
0.890793
0.765736
0.453518
0.559032
0.136530
0.561930
0.005339
0.595035
0.179931
0.614754
0.550226
0.986203
0.422101
0.556690
0.905200
0.677470
0.015930
0.109484
0.525427
0.006307
0.845784
0.828854
0.778871
0.128906
0.709050
0.936398
0.939397
0.011028
0.175932
0.387613
0.991968
0.293838
0.224075
0.693161
0.149057
0.736101
0.300532
0.154615
0.503265
0.879797
0.880024
0.399482
0.091853
0.476142
0.837123
0.816555
0.350950
0.917264
0.799431
0.973900
0.688654
0.553732
0.414446
0.229997
0.327411
0.432541
0.756958
0.764884
0.448762
0.491188
0.585652
0.513173
0.731774
0.902663
0.283128
0.184523
0.995875
0.629388
0.085795
0.528828
0.647102
0.841660
0.928808
0.421858
0.963342
0.952655
0.243026
0.500256
0.840443
0.366544
0.489587
0.110315
0.030277
0.612086
0.793338
0.009546
0.129129
0.309150
0.726527
0.689935
0.787111
0.091892
0.132901
0.602581
0.895506
0.376482
0.700809
0.040066
0.629884
0.134191
0.169917
0.669740
0.364956
0.017487
0.264606
0.761864
0.987083
0.427349
0.409663
0.184277
0.288415
0.028231
0.519047
0.262444
0.881070
0.671357
0.721759
0.262233
0.790690
0.520174
0.162493
0.533705
0.118132
0.960910
0.397930
0.358293
0.359792
0.687812
0.608328
0.228828
0.286950
0.472699
0.611425
0.231342
0.260066
0.842202
0.551346
0.318165
0.224729
0.208137
0.235949
0.601579
0.053312
0.425916
0.305309
0.253667
0.683529
0.026077
0.172397
0.677862
0.407168
0.192745
0.721597
0.187258
0.596288
0.402289
0.865855
0.459543
0.958936
0.421988
0.829913
0.373471
0.602793
0.273309
0.573255
0.911411
0.685600
0.942452
0.516791
0.440405
0.350329
0.961951
0.163766
0.773413
0.007204
0.865301
0.576242
0.735531
0.531999
0.540174
0.799422
0.898698
0.720829
0.267656
0.329170
0.444041
0.667682
0.062113
0.752671
0.614071
0.826309
0.630400
0.714204
0.637453
0.268347
0.896034
0.870450
0.666324
0.362422
0.613876
0.302476
0.838847
0.253940
0.898553
0.791095
0.855965
0.523671
0.754235
0.082346
0.088602
0.318277
0.407934
0.960795
0.466707
0.572884
0.880920
0.097434
0.860688
0.351403
0.985358
0.780494
0.074692
0.403725
0.492331
0.102359
0.514556
0.040599
0.504008
0.842080
0.265716
0.039831
0.981963
0.325383
0.271350
0.375701
0.575432
0.184363
0.201845
0.883655
0.481352
0.195711
0.975654
0.982676
0.411050
0.814790
0.860629
0.148208
0.178926
0.505533
0.145176
0.001339
0.043836
0.402016
0.120712
0.618774
0.285383
0.932888
0.020744
0.608885
0.381080
0.047378
0.686978
0.699266
0.346502
0.151312
0.507694
0.270376
0.823799
0.390009
0.136432
0.599285
0.353292
0.895711
0.047207
0.370564
0.171762
0.990748
0.122905
0.513032
0.067186
0.341266
0.572322
0.048448
0.235244
0.974180
0.004188
0.730130
0.164500
0.983192
0.788373
0.816670
0.995505
0.286091
0.849603
0.800976
0.209628
0.879991
0.071254
0.902370
0.295679
0.645267
0.949048
0.155662
0.090518
0.641405
0.299404
0.194370
0.902099
0.334032
0.576442
0.945598
0.392681
0.904555
0.926619
0.223515
0.353292
0.381076
0.861028
0.340828
0.249582
0.247833
0.562744
0.738778
0.309729
0.443061
0.189377
0.073663
0.487463
0.541892
0.258004
0.171211
0.132091
0.788173
0.598986
0.670624
0.381735
0.630666
0.584237
0.601058
0.149205
0.225220
0.131223
0.559786
0.059795
0.972620
0.472429
0.760360
0.528939
0.606054
0.086936
0.079503
0.521700
0.453517
0.600994
0.114110
0.836264
0.657012
0.572405
0.347098
0.405348
0.006771
0.932883
0.167499
0.252324
0.366784
0.636374
0.972473
0.996891
0.946023
0.772114
0.845068
0.036767
0.973500
0.680760
0.721711
0.579845
0.026880
0.451502
0.079531
0.142710
0.753052
0.678207
0.449608
0.027894
0.210799
0.473341
0.633814
0.939661
0.313564
0.048994
0.927694
0.576668
0.903925
0.603487
0.659328
0.764307
0.947622
0.837891
0.595670
0.958780
0.087222
0.066768
0.566733
0.502529
0.784293
0.088393
0.759287
0.554204
0.241567
0.607853
0.452451
0.608116
0.017152
0.037354
0.346592
0.894574
0.302500
0.766661
0.584936
0.884578
0.362463
0.947365
0.017060
0.765278
0.054169
0.271115
0.309173
0.996075
0.123334
0.057318
0.194503
0.273237
0.390509
0.972513
0.176154
0.031912
0.801094
0.263430
0.464757
0.591022
0.734063
0.239977
0.146049
0.526166
0.104346
0.743590
0.743051
0.649507
0.608852
0.190417
0.349534
0.129933
0.459030
0.807222
0.673515
0.831513
0.913530
0.559158
0.121246
0.648321
0.719566
0.790942
0.874718
0.717923
0.834627
0.413843
0.842552
0.387710
0.721530
0.827133
0.890201
0.155533
0.576957
0.280407
0.547842
0.710966
0.600525
0.788148
0.041850
0.352406
0.169352
0.584930
0.259260
0.369162
0.429828
0.653156
0.816576
0.361795
0.528661
0.618832
0.619325
0.568053
0.701067
0.957795
0.943130
0.189708
0.733537
0.507372
0.589087
0.835898
0.487634
0.868549
0.936000
0.853963
0.071815
0.902618
0.771502
0.586422
0.789685
0.774443
0.597204
0.034105
0.881347
0.331993
0.305414
0.816562
0.562548
0.107898
0.774410
0.481839
0.503976
0.312244
0.255046
0.643335
0.277000
0.394742
0.575184
0.110647
0.815856
0.486121
0.993142
0.367520
0.550345
0.290178
0.232277
0.651028
0.784670
0.155273
0.242885
0.454030
0.421354
0.583086
0.903740
0.944334
0.335325
0.667827
0.204466
0.239734
0.220117
0.845408
0.874263
0.353448
0.480498
0.172824
0.546670
0.319129
0.705481
0.566413
0.900506
0.392548
0.191009
0.276150
0.992082
0.416677
0.208220
0.243491
0.813308
0.521024
0.843241
0.123815
0.766524
0.131761
0.927234
0.001730
0.953520
0.108084
0.286930
0.398383
0.319043
0.238114
0.279019
0.883823
0.575846
0.854899
0.626430
0.643074
0.448308
0.234224
0.297328
0.989973
0.006407
0.460136
0.702108
0.225526
0.294476
0.574611
0.520370
0.154293
0.084894
0.032519
0.995852
0.119400
0.572601
0.464042
0.587067
0.819772
0.261036
0.690565
0.265702
0.516989
0.934392
0.267604
0.891839
0.218229
0.647701
0.944929
0.639446
0.089685
0.449632
0.479262
0.119038
0.874746
0.359361
0.832808
0.165544
0.485646
0.896791
0.799875
0.293607
0.837923
0.584712
0.366627
0.932087
0.395176
0.844377
0.202825
0.143715
0.887888
0.056170
0.670761
0.820523
0.224336
0.390302
0.911288
0.074026
0.293293
0.886529
0.210312
0.760695
0.095981
0.906035
0.975861
0.894974
0.476670
0.144455
0.764985
0.997298
0.544894
0.205553
0.624605
0.643820
0.204305
0.035622
0.268885
0.365157
0.889904
0.226102
0.759758
0.367459
0.642420
0.145129
0.323578
0.901794
0.850816
0.568507
0.896255
0.614869
0.815730
0.879485
0.097028
0.300530
0.531714
0.099275
0.476828
0.608781
0.667607
0.022803
0.445055
0.725972
0.414647
0.264979
0.856879
0.631564
0.052837
0.191959
0.434721
0.375981
0.498924
0.811384
0.329445
0.069522
0.594599
0.939344
0.010584
0.880320
0.181191
0.235545
0.356501
0.812700
0.406616
0.309454
0.325029
0.175951
0.900201
0.528583
0.687464
0.304006
0.219493
0.806931
0.252912
0.892542
0.967624
0.590076
0.279175
0.471865
0.457124
0.978775
0.828513
0.518995
0.372465
0.112028
0.883797
0.064805
0.284622
0.152335
0.779342
0.702924
0.681620
0.741096
0.841936
0.534310
0.593546
0.303278
0.986596
0.959773
0.462807
0.932234
0.007965
0.583954
0.303324
0.554129
0.576085
0.836824
0.928575
0.105207
0.842920
0.818250
0.239565
0.424068
0.436245
0.189672
0.741295
0.507355
0.537484
0.583842
0.200563
0.664556
0.271344
0.684775
0.129019
0.571779
0.573478
0.098585
0.642636
0.322967
0.828292
0.941503
0.640769
0.539595
0.396922
0.310747
0.703003
0.577775
0.684467
0.870660
0.017322
0.688133
0.859134
0.620991
0.035764
0.883965
0.951757
0.753767
0.769724
0.673971
0.784474
0.633980
0.162130
0.056195
0.438525
0.438429
0.142772
0.260432
0.444242
0.484364
0.730364
0.099869
0.216506
0.699944
0.194365
0.053640
0.855901
0.003615
0.244010
0.876625
0.163632
0.337827
0.744134
0.819511
0.685165
0.059573
0.448808
0.060883
0.896586
0.938275
0.935937
0.496022
0.105669
0.809768
0.669273
0.307952
0.568386
0.439601
0.118777
0.150843
0.266831
0.362508
0.955260
0.111815
0.286594
0.687515
0.679423
0.863927
0.035136
0.436395
0.936934
0.482071
0.406746
0.060659
0.357455
0.837877
0.407521
0.049372
0.793369
0.314655
0.673403
0.984113
0.439686
0.955907
0.447636
0.052576
0.715624
0.169782
0.117701
0.729645
0.065850
0.517963
0.766704
0.452199
0.689441
0.103226
0.775611
0.326292
0.681183
0.990054
0.460295
0.934257
0.335837
0.223373
0.665078
0.673394
0.443964
0.300081
0.020795
0.822563
0.929661
0.766627
0.053042
0.060514
0.137310
0.505464
0.072428
0.859420
0.566789
0.697609
0.854821
0.254757
0.844454
0.543586
0.821654
0.701446
0.769979
0.148199
0.038641
0.115762
0.325493
0.255577
0.880357
0.869641
0.611467
0.410851
0.157097
0.342231
0.680995
0.947205
0.602684
0.083235
0.687236
0.696719
0.595125
0.441149
0.504113
0.417625
0.278501
0.441018
0.003483
0.458006
0.810569
0.341899
0.307789
0.647488
0.447370
0.791817
0.030130
0.756550
0.748712
0.252298
0.567355
0.192396
0.236571
0.857422
0.839312
0.937054
0.736168
0.372117
0.241284
0.775940
0.985098
0.236735
0.378628
0.733461
0.502281
0.941961
0.124079
0.618538
0.492725
0.329057
0.529508
0.900845
0.537734
0.811439
0.845217
0.674049
0.029100
0.467389
0.670391
0.522834
0.780315
0.260361
0.756809
0.175617
0.752516
0.149284
0.002502
0.295897
0.616837
0.200241
0.350071
0.715437
0.421370
0.193226
0.902836
0.336991
0.407953
0.120716
0.206928
0.500158
0.233489
0.932683
0.044568
0.399917
0.179154
0.226508
0.828030
0.434335
0.299398
0.187917
0.969407
0.818332
0.776510
0.135407
0.982170
0.288873
0.645253
0.727321
0.209548
0.019757
0.659716
0.276259
0.494542
0.409625
0.749552
0.245462
0.938655
0.075032
0.597805
0.738281
0.632520
0.213309
0.444897
0.544202
0.481941
0.461520
0.844396
0.779079
0.457566
0.103647
0.561974
0.606215
0.834725
0.026001
0.899630
0.498524
0.690595
0.420123
0.957566
0.596850
0.626933
0.034551
0.714957
0.329223
0.785613
0.604998
0.551809
0.520782
0.727844
0.191823
0.164724
0.981613
0.022607
0.941211
0.702062
0.294014
0.910984
0.601012
0.795027
0.312764
0.515665
0.974546
0.661634
0.369767
0.693387
0.818404
0.265574
0.262779
0.086010
0.087911
0.011303
0.778449
0.626539
0.432775
0.524321
0.521246
0.972064
0.643868
0.809909
0.507333
0.948147
0.970034
0.597407
0.948473
0.339914
0.653481
0.787489
0.554751
0.604485
0.387342
0.938478
0.982329
0.517474
0.065341
0.200314
0.746549
0.222367
0.978598
0.561698
0.311293
0.804366
0.498102
0.981811
0.499209
0.647922
0.164515
0.681838
0.987870
0.607005
0.563094
0.556799
0.154493
0.176153
0.385639
0.302553
0.893849
0.514583
0.840594
0.138558
0.294643
0.570861
0.155538
0.130509
0.049929
0.766589
0.084051
0.499205
0.575071
0.418853
0.263998
0.348299
0.687025
0.366249
0.331082
0.093457
0.083204
0.275431
0.146421
0.153071
0.265161
0.866702
0.298272
0.024285
0.047530
0.439995
0.555760
0.560636
0.738113
0.597945
0.728824
0.666093
0.880096
0.051196
0.887173
0.786258
0.318059
0.812543
0.247826
0.806980
0.038637
0.510377
0.813203
0.543687
0.794285
0.906829
0.759425
0.936251
0.041189
0.030169
0.288659
0.852959
0.103525
0.521731
0.493397
0.786794
0.156471
0.361905
0.479488
0.415287
0.336878
0.943643
0.475645
0.444030
0.827499
0.481125
0.758797
0.299889
0.699228
0.810645
0.457852
0.254101
0.763830
0.204778
0.595798
0.592865
0.111953
0.683152
0.196035
0.403559
0.859502
0.376799
0.939823
0.782264
0.168233
0.560485
0.415994
0.401242
0.659190
0.390598
0.571656
0.996255
0.012594
0.916100
0.845605
0.770178
0.004239
0.417563
0.858333
0.772834
0.422348
0.284149
0.329706
0.053238
0.743207
0.780020
0.405121
0.819783
0.918432
0.858781
0.272753
0.750910
0.988199
0.445190
0.249822
0.222608
0.126677
0.965023
0.477718
0.042986
0.338718
0.623512
0.489601
0.775970
0.847844
0.626324
0.866667
0.098075
0.778937
0.930273
0.569450
0.550626
0.375841
0.788778
0.579200
0.445761
0.582217
0.513847
0.893996
0.463202
0.528307
0.065773
0.549428
0.275897
0.528396
0.966916
0.950733
0.490108
0.622332
0.139262
0.860422
0.637877
0.054771
0.718886
0.752877
0.259701
0.240372
0.195067
0.967019
0.339932
0.620910
0.958283
0.123901
0.068332
0.087472
0.979589
0.263675
0.894347
0.570341
0.953284
0.153442
0.896148
0.540728
0.244008
0.453470
0.119174
0.118841
0.926588
0.055621
0.747595
0.635449
0.489512
0.747692
0.990398
0.789493
0.397680
0.655946
0.609301
0.219822
0.043315
0.092354
0.040678
0.648843
0.131143
0.821824
0.504569
0.840892
0.580177
0.378776
0.021661
0.076441
0.523983
0.334343
0.528951
0.599512
0.257853
0.949854
0.686541
0.521694
0.428033
0.975333
0.375439
0.730459
0.657355
0.661857
0.407906
0.767422
0.035344
0.973840
0.700552
0.026203
0.710134
0.303616
0.923093
0.628685
0.555030
0.420026
0.744124
0.428903
0.754232
0.310695
0.795146
0.768341
0.979407
0.812095
0.895888
0.164964
0.790180
0.441611
0.192130
0.407531
0.275325
0.553253
0.400959
0.690094
0.904872
0.406457
0.320962
0.149677
0.843428
0.960780
0.114098
0.450064
0.697852
0.355220
0.304042
0.920761
0.063690
0.188216
0.149161
0.043446
0.379428
0.643872
0.457897
0.156613
0.189868
0.394211
0.425418
0.797415
0.013719
0.400772
0.822678
0.839572
0.768645
0.518035
0.486431
0.036239
0.152205
0.114192
0.399752
0.802352
0.141036
0.141781
0.559980
0.434392
0.844586
0.753734
0.881791
0.876104
0.434233
0.133227
0.639029
0.802297
0.723667
0.824179
0.705636
0.962594
0.771397
0.070905
0.394006
0.452479
0.539755
0.229792
0.022899
0.957113
0.214999
0.854298
0.975685
0.937485
0.167474
0.900330
0.666611
0.639144
0.216120
0.397206
0.235755
0.438234
0.724118
0.797032
0.394428
0.182005
0.067760
0.891193
0.578655
0.412497
0.023659
0.177565
0.609774
0.810613
0.054469
0.808640
0.563545
0.288028
0.144181
0.853437
0.401947
0.358196
0.653769
0.591292
0.499304
0.003416
0.409024
0.621591
0.104629
0.038190
0.276628
0.840308
0.618217
0.062028
0.573106
0.093923
0.649375
0.656783
0.634848
0.787700
0.975534
0.470486
0.465850
0.784169
0.786572
0.744442
0.892560
0.886644
0.002368
0.482893
0.770873
0.541140
0.760973
0.681478
0.297114
0.509530
0.638408
0.465606
0.020030
0.240492
0.262361
0.833125
0.991481
0.987726
0.188706
0.434658
0.245644
0.064236
0.423989
0.993776
0.185862
0.565905
0.485319
0.898965
0.069692
0.707905
0.312391
0.067961
0.810558
0.276398
0.589862
0.567269
0.312433
0.459829
0.741777
0.887337
0.185215
0.265396
0.147039
0.245339
0.475437
0.295170
0.354627
0.378360
0.121410
0.722957
0.592015
0.862230
0.695169
0.919383
0.737259
0.954540
0.226130
0.282622
0.725996
0.020472
0.973256
0.081514
0.885042
0.010048
0.993016
0.564088
0.704662
0.764855
0.668255
0.457221
0.596551
0.738181
0.556357
0.433714
0.233131
0.408046
0.381244
0.974663
0.359400
0.188577
0.739623
0.552796
0.728886
0.238561
0.483703
0.623388
0.992604
0.511282
0.255942
0.872382
0.400655
0.767682
0.621189
0.547087
0.731224
0.713680
0.612240
0.916032
0.596455
0.846703
0.579950
0.575585
0.578719
0.977987
0.431863
0.968289
0.398084
0.504461
0.926137
0.299674
0.610800
0.652444
0.542323
0.656744
0.282106
0.717391
0.818446
0.334386
0.491751
0.438502
0.275408
0.879455
0.728860
0.530418
0.355020
0.552053
0.760059
0.049262
0.996232
0.587070
0.941360
0.996785
0.744104
0.795973
0.454871
0.711056
0.915868
0.580416
0.334928
0.298493
0.485459
0.908785
0.388171
0.320548
0.749069
0.229384
0.176191
0.146312
0.615711
0.826587
0.819719
0.853855
0.754154
0.857844
0.686603
0.139389
0.905801
0.000637
0.462717
0.752165
0.136471
0.471926
0.080921
0.189288
0.702387
0.512925
0.637787
0.479981
0.709933
0.535361
0.385072
0.381825
0.877529
0.950160
0.001255
0.267549
0.092978
0.615725
0.470665
0.762415
0.092198
0.392711
0.600890
0.208232
0.565859
0.939251
0.554865
0.486640
0.289096
0.760791
0.058143
0.384491
0.035538
0.199537
0.444676
0.577614
0.009001
0.239634
0.440556
0.542840
0.342514
0.366805
0.053662
0.175222
0.772305
0.578699
0.871461
0.028548
0.400775
0.739519
0.186937
0.649662
0.383624
0.726897
0.126178
0.225064
0.387640
0.069004
0.276755
0.282727
0.602317
0.526586
0.384865
0.621051
0.394587
0.270353
0.656333
0.395114
0.175476
0.043585
0.951790
0.849607
0.613260
0.009262
0.083523
0.816563
0.752383
0.558674
0.109228
0.609678
0.262683
0.324544
0.568766
0.457964
0.690677
0.288070
0.351285
0.288838
0.064280
0.409959
0.123258
0.450602
0.224396
0.536082
0.038908
0.359564
0.140654
0.736603
0.823532
0.867526
0.892804
0.212668
0.031937
0.217780
0.752166
0.848461
0.587694
0.435590
0.526351
0.471827
0.087482
0.072912
0.292157
0.408851
0.276325
0.883992
0.452338
0.643785
0.766062
0.782837
0.437296
0.414370
0.167565
0.656227
0.917811
0.644656
0.257798
0.155077
0.293822
0.925532
0.511201
0.637146
0.030924
0.651745
0.930671
0.207228
0.793566
0.189701
0.740563
0.315380
0.794477
0.030935
0.511182
0.195091
0.475465
0.651991
0.013850
0.413697
0.046523
0.294539
0.634948
0.876096
0.138859
0.063724
0.068004
0.475902
0.332943
0.253808
0.050651
0.478598
0.674212
0.705605
0.898514
0.198704
0.915546
0.509702
0.025399
0.194258
0.664967
0.644174
0.527590
0.440528
0.266747
0.998850
0.482965
0.701169
0.111109
0.935201
0.090898
0.826552
0.518087
0.478547
0.108522
0.259577
0.850549
0.776553
0.659561
0.700307
0.414792
0.595432
0.074372
0.299957
0.948836
0.795681
0.619429
0.846968
0.382317
0.536959
0.180840
0.144900
0.490735
0.933253
0.053629
0.932054
0.333247
0.213007
0.064884
0.571678
0.839093
0.754560
0.417181
0.961515
0.834162
0.456990
0.706131
0.331563
0.526957
0.484200
0.853997
0.275272
0.212020
0.871555
0.755933
0.494871
0.518279
0.617155
0.786836
0.636066
0.108336
0.673451
0.229713
0.587407
0.610611
0.610754
0.909837
0.869030
0.886881
0.215391
0.836238
0.924411
0.260031
0.907120
0.431007
0.244704
0.166841
0.779735
0.669620
0.332276
0.084132
0.374572
0.348555
0.379258
0.588352
0.749548
0.160751
0.576246
0.743236
0.189070
0.700281
0.850522
0.721011
0.367083
0.074511
0.283984
0.813086
0.203163
0.099185
0.996923
0.798441
0.987986
0.947496
0.970324
0.644102
0.969997
0.461308
0.478799
0.703207
0.031516
0.688160
0.927699
0.052870
0.803846
0.643269
0.137563
0.336315
0.712800
0.107166
0.249681
0.010883
0.566197
0.737299
0.488014
0.184255
0.122647
0.910372
0.101724
0.283610
0.267833
0.020553
0.822652
0.544018
0.293687
0.170316
0.543657
0.229849
0.072440
0.023265
0.394160
0.482705
0.558592
0.494160
0.742637
0.696852
0.876156
0.866854
0.473242
0.193315
0.766866
0.026995
0.293205
0.141100
0.320082
0.928336
0.253851
0.962034
0.781209
0.069040
0.582770
0.767647
0.869152
0.011429
0.596378
0.484758
0.122678
0.443657
0.706274
0.612817
0.460859
0.547525
0.461658
0.761855
0.675866
0.830277
0.342979
0.095613
0.191237
0.911204
0.594744
0.260072
0.001083
0.072202
0.261220
0.632534
0.563064
0.715256
0.567170
0.459252
0.029971
0.983926
0.713692
0.448574
0.972672
0.949194
0.679997
0.298956
0.744280
0.415985
0.926222
0.724041
0.356832
0.043013
0.467234
0.406316
0.854479
0.287524
0.167189
0.692370
0.260050
0.374471
0.620279
0.321384
0.505652
0.967643
0.512672
0.248502
0.015260
0.393456
0.078845
0.239985
0.642591
0.776257
0.394088
0.040427
0.257220
0.411006
0.802360
0.066504
0.864274
0.483573
0.330505
0.898375
0.608069
0.193336
0.348167
0.810284
0.389869
0.514466
0.907012
0.806685
0.088366
0.812748
0.838888
0.569241
0.144191
0.109917
0.063437
0.442747
0.614525
0.737566
0.201124
0.523050
0.949982
0.962321
0.104395
0.595481
0.844962
0.892271
0.701211
0.505671
0.387685
0.824891
0.532083
0.532661
0.632357
0.386781
0.791072
0.843243
0.050303
0.297512
0.837401
0.611971
0.428321
0.800337
0.108244
0.228288
0.681757
0.412303
0.762925
0.125031
0.169368
0.310742
0.148978
0.454931
0.041575
0.781806
0.272929
0.526690
0.449451
0.583717
0.651844
0.862238
0.287037
0.931099
0.531087
0.833750
0.154467
0.179910
0.091608
0.324052
0.205870
0.012300
0.595661
0.077848
0.197948
0.298619
0.889167
0.583622
0.768336
0.395796
0.294907
0.266570
0.554849
0.957560
0.993172
0.660036
0.197048
0.647231
0.842135
0.344951
0.441632
0.207055
0.382475
0.950966
0.076078
0.132623
0.190249
0.156358
0.236026
0.694746
0.775905
0.522385
0.937950
0.946175
0.909807
0.377336
0.568661
0.833510
0.416857
0.910937
0.277801
0.026235
0.502553
0.845319
0.951439
0.980495
0.225052
0.568307
0.048530
0.214477
0.534062
0.611229
0.333821
0.409233
0.876338
0.849418
0.388975
0.621830
0.784557
0.430775
0.098368
0.449548
0.483717
0.187500
0.629152
0.991767
0.776155
0.258898
0.220727
0.981518
0.508846
0.809016
0.502339
0.797521
0.537698
0.631100
0.626852
0.500002
0.333057
0.020166
0.973271
0.574399
0.315050
0.603517
0.181652
0.215292
0.560496
0.744118
0.164973
0.471799
0.125125
0.180406
0.238347
0.123194
0.613284
0.604369
0.533714
0.211652
0.586115
0.883319
0.266692
0.664387
0.509672
0.434563
0.702347
0.560937
0.334320
0.310564
0.760839
0.498181
0.890940
0.648813
0.216778
0.065546
0.559648
0.198639
0.403996
0.039804
0.381371
0.429054
0.938527
0.151180
0.757281
0.629167
0.337118
0.753139
0.227922
0.177141
0.828375
0.774114
0.702212
0.625438
0.342780
0.752341
0.872270
0.139376
0.511800
0.600555
0.906239
0.452013
0.812958
0.046047
0.657717
0.539859
0.246423
0.207967
0.413732
0.468904
0.520839
0.756913
0.266998
0.956529
0.734901
0.035154
0.732879
0.398720
0.461889
0.866983
0.724325
0.039950
0.643723
0.760003
0.983328
0.340718
0.368269
0.475916
0.876077
0.009872
0.699083
0.454735
0.969035
0.810050
0.933311
0.214386
0.189329
0.668311
0.835521
0.258109
0.856861
0.493592
0.309142
0.328968
0.475989
0.940353
0.071237
0.412475
0.456823
0.295549
0.060643
0.047623
0.762589
0.195069
0.575997
0.340678
0.759152
0.596656
0.472820
0.146390
0.981862
0.808948
0.783290
0.983728
0.386185
0.470084
0.916248
0.168205
0.462024
0.612897
0.377872
0.884816
0.963840
0.885297
0.876659
0.493745
0.333220
0.011375
0.563090
0.488624
0.107814
0.687886
0.249828
0.432001
0.957952
0.678407
0.179374
0.827051
0.753862
0.369048
0.591790
0.684805
0.323277
0.820192
0.006002
0.183362
0.939418
0.332674
0.197038
0.944782
0.007459
0.047730
0.932774
0.466415
0.865504
0.531106
0.153728
0.010267
0.852243
0.925368
0.636436
0.885035
0.133312
0.972474
0.895010
0.643451
0.834259
0.252350
0.938709
0.089723
0.459014
0.703089
0.229502
0.459582
0.835113
0.094429
0.158521
0.244826
0.923287
0.437713
0.391518
0.415300
0.059522
0.511325
0.500510
0.508901
0.908723
0.048619
0.303035
0.963220
0.744402
0.823250
0.845145
0.134433
0.318727
0.631181
0.984507
0.657630
0.539136
0.125944
0.222759
0.850211
0.455661
0.839318
0.890494
0.932733
0.518293
0.598621
0.764582
0.360550
0.063965
0.628467
0.878695
0.930086
0.212868
0.952954
0.028293
0.685208
0.515625
0.456824
0.547333
0.625954
0.314684
0.143649
0.293923
0.672258
0.930811
0.377449
0.795977
0.102050
0.820894
0.202423
0.717863
0.343276
0.185677
0.304408
0.678728
0.614662
0.341571
0.767106
0.118529
0.776173
0.262254
0.055444
0.926334
0.147432
0.093177
0.556346
0.646689
0.995586
0.242034
0.561800
0.915150
0.382088
0.744277
0.687818
0.666727
0.824179
0.435286
0.892597
0.355989
0.489203
0.767141
0.354084
0.842098
0.850332
0.672316
0.466800
0.564772
0.827564
0.279953
0.955178
0.678964
0.588612
0.660819
0.020119
0.859502
0.546020
0.539133
0.340731
0.636504
0.549059
0.535134
0.557283
0.404446
0.205702
0.259854
0.336887
0.360643
0.289712
0.288680
0.651958
0.692550
0.883277
0.805121
0.224499
0.639902
0.603964
0.689974
0.057182
0.820951
0.777414
0.989839
0.295014
0.317856
0.790218
0.535629
0.658494
0.772086
0.120935
0.796115
0.039224
0.626143
0.465983
0.690346
0.340054
0.064252
0.200128
0.689570
0.921462
0.225235
0.621920
0.304388
0.340865
0.380612
0.500468
0.463765
0.058075
0.657165
0.563527
0.883181
0.153806
0.124466
0.434553
0.620881
0.453946
0.925133
0.059031
0.511635
0.964504
0.281280
0.763274
0.221613
0.754563
0.519433
0.401701
0.507424
0.040191
0.494273
0.695324
0.905781
0.743567
0.407366
0.203216
0.092947
0.360484
0.880538
0.742886
0.397467
0.056958
0.296788
0.561849
0.334809
0.132656
0.828480
0.722868
0.264562
0.795075
0.868726
0.795124
0.602647
0.653272
0.825040
0.823344
0.002362
0.892178
0.653923
0.191282
0.145773
0.266149
0.262459
0.403857
0.654482
0.250929
0.801482
0.217257
0.076533
0.923478
0.169543
0.166050
0.171578
0.765280
0.154717
0.323016
0.083491
0.082458
0.901177
0.517562
0.539491
0.440226
0.810097
0.903044
0.575448
0.364198
0.002506
0.357464
0.383190
0.870612
0.689640
0.115367
0.678983
0.564697
0.740545
0.135471
0.271465
0.363611
0.605370
0.116928
0.577674
0.239534
0.166105
0.879985
0.309610
0.980748
0.836435
0.851264
0.090275
0.184525
0.032785
0.951518
0.813421
0.735253
0.375226
0.820348
0.138108
0.703904
0.457397
0.558349
0.907592
0.109283
0.728326
0.287094
0.848583
0.595685
0.857562
0.570246
0.785188
0.952982
0.481379
0.088426
0.482187
0.290714
0.447335
0.883906
0.102172
0.693582
0.753932
0.690954
0.154479
0.557464
0.410570
0.530266
0.561981
0.617682
0.181069
0.292228
0.452538
0.629008
0.804368
0.869097
0.170013
0.793591
0.163140
0.660129
0.517014
0.521668
0.271315
0.590356
0.906376
0.973034
0.823117
0.011430
0.976325
0.696664
0.759329
0.834499
0.677614
0.552786
0.403137
0.557649
0.278774
0.066705
0.661800
0.555527
0.364129
0.386701
0.717488
0.392233
0.471243
0.668757
0.098345
0.280762
0.579863
0.917367
0.758823
0.157782
0.319819
0.112363
0.457831
0.670422
0.404327
0.744046
0.627610
0.415376
0.858152
0.169660
0.820478
0.747794
0.834396
0.359779
0.621826
0.840275
0.983490
0.598891
0.464676
0.357368
0.034324
0.375491
0.584643
0.289087
0.598303
0.487493
0.346818
0.313529
0.637237
0.102667
0.462340
0.423225
0.017053
0.063959
0.218772
0.826453
0.369945
0.888586
0.472934
0.931814
0.923130
0.059500
0.917752
0.134632
0.135175
0.089351
0.327994
0.474387
0.070129
0.301106
0.327230
0.834940
0.391416
0.025906
0.585863
0.259592
0.174577
0.286964
0.565115
0.181474
0.220364
0.696911
0.443988
0.690797
0.043912
0.033262
0.106822
0.623387
0.865492
0.419859
0.101315
0.742865
0.923930
0.488237
0.795955
0.069727
0.762604
0.937983
0.238695
0.686521
0.334106
0.284939
0.034199
0.805809
0.164257
0.865490
0.175976
0.447637
0.287117
0.548487
0.874630
0.640925
0.384769
0.647360
0.868967
0.278404
0.760582
0.886689
0.269039
0.741218
0.461054
0.482401
0.107694
0.525770
0.604456
0.574760
0.339940
0.694323
0.636862
0.899488
0.069351
0.109640
0.726705
0.295409
0.261855
0.663894
0.534026
0.886843
0.765109
0.869290
0.402805
0.614942
0.144035
0.022415
0.174155
0.652946
0.899431
0.201018
0.901303
0.664108
0.208177
0.599727
0.157728
0.245115
0.233769
0.393535
0.308094
0.249218
0.549801
0.652439
0.294891
0.368019
0.713535
0.769681
0.466255
0.844713
0.860820
0.845978
0.813279
0.829328
0.377966
0.163991
0.326207
0.612623
0.673450
0.946224
0.943007
0.093438
0.426996
0.405259
0.722654
0.757513
0.961978
0.541794
0.197530
0.446650
0.767495
0.331667
0.660173
0.157282
0.309031
0.960715
0.031360
0.268402
0.903216
0.443185
0.598524
0.310836
0.306834
0.606831
0.761710
0.863120
0.168562
0.591835
0.981650
0.212922
0.421585
0.221521
0.690910
0.235954
0.035726
0.125083
0.351056
0.804553
0.200431
0.075319
0.260018
0.093121
0.548062
0.631005
0.824652
0.154259
0.445650
0.811843
0.801341
0.213823
0.849478
0.886029
0.506332
0.500995
0.819503
0.602921
0.038638
0.175608
0.290435
0.776949
0.519512
0.733859
0.275854
0.429097
0.908586
0.218818
0.695581
0.858558
0.829500
0.796896
0.740999
0.673723
0.545636
0.808184
0.076337
0.816645
0.835020
0.889044
0.586296
0.811606
0.384711
0.190859
0.363701
0.433249
0.868383
0.179927
0.649010
0.784709
0.292212
0.960126
0.622322
0.696964
0.246735
0.081466
0.865451
0.687689
0.435656
0.312761
0.686339
0.465730
0.363479
0.903444
0.981818
0.635049
0.245778
0.335439
0.230776
0.572957
0.499416
0.977918
0.303295
0.149492
0.312266
0.271842
0.959219
0.469956
0.567316
0.063023
0.030796
0.097557
0.385328
0.307042
0.849305
0.418579
0.881555
0.030997
0.417401
0.103906
0.830114
0.959463
0.251984
0.887590
0.266155
0.508386
0.752862
0.499658
0.899566
0.693187
0.088805
0.164698
0.379973
0.268189
0.054690
0.202919
0.053558
0.854584
0.433442
0.273347
0.046974
0.774308
0.308214
0.491209
0.258271
0.497182
0.399428
0.079224
0.632451
0.347997
0.155580
0.405739
0.749522
0.087442
0.485561
0.986129
0.102736
0.964099
0.085075
0.526515
0.137351
0.481533
0.353669
0.854218
0.346369
0.691678
0.417243
0.075041
0.966450
0.929429
0.430446
0.725808
0.618888
0.269258
0.723141
0.737885
0.928076
0.197597
0.735780
0.614806
0.601311
0.249207
0.742692
0.259671
0.843922
0.205282
0.944505
0.005490
0.534071
0.558889
0.397479
0.728073
0.310933
0.841822
0.886749
0.814758
0.203612
0.208046
0.112407
0.566157
0.508385
0.873660
0.484035
0.399114
0.217994
0.222469
0.374571
0.558950
0.124603
0.059686
0.504044
0.733562
0.010820
0.703317
0.265235
0.771377
0.660473
0.772214
0.496434
0.154216
0.359469
0.199579
0.602243
0.963744
0.510495
0.568426
0.845351
0.039847
0.894030
0.337971
0.325266
0.078708
0.209387
0.273245
0.041269
0.509721
0.107546
0.880162
0.845172
0.560196
0.063337
0.219642
0.035524
0.635995
0.756068
0.071555
0.261417
0.670024
0.059799
0.346029
0.895412
0.808584
0.258733
0.308939
0.627724
0.591975
0.468264
0.872877
0.925960
0.748785
0.773489
0.786158
0.816438
0.955869
0.906760
0.271925
0.966463
0.245147
0.033270
0.877538
0.995806
0.475699
0.854900
0.201264
0.705630
0.980911
0.780367
0.588134
0.292051
0.676155
0.644060
0.008340
0.588683
0.837038
0.733414
0.437961
0.859477
0.180901
0.848879
0.300338
0.212966
0.788225
0.461825
0.654204
0.326958
0.753735
0.741529
0.947654
0.025652
0.961459
0.326722
0.520970
0.428027
0.220285
0.051287
0.721097
0.647842
0.597542
0.775301
0.180523
0.554416
0.553176
0.696740
0.567196
0.253871
0.545718
0.747282
0.092976
0.999235
0.777613
0.426491
0.298420
0.132855
0.529850
0.767496
0.743300
0.776119
0.947103
0.416578
0.216371
0.851528
0.751836
0.457872
0.035049
0.114543
0.250580
0.828820
0.895921
0.323131
0.443774
0.704984
0.129583
0.039087
0.342431
0.134155
0.037022
0.566647
0.745078
0.566018
0.277616
0.841850
0.235999
0.648572
0.938343
0.013872
0.764137
0.186452
0.446779
0.752290
0.568846
0.216525
0.763125
0.888841
0.886247
0.536903
0.274462
0.697647
0.734659
0.307815
0.352584
0.444860
0.310455
0.654538
0.069530
0.729732
0.281874
0.968682
0.895919
0.698874
0.437599
0.296124
0.249617
0.470217
0.103192
0.086445
0.288442
0.751151
0.090222
0.475228
0.732507
0.796694
0.282878
0.289302
0.500542
0.820276
0.622201
0.265232
0.400722
0.955617
0.030287
0.508978
0.740181
0.759149
0.771811
0.502797
0.827751
0.345881
0.908332
0.783699
0.620300
0.047206
0.626598
0.623053
0.992473
0.368153
0.564609
0.272537
0.940012
0.077316
0.301856
0.798247
0.715119
0.980165
0.390714
0.689464
0.054630
0.972792
0.886610
0.835744
0.023738
0.937084
0.971752
0.446511
0.144572
0.180704
0.881942
0.919221
0.604460
0.128663
0.843363
0.720253
0.996872
0.692170
0.746128
0.248554
0.901927
0.951251
0.947581
0.424346
0.185506
0.938547
0.269453
0.949353
0.318096
0.272863
0.271633
0.683207
0.777935
0.204432
0.328729
0.282257
0.308231
0.263372
0.465296
0.857941
0.905245
0.784126
0.117424
0.185035
0.992201
0.169508
0.762711
0.475441
0.711957
0.087710
0.211973
0.527239
0.187304
0.015704
0.283576
0.555125
0.349064
0.476120
0.818235
0.147554
0.525689
0.206969
0.756416
0.815115
0.790038
0.771605
0.244206
0.778188
0.544992
0.098804
0.893133
0.070666
0.334527
0.150678
0.065996
0.338582
0.335186
0.781822
0.049347
0.812511
0.718165
0.481196
0.593737
0.802370
0.487697
0.605095
0.429024
0.471295
0.769398
0.113408
0.102466
0.906983
0.724686
0.332340
0.934698
0.236618
0.545395
0.676828
0.870209
0.384453
0.686982
0.288973
0.826072
0.505219
0.839132
0.570525
0.361345
0.144898
0.928492
0.415630
0.630112
0.082681
0.878407
0.563912
0.908026
0.940858
0.202988
0.795153
0.244725
0.156564
0.935013
0.248359
0.975788
0.481089
0.636021
0.965132
0.895897
0.796173
0.428519
0.996950
0.551664
0.746580
0.350283
0.166991
0.544718
0.315255
0.944060
0.600446
0.363984
0.389504
0.557086
0.615187
0.495950
0.258682
0.387247
0.852003
0.532725
0.567490
0.039716
0.896488
0.333856
0.042770
0.271775
0.051436
0.857640
0.381033
0.336228
0.729405
0.903749
0.391160
0.876514
0.691830
0.278569
0.241038
0.779883
0.527702
0.869283
0.664253
0.718833
0.477008
0.088221
0.996420
0.874706
0.519555
0.405732
0.980012
0.469604
0.297897
0.242366
0.498369
0.271789
0.575283
0.838572
0.667450
0.082819
0.869035
0.595779
0.468311
0.868738
0.391677
0.504429
0.081499
0.528940
0.393497
0.094419
0.070789
0.280311
0.269856
0.797979
0.138937
0.106078
0.885213
0.875228
0.470392
0.122577
0.406157
0.273678
0.109912
0.856797
0.632190
0.864594
0.873571
0.216042
0.391960
0.795204
0.218113
0.140809
0.732359
0.824893
0.121594
0.945023
0.488464
0.068271
0.464990
0.905033
0.675771
0.875710
0.810058
0.611118
0.206270
0.454011
0.799416
0.652456
0.582615
0.312197
0.163341
0.687972
0.777288
0.740375
0.304062
0.539932
0.936008
0.057722
0.489030
0.422630
0.257818
0.548039
0.463245
0.432532
0.471767
0.321306
0.977786
0.235577
0.246778
0.265076
0.814362
0.108262
0.304350
0.982548
0.898320
0.847191
0.541937
0.841159
0.366044
0.141929
0.378900
0.897595
0.865035
0.002628
0.489608
0.427378
0.090998
0.300630
0.943829
0.709384
0.827626
0.080278
0.309632
0.721709
0.570025
0.555841
0.936601
0.853774
0.747301
0.750748
0.297598
0.973019
0.476048
0.058235
0.967378
0.280344
0.583507
0.203923
0.520119
0.907961
0.042997
0.631375
0.970944
0.952508
0.217971
0.280985
0.426589
0.375420
0.964238
0.519108
0.576781
0.456279
0.289512
0.136362
0.702227
0.252161
0.308764
0.268944
0.820461
0.030386
0.603556
0.811409
0.682311
0.121148
0.030681
0.749942
0.986470
0.032607
0.814434
0.327221
0.736403
0.420480
0.478572
0.388549
0.133328
0.278081
0.456481
0.598292
0.213946
0.166200
0.986140
0.759591
0.206400
0.825009
0.121639
0.631845
0.819020
0.976230
0.144059
0.692029
0.591971
0.641543
0.646693
0.109478
0.652119
0.965477
0.715296
0.040348
0.508207
0.164829
0.582444
0.548357
0.620725
0.143674
0.362197
0.232380
0.764333
0.059058
0.970058
0.808534
0.478025
0.227779
0.403466
0.633080
0.148870
0.494015
0.546517
0.751044
0.400527
0.279798
0.712670
0.661239
0.030996
0.999044
0.941505
0.358270
0.760415
0.298670
0.607268
0.462328
0.676108
0.399465
0.212267
0.603663
0.587364
0.831354
0.158174
0.775618
0.287395
0.513399
0.190896
0.802224
0.147164
0.823557
0.774676
0.437454
0.889716
0.176596
0.590183
0.086255
0.090844
0.304555
0.188110
0.734991
0.870338
0.771259
0.629590
0.032711
0.748128
0.093323
0.069956
0.565941
0.283064
0.762004
0.102107
0.319074
0.352905
0.524737
0.476121
0.069823
0.908037
0.788011
0.305656
0.604022
0.296025
0.224857
0.108933
0.074923
0.538980
0.625037
0.109395
0.617210
0.902091
0.213346
0.031962
0.352635
0.042898
0.814397
0.615725
0.699376
0.722040
0.078837
0.960071
0.287058
0.404238
0.958141
0.412941
0.759510
0.922171
0.659594
0.578154
0.152699
0.226259
0.600560
0.291438
0.810208
0.032892
0.567088
0.516829
0.746821
0.016856
0.255816
0.518039
0.905385
0.096829
0.014117
0.631907
0.645460
0.034308
0.499869
0.328453
0.436390
0.126066
0.751885
0.096761
0.843323
0.510442
0.122029
0.207037
0.343102
0.742122
0.481992
0.522770
0.997769
0.704408
0.127377
0.775991
0.865992
0.929937
0.889516
0.872831
0.925742
0.469796
0.895917
0.712762
0.003148
0.988448
0.442450
0.326475
0.400039
0.841027
0.037742
0.054889
0.843153
0.005506
0.320476
0.492415
0.657463
0.561979
0.435641
0.535690
0.420265
0.523725
0.272626
0.445458
0.366395
0.490512
0.637465
0.222119
0.682676
0.496458
0.858617
0.989446
0.105022
0.417091
0.150224
0.697813
0.577750
0.159513
0.402699
0.316510
0.673927
0.033912
0.296289
0.349753
0.139928
0.064269
0.081607
0.845189
0.807942
0.582950
0.119214
0.976185
0.817610
0.231788
0.879751
0.476030
0.062142
0.097078
0.372593
0.936329
0.094649
0.195082
0.675033
0.803099
0.825565
0.127910
0.890025
0.409115
0.750167
0.598092
0.467711
0.963363
0.563692
0.427251
0.617636
0.018610
0.857256
0.015057
0.732511
0.793243
0.506958
0.216033
0.292792
0.117967
0.846708
0.742774
0.060700
0.792665
0.087490
0.435366
0.173488
0.401676
0.656237
0.500938
0.664115
0.071741
0.480010
0.728819
0.362592
0.237548
0.148775
0.252046
0.937148
0.973794
0.625296
0.853276
0.129494
0.175339
0.615230
0.722526
0.115504
0.430709
0.105783
0.757736
0.208861
0.498039
0.277686
0.670569
0.132005
0.312672
0.202876
0.705132
0.352115
0.434843
0.278385
0.503804
0.050063
0.084163
0.394244
0.541756
0.421869
0.751453
0.677878
0.501286
0.954400
0.971598
0.446818
0.542128
0.052991
0.873814
0.492596
0.639413
0.896417
0.585361
0.127446
0.174108
0.356079
0.485572
0.777676
0.860228
0.428100
0.519980
0.388102
0.639829
0.310061
0.667434
0.205196
0.553212
0.413659
0.881039
0.686261
0.152489
0.380247
0.118351
0.501072
0.048003
0.182088
0.955949
0.873524
0.607307
0.506599
0.813807
0.485716
0.035630
0.676629
0.358023
0.826765
0.596927
0.934098
0.615737
0.314107
0.049690
0.068632
0.929336
0.706062
0.607294
0.403000
0.851481
0.830300
0.446532
0.333596
0.487681
0.402357
0.709533
0.981431
0.725889
0.739461
0.724864
0.536169
0.146461
0.385273
0.136583
0.306152
0.621106
0.557360
0.520328
0.038687
0.423678
0.777714
0.800352
0.199481
0.872759
0.022833
0.199456
0.534354
0.687228
0.068831
0.065886
0.551262
0.489179
0.853079
0.660019
0.711396
0.658516
0.430675
0.953536
0.994406
0.501999
0.384710
0.721180
0.478625
0.714969
0.126277
0.388372
0.260953
0.201861
0.775348
0.356933
0.025530
0.594309
0.988142
0.158049
0.182714
0.422182
0.041116
0.990240
0.551614
0.809526
0.406094
0.876105
0.096492
0.286831
0.274727
0.122831
0.279926
0.633282
0.692098
0.477140
0.928497
0.434274
0.926943
0.727037
0.368758
0.904030
0.087194
0.593592
0.465987
0.671136
0.041037
0.071143
0.553291
0.143449
0.041832
0.580780
0.276306
0.292360
0.805443
0.988591
0.785447
0.555842
0.735907
0.967676
0.404400
0.933020
0.734158
0.034013
0.795503
0.404941
0.108471
0.715305
0.369513
0.788566
0.197490
0.495404
0.373063
0.032141
0.939574
0.862975
0.090215
0.355689
0.907648
0.851903
0.257712
0.392459
0.767901
0.934465
0.193995
0.505162
0.314193
0.980477
0.841243
0.440605
0.637822
0.862100
0.713610
0.700990
0.683756
0.222455
0.413602
0.999313
0.848184
0.166105
0.437000
0.526806
0.926468
0.322200
0.433712
0.885676
0.022644
0.699859
0.160972
0.370966
0.988439
0.245341
0.274135
0.058517
0.937552
0.438707
0.801029
0.155900
0.855145
0.972841
0.075031
0.380861
0.628337
0.550677
0.730600
0.375257
0.904970
0.549813
0.748145
0.266422
0.349085
0.341988
0.862573
0.424034
0.515218
0.944338
0.795614
0.997543
0.982436
0.618440
0.844448
0.272320
0.454725
0.641678
0.451100
0.864328
0.488158
0.545796
0.315561
0.942470
0.697829
0.363131
0.712334
0.480784
0.938700
0.227992
0.470734
0.002430
0.863755
0.856405
0.114396
0.683575
0.618748
0.951511
0.189353
0.384655
0.523573
0.355734
0.592086
0.312557
0.563265
0.367496
0.722277
0.280439
0.123730
0.055102
0.497525
0.909556
0.774705
0.800172
0.381125
0.643715
0.250725
0.776787
0.775636
0.952915
0.195055
0.380880
0.845392
0.966253
0.405847
0.950065
0.455440
0.670142
0.312073
0.811544
0.592490
0.457911
0.371980
0.041283
0.989106
0.739534
0.051539
0.259586
0.564202
0.581002
0.636299
0.696618
0.563494
0.303970
0.348560
0.178359
0.510204
0.047013
0.183300
0.072710
0.320434
0.676113
0.500930
0.732848
0.495189
0.886868
0.291897
0.137981
0.452263
0.914071
0.086241
0.989931
0.820785
0.052574
0.758459
0.128810
0.388162
0.090104
0.871925
0.105704
0.096852
0.198546
0.224441
0.839858
0.754625
0.562312
0.763601
0.409373
0.398906
0.825068
0.012891
0.016690
0.479882
0.890226
0.422070
0.543974
0.369293
0.844294
0.072434
0.801489
0.317419
0.210107
0.733004
0.678638
0.759401
0.850852
0.290412
0.958983
0.187699
0.904243
0.835853
0.255414
0.268598
0.944559
0.568723
0.479865
0.080038
0.260882
0.909679
0.775592
0.612718
0.861937
0.656438
0.122806
0.818037
0.527479
0.373614
0.766270
0.550831
0.426128
0.802681
0.513840
0.772298
0.309744
0.588326
0.297353
0.113675
0.921521
0.831268
0.573198
0.603154
0.662520
0.542364
0.242449
0.510512
0.939789
0.245501
0.284846
0.333920
0.455844
0.373428
0.894097
0.143360
0.528265
0.447046
0.162796
0.491688
0.680590
0.909614
0.554520
0.828395
0.099461
0.097212
0.200938
0.707982
0.282884
0.719362
0.327566
0.714014
0.532271
0.061978
0.619433
0.045591
0.885066
0.431301
0.535778
0.493416
0.210767
0.264004
0.340891
0.410675
0.363248
0.326416
0.978485
0.336739
0.405741
0.115409
0.843396
0.720790
0.707591
0.414902
0.632576
0.513635
0.407015
0.024454
0.845046
0.029700
0.891222
0.388783
0.377112
0.941892
0.161272
0.757352
0.176067
0.558922
0.617265
0.988846
0.896146
0.881025
0.860556
0.193254
0.189663
0.553676
0.800771
0.440646
0.081144
0.691983
0.960775
0.236061
0.151642
0.067482
0.473379
0.699293
0.015135
0.004952
0.487496
0.341028
0.231455
0.184869
0.473346
0.296444
0.975185
0.776941
0.207961
0.277239
0.993677
0.815731
0.802156
0.605399
0.838073
0.579184
0.313715
0.378832
0.659058
0.037609
0.891181
0.331394
0.816007
0.031582
0.667393
0.638482
0.868151
0.023707
0.227978
0.994141
0.584977
0.597280
0.420174
0.565939
0.238131
0.874736
0.841558
0.098399
0.597820
0.965128
0.903043
0.772550
0.654791
0.171683
0.039557
0.585804
0.697336
0.981197
0.135481
0.749489
0.986825
0.784404
0.527510
0.027393
0.061763
0.542615
0.079347
0.283046
0.748358
0.407417
0.621526
0.851231
0.025672
0.037963
0.893669
0.394611
0.168322
0.449610
0.690413
0.703255
0.423844
0.808038
0.917713
0.606128
0.151621
0.278533
0.231913
0.811911
0.803908
0.709256
0.925173
0.713600
0.737170
0.412769
0.099961
0.968361
0.145543
0.189074
0.351451
0.101806
0.871736
0.067381
0.355976
0.444020
0.609760
0.328732
0.698966
0.952756
0.626141
0.487693
0.016974
0.845874
0.321295
0.073236
0.172101
0.488459
0.381756
0.755723
0.616855
0.557492
0.260369
0.351955
0.783814
0.645459
0.010314
0.221314
0.984518
0.029875
0.007076
0.995280
0.710126
0.304131
0.658972
0.396577
0.973520
0.771221
0.342395
0.273761
0.546644
0.390099
0.435116
0.057494
0.052793
0.438414
0.564311
0.525738
0.342928
0.828226
0.061831
0.420580
0.686481
0.955492
0.825789
0.697905
0.855965
0.461426
0.445030
0.605266
0.293283
0.075584
0.843313
0.700393
0.373175
0.647180
0.057120
0.154190
0.281726
0.262725
0.960464
0.273835
0.708327
0.313941
0.099701
0.163849
0.207602
0.198717
0.780489
0.580562
0.570387
0.797710
0.559161
0.577102
0.493358
0.617631
0.405078
0.965438
0.445789
0.785906
0.514141
0.406783
0.386535
0.536771
0.733515
0.284017
0.418768
0.171229
0.392718
0.096190
0.915400
0.287875
0.287164
0.866597
0.982350
0.562564
0.309768
0.877526
0.524728
0.056042
0.628707
0.576386
0.864240
0.613032
0.141342
0.863341
0.843237
0.906341
0.643800
0.528407
0.207327
0.207180
0.612992
0.698856
0.646496
0.519253
0.744813
0.862898
0.103650
0.899830
0.392876
0.914515
0.535162
0.066080
0.442062
0.512895
0.483643
0.818480
0.988060
0.648427
0.148226
0.834140
0.707422
0.170287
0.709131
0.529240
0.143826
0.157375
0.874494
0.359057
0.128464
0.638080
0.908990
0.123082
0.440892
0.502812
0.012829
0.937628
0.018242
0.458718
0.130563
0.004820
0.874335
0.984839
0.162744
0.479769
0.406611
0.129225
0.757842
0.561530
0.380614
0.302387
0.301731
0.711671
0.193432
0.353580
0.369127
0.050238
0.555460
0.041880
0.524284
0.764844
0.692278
0.641125
0.272281
0.676506
0.175517
0.939401
0.779846
0.176872
0.335235
0.136974
0.364897
0.936177
0.600488
0.422942
0.153004
0.289699
0.445142
0.866263
0.719610
0.861821
0.690153
0.221559
0.279026
0.959966
0.711108
0.588756
0.391466
0.853563
0.521995
0.327293
0.381414
0.393371
0.326373
0.193695
0.384719
0.280777
0.940291
0.313488
0.155435
0.781262
0.664589
0.016965
0.500547
0.016714
0.806378
0.949670
0.302661
0.252594
0.881322
0.633493
0.915176
0.512503
0.752449
0.208400
0.946332
0.458135
0.932096
0.567500
0.809534
0.930001
0.267568
0.133566
0.425940
0.876229
0.196498
0.971598
0.187000
0.234845
0.064728
0.632329
0.081715
0.670665
0.189902
0.652860
0.174996
0.001618
0.891656
0.064484
0.595750
0.641137
0.730082
0.869927
0.609105
0.002404
0.255651
0.533247
0.256317
0.485516
0.405485
0.089820
0.545053
0.438049
0.934142
0.030519
0.155480
0.240589
0.265177
0.376568
0.534362
0.928339
0.637749
0.057445
0.817397
0.384152
0.317478
0.285866
0.033620
0.102835
0.781518
0.027609
0.085788
0.666303
0.685015
0.060922
0.195269
0.828490
0.002585
0.665486
0.273819
0.291471
0.118448
0.564251
0.509489
0.773220
0.838929
0.736785
0.598238
0.595210
0.019348
0.738624
0.332176
0.136456
0.853963
0.790094
0.781871
0.850969
0.164698
0.467489
0.243200
0.978294
0.455600
0.150780
0.414670
0.302034
0.961236
0.501090
0.432053
0.648185
0.716019
0.188321
0.213295
0.942518
0.287346
0.629169
0.904688
0.352193
0.649771
0.877341
0.712763
0.968785
0.803453
0.514532
0.245756
0.904698
0.652921
0.890327
0.161011
0.188844
0.028861
0.553888
0.954666
0.185984
0.144849
0.896568
0.468275
0.012260
0.493721
0.803297
0.001770
0.771523
0.886902
0.397127
0.987981
0.946818
0.879307
0.395191
0.222715
0.611805
0.978494
0.299649
0.674411
0.800636
0.258012
0.982348
0.484385
0.523446
0.151334
0.529643
0.774701
0.029637
0.336495
0.571323
0.215051
0.602864
0.696363
0.286316
0.668797
0.880264
0.991108
0.653763
0.894295
0.493155
0.165568
0.081404
0.770777
0.155997
0.364268
0.808668
0.444928
0.722889
0.892229
0.448376
0.548533
0.583745
0.363660
0.932065
0.159560
0.092390
0.368262
0.177242
0.706070
0.872345
0.573138
0.952696
0.828667
0.308623
0.606192
0.116657
0.403785
0.640388
0.344964
0.313250
0.114926
0.764185
0.795907
0.990325
0.066848
0.444315
0.197491
0.636275
0.940255
0.518953
0.842704
0.298713
0.850385
0.160140
0.590650
0.852347
0.717457
0.174788
0.743275
0.219867
0.192459
0.963432
0.693584
0.645188
0.667500
0.434281
0.220119
0.484631
0.091917
0.112087
0.894533
0.364348
0.216452
0.703866
0.592510
0.481871
0.797943
0.665179
0.532543
0.570694
0.562704
0.139705
0.513503
0.348288
0.491748
0.168613
0.653827
0.113365
0.945615
0.041581
0.947577
0.515234
0.278099
0.204524
0.512598
0.088987
0.930823
0.475638
0.602399
0.121395
0.385478
0.536320
0.046938
0.204849
0.155450
0.451129
0.960782
0.855567
0.898436
0.384999
0.664748
0.957387
0.448083
0.889422
0.085294
0.167676
0.614275
0.144790
0.373073
0.645716
0.053840
0.005345
0.488102
0.379070
0.728507
0.587428
0.576104
0.567111
0.854025
0.571562
0.572476
0.034527
0.009566
0.314294
0.752861
0.787223
0.972795
0.855957
0.460016
0.868808
0.923079
0.894387
0.705105
0.642470
0.009940
0.810156
0.419028
0.009495
0.809551
0.773539
0.139221
0.615444
0.329320
0.344089
0.604580
0.505732
0.706606
0.656509
0.012839
0.426327
0.366666
0.247121
0.409660
0.958923
0.738011
0.648543
0.337690
0.104180
0.798388
0.510607
0.409447
0.936781
0.166485
0.996704
0.984681
0.441674
0.634724
0.469800
0.657101
0.976102
0.225874
0.793731
0.485429
0.595154
0.865971
0.314896
0.959567
0.322426
0.710557
0.498406
0.866473
0.669157
0.199743
0.121564
0.725780
0.116284
0.006018
0.586356
0.188131
0.920331
0.680111
0.620672
0.037267
0.515978
0.794318
0.073941
0.689462
0.730403
0.576166
0.464977
0.742493
0.245881
0.061759
0.055329
0.264037
0.731212
0.867991
0.757408
0.621448
0.277020
0.273318
0.759088
0.408205
0.416987
0.942180
0.081138
0.005803
0.783210
0.659524
0.965549
0.794297
0.249937
0.736986
0.215988
0.672609
0.171302
0.486208
0.929958
0.225684
0.654885
0.548871
0.138787
0.355867
0.858123
0.946148
0.228840
0.928878
0.407050
0.027641
0.787156
0.840410
0.559443
0.923912
0.188258
0.929819
0.744262
0.546533
0.416757
0.316421
0.167867
0.341278
0.762575
0.647254
0.080762
0.136570
0.201386
0.480508
0.826776
0.090384
0.911053
0.815624
0.464419
0.521140
0.013394
0.770643
0.556506
0.705356
0.667092
0.423072
0.902559
0.477234
0.078732
0.117375
0.756693
0.910425
0.211103
0.517213
0.383778
0.783917
0.426506
0.682606
0.095269
0.013636
0.342984
0.492048
0.844005
0.396556
0.747285
0.239818
0.699829
0.790026
0.803884
0.823867
0.464709
0.207002
0.437458
0.126041
0.191156
0.016722
0.919370
0.172274
0.549571
0.815360
0.238804
0.065916
0.941421
0.184710
0.027379
0.304403
0.803071
0.148150
0.982997
0.632137
0.001139
0.118077
0.114227
0.436190
0.130342
0.510595
0.520131
0.664108
0.419195
0.281333
0.010730
0.314036
0.092300
0.757466
0.948404
0.618085
0.179318
0.448986
0.397888
0.683406
0.883446
0.707309
0.768977
0.567127
0.694122
0.148822
0.737851
0.707981
0.151889
0.709114
0.565563
0.408093
0.734368
0.871436
0.080796
0.413622
0.152047
0.398345
0.252678
0.765522
0.826387
0.463315
0.502096
0.335990
0.610104
0.150996
0.849545
0.108587
0.524609
0.389380
0.696603
0.248844
0.290743
0.559730
0.118500
0.717470
0.558913
0.663165
0.998068
0.142057
0.580774
0.415342
0.257299
0.349318
0.668071
0.198860
0.801717
0.504133
0.451218
0.179725
0.154115
0.761608
0.960783
0.139296
0.046669
0.443501
0.924017
0.783204
0.502042
0.652092
0.894866
0.357445
0.062380
0.256083
0.652988
0.769499
0.326807
0.069593
0.432909
0.816354
0.699485
0.713659
0.430721
0.345811
0.206945
0.938847
0.619234
0.803475
0.250381
0.608268
0.354089
0.773402
0.660035
0.025121
0.728289
0.230145
0.218601
0.942387
0.020638
0.755753
0.831707
0.440790
0.258595
0.205554
0.518493
0.602867
0.486540
0.046807
0.755916
0.666110
0.389188
0.956809
0.177928
0.398609
0.793942
0.410968
0.055612
0.020312
0.076955
0.872781
0.076722
0.977684
0.671443
0.319484
0.022248
0.576782
0.753607
0.999219
0.682157
0.369119
0.526071
0.364495
0.550656
0.667408
0.580006
0.706171
0.140477
0.717788
0.078542
0.312474
0.412655
0.366349
0.433354
0.486053
0.449407
0.197860
0.945721
0.002966
0.828355
0.682308
0.239275
0.921757
0.771735
0.100987
0.145109
0.926443
0.238439
0.621023
0.916094
0.789026
0.253690
0.699900
0.885826
0.286809
0.593801
0.806056
0.072644
0.025814
0.984317
0.686355
0.118973
0.669470
0.360752
0.966081
0.693691
0.913737
0.973263
0.774313
0.147361
0.095118
0.790589
0.310731
0.358611
0.272694
0.234343
0.445034
0.140563
0.242248
0.821667
0.624687
0.069211
0.769608
0.240970
0.790207
0.665821
0.968174
0.270184
0.811054
0.511616
0.585741
0.166987
0.982529
0.328790
0.948664
0.722747
0.610202
0.544912
0.674382
0.442671
0.070089
0.320224
0.290575
0.769343
0.309083
0.895779
0.671736
0.240602
0.551706
0.085618
0.349722
0.909709
0.438700
0.443573
0.198645
0.559847
0.544808
0.474462
0.707951
0.629161
0.733720
0.104409
0.809362
0.599326
0.305731
0.584168
0.328788
0.771766
0.998394
0.165503
0.205843
0.102475
0.404282
0.090870
0.320223
0.439366
0.986751
0.982603
0.542147
0.315253
0.990146
0.155204
0.486115
0.214253
0.962718
0.233581
0.693271
0.128269
0.318238
0.005830
0.944388
0.541423
0.257132
0.420304
0.256357
0.871264
0.023316
0.036828
0.530621
0.613126
0.883752
0.028657
0.789482
0.094378
0.551171
0.707283
0.489790
0.074071
0.115246
0.693134
0.374300
0.505618
0.664465
0.702251
0.086895
0.309924
0.852736
0.867665
0.013614
0.037637
0.045756
0.703957
0.238841
0.994866
0.648851
0.878381
0.643525
0.789389
0.718512
0.730462
0.085388
0.955793
0.364376
0.826804
0.652071
0.329465
0.298911
0.326196
0.576181
0.261329
0.652421
0.623446
0.752372
0.557841
0.976928
0.934655
0.653765
0.763163
0.771667
0.462102
0.858056
0.001502
0.604761
0.548194
0.459215
0.105303
0.631626
0.294122
0.252343
0.066855
0.343840
0.213251
0.177387
0.473676
0.467942
0.329738
0.829407
0.388078
0.988683
0.171507
0.673030
0.084096
0.134647
0.280036
0.517771
0.995467
0.346592
0.338349
0.946888
0.600947
0.682890
0.958442
0.170208
0.581612
0.906684
0.459675
0.662626
0.342018
0.672053
0.984601
0.223247
0.665643
0.479986
0.646478
0.560822
0.256770
0.529228
0.676331
0.291649
0.947030
0.534315
0.063791
0.485466
0.265895
0.236966
0.776817
0.569276
0.600369
0.583422
0.346457
0.001337
0.619348
0.686772
0.444519
0.457601
0.691298
0.219340
0.828877
0.177278
0.468164
0.187213
0.932275
0.236634
0.291151
0.200154
0.909236
0.050864
0.852143
0.860618
0.599846
0.830370
0.234165
0.422380
0.820900
0.574105
0.781134
0.001211
0.340698
0.799894
0.796021
0.617881
0.754549
0.467765
0.031946
0.900147
0.159065
0.622107
0.876206
0.219759
0.664268
0.383560
0.696010
0.169275
0.507366
0.080580
0.539144
0.039889
0.199222
0.088931
0.394760
0.215576
0.086842
0.207334
0.010262
0.192751
0.029666
0.048253
0.430276
0.232092
0.125768
0.670438
0.433111
0.085974
0.381986
0.777288
0.958076
0.878776
0.679902
0.802067
0.872370
0.277477
0.862054
0.694364
0.557025
0.728065
0.248833
0.605273
0.195033
0.572353
0.629634
0.882179
0.328161
0.545078
0.969671
0.064985
0.578279
0.899632
0.688691
0.208331
0.879840
0.561251
0.836064
0.919827
0.477497
0.269778
0.479363
0.630594
0.250923
0.082770
0.795750
0.726142
0.941634
0.468302
0.097014
0.234618
0.986807
0.051611
0.203944
0.564176
0.185510
0.089091
0.322158
0.617218
0.214973
0.547029
0.952575
0.098658
0.319946
0.053054
0.222229
0.637527
0.667261
0.679290
0.656937
0.912097
0.100509
0.893422
0.382041
0.311263
0.165460
0.884981
0.561604
0.078887
0.484411
0.818544
0.834439
0.720041
0.124861
0.284650
0.326439
0.841896
0.682521
0.886250
0.496050
0.248049
0.137275
0.508630
0.571365
0.990509
0.259699
0.540845
0.365174
0.242646
0.670580
0.235764
0.995017
0.120139
0.671596
0.274555
0.909774
0.323314
0.366231
0.622361
0.037726
0.378034
0.429790
0.279719
0.963151
0.035115
0.329213
0.825107
0.433285
0.568781
0.859577
0.656272
0.053305
0.358211
0.186794
0.941733
0.586709
0.605164
0.155958
0.031061
0.419121
0.744206
0.542986
0.907143
0.526758
0.246147
0.153316
0.331268
0.012431
0.852964
0.774975
0.190298
0.212219
0.863506
0.902990
0.933715
0.549627
0.010275
0.905874
0.538542
0.220025
0.622231
0.800424
0.485060
0.159932
0.597155
0.544963
0.511147
0.311001
0.947084
0.619748
0.354896
0.379543
0.115728
0.612201
0.132742
0.055592
0.478795
0.398662
0.944493
0.161811
0.554606
0.758100
0.679909
0.607197
0.898137
0.670148
0.928432
0.213212
0.898322
0.053145
0.390566
0.834728
0.014727
0.060040
0.954602
0.323312
0.190831
0.652801
0.755925
0.368828
0.379652
0.760666
0.370047
0.434047
0.472259
0.744706
0.018627
0.677669
0.387124
0.850748
0.175866
0.989556
0.161014
0.153989
0.558310
0.068550
0.380122
0.860458
0.643891
0.622426
0.050049
0.520767
0.997225
0.510519
0.668585
0.377988
0.851078
0.465656
0.026501
0.970660
0.103618
0.391034
0.605978
0.860188
0.804561
0.331729
0.908112
0.674811
0.909474
0.756188
0.951154
0.144821
0.841060
0.671145
0.417755
0.640164
0.891849
0.239302
0.667180
0.465655
0.588806
0.612365
0.289087
0.483911
0.593353
0.756717
0.077421
0.044105
0.978421
0.493553
0.811760
0.827793
0.677489
0.142375
0.911421
0.572325
0.581147
0.123621
0.783818
0.298570
0.128418
0.204329
0.229207
0.112631
0.938593
0.555999
0.841828
0.940280
0.112318
0.216564
0.512432
0.116838
0.527633
0.423195
0.485976
0.132018
0.918894
0.608556
0.354340
0.416542
0.577359
0.863614
0.807787
0.861784
0.396708
0.582765
0.167830
0.151617
0.121948
0.774234
0.962306
0.432544
0.384850
0.576775
0.161959
0.689135
0.434091
0.543666
0.804519
0.370977
0.826117
0.892078
0.512009
0.638637
0.338080
0.559744
0.831446
0.472478
0.523195
0.435508
0.166841
0.092138
0.849917
0.644208
0.636807
0.547810
0.869507
0.362121
0.099509
0.208476
0.133794
0.144194
0.494297
0.537396
0.350198
0.469826
0.013201
0.221550
0.900036
0.706108
0.438475
0.228562
0.166403
0.476357
0.564367
0.880728
0.099092
0.772179
0.308921
0.849154
0.987263
0.808193
0.058443
0.229149
0.089396
0.573296
0.663774
0.317755
0.579308
0.248799
0.310890
0.491870
0.373918
0.843968
0.252913
0.906342
0.901668
0.730109
0.947327
0.680749
0.510968
0.656077
0.868996
0.515544
0.188200
0.706418
0.841330
0.326689
0.909298
0.657788
0.866243
0.675750
0.563994
0.923884
0.657027
0.522311
0.915810
0.612351
0.452275
0.769160
0.863819
0.991621
0.575937
0.199348
0.896142
0.458692
0.017513
0.818440
0.533957
0.971885
0.243535
0.274997
0.894167
0.161585
0.269549
0.507009
0.806476
0.237111
0.770843
0.980198
0.935935
0.383845
0.786614
0.884023
0.736369
0.090613
0.269899
0.330254
0.116803
0.496379
0.794651
0.464022
0.187094
0.115505
0.889260
0.314417
0.277526
0.644084
0.506742
0.156723
0.438936
0.902940
0.646747
0.966038
0.335799
0.506473
0.241495
0.656839
0.777196
0.716035
0.531452
0.028580
0.194235
0.031577
0.758751
0.586838
0.193623
0.769860
0.365572
0.455254
0.594027
0.780033
0.816333
0.817437
0.204573
0.150676
0.778952
0.471252
0.325499
0.593455
0.860799
0.991175
0.753298
0.959083
0.355252
0.387519
0.842526
0.097067
0.018039
0.343777
0.221335
0.042057
0.558496
0.783691
0.557280
0.061220
0.146270
0.456068
0.725376
0.677843
0.442264
0.075333
0.914992
0.879813
0.654403
0.576083
0.121077
0.795481
0.381141
0.846761
0.765442
0.375815
0.072928
0.626556
0.474179
0.747225
0.145065
0.665759
0.558598
0.814932
0.992397
0.957331
0.191867
0.307418
0.562026
0.400151
0.496331
0.398167
0.956281
0.315335
0.533737
0.445399
0.783116
0.328699
0.970384
0.612371
0.210374
0.386551
0.841784
0.512794
0.776266
0.579983
0.408756
0.645069
0.870122
0.615061
0.542743
0.797061
0.131003
0.642866
0.038399
0.615718
0.070186
0.823529
0.783718
0.923436
0.556429
0.870917
0.051621
0.640222
0.007205
0.447600
0.463379
0.336460
0.598134
0.050538
0.236852
0.728904
0.477178
0.953514
0.416162
0.060012
0.087069
0.218836
0.301386
0.220310
0.543050
0.233833
0.595742
0.121338
0.664482
0.002195
0.874468
0.874099
0.346025
0.470508
0.286692
0.429801
0.401790
0.800207
0.533618
0.885926
0.795809
0.117590
0.649576
0.525122
0.052838
0.162133
0.145265
0.945635
0.940390
0.287747
0.274883
0.452651
0.838303
0.694213
0.352818
0.037204
0.225201
0.927317
0.885038
0.084728
0.868036
0.796144
0.180995
0.974809
0.604362
0.733958
0.881359
0.487462
0.356951
0.453755
0.454759
0.684001
0.563456
0.809073
0.084213
0.431306
0.683641
0.212350
0.054434
0.970403
0.553654
0.543986
0.759698
0.861531
0.078163
0.321407
0.945552
0.970470
0.121247
0.214447
0.865097
0.081280
0.306544
0.876306
0.432773
0.649770
0.144514
0.202398
0.377923
0.555116
0.144310
0.586424
0.191651
0.603869
0.061583
0.676979
0.599767
0.615017
0.699944
0.571443
0.330304
0.025329
0.788338
0.948631
0.446280
0.943554
0.761436
0.328897
0.025030
0.027451
0.184624
0.560698
0.948455
0.520480
0.295190
0.725955
0.159631
0.561310
0.429930
0.502308
0.498043
0.749278
0.026321
0.547150
0.877736
0.927274
0.516390
0.714356
0.771251
0.729194
0.672944
0.777225
0.030622
0.365591
0.257405
0.317293
0.760039
0.106080
0.894363
0.414466
0.170045
0.412782
0.744335
0.714959
0.929145
0.621892
0.344132
0.194878
0.996325
0.631481
0.061672
0.923093
0.199639
0.387958
0.393725
0.161242
0.026436
0.960996
0.292749
0.134182
0.236132
0.031153
0.111167
0.533565
0.695060
0.294281
0.413502
0.662189
0.384909
0.204896
0.941232
0.828666
0.143610
0.964153
0.580966
0.011268
0.574101
0.518406
0.239890
0.636554
0.587909
0.617470
0.576113
0.881901
0.544657
0.717921
0.365490
0.890012
0.384756
0.470658
0.757333
0.466007
0.932215
0.952624
0.422719
0.861243
0.740821
0.173365
0.821270
0.389373
0.965093
0.175773
0.992674
0.485632
0.424304
0.459159
0.951926
0.135377
0.882522
0.168065
0.263458
0.947671
0.850561
0.433095
0.566854
0.728276
0.609804
0.325546
0.900482
0.767764
0.517362
0.735626
0.840963
0.867453
0.753493
0.228387
0.764252
0.901135
0.963702
0.930728
0.503868
0.585818
0.599789
0.099625
0.195695
0.601228
0.218078
0.293249
0.065903
0.856171
0.513217
0.574501
0.045133
0.009992
0.087895
0.716408
0.630861
0.388660
0.940252
0.731280
0.920841
0.616113
0.621124
0.725008
0.800177
0.150545
0.123974
0.083491
0.276654
0.869755
0.644633
0.563323
0.863721
0.896334
0.630878
0.201254
0.945408
0.358550
0.450537
0.028770
0.506542
0.221925
0.879903
0.815950
0.556056
0.034564
0.462722
0.143381
0.638822
0.350739
0.046316
0.667682
0.947086
0.035658
0.070130
0.894736
0.678010
0.022896
0.989471
0.979078
0.207452
0.667133
0.761683
0.136402
0.677485
0.490340
0.223580
0.281698
0.338505
0.100764
0.239686
0.315101
0.105334
0.721406
0.414488
0.382875
0.736485
0.308267
0.324299
0.987695
0.829719
0.487630
0.443091
0.541062
0.744935
0.674989
0.191168
0.105755
0.964003
0.043726
0.727358
0.416794
0.419940
0.637036
0.807535
0.778852
0.665227
0.618472
0.240080
0.084160
0.388425
0.551289
0.349147
0.679882
0.763734
0.909820
0.498308
0.324171
0.260772
0.842709
0.891033
0.426610
0.229621
0.221911
0.733066
0.576714
0.483840
0.277049
0.769679
0.163293
0.953420
0.794737
0.474300
0.301797
0.789020
0.979536
0.712425
0.174615
0.133833
0.259036
0.906130
0.093545
0.502263
0.561328
0.121846
0.691337
0.724493
0.999601
0.561346
0.701968
0.939072
0.425470
0.788658
0.092943
0.894694
0.529502
0.231705
0.147745
0.907250
0.002832
0.786174
0.477237
0.305695
0.765815
0.371952
0.364353
0.983764
0.315926
0.372561
0.050211
0.194624
0.354303
0.770604
0.269581
0.719378
0.884738
0.394163
0.991692
0.792203
0.916044
0.849406
0.855032
0.255760
0.573677
0.943884
0.373131
0.478436
0.283379
0.635992
0.787494
0.014584
0.532425
0.883123
0.343591
0.302087
0.455597
0.230623
0.140038
0.136699
0.905965
0.283997
0.158346
0.055196
0.136658
0.458037
0.213532
0.211734
0.480246
0.890560
0.701683
0.003071
0.317785
0.359272
0.970755
0.544573
0.889937
0.333509
0.951389
0.623121
0.437139
0.235950
0.385547
0.754925
0.443397
0.062313
0.347039
0.302561
0.186860
0.110909
0.008516
0.899800
0.017485
0.781984
0.257620
0.885480
0.044578
0.714128
0.268520
0.545952
0.841009
0.598669
0.696164
0.243908
0.082117
0.441819
0.465735
0.300469
0.320603
0.089007
0.099965
0.675468
0.548410
0.169131
0.067344
0.232439
0.366530
0.112674
0.384590
0.901884
0.136768
0.323301
0.790929
0.387216
0.948330
0.385792
0.588325
0.758019
0.728464
0.244203
0.053418
0.207085
0.851514
0.624854
0.250801
0.320330
0.755162
0.573105
0.674962
0.128208
0.816393
0.456575
0.215482
0.226530
0.142097
0.218062
0.257382
0.923502
0.418893
0.268572
0.810328
0.284945
0.081962
0.345751
0.405867
0.504701
0.200640
0.748991
0.344342
0.162464
0.646312
0.844663
0.930357
0.884109
0.671831
0.030236
0.559866
0.974191
0.466871
0.793427
0.349583
0.827642
0.895342
0.112660
0.101384
0.975797
0.413479
0.650677
0.426011
0.405553
0.414263
0.598574
0.201248
0.281283
0.358484
0.159217
0.083942
0.165775
0.307484
0.715210
0.641124
0.594286
0.749232
0.327384
0.905816
0.017131
0.149196
0.147199
0.625123
0.350221
0.810885
0.314345
0.463274
0.115736
0.608107
0.334942
0.496467
0.419518
0.771148
0.603706
0.019822
0.097666
0.350885
0.624682
0.244188
0.618849
0.536556
0.501173
0.640945
0.894593
0.811830
0.979363
0.479776
0.717713
0.756804
0.737101
0.465307
0.106326
0.256953
0.876349
0.015805
0.411893
0.189223
0.793674
0.827196
0.485301
0.405611
0.528802
0.349504
0.863248
0.719790
0.509035
0.075632
0.512837
0.676579
0.672027
0.243858
0.876970
0.310195
0.537083
0.309607
0.315546
0.897866
0.854337
0.207235
0.602879
0.522288
0.361749
0.841658
0.282576
0.060823
0.463951
0.999689
0.806503
0.121828
0.778454
0.013548
0.700444
0.409032
0.609239
0.339973
0.258608
0.582808
0.063039
0.018059
0.521991
0.831191
0.449049
0.751957
0.638547
0.101677
0.449851
0.629947
0.029566
0.174658
0.643158
0.972534
0.537197
0.987664
0.035776
0.216883
0.639843
0.712536
0.259836
0.545262
0.679469
0.020948
0.815871
0.087719
0.428745
0.582138
0.738275
0.144866
0.364263
0.564797
0.238875
0.140694
0.129711
0.566386
0.358125
0.817387
0.341461
0.880840
0.447238
0.898217
0.377161
0.112156
0.116623
0.679164
0.910949
0.228529
0.236432
0.357652
0.829254
0.970790
0.955772
0.694982
0.937855
0.930363
0.732167
0.649023
0.510140
0.305960
0.917816
0.951600
0.731124
0.653852
0.841757
0.270864
0.261679
0.542783
0.036685
0.357561
0.329204
0.699237
0.687243
0.674442
0.588164
0.629540
0.596391
0.933533
0.677090
0.088832
0.473013
0.184354
0.414901
0.749560
0.804304
0.809630
0.463105
0.729456
0.579502
0.680037
0.362538
0.855814
0.937985
0.717022
0.011763
0.863731
0.107185
0.117993
0.063845
0.704442
0.628780
0.150806
0.600724
0.439122
0.621460
0.848547
0.818203
0.335916
0.143563
0.489511
0.885283
0.905447
0.469089
0.773746
0.491372
0.193755
0.318065
0.183763
0.773001
0.302129
0.750794
0.704530
0.024144
0.280667
0.180927
0.672502
0.094051
0.315847
0.842155
0.805551
0.213303
0.930683
0.287134
0.949853
0.759493
0.277297
0.256396
0.765085
0.571884
0.923348
0.352709
0.689079
0.790135
0.822604
0.637687
0.295209
0.062986
0.782213
0.949558
0.532248
0.632838
0.170559
0.762526
0.753982
0.332506
0.184840
0.780079
0.575124
0.559016
0.661122
0.609330
0.086600
0.740901
0.465257
0.405652
0.216432
0.661791
0.363781
0.832767
0.906556
0.012700
0.212243
0.251378
0.399060
0.033670
0.196150
0.349453
0.380585
0.684756
0.958041
0.251401
0.847908
0.115819
0.093806
0.205521
0.642703
0.740282
0.912064
0.634908
0.204973
0.962911
0.341669
0.454181
0.742934
0.865551
0.622861
0.082405
0.976948
0.264210
0.215342
0.422751
0.635321
0.659658
0.349067
0.805074
0.943955
0.402008
0.587659
0.493776
0.427617
0.865069
0.786298
0.017042
0.130239
0.612670
0.131251
0.363686
0.051544
0.267722
0.631873
0.781125
0.608508
0.443510
0.192324
0.675102
0.667814
0.340276
0.272988
0.313081
0.299261
0.170377
0.323864
0.945222
0.494106
0.970618
0.656418
0.527693
0.534862
0.656269
0.848387
0.832885
0.336976
0.730085
0.139028
0.901950
0.485244
0.290466
0.670893
0.000723
0.920194
0.091875
0.828344
0.616356
0.588036
0.150620
0.882027
0.136486
0.132291
0.809964
0.601135
0.414901
0.890555
0.376895
0.479555
0.098945
0.565104
0.312357
0.635435
0.697442
0.694501
0.937692
0.793073
0.648913
0.182887
0.449851
0.907626
0.025262
0.096343
0.500688
0.922477
0.814811
0.648084
0.272506
0.691178
0.481294
0.937278
0.000812
0.695035
0.624778
0.735130
0.680844
0.647338
0.181014
0.316302
0.718500
0.309005
0.713739
0.387669
0.817350
0.620551
0.678215
0.178322
0.246977
0.963573
0.183931
0.317347
0.926140
0.742557
0.051910
0.566386
0.636488
0.375476
0.061258
0.603877
0.114738
0.909129
0.096310
0.923026
0.256365
0.151990
0.747486
0.536324
0.001684
0.122069
0.265347
0.340319
0.512445
0.528085
0.019618
0.934602
0.627272
0.586596
0.846444
0.891709
0.497840
0.982352
0.372947
0.407931
0.242003
0.820416
0.255214
0.130756
0.939179
0.721908
0.843120
0.443546
0.668411
0.365772
0.353538
0.512897
0.428439
0.970823
0.875173
0.874199
0.856699
0.999457
0.297937
0.885919
0.902093
0.409692
0.333886
0.147036
0.023211
0.608233
0.623416
0.303285
0.644794
0.995809
0.369879
0.909206
0.373045
0.138326
0.059938
0.241570
0.753942
0.744004
0.569783
0.737064
0.864163
0.237620
0.964429
0.849178
0.004461
0.867507
0.626410
0.366120
0.770190
0.387872
0.230722
0.118154
0.399736
0.966330
0.666217
0.527909
0.942612
0.471748
0.113063
0.854300
0.385141
0.707451
0.366492
0.467722
0.660411
0.835692
0.565821
0.022965
0.734750
0.666714
0.083528
0.403665
0.786220
0.994579
0.462769
0.468769
0.499728
0.696650
0.395696
0.592783
0.622893
0.177837
0.413805
0.147159
0.128626
0.347545
0.741690
0.294033
0.382929
0.939180
0.845213
0.864122
0.935191
0.500909
0.204309
0.760608
0.545505
0.043287
0.551577
0.097490
0.498512
0.475062
0.954049
0.455716
0.581918
0.802748
0.063174
0.769212
0.333230
0.431932
0.424358
0.966110
0.580046
0.967295
0.902186
0.852579
0.264234
0.952199
0.941802
0.586758
0.191999
0.164792
0.124316
0.431816
0.380691
0.152797
0.279485
0.267757
0.066414
0.759687
0.459357
0.283582
0.228440
0.696339
0.440952
0.551176
0.507934
0.829571
0.875041
0.220824
0.027697
0.486392
0.914404
0.280725
0.531184
0.764213
0.492967
0.329095
0.174718
0.755587
0.663444
0.241227
0.745138
0.763888
0.483642
0.833818
0.101479
0.635419
0.240653
0.477609
0.616056
0.255048
0.859688
0.664137
0.726625
0.147146
0.624212
0.854650
0.613238
0.951318
0.971985
0.824916
0.233857
0.872547
0.685358
0.449035
0.541640
0.966531
0.993014
0.453051
0.760618
0.351397
0.595848
0.614230
0.008952
0.033977
0.744933
0.917704
0.770357
0.509314
0.979738
0.026518
0.462050
0.502233
0.896877
0.526182
0.415843
0.145273
0.202612
0.707033
0.558767
0.362923
0.816727
0.318108
0.078918
0.702368
0.874055
0.919901
0.815775
0.119459
0.217102
0.070158
0.493761
0.208518
0.415506
0.970642
0.491869
0.828275
0.183545
0.992052
0.426175
0.405647
0.415742
0.271730
0.528298
0.135270
0.214881
0.671630
0.790570
0.686432
0.460135
0.603754
0.073814
0.590158
0.541464
0.622739
0.339265
0.527086
0.177414
0.280901
0.671924
0.950112
0.216520
0.304308
0.655395
0.642689
0.399052
0.928467
0.581387
0.581554
0.299037
0.712400
0.121145
0.098446
0.571494
0.797932
0.938295
0.435167
0.863650
0.599139
0.817222
0.085824
0.900339
0.981611
0.549138
0.404156
0.583700
0.043367
0.937380
0.016857
0.138166
0.544188
0.029057
0.179491
0.238145
0.487473
0.273532
0.002989
0.454113
0.462465
0.768044
0.988333
0.691245
0.463291
0.642367
0.666679
0.443371
0.357419
0.820145
0.843062
0.685939
0.057057
0.783612
0.584555
0.048692
0.314197
0.266789
0.138271
0.177552
0.709370
0.262977
0.480257
0.973567
0.615944
0.905162
0.611809
0.913991
0.210700
0.259516
0.573178
0.068136
0.966380
0.256104
0.833417
0.541820
0.736419
0.807570
0.246179
0.163984
0.743833
0.873309
0.500724
0.684585
0.467462
0.097626
0.420895
0.922879
0.015923
0.766660
0.907290
0.200514
0.763631
0.818358
0.723627
0.447066
0.449421
0.427349
0.001159
0.181217
0.996198
0.243810
0.687874
0.675175
0.873759
0.460965
0.474775
0.201229
0.004868
0.835084
0.871408
0.957844
0.099511
0.197062
0.318386
0.870255
0.721305
0.535115
0.866380
0.671076
0.654637
0.849748
0.228981
0.875708
0.797328
0.687987
0.750266
0.282948
0.381588
0.853667
0.195528
0.432615
0.090524
0.610995
0.563579
0.940653
0.337363
0.893282
0.478761
0.381231
0.593437
0.288018
0.907068
0.389978
0.156420
0.880675
0.069939
0.089663
0.844629
0.437010
0.726756
0.878196
0.972829
0.718138
0.547989
0.829581
0.030804
0.332282
0.799456
0.623949
0.153356
0.106645
0.058150
0.397556
0.878855
0.233996
0.344545
0.464088
0.467175
0.929811
0.907684
0.452822
0.045073
0.092664
0.569555
0.407534
0.910687
0.855310
0.015450
0.334255
0.035901
0.355653
0.807772
0.040099
0.217436
0.751710
0.162078
0.005092
0.740545
0.205626
0.225343
0.031830
0.113409
0.318546
0.666211
0.253413
0.420363
0.407524
0.863490
0.399792
0.627001
0.970971
0.759720
0.349646
0.483380
0.131118
0.038257
0.674341
0.230723
0.507642
0.551043
0.029365
0.574424
0.650348
0.845814
0.705778
0.278243
0.421557
0.050711
0.930353
0.432244
0.698599
0.715654
0.530931
0.105627
0.888350
0.286886
0.467446
0.604671
0.480731
0.617146
0.495535
0.289662
0.485125
0.061163
0.576874
0.471239
0.908118
0.656694
0.698439
0.898939
0.555188
0.386109
0.803834
0.099848
0.532130
0.403377
0.787503
0.134869
0.840124
0.105976
0.842744
0.259957
0.904427
0.350261
0.194685
0.540095
0.550442
0.630734
0.869163
0.429420
0.689094
0.456666
0.049181
0.950783
0.439581
0.111025
0.825556
0.865508
0.792104
0.723503
0.252587
0.587060
0.683367
0.747865
0.240104
0.762775
0.057753
0.229392
0.538943
0.112353
0.448072
0.265857
0.168499
0.191357
0.709646
0.999588
0.775105
0.147713
0.955029
0.882421
0.453144
0.898911
0.685508
0.492862
0.283290
0.601176
0.618310
0.377980
0.692435
0.167825
0.330497
0.373271
0.587730
0.265027
0.444272
0.113261
0.104779
0.746457
0.572898
0.584387
0.701256
0.445335
0.337853
0.049850
0.857758
0.419083
0.708995
0.562863
0.875240
0.918403
0.260274
0.008804
0.412336
0.043857
0.270607
0.716295
0.637692
0.257813
0.326380
0.549645
0.005240
0.871500
0.139190
0.047201
0.939438
0.543499
0.917160
0.968225
0.559652
0.659586
0.104595
0.030499
0.317141
0.650824
0.714007
0.996918
0.075088
0.518175
0.444514
0.546208
0.164595
0.722896
0.236143
0.844340
0.901816
0.562215
0.822295
0.832200
0.480026
0.053396
0.981119
0.234218
0.253435
0.304503
0.866265
0.053634
0.827313
0.449942
0.630663
0.094251
0.853205
0.300184
0.202872
0.186322
0.712866
0.209567
0.990177
0.505793
0.745472
0.849615
0.468874
0.480583
0.137528
0.118127
0.379981
0.453858
0.033024
0.581125
0.924499
0.810268
0.734248
0.384520
0.089981
0.814441
0.624450
0.468544
0.729928
0.718407
0.647371
0.138319
0.246720
0.882337
0.992573
0.290576
0.731615
0.946605
0.148260
0.056009
0.022843
0.577623
0.455768
0.709948
0.732915
0.679565
0.914608
0.836219
0.543795
0.272658
0.598461
0.039932
0.695146
0.649255
0.927115
0.618429
0.115148
0.953925
0.145366
0.374247
0.130659
0.625053
0.057380
0.032367
0.506223
0.174261
0.895981
0.083470
0.108650
0.666794
0.634679
0.376846
0.981775
0.960960
0.211638
0.727006
0.797412
0.836973
0.586947
0.457054
0.573266
0.523964
0.026865
0.194306
0.313351
0.856453
0.152625
0.858368
0.724836
0.255809
0.430086
0.372419
0.837582
0.444858
0.655179
0.902472
0.936384
0.131205
0.525648
0.839115
0.495045
0.812413
0.420932
0.218168
0.357207
0.199091
0.549942
0.001724
0.369051
0.964339
0.603494
0.764452
0.458471
0.413717
0.068843
0.741458
0.245827
0.141988
0.454438
0.267524
0.931329
0.573761
0.531959
0.981412
0.249059
0.856742
0.449962
0.376137
0.819822
0.629717
0.501160
0.673571
0.433627
0.573290
0.647186
0.401207
0.603725
0.079718
0.506606
0.496050
0.660631
0.168221
0.701310
0.285926
0.496333
0.602714
0.712980
0.066446
0.672512
0.827972
0.126258
0.451569
0.615728
0.475333
0.401881
0.710582
0.227494
0.057002
0.626525
0.382041
0.925366
0.685023
0.693309
0.778057
0.436724
0.942633
0.666833
0.246669
0.920874
0.986976
0.939952
0.166943
0.075479
0.767359
0.878796
0.516049
0.964781
0.456086
0.832419
0.109574
0.611423
0.472497
0.430186
0.399785
0.939421
0.357647
0.451864
0.379830
0.008359
0.358886
0.102490
0.027699
0.500578
0.401681
0.298409
0.909401
0.023115
0.760939
0.536329
0.607657
0.670490
0.655796
0.709505
0.346473
0.716091
0.249678
0.911904
0.323400
0.808634
0.570127
0.061898
0.354891
0.242713
0.208469
0.233044
0.484794
0.142266
0.715433
0.724074
0.435255
0.683446
0.382016
0.378493
0.410704
0.025997
0.951574
0.893068
0.751580
0.704214
0.224757
0.172996
0.711204
0.930747
0.828615
0.210258
0.868013
0.216981
0.569130
0.913307
0.041113
0.837204
0.076460
0.405271
0.439776
0.931962
0.297292
0.060664
0.020877
0.227502
0.061410
0.165334
0.760884
0.758327
0.331659
0.181343
0.863576
0.231098
0.079253
0.969440
0.648358
0.419457
0.360286
0.680802
0.308378
0.686916
0.314428
0.762420
0.438518
0.401761
0.282384
0.434542
0.741013
0.933611
0.223548
0.073486
0.885623
0.452682
0.397389
0.070149
0.880883
0.033372
0.999010
0.507098
0.486509
0.284036
0.867832
0.400146
0.132194
0.871972
0.634624
0.450942
0.207017
0.920921
0.961828
0.344106
0.633001
0.158858
0.950180
0.356616
0.756905
0.264428
0.025355
0.611124
0.191352
0.775828
0.735555
0.053037
0.449615
0.908032
0.047569
0.440100
0.671740
0.191463
0.947439
0.250897
0.291606
0.062976
0.064256
0.815405
0.987828
0.770724
0.632969
0.688438
0.273172
0.607149
0.495070
0.789362
0.668944
0.765219
0.964508
0.254572
0.878527
0.774882
0.829583
0.850620
0.998136
0.569434
0.448541
0.904881
0.597596
0.851768
0.865245
0.678813
0.968554
0.471775
0.019098
0.259251
0.705354
0.429037
0.957158
0.121079
0.772760
0.616589
0.342326
0.436892
0.776697
0.306207
0.465221
0.814811
0.226032
0.224358
0.243822
0.945257
0.325734
0.008650
0.778454
0.563703
0.430043
0.292092
0.724010
0.293833
0.598034
0.108395
0.959481
0.350446
0.107301
0.014497
0.549327
0.452044
0.902752
0.101934
0.183908
0.739621
0.379506
0.028771
0.898197
0.312492
0.948730
0.507951
0.749990
0.388125
0.324529
0.291981
0.000734
0.956500
0.444534
0.100838
0.503258
0.438167
0.426942
0.949746
0.139794
0.748417
0.737075
0.792551
0.058898
0.719152
0.036117
0.948508
0.778510
0.108381
0.496819
0.615769
0.211506
0.929975
0.163625
0.380992
0.945615
0.230242
0.409778
0.545513
0.397407
0.312028
0.388225
0.635507
0.344825
0.022072
0.507346
0.524300
0.019097
0.755913
0.291994
0.344531
0.958285
0.151194
0.154700
0.027604
0.854412
0.811184
0.725180
0.896595
0.186519
0.273902
0.826897
0.821806
0.654909
0.688551
0.290124
0.887770
0.808540
0.322022
0.628918
0.226011
0.388487
0.057880
0.746117
0.345140
0.255760
0.104238
0.061845
0.192021
0.400642
0.252905
0.567362
0.854408
0.872012
0.459557
0.801966
0.863464
0.056826
0.394964
0.635185
0.867392
0.979490
0.773567
0.243042
0.965466
0.185209
0.943160
0.013454
0.452411
0.686609
0.835117
0.254085
0.410471
0.864736
0.267239
0.942676
0.581668
0.458748
0.771783
0.025903
0.883725
0.797718
0.022093
0.593502
0.724514
0.526557
0.156993
0.019344
0.893624
0.669254
0.379129
0.744409
0.034035
0.228965
0.329916
0.886515
0.837543
0.527641
0.539924
0.391109
0.776715
0.379228
0.511214
0.813458
0.042975
0.320509
0.421385
0.356717
0.860982
0.702340
0.433496
0.028625
0.496699
0.290752
0.959303
0.252050
0.370235
0.320820
0.934820
0.236155
0.071409
0.974401
0.128535
0.634382
0.899536
0.163357
0.286792
0.466356
0.499639
0.049451
0.523154
0.930807
0.232410
0.037004
0.945868
0.287941
0.129022
0.260202
0.178807
0.628858
0.475301
0.938577
0.927132
0.497472
0.620832
0.086045
0.252102
0.392314
0.191990
0.984621
0.104379
0.291094
0.225448
0.736675
0.198237
0.134135
0.348876
0.111768
0.438532
0.532066
0.083811
0.437594
0.208193
0.671271
0.994298
0.440523
0.428442
0.054737
0.163110
0.820292
0.880678
0.397572
0.551135
0.905479
0.963840
0.991487
0.937881
0.550906
0.411627
0.441341
0.401743
0.433657
0.239713
0.873847
0.774370
0.119157
0.985440
0.023057
0.087822
0.600154
0.464630
0.742372
0.166448
0.966285
0.547231
0.196604
0.935123
0.306475
0.762504
0.702011
0.505538
0.856223
0.724273
0.843834
0.243950
0.611875
0.928055
0.280608
0.944951
0.588618
0.347380
0.697592
0.361226
0.401787
0.550700
0.587811
0.140711
0.815397
0.799407
0.292335
0.968451
0.099827
0.469870
0.630086
0.216356
0.854391
0.288090
0.084257
0.782156
0.121115
0.566706
0.214652
0.208420
0.994129
0.104379
0.544366
0.569561
0.224583
0.532869
0.671075
0.502189
0.853250
0.985001
0.808210
0.931888
0.350678
0.486661
0.133896
0.364039
0.896070
0.849352
0.464993
0.701404
0.928302
0.129922
0.363067
0.617068
0.212662
0.425971
0.286587
0.035500
0.001075
0.556121
0.031129
0.790932
0.147409
0.622661
0.133466
0.372240
0.857928
0.830860
0.076938
0.704709
0.304316
0.926997
0.929870
0.336555
0.156779
0.070438
0.115428
0.413310
0.870466
0.650287
0.474525
0.454854
0.802491
0.942410
0.001267
0.763372
0.080814
0.448180
0.946016
0.148111
0.081517
0.304056
0.471438
0.463761
0.998142
0.264996
0.273440
0.929546
0.765605
0.080399
0.337650
0.578721
0.601278
0.656456
0.073238
0.032813
0.075651
0.462935
0.964144
0.698425
0.462826
0.346846
0.602119
0.840194
0.544240
0.083454
0.749872
0.732055
0.054449
0.871813
0.143778
0.467546
0.931630
0.984330
0.036142
0.302782
0.943341
0.246787
0.433626
0.693868
0.434891
0.967415
0.281755
0.101892
0.837883
0.783710
0.131015
0.098113
0.483633
0.258136
0.487282
0.281021
0.603527
0.455077
0.972474
0.784441
0.438206
0.369669
0.708546
0.026869
0.001823
0.574416
0.082260
0.439414
0.497470
0.594023
0.076510
0.871957
0.006061
0.026229
0.978004
0.670693
0.083193
0.682640
0.036678
0.047918
0.116359
0.835988
0.089572
0.626585
0.896856
0.008582
0.535760
0.284473
0.135099
0.522200
0.108219
0.789360
0.742082
0.825642
0.616754
0.897713
0.370454
0.417613
0.200941
0.572566
0.072142
0.156690
0.335741
0.795443
0.211339
0.985560
0.061411
0.933593
0.056944
0.354317
0.084595
0.155316
0.461443
0.090019
0.924190
0.637582
0.767597
0.481327
0.293454
0.003117
0.733099
0.204336
0.042913
0.077313
0.849162
0.356878
0.095192
0.734037
0.583581
0.663696
0.725922
0.665985
0.793335
0.406050
0.861293
0.778925
0.926992
0.280272
0.834341
0.775918
0.632841
0.336376
0.564413
0.120436
0.574258
0.947615
0.677881
0.995938
0.557982
0.144355
0.687569
0.210687
0.541819
0.262204
0.492648
0.123814
0.603256
0.028207
0.883303
0.032462
0.026453
0.685196
0.153045
0.797408
0.168184
0.450136
0.788297
0.580167
0.669241
0.356289
0.456347
0.999231
0.721431
0.852081
0.319827
0.914690
0.926032
0.354219
0.223813
0.843937
0.591028
0.383467
0.420100
0.167981
0.024845
0.974786
0.586244
0.076815
0.265942
0.447668
0.572890
0.438618
0.122479
0.467412
0.164619
0.573657
0.125495
0.915920
0.494065
0.428783
0.873195
0.635122
0.418025
0.838436
0.973035
0.493145
0.193486
0.926005
0.691661
0.760424
0.211323
0.045018
0.179028
0.949642
0.120393
0.829737
0.530452
0.470962
0.654036
0.562704
0.636163
0.755856
0.337820
0.363206
0.999208
0.403914
0.479722
0.142700
0.095299
0.074406
0.623700
0.395220
0.128169
0.866985
0.671606
0.023647
0.786018
0.074313
0.067240
0.424486
0.023116
0.126457
0.695522
0.139181
0.529288
0.136860
0.118793
0.750729
0.071849
0.479114
0.575254
0.379025
0.822172
0.720744
0.159827
0.672271
0.244159
0.885011
0.138113
0.467418
0.615755
0.446188
0.486787
0.208970
0.377852
0.651884
0.070128
0.478757
0.717404
0.343418
0.148490
0.852306
0.162696
0.469634
0.950502
0.310123
0.927197
0.190399
0.341387
0.191086
0.822266
0.994697
0.184003
0.573911
0.165816
0.437964
0.050401
0.951699
0.250494
0.179195
0.717728
0.361099
0.967399
0.387477
0.325191
0.025996
0.585311
0.628669
0.615213
0.156744
0.795833
0.046896
0.002626
0.437807
0.896119
0.454785
0.966128
0.864091
0.696649
0.445594
0.825851
0.920823
0.824886
0.365781
0.233826
0.412246
0.819168
0.136568
0.768779
0.845936
0.652535
0.107546
0.985772
0.784650
0.334735
0.156607
0.951941
0.645369
0.362847
0.832069
0.013431
0.511677
0.236864
0.850780
0.831563
0.633830
0.845462
0.527645
0.128431
0.720447
0.437801
0.697074
0.358372
0.223601
0.417614
0.296559
0.420871
0.728536
0.473495
0.590249
0.536023
0.970913
0.351122
0.011106
0.483407
0.905527
0.995165
0.960990
0.261204
0.675139
0.066689
0.717674
0.041260
0.107459
0.060619
0.617161
0.498368
0.880252
0.101941
0.091216
0.583585
0.413962
0.042185
0.298462
0.731682
0.599691
0.872699
0.268825
0.965646
0.166501
0.740583
0.634036
0.245196
0.901207
0.628819
0.511231
0.544030
0.418379
0.035273
0.484561
0.109366
0.147414
0.856534
0.354907
0.218639
0.863271
0.111772
0.536109
0.797979
0.190750
0.698543
0.225096
0.785492
0.108820
0.985153
0.492542
0.124173
0.668173
0.751195
0.881424
0.253371
0.805392
0.686392
0.286455
0.667631
0.731404
0.854961
0.562899
0.245149
0.627418
0.094443
0.395677
0.067193
0.082659
0.219932
0.287950
0.291116
0.435753
0.981883
0.613076
0.474025
0.063782
0.422486
0.447778
0.726944
0.124345
0.395674
0.471901
0.100113
0.768341
0.472268
0.607663
0.032920
0.673020
0.017061
0.977161
0.155289
0.711694
0.280544
0.300997
0.793848
0.790506
0.635824
0.335494
0.543095
0.503216
0.461512
0.564647
0.020587
0.237885
0.334072
0.011755
0.481730
0.217785
0.467541
0.021917
0.354397
0.472449
0.403469
0.670032
0.730954
0.760333
0.597341
0.470702
0.674358
0.645503
0.417260
0.380033
0.339222
0.457678
0.422963
0.179571
0.845851
0.224957
0.244642
0.886801
0.777477
0.396045
0.657054
0.433371
0.784634
0.594604
0.130041
0.752419
0.996919
0.650592
0.426183
0.302568
0.666319
0.906792
0.263495
0.782914
0.337729
0.524980
0.329090
0.136901
0.985078
0.233739
0.540878
0.351749
0.324115
0.234395
0.540587
0.904046
0.258176
0.675061
0.453853
0.023338
0.208189
0.124676
0.572401
0.207863
0.484452
0.535128
0.259440
0.265720
0.671113
0.523071
0.121595
0.628387
0.995149
0.983666
0.757766
0.021055
0.354554
0.662869
0.725279
0.927144
0.084519
0.756588
0.154062
0.475817
0.878934
0.814565
0.697185
0.656418
0.775382
0.441324
0.597137
0.539572
0.707069
0.790388
0.047222
0.800036
0.261369
0.722001
0.071570
0.301962
0.632720
0.366975
0.779510
0.255809
0.972842
0.634598
0.374527
0.092005
0.813209
0.892632
0.127444
0.246132
0.837492
0.400785
0.930594
0.712083
0.123663
0.411058
0.916192
0.113406
0.149413
0.771434
0.189239
0.960946
0.187575
0.042602
0.343612
0.420756
0.521966
0.016862
0.309439
0.695839
0.734317
0.117023
0.039903
0.836186
0.680005
0.750665
0.764760
0.413339
0.948826
0.648445
0.304412
0.929641
0.346086
0.667558
0.399619
0.651706
0.212130
0.183576
0.924816
0.757587
0.193036
0.012935
0.333659
0.434590
0.083517
0.838494
0.959535
0.948578
0.771783
0.182929
0.946154
0.486648
0.546032
0.467188
0.308519
0.935902
0.478631
0.278540
0.976047
0.056107
0.426661
0.376754
0.810672
0.009749
0.000181
0.705975
0.545705
0.877598
0.510939
0.819553
0.987995
0.981484
0.266868
0.027628
0.657672
0.100516
0.198879
0.651827
0.407120
0.466465
0.757626
0.224199
0.423662
0.893959
0.595009
0.051208
0.948250
0.099450
0.028431
0.328244
0.963764
0.918754
0.689967
0.032216
0.059587
0.398033
0.586544
0.033005
0.561261
0.930342
0.774483
0.689279
0.332193
0.484634
0.700002
0.367685
0.274704
0.443264
0.428736
0.631003
0.455791
0.466464
0.418460
0.861372
0.793833
0.648770
0.350979
0.947321
0.810356
0.955482
0.986747
0.792625
0.879629
0.631510
0.928957
0.272855
0.611448
0.986740
0.956526
0.140302
0.251285
0.379564
0.816057
0.075236
0.659045
0.463622
0.644223
0.713491
0.274049
0.124029
0.851265
0.206329
0.340243
0.222364
0.144904
0.644490
0.261885
0.180117
0.457916
0.007209
0.605526
0.865827
0.892071
0.978552
0.637587
0.691244
0.170859
0.854446
0.176374
0.667913
0.752347
0.487699
0.590469
0.500792
0.175064
0.975660
0.248834
0.095079
0.861819
0.073191
0.237924
0.793249
0.690847
0.646507
0.433266
0.830305
0.847314
0.202297
0.632153
0.157156
0.711791
0.509166
0.614788
0.617473
0.731153
0.749828
0.257043
0.326792
0.991071
0.724109
0.832053
0.770501
0.691979
0.383432
0.932637
0.057765
0.280316
0.982317
0.153829
0.811655
0.946989
0.243967
0.285875
0.383670
0.652269
0.064342
0.883409
0.417373
0.332459
0.128316
0.156209
0.886721
0.284417
0.635490
0.240255
0.657529
0.689701
0.681825
0.483433
0.594754
0.345403
0.313126
0.956334
0.415429
0.912622
0.251075
0.372531
0.690227
0.609426
0.732496
0.981452
0.870956
0.480838
0.035030
0.146525
0.383871
0.126011
0.371664
0.717486
0.018154
0.488800
0.003648
0.283312
0.066341
0.693391
0.274080
0.895724
0.371142
0.586679
0.727834
0.186150
0.205750
0.023415
0.528976
0.374649
0.288638
0.872773
0.783194
0.759943
0.407177
0.344294
0.435228
0.767297
0.717457
0.619972
0.752330
0.756662
0.592263
0.764636
0.683478
0.907932
0.619258
0.780348
0.056483
0.813216
0.392732
0.018126
0.644267
0.737113
0.902392
0.492195
0.897133
0.033799
0.581163
0.222854
0.946589
0.222296
0.332094
0.312887
0.481727
0.866186
0.685599
0.022691
0.971716
0.437987
0.637373
0.618684
0.444987
0.887673
0.851558
0.930265
0.671320
0.904998
0.871817
0.549129
0.958340
0.951310
0.525753
0.861979
0.246854
0.732740
0.018154
0.028982
0.444782
0.946807
0.640328
0.745173
0.698819
0.021551
0.852769
0.774636
0.085073
0.202912
0.674650
0.685931
0.069989
0.363882
0.206506
0.784733
0.413436
0.299324
0.263700
0.513155
0.365844
0.133788
0.971941
0.626235
0.257013
0.766111
0.907839
0.560474
0.638376
0.573455
0.514925
0.857481
0.073121
0.827371
0.818212
0.312159
0.566132
0.473630
0.549584
0.178758
0.381904
0.993273
0.005325
0.022639
0.053772
0.501623
0.031063
0.368717
0.479295
0.920882
0.385273
0.621361
0.908621
0.956146
0.209156
0.751473
0.946250
0.549097
0.938890
0.135618
0.529583
0.922602
0.668626
0.844505
0.645007
0.066757
0.813546
0.503639
0.765519
0.465500
0.958331
0.961501
0.911699
0.795426
0.705587
0.008614
0.665577
0.626526
0.281432
0.887045
0.516954
0.559578
0.903370
0.641497
0.753157
0.597382
0.682798
0.301604
0.672137
0.576877
0.006642
0.496305
0.708136
0.505838
0.227366
0.415508
0.908749
0.329928
0.567435
0.816292
0.938625
0.791519
0.814549
0.269660
0.051994
0.278380
0.720964
0.542786
0.464007
0.154814
0.518940
0.378492
0.746874
0.636421
0.291939
0.170595
0.815134
0.537844
0.686390
0.827180
0.076210
0.775721
0.872498
0.384823
0.285528
0.540788
0.447182
0.590439
0.734781
0.117535
0.972433
0.343549
0.839094
0.089939
0.834386
0.714212
0.992346
0.650190
0.540622
0.579263
0.295290
0.055701
0.315572
0.094359
0.290616
0.449345
0.948588
0.319047
0.071863
0.869330
0.259970
0.897971
0.775285
0.788416
0.912830
0.569449
0.768217
0.006545
0.670740
0.203201
0.364037
0.605235
0.812086
0.576589
0.219137
0.494234
0.413414
0.182539
0.095024
0.238492
0.428897
0.255477
0.339018
0.353309
0.166656
0.122220
0.487578
0.463709
0.311869
0.884652
0.110962
0.116349
0.410404
0.756985
0.477998
0.943478
0.715754
0.783142
0.452986
0.253014
0.949011
0.804686
0.168056
0.260363
0.430951
0.826424
0.415316
0.499285
0.743423
0.209244
0.142416
0.723382
0.762303
0.516419
0.228118
0.718437
0.196528
0.443263
0.473458
0.130140
0.459025
0.897745
0.128251
0.022224
0.499661
0.283091
0.738079
0.626702
0.533365
0.908321
0.646512
0.450104
0.205911
0.749425
0.420804
0.735944
0.635072
0.767086
0.133548
0.542405
0.847182
0.405571
0.971149
0.522640
0.972006
0.734971
0.743028
0.650171
0.157151
0.923230
0.520434
0.729714
0.684201
0.037434
0.874862
0.800034
0.301054
0.762219
0.844330
0.555059
0.089446
0.907748
0.209160
0.376756
0.445914
0.965815
0.582208
0.542048
0.322933
0.599900
0.933327
0.799203
0.031165
0.447406
0.992938
0.829299
0.591768
0.828329
0.580107
0.747339
0.219719
0.736942
0.639061
0.746482
0.557139
0.418916
0.053575
0.348410
0.223452
0.967172
0.347329
0.452931
0.242652
0.001496
0.922998
0.049819
0.504634
0.909947
0.593415
0.994492
0.346878
0.338853
0.911166
0.694298
0.256246
0.121878
0.102144
0.801550
0.911357
0.370524
0.694249
0.569806
0.059212
0.726428
0.941887
0.267348
0.962322
0.251900
0.664364
0.932163
0.203466
0.046019
0.722853
0.630698
0.005149
0.590018
0.184021
0.692772
0.842368
0.203028
0.683773
0.940882
0.105003
0.717064
0.083257
0.626875
0.926371
0.932555
0.470057
0.405006
0.735428
0.201031
0.715729
0.589617
0.731937
0.192639
0.268791
0.909281
0.618604
0.870113
0.799170
0.827764
0.765595
0.719087
0.672018
0.965663
0.416732
0.423302
0.518605
0.544285
0.880617
0.452393
0.189519
0.764000
0.363504
0.214331
0.967348
0.411085
0.595185
0.763232
0.725895
0.407291
0.747874
0.029476
0.941253
0.731982
0.846024
0.620761
0.574036
0.773873
0.579298
0.631904
0.385885
0.433662
0.750348
0.284543
0.558138
0.785322
0.774407
0.516126
0.424175
0.006628
0.381572
0.756118
0.884198
0.162538
0.809514
0.705793
0.863843
0.931283
0.090643
0.100309
0.024525
0.024986
0.981643
0.536439
0.399246
0.006105
0.524901
0.839118
0.575045
0.929246
0.212739
0.191946
0.381563
0.345456
0.210327
0.932580
0.480301
0.152978
0.717448
0.309403
0.034088
0.633919
0.370569
0.391215
0.320793
0.209170
0.834387
0.231668
0.336114
0.512121
0.557574
0.313771
0.500895
0.722919
0.894025
0.470340
0.489336
0.725855
0.663729
0.111674
0.162887
0.919293
0.163309
0.644024
0.914846
0.895896
0.974289
0.868178
0.483670
0.055699
0.667913
0.577623
0.106739
0.460221
0.101509
0.185432
0.685577
0.185972
0.047472
0.388091
0.390041
0.503473
0.918230
0.496753
0.611196
0.665788
0.547407
0.240433
0.696080
0.820285
0.978812
0.664123
0.074493
0.800275
0.792938
0.034922
0.877602
0.659736
0.379167
0.742481
0.406494
0.994619
0.126636
0.582385
0.838886
0.167479
0.565256
0.072644
0.663682
0.697184
0.020336
0.839053
0.852763
0.580213
0.250788
0.363707
0.860733
0.322135
0.395498
0.505882
0.876887
0.733990
0.349975
0.143576
0.326583
0.204752
0.603071
0.749404
0.465793
0.423437
0.670068
0.892751
0.863844
0.477585
0.324687
0.972026
0.003195
0.593302
0.040995
0.331830
0.816393
0.559318
0.761470
0.449419
0.450650
0.256832
0.585833
0.707155
0.418518
0.720671
0.175021
0.260941
0.624178
0.417312
0.955908
0.511840
0.911316
0.932862
0.137100
0.266282
0.169560
0.119697
0.568228
0.890919
0.868065
0.914143
0.730297
0.927343
0.909996
0.078589
0.190560
0.009657
0.970146
0.968605
0.421458
0.539054
0.086495
0.116898
0.620804
0.913041
0.118587
0.858925
0.402879
0.916214
0.201754
0.906387
0.702478
0.872294
0.253655
0.570940
0.863272
0.785587
0.712513
0.226844
0.506954
0.900739
0.585951
0.412874
0.911257
0.053405
0.693268
0.154998
0.195737
0.026646
0.117264
0.445790
0.728614
0.758035
0.815924
0.257363
0.852409
0.034674
0.348023
0.764260
0.978779
0.876026
0.555383
0.993037
0.444016
0.730355
0.930454
0.637488
0.538059
0.226831
0.440262
0.133054
0.035515
0.343526
0.732629
0.981068
0.252782
0.517465
0.420836
0.072260
0.438528
0.466938
0.328396
0.058270
0.655092
0.082956
0.023024
0.447713
0.627010
0.925268
0.321715
0.707212
0.393338
0.111873
0.897613
0.484503
0.497568
0.187540
0.151261
0.756481
0.550000
0.098355
0.658147
0.965431
0.891017
0.372486
0.102176
0.626746
0.030841
0.932964
0.528788
0.665337
0.224388
0.551651
0.176683
0.419576
0.813456
0.434332
0.295191
0.503958
0.608976
0.929071
0.243820
0.067188
0.041644
0.231974
0.366796
0.553029
0.950113
0.569121
0.500843
0.358023
0.744012
0.737782
0.418198
0.383915
0.238235
0.655653
0.734939
0.863023
0.340967
0.489622
0.080115
0.061418
0.048430
0.795834
0.173641
0.966195
0.083733
0.415092
0.497196
0.377470
0.167006
0.631093
0.855951
0.350502
0.142301
0.546913
0.260334
0.675277
0.258753
0.985371
0.443428
0.406341
0.226170
0.423558
0.255312
0.840045
0.577425
0.967404
0.221588
0.114816
0.382521
0.829633
0.347560
0.726771
0.904598
0.849011
0.716761
0.011741
0.970919
0.670169
0.544470
0.458667
0.178418
0.165422
0.872087
0.860750
0.761927
0.631377
0.342145
0.661601
0.643873
0.326413
0.088661
0.655126
0.648952
0.857586
0.372642
0.800557
0.820096
0.088580
0.643877
0.527896
0.598436
0.169948
0.220698
0.353424
0.137811
0.519322
0.048829
0.078467
0.192967
0.367181
0.375608
0.595531
0.751409
0.582139
0.800194
0.521537
0.445135
0.881986
0.724346
0.275151
0.775265
0.190648
0.719293
0.930219
0.476958
0.518956
0.776216
0.435834
0.032756
0.515193
0.652131
0.680282
0.170426
0.170651
0.937226
0.085702
0.339073
0.481252
0.728967
0.006122
0.999233
0.298209
0.624090
0.326979
0.365287
0.772825
0.650567
0.351545
0.949971
0.571220
0.823155
0.940831
0.251227
0.246791
0.580569
0.939639
0.733094
0.388769
0.858766
0.273194
0.348620
0.475729
0.179448
0.695981
0.369661
0.049432
0.638475
0.586598
0.783552
0.166964
0.115387
0.338148
0.719399
0.102665
0.489223
0.831075
0.928662
0.454659
0.030898
0.091940
0.588828
0.897432
0.889011
0.044094
0.370622
0.529495
0.431350
0.110952
0.725226
0.546052
0.932777
0.315025
0.547297
0.757046
0.292619
0.261071
0.262915
0.442151
0.249139
0.443999
0.911628
0.341215
0.359872
0.485227
0.042859
0.111256
0.306303
0.088087
0.255615
0.713116
0.128053
0.486131
0.674826
0.530967
0.610913
0.319586
0.697916
0.168564
0.356949
0.955989
0.253306
0.134770
0.212760
0.121759
0.802437
0.838868
0.679771
0.042127
0.274179
0.509498
0.181226
0.416743
0.352915
0.859873
0.413966
0.166168
0.528580
0.311044
0.315989
0.758382
0.459832
0.603249
0.076571
0.711864
0.573663
0.156361
0.294981
0.829628
0.921176
0.051767
0.343686
0.462906
0.796957
0.201929
0.746738
0.359697
0.097352
0.836864
0.274726
0.006992
0.101748
0.789746
0.362225
0.020529
0.993240
0.112024
0.546892
0.626137
0.845423
0.931592
0.132905
0.275170
0.766709
0.309576
0.213886
0.465668
0.860932
0.510648
0.117232
0.032547
0.503045
0.921245
0.115156
0.015584
0.183540
0.906774
0.796950
0.313670
0.808601
0.754331
0.518074
0.147890
0.490772
0.297597
0.087491
0.953668
0.584605
0.645672
0.875183
0.132231
0.242941
0.152213
0.413454
0.652096
0.243420
0.364553
0.722260
0.199638
0.084905
0.417744
0.950575
0.440848
0.624675
0.403504
0.730227
0.340381
0.236679
0.601085
0.169784
0.864552
0.957547
0.542463
0.754977
0.106883
0.361275
0.369120
0.196853
0.862675
0.398106
0.477040
0.404030
0.246398
0.752642
0.430308
0.222852
0.505661
0.946963
0.425644
0.157445
0.010569
0.634795
0.318943
0.266026
0.369230
0.922639
0.473015
0.442749
0.980215
0.905260
0.280553
0.994913
0.431606
0.629885
0.469221
0.269680
0.203675
0.791650
0.752789
0.075436
0.947712
0.419825
0.583454
0.080359
0.375703
0.619719
0.950797
0.601385
0.792504
0.990163
0.110982
0.364050
0.681423
0.214474
0.799492
0.608141
0.272447
0.518809
0.849395
0.322981
0.796007
0.372899
0.907270
0.453662
0.379689
0.063132
0.296789
0.456745
0.365755
0.357611
0.446606
0.978702
0.907863
0.589694
0.079828
0.357614
0.099927
0.465256
0.696645
0.829877
0.761518
0.025659
0.393627
0.277640
0.375150
0.421671
0.611269
0.144669
0.173012
0.843198
0.828188
0.140741
0.995450
0.647873
0.103295
0.956593
0.391282
0.902092
0.767628
0.629006
0.460888
0.326627
0.781328
0.181717
0.726266
0.583324
0.578743
0.772268
0.776521
0.678890
0.640484
0.894386
0.620810
0.647840
0.054418
0.113548
0.480850
0.932631
0.691550
0.790423
0.678742
0.749774
0.045238
0.010275
0.189141
0.133530
0.715322
0.270297
0.303380
0.122287
0.899126
0.962238
0.531947
0.207814
0.249777
0.452626
0.795081
0.636802
0.234114
0.032046
0.922902
0.541957
0.557327
0.650108
0.419507
0.212773
0.693412
0.442403
0.112276
0.792245
0.677868
0.405367
0.090153
0.425248
0.674662
0.296838
0.974036
0.679158
0.750444
0.093421
0.909219
0.121357
0.586834
0.076550
0.434088
0.157302
0.582253
0.350354
0.880299
0.914459
0.968457
0.115873
0.876085
0.581095
0.958369
0.184511
0.644406
0.576076
0.799927
0.652383
0.758679
0.309652
0.418975
0.566930
0.097692
0.590820
0.560403
0.285004
0.544269
0.611325
0.183003
0.581905
0.224842
0.478427
0.016307
0.754494
0.374272
0.739069
0.568032
0.846523
0.426407
0.919608
0.383747
0.885538
0.229668
0.652320
0.645898
0.879681
0.031465
0.248780
0.381173
0.298182
0.588008
0.059306
0.981887
0.416526
0.568818
0.496902
0.781391
0.108682
0.829296
0.245695
0.132538
0.323434
0.720520
0.881451
0.383527
0.295888
0.853128
0.541241
0.122968
0.771591
0.700880
0.448246
0.855867
0.709073
0.548157
0.255573
0.389281
0.673887
0.092144
0.471147
0.649474
0.836695
0.902438
0.487512
0.655028
0.080304
0.924924
0.210807
0.150290
0.442867
0.659399
0.379300
0.912831
0.261118
0.017007
0.722508
0.423929
0.009372
0.509161
0.147865
0.103179
0.585203
0.278532
0.585728
0.312659
0.595859
0.858632
0.579730
0.222059
0.022366
0.854581
0.704459
0.268089
0.249430
0.246256
0.624432
0.447470
0.164113
0.608103
0.697408
0.145839
0.457093
0.458525
0.263295
0.452039
0.066385
0.546644
0.861088
0.250012
0.340662
0.365307
0.966151
0.364833
0.970768
0.365700
0.246413
0.195559
0.343442
0.419763
0.778088
0.860125
0.057327
0.319616
0.040783
0.655627
0.051626
0.666079
0.401561
0.584258
0.822683
0.137759
0.192762
0.778791
0.530616
0.964466
0.556169
0.583923
0.461095
0.679303
0.055328
0.997556
0.137545
0.977821
0.409176
0.570024
0.754252
0.464279
0.756270
0.104830
0.196074
0.268161
0.974314
0.741002
0.447174
0.131663
0.030694
0.849050
0.188100
0.623424
0.074668
0.497842
0.903030
0.257059
0.370708
0.891441
0.229310
0.476394
0.757432
0.710174
0.988869
0.813178
0.561229
0.780419
0.551573
0.987521
0.934066
0.238746
0.647186
0.875597
0.978461
0.628393
0.514971
0.042086
0.498863
0.184213
0.454947
0.964419
0.428976
0.425274
0.315812
0.059620
0.252208
0.815587
0.662074
0.669233
0.802431
0.390752
0.044289
0.129726
0.621771
0.333826
0.735641
0.930419
0.399836
0.453938
0.076492
0.573372
0.435639
0.546955
0.313903
0.544133
0.481888
0.854244
0.960288
0.582482
0.855869
0.172746
0.695982
0.121419
0.358285
0.981367
0.973139
0.113060
0.029204
0.843393
0.558479
0.863712
0.208994
0.915068
0.392236
0.698344
0.053670
0.963770
0.499431
0.117608
0.792386
0.686919
0.223376
0.308408
0.495523
0.370731
0.262977
0.741081
0.252712
0.066468
0.684813
0.811370
0.920503
0.255606
0.094787
0.851435
0.390784
0.673330
0.135879
0.988800
0.726596
0.045396
0.618714
0.532118
0.006837
0.434432
0.377462
0.424153
0.982502
0.890354
0.909326
0.551084
0.263432
0.842219
0.332491
0.918006
0.986736
0.076529
0.062901
0.087758
0.448837
0.124852
0.039386
0.387578
0.866794
0.071474
0.541145
0.878722
0.047747
0.313486
0.659973
0.480503
0.736058
0.019767
0.877327
0.074088
0.646255
0.284486
0.815677
0.373985
0.718092
0.332087
0.993692
0.447100
0.911925
0.165930
0.021869
0.440497
0.533742
0.557524
0.381966
0.418853
0.697367
0.028079
0.290024
0.639816
0.325930
0.993445
0.745425
0.648101
0.217131
0.526450
0.110933
0.644722
0.970286
0.470611
0.391443
0.692951
0.242830
0.133968
0.019484
0.823844
0.286743
0.453424
0.697598
0.476839
0.350276
0.785146
0.772608
0.290127
0.327971
0.016056
0.352370
0.985524
0.435028
0.160532
0.846778
0.277091
0.275017
0.394870
0.793119
0.784892
0.989117
0.463699
0.480007
0.127532
0.418753
0.675947
0.329477
0.581239
0.001842
0.385813
0.845587
0.170498
0.247734
0.753657
0.849460
0.146264
0.811376
0.014332
0.150885
0.722357
0.798808
0.992158
0.758542
0.498334
0.791560
0.722678
0.504302
0.376477
0.156313
0.036288
0.898594
0.269684
0.409618
0.576738
0.287049
0.643504
0.308934
0.951792
0.634067
0.696052
0.935645
0.511830
0.503723
0.870412
0.490288
0.326892
0.076905
0.640812
0.923592
0.470282
0.166693
0.201506
0.640052
0.138188
0.549682
0.510032
0.516081
0.845052
0.194140
0.148215
0.726927
0.073452
0.858069
0.827961
0.651760
0.948852
0.570114
0.107017
0.372998
0.612337
0.759230
0.624261
0.374015
0.820988
0.627308
0.906027
0.511008
0.493121
0.171852
0.634935
0.653731
0.495674
0.269289
0.170745
0.691846
0.239549
0.176525
0.638183
0.446413
0.885837
0.748736
0.978164
0.138992
0.186449
0.701802
0.034554
0.105325
0.685461
0.261769
0.915926
0.719970
0.926213
0.981727
0.037553
0.767458
0.161287
0.105806
0.279384
0.671779
0.300389
0.404810
0.566485
0.917970
0.391217
0.479371
0.724425
0.178069
0.981503
0.252321
0.127633
0.021384
0.412031
0.177156
0.247597
0.750301
0.329911
0.045498
0.632954
0.884171
0.863059
0.452126
0.887562
0.813365
0.568855
0.786658
0.237324
0.283500
0.055225
0.178813
0.033084
0.938140
0.398059
0.288404
0.875941
0.360755
0.956389
0.157964
0.682756
0.799205
0.962083
0.038033
0.252825
0.336091
0.364211
0.952539
0.430337
0.165414
0.604327
0.640944
0.569456
0.251614
0.536757
0.038590
0.347081
0.054281
0.070955
0.827266
0.289415
0.695934
0.768863
0.291863
0.298604
0.598129
0.781159
0.290106
0.710477
0.801672
0.838776
0.912032
0.568827
0.180675
0.451091
0.251755
0.059954
0.240141
0.904895
0.811258
0.967237
0.007236
0.748442
0.625853
0.242157
0.463782
0.306411
0.262327
0.868158
0.469973
0.763014
0.958968
0.248690
0.067045
0.814476
0.213949
0.871943
0.461592
0.905834
0.994197
0.592881
0.850285
0.192000
0.136806
0.987969
0.176639
0.395201
0.702348
0.948971
0.978854
0.450492
0.563800
0.418008
0.919060
0.752751
0.972927
0.464786
0.530937
0.941349
0.631456
0.166021
0.007887
0.715985
0.847596
0.973457
0.722792
0.386804
0.916768
0.816626
0.039958
0.675888
0.212938
0.555311
0.188938
0.142237
0.694827
0.909465
0.529266
0.169142
0.247298
0.595423
0.877434
0.386845
0.417373
0.390385
0.297079
0.094088
0.638149
0.645393
0.396765
0.563688
0.730948
0.642831
0.935166
0.178009
0.651868
0.029739
0.020973
0.232893
0.715678
0.594040
0.206495
0.800420
0.546968
0.237896
0.023538
0.563337
0.231717
0.350597
0.383479
0.572986
0.574784
0.712144
0.568116
0.968375
0.310220
0.746639
0.253373
0.091309
0.908280
0.679864
0.035638
0.890250
0.419255
0.085407
0.843625
0.007247
0.280066
0.185377
0.412349
0.455534
0.172381
0.221118
0.837018
0.022550
0.894915
0.452187
0.202290
0.660532
0.628658
0.963049
0.157159
0.575526
0.309980
0.150787
0.260273
0.900812
0.757662
0.587437
0.309355
0.882068
0.447585
0.060295
0.967838
0.033068
0.911653
0.015289
0.760191
0.600803
0.720938
0.993992
0.294739
0.750290
0.259320
0.955371
0.931081
0.719246
0.412230
0.709442
0.502417
0.862742
0.091597
0.021636
0.266822
0.303746
0.945555
0.843200
0.553498
0.107521
0.709854
0.513038
0.319693
0.520686
0.543773
0.698203
0.692758
0.358483
0.250304
0.191154
0.862822
0.819745
0.948826
0.968775
0.160084
0.576119
0.285793
0.007256
0.713625
0.372236
0.419232
0.213761
0.584835
0.523468
0.377168
0.315396
0.208771
0.778387
0.096414
0.082643
0.293651
0.179423
0.921262
0.661838
0.126697
0.697117
0.053159
0.962580
0.540068
0.904841
0.661038
0.763569
0.301880
0.410214
0.902995
0.846135
0.534481
0.759598
0.085794
0.779893
0.217107
0.410023
0.758386
0.820064
0.116811
0.930285
0.655333
0.441011
0.495705
0.895605
0.578639
0.644855
0.971879
0.008511
0.331857
0.026258
0.445179
0.577002
0.545039
0.432791
0.438844
0.858783
0.296849
0.582086
0.626983
0.420632
0.041199
0.439177
0.211184
0.032726
0.967563
0.136124
0.844088
0.920989
0.100784
0.456912
0.562573
0.122929
0.508739
0.998579
0.948804
0.154725
0.812663
0.248956
0.166600
0.104957
0.960029
0.545976
0.477777
0.262823
0.145288
0.866320
0.104677
0.590119
0.868119
0.154690
0.319327
0.114999
0.967457
0.581040
0.276577
0.004334
0.924861
0.192918
0.410292
0.737589
0.701852
0.514171
0.141905
0.019971
0.568796
0.189727
0.845284
0.632084
0.050651
0.858203
0.528457
0.097813
0.807222
0.478499
0.760747
0.376144
0.579182
0.881356
0.144745
0.745313
0.659551
0.759578
0.929465
0.882291
0.634046
0.658060
0.429107
0.065083
0.609964
0.143114
0.168139
0.391647
0.106282
0.695520
0.456698
0.354093
0.288477
0.318071
0.421416
0.700978
0.928108
0.320582
0.808245
0.919309
0.274282
0.547085
0.740233
0.260957
0.913424
0.854220
0.580849
0.899545
0.433826
0.209297
0.320570
0.641942
0.617717
0.232793
0.091200
0.726057
0.568369
0.604515
0.310739
0.440738
0.302169
0.835806
0.285479
0.915953
0.351830
0.692015
0.231018
0.997690
0.839703
0.849246
0.427800
0.172741
0.589528
0.366002
0.578992
0.308106
0.497404
0.531644
0.290426
0.267375
0.721979
0.767208
0.517156
0.245427
0.970131
0.256872
0.814130
0.890945
0.235226
0.996320
0.456362
0.665671
0.824376
0.183238
0.045905
0.606643
0.220212
0.429898
0.859411
0.133617
0.639312
0.842796
0.093860
0.183952
0.748541
0.643139
0.693602
0.900818
0.603670
0.857885
0.865527
0.972004
0.000492
0.716312
0.659271
0.373938
0.142506
0.373712
0.475872
0.561828
0.193487
0.442905
0.613370
0.639060
0.307120
0.646425
0.425220
0.798743
0.315244
0.667484
0.492847
0.653499
0.164278
0.545411
0.954899
0.236413
0.465673
0.659951
0.522124
0.481321
0.267616
0.516691
0.389766
0.373119
0.255107
0.080404
0.562161
0.432149
0.484492
0.811059
0.771908
0.478548
0.193774
0.704942
0.125624
0.164988
0.985766
0.506263
0.678694
0.505971
0.338483
0.667789
0.843408
0.739724
0.083892
0.046812
0.800921
0.489893
0.637273
0.528755
0.022248
0.238560
0.826398
0.688101
0.633229
0.953338
0.431352
0.997581
0.381395
0.938080
0.817259
0.363376
0.499018
0.191677
0.435958
0.637866
0.098354
0.089773
0.647852
0.092662
0.096018
0.861422
0.227808
0.333265
0.929369
0.162746
0.572093
0.122079
0.806229
0.082719
0.816627
0.727367
0.399893
0.917001
0.657056
0.520098
0.165366
0.263253
0.271799
0.246092
0.883473
0.909054
0.580805
0.964085
0.132027
0.069076
0.612474
0.677682
0.804503
0.983818
0.533323
0.926114
0.135676
0.404400
0.250535
0.620316
0.211030
0.977581
0.304382
0.411307
0.315161
0.917640
0.200631
0.411085
0.568291
0.246534
0.613867
0.815101
0.885841
0.425054
0.040027
0.422525
0.821887
0.743745
0.055485
0.347642
0.193524
0.736055
0.213333
0.854122
0.571536
0.194564
0.683990
0.824112
0.727279
0.675851
0.733239
0.356163
0.582023
0.466408
0.278965
0.439105
0.170795
0.631275
0.628165
0.002011
0.837522
0.493469
0.664908
0.431302
0.473353
0.694758
0.631309
0.272347
0.918661
0.100320
0.157754
0.301460
0.916557
0.449117
0.592873
0.831139
0.648719
0.770522
0.242203
0.472403
0.241875
0.622383
0.928308
0.958052
0.716078
0.827256
0.962103
0.973944
0.086624
0.247159
0.090200
0.555722
0.334538
0.632622
0.227841
0.898844
0.252430
0.583031
0.570021
0.672783
0.951356
0.270679
0.310134
0.007676
0.700286
0.903304
0.298216
0.474749
0.554869
0.756421
0.198751
0.961097
0.630223
0.308882
0.517200
0.554805
0.269268
0.108790
0.257685
0.227342
0.561195
0.012385
0.251615
0.405281
0.653635
0.640498
0.704919
0.750851
0.978184
0.034596
0.393765
0.768039
0.445544
0.550785
0.885396
0.974759
0.858611
0.973129
0.159445
0.448214
0.406565
0.359427
0.089968
0.785607
0.229036
0.439723
0.250432
0.010715
0.437713
0.891189
0.801027
0.392898
0.835723
0.917835
0.484736
0.582594
0.237412
0.409571
0.717204
0.069287
0.039045
0.166241
0.924214
0.756868
0.472752
0.107086
0.724962
0.058969
0.161769
0.887111
0.641506
0.334571
0.726840
0.486471
0.144070
0.812443
0.735193
0.188572
0.224285
0.351785
0.370761
0.213113
0.076877
0.025165
0.394670
0.402008
0.914597
0.517108
0.988186
0.783646
0.538013
0.745677
0.577453
0.063420
0.924669
0.832482
0.053873
0.839037
0.231528
0.075648
0.670897
0.335896
0.957825
0.786504
0.234331
0.152666
0.376701
0.709844
0.847925
0.836781
0.294218
0.094314
0.939633
0.244777
0.861648
0.758375
0.509292
0.738437
0.975910
0.511861
0.609882
0.214332
0.225575
0.956656
0.028525
0.135449
0.644350
0.774808
0.668047
0.737709
0.535901
0.500366
0.365562
0.013974
0.445641
0.203559
0.112903
0.260815
0.135707
0.343254
0.078958
0.720387
0.125018
0.975818
0.361538
0.207099
0.489869
0.864995
0.324158
0.606709
0.981767
0.496859
0.180391
0.538591
0.954913
0.354370
0.576691
0.529289
0.749384
0.695084
0.367011
0.240497
0.238057
0.759905
0.064269
0.094992
0.703062
0.436702
0.261741
0.252017
0.595121
0.635646
0.230639
0.985686
0.377650
0.588304
0.179257
0.036961
0.444849
0.154140
0.986638
0.347071
0.204048
0.559818
0.454394
0.377395
0.048934
0.471722
0.030297
0.101932
0.140533
0.432801
0.994915
0.081920
0.222422
0.613086
0.137928
0.140658
0.987837
0.020226
0.025908
0.127364
0.698371
0.392683
0.042019
0.653420
0.532841
0.413883
0.096195
0.298553
0.773563
0.709820
0.319353
0.398630
0.965558
0.754230
0.396657
0.655467
0.208754
0.842452
0.614176
0.451373
0.157626
0.104991
0.013611
0.140509
0.047364
0.121446
0.516292
0.943240
0.377850
0.430994
0.907378
0.340734
0.050705
0.592730
0.502909
0.491545
0.851375
0.762728
0.166903
0.840812
0.825763
0.969037
0.535603
0.421151
0.243876
0.684790
0.445796
0.742123
0.443228
0.336074
0.180188
0.506184
0.670718
0.307857
0.433407
0.781802
0.408908
0.709749
0.487365
0.801660
0.193331
0.875030
0.756529
0.062675
0.260836
0.641705
0.335909
0.196598
0.971108
0.113375
0.843065
0.700956
0.817296
0.639722
0.497756
0.600445
0.286924
0.370150
0.008508
0.713202
0.197704
0.207646
0.335733
0.173670
0.557961
0.470742
0.349296
0.197420
0.178672
0.816349
0.789784
0.731177
0.180782
0.101458
0.944115
0.315385
0.231803
0.092775
0.146400
0.383658
0.640701
0.355368
0.374963
0.754115
0.717649
0.958516
0.018611
0.637352
0.740260
0.883033
0.684273
0.234093
0.181996
0.362392
0.990226
0.546633
0.070202
0.862451
0.582640
0.240242
0.516017
0.633394
0.498157
0.106669
0.958627
0.743772
0.013696
0.478787
0.901056
0.330895
0.740506
0.884895
0.090075
0.434251
0.068399
0.609047
0.961712
0.788397
0.705729
0.920319
0.786080
0.267676
0.720521
0.563853
0.397577
0.335157
0.819544
0.168714
0.582291
0.749911
0.928341
0.255673
0.554416
0.436874
0.201381
0.239508
0.224580
0.688465
0.314545
0.667690
0.929753
0.722194
0.111025
0.856725
0.537583
0.898897
0.897092
0.249958
0.485754
0.056151
0.848728
0.381573
0.793950
0.234628
0.198275
0.180424
0.863984
0.484721
0.148445
0.858346
0.231118
0.209172
0.507467
0.409008
0.162049
0.006509
0.973927
0.388026
0.224731
0.970990
0.115022
0.480057
0.841283
0.728197
0.591330
0.195541
0.333896
0.851183
0.970545
0.924407
0.587626
0.029682
0.849554
0.536878
0.983246
0.132890
0.448252
0.526938
0.544454
0.902939
0.750947
0.591284
0.940353
0.088760
0.725351
0.008887
0.276606
0.635488
0.640087
0.701575
0.984347
0.699073
0.696411
0.616353
0.109002
0.484904
0.677239
0.762058
0.242619
0.798019
0.357379
0.777314
0.111179
0.935170
0.695715
0.208900
0.597320
0.699387
0.197445
0.379120
0.970762
0.538743
0.068689
0.941744
0.331925
0.625367
0.335163
0.326842
0.314316
0.230048
0.831197
0.598184
0.800400
0.503363
0.927235
0.869997
0.693188
0.346699
0.016851
0.914234
0.357611
0.905701
0.764131
0.731051
0.454895
0.414074
0.976485
0.434158
0.089386
0.085802
0.946164
0.333779
0.067297
0.036971
0.347245
0.582120
0.024204
0.211886
0.106940
0.412945
0.153196
0.998891
0.335827
0.075809
0.495805
0.015430
0.818033
0.988901
0.527220
0.895108
0.068353
0.848794
0.157040
0.156626
0.569530
0.111633
0.904750
0.319974
0.942080
0.053567
0.820113
0.662742
0.075551
0.918403
0.674340
0.792052
0.190421
0.341311
0.816905
0.817793
0.602101
0.407541
0.190508
0.232459
0.242937
0.457173
0.935381
0.873106
0.556608
0.908107
0.452971
0.912405
0.925795
0.251350
0.194141
0.908342
0.714238
0.521006
0.791282
0.355258
0.105800
0.486577
0.766954
0.101247
0.185561
0.821834
0.270569
0.716529
0.032509
0.321629
0.262717
0.561869
0.553411
0.849082
0.974452
0.672036
0.378006
0.068201
0.303535
0.753169
0.523743
0.853516
0.105420
0.820058
0.812833
0.755104
0.924705
0.354941
0.946051
0.455420
0.970886
0.047660
0.889138
0.188912
0.745180
0.231651
0.163414
0.746049
0.394786
0.224427
0.028520
0.574306
0.125647
0.937265
0.350434
0.478048
0.910058
0.968707
0.532125
0.350056
0.643654
0.931370
0.789386
0.816713
0.246484
0.082013
0.744445
0.708156
0.171279
0.390802
0.920587
0.169904
0.131324
0.566627
0.809862
0.293889
0.640636
0.179779
0.482515
0.379030
0.266851
0.929464
0.862380
0.833598
0.226076
0.188919
0.130437
0.036968
0.539318
0.732153
0.984063
0.904754
0.159225
0.869807
0.589307
0.900879
0.048071
0.072836
0.856607
0.749402
0.724089
0.376670
0.657422
0.288828
0.421458
0.879548
0.713062
0.937344
0.154224
0.280493
0.231840
0.988725
0.107846
0.558107
0.973093
0.809474
0.172547
0.343304
0.974776
0.566532
0.895513
0.669294
0.815297
0.974392
0.776672
0.331638
0.282218
0.037805
0.824347
0.910682
0.903949
0.693020
0.578682
0.308084
0.851714
0.662564
0.905198
0.747808
0.545169
0.766145
0.558089
0.268576
0.375795
0.138106
0.659454
0.577470
0.698880
0.538906
0.480261
0.390529
0.710740
0.697795
0.431784
0.312774
0.518020
0.853950
0.469907
0.523144
0.287364
0.575995
0.713222
0.755124
0.425368
0.221560
0.310280
0.886148
0.541280
0.970239
0.339668
0.062702
0.170939
0.130301
0.963542
0.246967
0.744545
0.021323
0.402556
0.038059
0.839277
0.295754
0.576297
0.118783
0.818876
0.440478
0.023898
0.839287
0.396105
0.737700
0.846606
0.763128
0.502586
0.239867
0.807062
0.069811
0.077622
0.887620
0.084864
0.990643
0.629151
0.568580
0.777593
0.021182
0.733409
0.458660
0.600686
0.932334
0.254800
0.920944
0.975045
0.131358
0.135212
0.559234
0.191547
0.101118
0.945769
0.967363
0.547252
0.477755
0.259046
0.499206
0.496201
0.179664
0.702848
0.960040
0.232611
0.349979
0.636881
0.924117
0.806967
0.055487
0.761596
0.086854
0.493906
0.641453
0.056821
0.318210
0.609770
0.677992
0.861090
0.286298
0.288863
0.962258
0.167041
0.540995
0.639375
0.334581
0.522303
0.894775
0.528084
0.007339
0.908869
0.904914
0.599587
0.934186
0.419234
0.074720
0.680136
0.814807
0.168255
0.363157
0.904190
0.846535
0.061607
0.267905
0.736570
0.118412
0.592515
0.656966
0.844257
0.774167
0.737485
0.932905
0.846256
0.036333
0.170564
0.770775
0.480991
0.031684
0.987382
0.559167
0.368905
0.845301
0.920003
0.761339
0.300558
0.472927
0.798420
0.402186
0.881789
0.564607
0.863286
0.963491
0.248435
0.141726
0.217860
0.555276
0.801622
0.518926
0.407788
0.730452
0.185617
0.525602
0.189808
0.863003
0.755242
0.961957
0.270996
0.240662
0.077543
0.064226
0.117125
0.789794
0.648156
0.224711
0.212133
0.495848
0.338947
0.305690
0.942600
0.684353
0.539192
0.702866
0.045414
0.446568
0.713862
0.813570
0.429144
0.926437
0.932434
0.316962
0.717724
0.211779
0.869830
0.606506
0.798293
0.207167
0.944307
0.867265
0.634918
0.607945
0.528930
0.559450
0.959527
0.677480
0.994074
0.961988
0.916007
0.671027
0.445502
0.811975
0.229900
0.901447
0.200233
0.923131
0.843403
0.541186
0.871555
0.813981
0.704255
0.472096
0.543194
0.268557
0.459994
0.985316
0.325617
0.192848
0.290734
0.787024
0.076311
0.031961
0.040194
0.956552
0.499334
0.148547
0.874587
0.839482
0.032782
0.314298
0.032223
0.932656
0.998462
0.574442
0.115242
0.957761
0.585090
0.060737
0.032748
0.336730
0.320917
0.561455
0.017361
0.221609
0.266602
0.126625
0.412623
0.123956
0.024378
0.371995
0.646084
0.799059
0.661619
0.233964
0.363851
0.617096
0.429467
0.367510
0.179915
0.680443
0.910601
0.426785
0.382979
0.891266
0.441870
0.739724
0.911694
0.238509
0.861466
0.109374
0.545037
0.445009
0.157778
0.230590
0.818839
0.714481
0.325792
0.695623
0.354726
0.549969
0.841864
0.329694
0.928535
0.119518
0.870449
0.310901
0.487937
0.545499
0.635544
0.710320
0.901791
0.149444
0.890574
0.869653
0.356795
0.437294
0.965591
0.906574
0.052272
0.537778
0.369045
0.202505
0.145294
0.470680
0.079220
0.443946
0.401572
0.817968
0.730466
0.726042
0.770213
0.879460
0.431554
0.814393
0.352064
0.730400
0.544435
0.436449
0.123341
0.760225
0.794966
0.834485
0.131708
0.493147
0.523213
0.765083
0.946200
0.989833
0.947057
0.041368
0.332224
0.857566
0.293170
0.059624
0.777282
0.290275
0.625127
0.866261
0.622726
0.290759
0.797249
0.148761
0.594460
0.950409
0.109759
0.378916
0.075440
0.766547
0.907415
0.611507
0.051581
0.338091
0.318728
0.418918
0.488375
0.505030
0.891463
0.004007
0.578393
0.178977
0.654725
0.920940
0.631780
0.577919
0.787739
0.397356
0.076781
0.639816
0.056449
0.200995
0.480985
0.592767
0.494263
0.149228
0.503955
0.534316
0.752440
0.899470
0.227715
0.683830
0.475433
0.870227
0.284571
0.468686
0.110545
0.174164
0.185194
0.770721
0.429885
0.052712
0.238868
0.461751
0.713257
0.602772
0.619361
0.498160
0.047310
0.805410
0.552828
0.511024
0.370187
0.089227
0.049263
0.441003
0.109923
0.581495
0.248910
0.731429
0.203748
0.872003
0.664167
0.048417
0.665963
0.700880
0.642339
0.067375
0.212691
0.504960
0.203197
0.409420
0.818059
0.849296
0.388007
0.171646
0.830422
0.422517
0.935271
0.249210
0.828444
0.587358
0.936933
0.856119
0.951095
0.410897
0.262881
0.611549
0.745943
0.222095
0.528834
0.549576
0.696284
0.985905
0.952727
0.447150
0.606347
0.181565
0.248734
0.446900
0.838567
0.325154
0.069466
0.811418
0.448206
0.289967
0.170650
0.501742
0.285706
0.018874
0.355848
0.577011
0.920245
0.066277
0.200261
0.101225
0.360102
0.488385
0.063212
0.487620
0.134570
0.363757
0.911089
0.166579
0.783069
0.475050
0.090858
0.019007
0.641460
0.330768
0.445086
0.547574
0.291978
0.524956
0.741008
0.871711
0.967024
0.805182
0.418622
0.921424
0.680654
0.885803
0.438088
0.997027
0.064137
0.855226
0.738777
0.968355
0.759451
0.692441
0.396796
0.853730
0.280032
0.248974
0.292404
0.376277
0.281246
0.746186
0.452923
0.107658
0.040583
0.172760
0.621840
0.226067
0.273134
0.590534
0.094106
0.219701
0.391750
0.525633
0.946239
0.526694
0.450921
0.952084
0.144735
0.319858
0.822847
0.592561
0.226372
0.105995
0.474560
0.950453
0.569927
0.435936
0.424207
0.843408
0.403361
0.718126
0.727488
0.784663
0.468003
0.535115
0.403504
0.017838
0.468164
0.102792
0.071368
0.875960
0.519137
0.945002
0.300435
0.538077
0.638775
0.824078
0.640047
0.688218
0.949845
0.547931
0.898616
0.642105
0.635946
0.028288
0.192601
0.657060
0.458701
0.688190
0.836505
0.449141
0.855851
0.790406
0.845137
0.837509
0.528194
0.996482
0.265834
0.457416
0.139516
0.467875
0.144575
0.027494
0.120860
0.319328
0.596441
0.731007
0.833906
0.448121
0.434947
0.240679
0.924810
0.643294
0.400620
0.258155
0.928463
0.862801
0.297793
0.487112
0.074539
0.324779
0.927980
0.657769
0.233495
0.247014
0.523048
0.873851
0.627373
0.075786
0.403540
0.573951
0.843189
0.745729
0.585366
0.060215
0.024170
0.014482
0.347154
0.730169
0.496113
0.312482
0.963124
0.093498
0.304859
0.666504
0.561618
0.715335
0.909981
0.406895
0.843419
0.610971
0.985177
0.098856
0.189649
0.143340
0.725041
0.977856
0.806165
0.322674
0.230425
0.382917
0.336700
0.865718
0.341816
0.018214
0.973943
0.586992
0.285321
0.316438
0.196920
0.423921
0.684059
0.694620
0.851596
0.757204
0.036022
0.786600
0.403813
0.903290
0.756643
0.992679
0.660563
0.812158
0.091127
0.327071
0.455035
0.795137
0.800721
0.972827
0.397806
0.587930
0.872949
0.311650
0.532476
0.386431
0.874852
0.106393
0.117694
0.699803
0.908624
0.835513
0.854195
0.578439
0.810939
0.754075
0.047546
0.985097
0.802572
0.662184
0.853937
0.886229
0.707641
0.660572
0.103557
0.007336
0.257601
0.660288
0.986930
0.690303
0.431581
0.369390
0.173672
0.840985
0.991425
0.918764
0.807304
0.599702
0.998020
0.710884
0.177504
0.003397
0.468605
0.212638
0.152914
0.042765
0.197791
0.984339
0.400689
0.016871
0.034918
0.693582
0.807544
0.927306
0.426145
0.141440
0.932157
0.668650
0.301908
0.600407
0.888377
0.406311
0.351782
0.183746
0.207576
0.590417
0.483853
0.424260
0.428304
0.448345
0.840726
0.110804
0.680786
0.301295
0.837637
0.321717
0.188087
0.043694
0.419779
0.098326
0.507356
0.349582
0.397989
0.646105
0.642540
0.477848
0.528205
0.147347
0.830434
0.648399
0.836320
0.263265
0.337864
0.173278
0.863867
0.225600
0.808882
0.529148
0.500859
0.832662
0.413910
0.138530
0.281443
0.921307
0.921231
0.434141
0.519037
0.468088
0.025600
0.070513
0.945443
0.847431
0.316301
0.535955
0.260067
0.144406
0.681911
0.631425
0.779620
0.470883
0.062380
0.906058
0.466407
0.887646
0.148747
0.366119
0.686994
0.696516
0.071675
0.158932
0.967274
0.175425
0.533715
0.138772
0.541068
0.409714
0.245277
0.770394
0.085637
0.083064
0.486248
0.849580
0.568924
0.274189
0.996221
0.510036
0.642103
0.537926
0.105686
0.542768
0.460774
0.393093
0.764237
0.637641
0.844836
0.590372
0.152881
0.836550
0.348145
0.971871
0.435639
0.692171
0.334175
0.874424
0.507539
0.893767
0.694240
0.870240
0.725295
0.849364
0.223822
0.414587
0.503975
0.908744
0.135150
0.898518
0.565000
0.940193
0.147493
0.637437
0.812110
0.311524
0.399447
0.900004
0.373545
0.307410
0.080644
0.867495
0.908480
0.584934
0.616296
0.066401
0.758660
0.731094
0.061401
0.726548
0.903713
0.753076
0.598630
0.557312
0.719497
0.676590
0.883030
0.713955
0.558346
0.231614
0.057995
0.337569
0.780670
0.109453
0.372326
0.822674
0.728040
0.830859
0.171582
0.207734
0.694906
0.081927
0.003980
0.341584
0.232191
0.271964
0.479561
0.283339
0.401149
0.224260
0.330534
0.009377
0.236586
0.614647
0.742206
0.677482
0.818558
0.171566
0.030733
0.418660
0.681223
0.501667
0.131404
0.859154
0.794090
0.823186
0.296104
0.021070
0.068557
0.100908
0.970037
0.096209
0.102467
0.166445
0.786311
0.255096
0.055381
0.070203
0.165305
0.547150
0.822074
0.200420
0.488352
0.207962
0.763240
0.783182
0.508455
0.939935
0.678962
0.267805
0.512875
0.831309
0.537671
0.436203
0.133491
0.368782
0.063344
0.844137
0.152920
0.057575
0.045795
0.507058
0.641294
0.551460
0.379126
0.543652
0.416099
0.209854
0.104656
0.355452
0.703219
0.919854
0.186726
0.779717
0.720743
0.862693
0.479439
0.543352
0.359585
0.165588
0.243063
0.165252
0.519786
0.794644
0.081079
0.710142
0.723601
0.330281
0.029857
0.354793
0.283120
0.875573
0.526997
0.563087
0.390139
0.216525
0.692452
0.614754
0.529949
0.652610
0.906585
0.737971
0.531374
0.800952
0.486187
0.962225
0.457102
0.038264
0.814784
0.947849
0.437688
0.454783
0.845868
0.235040
0.157564
0.862650
0.282499
0.969667
0.132346
0.120015
0.056231
0.947101
0.465423
0.128892
0.141782
0.619139
0.652315
0.150937
0.207325
0.242895
0.099226
0.606700
0.616652
0.933549
0.645233
0.310938
0.668531
0.693843
0.005181
0.913729
0.527094
0.320286
0.083875
0.413578
0.708531
0.076584
0.624921
0.467769
0.434202
0.435707
0.144602
0.314695
0.125803
0.639529
0.229508
0.644913
0.338631
0.034545
0.635140
0.398810
0.835295
0.698936
0.472133
0.149803
0.172426
0.974401
0.789642
0.358405
0.281736
0.709518
0.916417
0.993654
0.296003
0.972942
0.775379
0.938626
0.318581
0.227027
0.495504
0.584191
0.527460
0.597266
0.875485
0.412785
0.803913
0.421466
0.649081
0.258762
0.890595
0.315489
0.026094
0.865517
0.620662
0.009561
0.271268
0.137784
0.270941
0.259926
0.193783
0.890749
0.128316
0.653830
0.581729
0.440360
0.515776
0.639345
0.980629
0.060650
0.196849
0.023026
0.605680
0.387253
0.204536
0.494598
0.839284
0.489501
0.960898
0.824969
0.115403
0.518604
0.350224
0.717517
0.369375
0.002963
0.263267
0.207742
0.646646
0.674636
0.670308
0.947298
0.349095
0.828467
0.431672
0.978903
0.557778
0.027266
0.787341
0.121706
0.432287
0.346515
0.551132
0.114877
0.047794
0.408922
0.784905
0.092221
0.811376
0.285404
0.756803
0.023857
0.591281
0.762028
0.953705
0.812884
0.610427
0.803449
0.278017
0.985533
0.384184
0.828509
0.315534
0.181906
0.330171
0.183042
0.014163
0.119667
0.123702
0.213316
0.609549
0.653191
0.318262
0.359889
0.316563
0.132994
0.768891
0.689380
0.865682
0.241776
0.983096
0.228583
0.387813
0.960141
0.845545
0.063530
0.474229
0.522758
0.308429
0.602136
0.291109
0.249224
0.369665
0.093845
0.788567
0.667635
0.158614
0.858427
0.986896
0.446473
0.568315
0.838510
0.769641
0.475040
0.890685
0.680498
0.082706
0.006724
0.274908
0.424694
0.996276
0.734735
0.909588
0.890438
0.094394
0.997805
0.167974
0.553080
0.524573
0.114255
0.016763
0.188093
0.972990
0.076821
0.908162
0.099594
0.582559
0.076991
0.709871
0.636125
0.451230
0.495031
0.707777
0.940519
0.932942
0.128528
0.992856
0.981979
0.407370
0.435506
0.940342
0.610589
0.927261
0.944945
0.750614
0.375055
0.931169
0.603927
0.064706
0.605793
0.808900
0.662323
0.331441
0.723947
0.108024
0.577886
0.398935
0.063532
0.700342
0.801073
0.663032
0.843858
0.712007
0.973714
0.133733
0.192403
0.931768
0.961770
0.004164
0.668323
0.017137
0.012378
0.423372
0.182306
0.933467
0.561022
0.304342
0.142168
0.798496
0.557143
0.434109
0.402687
0.823775
0.476470
0.107509
0.974125
0.300886
0.155708
0.865798
0.492668
0.077131
0.539384
0.993591
0.207829
0.502492
0.048190
0.691921
0.461417
0.253559
0.351373
0.702966
0.568914
0.394612
0.499826
0.686465
0.150561
0.711286
0.908583
0.334094
0.763727
0.235777
0.183460
0.723120
0.362540
0.508410
0.992334
0.343412
0.341687
0.819669
0.671828
0.842951
0.629747
0.327440
0.229488
0.509191
0.388583
0.721041
0.403402
0.691246
0.988909
0.228222
0.138923
0.547441
0.192157
0.252396
0.757974
0.122443
0.233591
0.350199
0.362327
0.688068
0.114049
0.476479
0.119405
0.564061
0.944835
0.344114
0.628100
0.233335
0.213754
0.075712
0.012900
0.116282
0.145850
0.316217
0.816513
0.928322
0.700459
0.179482
0.582898
0.343325
0.691321
0.414700
0.782330
0.874418
0.037707
0.393767
0.825120
0.286015
0.485303
0.878524
0.347958
0.712027
0.493568
0.264878
0.102525
0.391913
0.323804
0.402972
0.105756
0.887506
0.115533
0.240148
0.559900
0.820139
0.579078
0.054203
0.362492
0.001996
0.514634
0.863214
0.105497
0.932503
0.082271
0.686757
0.722000
0.516159
0.467289
0.460090
0.650616
0.730790
0.419503
0.883380
0.433950
0.454959
0.186176
0.934518
0.289224
0.542064
0.433563
0.845738
0.737198
0.220475
0.172929
0.497168
0.059675
0.389571
0.019340
0.417502
0.995554
0.178392
0.845762
0.203033
0.859299
0.216332
0.315741
0.517979
0.461865
0.335124
0.634106
0.064940
0.980094
0.451747
0.130235
0.704868
0.013157
0.167698
0.950161
0.248389
0.599952
0.328530
0.884338
0.368949
0.175173
0.507356
0.383759
0.434005
0.398843
0.868033
0.539232
0.191377
0.198956
0.310466
0.622211
0.858665
0.273047
0.556522
0.850349
0.965998
0.865248
0.176695
0.970849
0.814947
0.893029
0.433177
0.908199
0.704476
0.074269
0.594526
0.942738
0.500830
0.591731
0.602635
0.249796
0.101257
0.129070
0.108038
0.197552
0.067637
0.780029
0.070570
0.871003
0.938259
0.939957
0.906527
0.139884
0.514024
0.764821
0.280363
0.234722
0.855935
0.165576
0.739878
0.736297
0.717357
0.492653
0.802099
0.853275
0.107700
0.563106
0.557734
0.578170
0.381141
0.358023
0.292169
0.225451
0.448978
0.545556
0.859370
0.903948
0.008212
0.800446
0.102457
0.829625
0.189979
0.138537
0.423792
0.199647
0.184194
0.968084
0.772612
0.513957
0.663057
0.191936
0.865963
0.120511
0.474313
0.248207
0.087136
0.983130
0.920880
0.833763
0.335154
0.819486
0.098923
0.955953
0.421008
0.158185
0.390862
0.754048
0.635307
0.329687
0.259182
0.932827
0.733316
0.981951
0.464215
0.975964
0.104899
0.428335
0.534117
0.235072
0.797851
0.757180
0.594658
0.309471
0.745164
0.408622
0.163856
0.489542
0.082869
0.337926
0.422261
0.689594
0.330662
0.403795
0.271126
0.860863
0.109209
0.446844
0.722083
0.077041
0.575033
0.344199
0.154167
0.908688
0.126702
0.061967
0.605162
0.543197
0.857393
0.283366
0.709012
0.917522
0.553312
0.206196
0.371153
0.574627
0.541218
0.703212
0.807643
0.554059
0.819652
0.581122
0.727273
0.514039
0.537652
0.501189
0.070831
0.948214
0.053564
0.313942
0.747441
0.405265
0.479046
0.673774
0.930531
0.503950
0.425153
0.632137
0.948417
0.329139
0.676183
0.240943
0.176503
0.924747
0.952172
0.545236
0.206399
0.605237
0.933961
0.705289
0.325382
0.085997
0.138899
0.596362
0.928018
0.991299
0.295466
0.307240
0.137734
0.502839
0.988637
0.448447
0.923794
0.237701
0.873215
0.524342
0.439681
0.226890
0.690711
0.490847
0.810084
0.048729
0.108966
0.667846
0.080475
0.059057
0.637315
0.791793
0.487226
0.665453
0.079865
0.053856
0.375991
0.988061
0.373840
0.580468
0.306997
0.916851
0.838813
0.069096
0.750363
0.755528
0.628257
0.019673
0.951696
0.686427
0.240806
0.512836
0.494077
0.408446
0.700913
0.325934
0.800100
0.310885
0.264616
0.876824
0.606641
0.628519
0.225567
0.308555
0.652192
0.465517
0.490549
0.724077
0.585473
0.525396
0.635747
0.132513
0.125030
0.597808
0.140137
0.045166
0.760000
0.446965
0.587483
0.562253
0.816264
0.946319
0.922474
0.407149
0.350973
0.194860
0.100250
0.114319
0.459775
0.626280
0.864546
0.865577
0.859831
0.837063
0.282397
0.436434
0.769556
0.176385
0.329258
0.984028
0.661506
0.081903
0.205625
0.839006
0.483420
0.343125
0.544967
0.898399
0.786339
0.919003
0.785046
0.232216
0.277260
0.729587
0.184227
0.174693
0.832865
0.942672
0.407095
0.767723
0.723555
0.254972
0.837042
0.239335
0.753003
0.451938
0.527082
0.248681
0.314468
0.159181
0.625310
0.410054
0.894759
0.068902
0.531375
0.855151
0.760315
0.543642
0.700230
0.023159
0.174843
0.233292
0.826245
0.934155
0.308387
0.165161
0.953358
0.839541
0.584663
0.516046
0.376098
0.524489
0.705004
0.393873
0.954557
0.817025
0.407963
0.248495
0.768351
0.926104
0.645380
0.909509
0.906509
0.460706
0.546921
0.486135
0.330424
0.982214
0.121303
0.841983
0.275535
0.305692
0.215837
0.817236
0.866325
0.819480
0.985814
0.662918
0.722344
0.648172
0.967585
0.986451
0.216049
0.587482
0.306997
0.204060
0.013978
0.421039
0.567815
0.732334
0.070489
0.253371
0.679673
0.716599
0.749535
0.109285
0.625451
0.635115
0.297824
0.740977
0.604218
0.892281
0.977421
0.818187
0.125309
0.137311
0.454319
0.655783
0.325911
0.242752
0.120715
0.043803
0.089761
0.234680
0.163217
0.508099
0.156146
0.177934
0.059866
0.350591
0.521126
0.638780
0.649913
0.736417
0.268508
0.537301
0.748290
0.034970
0.545046
0.484819
0.919822
0.941289
0.278167
0.209766
0.356582
0.946432
0.287433
0.899713
0.857354
0.567275
0.572206
0.828488
0.654893
0.949318
0.473566
0.955214
0.910149
0.816365
0.361429
0.346220
0.150659
0.038666
0.037801
0.709711
0.002220
0.840933
0.770887
0.584919
0.400228
0.872543
0.175832
0.189722
0.892895
0.247706
0.976778
0.610182
0.908055
0.451061
0.258813
0.278354
0.365434
0.646337
0.431561
0.006645
0.115995
0.858792
0.859663
0.562930
0.389940
0.397117
0.597049
0.824812
0.167843
0.392572
0.816694
0.247724
0.759694
0.851959
0.326942
0.132896
0.410638
0.020712
0.778262
0.260177
0.648256
0.241233
0.105662
0.739058
0.964376
0.962400
0.034442
0.670206
0.076684
0.936151
0.759566
0.750032
0.155613
0.237604
0.647768
0.502151
0.415976
0.112296
0.009510
0.201459
0.168098
0.318073
0.944920
0.947648
0.779296
0.854562
0.330438
0.033334
0.914911
0.509020
0.324751
0.885140
0.481828
0.477152
0.024097
0.190812
0.881709
0.408898
0.075382
0.477984
0.663073
0.284428
0.195153
0.606200
0.529553
0.731150
0.474138
0.458045
0.677144
0.169318
0.448903
0.262302
0.778409
0.927125
0.868900
0.505403
0.961108
0.335617
0.600492
0.450365
0.118763
0.423352
0.708011
0.907237
0.789688
0.038946
0.500932
0.717709
0.018940
0.879163
0.598163
0.420174
0.616592
0.568235
0.244426
0.850726
0.509553
0.682144
0.425771
0.970360
0.588501
0.735549
0.524426
0.558245
0.134142
0.929203
0.377115
0.504197
0.297257
0.906673
0.752521
0.308361
0.856432
0.390037
0.336117
0.950171
0.908981
0.088317
0.744704
0.028659
0.009741
0.417580
0.625899
0.868403
0.475912
0.789908
0.313712
0.105352
0.962957
0.456516
0.391327
0.949508
0.497433
0.298871
0.984105
0.311174
0.860096
0.706222
0.094581
0.078068
0.651302
0.647920
0.268395
0.954988
0.566847
0.618541
0.614289
0.198482
0.064295
0.911302
0.507983
0.677857
0.827606
0.253533
0.301121
0.712158
0.533506
0.544065
0.191832
0.920958
0.600374
0.077902
0.048771
0.594992
0.745258
0.274338
0.918751
0.160026
0.594520
0.571050
0.989049
0.852778
0.768090
0.573243
0.765818
0.539110
0.187761
0.002757
0.813387
0.329643
0.919513
0.960475
0.765923
0.543268
0.143847
0.964216
0.960338
0.250843
0.523241
0.355710
0.481587
0.825388
0.891290
0.670731
0.989729
0.216178
0.084319
0.356929
0.290125
0.246689
0.556098
0.709617
0.388915
0.664038
0.014086
0.716374
0.966928
0.603526
0.467853
0.780881
0.825136
0.098502
0.235136
0.393245
0.469049
0.394956
0.478571
0.071032
0.470304
0.613183
0.788438
0.389427
0.480467
0.336107
0.147658
0.211902
0.480570
0.455405
0.950529
0.120399
0.283321
0.141757
0.653905
0.306618
0.012853
0.553084
0.348162
0.338140
0.866108
0.392561
0.196804
0.253895
0.304060
0.074067
0.131061
0.606256
0.870243
0.053255
0.644614
0.569601
0.326015
0.203969
0.430401
0.029680
0.010573
0.437719
0.275456
0.091056
0.360197
0.413446
0.091398
0.362211
0.983378
0.110126
0.640329
0.354804
0.511167
0.539599
0.022865
0.754795
0.597029
0.374495
0.853330
0.062628
0.696135
0.028638
0.454844
0.265866
0.925963
0.636791
0.984452
0.893346
0.010414
0.678153
0.937414
0.832190
0.697765
0.024311
0.694208
0.979444
0.574569
0.177308
0.049520
0.694579
0.876096
0.216426
0.806964
0.647879
0.018862
0.671974
0.516146
0.287462
0.498892
0.478836
0.171202
0.523427
0.654170
0.479279
0.755419
0.334735
0.271679
0.400336
0.900077
0.810682
0.115826
0.942277
0.794209
0.346420
0.200023
0.806655
0.924484
0.507381
0.847929
0.250378
0.001533
0.881588
0.673086
0.770308
0.723473
0.456977
0.220432
0.854909
0.193563
0.832649
0.881913
0.548440
0.123214
0.522407
0.339895
0.881633
0.362296
0.594495
0.271520
0.662513
0.175840
0.755794
0.727101
0.683253
0.571901
0.309144
0.885029
0.184243
0.343357
0.250308
0.990761
0.384910
0.452544
0.422420
0.961028
0.611569
0.519416
0.390740
0.426364
0.954372
0.200952
0.553875
0.992005
0.506472
0.823138
0.468306
0.112777
0.976088
0.070219
0.164519
0.642148
0.323346
0.594271
0.093012
0.566487
0.924488
0.998390
0.709116
0.456968
0.582175
0.607836
0.523432
0.344459
0.316863
0.286031
0.880669
0.175150
0.735120
0.209046
0.938992
0.161372
0.679887
0.087559
0.194383
0.674691
0.738209
0.845635
0.803924
0.105550
0.786279
0.929299
0.516784
0.150846
0.471651
0.344855
0.814781
0.400210
0.109345
0.509237
0.222831
0.032548
0.752884
0.246267
0.484971
0.862720
0.903072
0.669199
0.459748
0.396930
0.755801
0.559082
0.200000
0.764336
0.744171
0.659657
0.510946
0.238235
0.187693
0.464142
0.576166
0.186462
0.769932
0.640612
0.486827
0.887828
0.582268
0.725788
0.173217
0.206781
0.211954
0.779004
0.521379
0.166235
0.542706
0.917704
0.047987
0.329651
0.160768
0.313824
0.324391
0.476012
0.713037
0.999442
0.291331
0.499967
0.800117
0.564612
0.328768
0.015984
0.669223
0.306723
0.564672
0.808248
0.622066
0.057268
0.780794
0.612765
0.803143
0.638699
0.745266
0.607021
0.375366
0.733064
0.948389
0.324713
0.623296
0.839241
0.100815
0.214598
0.709448
0.592547
0.168254
0.976343
0.715338
0.076946
0.944309
0.682189
0.655121
0.105436
0.717480
0.127939
0.893689
0.929894
0.469039
0.243814
0.230518
0.290945
0.478583
0.675530
0.832251
0.376332
0.431452
0.055798
0.577048
0.539881
0.069078
0.310560
0.687889
0.881324
0.536084
0.663692
0.115078
0.010650
0.527600
0.446527
0.924645
0.951994
0.782057
0.309246
0.262747
0.785793
0.788228
0.941540
0.709754
0.810410
0.654647
0.708644
0.283831
0.923901
0.033081
0.011166
0.884358
0.203213
0.888218
0.295493
0.821727
0.083755
0.590381
0.135138
0.612397
0.831021
0.588336
0.128113
0.636643
0.533294
0.341085
0.514401
0.380517
0.438204
0.781136
0.710512
0.991740
0.085489
0.611855
0.731664
0.059882
0.255028
0.957063
0.869927
0.031473
0.826442
0.265496
0.709064
0.247636
0.229270
0.893865
0.571175
0.361570
0.418043
0.152180
0.840711
0.081359
0.323273
0.980232
0.129079
0.875049
0.268230
0.255637
0.305827
0.164165
0.085027
0.416779
0.705039
0.672384
0.966415
0.758179
0.039855
0.151197
0.728235
0.045057
0.242394
0.696406
0.079868
0.856781
0.656370
0.930115
0.076432
0.148080
0.107504
0.443715
0.698842
0.489632
0.771773
0.178731
0.940098
0.377360
0.659543
0.824355
0.003973
0.178426
0.687701
0.402324
0.803323
0.991720
0.771809
0.920201
0.608973
0.956360
0.232759
0.341205
0.097942
0.842194
0.970889
0.039995
0.504884
0.835152
0.755604
0.895980
0.838191
0.005060
0.347342
0.085141
0.099142
0.466580
0.795600
0.443516
0.977779
0.651626
0.722619
0.825358
0.103450
0.574928
0.835188
0.610977
0.533911
0.648613
0.731714
0.236994
0.878961
0.376366
0.759788
0.238341
0.299152
0.507033
0.499643
0.579266
0.295482
0.559698
0.216499
0.391713
0.832137
0.640228
0.452095
0.374886
0.203450
0.480068
0.972022
0.890246
0.382012
0.453250
0.506718
0.921522
0.253117
0.013088
0.623167
0.878913
0.459090
0.566042
0.441248
0.389237
0.024930
0.031529
0.609995
0.517374
0.915595
0.471914
0.628277
0.956500
0.258289
0.700092
0.422060
0.862078
0.645458
0.150550
0.563762
0.803602
0.382883
0.735942
0.172405
0.494299
0.351023
0.591350
0.697414
0.117247
0.567539
0.453567
0.341901
0.391142
0.257119
0.838139
0.997922
0.563803
0.106013
0.802196
0.468177
0.949646
0.179331
0.040339
0.454520
0.961179
0.157384
0.712386
0.868840
0.955950
0.973412
0.088433
0.328711
0.120465
0.650724
0.895550
0.147863
0.642065
0.106659
0.723118
0.426013
0.038479
0.549446
0.786094
0.236921
0.792135
0.899675
0.537777
0.957397
0.801040
0.650217
0.580477
0.070183
0.148160
0.888319
0.042947
0.703646
0.704269
0.664588
0.310907
0.681439
0.121988
0.750764
0.929228
0.183172
0.217414
0.498456
0.593533
0.546681
0.045956
0.333443
0.851596
0.354858
0.495674
0.405250
0.111902
0.373135
0.888927
0.492277
0.463370
0.062334
0.205190
0.043187
0.036079
0.257458
0.527512
0.741962
0.052085
0.944631
0.444851
0.415218
0.436241
0.201215
0.294149
0.076197
0.972321
0.900445
0.540747
0.212258
0.326710
0.380961
0.624258
0.785598
0.132037
0.399338
0.449095
0.216041
0.272265
0.323148
0.194053
0.657678
0.069259
0.982968
0.432154
0.147438
0.503239
0.230789
0.978663
0.594617
0.654967
0.193026
0.569097
0.669312
0.219317
0.149219
0.167051
0.429686
0.175819
0.899831
0.530054
0.169969
0.214059
0.442484
0.845824
0.562043
0.486870
0.586626
0.876462
0.464039
0.123122
0.179807
0.808329
0.962224
0.079701
0.569391
0.954592
0.652057
0.488755
0.503282
0.758559
0.127066
0.285435
0.400550
0.221580
0.078318
0.441579
0.863347
0.561178
0.682845
0.424834
0.817278
0.584493
0.618528
0.127787
0.167790
0.039618
0.549352
0.529249
0.551132
0.042933
0.414527
0.055803
0.392962
0.143477
0.885188
0.286441
0.115564
0.604379
0.652870
0.301101
0.052552
0.094588
0.435973
0.114308
0.331407
0.088942
0.057263
0.991259
0.109711
0.377921
0.402241
0.733349
0.837752
0.056416
0.431872
0.695501
0.452483
0.169095
0.532690
0.295205
0.166670
0.673446
0.853244
0.263841
0.930446
0.984596
0.831063
0.029883
0.135040
0.892395
0.963085
0.300641
0.172131
0.003893
0.041292
0.498322
0.325310
0.835897
0.262379
0.815731
0.968227
0.644478
0.945675
0.879693
0.289321
0.772329
0.349317
0.673463
0.914745
0.571433
0.474712
0.284380
0.815355
0.527388
0.679251
0.255882
0.263274
0.392475
0.684836
0.863857
0.148412
0.605665
0.654394
0.270938
0.522101
0.827514
0.811654
0.487676
0.447237
0.693576
0.674202
0.869975
0.292426
0.148581
0.851437
0.975598
0.998956
0.581208
0.194391
0.190950
0.108079
0.161597
0.462428
0.309371
0.793207
0.875621
0.853266
0.114688
0.675063
0.945751
0.410217
0.903974
0.982477
0.181839
0.328554
0.411157
0.878937
0.979385
0.307725
0.892156
0.523897
0.700222
0.786144
0.561121
0.243480
0.163082
0.020525
0.468857
0.910060
0.430145
0.574149
0.365697
0.183263
0.601260
0.822047
0.653649
0.352481
0.379843
0.201463
0.002231
0.395664
0.822906
0.190850
0.359581
0.081115
0.361017
0.619427
0.449554
0.084575
0.410170
0.043517
0.405862
0.566914
0.094227
0.398523
0.189096
0.398448
0.760371
0.191833
0.079568
0.461704
0.467350
0.558953
0.790445
0.499525
0.932560
0.901776
0.038087
0.880712
0.874294
0.574748
0.410886
0.059019
0.224117
0.614483
0.749304
0.327893
0.614915
0.425497
0.378070
0.694696
0.285943
0.165692
0.290533
0.082741
0.359508
0.518077
0.883357
0.932738
0.216643
0.210311
0.169983
0.229595
0.672491
0.842717
0.390567
0.684939
0.176700
0.022603
0.896076
0.716486
0.549813
0.863495
0.660717
0.985239
0.632940
0.400110
0.300189
0.880385
0.853383
0.372849
0.308011
0.826234
0.381710
0.050810
0.117450
0.769275
0.423234
0.862933
0.535726
0.376794
0.006010
0.588090
0.047939
0.328747
0.514376
0.883624
0.152807
0.646038
0.397396
0.097034
0.457231
0.101914
0.040228
0.367756
0.142848
0.786889
0.417842
0.168087
0.030436
0.516212
0.908258
0.008624
0.946824
0.704090
0.689783
0.320565
0.067951
0.099209
0.505890
0.473051
0.229313
0.446997
0.884452
0.858578
0.703890
0.077885
0.135981
0.525312
0.225098
0.026643
0.729167
0.415811
0.139698
0.771846
0.911097
0.022940
0.808938
0.799507
0.273579
0.753204
0.015723
0.990795
0.294564
0.224934
0.195968
0.407083
0.742983
0.774978
0.292528
0.290090
0.123691
0.926135
0.663533
0.450786
0.563619
0.223526
0.481531
0.425561
0.566826
0.598528
0.887477
0.615918
0.870468
0.102589
0.751050
0.679783
0.050792
0.980956
0.406751
0.836330
0.002415
0.560740
0.339128
0.906835
0.749054
0.413253
0.369878
0.313100
0.152705
0.743565
0.828519
0.161099
0.743335
0.659018
0.075220
0.765995
0.474467
0.993057
0.182016
0.637988
0.462685
0.003252
0.894102
0.205637
0.541666
0.736590
0.997778
0.360526
0.463923
0.046832
0.961804
0.767244
0.135184
0.465478
0.224644
0.595510
0.046103
0.849277
0.536021
0.743484
0.861809
0.354471
0.576401
0.376554
0.589099
0.894506
0.155831
0.894416
0.120747
0.318673
0.101768
0.748596
0.872649
0.771286
0.686350
0.396670
0.407864
0.643220
0.803375
0.429526
0.967111
0.470795
0.005132
0.421951
0.892198
0.753691
0.854288
0.509383
0.590932
0.808242
0.476045
0.306625
0.612368
0.221571
0.834666
0.576126
0.102287
0.673698
0.464747
0.589571
0.522333
0.719219
0.503884
0.269304
0.533530
0.609316
0.977017
0.854692
0.966564
0.352655
0.935015
0.718971
0.287098
0.595828
0.047123
0.317357
0.983998
0.608097
0.368802
0.627039
0.290190
0.910728
0.768030
0.440777
0.128251
0.049545
0.893301
0.891779
0.553010
0.493775
0.838666
0.558714
0.248392
0.899828
0.023135
0.663514
0.191603
0.422440
0.205611
0.515111
0.900174
0.726400
0.438826
0.550577
0.061211
0.860684
0.797469
0.709177
0.751946
0.635782
0.551945
0.369436
0.199865
0.198915
0.489822
0.656098
0.512557
0.656917
0.185854
0.351422
0.304320
0.051252
0.297089
0.239038
0.540404
0.363827
0.504558
0.080818
0.451701
0.318168
0.364736
0.237208
0.393364
0.251815
0.383755
0.645103
0.240158
0.658383
0.631189
0.467755
0.148668
0.939095
0.698390
0.527972
0.450556
0.443320
0.043464
0.975895
0.359888
0.917067
0.500097
0.669288
0.228681
0.590705
0.943903
0.148115
0.025022
0.317612
0.775641
0.853432
0.653647
0.590885
0.697572
0.407499
0.915259
0.004605
0.414028
0.168590
0.393173
0.550169
0.800767
0.278116
0.058329
0.229503
0.165200
0.704279
0.950069
0.179995
0.600729
0.077105
0.083464
0.117205
0.747286
0.923023
0.776784
0.358963
0.365054
0.308545
0.516773
0.368495
0.852106
0.254341
0.276035
0.186790
0.766448
0.992325
0.966479
0.779285
0.610203
0.415307
0.415511
0.334936
0.894366
0.664215
0.456768
0.484430
0.106910
0.761725
0.363374
0.978197
0.669732
0.629981
0.957091
0.235322
0.790008
0.617503
0.198716
0.664772
0.022315
0.246827
0.410607
0.515520
0.077280
0.017165
0.367347
0.149298
0.392507
0.539642
0.291026
0.887613
0.158818
0.627431
0.138275
0.474123
0.040147
0.337429
0.911458
0.647047
0.894193
0.788643
0.869898
0.438529
0.282649
0.337002
0.371958
0.635103
0.828624
0.635362
0.417453
0.043920
0.143148
0.066448
0.164288
0.933242
0.695062
0.117751
0.504423
0.544913
0.966472
0.630048
0.053005
0.124986
0.330633
0.451428
0.340594
0.372082
0.356676
0.369248
0.921325
0.869044
0.716130
0.073277
0.198158
0.421545
0.304520
0.171005
0.808294
0.678814
0.846311
0.574242
0.054720
0.029843
0.606661
0.095195
0.370631
0.048481
0.356489
0.317468
0.778269
0.369568
0.630491
0.277017
0.478202
0.404814
0.267461
0.531171
0.664145
0.011913
0.149427
0.688197
0.596404
0.796364
0.866062
0.590445
0.437748
0.006826
0.363154
0.312530
0.021856
0.758153
0.612690
0.970762
0.109175
0.029691
0.325659
0.606677
0.919580
0.410042
0.059885
0.968239
0.307207
0.935441
0.831094
0.776357
0.460494
0.560852
0.077600
0.737761
0.930014
0.446760
0.353382
0.400969
0.177340
0.397910
0.211047
0.499919
0.128658
0.682523
0.900124
0.286385
0.945269
0.243075
0.746054
0.911207
0.786946
0.805861
0.624781
0.116074
0.750126
0.851406
0.024615
0.579277
0.777378
0.238226
0.743229
0.504888
0.633108
0.817512
0.739855
0.536077
0.357907
0.646589
0.721713
0.437784
0.894730
0.837216
0.344903
0.156532
0.127949
0.265376
0.842852
0.797434
0.804202
0.848577
0.334185
0.528931
0.984517
0.063008
0.114746
0.750101
0.692083
0.446386
0.998422
0.645548
0.510577
0.804888
0.065401
0.168331
0.404727
0.428133
0.316150
0.988042
0.187699
0.200425
0.260577
0.021960
0.668314
0.887091
0.924848
0.131993
0.753761
0.051190
0.397794
0.765598
0.948397
0.919466
0.613768
0.888481
0.923942
0.640517
0.562675
0.191190
0.897688
0.757751
0.498369
0.237951
0.559440
0.521874
0.685900
0.998425
0.460431
0.981230
0.972745
0.892605
0.203331
0.374060
0.409982
0.463708
0.146005
0.387230
0.691733
0.748426
0.706671
0.695789
0.464715
0.060080
0.897534
0.133079
0.208397
0.756446
0.440419
0.810445
0.258523
0.695895
0.363062
0.878829
0.485365
0.855216
0.329972
0.943802
0.720121
0.399257
0.227490
0.874702
0.310032
0.562445
0.659048
0.023232
0.470769
0.778142
0.582768
0.244795
0.673870
0.623631
0.268391
0.326436
0.172061
0.432803
0.101945
0.119985
0.425175
0.759014
0.422199
0.180935
0.377593
0.687511
0.039504
0.768064
0.972292
0.037518
0.231417
0.582614
0.418987
0.542816
0.805997
0.458015
0.500937
0.737392
0.107981
0.862273
0.777668
0.627509
0.059333
0.477958
0.074451
0.728059
0.277814
0.383719
0.033419
0.151073
0.918165
0.502649
0.109910
0.426256
0.902838
0.705096
0.839148
0.422912
0.034634
0.376552
0.065719
0.241819
0.853477
0.677197
0.448454
0.413757
0.864345
0.342356
0.737907
0.134568
0.633076
0.588218
0.118466
0.087638
0.540768
0.802428
0.342563
0.453505
0.384402
0.693912
0.225078
0.829455
0.299337
0.852068
0.560900
0.623121
0.305801
0.295352
0.161118
0.233613
0.403375
0.068543
0.941214
0.478914
0.170867
0.943479
0.040117
0.803391
0.999547
0.378744
0.488500
0.135247
0.980363
0.360394
0.899250
0.738611
0.274875
0.260926
0.927796
0.193523
0.078913
0.271797
0.484677
0.960871
0.700449
0.062371
0.001319
0.867163
0.341399
0.543258
0.810902
0.841043
0.028788
0.834911
0.252254
0.212211
0.275222
0.804984
0.512910
0.752895
0.062403
0.804124
0.059560
0.108430
0.094568
0.135473
0.555762
0.579644
0.030450
0.395649
0.218446
0.935560
0.001482
0.353960
0.130954
0.646920
0.698427
0.643396
0.110185
0.032971
0.056075
0.044792
0.552256
0.246047
0.092738
0.799592
0.472715
0.018222
0.134342
0.603864
0.665894
0.945733
0.947508
0.055424
0.969988
0.871145
0.557073
0.357989
0.710834
0.268197
0.675372
0.463689
0.163309
0.364807
0.027034
0.162557
0.704579
0.027407
0.827059
0.431226
0.111937
0.943325
0.534039
0.831106
0.288284
0.692591
0.636415
0.518995
0.672974
0.508770
0.878781
0.292397
0.542146
0.549303
0.348101
0.751573
0.632112
0.785460
0.426219
0.506331
0.577924
0.183293
0.594543
0.195426
0.077074
0.979765
0.628050
0.899541
0.730091
0.909099
0.126775
0.216701
0.924594
0.347078
0.751236
0.404753
0.900517
0.205706
0.710691
0.574374
0.229586
0.014922
0.115785
0.104953
0.063736
0.005799
0.975767
0.343502
0.841643
0.992218
0.979948
0.994200
0.110744
0.813067
0.447669
0.595891
0.129299
0.719540
0.014672
0.471370
0.098923
0.093701
0.909259
0.791895
0.866510
0.783740
0.081663
0.881378
0.584089
0.203633
0.616327
0.957179
0.968572
0.532636
0.770567
0.710427
0.037800
0.272293
0.744971
0.932105
0.576230
0.281491
0.860792
0.927539
0.398978
0.966523
0.766888
0.289091
0.016995
0.602847
0.552153
0.444167
0.573520
0.905040
0.236917
0.914566
0.421729
0.834798
0.956035
0.736883
0.179005
0.684195
0.734017
0.747365
0.242289
0.430127
0.954932
0.345148
0.033711
0.010035
0.422446
0.754169
0.602607
0.099749
0.123209
0.216927
0.810103
0.309515
0.894238
0.905313
0.320795
0.878736
0.955650
0.729370
0.912556
0.415481
0.617178
0.690568
0.563924
0.261742
0.172786
0.660053
0.997500
0.485390
0.444283
0.584679
0.439897
0.416956
0.363237
0.426247
0.631331
0.222974
0.241416
0.836273
0.392337
0.193753
0.683258
0.545445
0.377293
0.724945
0.758969
0.011389
0.044715
0.189039
0.762364
0.499829
0.117236
0.871553
0.411643
0.874236
0.138939
0.530817
0.361414
0.010659
0.647501
0.120194
0.637205
0.432910
0.431421
0.274828
0.695707
0.145503
0.540373
0.845494
0.980672
0.316660
0.846139
0.391162
0.670617
0.692009
0.933424
0.997186
0.994703
0.083932
0.839514
0.242533
0.581018
0.836388
0.298705
0.818799
0.460081
0.586743
0.805918
0.224491
0.098182
0.383026
0.352170
0.685594
0.312008
0.137108
0.445407
0.850124
0.609083
0.543647
0.090847
0.779373
0.008483
0.935075
0.326824
0.017862
0.182951
0.710173
0.491170
0.320711
0.896430
0.025542
0.409651
0.500821
0.618683
0.604927
0.666534
0.425836
0.419265
0.952417
0.037031
0.839644
0.174146
0.775068
0.265551
0.345827
0.766475
0.273777
0.880170
0.808135
0.694622
0.565149
0.594599
0.879955
0.791356
0.190566
0.500815
0.452014
0.942615
0.462401
0.369192
0.132952
0.717360
0.723976
0.603820
0.375937
0.984949
0.063876
0.138317
0.507648
0.316648
0.153035
0.675794
0.472470
0.515538
0.862795
0.284308
0.889853
0.876222
0.794029
0.548637
0.649026
0.983436
0.593459
0.077950
0.391549
0.367637
0.667265
0.488262
0.314816
0.355712
0.009805
0.564424
0.771377
0.805602
0.154296
0.689101
0.439661
0.273434
0.702198
0.070346
0.748083
0.818894
0.400083
0.553981
0.890105
0.256489
0.880287
0.855552
0.863030
0.963802
0.959713
0.856781
0.485518
0.479176
0.966727
0.885423
0.332038
0.285959
0.028131
0.821752
0.797990
0.473480
0.357355
0.870449
0.454775
0.080705
0.523975
0.308683
0.144563
0.920642
0.807841
0.609393
0.621580
0.715241
0.324981
0.667130
0.488969
0.464096
0.605136
0.280769
0.773022
0.757661
0.072510
0.415656
0.082281
0.218061
0.973989
0.654566
0.326712
0.508531
0.176657
0.713611
0.627983
0.356039
0.054557
0.241973
0.088776
0.350025
0.960979
0.623200
0.556757
0.842163
0.266652
0.165575
0.514107
0.115714
0.287282
0.408645
0.639831
0.015832
0.949362
0.015836
0.869917
0.940937
0.495998
0.587015
0.657054
0.356251
0.831817
0.161871
0.391319
0.779272
0.086562
0.131806
0.166891
0.338469
0.151599
0.905386
0.395574
0.964953
0.244818
0.135643
0.600378
0.846216
0.091773
0.506323
0.543321
0.864181
0.100840
0.362488
0.919587
0.129302
0.655785
0.467135
0.000567
0.790100
0.470681
0.462531
0.943481
0.784559
0.141446
0.539782
0.164337
0.956786
0.799428
0.184432
0.150097
0.699237
0.010965
0.715425
0.867881
0.316971
0.080557
0.699881
0.313779
0.324537
0.183493
0.971434
0.577952
0.666253
0.677939
0.154469
0.729758
0.044343
0.599886
0.783757
0.037147
0.403435
0.221997
0.776608
0.015663
0.770513
0.326365
0.364801
0.088455
0.812187
0.090332
0.312795
0.560631
0.230970
0.474518
0.257923
0.047092
0.673564
0.415808
0.212767
0.617444
0.720610
0.819576
0.309226
0.956391
0.432022
0.091403
0.862127
0.801714
0.357461
0.197115
0.145803
0.379932
0.019376
0.861283
0.252784
0.374435
0.127760
0.550374
0.116685
0.041286
0.791759
0.301423
0.793095
0.140249
0.213564
0.886058
0.198659
0.625673
0.853969
0.300684
0.489838
0.093616
0.275242
0.376054
0.633779
0.404516
0.333656
0.554661
0.483203
0.088608
0.508622
0.415684
0.048777
0.034293
0.924673
0.579719
0.883734
0.795354
0.412809
0.616117
0.508737
0.915291
0.244469
0.843486
0.046698
0.037226
0.289648
0.469334
0.378296
0.873766
0.244768
0.790718
0.824615
0.277656
0.549483
0.778495
0.003280
0.652719
0.077822
0.819794
0.962713
0.544033
0.920377
0.894819
0.084073
0.761910
0.452412
0.635230
0.644857
0.438413
0.649127
0.344077
0.189193
0.646922
0.614317
0.865461
0.258998
0.090877
0.742380
0.561542
0.153416
0.890011
0.655328
0.392761
0.731486
0.961109
0.224884
0.183728
0.119447
0.252166
0.892964
0.493541
0.278608
0.287393
0.289342
0.668486
0.715553
0.806208
0.569876
0.632369
0.141466
0.719468
0.078568
0.932044
0.313702
0.194986
0.097532
0.591942
0.806878
0.252786
0.675596
0.202281
0.483647
0.176592
0.513083
0.553840
0.372197
0.006492
0.681109
0.392049
0.648062
0.090262
0.731418
0.771278
0.086031
0.656003
0.530007
0.994586
0.552229
0.692006
0.556244
0.595158
0.689569
0.443386
0.440153
0.795052
0.488896
0.968226
0.264613
0.828637
0.994767
0.644762
0.596296
0.577980
0.264883
0.038495
0.898660
0.692990
0.165921
0.173803
0.850882
0.489891
0.660589
0.105352
0.186379
0.088965
0.420169
0.643898
0.870904
0.789611
0.617021
0.599391
0.270142
0.332905
0.330237
0.698915
0.276193
0.385778
0.587059
0.202123
0.147211
0.135800
0.599282
0.753509
0.899481
0.821793
0.408602
0.306991
0.920845
0.276048
0.082935
0.458747
0.852281
0.222959
0.696885
0.700621
0.623699
0.193062
0.957695
0.227361
0.603107
0.168784
0.111629
0.811805
0.507036
0.598983
0.277580
0.015267
0.765755
0.495420
0.931887
0.784915
0.289858
0.169630
0.722475
0.262018
0.755324
0.668967
0.167276
0.887335
0.931401
0.433426
0.121881
0.442681
0.898373
0.599840
0.949010
0.357229
0.028543
0.128414
0.336806
0.077178
0.981082
0.591647
0.177483
0.738356
0.946464
0.542588
0.300300
0.280422
0.585469
0.535034
0.355343
0.032834
0.266535
0.691644
0.453661
0.017673
0.898694
0.467675
0.205868
0.630680
0.079725
0.620845
0.470625
0.154279
0.984201
0.226077
0.066128
0.946657
0.066879
0.644102
0.035858
0.157603
0.775881
0.113138
0.152792
0.010343
0.189114
0.953454
0.536851
0.921156
0.297681
0.297350
0.625602
0.914561
0.162092
0.746007
0.839851
0.637082
0.821020
0.045316
0.919433
0.030218
0.707342
0.823036
0.850709
0.942913
0.851103
0.868716
0.080502
0.242271
0.861813
0.517270
0.310585
0.712049
0.980673
0.240126
0.825692
0.152000
0.383751
0.799543
0.244187
0.844774
0.765952
0.699046
0.746098
0.224908
0.518502
0.504847
0.664773
0.247625
0.864497
0.930288
0.496807
0.241534
0.082257
0.800422
0.545396
0.863753
0.728386
0.751317
0.954580
0.130111
0.984773
0.294908
0.689925
0.135487
0.168629
0.893412
0.183479
0.325467
0.943979
0.557707
0.980105
0.642581
0.097898
0.003497
0.625654
0.207705
0.245964
0.281525
0.536488
0.865713
0.718639
0.429231
0.230392
0.927177
0.973142
0.878750
0.611311
0.074592
0.352334
0.079438
0.249181
0.018890
0.161529
0.953621
0.530427
0.233580
0.003143
0.975210
0.157941
0.649966
0.854855
0.837309
0.719177
0.555052
0.615374
0.023993
0.619715
0.127918
0.998850
0.211879
0.783600
0.911779
0.819174
0.059729
0.572031
0.425458
0.563362
0.781712
0.773673
0.744379
0.762566
0.296584
0.412769
0.949221
0.193065
0.977347
0.129263
0.368517
0.400399
0.042084
0.866782
0.595209
0.069340
0.796823
0.402286
0.698739
0.352001
0.807424
0.442669
0.292976
0.516497
0.103439
0.660059
0.361975
0.149281
0.838494
0.434983
0.743456
0.204860
0.006517
0.505121
0.973482
0.375735
0.570630
0.191823
0.902052
0.591290
0.353065
0.895823
0.991585
0.844280
0.583365
0.851143
0.949014
0.494595
0.853395
0.419747
0.054881
0.578039
0.298431
0.951265
0.023328
0.428835
0.952606
0.358557
0.036601
0.943176
0.925007
0.241984
0.874253
0.511867
0.242445
0.788136
0.225658
0.836576
0.010704
0.662302
0.806335
0.429589
0.984449
0.081912
0.062440
0.353628
0.405029
0.809210
0.859150
0.068129
0.185379
0.528025
0.719742
0.852603
0.484035
0.299122
0.072207
0.026869
0.629804
0.332523
0.525238
0.792037
0.120637
0.219410
0.938378
0.294474
0.332360
0.061057
0.771754
0.146285
0.114551
0.382199
0.745895
0.908228
0.023514
0.570540
0.855116
0.601837
0.619046
0.325924
0.449389
0.423776
0.527835
0.700043
0.916667
0.103220
0.518721
0.962336
0.994620
0.497998
0.232598
0.426702
0.248610
0.652273
0.723224
0.437528
0.649480
0.832033
0.277200
0.847684
0.645120
0.568261
0.946353
0.165198
0.865534
0.134594
0.620211
0.223296
0.650736
0.688798
0.738199
0.098776
0.509788
0.647530
0.761004
0.409094
0.269853
0.232737
0.330005
0.136175
0.965554
0.126181
0.606781
0.316339
0.157163
0.256141
0.237130
0.096841
0.604210
0.986408
0.783429
0.570485
0.608736
0.811169
0.545027
0.975413
0.476344
0.618282
0.590002
0.286335
0.816955
0.065183
0.376372
0.159704
0.761184
0.623216
0.791743
0.846333
0.839843
0.753561
0.204459
0.002871
0.547404
0.956943
0.535433
0.754947
0.566361
0.424700
0.438759
0.560530
0.896330
0.655073
0.853463
0.047390
0.634070
0.989371
0.062988
0.443229
0.860244
0.981025
0.499402
0.354934
0.774112
0.109079
0.054303
0.593078
0.193905
0.468003
0.227936
0.571873
0.420735
0.949256
0.854210
0.370508
0.906612
0.427233
0.095943
0.130676
0.628699
0.783115
0.297551
0.632988
0.555035
0.064049
0.919060
0.172179
0.391646
0.860678
0.135380
0.502234
0.273732
0.381470
0.669485
0.396665
0.348105
0.854955
0.610809
0.249784
0.980710
0.557768
0.345868
0.099471
0.599110
0.063472
0.463906
0.182999
0.979538
0.460112
0.685004
0.831271
0.942443
0.378304
0.252440
0.584447
0.307494
0.400684
0.017682
0.278469
0.253331
0.841463
0.979776
0.647248
0.650858
0.154792
0.597367
0.333149
0.009990
0.374983
0.719481
0.957392
0.463933
0.642301
0.850572
0.914807
0.074686
0.016228
0.218154
0.401160
0.087533
0.524298
0.211577
0.917625
0.797074
0.698922
0.343776
0.421699
0.165615
0.286279
0.511824
0.687285
0.306343
0.299106
0.726353
0.313438
0.505415
0.167162
0.295649
0.680401
0.502284
0.312698
0.010846
0.726433
0.716862
0.550346
0.929145
0.427360
0.742679
0.147530
0.809419
0.754876
0.501246
0.158551
0.957821
0.605927
0.555469
0.597698
0.700730
0.904912
0.337023
0.588560
0.851317
0.938235
0.878980
0.621793
0.478523
0.876534
0.532349
0.385045
0.049834
0.747782
0.352005
0.069005
0.299994
0.452753
0.179323
0.984500
0.097027
0.355871
0.037890
0.488337
0.426402
0.866363
0.454140
0.460894
0.607991
0.058406
0.672786
0.616109
0.884151
0.810540
0.960260
0.073990
0.878587
0.204274
0.078063
0.565649
0.604047
0.774137
0.408389
0.159355
0.093713
0.895532
0.770416
0.140523
0.419681
0.615973
0.867490
0.905943
0.337256
0.047409
0.040511
0.058874
0.722878
0.244520
0.105233
0.042691
0.945313
0.982659
0.852071
0.211404
0.584904
0.940322
0.164201
0.399924
0.176899
0.390062
0.838098
0.379222
0.756605
0.248120
0.291890
0.724445
0.702715
0.350903
0.439494
0.110279
0.158895
0.474040
0.657912
0.009020
0.032686
0.230024
0.843649
0.694280
0.267008
0.650378
0.951050
0.947558
0.716817
0.539584
0.836594
0.385961
0.177673
0.376383
0.951694
0.946614
0.961559
0.413913
0.982162
0.205306
0.127846
0.208121
0.521906
0.411945
0.205234
0.082883
0.685122
0.790747
0.806893
0.253867
0.145760
0.785661
0.191179
0.698996
0.682565
0.897609
0.971118
0.333643
0.186804
0.035120
0.166141
0.059905
0.338888
0.219003
0.630230
0.482420
0.407411
0.989048
0.014085
0.173346
0.794505
0.260109
0.429896
0.716134
0.016469
0.079442
0.411915
0.235518
0.536988
0.019222
0.802710
0.838069
0.577289
0.679649
0.463761
0.436678
0.325635
0.220167
0.001945
0.640329
0.516786
0.329617
0.734315
0.069279
0.606516
0.800644
0.268175
0.150991
0.729924
0.708644
0.159354
0.694219
0.604864
0.289771
0.108346
0.592190
0.870095
0.254004
0.962915
0.619821
0.175216
0.605548
0.990127
0.447799
0.356525
0.830729
0.455747
0.665931
0.227033
0.669198
0.671356
0.491491
0.913980
0.833351
0.428495
0.122016
0.124559
0.068286
0.895147
0.796886
0.587999
0.544776
0.785709
0.963465
0.884508
0.804212
0.285699
0.641133
0.650508
0.490546
0.093132
0.764284
0.263705
0.932182
0.978121
0.821670
0.626163
0.908564
0.830842
0.337155
0.941125
0.642916
0.807533
0.233044
0.828896
0.304969
0.358682
0.943374
0.954815
0.045358
0.768498
0.596604
0.301105
0.386156
0.908042
0.945420
0.353993
0.588339
0.935291
0.000492
0.894577
0.445046
0.315402
0.023970
0.670193
0.706608
0.106772
0.390770
0.422691
0.536530
0.708199
0.548912
0.298589
0.892867
0.106625
0.356680
0.347617
0.502603
0.942401
0.380461
0.211720
0.982399
0.930444
0.473916
0.344147
0.102047
0.273840
0.281742
0.602639
0.990586
0.785677
0.109440
0.303479
0.162597
0.521665
0.248218
0.073040
0.366090
0.518646
0.949779
0.905729
0.805358
0.852456
0.402146
0.844247
0.013656
0.964873
0.591884
0.799072
0.391845
0.277352
0.661727
0.174992
0.900482
0.394676
0.331525
0.676411
0.913334
0.012204
0.174923
0.719725
0.488800
0.455493
0.798857
0.137079
0.080309
0.002098
0.506919
0.954725
0.634768
0.835642
0.324172
0.161585
0.376622
0.156736
0.787990
0.036624
0.959997
0.291200
0.869030
0.311521
0.818569
0.182028
0.465042
0.538989
0.036991
0.688444
0.028816
0.394734
0.103421
0.325836
0.955402
0.437402
0.033479
0.318778
0.002477
0.307523
0.245046
0.882218
0.375409
0.482063
0.733105
0.941313
0.533521
0.081038
0.676062
0.918619
0.609175
0.709219
0.091123
0.800272
0.653585
0.818264
0.146593
0.404303
0.294383
0.298784
0.693726
0.250114
0.605707
0.210895
0.568993
0.725988
0.832264
0.285325
0.668338
0.600770
0.589135
0.672058
0.246022
0.477959
0.277934
0.773148
0.739669
0.368651
0.950885
0.811324
0.676764
0.409078
0.935028
0.293497
0.242527
0.286028
0.151400
0.012565
0.360192
0.497988
0.665101
0.772964
0.987367
0.182181
0.252583
0.253209
0.710601
0.310396
0.327537
0.257008
0.928235
0.204170
0.816105
0.025065
0.362222
0.068705
0.389727
0.051004
0.605264
0.793345
0.958299
0.282361
0.772168
0.234392
0.590061
0.303597
0.325058
0.375676
0.885092
0.751798
0.131446
0.867360
0.597787
0.263147
0.002274
0.859767
0.526336
0.692364
0.163105
0.584162
0.894079
0.487890
0.514429
0.765873
0.903531
0.289313
0.424683
0.588306
0.597667
0.183962
0.319405
0.132501
0.598354
0.307176
0.238937
0.991016
0.676163
0.582767
0.951351
0.264160
0.141527
0.410809
0.352438
0.479647
0.920734
0.850213
0.845632
0.894576
0.312489
0.691453
0.865955
0.323620
0.217065
0.445125
0.747189
0.444168
0.229957
0.406432
0.893608
0.734053
0.019537
0.112751
0.729131
0.748838
0.721875
0.756559
0.789652
0.713434
0.528374
0.811509
0.589607
0.929096
0.790392
0.684497
0.632295
0.745501
0.880990
0.827257
0.104940
0.954321
0.033420
0.180242
0.973316
0.983167
0.699060
0.129091
0.295742
0.936413
0.648942
0.426603
0.650329
0.993626
0.581873
0.664313
0.510171
0.260352
0.131682
0.307934
0.715368
0.614966
0.604266
0.777446
0.744715
0.326177
0.973862
0.339615
0.259070
0.067423
0.564002
0.269264
0.207843
0.937623
0.602674
0.953649
0.104041
0.145058
0.628692
0.786614
0.685567
0.227165
0.426776
0.297470
0.004113
0.090009
0.156407
0.252336
0.790444
0.455441
0.222461
0.268448
0.117999
0.621558
0.806902
0.906906
0.666717
0.065043
0.167356
0.415791
0.126467
0.556164
0.621862
0.239495
0.184309
0.004373
0.625375
0.594439
0.431478
0.512177
0.532915
0.635916
0.083034
0.566794
0.301290
0.852265
0.413810
0.344375
0.755111
0.964496
0.925910
0.813510
0.616711
0.972279
0.732555
0.198528
0.741404
0.558230
0.086618
0.065624
0.111400
0.375763
0.125418
0.415095
0.810139
0.132601
0.331152
0.961567
0.344726
0.720149
0.113131
0.943769
0.212869
0.103275
0.857384
0.180558
0.161750
0.497161
0.424348
0.456941
0.283821
0.536434
0.928763
0.131035
0.296802
0.252166
0.839224
0.970288
0.405106
0.576795
0.479538
0.694953
0.114568
0.704840
0.500492
0.492546
0.833306
0.654445
0.278890
0.504608
0.834608
0.054216
0.560163
0.034149
0.963331
0.071412
0.420052
0.208143
0.849860
0.097832
0.318067
0.205787
0.354466
0.712439
0.047964
0.753102
0.733111
0.485150
0.765289
0.633034
0.811300
0.611752
0.355210
0.884438
0.227526
0.459573
0.671158
0.502107
0.998765
0.938654
0.960960
0.814080
0.938268
0.821340
0.046735
0.734373
0.475760
0.639588
0.841341
0.373683
0.581846
0.565243
0.980899
0.563648
0.655887
0.492852
0.002123
0.910413
0.508263
0.712543
0.476899
0.660406
0.046585
0.694490
0.075819
0.727618
0.788167
0.265652
0.017882
0.410912
0.179463
0.299882
0.985264
0.007983
0.453105
0.967054
0.159196
0.516881
0.924937
0.895427
0.744428
0.886237
0.491638
0.640649
0.483396
0.732675
0.383251
0.768198
0.364719
0.661757
0.937462
0.334109
0.760677
0.302111
0.261795
0.578815
0.701188
0.058374
0.837841
0.265017
0.133080
0.495872
0.585099
0.123793
0.908065
0.949445
0.061546
0.701515
0.585119
0.583108
0.739197
0.198454
0.976727
0.070741
0.795150
0.379822
0.876596
0.597161
0.226053
0.840021
0.601674
0.941959
0.184914
0.876465
0.495175
0.375518
0.096536
0.342847
0.361305
0.509618
0.908678
0.512193
0.036902
0.567899
0.841930
0.393767
0.910229
0.909900
0.508018
0.867520
0.742172
0.614063
0.554259
0.475352
0.558580
0.229433
0.075644
0.836490
0.702732
0.094239
0.414722
0.328451
0.261256
0.215286
0.376347
0.335707
0.512168
0.350226
0.037306
0.752640
0.656197
0.552442
0.682004
0.319838
0.857867
0.864077
0.881165
0.354317
0.375805
0.587733
0.522013
0.632733
0.746837
0.563881
0.850643
0.026939
0.409312
0.233731
0.190199
0.444995
0.720793
0.002549
0.325812
0.966485
0.816339
0.234330
0.207619
0.594244
0.547801
0.225597
0.209215
0.887513
0.583140
0.015747
0.017852
0.053512
0.478343
0.107820
0.135963
0.811236
0.872953
0.982395
0.987247
0.006135
0.222980
0.996335
0.774686
0.346863
0.350609
0.346600
0.297266
0.602175
0.346916
0.648868
0.145791
0.780987
0.658999
0.404360
0.549429
0.411857
0.783571
0.701251
0.101292
0.527108
0.491227
0.586330
0.855565
0.875668
0.644863
0.236986
0.547008
0.568449
0.037214
0.623986
0.856915
0.678693
0.450248
0.464327
0.643153
0.452016
0.887253
0.775374
0.505319
0.948460
0.309637
0.032721
0.093419
0.160403
0.747455
0.253134
0.548115
0.490981
0.477156
0.140546
0.725396
0.800161
0.563261
0.789446
0.485498
0.938854
0.043296
0.299968
0.876695
0.501596
0.857121
0.658309
0.315032
0.688243
0.352329
0.432339
0.631431
0.224665
0.265197
0.455049
0.642602
0.848189
0.019969
0.868945
0.700730
0.309201
0.405361
0.506192
0.722545
0.116194
0.183087
0.827010
0.708710
0.594997
0.325012
0.949837
0.691805
0.528144
0.838850
0.019749
0.831900
0.768326
0.862164
0.287391
0.683878
0.408598
0.825040
0.241861
0.145335
0.266305
0.306984
0.562049
0.647963
0.569141
0.156342
0.048235
0.652596
0.589029
0.773426
0.267608
0.557106
0.867938
0.063265
0.013750
0.819836
0.231737
0.681799
0.633229
0.266325
0.652779
0.180927
0.525924
0.495345
0.655315
0.713082
0.065472
0.577532
0.362873
0.904270
0.619778
0.376488
0.763230
0.524508
0.258457
0.082791
0.661297
0.964368
0.015653
0.684890
0.246584
0.413397
0.806217
0.090786
0.910447
0.787323
0.265835
0.428480
0.896231
0.982430
0.068301
0.393565
0.587028
0.172820
0.754701
0.565556
0.561995
0.694517
0.550465
0.801495
0.361023
0.273757
0.229734
0.541311
0.863819
0.009121
0.166718
0.264040
0.034801
0.771465
0.567102
0.041247
0.028213
0.564368
0.447303
0.002346
0.353903
0.522826
0.595631
0.398732
0.335702
0.610476
0.049117
0.406769
0.860276
0.806248
0.016857
0.905423
0.621014
0.609997
0.810882
0.498416
0.461611
0.612719
0.766463
0.303595
0.067545
0.599083
0.074805
0.518351
0.237163
0.216316
0.563778
0.988407
0.181217
0.551448
0.069767
0.691588
0.190805
0.515323
0.891124
0.915941
0.316117
0.602898
0.818032
0.415089
0.196318
0.360747
0.233672
0.899341
0.455401
0.579273
0.288233
0.039907
0.257783
0.283320
0.093086
0.880677
0.125702
0.824357
0.371860
0.057260
0.429659
0.693176
0.064585
0.890167
0.341889
0.846760
0.708755
0.856721
0.306558
0.758233
0.137199
0.747183
0.341271
0.796005
0.429065
0.301839
0.901884
0.767891
0.340831
0.118952
0.572460
0.237991
0.514886
0.164448
0.987467
0.857983
0.921378
0.333197
0.953850
0.128742
0.714301
0.973514
0.562966
0.511019
0.376517
0.339914
0.810260
0.282793
0.763757
0.067812
0.064282
0.252586
0.929894
0.435318
0.133590
0.998772
0.091738
0.593856
0.204373
0.440366
0.360289
0.797483
0.894379
0.839717
0.187407
0.861394
0.967796
0.986550
0.535003
0.538465
0.055976
0.869361
0.422397
0.858463
0.252007
0.267533
0.523013
0.851756
0.711569
0.918093
0.312175
0.836340
0.963842
0.356597
0.783615
0.926652
0.376658
0.693487
0.995391
0.701943
0.038810
0.065883
0.640112
0.612669
0.925558
0.760297
0.095357
0.501071
0.853738
0.103279
0.055724
0.347405
0.960380
0.593480
0.107313
0.540563
0.850017
0.937957
0.630278
0.610251
0.544449
0.055296
0.028361
0.680836
0.875089
0.725094
0.731333
0.132178
0.219455
0.763748
0.113956
0.032416
0.784024
0.865939
0.762280
0.278282
0.056653
0.904569
0.405567
0.710962
0.220956
0.473692
0.752570
0.425104
0.167276
0.092679
0.028624
0.444958
0.221830
0.178758
0.731576
0.778724
0.615835
0.911514
0.208121
0.688621
0.345327
0.338775
0.717736
0.922426
0.042319
0.749809
0.491209
0.469733
0.448040
0.819417
0.618467
0.444242
0.505343
0.515410
0.801875
0.497995
0.972879
0.081261
0.893983
0.274954
0.108110
0.734365
0.682297
0.074166
0.716378
0.346158
0.489488
0.866179
0.862585
0.441052
0.398691
0.073638
0.480996
0.123331
0.285359
0.055894
0.984626
0.131257
0.506482
0.730229
0.802694
0.351034
0.153780
0.405325
0.393818
0.885133
0.980338
0.116920
0.071997
0.853940
0.642926
0.946381
0.616600
0.570628
0.119141
0.109857
0.838420
0.729504
0.336138
0.652808
0.559829
0.810479
0.134181
0.230373
0.903574
0.658388
0.053677
0.541079
0.734190
0.137045
0.620854
0.086935
0.967462
0.984629
0.278475
0.118475
0.462973
0.469228
0.999906
0.184781
0.095371
0.730542
0.494965
0.926172
0.411495
0.724439
0.493728
0.635716
0.119477
0.499473
0.531396
0.174089
0.416026
0.026039
0.276481
0.783879
0.279701
0.476311
0.491171
0.932103
0.078375
0.582864
0.103800
0.965497
0.942515
0.461296
0.447635
0.028692
0.923340
0.902442
0.988573
0.541479
0.114362
0.066958
0.759318
0.713399
0.091048
0.553197
0.343781
0.981414
0.687996
0.871135
0.639037
0.263480
0.554749
0.213402
0.461650
0.135884
0.925512
0.450846
0.480362
0.057928
0.716934
0.235853
0.240317
0.911186
0.590983
0.822366
0.408827
0.203528
0.942719
0.417207
0.704985
0.356431
0.398583
0.882218
0.582870
0.577931
0.139214
0.089614
0.100030
0.687661
0.038726
0.981846
0.920880
0.153710
0.883181
0.049765
0.151761
0.006997
0.985200
0.775599
0.175808
0.685170
0.836565
0.206666
0.518513
0.427001
0.570446
0.957221
0.617710
0.276169
0.270545
0.164410
0.455530
0.981325
0.444065
0.444403
0.017159
0.002542
0.443562
0.259946
0.326540
0.092358
0.501318
0.983996
0.148889
0.636658
0.347338
0.848297
0.792216
0.475008
0.683793
0.032371
0.655081
0.614500
0.947181
0.868871
0.297670
0.182871
0.713640
0.115965
0.821633
0.697118
0.498959
0.936506
0.866889
0.048967
0.825645
0.696392
0.628335
0.308615
0.824909
0.379571
0.191504
0.037844
0.908139
0.852592
0.335248
0.281827
0.574001
0.794918
0.574540
0.009283
0.154150
0.849331
0.862699
0.710647
0.479902
0.805696
0.456772
0.095940
0.358386
0.886929
0.311186
0.794461
0.460612
0.792979
0.014055
0.318215
0.373567
0.021454
0.150079
0.965436
0.078671
0.425904
0.668507
0.199232
0.961307
0.407688
0.880397
0.213417
0.399377
0.837435
0.304631
0.001249
0.338171
0.649025
0.347042
0.365988
0.646768
0.284120
0.523499
0.781960
0.126727
0.139025
0.339726
0.142738
0.263172
0.088138
0.403825
0.765023
0.174312
0.848694
0.679496
0.083081
0.027931
0.588660
0.968258
0.533841
0.798947
0.051664
0.639047
0.945985
0.784470
0.727011
0.876486
0.290976
0.462238
0.986245
0.290220
0.897735
0.062167
0.756311
0.783703
0.877763
0.653298
0.428939
0.210873
0.740399
0.460564
0.401268
0.313758
0.419558
0.895635
0.598327
0.915979
0.588905
0.088232
0.597465
0.700793
0.351724
0.260660
0.721339
0.404152
0.778701
0.617177
0.711985
0.851396
0.189850
0.586860
0.975727
0.330927
0.378716
0.625985
0.888399
0.871332
0.734841
0.762903
0.373175
0.533968
0.495862
0.860924
0.869115
0.986603
0.449430
0.935831
0.466809
0.943036
0.587614
0.844080
0.326798
0.268140
0.507289
0.352218
0.554935
0.308863
0.248202
0.901100
0.384033
0.642606
0.499343
0.730549
0.309699
0.680248
0.401745
0.168469
0.616601
0.338842
0.984007
0.597319
0.484938
0.147510
0.522154
0.471264
0.420720
0.180195
0.989001
0.897213
0.551805
0.053090
0.404937
0.137174
0.178291
0.987462
0.212009
0.409470
0.773881
0.646439
0.140033
0.831075
0.176668
0.805443
0.025874
0.067907
0.365278
0.030448
0.277596
0.356816
0.730686
0.708067
0.471158
0.191314
0.975858
0.210551
0.740159
0.078868
0.414598
0.572818
0.214799
0.883811
0.817000
0.115245
0.814893
0.166347
0.740363
0.444661
0.968231
0.461473
0.279463
0.608131
0.558684
0.255423
0.016096
0.932921
0.091766
0.701933
0.901696
0.756718
0.166558
0.363477
0.484781
0.501561
0.064131
0.997883
0.022562
0.962070
0.290447
0.969400
0.178254
0.524045
0.167016
0.123290
0.396759
0.986024
0.950644
0.099236
0.225205
0.578458
0.124080
0.292839
0.464319
0.439040
0.556226
0.024919
0.624402
0.656806
0.542294
0.510554
0.847388
0.911899
0.643592
0.796179
0.735532
0.754407
0.830647
0.862710
0.998093
0.648307
0.253705
0.281731
0.950048
0.691032
0.817109
0.413087
0.740627
0.463073
0.398951
0.695658
0.183100
0.994932
0.549447
0.705302
0.738772
0.511934
0.819530
0.728479
0.975088
0.254152
0.748831
0.567369
0.676907
0.514173
0.197084
0.389669
0.107591
0.506498
0.087355
0.947836
0.168162
0.118068
0.179760
0.499485
0.723406
0.000295
0.881486
0.890765
0.097672
0.281832
0.978219
0.442715
0.994096
0.012539
0.933085
0.478501
0.272011
0.819042
0.916093
0.315565
0.400951
0.359310
0.108079
0.636612
0.877696
0.627715
0.161180
0.959172
0.686465
0.775284
0.819969
0.104561
0.352257
0.586007
0.925191
0.579307
0.493370
0.474948
0.881293
0.628588
0.840675
0.655183
0.700136
0.701614
0.637015
0.937589
0.200789
0.529984
0.448118
0.381813
0.598446
0.105312
0.854312
0.281398
0.537409
0.242337
0.006695
0.736324
0.581728
0.115573
0.738695
0.508989
0.974495
0.195551
0.049583
0.063861
0.299545
0.215844
0.405489
0.417413
0.948291
0.552314
0.130162
0.856054
0.414904
0.366203
0.235811
0.070202
0.554668
0.774432
0.536933
0.078641
0.667162
0.682370
0.819575
0.427246
0.466278
0.811821
0.836795
0.910019
0.515807
0.242313
0.959386
0.020294
0.119552
0.866175
0.529855
0.959671
0.020134
0.743451
0.307064
0.447596
0.876825
0.184206
0.418276
0.343007
0.640070
0.533234
0.883271
0.940723
0.633520
0.182099
0.079767
0.390567
0.892456
0.179464
0.378145
0.329810
0.823748
0.393183
0.093138
0.264601
0.264849
0.234006
0.747079
0.400493
0.979796
0.265049
0.388932
0.344956
0.475438
0.174609
0.200728
0.896534
0.921893
0.710260
0.292503
0.928779
0.072944
0.684332
0.242056
0.276616
0.294295
0.536473
0.489959
0.564942
0.494380
0.446680
0.925677
0.782050
0.522104
0.447224
0.279254
0.214187
0.041356
0.496779
0.005966
0.414119
0.340421
0.213813
0.069292
0.389868
0.797092
0.875068
0.100373
0.055510
0.843303
0.871660
0.159231
0.491803
0.286613
0.879698
0.423092
0.199813
0.514650
0.391153
0.368270
0.697062
0.681612
0.607461
0.041680
0.576280
0.936552
0.213485
0.093052
0.016710
0.569216
0.710321
0.975450
0.374028
0.822771
0.326113
0.845356
0.466311
0.740470
0.375707
0.789420
0.780635
0.695924
0.180438
0.267155
0.730694
0.109552
0.463516
0.641297
0.154550
0.916601
0.725947
0.033133
0.229771
0.748832
0.501326
0.011452
0.348987
0.881026
0.150526
0.932643
0.112392
0.117604
0.851657
0.587046
0.496966
0.031035
0.575811
0.773650
0.419026
0.873869
0.821110
0.981433
0.952904
0.866036
0.959367
0.570535
0.461704
0.188822
0.781088
0.148660
0.065652
0.411268
0.802188
0.765732
0.371032
0.232705
0.513310
0.500374
0.031115
0.580074
0.950421
0.992017
0.755184
0.468479
0.980643
0.848633
0.239595
0.570037
0.814409
0.107815
0.504647
0.576274
0.554861
0.383076
0.293716
0.853768
0.706062
0.932281
0.959144
0.236868
0.407690
0.944655
0.227303
0.464716
0.717270
0.269940
0.929472
0.626444
0.290115
0.880535
0.403824
0.136850
0.627470
0.446555
0.437169
0.317682
0.287176
0.756037
0.114991
0.434126
0.737692
0.678459
0.498730
0.343731
0.341563
0.159418
0.035861
0.301631
0.281306
0.166901
0.838778
0.461910
0.389133
0.764009
0.422277
0.484883
0.158401
0.847087
0.067887
0.152977
0.842991
0.709703
0.259714
0.997194
0.181138
0.228396
0.605943
0.609618
0.900119
0.231972
0.489610
0.267150
0.801597
0.737853
0.470744
0.904301
0.725570
0.301572
0.949982
0.769150
0.421593
0.423274
0.984183
0.681923
0.994058
0.841804
0.771636
0.829610
0.855576
0.785582
0.474720
0.096700
0.537322
0.862649
0.669517
0.909806
0.333199
0.891632
0.174960
0.305539
0.957955
0.592314
0.860727
0.993533
0.587286
0.769471
0.727033
0.641616
0.026442
0.396690
0.226501
0.753580
0.075887
0.407283
0.016081
0.622214
0.477944
0.955929
0.814902
0.935757
0.233766
0.465373
0.453513
0.193831
0.468946
0.814802
0.854257
0.882514
0.839116
0.067363
0.326844
0.085414
0.441152
0.039725
0.114335
0.320439
0.115455
0.762372
0.421751
0.827026
0.471113
0.300294
0.713018
0.456725
0.066605
0.944278
0.804632
0.896594
0.358832
0.246873
0.320696
0.069420
0.764330
0.677251
0.430318
0.581351
0.727181
0.578256
0.162885
0.634636
0.873623
0.008584
0.109676
0.483401
0.266246
0.684618
0.263521
0.611036
0.609846
0.450432
0.335757
0.160341
0.962784
0.210950
0.007171
0.797843
0.574816
0.381397
0.524710
0.172146
0.704767
0.314862
0.327845
0.197239
0.515644
0.657003
0.379083
0.804543
0.044576
0.790118
0.655375
0.045437
0.990539
0.724923
0.326240
0.956904
0.141650
0.593466
0.167306
0.628847
0.209992
0.016408
0.323489
0.119164
0.986532
0.647292
0.904975
0.172655
0.949656
0.329714
0.754131
0.017573
0.932971
0.094342
0.916954
0.478794
0.402945
0.334402
0.665006
0.383123
0.333379
0.453202
0.791293
0.098677
0.156790
0.207218
0.216248
0.389233
0.685173
0.364454
0.729957
0.653198
0.133167
0.760859
0.927799
0.616819
0.151637
0.827383
0.704619
0.458434
0.341967
0.246248
0.114861
0.935162
0.620715
0.005801
0.212456
0.880106
0.637404
0.297042
0.805856
0.435969
0.608727
0.829060
0.723834
0.823255
0.360658
0.241939
0.431529
0.525846
0.303265
0.730480
0.080763
0.465761
0.785567
0.235901
0.662758
0.468875
0.870629
0.950424
0.865743
0.765203
0.662150
0.355801
0.957193
0.076320
0.827929
0.884940
0.115125
0.408222
0.874402
0.969024
0.651265
0.864435
0.798548
0.983368
0.699330
0.729947
0.294247
0.315456
0.804184
0.844198
0.331975
0.689490
0.234286
0.708191
0.322701
0.343811
0.464434
0.168263
0.675055
0.880806
0.524173
0.433011
0.362243
0.412651
0.586881
0.140720
0.431516
0.189186
0.265052
0.466896
0.561041
0.504476
0.479986
0.594264
0.940189
0.483643
0.062218
0.244236
0.610161
0.108149
0.407715
0.357174
0.939634
0.662166
0.731078
0.110853
0.159005
0.900472
0.809636
0.468982
0.667960
0.734505
0.362135
0.775316
0.542207
0.802081
0.535261
0.959029
0.971395
0.981545
0.735105
0.833372
0.982863
0.895921
0.515121
0.376100
0.263756
0.749317
0.365489
0.635235
0.252414
0.078362
0.411121
0.850120
0.291249
0.176952
0.758862
0.092644
0.926675
0.163662
0.002623
0.278405
0.613091
0.867821
0.333926
0.068456
0.880446
0.481757
0.372323
0.259240
0.508255
0.191806
0.954842
0.756244
0.509792
0.797489
0.357322
0.644583
0.662182
0.554140
0.086600
0.940709
0.361541
0.636198
0.225959
0.051467
0.474624
0.582429
0.254190
0.231912
0.383715
0.826191
0.129791
0.358176
0.160820
0.768459
0.747066
0.287212
0.888530
0.262943
0.562764
0.116588
0.993033
0.655082
0.364900
0.674429
0.541292
0.562975
0.835951
0.936046
0.048001
0.180942
0.448849
0.388182
0.253946
0.407165
0.446380
0.236946
0.688192
0.287026
0.484563
0.108467
0.771209
0.973875
0.182315
0.333700
0.710784
0.348959
0.198910
0.086467
0.990148
0.931572
0.865002
0.587067
0.648112
0.427697
0.301857
0.057218
0.650751
0.998734
0.778219
0.364801
0.096853
0.728728
0.848230
0.812149
0.975458
0.085655
0.082132
0.767402
0.190572
0.026084
0.611027
0.016683
0.119806
0.508358
0.846779
0.512229
0.411243
0.142462
0.868732
0.528962
0.924272
0.709145
0.773166
0.024537
0.860228
0.880420
0.613552
0.865430
0.429071
0.331428
0.196286
0.658021
0.877701
0.072118
0.385750
0.567370
0.929105
0.378281
0.584524
0.060201
0.511842
0.656256
0.731228
0.049696
0.005431
0.534776
0.463752
0.009540
0.795158
0.900829
0.665279
0.059140
0.972549
0.553486
0.502048
0.581429
0.085108
0.069037
0.504883
0.133655
0.527490
0.890608
0.392336
0.249216
0.869766
0.973138
0.005212
0.438266
0.077113
0.537039
0.165374
0.494222
0.426529
0.977254
0.902944
0.054700
0.254206
0.214269
0.654354
0.685206
0.552988
0.095095
0.729790
0.223083
0.510902
0.799336
0.015026
0.393035
0.263823
0.882272
0.114071
0.173596
0.399615
0.006151
0.481616
0.930304
0.866187
0.845345
0.736476
0.044406
0.217121
0.982337
0.908910
0.748456
0.188323
0.080940
0.648082
0.959326
0.096598
0.581329
0.114775
0.386465
0.942207
0.818270
0.794487
0.634554
0.385355
0.638792
0.594961
0.945402
0.250849
0.467049
0.319388
0.898497
0.242675
0.620526
0.833445
0.562268
0.264394
0.670303
0.544181
0.242088
0.832611
0.515842
0.176649
0.074190
0.526502
0.727763
0.437146
0.969127
0.270779
0.825996
0.078771
0.000675
0.333536
0.590489
0.896536
0.687117
0.612076
0.941585
0.458052
0.126814
0.753867
0.431095
0.276364
0.768673
0.637993
0.115919
0.930195
0.344418
0.243198
0.566400
0.281936
0.022011
0.017565
0.623196
0.805243
0.000786
0.904085
0.250532
0.654168
0.136145
0.575209
0.540903
0.948126
0.816373
0.393896
0.566494
0.947470
0.512362
0.901637
0.915211
0.910670
0.462868
0.285262
0.322895
0.185451
0.858128
0.390680
0.856191
0.144235
0.142242
0.326610
0.510007
0.251985
0.403046
0.975330
0.366552
0.597292
0.975056
0.537694
0.485542
0.542120
0.798586
0.370439
0.433154
0.591087
0.692917
0.406080
0.645475
0.658089
0.684220
0.507497
0.104897
0.549153
0.035146
0.625355
0.888983
0.790166
0.542267
0.068543
0.943684
0.932847
0.373842
0.834367
0.708986
0.870338
0.822100
0.591712
0.366977
0.605131
0.434230
0.679144
0.231037
0.628777
0.391571
0.530125
0.001055
0.808757
0.538731
0.225144
0.983240
0.318823
0.169372
0.898701
0.233416
0.002579
0.583476
0.297342
0.608580
0.105695
0.306708
0.740211
0.690871
0.951114
0.954984
0.719184
0.128533
0.937367
0.520066
0.582284
0.376678
0.707575
0.812515
0.658747
0.733021
0.133066
0.129000
0.341271
0.675681
0.469471
0.598139
0.371516
0.406736
0.935566
0.023750
0.756792
0.380743
0.718496
0.291797
0.553967
0.005572
0.877969
0.177177
0.412488
0.306849
0.582769
0.802718
0.290720
0.669377
0.013876
0.423876
0.713912
0.941084
0.979644
0.981253
0.190331
0.698412
0.851873
0.056491
0.853685
0.927295
0.811130
0.046789
0.760823
0.230917
0.220980
0.335135
0.796956
0.003555
0.291630
0.757605
0.375893
0.237843
0.273213
0.270509
0.666914
0.298673
0.389020
0.397611
0.326269
0.498310
0.402640
0.024647
0.600499
0.650771
0.355251
0.622668
0.437987
0.335534
0.027325
0.975426
0.178649
0.836604
0.411508
0.395683
0.570438
0.977947
0.941264
0.911848
0.913370
0.294579
0.835559
0.644998
0.981815
0.463934
0.297951
0.966733
0.995556
0.087540
0.975337
0.904564
0.068163
0.031070
0.235405
0.751910
0.572953
0.483223
0.082861
0.037208
0.344527
0.921963
0.694531
0.738090
0.236822
0.630864
0.326525
0.203786
0.742745
0.498756
0.118397
0.217531
0.148780
0.381775
0.897353
0.521320
0.350270
0.487062
0.449499
0.202254
0.336002
0.339812
0.776217
0.352222
0.607899
0.067563
0.165369
0.343951
0.123370
0.734449
0.474116
0.884482
0.721663
0.399709
0.009809
0.413893
0.455347
0.684821
0.896498
0.599239
0.625127
0.996931
0.587841
0.052029
0.988294
0.867373
0.415188
0.377394
0.253182
0.176476
0.096906
0.384133
0.305595
0.512882
0.257907
0.370986
0.156978
0.579431
0.165120
0.714228
0.423433
0.040429
0.445432
0.357793
0.601908
0.497744
0.059361
0.826696
0.914185
0.486506
0.720344
0.109162
0.246660
0.454959
0.411726
0.478355
0.477389
0.206744
0.218923
0.331342
0.301119
0.166151
0.092381
0.425450
0.634865
0.115888
0.039106
0.989607
0.704475
0.649963
0.930052
0.813892
0.417035
0.988420
0.352561
0.292255
0.352190
0.881875
0.648432
0.963232
0.441664
0.067866
0.297769
0.298053
0.731546
0.962806
0.647491
0.495764
0.664148
0.427124
0.573649
0.016014
0.500267
0.330840
0.113174
0.401776
0.300193
0.185268
0.429626
0.990387
0.561312
0.066347
0.387240
0.990398
0.987121
0.818090
0.618128
0.706517
0.049189
0.831956
0.570935
0.752609
0.159249
0.400242
0.839414
0.714774
0.349243
0.448845
0.972000
0.958902
0.865702
0.686174
0.266211
0.149999
0.821126
0.539455
0.233944
0.328724
0.855689
0.475159
0.887030
0.322961
0.291263
0.064271
0.809796
0.342214
0.696740
0.712508
0.652127
0.278072
0.616392
0.946453
0.859538
0.716919
0.975534
0.254689
0.744975
0.648140
0.701331
0.313128
0.661129
0.243068
0.258903
0.170389
0.734686
0.792230
0.278923
0.185802
0.229571
0.560603
0.464290
0.862639
0.891232
0.076681
0.528670
0.724867
0.036683
0.569616
0.604330
0.178969
0.565397
0.252159
0.222864
0.374344
0.516226
0.992938
0.529440
0.027143
0.249293
0.191099
0.545088
0.462998
0.424811
0.155553
0.295207
0.833348
0.740845
0.780193
0.025749
0.996653
0.108465
0.310160
0.128075
0.467814
0.737072
0.511592
0.182882
0.523991
0.298002
0.821585
0.653207
0.019670
0.176058
0.284268
0.443743
0.074363
0.223331
0.224910
0.082648
0.028427
0.736405
0.113497
0.753784
0.251048
0.597567
0.593086
0.439784
0.473807
0.085572
0.851715
0.954404
0.617167
0.376318
0.789425
0.617801
0.988750
0.744858
0.647999
0.529410
0.533859
0.145750
0.038791
0.135283
0.392226
0.808920
0.716227
0.682448
0.601596
0.535029
0.828440
0.861243
0.739104
0.221575
0.043452
0.913701
0.815421
0.184488
0.445363
0.734834
0.653640
0.867259
0.950359
0.313971
0.473652
0.530342
0.471635
0.601655
0.751246
0.388870
0.914634
0.687801
0.777016
0.990040
0.292677
0.728999
0.460027
0.387859
0.785890
0.354610
0.921411
0.049306
0.125470
0.346572
0.529175
0.501285
0.457308
0.057863
0.322455
0.262697
0.244677
0.687139
0.955619
0.783166
0.214405
0.837103
0.413670
0.283970
0.974266
0.473229
0.973450
0.843842
0.355405
0.986232
0.232655
0.740800
0.620632
0.611476
0.132446
0.321164
0.270420
0.333720
0.750741
0.060394
0.850354
0.015330
0.342616
0.471196
0.978192
0.036491
0.611675
0.238277
0.061643
0.979816
0.081040
0.973750
0.149426
0.879033
0.623490
0.022022
0.063153
0.378709
0.745326
0.449411
0.894756
0.712824
0.995276
0.054929
0.857257
0.144889
0.394882
0.679848
0.063158
0.158495
0.926700
0.191675
0.527019
0.028858
0.846764
0.112083
0.483160
0.024175
0.743123
0.458667
0.147005
0.508303
0.287194
0.909967
0.484462
0.068297
0.322876
0.986348
0.277698
0.943285
0.222952
0.592527
0.161604
0.753670
0.085696
0.688934
0.961732
0.637051
0.728658
0.168936
0.184093
0.501965
0.302552
0.509056
0.217235
0.371667
0.546542
0.643734
0.518938
0.663764
0.947036
0.680525
0.819551
0.240558
0.664677
0.823533
0.211780
0.969181
0.737230
0.691931
0.677184
0.196781
0.537677
0.507842
0.371877
0.617589
0.414389
0.457022
0.341267
0.676228
0.120747
0.391712
0.723923
0.402277
0.671018
0.614804
0.139960
0.939168
0.363531
0.346816
0.526254
0.346972
0.475865
0.893063
0.100116
0.401471
0.754550
0.180168
0.310235
0.255887
0.847072
0.073467
0.208173
0.198502
0.920106
0.496065
0.769652
0.347588
0.397187
0.294673
0.670657
0.540159
0.163359
0.906942
0.221710
0.755218
0.214935
0.221864
0.661795
0.074638
0.179886
0.552718
0.372772
0.131712
0.858640
0.996852
0.591674
0.481506
0.005341
0.695795
0.652221
0.898410
0.414863
0.862405
0.192999
0.861300
0.538945
0.060276
0.126871
0.819056
0.723307
0.927676
0.707917
0.179310
0.743362
0.579062
0.976129
0.568456
0.985243
0.708633
0.158519
0.055388
0.847094
0.301352
0.694611
0.796137
0.057678
0.838089
0.105533
0.569556
0.569883
0.395714
0.594217
0.860144
0.789175
0.694465
0.439361
0.474857
0.554674
0.460226
0.801670
0.924666
0.775739
0.646636
0.606029
0.274330
0.821542
0.721336
0.790311
0.477502
0.906336
0.154212
0.247732
0.028160
0.159574
0.166932
0.546460
0.529409
0.027632
0.098339
0.533615
0.510013
0.942010
0.216748
0.750926
0.807200
0.986204
0.447617
0.471003
0.428193
0.888076
0.184591
0.855284
0.146002
0.203965
0.686944
0.220764
0.867740
0.801724
0.531985
0.650278
0.023390
0.808739
0.354116
0.892579
0.893743
0.293125
0.751716
0.860289
0.759181
0.176890
0.539745
0.466837
0.384066
0.933084
0.652352
0.453010
0.329446
0.548623
0.310535
0.379489
0.631384
0.203603
0.841201
0.727555
0.011899
0.149024
0.714223
0.914613
0.069836
0.989714
0.323279
0.836973
0.192074
0.989137
0.316466
0.876573
0.640800
0.208218
0.347719
0.212654
0.615800
0.231312
0.105701
0.059579
0.815207
0.488371
0.940689
0.388412
0.173264
0.681787
0.081512
0.797075
0.136504
0.607587
0.965239
0.971038
0.943511
0.620929
0.915242
0.356803
0.338803
0.642106
0.043603
0.971885
0.715545
0.797752
0.738640
0.149517
0.628920
0.518124
0.266394
0.400590
0.533231
0.000312
0.377006
0.640254
0.598965
0.843263
0.295687
0.927283
0.986024
0.167273
0.197852
0.490672
0.457790
0.561298
0.245404
0.543687
0.986085
0.528416
0.194292
0.819405
0.835063
0.104919
0.592490
0.496267
0.634666
0.753052
0.964396
0.544506
0.320890
0.321896
0.336283
0.326108
0.486695
0.545287
0.883471
0.567961
0.156854
0.519342
0.681049
0.630492
0.072286
0.553770
0.995729
0.076902
0.091012
0.508841
0.668048
0.160149
0.927467
0.861047
0.975039
0.469549
0.349828
0.542083
0.428623
0.083944
0.623729
0.683815
0.921464
0.366040
0.964181
0.502190
0.068638
0.689273
0.367028
0.250384
0.771007
0.835241
0.314541
0.660280
0.627241
0.441736
0.661703
0.125308
0.700506
0.358252
0.732079
0.719897
0.079279
0.201643
0.303316
0.523646
0.107840
0.157715
0.307878
0.753768
0.970804
0.487721
0.576726
0.398529
0.539605
0.349215
0.721651
0.987926
0.991001
0.989888
0.991761
0.295618
0.324176
0.916926
0.904232
0.207598
0.591449
0.063242
0.188666
0.146831
0.647538
0.780315
0.694847
0.847316
0.665030
0.684435
0.789046
0.323094
0.382531
0.202129
0.344558
0.584555
0.291896
0.319383
0.955341
0.382140
0.149143
0.490021
0.751479
0.481799
0.648771
0.337763
0.252913
0.032325
0.844215
0.365074
0.691277
0.416257
0.360501
0.015059
0.083644
0.887124
0.233428
0.510132
0.028162
0.699542
0.849106
0.786908
0.478476
0.607448
0.146682
0.669252
0.956992
0.421455
0.605727
0.263283
0.398661
0.020144
0.359959
0.246720
0.736302
0.152633
0.774720
0.571582
0.901512
0.760969
0.382521
0.650004
0.124993
0.210096
0.996758
0.877956
0.576261
0.919064
0.097765
0.635624
0.832106
0.727887
0.109184
0.435226
0.549209
0.057423
0.529322
0.650359
0.729515
0.281768
0.046970
0.223532
0.094608
0.850019
0.920961
0.612334
0.361580
0.792573
0.126493
0.186363
0.468823
0.411280
0.829615
0.747428
0.413711
0.877112
0.826978
0.219894
0.010085
0.197237
0.035322
0.986115
0.273477
0.728653
0.210802
0.447585
0.814726
0.130204
0.770131
0.034214
0.633329
0.990787
0.243986
0.904778
0.413082
0.340005
0.060016
0.558209
0.243181
0.939129
0.492066
0.569512
0.824305
0.624752
0.859566
0.971667
0.424033
0.604592
0.974143
0.706111
0.169129
0.412880
0.138725
0.073956
0.800474
0.260090
0.359298
0.737074
0.663194
0.655611
0.154104
0.275838
0.900369
0.949342
0.184642
0.326579
0.300832
0.695224
0.804358
0.348690
0.804176
0.462056
0.363181
0.045467
0.870282
0.739469
0.229888
0.554970
0.904312
0.354075
0.932261
0.892792
0.116086
0.126179
0.671594
0.657236
0.056609
0.274204
0.769730
0.073106
0.883001
0.084600
0.051678
0.661372
0.971395
0.991200
0.875089
0.771372
0.938040
0.191147
0.781456
0.226875
0.600864
0.115083
0.776745
0.228943
0.873331
0.177282
0.936905
0.472921
0.532356
0.576172
0.684128
0.204328
0.042268
0.175904
0.172148
0.423591
0.993838
0.463403
0.154759
0.901468
0.875006
0.890112
0.564337
0.569031
0.018303
0.830291
0.291517
0.666033
0.156627
0.534403
0.000361
0.971474
0.598005
0.552486
0.824200
0.186765
0.932393
0.733334
0.726586
0.015941
0.287340
0.265216
0.862071
0.594180
0.629271
0.866393
0.287282
0.295102
0.684902
0.821993
0.630501
0.722943
0.751502
0.620267
0.275672
0.226155
0.540645
0.597791
0.124876
0.897032
0.120274
0.750930
0.113511
0.824754
0.893280
0.310497
0.328855
0.908297
0.083603
0.267919
0.460847
0.606888
0.645946
0.853769
0.451645
0.389329
0.422359
0.431875
0.837112
0.854295
0.334903
0.922513
0.540352
0.530542
0.821912
0.103898
0.607927
0.462353
0.536383
0.969045
0.818561
0.059183
0.766166
0.101477
0.659014
0.291581
0.390965
0.253570
0.191201
0.584463
0.541831
0.300692
0.839321
0.364743
0.102717
0.446965
0.538315
0.818319
0.715565
0.278137
0.609986
0.391224
0.992079
0.406918
0.696777
0.805320
0.965186
0.308433
0.283998
0.958737
0.746848
0.380333
0.399076
0.137986
0.508451
0.524439
0.783394
0.309558
0.924826
0.985476
0.902181
0.195363
0.578954
0.007221
0.976597
0.914395
0.514629
0.896693
0.597092
0.722902
0.448511
0.501543
0.387970
0.071658
0.457814
0.192597
0.541070
0.570787
0.388933
0.350115
0.394909
0.493258
0.475924
0.835479
0.599655
0.125562
0.703420
0.106044
0.944807
0.290250
0.330233
0.725256
0.724434
0.906484
0.538835
0.117879
0.334934
0.942522
0.769891
0.215637
0.825144
0.953265
0.614944
0.185380
0.702796
0.726355
0.895859
0.893249
0.721080
0.005921
0.275260
0.156572
0.572757
0.682123
0.483454
0.802305
0.776861
0.070186
0.376407
0.077881
0.096728
0.531513
0.965490
0.148004
0.041508
0.773504
0.489028
0.219088
0.512433
0.999559
0.280945
0.831147
0.017383
0.946861
0.683000
0.973568
0.822282
0.761432
0.640770
0.954587
0.586914
0.116760
0.813334
0.281727
0.769122
0.717322
0.452856
0.698931
0.120150
0.059406
0.710402
0.841773
0.852106
0.500903
0.182385
0.690507
0.375043
0.255686
0.009199
0.956899
0.386685
0.047762
0.801707
0.178958
0.485004
0.990828
0.527172
0.421697
0.467223
0.689827
0.705574
0.004901
0.104596
0.966604
0.118670
0.373052
0.138949
0.600233
0.532966
0.469913
0.654401
0.636766
0.796390
0.521987
0.127980
0.490194
0.245962
0.821716
0.569920
0.037874
0.616267
0.642917
0.113886
0.255371
0.069010
0.136756
0.517009
0.668005
0.372013
0.625419
0.758744
0.783861
0.488641
0.920450
0.687703
0.964798
0.539119
0.791166
0.529895
0.371333
0.454092
0.752230
0.535421
0.152113
0.145407
0.544802
0.770582
0.140977
0.203506
0.778074
0.647379
0.661071
0.326265
0.762573
0.483423
0.536860
0.768273
0.797584
0.884691
0.986537
0.247543
0.626175
0.896130
0.348885
0.179786
0.105710
0.446974
0.714113
0.847598
0.881779
0.077148
0.835992
0.718299
0.131112
0.138416
0.545505
0.462305
0.745405
0.660885
0.341361
0.202755
0.263674
0.826108
0.461625
0.852912
0.885741
0.127923
0.339285
0.323389
0.083090
0.889088
0.693081
0.456388
0.094272
0.065117
0.118025
0.365585
0.488459
0.357873
0.916726
0.821519
0.399978
0.403718
0.286372
0.363896
0.985714
0.439425
0.064708
0.181256
0.502140
0.800642
0.993764
0.759317
0.615271
0.211300
0.318995
0.942916
0.479690
0.088775
0.174721
0.010826
0.696626
0.451408
0.269598
0.552627
0.789303
0.076659
0.268023
0.333906
0.729704
0.846138
0.838783
0.708951
0.586855
0.926185
0.719411
0.804157
0.424631
0.189735
0.416290
0.262952
0.398102
0.878878
0.153796
0.473322
0.932136
0.651674
0.712120
0.347986
0.124389
0.237122
0.398801
0.897957
0.916183
0.746421
0.113745
0.332361
0.297907
0.236157
0.556167
0.577667
0.148463
0.291286
0.833569
0.081490
0.398478
0.765931
0.050904
0.240249
0.811258
0.383251
0.850303
0.753539
0.910063
0.818859
0.040243
0.695281
0.670747
0.264476
0.584379
0.933567
0.630151
0.050317
0.735339
0.105599
0.727175
0.878818
0.402856
0.336007
0.548878
0.943162
0.078320
0.997806
0.861376
0.948089
0.423258
0.573856
0.387215
0.765826
0.825678
0.148391
0.378996
0.516848
0.678570
0.605268
0.624761
0.805526
0.416136
0.641171
0.204334
0.128434
0.517142
0.424293
0.557624
0.243854
0.047054
0.894773
0.795063
0.102546
0.141521
0.362301
0.605610
0.521544
0.148037
0.305475
0.637170
0.786030
0.439266
0.010201
0.735389
0.112397
0.923859
0.341217
0.436297
0.143678
0.726555
0.258856
0.482513
0.293399
0.840920
0.456731
0.847259
0.644696
0.711920
0.286159
0.640120
0.758761
0.852384
0.077689
0.777825
0.083100
0.892755
0.494027
0.235897
0.780131
0.796780
0.123444
0.965961
0.746707
0.721197
0.417146
0.941286
0.063453
0.763238
0.103373
0.661555
0.219461
0.218827
0.487575
0.548183
0.494952
0.293713
0.730985
0.844245
0.065725
0.281106
0.245408
0.608297
0.604466
0.088397
0.252940
0.478270
0.702796
0.692764
0.135459
0.759066
0.803814
0.395224
0.286737
0.843408
0.919229
0.874376
0.423525
0.657499
0.281186
0.497722
0.901318
0.987846
0.741729
0.598128
0.003057
0.809494
0.849453
0.667662
0.958979
0.824447
0.692171
0.347305
0.944146
0.917172
0.057130
0.619791
0.364925
0.336194
0.909002
0.649301
0.561530
0.670460
0.475127
0.895660
0.842474
0.769703
0.133560
0.585986
0.546859
0.181627
0.270740
0.711886
0.167358
0.577500
0.182051
0.778026
0.322815
0.502679
0.972272
0.635388
0.453737
0.220364
0.237708
0.451270
0.232667
0.875494
0.713452
0.993990
0.087479
0.760381
0.105348
0.723619
0.478707
0.543263
0.226287
0.195489
0.248940
0.463409
0.471847
0.999791
0.866538
0.099304
0.424249
0.111617
0.657888
0.386528
0.211223
0.329159
0.399488
0.465477
0.584666
0.385531
0.207437
0.151605
0.861840
0.768417
0.598496
0.677442
0.899938
0.942339
0.531735
0.800449
0.585896
0.196020
0.097600
0.707668
0.521710
0.121812
0.273867
0.790138
0.197706
0.649452
0.583728
0.579583
0.170340
0.710847
0.885856
0.818889
0.217422
0.099085
0.511798
0.017474
0.924019
0.730384
0.201807
0.273480
0.370675
0.633946
0.232162
0.836685
0.937642
0.127382
0.778191
0.658535
0.512283
0.314986
0.217278
0.207389
0.570995
0.537110
0.091943
0.406077
0.603487
0.450446
0.968002
0.822658
0.729107
0.014391
0.127450
0.970595
0.117335
0.765711
0.917232
0.867790
0.134567
0.084623
0.667734
0.090457
0.085671
0.876548
0.229675
0.522772
0.762373
0.636244
0.733010
0.540831
0.933833
0.629921
0.821308
0.533518
0.772369
0.066019
0.081527
0.616357
0.275498
0.250569
0.190673
0.159931
0.972557
0.696864
0.502996
0.963671
0.960255
0.824330
0.766440
0.550102
0.138575
0.815128
0.794101
0.234446
0.880349
0.460711
0.431734
0.299873
0.400376
0.720101
0.808526
0.348956
0.350638
0.507474
0.685514
0.635726
0.386615
0.943206
0.820599
0.948262
0.277203
0.439035
0.544864
0.306423
0.890520
0.277705
0.632082
0.869949
0.825146
0.508239
0.779349
0.885022
0.487998
0.461903
0.385833
0.207932
0.884971
0.937612
0.399643
0.767861
0.799474
0.279743
0.927977
0.711177
0.319601
0.331459
0.497451
0.710804
0.941452
0.482327
0.781910
0.939287
0.750389
0.114173
0.552289
0.265528
0.162030
0.292286
0.362894
0.724711
0.510671
0.142959
0.183006
0.969808
0.696600
0.330082
0.971168
0.091955
0.359195
0.204617
0.027960
0.605740
0.515686
0.597236
0.354452
0.853474
0.603460
0.886369
0.987602
0.268554
0.866397
0.666085
0.227370
0.640034
0.434300
0.309714
0.456748
0.386115
0.332174
0.459117
0.075779
0.130172
0.518200
0.434049
0.411122
0.195422
0.552545
0.953039
0.858146
0.718931
0.232688
0.073354
0.293846
0.517412
0.755311
0.813675
0.844060
0.810443
0.362771
0.424488
0.572293
0.975017
0.858092
0.357384
0.801638
0.331961
0.602738
0.779671
0.604348
0.071963
0.094412
0.343149
0.061019
0.948811
0.827776
0.188504
0.065355
0.790941
0.911461
0.926582
0.640315
0.810313
0.813719
0.146402
0.643151
0.579796
0.272476
0.653028
0.623318
0.476050
0.890864
0.916590
0.008322
0.773049
0.476095
0.631571
0.324943
0.959959
0.919140
0.841817
0.210441
0.643554
0.178359
0.015165
0.470828
0.586543
0.967057
0.969761
0.638296
0.395294
0.469966
0.614243
0.651656
0.579105
0.165713
0.502559
0.513207
0.493282
0.622163
0.892076
0.690752
0.994226
0.391763
0.986233
0.559313
0.780240
0.469144
0.729776
0.285118
0.779792
0.709613
0.779752
0.013280
0.852199
0.343048
0.207267
0.345564
0.365734
0.873222
0.186286
0.498180
0.156359
0.019665
0.223670
0.870728
0.297212
0.651776
0.690705
0.492342
0.234532
0.268697
0.076449
0.942726
0.989303
0.301084
0.027652
0.173784
0.464177
0.331893
0.133343
0.528850
0.720366
0.153947
0.303566
0.314392
0.546512
0.975647
0.464459
0.214167
0.488064
0.047850
0.113767
0.635320
0.857395
0.681621
0.754100
0.774029
0.327631
0.147191
0.532267
0.616119
0.611629
0.049703
0.982755
0.623480
0.136294
0.649891
0.007241
0.174939
0.595049
0.592108
0.259359
0.652160
0.960847
0.894594
0.569098
0.905674
0.991228
0.795658
0.792317
0.768808
0.087228
0.504762
0.350884
0.670250
0.570822
0.621285
0.314936
0.638583
0.121502
0.419875
0.232269
0.300284
0.221561
0.495535
0.326797
0.599395
0.571025
0.971530
0.448628
0.962172
0.475597
0.328340
0.277271
0.590084
0.222626
0.563612
0.255782
0.383202
0.338362
0.164574
0.300763
0.113759
0.871485
0.010838
0.208694
0.623593
0.339339
0.743904
0.315410
0.793735
0.679979
0.178819
0.298981
0.410439
0.310060
0.504173
0.217889
0.957471
0.640100
0.251423
0.101349
0.224298
0.948409
0.418061
0.546601
0.905592
0.276121
0.727583
0.203096
0.347765
0.750716
0.501013
0.343922
0.088487
0.856049
0.119800
0.533590
0.947651
0.384394
0.870391
0.025348
0.322172
0.980968
0.290481
0.772159
0.968434
0.033773
0.871584
0.859271
0.428028
0.490714
0.419841
0.793108
0.164490
0.680556
0.016274
0.175754
0.277712
0.162426
0.750497
0.105596
0.992114
0.677725
0.301317
0.656081
0.164956
0.685325
0.498962
0.463866
0.319702
0.341989
0.893669
0.007019
0.710162
0.870690
0.663157
0.259879
0.995476
0.624784
0.177563
0.994603
0.131623
0.000313
0.887635
0.965640
0.236952
0.225575
0.764588
0.201915
0.688880
0.629807
0.074604
0.766548
0.574929
0.783652
0.265618
0.983738
0.419160
0.044985
0.048950
0.619871
0.697031
0.025838
0.415480
0.918090
0.947011
0.920100
0.299321
0.283969
0.991953
0.957479
0.527028
0.600568
0.150183
0.546091
0.624942
0.394160
0.895297
0.362791
0.230759
0.892051
0.811502
0.285037
0.419238
0.410158
0.281508
0.028120
0.029377
0.713744
0.076866
0.663895
0.316396
0.227760
0.133667
0.217860
0.363664
0.185660
0.573736
0.746147
0.015927
0.434026
0.553986
0.017754
0.646795
0.325558
0.422368
0.114338
0.282862
0.590409
0.852646
0.213990
0.078709
0.664993
0.093743
0.959575
0.397608
0.552382
0.971172
0.398995
0.000388
0.997543
0.133577
0.405879
0.699589
0.676834
0.858843
0.986020
0.089906
0.051401
0.180963
0.297870
0.332689
0.830036
0.626691
0.774563
0.837819
0.174460
0.463135
0.249625
0.858097
0.389292
0.353454
0.637425
0.469005
0.134623
0.044529
0.790593
0.051555
0.930350
0.311392
0.797610
0.801255
0.871498
0.548719
0.951326
0.947108
0.010474
0.117180
0.029514
0.447955
0.487785
0.856036
0.607351
0.028321
0.393582
0.894164
0.953818
0.282900
0.939535
0.407541
0.343839
0.400560
0.219117
0.957044
0.399181
0.189811
0.774145
0.217770
0.516840
0.804281
0.990363
0.798628
0.576327
0.817332
0.873319
0.514043
0.568651
0.449412
0.850679
0.270582
0.551299
0.352307
0.485406
0.079354
0.505500
0.864752
0.427648
0.806185
0.214625
0.209862
0.877386
0.878747
0.765057
0.263962
0.555413
0.332867
0.621865
0.018307
0.701462
0.395800
0.489360
0.331050
0.434498
0.165894
0.228455
0.350136
0.654583
0.296240
0.475586
0.823409
0.256181
0.661852
0.157962
0.317361
0.211401
0.569914
0.802692
0.979306
0.005016
0.741637
0.227869
0.410197
0.132026
0.180250
0.326266
0.399354
0.058359
0.567477
0.010660
0.812577
0.085633
0.472039
0.897040
0.847847
0.325802
0.677042
0.730497
0.876228
0.089342
0.153789
0.290325
0.289985
0.014169
0.740031
0.286936
0.477039
0.538956
0.580089
0.434241
0.444852
0.665257
0.808649
0.157137
0.613186
0.404035
0.312334
0.593925
0.191645
0.893793
0.483226
0.356703
0.833969
0.674434
0.532868
0.707014
0.318017
0.252080
0.807756
0.036755
0.911563
0.378829
0.828009
0.072508
0.344510
0.865596
0.947450
0.661059
0.584881
0.447910
0.139609
0.070724
0.497926
0.920315
0.781453
0.041992
0.215475
0.365814
0.312737
0.536373
0.339094
0.737821
0.468679
0.817823
0.799917
0.943008
0.638732
0.819904
0.076869
0.048273
0.813273
0.226269
0.981308
0.652261
0.108339
0.454050
0.220303
0.164085
0.868504
0.270481
0.494603
0.796459
0.748772
0.693143
0.934812
0.068688
0.673964
0.583585
0.866133
0.322931
0.421535
0.012082
0.275756
0.965023
0.320747
0.476612
0.167237
0.363610
0.804451
0.939910
0.374244
0.577439
0.682822
0.802103
0.195125
0.563731
0.971832
0.359812
0.645077
0.468431
0.140143
0.381905
0.621125
0.963940
0.020866
0.632937
0.175608
0.818196
0.450076
0.832614
0.407171
0.621561
0.570250
0.597748
0.636912
0.520242
0.598537
0.675846
0.145892
0.296445
0.678756
0.659733
0.335059
0.070316
0.980778
0.642975
0.927932
0.385193
0.796872
0.818122
0.390343
0.568688
0.624085
0.075181
0.882074
0.864722
0.773818
0.576831
0.496241
0.217351
0.370676
0.279622
0.669531
0.302022
0.695174
0.256228
0.267461
0.973980
0.988920
0.631245
0.943224
0.001603
0.423046
0.260358
0.837817
0.523492
0.074536
0.107231
0.106125
0.095545
0.151107
0.361128
0.113787
0.445861
0.340743
0.807241
0.619743
0.833183
0.071053
0.036533
0.928469
0.395315
0.477379
0.847648
0.624549
0.498398
0.374909
0.344328
0.273276
0.261375
0.183825
0.821583
0.738653
0.272082
0.289355
0.725666
0.811082
0.656155
0.249107
0.789160
0.599272
0.965802
0.653598
0.515010
0.994617
0.665181
0.664873
0.503375
0.003533
0.879784
0.711576
0.783275
0.327837
0.610454
0.712981
0.287211
0.390877
0.084264
0.292132
0.460424
0.615542
0.604782
0.769242
0.656134
0.888846
0.187907
0.397548
0.471897
0.447928
0.925445
0.208428
0.427657
0.217273
0.140367
0.411194
0.880021
0.661877
0.702983
0.282945
0.675852
0.412854
0.818233
0.669276
0.747196
0.109616
0.107483
0.178632
0.473647
0.596882
0.064503
0.019573
0.631932
0.748044
0.119946
0.625952
0.919469
0.863361
0.491350
0.211730
0.291957
0.838356
0.100401
0.463395
0.467229
0.812991
0.714389
0.529117
0.300381
0.915729
0.707170
0.412223
0.069889
0.300496
0.763750
0.981442
0.881567
0.152696
0.283210
0.027723
0.106780
0.598513
0.213208
0.630214
0.342623
0.797446
0.605757
0.341968
0.493590
0.410747
0.083228
0.215871
0.014566
0.519677
0.894498
0.106612
0.771339
0.990355
0.807222
0.195777
0.624012
0.741706
0.191277
0.781574
0.336957
0.036476
0.502418
0.586502
0.491867
0.371457
0.660869
0.496499
0.312949
0.052630
0.457693
0.631707
0.899778
0.786518
0.017618
0.136702
0.857413
0.455125
0.140314
0.288657
0.378249
0.444864
0.156773
0.473857
0.988101
0.917921
0.131973
0.841791
0.552118
0.117930
0.162124
0.873988
0.235439
0.232342
0.231631
0.610979
0.529693
0.455609
0.173050
0.571383
0.649366
0.345811
0.508584
0.725011
0.641190
0.400344
0.124393
0.796846
0.863595
0.223231
0.353824
0.277556
0.620178
0.868876
0.121560
0.192273
0.068317
0.747917
0.561148
0.873235
0.078604
0.115305
0.181066
0.930822
0.858619
0.045957
0.171638
0.605668
0.351520
0.277998
0.253219
0.793026
0.010828
0.378621
0.236010
0.887248
0.482007
0.795498
0.848952
0.123976
0.292700
0.101927
0.789009
0.272102
0.279847
0.652950
0.216801
0.115273
0.435853
0.140742
0.188385
0.479107
0.019347
0.790670
0.858835
0.217761
0.390030
0.966744
0.548176
0.231031
0.442305
0.470376
0.235836
0.697072
0.938765
0.205350
0.291889
0.278775
0.301423
0.952183
0.792310
0.393866
0.684711
0.726188
0.865838
0.076399
0.717597
0.486857
0.930961
0.644164
0.310365
0.394946
0.386287
0.013010
0.131303
0.372932
0.283978
0.052494
0.886132
0.581404
0.446202
0.891806
0.603931
0.667154
0.565061
0.391638
0.832638
0.029228
0.478303
0.474477
0.669209
0.069342
0.441363
0.327535
0.947888
0.797550
0.960771
0.380841
0.847988
0.529133
0.238538
0.936489
0.682366
0.682666
0.360345
0.449051
0.321462
0.242156
0.884883
0.094117
0.586348
0.820100
0.034711
0.820844
0.108497
0.917104
0.312065
0.771523
0.563678
0.053095
0.361972
0.519279
0.412084
0.502741
0.560213
0.073996
0.244968
0.133031
0.129635
0.133059
0.588006
0.965274
0.084159
0.501093
0.440638
0.890546
0.698961
0.411969
0.445644
0.201631
0.225407
0.394248
0.250428
0.183112
0.662661
0.112155
0.316453
0.763051
0.500919
0.869125
0.990967
0.685552
0.634817
0.307879
0.519944
0.746015
0.265089
0.704741
0.656707
0.444515
0.451579
0.608074
0.520121
0.983904
0.425276
0.679903
0.151983
0.566113
0.419555
0.281468
0.197144
0.542903
0.234091
0.709859
0.023168
0.447959
0.325974
0.203181
0.259576
0.489514
0.743090
0.842085
0.879865
0.602576
0.720620
0.788690
0.891915
0.954684
0.282858
0.719929
0.122769
0.348617
0.494140
0.677682
0.270184
0.670908
0.333453
0.516422
0.993324
0.469624
0.010771
0.870778
0.585213
0.403779
0.366973
0.577837
0.326470
0.356993
0.005648
0.306281
0.688792
0.038331
0.680524
0.097641
0.722781
0.164600
0.127777
0.492015
0.422268
0.513143
0.893142
0.066302
0.159956
0.107002
0.399387
0.779045
0.100174
0.321536
0.654250
0.510958
0.336146
0.231390
0.970779
0.179433
0.503388
0.919293
0.203992
0.651254
0.278744
0.785455
0.376949
0.289439
0.086839
0.092244
0.737323
0.053711
0.962287
0.689071
0.048144
0.882431
0.926164
0.144616
0.054010
0.166820
0.857785
0.597184
0.091171
0.082513
0.215780
0.670473
0.725695
0.762552
0.483285
0.614560
0.341670
0.720265
0.887668
0.665649
0.978985
0.797355
0.141654
0.890009
0.389709
0.506191
0.145777
0.826456
0.680021
0.036689
0.116575
0.078465
0.701977
0.035391
0.405253
0.064075
0.211279
0.462009
0.651405
0.013786
0.103461
0.358655
0.288832
0.539883
0.655355
0.997638
0.058053
0.883375
0.739936
0.920618
0.964526
0.897126
0.543284
0.457278
0.294210
0.737734
0.219705
0.074767
0.209340
0.828157
0.486448
0.815956
0.307258
0.303783
0.928965
0.138052
0.153109
0.674138
0.291403
0.963033
0.371858
0.800275
0.529777
0.044516
0.694581
0.405417
0.655998
0.985419
0.545714
0.776895
0.383058
0.097785
0.088769
0.075958
0.262899
0.767474
0.234204
0.915597
0.091144
0.106454
0.180134
0.684016
0.023188
0.275120
0.689519
0.243506
0.525362
0.314317
0.200514
0.303928
0.377956
0.316484
0.073688
0.311163
0.593715
0.009086
0.963808
0.380192
0.939852
0.839956
0.487301
0.588192
0.612177
0.508658
0.671247
0.195176
0.349298
0.942861
0.106983
0.620384
0.470230
0.383182
0.391672
0.735644
0.031634
0.719964
0.284595
0.378021
0.827201
0.274096
0.600582
0.490903
0.571707
0.880884
0.139891
0.704674
0.340571
0.517992
0.949793
0.116735
0.671451
0.708986
0.825777
0.849009
0.410864
0.973595
0.696395
0.394425
0.123782
0.421688
0.261574
0.729105
0.129838
0.984317
0.945263
0.503028
0.922637
0.323121
0.714612
0.839525
0.039616
0.286785
0.053730
0.305652
0.534292
0.314918
0.164207
0.565883
0.950048
0.897411
0.210117
0.126901
0.479083
0.349448
0.904538
0.119893
0.419981
0.574518
0.329627
0.368746
0.715451
0.272124
0.334152
0.349866
0.585268
0.362688
0.011734
0.275927
0.879743
0.205463
0.339762
0.317379
0.812249
0.978966
0.372490
0.219666
0.215479
0.177376
0.110756
0.760327
0.170069
0.397194
0.103310
0.019761
0.024826
0.089735
0.618265
0.385796
0.948634
0.927213
0.114571
0.070326
0.692769
0.360558
0.358845
0.353213
0.401103
0.369820
0.598005
0.373246
0.771032
0.654209
0.297822
0.318951
0.560749
0.456326
0.286168
0.016074
0.264027
0.038816
0.251026
0.018077
0.371677
0.753217
0.100349
0.157449
0.133179
0.678663
0.216111
0.557139
0.481231
0.527862
0.260146
0.203223
0.128714
0.781625
0.405888
0.383941
0.869154
0.730392
0.278504
0.570366
0.369544
0.977756
0.946020
0.285915
0.034376
0.249791
0.085342
0.243344
0.622135
0.604948
0.378188
0.748281
0.725026
0.948945
0.810987
0.228987
0.978290
0.521158
0.257241
0.576352
0.180615
0.673789
0.517488
0.011048
0.599530
0.049949
0.247122
0.853371
0.557506
0.465915
0.391423
0.194461
0.382300
0.497221
0.205242
0.066019
0.629682
0.585885
0.606208
0.711961
0.803490
0.351736
0.798773
0.584185
0.996476
0.676218
0.224943
0.242076
0.829772
0.800660
0.218711
0.629877
0.887309
0.458421
0.146713
0.857631
0.617067
0.553601
0.548832
0.412102
0.230649
0.767622
0.199820
0.387763
0.787921
0.174713
0.306580
0.240331
0.950303
0.481297
0.054768
0.534067
0.354903
0.172216
0.601680
0.158607
0.466770
0.995254
0.667917
0.432855
0.857119
0.988251
0.255690
0.965645
0.114841
0.340473
0.473531
0.100642
0.994723
0.769278
0.091933
0.403225
0.640712
0.818584
0.517568
0.038812
0.982836
0.378309
0.440233
0.805945
0.112831
0.161683
0.170863
0.206072
0.001549
0.535036
0.704535
0.609893
0.470312
0.693874
0.972463
0.593631
0.492708
0.238496
0.614026
0.816020
0.541174
0.787354
0.535694
0.758189
0.646965
0.739206
0.519499
0.796006
0.689781
0.065042
0.300143
0.881666
0.236085
0.283765
0.806742
0.714156
0.298789
0.304670
0.232047
0.234234
0.975786
0.654713
0.177389
0.318333
0.055538
0.845937
0.363699
0.318571
0.853404
0.172005
0.195163
0.926204
0.496220
0.492780
0.319300
0.468381
0.322462
0.309751
0.111632
0.100045
0.463318
0.436956
0.700258
0.263084
0.952719
0.412930
0.570576
0.764110
0.052695
0.607089
0.397306
0.803210
0.029582
0.173610
0.343761
0.373054
0.266378
0.069008
0.559865
0.667375
0.720753
0.544718
0.773387
0.188127
0.945455
0.668622
0.084930
0.241861
0.770796
0.631759
0.087678
0.759896
0.634672
0.017773
0.088340
0.077674
0.245788
0.808894
0.216054
0.351920
0.826220
0.176424
0.890626
0.987569
0.630524
0.855632
0.159028
0.269372
0.544814
0.981230
0.587718
0.746903
0.579766
0.303900
0.365432
0.879791
0.469621
0.910958
0.283634
0.507310
0.842775
0.422608
0.935789
0.530158
0.740685
0.663420
0.537850
0.371016
0.316924
0.347840
0.805620
0.575242
0.268442
0.246481
0.524392
0.006281
0.841432
0.791636
0.366155
0.336622
0.754531
0.357424
0.812777
0.710786
0.216308
0.530860
0.252416
0.010086
0.740530
0.140354
0.562761
0.949915
0.024341
0.489982
0.269824
0.331039
0.828384
0.070506
0.275450
0.110744
0.145526
0.687628
0.640453
0.193337
0.762193
0.717271
0.062647
0.020172
0.383555
0.616569
0.928768
0.396452
0.325662
0.484407
0.684411
0.676991
0.373065
0.770392
0.154132
0.269085
0.992955
0.116357
0.361631
0.642808
0.904065
0.017365
0.713595
0.084378
0.972780
0.793750
0.596011
0.625606
0.986527
0.353085
0.823429
0.942587
0.706495
0.019119
0.924181
0.972346
0.383372
0.238314
0.241578
0.151583
0.020628
0.215523
0.695768
0.063365
0.964120
0.246928
0.055676
0.083789
0.992618
0.026211
0.597053
0.971475
0.074240
0.111246
0.312462
0.030150
0.165748
0.712622
0.742463
0.212490
0.176760
0.458028
0.224417
0.707486
0.045102
0.800984
0.725470
0.971578
0.302975
0.578264
0.618136
0.805047
0.821066
0.224400
0.058549
0.841147
0.348111
0.467413
0.186416
0.279361
0.000269
0.647791
0.938679
0.851133
0.965570
0.110056
0.972259
0.023430
0.076008
0.447213
0.250493
0.411415
0.749921
0.563993
0.347930
0.047099
0.541117
0.943008
0.163461
0.718677
0.554061
0.823610
0.555945
0.409883
0.435860
0.957920
0.592625
0.206440
0.159990
0.710899
0.651318
0.845813
0.231862
0.586755
0.174217
0.737076
0.115446
0.154809
0.425583
0.311826
0.180201
0.223309
0.258088
0.448495
0.360119
0.175687
0.603110
0.576988
0.297724
0.393269
0.738195
0.475811
0.295499
0.691347
0.278909
0.449307
0.930260
0.788413
0.330502
0.169664
0.201375
0.904857
0.214598
0.310170
0.314823
0.087912
0.164471
0.927987
0.369825
0.521474
0.225405
0.293387
0.765049
0.686696
0.279910
0.346871
0.014026
0.373166
0.476064
0.706611
0.024997
0.328769
0.815275
0.078810
0.914509
0.204000
0.057125
0.147355
0.976093
0.865063
0.336623
0.562968
0.889488
0.388208
0.735731
0.214100
0.240414
0.920817
0.888237
0.662222
0.518692
0.215059
0.266044
0.754972
0.300624
0.166677
0.946533
0.205610
0.111616
0.080717
0.104536
0.232185
0.552809
0.140628
0.528184
0.492433
0.691421
0.477073
0.804022
0.009984
0.223072
0.164540
0.241518
0.965618
0.764700
0.061074
0.757802
0.197016
0.312184
0.839573
0.077036
0.507062
0.865124
0.325414
0.331472
0.091095
0.684695
0.888814
0.208505
0.146574
0.295500
0.472475
0.754932
0.285021
0.089836
0.743503
0.020438
0.408602
0.148037
0.018208
0.450839
0.096653
0.291197
0.240847
0.990800
0.047344
0.556659
0.421243
0.748191
0.184640
0.590524
0.116864
0.939691
0.540934
0.227947
0.644759
0.170966
0.003233
0.858178
0.636879
0.505272
0.429260
0.608855
0.014743
0.701682
0.135325
0.728656
0.709227
0.527589
0.387608
0.579579
0.038071
0.598455
0.522365
0.884251
0.174384
0.308996
0.829672
0.309014
0.987363
0.491614
0.183041
0.333307
0.652195
0.476754
0.828600
0.877980
0.046918
0.602110
0.179605
0.291682
0.364034
0.398928
0.233602
0.461946
0.645047
0.008946
0.351469
0.696934
0.724659
0.799067
0.042284
0.270237
0.272951
0.946555
0.690180
0.524387
0.220235
0.378232
0.365204
0.062738
0.608838
0.135503
0.178143
0.932624
0.154364
0.884771
0.689313
0.907882
0.128288
0.141130
0.455421
0.843137
0.253223
0.172824
0.610752
0.907244
0.587895
0.714669
0.814733
0.854711
0.873765
0.359871
0.765148
0.892310
0.819082
0.000141
0.754201
0.407810
0.655671
0.231755
0.334884
0.598036
0.162464
0.387728
0.640697
0.847620
0.898137
0.550390
0.257945
0.535584
0.610512
0.660581
0.953600
0.486531
0.726787
0.895008
0.101815
0.723131
0.307264
0.916974
0.089514
0.937776
0.243903
0.112100
0.498515
0.588935
0.478680
0.553392
0.813019
0.881556
0.326872
0.362303
0.063227
0.734858
0.135762
0.366661
0.136726
0.033413
0.555157
0.134315
0.839086
0.841325
0.004881
0.574378
0.705950
0.411727
0.905294
0.446520
0.524574
0.806208
0.095801
0.262901
0.649001
0.047143
0.356341
0.776328
0.047575
0.240416
0.117703
0.450859
0.333637
0.041359
0.394869
0.045314
0.451510
0.691993
0.597049
0.603593
0.543435
0.366115
0.599060
0.245106
0.554100
0.438270
0.038450
0.050159
0.254828
0.995383
0.015591
0.014525
0.428159
0.372189
0.800748
0.339491
0.456321
0.884614
0.920982
0.672823
0.436441
0.414147
0.535325
0.126014
0.305858
0.950614
0.780704
0.876982
0.328944
0.004766
0.052214
0.697485
0.370591
0.563945
0.784817
0.202821
0.781168
0.576730
0.341873
0.749011
0.735259
0.142960
0.248071
0.550285
0.715705
0.465394
0.186578
0.467211
0.401158
0.234438
0.415318
0.342613
0.807169
0.498122
0.345131
0.417134
0.627140
0.980439
0.809807
0.027159
0.721806
0.501326
0.688217
0.122066
0.687375
0.104431
0.202295
0.392496
0.888280
0.181972
0.898959
0.592523
0.937530
0.501831
0.563162
0.691987
0.934969
0.276835
0.434357
0.395727
0.091832
0.191060
0.987594
0.508389
0.361742
0.518047
0.368033
0.160533
0.217926
0.770821
0.555596
0.707094
0.540541
0.837527
0.503312
0.685276
0.154700
0.637713
0.404027
0.707478
0.759212
0.325627
0.757943
0.057189
0.850248
0.045471
0.947038
0.652402
0.736916
0.770889
0.277823
0.402013
0.502856
0.632976
0.184196
0.875261
0.847028
0.138039
0.036900
0.061136
0.367432
0.312863
0.382289
0.352022
0.184836
0.090403
0.823981
0.141054
0.662995
0.395937
0.107213
0.582597
0.612465
0.630687
0.504480
0.496159
0.183870
0.528759
0.616536
0.571400
0.002279
0.120578
0.276179
0.290815
0.977953
0.442666
0.001254
0.271346
0.082696
0.344923
0.312912
0.340400
0.809918
0.652124
0.186945
0.018594
0.566662
0.910239
0.708590
0.453464
0.075462
0.098738
0.969935
0.117184
0.613168
0.110095
0.996352
0.988326
0.374701
0.314354
0.673309
0.833294
0.136078
0.451426
0.723611
0.797446
0.088549
0.972628
0.760471
0.628212
0.032119
0.316121
0.613627
0.661576
0.031415
0.713048
0.840712
0.497151
0.051278
0.731231
0.737766
0.213169
0.576803
0.854824
0.941589
0.787925
0.777960
0.938935
0.859905
0.214760
0.569363
0.070179
0.707183
0.849044
0.030121
0.393928
0.695520
0.892939
0.847729
0.257510
0.309161
0.301156
0.916226
0.971138
0.252774
0.832312
0.306929
0.744494
0.329302
0.638842
0.816216
0.540744
0.691487
0.706252
0.127407
0.559650
0.687534
0.251573
0.672832
0.660212
0.248188
0.862489
0.089723
0.837996
0.848741
0.803290
0.193463
0.944596
0.731479
0.491527
0.779669
0.472330
0.044512
0.229334
0.870336
0.706633
0.891755
0.784608
0.968106
0.886352
0.092684
0.397584
0.128223
0.707163
0.612897
0.135372
0.523020
0.289187
0.587969
0.737489
0.403944
0.324222
0.360828
0.055619
0.878307
0.973066
0.771125
0.866243
0.550835
0.135611
0.654899
0.060484
0.344526
0.136788
0.262066
0.435724
0.643958
0.815094
0.502877
0.332105
0.401377
0.357260
0.063989
0.086872
0.038181
0.366338
0.758837
0.493272
0.559869
0.189781
0.811019
0.530038
0.401405
0.061524
0.225608
0.313800
0.424164
0.454916
0.141053
0.370405
0.409050
0.013061
0.029424
0.632296
0.218809
0.565679
0.328418
0.366947
0.843552
0.087103
0.344292
0.204725
0.276560
0.763409
0.907642
0.351424
0.993986
0.866616
0.937094
0.588624
0.805262
0.364111
0.960041
0.040819
0.496028
0.589499
0.241779
0.538034
0.669213
0.069190
0.019056
0.452144
0.091367
0.423778
0.752038
0.719184
0.931209
0.065392
0.178137
0.572916
0.218275
0.097191
0.446666
0.860653
0.505940
0.028446
0.956709
0.353673
0.871408
0.772481
0.730369
0.724225
0.473662
0.253242
0.795158
0.970750
0.789047
0.152503
0.985079
0.523830
0.395051
0.960598
0.708940
0.658109
0.739832
0.110762
0.282894
0.629966
0.353903
0.376512
0.634895
0.226344
0.488675
0.673291
0.111556
0.575659
0.433809
0.444467
0.349466
0.675108
0.922907
0.926773
0.106963
0.527531
0.908215
0.014760
0.528997
0.061987
0.814810
0.395621
0.774474
0.501701
0.590233
0.056958
0.556455
0.016485
0.785581
0.617212
0.011857
0.689267
0.549324
0.862503
0.056830
0.982085
0.218373
0.049786
0.921516
0.309770
0.756482
0.344108
0.865175
0.432453
0.144427
0.071511
0.918188
0.433536
0.167764
0.397017
0.196660
0.939690
0.496431
0.672005
0.500622
0.205001
0.298018
0.864331
0.197194
0.073101
0.587118
0.499132
0.261777
0.859070
0.472402
0.944498
0.806115
0.676319
0.228701
0.204146
0.761914
0.851278
0.672781
0.893723
0.959100
0.108689
0.560155
0.527302
0.782486
0.319997
0.219318
0.609457
0.599904
0.543634
0.394425
0.283813
0.216049
0.965116
0.444589
0.133249
0.753705
0.392370
0.736558
0.346547
0.428464
0.262610
0.028275
0.282172
0.042753
0.365593
0.056315
0.877159
0.354474
0.738102
0.764983
0.507667
0.496717
0.598922
0.925249
0.431352
0.856278
0.794999
0.235996
0.689044
0.325542
0.649664
0.748297
0.156737
0.987052
0.333983
0.147734
0.896039
0.481821
0.023084
0.533839
0.113305
0.757399
0.110613
0.985460
0.200717
0.342589
0.205687
0.953772
0.776765
0.802529
0.456484
0.110239
0.383658
0.687166
0.971099
0.346536
0.034062
0.991519
0.636869
0.500440
0.862777
0.338069
0.980990
0.811108
0.448128
0.507309
0.733971
0.006005
0.375243
0.366211
0.429044
0.128904
0.255474
0.257149
0.529881
0.244506
0.863906
0.639535
0.670339
0.933084
0.465470
0.648002
0.417033
0.122467
0.659248
0.715903
0.441558
0.321175
0.554226
0.779986
0.886427
0.413697
0.406304
0.646495
0.409330
0.977008
0.588713
0.973222
0.635091
0.868336
0.263123
0.165153
0.384539
0.831851
0.178331
0.249511
0.794217
0.962105
0.693251
0.992029
0.609806
0.352228
0.431361
0.940097
0.208114
0.624705
0.689374
0.576584
0.065430
0.693295
0.092815
0.984276
0.091587
0.109564
0.498628
0.545409
0.745897
0.201740
0.257907
0.720965
0.759555
0.584136
0.872268
0.404516
0.334666
0.091052
0.491950
0.056372
0.457693
0.030679
0.533258
0.673692
0.649275
0.544639
0.842719
0.815717
0.626578
0.651937
0.945015
0.602158
0.641884
0.028597
0.105363
0.855522
0.204299
0.174410
0.572905
0.930251
0.622223
0.216105
0.792717
0.125264
0.813685
0.233853
0.657292
0.820973
0.720495
0.639242
0.575380
0.323284
0.890269
0.413428
0.062771
0.088221
0.427106
0.991661
0.486215
0.091593
0.985836
0.484391
0.032930
0.195187
0.334206
0.906923
0.932938
0.837830
0.629833
0.972461
0.663339
0.186814
0.960837
0.032408
0.530242
0.259882
0.247151
0.339997
0.607625
0.754419
0.769080
0.307572
0.949415
0.479762
0.715746
0.834855
0.952411
0.008493
0.172936
0.537971
0.388710
0.368137
0.201282
0.411299
0.336505
0.257378
0.504740
0.632803
0.891715
0.159441
0.928411
0.076557
0.248168
0.154952
0.535776
0.243860
0.583763
0.819833
0.539569
0.558642
0.011402
0.989624
0.248307
0.007636
0.957961
0.836300
0.652072
0.326755
0.268115
0.639888
0.125608
0.149972
0.622643
0.145011
0.153049
0.725130
0.777677
0.818339
0.264654
0.863959
0.421134
0.810598
0.669177
0.304375
0.088745
0.666519
0.122951
0.616958
0.552434
0.805313
0.514431
0.351392
0.090434
0.547091
0.686592
0.381467
0.257997
0.818103
0.253983
0.129673
0.620761
0.007831
0.290959
0.717155
0.795013
0.448418
0.826121
0.446293
0.199967
0.363550
0.238560
0.657785
0.790662
0.408146
0.936520
0.860123
0.564713
0.157516
0.740344
0.476831
0.664557
0.467346
0.180388
0.137814
0.006290
0.923136
0.557423
0.619496
0.618127
0.835544
0.057994
0.449832
0.561885
0.169558
0.039446
0.396427
0.719956
0.470107
0.727779
0.278305
0.872594
0.361553
0.043978
0.435795
0.865140
0.446838
0.988728
0.081700
0.005273
0.854466
0.478063
0.385551
0.854459
0.015151
0.599863
0.428346
0.737460
0.279193
0.928741
0.946486
0.525727
0.291330
0.629731
0.571530
0.725506
0.750088
0.043611
0.999409
0.774919
0.718101
0.082399
0.293427
0.615695
0.490365
0.985639
0.366039
0.428728
0.437372
0.568997
0.293330
0.516547
0.035002
0.418228
0.613418
0.272958
0.585228
0.285027
0.437665
0.327614
0.080331
0.077167
0.275431
0.102688
0.224397
0.013611
0.825003
0.216025
0.302431
0.055398
0.922706
0.440419
0.179142
0.303582
0.848777
0.046626
0.063105
0.464635
0.663485
0.567443
0.431137
0.368779
0.263658
0.805030
0.862675
0.144707
0.903214
0.731425
0.972163
0.621101
0.678533
0.004959
0.682994
0.567074
0.529425
0.829748
0.090518
0.084856
0.909760
0.742233
0.992001
0.023307
0.121141
0.523407
0.992852
0.243645
0.232900
0.447368
0.152841
0.602411
0.308374
0.610289
0.431684
0.143474
0.769322
0.497146
0.295982
0.342697
0.027418
0.579437
0.621151
0.817011
0.036104
0.672683
0.371952
0.294502
0.131500
0.579422
0.179629
0.303863
0.073386
0.997407
0.105250
0.049399
0.623962
0.564214
0.137621
0.720437
0.542817
0.753018
0.916657
0.579606
0.682543
0.128985
0.192908
0.980462
0.763984
0.454886
0.571612
0.988145
0.638401
0.516031
0.382237
0.883387
0.822705
0.270504
0.346486
0.995916
0.162431
0.457525
0.169879
0.372907
0.645813
0.785500
0.882530
0.686137
0.094013
0.927101
0.628204
0.821515
0.291537
0.161381
0.618936
0.189724
0.623713
0.496283
0.903963
0.219490
0.652842
0.587546
0.761907
0.627014
0.911578
0.834541
0.526277
0.137900
0.313085
0.507296
0.155773
0.721811
0.686514
0.953286
0.318390
0.295196
0.429060
0.393423
0.175160
0.073075
0.929877
0.074398
0.725041
0.485649
0.246036
0.863650
0.853867
0.107670
0.397752
0.502880
0.260878
0.525389
0.172600
0.659561
0.906550
0.244395
0.481541
0.601036
0.522620
0.737950
0.260126
0.464828
0.083505
0.775150
0.745308
0.898060
0.788748
0.336265
0.442439
0.709426
0.426726
0.413390
0.410988
0.524235
0.655299
0.861686
0.995715
0.396183
0.467165
0.373108
0.088900
0.532926
0.424906
0.613144
0.376912
0.594425
0.218468
0.223457
0.171149
0.266350
0.078503
0.740691
0.891035
0.572580
0.981717
0.614666
0.519347
0.732627
0.615200
0.387714
0.523238
0.587565
0.478585
0.290258
0.385711
0.991869
0.345626
0.944745
0.751312
0.113375
0.677013
0.588678
0.907968
0.798121
0.367583
0.125304
0.227297
0.774711
0.863946
0.894251
0.013596
0.211709
0.940167
0.190404
0.883994
0.453660
0.053842
0.222984
0.157822
0.583097
0.803580
0.233293
0.282862
0.958274
0.699600
0.323073
0.002390
0.214609
0.666632
0.989759
0.874296
0.281616
0.894221
0.333052
0.918504
0.130415
0.102511
0.161739
0.289514
0.838187
0.816972
0.172345
0.067443
0.727943
0.955697
0.733213
0.825285
0.141820
0.086976
0.439606
0.776232
0.645393
0.068946
0.217327
0.918451
0.185015
0.940087
0.663513
0.983364
0.960323
0.689076
0.202371
0.636722
0.294354
0.741605
0.288827
0.680926
0.833291
0.303857
0.961733
0.035417
0.470016
0.287796
0.787311
0.524618
0.928301
0.899574
0.259144
0.646879
0.169555
0.633368
0.758727
0.122004
0.378339
0.709940
0.815486
0.379963
0.167038
0.809984
0.831441
0.941956
0.719553
0.451790
0.207154
0.711555
0.508245
0.772587
0.585277
0.314625
0.091647
0.811572
0.238433
0.250268
0.691057
0.225705
0.601057
0.611388
0.094854
0.558948
0.071529
0.544498
0.027302
0.641126
0.091904
0.408075
0.005341
0.119870
0.607898
0.392726
0.688225
0.781237
0.390662
0.242424
0.581213
0.741304
0.793195
0.893469
0.200394
0.389006
0.855931
0.478039
0.440275
0.523328
0.665628
0.045528
0.142261
0.396016
0.515996
0.782297
0.958496
0.581629
0.083749
0.876146
0.493735
0.034143
0.995562
0.814457
0.824655
0.434498
0.154613
0.835459
0.512030
0.614405
0.964514
0.902890
0.791888
0.383200
0.437008
0.550108
0.146699
0.458158
0.511009
0.766695
0.790925
0.173173
0.016886
0.977111
0.865156
0.531297
0.473061
0.707078
0.412535
0.585801
0.543331
0.541101
0.337145
0.741244
0.863347
0.157753
0.828254
0.816564
0.273394
0.973763
0.722512
0.609484
0.091308
0.041226
0.498717
0.545181
0.102802
0.303817
0.321280
0.129047
0.724696
0.029212
0.517971
0.496908
0.457021
0.769108
0.078428
0.056795
0.039572
0.550524
0.159880
0.031448
0.783376
0.339389
0.887924
0.674541
0.583322
0.228658
0.129290
0.877015
0.219873
0.049081
0.811464
0.180949
0.419606
0.363920
0.175885
0.551863
0.820079
0.443845
0.217005
0.347856
0.637255
0.101287
0.102669
0.284178
0.485912
0.142981
0.450594
0.890093
0.086933
0.045336
0.793819
0.353505
0.501342
0.811712
0.982136
0.157026
0.160006
0.297419
0.698147
0.732960
0.270031
0.723121
0.011635
0.257016
0.743353
0.197904
0.234693
0.711278
0.538592
0.569014
0.287113
0.572643
0.271994
0.457637
0.836003
0.817286
0.034666
0.252222
0.368776
0.814975
0.058182
0.857938
0.812396
0.856721
0.065162
0.059859
0.776183
0.299362
0.801259
0.287266
0.907083
0.202341
0.205038
0.877758
0.376043
0.003126
0.376843
0.565352
0.317230
0.653103
0.760636
0.960857
0.007923
0.187246
0.667069
0.281917
0.080131
0.196723
0.214120
0.222490
0.703554
0.929520
0.325383
0.747259
0.066377
0.872251
0.346712
0.047572
0.932568
0.825906
0.970008
0.115812
0.383478
0.635325
0.198424
0.270393
0.103387
0.369636
0.369530
0.801448
0.773640
0.678605
0.450683
0.187227
0.062646
0.114414
0.722135
0.454605
0.588425
0.053419
0.215693
0.297203
0.569931
0.668409
0.136860
0.016485
0.140809
0.675952
0.582619
0.881893
0.676747
0.849949
0.900820
0.704423
0.671667
0.882408
0.605604
0.544792
0.609546
0.963743
0.060691
0.215124
0.822979
0.622306
0.722365
0.436369
0.146283
0.128154
0.259836
0.958851
0.384100
0.147709
0.864572
0.088610
0.584377
0.899451
0.654277
0.757780
0.170181
0.668416
0.762416
0.574972
0.225077
0.098168
0.081314
0.155556
0.203364
0.899249
0.155738
0.097386
0.845178
0.745619
0.473919
0.292759
0.897664
0.725360
0.802801
0.081469
0.891622
0.365299
0.802143
0.204305
0.697441
0.355024
0.325254
0.434330
0.117973
0.594332
0.579560
0.389973
0.587165
0.316702
0.044036
0.786347
0.083860
0.084308
0.198421
0.598063
0.076689
0.488214
0.045941
0.299041
0.359410
0.048766
0.051477
0.944860
0.671523
0.020663
0.774263
0.975665
0.416323
0.536287
0.561536
0.768905
0.461619
0.538295
0.459423
0.359351
0.045649
0.573576
0.871662
0.989220
0.304966
0.357805
0.696655
0.045688
0.719475
0.732070
0.049487
0.200468
0.143784
0.676641
0.437833
0.572302
0.609621
0.424588
0.228476
0.295699
0.271432
0.729664
0.593189
0.977529
0.991105
0.335174
0.147026
0.058636
0.867109
0.807074
0.336172
0.643510
0.491515
0.825729
0.053176
0.912625
0.833252
0.763830
0.070875
0.956020
0.099610
0.947226
0.918219
0.852210
0.907019
0.231825
0.856436
0.824097
0.017321
0.811189
0.346914
0.515926
0.172548
0.170912
0.886539
0.207021
0.329019
0.548846
0.485024
0.385257
0.474691
0.663387
0.394574
0.494436
0.070286
0.900765
0.606787
0.214842
0.827689
0.968893
0.096252
0.877403
0.605586
0.638954
0.915472
0.012859
0.723797
0.812720
0.991412
0.733917
0.270121
0.526377
0.409550
0.198151
0.277139
0.680307
0.025496
0.531903
0.995820
0.365470
0.455052
0.962002
0.387056
0.534285
0.758589
0.825957
0.124799
0.877701
0.961569
0.357633
0.573061
0.857737
0.806169
0.591089
0.815770
0.690384
0.784886
0.229292
0.819956
0.258362
0.400646
0.397464
0.369798
0.584902
0.173622
0.775486
0.676998
0.043081
0.976509
0.784634
0.441428
0.382146
0.740299
0.317244
0.978993
0.191135
0.204321
0.641987
0.459623
0.406439
0.569129
0.712407
0.899990
0.016068
0.390050
0.444143
0.660086
0.378369
0.673363
0.820846
0.611751
0.513007
0.616173
0.825762
0.926455
0.839898
0.084413
0.483071
0.599465
0.937489
0.429681
0.209722
0.152488
0.811790
0.393021
0.626126
0.686185
0.555612
0.279614
0.025871
0.070771
0.323829
0.569588
0.355716
0.035247
0.742608
0.272922
0.474536
0.445625
0.742476
0.366383
0.232436
0.836446
0.687993
0.152447
0.799743
0.198776
0.448557
0.548655
0.362554
0.037030
0.890228
0.704499
0.641553
0.426019
0.389231
0.614781
0.460171
0.352585
0.392421
0.075999
0.235203
0.371494
0.343937
0.547415
0.657729
0.885655
0.322872
0.722315
0.016705
0.253335
0.403186
0.488178
0.555647
0.991489
0.760316
0.916955
0.580299
0.380365
0.162010
0.047781
0.809546
0.560538
0.243563
0.932911
0.912682
0.264161
0.476525
0.251539
0.454849
0.636392
0.388737
0.152973
0.402117
0.414177
0.322548
0.877094
0.163671
0.255591
0.064654
0.482510
0.287579
0.205817
0.329328
0.166732
0.717781
0.582288
0.407927
0.523178
0.973806
0.632196
0.939436
0.591021
0.164048
0.815982
0.634185
0.019740
0.992604
0.890012
0.867493
0.503581
0.395118
0.974622
0.120355
0.114635
0.339037
0.608325
0.595878
0.158646
0.268228
0.498076
0.595243
0.936129
0.453084
0.106212
0.054715
0.663638
0.838893
0.678569
0.481748
0.005887
0.253107
0.361139
0.386384
0.008336
0.843841
0.204895
0.483777
0.880455
0.356975
0.384560
0.791472
0.350292
0.218936
0.606269
0.404568
0.338655
0.949906
0.434643
0.893509
0.242983
0.182928
0.099460
0.920351
0.293071
0.675100
0.948177
0.844013
0.468791
0.256776
0.279346
0.614405
0.438793
0.433979
0.244591
0.517317
0.583206
0.520849
0.248330
0.001302
0.456268
0.087325
0.944710
0.616289
0.189777
0.438737
0.154065
0.539761
0.357594
0.746878
0.655213
0.325537
0.347119
0.696485
0.697708
0.744760
0.306790
0.638906
0.796957
0.307821
0.359931
0.719930
0.986467
0.465682
0.954535
0.407054
0.501198
0.342372
0.525251
0.840464
0.134441
0.197015
0.006590
0.201218
0.262406
0.750452
0.193319
0.480881
0.264824
0.931723
0.392564
0.972477
0.519762
0.943947
0.759211
0.228110
0.034267
0.554689
0.017914
0.061077
0.541557
0.966970
0.927025
0.248490
0.486763
0.104693
0.667011
0.425220
0.907668
0.778343
0.782701
0.183852
0.949650
0.408185
0.178821
0.712894
0.524841
0.244558
0.874686
0.443065
0.808392
0.606676
0.539230
0.827230
0.468019
0.378203
0.633455
0.673799
0.339538
0.961881
0.025214
0.677859
0.017999
0.266044
0.061494
0.163125
0.342791
0.028770
0.996054
0.446483
0.061682
0.383875
0.694712
0.973212
0.093412
0.836541
0.355491
0.924380
0.535765
0.591924
0.374283
0.769712
0.135183
0.111029
0.106163
0.302769
0.828179
0.045051
0.374816
0.545580
0.651934
0.809407
0.783909
0.214010
0.003676
0.536118
0.910284
0.781912
0.592166
0.319075
0.894458
0.832302
0.390896
0.418887
0.983520
0.020021
0.376576
0.597439
0.778739
0.447058
0.457887
0.228436
0.958140
0.345323
0.892309
0.297840
0.605530
0.120393
0.011446
0.432553
0.113614
0.903738
0.570538
0.539188
0.431327
0.832115
0.582800
0.406715
0.794782
0.285168
0.655492
0.432924
0.477333
0.901390
0.408037
0.728205
0.586444
0.416231
0.303333
0.780740
0.952138
0.453717
0.676372
0.231608
0.231751
0.505796
0.898307
0.500011
0.896128
0.275110
0.702681
0.958327
0.769941
0.582000
0.941351
0.321239
0.639891
0.562356
0.382945
0.166978
0.594572
0.248260
0.052883
0.132840
0.553821
0.838987
0.712095
0.949421
0.827729
0.468447
0.036767
0.023415
0.819863
0.661062
0.283426
0.718876
0.568755
0.467723
0.576459
0.590186
0.978767
0.685140
0.547134
0.902016
0.207928
0.205697
0.977132
0.444628
0.997469
0.212769
0.182682
0.576071
0.096041
0.342379
0.429077
0.052313
0.561143
0.461600
0.235602
0.544961
0.430233
0.175067
0.547985
0.093861
0.223206
0.542698
0.683979
0.445096
0.254460
0.675642
0.446702
0.427384
0.943990
0.446891
0.833279
0.911968
0.979858
0.502886
0.310837
0.470156
0.415053
0.259954
0.390309
0.622786
0.805821
0.703284
0.387149
0.398284
0.400996
0.337210
0.238016
0.158383
0.866962
0.746397
0.448862
0.987945
0.134429
0.272580
0.822463
0.099267
0.844209
0.567273
0.176136
0.190334
0.572144
0.195400
0.671737
0.586141
0.160118
0.408451
0.482651
0.644756
0.061790
0.220264
0.893672
0.734377
0.729084
0.468013
0.630814
0.290352
0.678291
0.760952
0.545189
0.794887
0.552446
0.667725
0.008359
0.036757
0.167969
0.898935
0.530681
0.800474
0.236594
0.256707
0.688126
0.097545
0.085789
0.070247
0.170294
0.627221
0.768995
0.461162
0.360605
0.077608
0.327351
0.001457
0.781083
0.934611
0.612669
0.979567
0.915322
0.236692
0.842235
0.086258
0.534933
0.326043
0.373955
0.805374
0.852447
0.526090
0.868974
0.248646
0.496770
0.293045
0.961511
0.635580
0.829993
0.014083
0.554449
0.786934
0.105015
0.071963
0.286319
0.993710
0.994800
0.177978
0.311650
0.734820
0.433332
0.451038
0.153063
0.159561
0.306951
0.246696
0.729761
0.911476
0.368677
0.818744
0.062563
0.055718
0.847620
0.327631
0.279198
0.062114
0.355259
0.340934
0.183057
0.392201
0.099306
0.445069
0.451718
0.313736
0.587446
0.094752
0.754951
0.615712
0.405215
0.854767
0.341898
0.587761
0.486787
0.271475
0.669225
0.548838
0.251089
0.080335
0.011293
0.621950
0.969223
0.188371
0.904058
0.037169
0.668007
0.041879
0.280228
0.858580
0.398220
0.821315
0.917278
0.448658
0.928757
0.415902
0.864695
0.654018
0.227918
0.885373
0.974105
0.489674
0.803114
0.977789
0.017013
0.056866
0.167596
0.149719
0.740243
0.516060
0.948918
0.134233
0.038866
0.787573
0.244591
0.676180
0.289691
0.325128
0.546070
0.152775
0.214058
0.031922
0.407512
0.017398
0.964749
0.315890
0.029643
0.739195
0.855775
0.234022
0.294937
0.101016
0.282528
0.899939
0.746043
0.600764
0.279362
0.241434
0.496978
0.560466
0.307851
0.134267
0.542680
0.464464
0.596580
0.915813
0.057958
0.650905
0.606768
0.729916
0.706898
0.694053
0.281013
0.676920
0.108122
0.610467
0.058008
0.866728
0.293933
0.168427
0.476775
0.396122
0.370672
0.392482
0.431511
0.614587
0.726424
0.446022
0.013853
0.597468
0.867607
0.103462
0.743775
0.225395
0.609546
0.446072
0.053400
0.060195
0.443694
0.234588
0.969093
0.117657
0.986103
0.927313
0.215006
0.645982
0.742594
0.871130
0.723833
0.026902
0.754929
0.938323
0.935410
0.497549
0.002538
0.504623
0.047751
0.540318
0.693739
0.150940
0.674368
0.672148
0.491094
0.856859
0.381932
0.072778
0.464077
0.569298
0.418306
0.784267
0.569487
0.252616
0.287246
0.274146
0.131298
0.531806
0.736146
0.336352
0.266559
0.549793
0.360352
0.884025
0.106524
0.191945
0.414109
0.114586
0.850865
0.450990
0.186056
0.170292
0.010312
0.776084
0.437544
0.318760
0.216554
0.179803
0.015468
0.301603
0.769274
0.872540
0.797779
0.981023
0.944567
0.007985
0.178711
0.311679
0.287174
0.805944
0.280690
0.707776
0.665351
0.966353
0.029014
0.714533
0.281052
0.794504
0.041174
0.852227
0.832674
0.262706
0.471890
0.324949
0.340684
0.075080
0.383893
0.892106
0.220282
0.464230
0.858646
0.427349
0.956227
0.512019
0.755633
0.047802
0.374021
0.379777
0.217844
0.118846
0.164174
0.380526
0.508333
0.030641
0.891722
0.799104
0.461388
0.428606
0.585734
0.033893
0.514289
0.259307
0.761533
0.811553
0.333767
0.685786
0.974576
0.026200
0.206266
0.924373
0.066505
0.335888
0.473566
0.572179
0.952358
0.968172
0.075195
0.916650
0.159199
0.745867
0.025687
0.353303
0.390753
0.943683
0.086849
0.864580
0.924653
0.072869
0.780813
0.933049
0.897712
0.707934
0.876365
0.349105
0.983513
0.207285
0.825485
0.622114
0.083457
0.125662
0.945666
0.781475
0.639241
0.804575
0.161744
0.849317
0.718252
0.388762
0.423820
0.440158
0.044222
0.229831
0.699626
0.477506
0.549241
0.477541
0.254069
0.767554
0.449249
0.846347
0.438894
0.912148
0.417683
0.098348
0.943733
0.225410
0.509243
0.269150
0.538204
0.810775
0.410691
0.942658
0.254398
0.799864
0.445245
0.863593
0.320519
0.915379
0.093088
0.568704
0.419762
0.632758
0.408573
0.772087
0.082889
0.337419
0.395290
0.506604
0.657209
0.235390
0.657737
0.098677
0.866836
0.526491
0.482126
0.331443
0.886679
0.314058
0.142048
0.571639
0.102371
0.148831
0.895292
0.436093
0.686568
0.403809
0.788051
0.038428
0.264318
0.190684
0.448659
0.066611
0.601374
0.267503
0.205790
0.525253
0.373894
0.784181
0.760923
0.857857
0.969536
0.371799
0.671556
0.315225
0.341623
0.529758
0.934118
0.625518
0.462328
0.699936
0.102187
0.564449
0.779482
0.459226
0.729266
0.533047
0.515920
0.703146
0.313110
0.384639
0.010755
0.247527
0.651991
0.958063
0.798665
0.328299
0.148249
0.073716
0.575433
0.838757
0.641173
0.432583
0.784383
0.788855
0.084537
0.272586
0.567048
0.303481
0.552747
0.924991
0.399860
0.069460
0.647185
0.266669
0.643697
0.489408
0.348543
0.468954
0.581025
0.071489
0.424014
0.434975
0.531578
0.866422
0.836552
0.725586
0.407195
0.817617
0.638043
0.977426
0.283709
0.899542
0.964314
0.489905
0.286503
0.237949
0.127179
0.522808
0.469575
0.309775
0.041122
0.421237
0.438083
0.758515
0.188258
0.035177
0.853292
0.702928
0.857511
0.389502
0.657807
0.204921
0.069825
0.595707
0.968458
0.260318
0.482052
0.785361
0.064311
0.419673
0.943952
0.139910
0.317207
0.492943
0.545692
0.942039
0.200770
0.471204
0.952020
0.076834
0.709053
0.462028
0.072968
0.460156
0.515342
0.405868
0.402829
0.907268
0.511955
0.363999
0.387139
0.714245
0.859413
0.161143
0.403488
0.492176
0.313623
0.966776
0.302843
0.150640
0.227731
0.519068
0.124508
0.500500
0.685416
0.066929
0.725140
0.161276
0.518222
0.833371
0.540103
0.787158
0.404271
0.913576
0.897825
0.336452
0.611773
0.712049
0.843142
0.017485
0.619929
0.415037
0.886693
0.761945
0.563433
0.879103
0.811341
0.763562
0.055336
0.908124
0.444913
0.731889
0.156471
0.074909
0.197157
0.550782
0.397393
0.327548
0.187997
0.798674
0.499450
0.084177
0.728527
0.929707
0.573358
0.764329
0.004834
0.474632
0.743905
0.803700
0.540969
0.588686
0.614998
0.647157
0.849049
0.137622
0.366454
0.679081
0.813723
0.806876
0.288215
0.119570
0.491463
0.773648
0.794117
0.850391
0.053507
0.175263
0.610168
0.618412
0.469716
0.114471
0.455328
0.951160
0.859104
0.484939
0.789025
0.185381
0.345119
0.496723
0.611594
0.703392
0.108404
0.997315
0.003314
0.663642
0.469599
0.381328
0.565967
0.243254
0.336667
0.970163
0.788399
0.645297
0.777094
0.928105
0.054436
0.497846
0.620678
0.316262
0.616994
0.843150
0.644062
0.320220
0.805087
0.912955
0.548103
0.618155
0.548653
0.461576
0.612759
0.676714
0.397318
0.404914
0.834765
0.412900
0.580069
0.136389
0.738744
0.378642
0.669611
0.576722
0.854697
0.694928
0.553555
0.102511
0.510572
0.465399
0.009333
0.999271
0.768740
0.963009
0.175446
0.430838
0.694912
0.432638
0.911737
0.713064
0.077084
0.859039
0.859221
0.452055
0.084362
0.281708
0.217802
0.054028
0.279571
0.511769
0.740014
0.855309
0.967995
0.032875
0.431769
0.449010
0.904709
0.107783
0.307731
0.413475
0.206199
0.120630
0.479159
0.962311
0.464248
0.964972
0.675353
0.844384
0.071643
0.139178
0.194825
0.104087
0.904836
0.480408
0.537082
0.968760
0.517226
0.299797
0.727992
0.734692
0.861633
0.764979
0.377818
0.070712
0.249653
0.699005
0.917493
0.816028
0.470952
0.561308
0.471052
0.205495
0.923771
0.077593
0.525347
0.271722
0.669872
0.169401
0.646587
0.131893
0.928113
0.175317
0.020545
0.322419
0.800402
0.576185
0.722582
0.572917
0.606096
0.054658
0.377371
0.360753
0.944220
0.800474
0.878271
0.628644
0.350092
0.879323
0.093792
0.722513
0.741104
0.624130
0.094261
0.378887
0.817129
0.589236
0.345409
0.596297
0.490112
0.383087
0.106680
0.020996
0.545240
0.713562
0.869186
0.793424
0.097194
0.338593
0.109518
0.289478
0.498510
0.206862
0.818624
0.173112
0.916332
0.339450
0.696332
0.399208
0.536629
0.680797
0.448247
0.184928
0.733432
0.020229
0.258100
0.342908
0.491310
0.734826
0.070263
0.251263
0.063120
0.658344
0.248304
0.056150
0.437175
0.264179
0.279926
0.567073
0.568215
0.034562
0.389447
0.739541
0.868752
0.641909
0.968636
0.342352
0.770062
0.206951
0.027021
0.497843
0.837999
0.534164
0.134980
0.554838
0.295058
0.017456
0.437540
0.419656
0.668289
0.813844
0.963914
0.916147
0.698606
0.403207
0.966574
0.278902
0.641061
0.587638
0.072970
0.984047
0.422359
0.181356
0.410833
0.190732
0.050380
0.744975
0.221846
0.176835
0.674049
0.916669
0.065154
0.799577
0.238408
0.674729
0.147961
0.862751
0.971313
0.765266
0.330850
0.915937
0.661306
0.876588
0.525472
0.708104
0.761839
0.815848
0.726212
0.951128
0.690394
0.118773
0.349030
0.072318
0.921814
0.421427
0.553042
0.025561
0.727366
0.562378
0.315940
0.436278
0.043031
0.329981
0.354921
0.246247
0.305193
0.884891
0.021663
0.642426
0.246182
0.081681
0.653512
0.363105
0.157805
0.891510
0.993515
0.110729
0.803748
0.143218
0.268545
0.821238
0.771975
0.402669
0.766151
0.174192
0.120561
0.596472
0.815177
0.127740
0.683814
0.349771
0.349879
0.250781
0.603486
0.889185
0.729308
0.446690
0.750068
0.998384
0.559059
0.735655
0.653846
0.189463
0.396982
0.424867
0.810946
0.049253
0.752800
0.258320
0.437107
0.263895
0.658349
0.433347
0.566458
0.042262
0.593881
0.303822
0.223957
0.520729
0.119756
0.686479
0.112286
0.007046
0.454288
0.145338
0.955368
0.924973
0.339367
0.069899
0.423971
0.666236
0.086961
0.577510
0.261323
0.901508
0.052289
0.973061
0.139730
0.703422
0.143311
0.075621
0.458822
0.095166
0.170540
0.979419
0.272484
0.657658
0.044780
0.735189
0.069420
0.953468
0.331244
0.918739
0.980709
0.899955
0.614174
0.669809
0.129943
0.538108
0.273322
0.531150
0.245495
0.884454
0.738704
0.462058
0.022190
0.755459
0.298483
0.831394
0.237702
0.448068
0.171655
0.773032
0.718310
0.324310
0.516702
0.194378
0.314417
0.357173
0.383279
0.320556
0.228205
0.270725
0.489412
0.209466
0.957885
0.568460
0.143992
0.134364
0.643706
0.555331
0.265524
0.471097
0.562919
0.783414
0.264176
0.288548
0.501409
0.597540
0.655924
0.687161
0.790258
0.831889
0.624805
0.197285
0.231965
0.964120
0.911465
0.794189
0.233672
0.220088
0.311878
0.039384
0.228275
0.336236
0.757554
0.169785
0.397591
0.821788
0.315063
0.950396
0.548408
0.059478
0.995251
0.527839
0.449836
0.178986
0.867191
0.288064
0.471244
0.115601
0.604416
0.670922
0.900541
0.209153
0.086177
0.537590
0.043730
0.232624
0.478726
0.956903
0.263636
0.291129
0.134692
0.277723
0.398262
0.071599
0.585540
0.113168
0.881272
0.720218
0.635320
0.076900
0.977159
0.993821
0.475346
0.901949
0.434367
0.385363
0.570198
0.230650
0.878274
0.821396
0.666183
0.104154
0.223933
0.227337
0.354060
0.887251
0.331750
0.257041
0.497709
0.346680
0.088177
0.586662
0.198338
0.338070
0.832526
0.225654
0.587718
0.449565
0.819329
0.943579
0.281412
0.072321
0.686641
0.340628
0.030704
0.214478
0.161970
0.789622
0.606348
0.612898
0.681492
0.982062
0.953693
0.914872
0.911137
0.451486
0.762385
0.160748
0.261129
0.101943
0.988875
0.180768
0.283761
0.612603
0.110162
0.679692
0.977306
0.843077
0.635654
0.497511
0.611002
0.046467
0.183143
0.251877
0.095403
0.373938
0.366599
0.157927
0.491851
0.687992
0.338895
0.326011
0.061506
0.000832
0.682321
0.221211
0.859860
0.625294
0.903840
0.866293
0.082775
0.621648
0.139668
0.839464
0.945145
0.894053
0.233821
0.389421
0.337964
0.932199
0.665719
0.214196
0.862842
0.100182
0.260261
0.450339
0.318259
0.486557
0.226861
0.440182
0.526959
0.883845
0.207937
0.304332
0.500829
0.746957
0.147855
0.582987
0.775081
0.068898
0.255327
0.233847
0.978339
0.636817
0.070116
0.519036
0.994678
0.016651
0.962197
0.382921
0.807327
0.832042
0.701522
0.343506
0.165785
0.221389
0.311585
0.890294
0.696769
0.091273
0.141886
0.521424
0.077579
0.547414
0.204517
0.654338
0.235270
0.334853
0.668852
0.421221
0.537918
0.713392
0.205763
0.198613
0.151249
0.935285
0.438266
0.427610
0.675190
0.679638
0.267658
0.836416
0.115114
0.778570
0.591180
0.482033
0.930812
0.487486
0.056480
0.655864
0.325824
0.096291
0.766502
0.644008
0.058517
0.837215
0.372049
0.764112
0.576405
0.852462
0.993835
0.105633
0.383090
0.272065
0.986226
0.739994
0.663841
0.597101
0.385462
0.024042
0.726474
0.260656
0.029672
0.348893
0.898465
0.170159
0.959441
0.563052
0.783204
0.738700
0.828673
0.271900
0.076321
0.454881
0.307669
0.655306
0.319884
0.783198
0.835096
0.893278
0.605156
0.538835
0.673328
0.210105
0.384968
0.048351
0.002445
0.076018
0.520576
0.143791
0.321480
0.799736
0.745363
0.392244
0.639746
0.334772
0.893563
0.032297
0.874640
0.258471
0.015396
0.766903
0.422415
0.888647
0.613928
0.289255
0.542028
0.123520
0.411465
0.931615
0.855500
0.743397
0.736455
0.910932
0.896743
0.436110
0.752222
0.880500
0.069632
0.213240
0.497358
0.011832
0.049488
0.103451
0.229400
0.050074
0.383729
0.147043
0.748343
0.181484
0.730510
0.798743
0.598418
0.391136
0.590982
0.571870
0.913948
0.088649
0.923292
0.246467
0.780691
0.251604
0.415839
0.508852
0.655006
0.339639
0.294105
0.704114
0.431066
0.722974
0.049656
0.352100
0.216942
0.850362
0.730865
0.509065
0.804104
0.652890
0.101444
0.430874
0.956303
0.588367
0.842827
0.710753
0.251934
0.919866
0.697532
0.198458
0.772277
0.481637
0.279484
0.053333
0.904196
0.803494
0.830238
0.908180
0.122138
0.575013
0.202629
0.912948
0.517086
0.364547
0.390567
0.647762
0.970436
0.143087
0.189857
0.226310
0.133827
0.674174
0.623673
0.207686
0.411403
0.440085
0.260904
0.973670
0.072876
0.499949
0.018286
0.457487
0.812448
0.082659
0.600010
0.399387
0.852975
0.668829
0.882528
0.695884
0.153755
0.720729
0.898124
0.867139
0.975674
0.783141
0.068459
0.826414
0.784899
0.654425
0.058076
0.054479
0.016207
0.265529
0.486477
0.189701
0.084062
0.401836
0.293929
0.092771
0.222663
0.852320
0.198073
0.456763
0.488781
0.912759
0.412586
0.253676
0.791133
0.642107
0.991733
0.154718
0.069374
0.157766
0.291263
0.872221
0.171048
0.637368
0.431677
0.157041
0.237032
0.199855
0.258845
0.379100
0.160212
0.391778
0.422871
0.824951
0.318244
0.577659
0.252146
0.591229
0.173028
0.894398
0.358205
0.434821
0.585613
0.894560
0.250003
0.779681
0.908225
0.184246
0.904921
0.068427
0.912264
0.917291
0.588678
0.498009
0.703869
0.394798
0.447367
0.278662
0.512956
0.240498
0.331389
0.711576
0.147781
0.977788
0.131831
0.572763
0.249643
0.670444
0.902874
0.419875
0.010426
0.749212
0.356700
0.078405
0.712636
0.921440
0.706738
0.708943
0.285193
0.137759
0.417380
0.674969
0.740676
0.002779
0.418908
0.009844
0.057450
0.596942
0.850375
0.383043
0.214100
0.801903
0.094863
0.271798
0.079057
0.567006
0.824652
0.909707
0.844956
0.841149
0.141382
0.784923
0.299039
0.641241
0.700853
0.945408
0.296315
0.000935
0.585407
0.507660
0.193898
0.703652
0.620150
0.100197
0.290160
0.161345
0.923190
0.967803
0.552558
0.760954
0.694484
0.252870
0.409160
0.217062
0.152230
0.113722
0.401212
0.991716
0.048650
0.566021
0.062257
0.767241
0.376595
0.893672
0.002382
0.178983
0.612143
0.493284
0.567412
0.972364
0.633062
0.836248
0.330244
0.180044
0.174894
0.772015
0.506990
0.604289
0.311090
0.493883
0.110813
0.418053
0.805996
0.655398
0.432176
0.193642
0.733980
0.293923
0.420869
0.555017
0.288203
0.492493
0.632458
0.400360
0.131653
0.118168
0.963493
0.524228
0.743489
0.212932
0.044594
0.298663
0.367334
0.801879
0.480891
0.962501
0.116116
0.314999
0.452666
0.176871
0.380983
0.707149
0.326682
0.788665
0.639659
0.591566
0.926683
0.705428
0.381693
0.583107
0.000119
0.224518
0.843140
0.057824
0.961864
0.923194
0.359310
0.076837
0.443722
0.948063
0.048850
0.368038
0.014140
0.432449
0.492417
0.503979
0.123570
0.306092
0.680714
0.425492
0.079528
0.477294
0.505374
0.826855
0.348055
0.594281
0.036940
0.900579
0.635966
0.207998
0.971446
0.220599
0.936124
0.337752
0.484470
0.976449
0.655830
0.405578
0.972172
0.134095
0.220111
0.273591
0.305164
0.839901
0.505742
0.256293
0.404898
0.372699
0.460990
0.349157
0.664891
0.227160
0.377443
0.424916
0.581058
0.443532
0.065434
0.506035
0.386634
0.719962
0.439409
0.678602
0.577066
0.211799
0.524322
0.319306
0.387460
0.466837
0.163502
0.659810
0.087791
0.817913
0.741373
0.705362
0.786637
0.577717
0.264395
0.097216
0.289426
0.800354
0.388330
0.898806
0.808395
0.607024
0.391606
0.777673
0.444136
0.458039
0.109696
0.730000
0.687824
0.301082
0.134929
0.980274
0.673219
0.668603
0.805223
0.909675
0.842053
0.140247
0.043656
0.795187
0.488591
0.655361
0.842456
0.545539
0.591368
0.154332
0.218388
0.815405
0.304234
0.565834
0.894340
0.478126
0.706115
0.031956
0.611420
0.098720
0.249861
0.188597
0.158466
0.229203
0.015186
0.680136
0.467519
0.050152
0.178355
0.692799
0.994797
0.405832
0.240628
0.119968
0.351629
0.971754
0.796643
0.926116
0.517713
0.296762
0.120331
0.927470
0.943383
0.467148
0.356495
0.551977
0.396018
0.135110
0.747011
0.345647
0.230478
0.672302
0.317339
0.145775
0.051072
0.082363
0.886629
0.704609
0.903866
0.412021
0.837484
0.302424
0.598458
0.413516
0.843109
0.891016
0.647351
0.853284
0.863281
0.833945
0.252650
0.651750
0.208681
0.306424
0.622589
0.041983
0.967527
0.255914
0.506900
0.513307
0.580395
0.046043
0.777635
0.868828
0.939063
0.975455
0.212102
0.479337
0.033287
0.915205
0.653079
0.513078
0.444806
0.901096
0.708641
0.611240
0.819413
0.380303
0.124456
0.259462
0.873569
0.596145
0.414282
0.869607
0.409424
0.624220
0.003030
0.774068
0.727841
0.592388
0.738926
0.684186
0.609551
0.543246
0.619175
0.459174
0.655303
0.069768
0.883548
0.853299
0.071848
0.783241
0.433502
0.384905
0.406179
0.790315
0.985970
0.026014
0.069245
0.767278
0.360503
0.517299
0.665601
0.950962
0.200078
0.038860
0.929418
0.115244
0.847908
0.527776
0.842031
0.490031
0.637909
0.241226
0.012702
0.897888
0.832070
0.378206
0.493329
0.345987
0.665547
0.649625
0.579239
0.803512
0.485623
0.128677
0.141430
0.224723
0.824028
0.320798
0.319237
0.525030
0.188282
0.011760
0.764653
0.582978
0.645493
0.727200
0.717720
0.498346
0.385061
0.757498
0.263512
0.780622
0.852602
0.155717
0.791319
0.539976
0.948336
0.437513
0.671482
0.693401
0.865722
0.231505
0.069636
0.942624
0.331076
0.724572
0.826516
0.510349
0.197709
0.593657
0.997424
0.191870
0.188210
0.435611
0.632174
0.966460
0.190105
0.517959
0.206282
0.665403
0.251508
0.541672
0.919094
0.881301
0.637343
0.894285
0.345773
0.468196
0.070483
0.487366
0.268093
0.588148
0.157100
0.422269
0.373834
0.942799
0.777740
0.665411
0.975523
0.645807
0.695176
0.188650
0.385073
0.373371
0.301833
0.238483
0.629625
0.126684
0.302339
0.933291
0.202982
0.975360
0.434095
0.191029
0.523412
0.769763
0.288315
0.298133
0.078332
0.429698
0.858050
0.527892
0.355235
0.376029
0.044643
0.184435
0.920955
0.981145
0.670925
0.914515
0.362509
0.006474
0.233400
0.018426
0.545853
0.474883
0.066409
0.775163
0.197158
0.819227
0.662785
0.244081
0.437009
0.653735
0.706231
0.931058
0.483183
0.752414
0.013378
0.724001
0.523503
0.580341
0.885249
0.269473
0.097331
0.723273
0.640361
0.935474
0.422496
0.184394
0.890661
0.687775
0.783194
0.571630
0.957304
0.898550
0.532343
0.664514
0.970596
0.653091
0.747141
0.627225
0.406111
0.666570
0.256581
0.797591
0.060722
0.158690
0.391325
0.525498
0.735513
0.946849
0.505717
0.125408
0.869686
0.642352
0.314598
0.735291
0.247021
0.000295
0.458727
0.499113
0.095070
0.559945
0.156492
0.194568
0.822497
0.393536
0.369892
0.566582
0.431220
0.779085
0.772523
0.476600
0.921570
0.445696
0.979018
0.485980
0.638691
0.773195
0.610905
0.029191
0.329848
0.324249
0.824351
0.440795
0.272193
0.755470
0.011336
0.243380
0.250449
0.700445
0.467430
0.417382
0.709844
0.395159
0.465886
0.415677
0.361596
0.674609
0.317817
0.185537
0.891154
0.605284
0.670051
0.069260
0.712101
0.325161
0.393145
0.495859
0.654597
0.081311
0.448937
0.594670
0.794285
0.722509
0.966110
0.174663
0.767734
0.804515
0.369063
0.759412
0.820432
0.580034
0.634981
0.057939
0.663803
0.601655
0.040647
0.318490
0.134150
0.889179
0.907946
0.560344
0.538276
0.074304
0.778321
0.734263
0.812023
0.904205
0.914057
0.123462
0.817351
0.776577
0.420030
0.884139
0.853712
0.704502
0.344734
0.829560
0.087427
0.429191
0.704490
0.598477
0.920204
0.268374
0.189774
0.102794
0.370559
0.210725
0.676899
0.928698
0.360155
0.542037
0.260509
0.649345
0.145527
0.763622
0.130678
0.196950
0.263320
0.381113
0.890207
0.611160
0.747519
0.492895
0.099862
0.123835
0.497821
0.479227
0.568059
0.325014
0.731638
0.019706
0.892345
0.669509
0.124536
0.479338
0.597998
0.089315
0.456269
0.279887
0.098525
0.656140
0.237162
0.388267
0.177364
0.945582
0.532062
0.729168
0.422961
0.766054
0.150528
0.183428
0.562856
0.679768
0.890620
0.432305
0.068518
0.130001
0.952508
0.113077
0.232424
0.040594
0.054185
0.472480
0.753036
0.433865
0.746407
0.647437
0.161743
0.557779
0.733478
0.120265
0.257916
0.279756
0.440975
0.337881
0.512579
0.322593
0.145498
0.548143
0.696087
0.438765
0.694205
0.984892
0.177853
0.666343
0.426521
0.566982
0.443659
0.627818
0.584874
0.502833
0.744414
0.839436
0.217631
0.895069
0.905159
0.531892
0.772284
0.700619
0.519464
0.554393
0.921060
0.848201
0.976568
0.975511
0.309952
0.872171
0.320342
0.610676
0.265250
0.061056
0.233482
0.423775
0.903003
0.609099
0.749771
0.767429
0.674927
0.915450
0.503539
0.363319
0.241817
0.610374
0.669952
0.572244
0.519662
0.760308
0.582854
0.577443
0.105983
0.469783
0.548780
0.989787
0.610254
0.761073
0.425521
0.887286
0.212891
0.471775
0.280230
0.403621
0.326961
0.312975
0.173358
0.582285
0.284329
0.319873
0.978373
0.887790
0.496956
0.393016
0.899865
0.508263
0.522220
0.459109
0.110732
0.561754
0.590574
0.009680
0.917995
0.620375
0.621131
0.235011
0.171618
0.352968
0.976791
0.037341
0.945638
0.740743
0.600514
0.556468
0.899813
0.595907
0.868034
0.194002
0.335827
0.286987
0.113606
0.998357
0.817435
0.594597
0.192818
0.736422
0.960500
0.857982
0.482727
0.392120
0.608000
0.567674
0.961843
0.605890
0.187235
0.777013
0.522218
0.908525
0.561703
0.280751
0.739114
0.260809
0.707731
0.000148
0.240546
0.436672
0.994605
0.150379
0.594248
0.278960
0.764865
0.199007
0.762117
0.706832
0.195904
0.677096
0.395580
0.002715
0.582011
0.322193
0.277121
0.092035
0.073673
0.732079
0.505791
0.034670
0.523886
0.528576
0.514246
0.354356
0.254395
0.482653
0.862694
0.269103
0.712533
0.068179
0.136382
0.776678
0.945355
0.596380
0.067470
0.366309
0.485117
0.462823
0.583453
0.139241
0.391405
0.811730
0.461033
0.142337
0.212062
0.208783
0.229288
0.862610
0.248806
0.005295
0.246348
0.255799
0.594650
0.187583
0.280966
0.344737
0.658856
0.521260
0.510439
0.826370
0.630511
0.028683
0.629353
0.069595
0.232688
0.758361
0.514467
0.216267
0.973544
0.819149
0.858551
0.458442
0.556086
0.832748
0.853642
0.146434
0.421648
0.800559
0.839783
0.672034
0.189399
0.552230
0.040904
0.603339
0.741187
0.032220
0.771720
0.653206
0.472581
0.948061
0.739199
0.620200
0.981518
0.432419
0.184585
0.624011
0.749084
0.214957
0.256805
0.988164
0.845921
0.135788
0.299323
0.020176
0.894812
0.108266
0.028598
0.268383
0.567171
0.724972
0.225978
0.457951
0.279555
0.639194
0.633260
0.135092
0.086530
0.608676
0.796862
0.784442
0.498255
0.294747
0.442357
0.082756
0.154301
0.625763
0.360450
0.562375
0.388201
0.988531
0.261842
0.877007
0.258168
0.856455
0.610885
0.483757
0.995703
0.521807
0.309965
0.819537
0.042370
0.616801
0.495818
0.194206
0.271972
0.501170
0.577669
0.931275
0.106345
0.701451
0.431785
0.840805
0.362961
0.419986
0.038523
0.536133
0.765840
0.122377
0.461613
0.331104
0.411550
0.965187
0.314820
0.449262
0.522535
0.867566
0.612371
0.809473
0.813008
0.559305
0.264909
0.039190
0.620078
0.573815
0.555159
0.219301
0.855786
0.689567
0.533968
0.842416
0.165032
0.471630
0.729533
0.025606
0.639735
0.711661
0.406319
0.161933
0.860540
0.517854
0.375668
0.222395
0.092502
0.545255
0.312044
0.177859
0.438621
0.282999
0.416353
0.642713
0.802336
0.001583
0.074037
0.538761
0.383839
0.905397
0.848706
0.326578
0.251754
0.400433
0.433812
0.186467
0.516673
0.263128
0.242014
0.283088
0.871460
0.644580
0.565255
0.295055
0.449261
0.447330
0.093375
0.407770
0.137644
0.024237
0.175161
0.676415
0.839249
0.646823
0.166840
0.584814
0.708215
0.722291
0.397815
0.820194
0.749359
0.674143
0.534543
0.116115
0.334782
0.283142
0.017995
0.895134
0.270819
0.576904
0.849805
0.575130
0.997104
0.193653
0.602697
0.541708
0.888191
0.086063
0.412485
0.983330
0.385483
0.204230
0.886528
0.132675
0.851172
0.053992
0.835883
0.850616
0.504010
0.091320
0.239093
0.368582
0.075806
0.530422
0.592256
0.108344
0.783800
0.229551
0.244866
0.609428
0.823126
0.713138
0.400543
0.294669
0.680303
0.602536
0.346939
0.221640
0.597573
0.692980
0.325161
0.526733
0.282487
0.735816
0.145678
0.441173
0.370628
0.689014
0.578769
0.812749
0.984173
0.483686
0.301710
0.819005
0.366946
0.339912
0.364651
0.119385
0.758974
0.643617
0.069841
0.224436
0.250830
0.581386
0.655922
0.315841
0.040286
0.007751
0.286358
0.634588
0.620259
0.697196
0.588993
0.665889
0.636472
0.690415
0.146872
0.535109
0.253745
0.282584
0.147806
0.932631
0.508843
0.393873
0.345205
0.697587
0.562136
0.104100
0.033065
0.398103
0.606266
0.691492
0.096006
0.383308
0.173071
0.178694
0.047273
0.180838
0.285151
0.418263
0.234666
0.650947
0.520126
0.827502
0.981605
0.159374
0.147334
0.863112
0.977757
0.417445
0.721778
0.986185
0.864708
0.578187
0.400790
0.655656
0.035613
0.236776
0.917145
0.673754
0.526272
0.024880
0.089339
0.032083
0.595815
0.420463
0.576054
0.235691
0.739748
0.923487
0.747472
0.550541
0.242258
0.126654
0.120319
0.784814
0.738856
0.988561
0.215126
0.305956
0.139108
0.391225
0.481198
0.164667
0.651568
0.228283
0.494695
0.267387
0.792363
0.764837
0.974831
0.755360
0.362981
0.072107
0.648799
0.528080
0.403885
0.254014
0.103061
0.530642
0.505086
0.029547
0.822261
0.019072
0.253653
0.642293
0.581352
0.957604
0.676640
0.961474
0.525472
0.591717
0.685663
0.989108
0.058624
0.606780
0.620426
0.563887
0.338787
0.322748
0.131258
0.169568
0.625659
0.710533
0.927927
0.026395
0.188794
0.437456
0.180874
0.727416
0.309303
0.371473
0.902984
0.033725
0.307268
0.382351
0.011026
0.066423
0.319039
0.680285
0.496271
0.328355
0.912335
0.308123
0.488062
0.102121
0.850592
0.653687
0.721438
0.945939
0.548812
0.546978
0.003564
0.936234
0.758055
0.648389
0.681561
0.972502
0.890938
0.585430
0.548470
0.900324
0.381612
0.745767
0.271054
0.253408
0.645626
0.544347
0.703837
0.443115
0.262284
0.534578
0.773467
0.908955
0.998117
0.282558
0.115867
0.807632
0.388181
0.745443
0.949623
0.779951
0.814352
0.938566
0.631178
0.259719
0.998615
0.310898
0.803327
0.038985
0.555600
0.016907
0.595455
0.788679
0.822987
0.638725
0.023377
0.159118
0.570843
0.011423
0.864549
0.703718
0.950701
0.193839
0.130928
0.231540
0.111116
0.037233
0.841688
0.396541
0.316466
0.885440
0.610224
0.267309
0.057482
0.016413
0.337898
0.730894
0.042153
0.251190
0.768536
0.605566
0.970515
0.629378
0.254878
0.054007
0.601971
0.019097
0.757651
0.881681
0.654128
0.504735
0.010451
0.702838
0.972085
0.310357
0.094508
0.183619
0.980313
0.974826
0.266390
0.099691
0.588830
0.522825
0.142641
0.043316
0.243782
0.172459
0.876789
0.097210
0.071586
0.804843
0.358836
0.772214
0.806758
0.286294
0.052312
0.141936
0.266886
0.993084
0.670931
0.356122
0.254077
0.428097
0.531558
0.078536
0.239726
0.945625
0.132974
0.674389
0.707514
0.794584
0.065406
0.013495
0.376110
0.352883
0.002979
0.201932
0.345677
0.629788
0.753634
0.597505
0.767679
0.354133
0.606270
0.589955
0.542049
0.910908
0.725212
0.369939
0.524894
0.626206
0.783964
0.602269
0.368684
0.691317
0.324619
0.436745
0.609567
0.043569
0.381372
0.808897
0.516829
0.638906
0.356134
0.724784
0.190591
0.535389
0.105173
0.207247
0.958137
0.506192
0.046483
0.371032
0.408613
0.385255
0.170933
0.553392
0.911407
0.060586
0.213357
0.464285
0.785923
0.933139
0.474117
0.642083
0.889712
0.388993
0.673213
0.359911
0.337200
0.446762
0.547972
0.073923
0.781499
0.470383
0.186434
0.134875
0.724840
0.830935
0.320716
0.191670
0.066705
0.483210
0.221302
0.440702
0.559418
0.838512
0.652220
0.854947
0.385147
0.481584
0.520397
0.046219
0.171417
0.535521
0.816901
0.553707
0.759396
0.834793
0.873937
0.739842
0.874716
0.955590
0.504816
0.035585
0.828061
0.179310
0.644218
0.982852
0.905392
0.155213
0.536977
0.140829
0.467884
0.580632
0.443706
0.770553
0.851230
0.251473
0.333669
0.900821
0.174222
0.144297
0.946487
0.567356
0.487941
0.487731
0.236085
0.162227
0.529497
0.451186
0.108692
0.934787
0.507391
0.930399
0.061860
0.048652
0.017865
0.921674
0.088129
0.568074
0.661269
0.051284
0.774115
0.465203
0.341856
0.536474
0.886787
0.897430
0.350409
0.195099
0.861398
0.588677
0.262905
0.258977
0.192016
0.194291
0.665628
0.770626
0.962407
0.867158
0.822698
0.014658
0.063061
0.250725
0.330218
0.936602
0.424702
0.477589
0.605927
0.187600
0.999318
0.171893
0.907349
0.579796
0.860585
0.458458
0.477549
0.292424
0.535046
0.636888
0.017487
0.502840
0.356132
0.847035
0.968817
0.771916
0.832429
0.142433
0.161470
0.953261
0.800876
0.106650
0.196339
0.756387
0.790776
0.246880
0.064280
0.932764
0.835916
0.929313
0.877130
0.100273
0.954317
0.678601
0.242581
0.127190
0.167238
0.142516
0.650052
0.084746
0.984406
0.363313
0.755968
0.792698
0.458831
0.936388
0.530300
0.842099
0.664145
0.959054
0.827447
0.522565
0.706670
0.958404
0.908506
0.818387
0.324290
0.365448
0.212976
0.501644
0.899963
0.997668
0.059768
0.445324
0.218998
0.895582
0.863035
0.631860
0.900016
0.999333
0.650364
0.640671
0.738325
0.364262
0.550972
0.782260
0.809904
0.012042
0.221134
0.798333
0.421568
0.255562
0.743508
0.380994
0.669629
0.377317
0.086451
0.565125
0.531431
0.385548
0.058079
0.624221
0.091716
0.019621
0.516431
0.930690
0.463634
0.072699
0.189806
0.728291
0.451237
0.089397
0.467496
0.980239
0.500000
0.769020
0.197714
0.896700
0.462023
0.448666
0.492594
0.076829
0.365190
0.388985
0.515391
0.012149
0.407336
0.569836
0.797367
0.250607
0.718157
0.201389
0.995642
0.496671
0.948560
0.343174
0.712242
0.176940
0.099049
0.120885
0.711755
0.309159
0.309482
0.056950
0.122913
0.323618
0.960674
0.551380
0.119838
0.669751
0.726526
0.426569
0.642853
0.639272
0.240789
0.592679
0.537288
0.814364
0.366798
0.005044
0.521499
0.540925
0.477400
0.424658
0.711755
0.890327
0.446097
0.607001
0.460426
0.938067
0.733862
0.029963
0.543094
0.005407
0.028065
0.521924
0.657319
0.603895
0.584019
0.106635
0.777589
0.437641
0.953417
0.279688
0.513731
0.371343
0.109723
0.056253
0.719353
0.102261
0.534717
0.562448
0.527604
0.392283
0.284009
0.311121
0.698133
0.554602
0.057443
0.531794
0.945231
0.052753
0.252825
0.985679
0.195819
0.084281
0.752105
0.358594
0.769786
0.085326
0.886629
0.902794
0.165824
0.826003
0.744958
0.105301
0.714782
0.961721
0.550311
0.454717
0.180055
0.276277
0.556357
0.316501
0.650751
0.784486
0.335783
0.511452
0.607557
0.162882
0.996115
0.723338
0.022190
0.626100
0.016259
0.685956
0.066984
0.265344
0.804189
0.360960
0.609230
0.587064
0.714603
0.706018
0.901882
0.529751
0.102853
0.135457
0.874732
0.761546
0.730317
0.426838
0.403373
0.660156
0.663004
0.457830
0.972467
0.809896
0.140599
0.146272
0.949158
0.301385
0.142516
0.987296
0.295728
0.941836
0.680576
0.356367
0.140817
0.954452
0.828626
0.794830
0.218223
0.812353
0.016213
0.880268
0.403277
0.885926
0.009035
0.370123
0.420257
0.124358
0.850520
0.502730
0.360838
0.506416
0.908015
0.851195
0.903226
0.617864
0.349630
0.705414
0.623537
0.000990
0.154010
0.655717
0.474113
0.604976
0.139902
0.964826
0.405683
0.395700
0.994299
0.336644
0.129160
0.283186
0.610676
0.261180
0.655255
0.739511
0.940032
0.972052
0.382100
0.726498
0.459383
0.980648
0.098414
0.669774
0.211474
0.730157
0.167282
0.714622
0.336665
0.271400
0.797740
0.312040
0.258594
0.425266
0.501746
0.414967
0.088788
0.135498
0.485889
0.241342
0.756112
0.898996
0.612762
0.380437
0.453019
0.104149
0.068179
0.102212
0.814937
0.923367
0.728544
0.367984
0.138811
0.253009
0.288225
0.448549
0.713424
0.028469
0.189844
0.118651
0.023518
0.567141
0.620070
0.422105
0.232162
0.207164
0.968802
0.469295
0.706019
0.261926
0.988335
0.039671
0.675021
0.842886
0.078919
0.989464
0.895027
0.606644
0.924766
0.104210
0.876972
0.443867
0.726213
0.753849
0.061006
0.081633
0.245131
0.094034
0.935708
0.848185
0.386598
0.871512
0.451525
0.327856
0.274742
0.816722
0.059365
0.488854
0.298210
0.997556
0.959516
0.319381
0.064002
0.140872
0.796672
0.076692
0.129890
0.251172
0.442301
0.504730
0.917167
0.738884
0.008641
0.671048
0.828233
0.755953
0.916416
0.322196
0.908135
0.487829
0.252393
0.564490
0.855571
0.404151
0.599146
0.497205
0.876385
0.983095
0.778057
0.707386
0.209977
0.426006
0.032327
0.876427
0.684296
0.520850
0.088624
0.541854
0.765835
0.918553
0.507395
0.243816
0.273889
0.900497
0.980476
0.101849
0.589724
0.655263
0.712778
0.597908
0.286649
0.487150
0.168795
0.067242
0.971336
0.258669
0.945653
0.747650
0.704388
0.156773
0.007350
0.134515
0.962857
0.172573
0.369720
0.805704
0.132221
0.023013
0.436167
0.585280
0.242693
0.818690
0.659057
0.223619
0.976560
0.214856
0.133387
0.296110
0.110641
0.864599
0.945248
0.422405
0.871591
0.438103
0.909096
0.639243
0.381569
0.665564
0.280914
0.825022
0.277084
0.611289
0.659244
0.773521
0.873367
0.672335
0.847364
0.193937
0.208410
0.518038
0.696737
0.718472
0.082409
0.920232
0.867557
0.617350
0.566541
0.162937
0.994588
0.341749
0.505960
0.631851
0.637638
0.271865
0.511335
0.356927
0.812548
0.971218
0.905937
0.476436
0.261271
0.217321
0.765786
0.990776
0.333867
0.767751
0.612136
0.133478
0.560604
0.951152
0.651985
0.481595
0.312919
0.263368
0.735499
0.506338
0.246116
0.265109
0.041378
0.997483
0.327138
0.581666
0.903205
0.223666
0.754733
0.106338
0.252496
0.279211
0.038284
0.813523
0.837345
0.952166
0.211512
0.647722
0.248662
0.185538
0.898298
0.820872
0.777613
0.523712
0.734831
0.619120
0.276277
0.490047
0.984053
0.384906
0.395960
0.953088
0.788417
0.141516
0.341102
0.952564
0.113056
0.102355
0.467321
0.089600
0.485708
0.840294
0.645568
0.277070
0.078710
0.764560
0.145512
0.906564
0.672935
0.891806
0.304454
0.250610
0.748990
0.128852
0.247105
0.287156
0.256948
0.879020
0.319376
0.134112
0.896422
0.010305
0.468529
0.613362
0.602223
0.897540
0.924370
0.246117
0.970042
0.484243
0.952886
0.506742
0.898643
0.262399
0.015401
0.644299
0.581498
0.695926
0.082900
0.705483
0.197508
0.419011
0.446039
0.867265
0.257781
0.323653
0.805165
0.291703
0.327923
0.258311
0.509533
0.850501
0.012045
0.135063
0.188276
0.306193
0.139083
0.976567
0.934445
0.375438
0.501789
0.313741
0.283675
0.204803
0.466123
0.904496
0.196520
0.749488
0.980170
0.314263
0.692987
0.621402
0.888119
0.358299
0.893841
0.847507
0.901507
0.928642
0.549328
0.506839
0.736445
0.536836
0.345399
0.171522
0.916055
0.015676
0.892549
0.911583
0.920127
0.804669
0.455033
0.205663
0.081888
0.957021
0.659562
0.471682
0.961939
0.359817
0.233288
0.057114
0.433276
0.359844
0.720875
0.043478
0.184927
0.288043
0.189076
0.181521
0.575201
0.825729
0.573179
0.911942
0.253666
0.352134
0.091117
0.892647
0.722677
0.749077
0.445260
0.570787
0.257963
0.555106
0.355951
0.351198
0.571325
0.095506
0.690763
0.239488
0.228875
0.550405
0.544920
0.816596
0.572169
0.941862
0.426255
0.043070
0.397800
0.350129
0.146851
0.128102
0.588887
0.234216
0.426777
0.135041
0.649040
0.503975
0.986249
0.658058
0.539792
0.738790
0.313513
0.992076
0.474663
0.987038
0.228642
0.350134
0.469575
0.523079
0.059431
0.651044
0.317601
0.443760
0.055332
0.919318
0.557368
0.510453
0.798702
0.794726
0.484846
0.188284
0.649101
0.848041
0.847975
0.701364
0.854416
0.322054
0.827256
0.458117
0.170550
0.464154
0.992109
0.547805
0.796580
0.361954
0.115844
0.858456
0.911538
0.131618
0.999286
0.705016
0.208590
0.606848
0.496643
0.718701
0.787836
0.423625
0.943518
0.965425
0.675324
0.352642
0.577047
0.210618
0.777370
0.080492
0.717237
0.604686
0.309728
0.736484
0.586262
0.549276
0.823587
0.581029
0.302913
0.638174
0.907214
0.361855
0.660843
0.413339
0.105264
0.276203
0.624564
0.598631
0.558409
0.792514
0.633466
0.880450
0.424683
0.247785
0.852943
0.401710
0.260750
0.282594
0.748974
0.676382
0.785435
0.362297
0.068390
0.665954
0.748140
0.589592
0.496389
0.383315
0.019203
0.391921
0.434418
0.497319
0.405315
0.790303
0.228983
0.443021
0.577684
0.569159
0.502842
0.235647
0.749828
0.686671
0.446632
0.324930
0.331443
0.530921
0.957799
0.991542
0.549463
0.649326
0.535605
0.106954
0.411782
0.290289
0.011263
0.976922
0.196660
0.601032
0.400561
0.938658
0.794816
0.650625
0.786712
0.651066
0.483932
0.290546
0.781938
0.421783
0.458791
0.346759
0.370348
0.566277
0.415523
0.049339
0.129065
0.852285
0.546235
0.161911
0.770804
0.503341
0.150476
0.859423
0.695237
0.521031
0.031910
0.326555
0.808562
0.036777
0.601020
0.789962
0.035604
0.866919
0.935575
0.656879
0.955297
0.063395
0.607610
0.683650
0.322186
0.216659
0.125446
0.135528
0.361170
0.065029
0.978213
0.390769
0.842406
0.129620
0.233798
0.976255
0.744585
0.957324
0.014353
0.859640
0.718481
0.994055
0.150498
0.646675
0.474231
0.301296
0.450153
0.996617
0.274646
0.492743
0.973350
0.849720
0.047215
0.422907
0.003083
0.407071
0.587564
0.871466
0.175956
0.084465
0.259905
0.598235
0.976316
0.920754
0.582458
0.602953
0.104404
0.120915
0.679596
0.917835
0.562572
0.190706
0.583368
0.041841
0.733398
0.530927
0.555399
0.743732
0.678023
0.634355
0.490614
0.012880
0.900566
0.318801
0.055777
0.816011
0.302314
0.558693
0.741903
0.965047
0.994492
0.690230
0.687915
0.053285
0.416945
0.478408
0.915728
0.358397
0.297616
0.087122
0.940647
0.922389
0.719234
0.396595
0.256531
0.328438
0.879481
0.798457
0.597930
0.927418
0.342788
0.172170
0.540818
0.394466
0.098889
0.733683
0.793883
0.286830
0.837867
0.046329
0.561773
0.043737
0.405361
0.315305
0.723163
0.229593
0.656245
0.942413
0.087067
0.432549
0.230893
0.911148
0.982016
0.547437
0.345113
0.289267
0.440493
0.198202
0.332329
0.784425
0.795560
0.090081
0.583316
0.847675
0.872641
0.472525
0.982746
0.191098
0.885931
0.783830
0.090638
0.342698
0.619306
0.628047
0.917114
0.999120
0.453654
0.491274
0.307083
0.621738
0.998394
0.072105
0.913037
0.043052
0.681163
0.610854
0.574053
0.568875
0.067044
0.532086
0.331763
0.360118
0.322632
0.739887
0.353042
0.110551
0.250308
0.746696
0.857695
0.480174
0.318328
0.993158
0.789917
0.345869
0.961131
0.293565
0.056499
0.062147
0.964462
0.681543
0.674073
0.126820
0.558520
0.442694
0.222476
0.383392
0.981029
0.011138
0.551706
0.299444
0.036712
0.428156
0.305220
0.496022
0.850419
0.263192
0.431164
0.296470
0.602759
0.377170
0.493635
0.265633
0.048587
0.558705
0.165800
0.845172
0.783380
0.326077
0.292260
0.002965
0.258354
0.798834
0.215948
0.221222
0.904067
0.286923
0.650406
0.987908
0.340935
0.703334
0.076615
0.740015
0.704330
0.206314
0.898974
0.867878
0.747050
0.044026
0.211190
0.031479
0.492612
0.879853
0.912863
0.688956
0.173022
0.188890
0.853945
0.092578
0.602810
0.450906
0.048777
0.188292
0.610010
0.934631
0.535276
0.153754
0.991476
0.031651
0.008763
0.940169
0.496073
0.311671
0.643639
0.031264
0.610691
0.237258
0.849195
0.005698
0.461021
0.595281
0.766826
0.866860
0.706222
0.020742
0.892971
0.887519
0.153038
0.150157
0.952671
0.979547
0.424005
0.136472
0.309552
0.835991
0.853832
0.973025
0.395518
0.971067
0.060115
0.844477
0.603045
0.892197
0.025592
0.878925
0.389728
0.237580
0.960304
0.095637
0.192862
0.485746
0.588303
0.201629
0.695204
0.644459
0.464827
0.409524
0.684592
0.931695
0.600009
0.647197
0.732395
0.319352
0.402673
0.972069
0.310539
0.791033
0.105350
0.551990
0.265434
0.310707
0.466471
0.139443
0.369978
0.773046
0.229274
0.252497
0.442030
0.244625
0.345241
0.537449
0.318509
0.665500
0.123048
0.574153
0.237459
0.092471
0.756802
0.292393
0.443986
0.679928
0.118756
0.589880
0.497426
0.734859
0.505045
0.619858
0.823315
0.594443
0.416220
0.786370
0.890826
0.174652
0.389447
0.031964
0.480023
0.165369
0.812808
0.607204
0.168355
0.012348
0.215075
0.801638
0.356820
0.461572
0.391877
0.016699
0.176647
0.151715
0.290988
0.044082
0.880465
0.051769
0.709615
0.246915
0.100087
0.651786
0.663357
0.841085
0.528093
0.345205
0.862818
0.252591
0.393634
0.183304
0.906747
0.242969
0.904730
0.849936
0.881655
0.604803
0.829973
0.683478
0.592913
0.735921
0.411071
0.670598
0.171776
0.603946
0.013009
0.532358
0.571129
0.859120
0.618678
0.218891
0.229100
0.286223
0.607193
0.897426
0.927434
0.096514
0.976592
0.855137
0.568422
0.735095
0.398363
0.809959
0.942351
0.952266
0.448933
0.018128
0.743509
0.690217
0.136759
0.047485
0.537528
0.246832
0.127406
0.333104
0.491580
0.871194
0.916575
0.001120
0.591401
0.142301
0.775717
0.214066
0.409159
0.702033
0.618867
0.404843
0.112363
0.221076
0.644729
0.596742
0.159001
0.234481
0.685868
0.095740
0.585092
0.101123
0.747789
0.652405
0.019348
0.024493
0.204687
0.860004
0.851575
0.573981
0.104968
0.640334
0.617041
0.515873
0.957115
0.898941
0.653024
0.098379
0.253087
0.458109
0.935026
0.128690
0.739700
0.522529
0.442260
0.672742
0.575177
0.944016
0.152578
0.737376
0.874471
0.345003
0.278322
0.644067
0.728663
0.574730
0.563085
0.554471
0.415655
0.517730
0.535912
0.888537
0.645867
0.884045
0.719511
0.610767
0.111434
0.389122
0.801983
0.020974
0.243508
0.704797
0.081664
0.041189
0.702256
0.429541
0.690137
0.855616
0.109747
0.206235
0.782204
0.248023
0.628429
0.301206
0.380673
0.249908
0.037856
0.662977
0.689804
0.719177
0.679667
0.588791
0.490004
0.715924
0.344991
0.949281
0.728194
0.828963
0.548006
0.935930
0.387832
0.780705
0.452566
0.903751
0.408802
0.342426
0.642923
0.156093
0.313852
0.017235
0.211631
0.954703
0.752520
0.581578
0.893744
0.303258
0.597909
0.951971
0.932173
0.735293
0.212601
0.292929
0.599353
0.698571
0.958427
0.682741
0.019665
0.850103
0.866015
0.180509
0.688959
0.513676
0.243595
0.012532
0.535203
0.481293
0.014569
0.837161
0.030100
0.709631
0.088162
0.220104
0.877476
0.142479
0.429907
0.419143
0.661313
0.922321
0.785875
0.247557
0.135341
0.602439
0.788005
0.865167
0.036831
0.271020
0.223468
0.087897
0.479152
0.808298
0.369064
0.760803
0.549399
0.046257
0.986763
0.502328
0.247056
0.539264
0.847716
0.092713
0.744737
0.806364
0.732865
0.887438
0.139309
0.517058
0.966240
0.124498
0.757427
0.579093
0.624542
0.146618
0.159264
0.788096
0.070008
0.456999
0.582914
0.625424
0.043808
0.797966
0.633997
0.375049
0.889648
0.010690
0.854074
0.577173
0.941379
0.272658
0.810637
0.471816
0.578438
0.186359
0.813214
0.708275
0.037038
0.423129
0.156302
0.826036
0.856226
0.822569
0.161612
0.641558
0.663135
0.669648
0.590131
0.417143
0.172673
0.774466
0.428666
0.928641
0.339315
0.966764
0.445215
0.095581
0.082922
0.988283
0.431396
0.670007
0.181225
0.867789
0.996357
0.500174
0.527787
0.839463
0.292562
0.665590
0.979368
0.405925
0.896384
0.315731
0.428345
0.239606
0.351813
0.503197
0.236372
0.294802
0.839355
0.771892
0.941353
0.598528
0.139292
0.502816
0.621912
0.079137
0.213323
0.216770
0.877133
0.152503
0.384787
0.539374
0.194095
0.337907
0.418394
0.625360
0.155674
0.438317
0.808033
0.464726
0.344573
0.857838
0.907690
0.022783
0.769376
0.805076
0.176921
0.141678
0.751778
0.854222
0.859369
0.016313
0.532484
0.811764
0.830380
0.988552
0.672557
0.818978
0.707214
0.937723
0.927438
0.158335
0.541386
0.412344
0.667163
0.422561
0.545405
0.498893
0.607475
0.441705
0.243011
0.581700
0.335926
0.086758
0.679867
0.358717
0.582523
0.515289
0.756644
0.658008
0.848107
0.379590
0.324254
0.588206
0.801991
0.561795
0.246484
0.863563
0.964303
0.261451
0.632882
0.703326
0.753328
0.163805
0.678090
0.620330
0.893453
0.433321
0.926079
0.711455
0.819224
0.675185
0.081263
0.441011
0.683864
0.603300
0.095206
0.487472
0.479130
0.058724
0.908726
0.296157
0.924852
0.396898
0.775222
0.759352
0.002275
0.061426
0.242049
0.816782
0.331458
0.889445
0.941979
0.040762
0.059643
0.148676
0.024942
0.921443
0.299389
0.335660
0.129542
0.999523
0.681398
0.012083
0.901541
0.279987
0.750693
0.611857
0.469635
0.995910
0.203997
0.703092
0.603505
0.443148
0.542847
0.170436
0.230932
0.863639
0.287797
0.525502
0.164682
0.477950
0.384839
0.934240
0.480224
0.439000
0.741180
0.744860
0.545859
0.553322
0.593454
0.530048
0.900592
0.869976
0.761299
0.941221
0.524523
0.118605
0.131388
0.575879
0.683541
0.357281
0.294281
0.444103
0.945812
0.109617
0.195967
0.395995
0.762659
0.693140
0.529259
0.744488
0.640766
0.002666
0.173117
0.540393
0.475657
0.771243
0.070892
0.078551
0.496715
0.516422
0.035925
0.832270
0.029792
0.142661
0.084033
0.521345
0.312100
0.334781
0.250489
0.357369
0.902450
0.687662
0.671994
0.915962
0.184226
0.390846
0.953919
0.843299
0.534298
0.562178
0.936374
0.794764
0.263417
0.012909
0.590257
0.254843
0.366728
0.760358
0.571688
0.124078
0.760750
0.587784
0.329722
0.152958
0.438398
0.910942
0.472076
0.222287
0.119001
0.345117
0.455085
0.430596
0.387536
0.295369
0.670101
0.563576
0.247655
0.408256
0.476128
0.447643
0.807222
0.539345
0.989233
0.385645
0.682787
0.393028
0.029055
0.340236
0.470239
0.987266
0.071821
0.069475
0.461341
0.565265
0.632334
0.376351
0.978133
0.420202
0.943436
0.152835
0.396775
0.891135
0.103894
0.670031
0.895986
0.523330
0.992200
0.576487
0.309279
0.231375
0.896716
0.350761
0.409972
0.347499
0.178265
0.343107
0.598708
0.441201
0.780761
0.412468
0.989126
0.942302
0.443869
0.193765
0.352100
0.242236
0.188844
0.938261
0.445806
0.364326
0.668414
0.175333
0.950097
0.430964
0.152442
0.212498
0.171202
0.384432
0.105806
0.084518
0.877822
0.280274
0.080573
0.390906
0.172800
0.431725
0.052791
0.730247
0.155683
0.876362
0.680803
0.902445
0.860082
0.619546
0.527313
0.755974
0.484331
0.612758
0.086056
0.603267
0.312772
0.100146
0.984948
0.406988
0.845440
0.136504
0.734327
0.893543
0.022849
0.489837
0.569223
0.115141
0.916178
0.708473
0.750528
0.542147
0.827055
0.695267
0.078167
0.104452
0.240214
0.200596
0.500603
0.842065
0.941028
0.154122
0.734709
0.395854
0.651821
0.807213
0.627701
0.941123
0.669239
0.279857
0.972563
0.607900
0.972073
0.996054
0.238585
0.758026
0.496747
0.770259
0.792013
0.812562
0.487373
0.266309
0.985607
0.802894
0.869403
0.403431
0.801532
0.411290
0.180486
0.917007
0.585485
0.474414
0.038429
0.002464
0.841453
0.546329
0.112976
0.258417
0.830749
0.002391
0.883416
0.401402
0.084906
0.955817
0.755409
0.522419
0.383139
0.144929
0.634605
0.490224
0.729054
0.418525
0.427876
0.144782
0.590385
0.033634
0.890907
0.755448
0.826138
0.015117
0.348379
0.103049
0.238677
0.188188
0.274445
0.165554
0.459135
0.357658
0.090305
0.598193
0.542807
0.693285
0.475506
0.776824
0.340878
0.707601
0.522701
0.566466
0.784358
0.846381
0.323599
0.055284
0.008202
0.514837
0.548253
0.299861
0.835439
0.243885
0.870934
0.624317
0.094276
0.366407
0.163838
0.839330
0.351407
0.276326
0.293939
0.955124
0.692495
0.633318
0.547241
0.784416
0.680618
0.349735
0.706546
0.418590
0.574357
0.247413
0.021076
0.736173
0.522692
0.840908
0.735799
0.112207
0.991529
0.027609
0.861163
0.757268
0.068886
0.828377
0.935919
0.964608
0.978807
0.805800
0.001580
0.993884
0.779095
0.018866
0.811313
0.802834
0.479967
0.277605
0.742316
0.958528
0.089645
0.010677
0.382081
0.343881
0.242524
0.021622
0.587914
0.921127
0.204414
0.100892
0.857428
0.442140
0.270178
0.493215
0.336697
0.397724
0.699018
0.252440
0.082964
0.388239
0.683269
0.004862
0.500141
0.861907
0.963638
0.590020
0.997204
0.612408
0.117819
0.754955
0.060666
0.533519
0.524757
0.890555
0.370693
0.796851
0.292767
0.860429
0.473572
0.422500
0.019450
0.974261
0.607980
0.146729
0.092788
0.085974
0.685065
0.722661
0.048037
0.686622
0.368285
0.408219
0.450592
0.543577
0.773278
0.160970
0.301784
0.289467
0.205013
0.154751
0.467884
0.060983
0.622893
0.012376
0.252002
0.551040
0.337369
0.888855
0.588193
0.186210
0.816451
0.188493
0.295300
0.640383
0.049169
0.627218
0.227531
0.907548
0.666623
0.100416
0.576870
0.090518
0.060504
0.850362
0.080398
0.124541
0.023703
0.881697
0.759604
0.597861
0.537278
0.006026
0.348892
0.705237
0.171262
0.037006
0.771480
0.271977
0.191709
0.156647
0.391730
0.608577
0.770407
0.655249
0.047062
0.140196
0.183727
0.856513
0.757735
0.038057
0.429244
0.992877
0.981091
0.245822
0.258778
0.932967
0.254902
0.923892
0.059166
0.493905
0.233060
0.556567
0.751898
0.528703
0.611384
0.205682
0.733247
0.167625
0.161304
0.121539
0.750986
0.538546
0.408813
0.406164
0.284507
0.693231
0.023540
0.480540
0.844046
0.444216
0.311098
0.848916
0.373035
0.662609
0.657931
0.238596
0.475780
0.514467
0.173400
0.578944
0.210887
0.008228
0.154664
0.971604
0.008195
0.395577
0.396231
0.594884
0.562414
0.892609
0.542661
0.225611
0.118041
0.268568
0.888682
0.395120
0.035123
0.159072
0.749451
0.312718
0.170666
0.994624
0.222504
0.077389
0.042394
0.860449
0.044379
0.890758
0.685519
0.009052
0.995354
0.312550
0.154317
0.393192
0.846225
0.941818
0.952819
0.156753
0.076742
0.437936
0.856657
0.368828
0.165957
0.736383
0.274029
0.188534
0.284256
0.684332
0.010381
0.552895
0.063724
0.685276
0.180599
0.257701
0.130422
0.162864
0.545417
0.993558
0.326384
0.640788
0.336005
0.470251
0.592073
0.694177
0.132261
0.847774
0.117704
0.211264
0.645498
0.349601
0.384363
0.862079
0.753772
0.392434
0.618067
0.000168
0.386004
0.978137
0.970612
0.817361
0.246940
0.281098
0.653895
0.370995
0.925503
0.573016
0.506913
0.344840
0.000640
0.273959
0.019146
0.373653
0.826757
0.342495
0.106983
0.537707
0.080330
0.429419
0.612146
0.845814
0.824639
0.651680
0.217976
0.098064
0.104373
0.100130
0.650673
0.424438
0.329351
0.802984
0.522052
0.801098
0.219127
0.024608
0.086593
0.268105
0.739700
0.106655
0.621215
0.022644
0.511135
0.347528
0.918498
0.699955
0.951154
0.380635
0.824491
0.435948
0.154745
0.537534
0.396719
0.733980
0.012757
0.576631
0.636785
0.033214
0.522157
0.900898
0.129696
0.544076
0.925057
0.880611
0.047770
0.521139
0.380405
0.712612
0.834119
0.375723
0.078036
0.381091
0.436932
0.876858
0.165939
0.903466
0.923391
0.184291
0.803635
0.237443
0.847450
0.431868
0.162481
0.752441
0.299841
0.411957
0.961766
0.213038
0.536804
0.276217
0.211510
0.138201
0.605818
0.786850
0.391832
0.464451
0.086101
0.043878
0.357197
0.601741
0.797125
0.843500
0.443584
0.598036
0.942817
0.252465
0.568835
0.764230
0.229461
0.022832
0.651736
0.219068
0.083207
0.326551
0.393759
0.529812
0.494401
0.712884
0.938097
0.506254
0.510927
0.233630
0.072456
0.982653
0.006110
0.438101
0.513071
0.745791
0.557381
0.305319
0.295040
0.960740
0.823377
0.595496
0.905190
0.254251
0.417139
0.303717
0.394474
0.955939
0.393699
0.670131
0.272972
0.708473
0.038256
0.123869
0.356874
0.250558
0.827071
0.740326
0.347673
0.583207
0.392606
0.698111
0.582951
0.055159
0.946739
0.304658
0.018655
0.173681
0.275381
0.686610
0.857094
0.860592
0.722621
0.028268
0.704868
0.550331
0.125658
0.400724
0.471839
0.259245
0.770214
0.915136
0.256567
0.756831
0.921472
0.111869
0.915375
0.126199
0.393722
0.665969
0.200719
0.620159
0.983109
0.448359
0.958520
0.280518
0.166777
0.577961
0.681607
0.692823
0.517353
0.976287
0.374991
0.570124
0.277537
0.283175
0.455031
0.092456
0.953181
0.297754
0.895055
0.740679
0.817080
0.906431
0.770026
0.342897
0.555951
0.080882
0.327583
0.459694
0.860919
0.851544
0.916420
0.753450
0.462385
0.360780
0.089239
0.471506
0.583102
0.396413
0.629579
0.399421
0.152659
0.219247
0.652021
0.057068
0.750790
0.592911
0.425574
0.387111
0.468720
0.563258
0.661545
0.764457
0.774292
0.626690
0.290546
0.800343
0.599439
0.178355
0.688459
0.761749
0.033523
0.794956
0.967422
0.533196
0.983508
0.532868
0.754062
0.143411
0.466397
0.606943
0.371192
0.115005
0.829993
0.952435
0.918676
0.094603
0.388170
0.202248
0.420795
0.628776
0.924238
0.771612
0.337520
0.984758
0.212802
0.316357
0.801278
0.913066
0.573349
0.900395
0.273806
0.222579
0.168378
0.400645
0.864178
0.419967
0.950730
0.918308
0.612484
0.059056
0.238232
0.225794
0.037212
0.378221
0.723205
0.327249
0.440525
0.473360
0.417836
0.363000
0.746158
0.280584
0.686995
0.956578
0.250827
0.818479
0.954658
0.346535
0.952426
0.178463
0.200380
0.720033
0.286825
0.039160
0.534098
0.074158
0.979133
0.824429
0.481114
0.973798
0.473559
0.004274
0.389250
0.098523
0.336582
0.354590
0.335710
0.618663
0.278436
0.818894
0.045636
0.903206
0.764909
0.947946
0.605482
0.826484
0.711128
0.898442
0.864229
0.041105
0.687197
0.738676
0.550731
0.852212
0.507010
0.097927
0.716941
0.140941
0.710756
0.189951
0.549772
0.817581
0.342254
0.293863
0.018443
0.259226
0.727283
0.164237
0.863499
0.621075
0.701148
0.514629
0.946544
0.870534
0.544525
0.045150
0.808951
0.241119
0.757430
0.007087
0.010534
0.948052
0.832588
0.479800
0.496894
0.655486
0.341382
0.512957
0.172783
0.089351
0.487420
0.618190
0.318691
0.399710
0.743147
0.508005
0.493522
0.488980
0.302048
0.127590
0.616734
0.430864
0.750179
0.230270
0.752167
0.749902
0.093015
0.754922
0.440538
0.450354
0.932960
0.990622
0.700655
0.060019
0.155020
0.799070
0.977064
0.170444
0.778081
0.519615
0.525181
0.137889
0.111118
0.537637
0.149151
0.184021
0.821476
0.959152
0.732378
0.573498
0.888918
0.429040
0.999947
0.115676
0.457078
0.555682
0.034366
0.755316
0.685060
0.780959
0.823985
0.594476
0.587373
0.153648
0.884247
0.484075
0.380816
0.540010
0.567117
0.294849
0.742282
0.223666
0.109535
0.626641
0.941026
0.915136
0.797742
0.841826
0.721520
0.389388
0.605644
0.760014
0.866640
0.698583
0.550823
0.770419
0.213029
0.240240
0.284955
0.695926
0.777996
0.393434
0.563946
0.966241
0.206318
0.634247
0.429143
0.060704
0.681521
0.595548
0.861207
0.095499
0.354474
0.705864
0.263339
0.732957
0.416912
0.510367
0.295972
0.457332
0.742336
0.398250
0.960343
0.913377
0.194912
0.011417
0.537585
0.459986
0.790791
0.537650
0.391505
0.916311
0.017647
0.267462
0.079893
0.534649
0.268341
0.259548
0.768054
0.432011
0.124067
0.679109
0.160935
0.756801
0.591067
0.981999
0.862527
0.011329
0.422385
0.673303
0.013466
0.744768
0.770829
0.101025
0.764633
0.871366
0.159466
0.805517
0.614971
0.548689
0.518981
0.156230
0.109237
0.810966
0.833994
0.614543
0.073619
0.230436
0.129126
0.381751
0.416357
0.059147
0.585784
0.763666
0.973126
0.666073
0.847357
0.318420
0.603913
0.257497
0.987991
0.184634
0.404767
0.777242
0.492175
0.517513
0.873645
0.499229
0.332003
0.217176
0.038797
0.916416
0.108706
0.314672
0.029005
0.413022
0.126693
0.106966
0.430324
0.493284
0.433090
0.194626
0.860986
0.688955
0.634249
0.688770
0.816193
0.135557
0.902821
0.403028
0.533727
0.196777
0.834149
0.639158
0.939721
0.727305
0.877580
0.191259
0.916418
0.943432
0.244962
0.334514
0.939127
0.561506
0.632539
0.403260
0.541382
0.557178
0.540437
0.095192
0.053308
0.580751
0.552320
0.030481
0.320403
0.769832
0.871982
0.435541
0.835100
0.261149
0.788765
0.871731
0.322240
0.496602
0.253937
0.872143
0.717460
0.119245
0.449389
0.539256
0.803924
0.584635
0.281144
0.868954
0.152022
0.090343
0.155831
0.750571
0.296832
0.116852
0.830155
0.618191
0.132244
0.138918
0.552843
0.137597
0.875680
0.316810
0.245989
0.569634
0.724909
0.417860
0.058313
0.690372
0.784487
0.603281
0.835712
0.928657
0.263983
0.093091
0.823533
0.432110
0.358187
0.189881
0.278168
0.744674
0.109898
0.593666
0.520375
0.995627
0.661977
0.815552
0.816064
0.706765
0.345060
0.534757
0.188256
0.438131
0.472659
0.725859
0.822144
0.352163
0.462934
0.891981
0.958742
0.892127
0.147083
0.902983
0.525584
0.075865
0.013321
0.180343
0.029327
0.504685
0.562495
0.764007
0.347780
0.106018
0.290464
0.409605
0.780409
0.565536
0.671962
0.112469
0.428558
0.479823
0.493398
0.450217
0.420686
0.766488
0.295216
0.037402
0.524414
0.018610
0.349480
0.149976
0.006153
0.170369
0.561129
0.706933
0.529729
0.358299
0.972308
0.091412
0.106602
0.697203
0.932712
0.600271
0.410000
0.242882
0.724264
0.273424
0.790968
0.758582
0.978911
0.662281
0.342945
0.533639
0.071681
0.238027
0.969102
0.088167
0.009616
0.149059
0.338932
0.725689
0.857174
0.244091
0.462496
0.827001
0.361218
0.560832
0.556542
0.196091
0.068934
0.014788
0.480190
0.526825
0.509676
0.030205
0.942117
0.934070
0.060806
0.353994
0.448570
0.932801
0.296471
0.849182
0.704023
0.124068
0.269766
0.539221
0.384969
0.199066
0.379955
0.477597
0.482914
0.666183
0.788898
0.854682
0.214933
0.576261
0.570529
0.378490
0.898644
0.526179
0.684296
0.927921
0.611749
0.589695
0.972695
0.372671
0.442523
0.708611
0.693289
0.676979
0.084259
0.300012
0.840462
0.895127
0.440505
0.641738
0.909194
0.662378
0.155241
0.405262
0.754710
0.570113
0.038414
0.851755
0.244310
0.469260
0.557544
0.703990
0.152018
0.899686
0.854720
0.986483
0.868151
0.419824
0.428928
0.793451
0.374133
0.582156
0.109398
0.525054
0.441921
0.434744
0.508978
0.825325
0.265613
0.042299
0.669285
0.880208
0.813031
0.224585
0.332705
0.683264
0.924369
0.164420
0.550927
0.063718
0.894959
0.198260
0.375381
0.082373
0.505704
0.972240
0.991213
0.643044
0.738046
0.525389
0.031885
0.820209
0.995097
0.096271
0.234227
0.368726
0.295831
0.682975
0.211298
0.732116
0.598386
0.309788
0.689549
0.597092
0.109304
0.554114
0.193665
0.820721
0.850162
0.198668
0.092837
0.471781
0.067995
0.727521
0.230860
0.540150
0.712043
0.158302
0.743850
0.760137
0.562060
0.071431
0.177140
0.320015
0.822208
0.382472
0.810175
0.266959
0.713578
0.924027
0.207480
0.112470
0.665912
0.324498
0.066725
0.868157
0.968033
0.354823
0.422967
0.037615
0.763884
0.270170
0.291703
0.420762
0.138472
0.907491
0.852504
0.088289
0.021401
0.164871
0.859024
0.113349
0.025122
0.034441
0.038772
0.334761
0.145476
0.684004
0.855295
0.222291
0.982251
0.076985
0.043890
0.143090
0.520998
0.726264
0.306285
0.734386
0.271855
0.132268
0.326377
0.587912
0.138810
0.043455
0.823399
0.885269
0.730249
0.479149
0.526023
0.501139
0.089620
0.598517
0.175010
0.345630
0.178939
0.410064
0.746970
0.452578
0.777259
0.465062
0.950585
0.563625
0.135160
0.334444
0.451752
0.406682
0.363246
0.647194
0.617384
0.642012
0.720237
0.881547
0.570287
0.841682
0.031710
0.107539
0.870083
0.092352
0.225474
0.436644
0.887742
0.753037
0.459676
0.544337
0.243026
0.866308
0.575509
0.094297
0.203913
0.192689
0.392325
0.055165
0.492885
0.215372
0.928127
0.406010
0.154245
0.818802
0.456258
0.765228
0.266347
0.175518
0.867293
0.536844
0.948786
0.347697
0.295948
0.782407
0.043026
0.812117
0.082676
0.526655
0.620370
0.810398
0.789433
0.469119
0.288145
0.793077
0.084225
0.276399
0.677009
0.120738
0.488997
0.992756
0.162622
0.384546
0.374368
0.648518
0.325950
0.660173
0.540934
0.431909
0.019995
0.583610
0.593185
0.682712
0.678054
0.376484
0.165682
0.374728
0.270270
0.816318
0.463437
0.384469
0.551114
0.279265
0.325487
0.948727
0.010045
0.436951
0.892581
0.843522
0.669460
0.194585
0.471404
0.568020
0.106395
0.165842
0.337965
0.582968
0.204629
0.214474
0.244864
0.374389
0.178819
0.598153
0.509126
0.027058
0.718111
0.443860
0.711159
0.382773
0.149142
0.004913
0.667669
0.806777
0.652138
0.408329
0.123109
0.719711
0.723598
0.830188
0.190466
0.297070
0.568191
0.840564
0.352817
0.064917
0.334407
0.564674
0.685939
0.298183
0.355360
0.511594
0.987818
0.471634
0.699997
0.046083
0.795968
0.135858
0.621912
0.314928
0.665094
0.150566
0.263602
0.700589
0.877480
0.661191
0.443365
0.947421
0.512277
0.555128
0.339315
0.797182
0.038054
0.680760
0.569105
0.260223
0.580080
0.202434
0.832740
0.438185
0.498908
0.241183
0.087008
0.676360
0.883328
0.104862
0.910256
0.754279
0.976389
0.929582
0.411773
0.988540
0.120154
0.471239
0.966444
0.611252
0.709628
0.932476
0.297619
0.361471
0.309803
0.464584
0.683623
0.068321
0.917287
0.020418
0.379692
0.467519
0.479139
0.275060
0.890469
0.854227
0.840350
0.894279
0.521042
0.382724
0.136356
0.582197
0.308569
0.247412
0.120676
0.441349
0.983159
0.162238
0.597531
0.639623
0.126330
0.960495
0.076582
0.405502
0.148116
0.899934
0.277557
0.718497
0.658996
0.936825
0.466953
0.775481
0.198981
0.556490
0.821659
0.492478
0.141628
0.368304
0.584447
0.838885
0.812697
0.913430
0.437070
0.137535
0.958711
0.738758
0.986096
0.336786
0.535798
0.677654
0.986606
0.454042
0.339676
0.286028
0.856163
0.484921
0.098301
0.021687
0.326781
0.196577
0.743918
0.958536
0.901353
0.802227
0.474830
0.699394
0.012741
0.018471
0.822011
0.718492
0.802534
0.706046
0.024480
0.325141
0.850701
0.003636
0.971645
0.913982
0.589866
0.695620
0.532149
0.446386
0.855712
0.667334
0.107383
0.406076
0.869790
0.651551
0.434014
0.675394
0.968498
0.560525
0.332701
0.194689
0.612570
0.328720
0.938563
0.375315
0.399727
0.209055
0.740828
0.438320
0.208133
0.513695
0.152014
0.219043
0.703500
0.059432
0.577758
0.007887
0.715711
0.554979
0.683212
0.356335
0.633986
0.387090
0.476402
0.053749
0.669311
0.055489
0.538023
0.935340
0.510013
0.750950
0.415142
0.497648
0.456324
0.441470
0.416958
0.329238
0.202099
0.549821
0.467188
0.887628
0.160588
0.890612
0.802233
0.616908
0.964790
0.551558
0.288941
0.674136
0.854021
0.714416
0.461682
0.658521
0.164321
0.925110
0.646151
0.679381
0.632434
0.745937
0.206877
0.492731
0.497512
0.308506
0.096018
0.339613
0.221426
0.583821
0.921563
0.761597
0.562479
0.792508
0.231447
0.201382
0.727289
0.687121
0.023920
0.442633
0.625105
0.390088
0.650512
0.147943
0.075602
0.302652
0.642443
0.334355
0.127401
0.596077
0.039777
0.920836
0.866745
0.037750
0.870121
0.502469
0.904751
0.019248
0.454440
0.684289
0.782821
0.566049
0.515370
0.248285
0.218714
0.790784
0.041378
0.656473
0.304488
0.472487
0.790581
0.109246
0.570431
0.518512
0.082980
0.201730
0.339012
0.606034
0.370411
0.943396
0.836844
0.965456
0.340251
0.241780
0.422332
0.514701
0.211845
0.285391
0.567840
0.384204
0.243032
0.401530
0.438230
0.587182
0.456827
0.891139
0.297061
0.535248
0.513204
0.956469
0.296717
0.419048
0.635674
0.711383
0.452533
0.857909
0.313656
0.393750
0.731504
0.658719
0.255716
0.451558
0.905426
0.046602
0.991323
0.237929
0.312984
0.169465
0.694576
0.385976
0.366121
0.413168
0.926969
0.724952
0.928383
0.768539
0.121194
0.198887
0.726460
0.887657
0.917458
0.934349
0.354792
0.073055
0.940174
0.323224
0.055386
0.325355
0.898110
0.109688
0.143554
0.094568
0.996235
0.539803
0.282406
0.947093
0.663305
0.111260
0.846006
0.180322
0.485525
0.485524
0.649139
0.242716
0.562850
0.252513
0.640844
0.698989
0.199241
0.198573
0.773905
0.514361
0.939701
0.173195
0.672413
0.512234
0.372481
0.901910
0.657684
0.426542
0.331463
0.897223
0.876982
0.760763
0.027456
0.893290
0.161943
0.464283
0.183705
0.812192
0.760605
0.824577
0.285163
0.670801
0.409707
0.078430
0.017419
0.990056
0.497433
0.491928
0.673294
0.277440
0.200909
0.518972
0.656073
0.044863
0.841360
0.390068
0.980679
0.296426
0.891460
0.922617
0.249533
0.593558
0.686674
0.593147
0.699701
0.970999
0.262606
0.130068
0.432709
0.349737
0.674890
0.028703
0.558147
0.558156
0.703064
0.961349
0.026126
0.937836
0.025240
0.853969
0.070621
0.255291
0.541060
0.274232
0.223697
0.666613
0.765278
0.366797
0.437133
0.861943
0.596788
0.071243
0.219819
0.745927
0.755889
0.253273
0.482680
0.755825
0.977977
0.204878
0.703498
0.769619
0.341453
0.055198
0.666597
0.773102
0.812133
0.858638
0.591537
0.719994
0.111233
0.665362
0.494165
0.187316
0.998674
0.953119
0.785916
0.275716
0.132060
0.427135
0.935432
0.179642
0.172585
0.941871
0.622327
0.825062
0.105168
0.027181
0.697399
0.985135
0.898352
0.120879
0.027413
0.300359
0.211545
0.826166
0.405703
0.285371
0.658859
0.578475
0.221581
0.757025
0.940461
0.572122
0.930616
0.397379
0.468536
0.259158
0.092383
0.522023
0.944823
0.584709
0.239670
0.381998
0.923500
0.305243
0.120248
0.731634
0.934828
0.485889
0.275402
0.361799
0.203531
0.874402
0.963965
0.167335
0.807854
0.383609
0.441687
0.099436
0.961657
0.009153
0.507649
0.481190
0.617849
0.089885
0.335832
0.241792
0.176743
0.855960
0.333994
0.178507
0.611478
0.473216
0.386082
0.583540
0.902906
0.597099
0.220468
0.095657
0.401061
0.407602
0.045364
0.245688
0.426701
0.867586
0.355687
0.574806
0.405864
0.986447
0.152102
0.800495
0.638939
0.182408
0.542528
0.094916
0.973586
0.719471
0.997604
0.103540
0.442632
0.995969
0.692655
0.769772
0.092889
0.324293
0.537016
0.917067
0.751978
0.456115
0.423934
0.868872
0.325614
0.461644
0.047026
0.325639
0.089421
0.699241
0.547829
0.355905
0.523822
0.344247
0.368479
0.455937
0.958749
0.660957
0.678187
0.372153
0.052111
0.574181
0.675754
0.116982
0.061812
0.848444
0.105907
0.618534
0.609634
0.832115
0.487245
0.675349
0.034869
0.336056
0.465854
0.710086
0.339072
0.154105
0.372472
0.771892
0.707690
0.404929
0.572900
0.790601
0.721287
0.487682
0.521315
0.372267
0.934478
0.750265
0.123397
0.002706
0.784686
0.018798
0.019593
0.123027
0.810278
0.026642
0.746385
0.810062
0.407351
0.404706
0.322635
0.058287
0.569975
0.692143
0.145745
0.663487
0.957733
0.535206
0.034749
0.368991
0.669115
0.646269
0.800049
0.091634
0.206277
0.775698
0.687408
0.207500
0.466683
0.034521
0.881208
0.979532
0.345573
0.820318
0.762712
0.354763
0.569627
0.814230
0.716121
0.574602
0.080686
0.301970
0.731145
0.025540
0.257303
0.241645
0.247328
0.629931
0.094071
0.168391
0.363837
0.129162
0.481173
0.349450
0.549292
0.058411
0.751011
0.539407
0.039527
0.939028
0.730994
0.736839
0.526256
0.529009
0.691790
0.310391
0.195118
0.353573
0.573367
0.590918
0.455698
0.587754
0.955830
0.160440
0.466178
0.754629
0.901921
0.798686
0.048257
0.131189
0.500803
0.861121
0.429955
0.886149
0.890564
0.292972
0.170587
0.398878
0.416246
0.862692
0.198443
0.186954
0.312118
0.403673
0.321923
0.084172
0.786476
0.059489
0.412718
0.615705
0.274314
0.957299
0.368238
0.688829
0.031648
0.404748
0.462270
0.204502
0.533510
0.183275
0.919703
0.867172
0.648541
0.657409
0.994215
0.369528
0.373659
0.144604
0.087744
0.219354
0.584201
0.999541
0.987281
0.392893
0.583935
0.413458
0.177336
0.800914
0.005839
0.562785
0.844141
0.469320
0.333092
0.058923
0.158242
0.517171
0.979407
0.045810
0.103130
0.284573
0.722010
0.704549
0.515775
0.566115
0.537039
0.592054
0.486618
0.259487
0.498043
0.447557
0.307188
0.182342
0.800083
0.928090
0.088239
0.354245
0.835688
0.809462
0.944213
0.117166
0.229705
0.437755
0.554907
0.682004
0.227718
0.609575
0.385271
0.566447
0.701095
0.365733
0.142015
0.129224
0.389350
0.718237
0.052785
0.627740
0.940040
0.706601
0.511396
0.722067
0.655148
0.055879
0.891558
0.832300
0.922200
0.541388
0.101630
0.613936
0.644266
0.956861
0.553552
0.855034
0.115655
0.633501
0.828944
0.298750
0.984284
0.113782
0.732466
0.156906
0.946332
0.989443
0.774459
0.977786
0.617286
0.758347
0.178360
0.059378
0.583708
0.827029
0.379696
0.924888
0.663984
0.519072
0.898153
0.589388
0.080675
0.974882
0.507283
0.205620
0.992585
0.524031
0.492160
0.365913
0.056756
0.151786
0.527438
0.210409
0.528737
0.788537
0.489920
0.825608
0.487878
0.843024
0.363334
0.159975
0.951323
0.743064
0.930395
0.205070
0.758661
0.603139
0.169608
0.033327
0.745964
0.915916
0.282224
0.911180
0.944742
0.570620
0.028282
0.254366
0.634054
0.288060
0.119032
0.218565
0.322895
0.779793
0.725037
0.952612
0.159745
0.684236
0.752888
0.634622
0.355733
0.498780
0.316265
0.686808
0.700731
0.754874
0.285850
0.767625
0.865593
0.309678
0.813534
0.187174
0.370814
0.637526
0.265107
0.122342
0.798654
0.978174
0.897045
0.932798
0.203146
0.264478
0.321566
0.930169
0.885691
0.334603
0.123392
0.235153
0.642662
0.504843
0.834842
0.897190
0.629832
0.407020
0.615385
0.946981
0.734660
0.894901
0.799394
0.623658
0.394493
0.909170
0.712910
0.957758
0.473593
0.619619
0.667198
0.412288
0.926162
0.892277
0.523753
0.272711
0.572053
0.661206
0.011633
0.240338
0.427016
0.919387
0.742046
0.701853
0.424586
0.627262
0.395372
0.821862
0.291332
0.514556
0.499430
0.008724
0.274347
0.711468
0.831885
0.931589
0.837454
0.876475
0.380259
0.785534
0.542789
0.524002
0.705777
0.500793
0.803609
0.927185
0.067122
0.332156
0.953441
0.156726
0.961477
0.428105
0.031101
0.691322
0.386667
0.420881
0.470508
0.819941
0.782926
0.574601
0.632491
0.769919
0.798183
0.027110
0.181409
0.702873
0.868705
0.032615
0.035082
0.285059
0.608596
0.898146
0.079520
0.369279
0.757671
0.471586
0.601603
0.127753
0.407513
0.217992
0.249293
0.002462
0.479471
0.171876
0.060237
0.641223
0.394619
0.605550
0.220561
0.160685
0.092400
0.258851
0.725150
0.015302
0.419260
0.256850
0.242245
0.394384
0.427928
0.644646
0.456490
0.654985
0.668178
0.208955
0.927828
0.110778
0.586765
0.273903
0.495295
0.617234
0.022392
0.463908
0.145854
0.449392
0.425707
0.452358
0.714070
0.884895
0.157884
0.065582
0.168353
0.653691
0.437566
0.313582
0.447794
0.765208
0.487242
0.170544
0.948515
0.489452
0.058338
0.849219
0.912894
0.062629
0.030590
0.696037
0.976062
0.669690
0.536349
0.392011
0.283236
0.881792
0.264132
0.263909
0.454662
0.998865
0.067439
0.998447
0.772493
0.966201
0.923322
0.888836
0.560404
0.045802
0.938347
0.829298
0.571222
0.371832
0.635143
0.182409
0.273729
0.595151
0.927290
0.371369
0.204797
0.012103
0.120180
0.761651
0.729357
0.911440
0.186321
0.182707
0.814846
0.191737
0.540157
0.061281
0.199675
0.977651
0.274362
0.776091
0.022130
0.671852
0.370279
0.853515
0.716672
0.341979
0.922935
0.282015
0.402799
0.077151
0.948231
0.477467
0.945913
0.021823
0.498413
0.652476
0.202771
0.568406
0.592843
0.072172
0.253207
0.073262
0.975220
0.380775
0.726461
0.659479
0.895432
0.993014
0.950495
0.937195
0.553736
0.020120
0.866406
0.857917
0.465536
0.070830
0.472168
0.519993
0.844752
0.185207
0.489308
0.451737
0.060189
0.446212
0.716385
0.156951
0.799156
0.216080
0.861830
0.252293
0.642132
0.378496
0.988134
0.141003
0.287115
0.272422
0.985985
0.434197
0.497295
0.689700
0.901680
0.377104
0.425361
0.309043
0.619227
0.788044
0.095603
0.358144
0.239676
0.944335
0.414258
0.159724
0.878393
0.720287
0.901618
0.224739
0.124610
0.913250
0.778182
0.826666
0.669397
0.196859
0.832735
0.816913
0.935446
0.675142
0.503330
0.036675
0.746125
0.533232
0.522635
0.930896
0.198158
0.292842
0.636386
0.182817
0.982238
0.483411
0.976357
0.842571
0.193554
0.979344
0.445595
0.921675
0.438600
0.473876
0.600884
0.840339
0.259162
0.750976
0.252602
0.941411
0.026865
0.065839
0.961277
0.190448
0.714093
0.586027
0.519013
0.754751
0.006233
0.810195
0.947409
0.655963
0.006723
0.047648
0.715964
0.803584
0.205681
0.584384
0.340022
0.295063
0.074643
0.301552
0.918085
0.688283
0.738003
0.268921
0.037315
0.462576
0.014770
0.774449
0.945055
0.954908
0.064755
0.233641
0.444474
0.730672
0.988614
0.358332
0.224556
0.587394
0.582729
0.559794
0.738510
0.830360
0.833636
0.068673
0.369761
0.159373
0.432853
0.223906
0.899495
0.694943
0.116254
0.411257
0.752566
0.501703
0.981437
0.612871
0.546734
0.259815
0.345463
0.402802
0.110626
0.736853
0.391461
0.727078
0.734633
0.839981
0.768178
0.224732
0.451848
0.620183
0.888125
0.259384
0.947972
0.667423
0.588314
0.867337
0.214291
0.310774
0.728145
0.412591
0.590014
0.524928
0.591260
0.843299
0.802567
0.970818
0.506308
0.836612
0.279337
0.361234
0.013805
0.114947
0.253621
0.962704
0.275593
0.428836
0.262490
0.314345
0.076722
0.788801
0.885382
0.876806
0.018642
0.947228
0.209523
0.705603
0.893116
0.883901
0.351111
0.180583
0.288683
0.435551
0.588170
0.296606
0.480281
0.577073
0.560341
0.930995
0.337014
0.353594
0.709919
0.424294
0.336228
0.768754
0.434166
0.737310
0.761916
0.042647
0.407394
0.546519
0.494178
0.597119
0.438196
0.000304
0.650416
0.737483
0.137478
0.241170
0.139216
0.656257
0.280847
0.386412
0.339565
0.760930
0.108266
0.806387
0.760954
0.145744
0.077725
0.521814
0.297948
0.805671
0.800439
0.307684
0.424455
0.994456
0.664672
0.011503
0.220879
0.320195
0.994836
0.209737
0.068796
0.160609
0.592668
0.102283
0.244307
0.971903
0.127982
0.616397
0.788577
0.812948
0.657078
0.616266
0.212684
0.960164
0.476014
0.621926
0.818309
0.944690
0.601856
0.182767
0.185096
0.595666
0.314934
0.349734
0.423020
0.162270
0.896125
0.291661
0.831735
0.049725
0.821323
0.921858
0.100562
0.925084
0.206146
0.280098
0.059292
0.508263
0.062590
0.863203
0.422018
0.390387
0.380046
0.047094
0.109147
0.139956
0.979578
0.299008
0.476230
0.239164
0.425727
0.066918
0.496235
0.306649
0.786771
0.752293
0.242878
0.424236
0.094229
0.142248
0.499264
0.306384
0.706588
0.389995
0.295708
0.691019
0.281426
0.301998
0.474459
0.645493
0.414192
0.202268
0.033371
0.974316
0.530227
0.306309
0.045297
0.385972
0.997965
0.828906
0.150010
0.371173
0.453580
0.372547
0.219722
0.507941
0.638246
0.570081
0.291112
0.330275
0.905394
0.981307
0.704083
0.464274
0.573155
0.535602
0.792316
0.982537
0.202076
0.960252
0.119586
0.185545
0.255288
0.897619
0.069733
0.165469
0.641734
0.476269
0.482311
0.718255
0.906754
0.816209
0.620006
0.665571
0.981159
0.092745
0.181869
0.447830
0.952525
0.805505
0.696733
0.518465
0.412561
0.668936
0.786547
0.470223
0.053239
0.100036
0.557017
0.865617
0.932596
0.592230
0.314329
0.131965
0.668596
0.966677
0.717814
0.869456
0.815567
0.641733
0.139412
0.058355
0.261171
0.887114
0.926383
0.535379
0.190787
0.682987
0.452924
0.133007
0.397934
0.108948
0.532572
0.979541
0.480878
0.388727
0.164254
0.879281
0.122994
0.230589
0.652782
0.715518
0.683428
0.269463
0.315984
0.525191
0.060017
0.245786
0.936375
0.910874
0.172712
0.480288
0.490656
0.708186
0.756507
0.828189
0.884951
0.286320
0.861302
0.146679
0.311639
0.294726
0.804584
0.584521
0.533269
0.395605
0.193213
0.322172
0.983131
0.151927
0.264103
0.546978
0.877805
0.433426
0.540812
0.154668
0.875860
0.914572
0.873929
0.311197
0.734767
0.471627
0.147073
0.395739
0.445328
0.840589
0.465882
0.955611
0.724098
0.120571
0.792830
0.038660
0.268433
0.741672
0.893346
0.201292
0.809352
0.053060
0.875516
0.616039
0.702125
0.713000
0.652713
0.188322
0.275487
0.612315
0.561476
0.526740
0.604236
0.967095
0.210837
0.755527
0.197551
0.853470
0.118260
0.694467
0.711920
0.501626
0.855352
0.214858
0.342819
0.839734
0.446402
0.886685
0.647145
0.599564
0.657168
0.309975
0.057410
0.829767
0.212025
0.142720
0.111483
0.272350
0.875710
0.340569
0.015507
0.152028
0.832183
0.973716
0.643916
0.712846
0.847362
0.319692
0.755226
0.064771
0.884210
0.304765
0.345711
0.624586
0.076354
0.510886
0.689829
0.747032
0.298416
0.530869
0.225391
0.937458
0.894738
0.765095
0.766367
0.756408
0.950307
0.553545
0.284622
0.907199
0.674347
0.744401
0.145987
0.823581
0.994106
0.253708
0.152372
0.927174
0.158571
0.380297
0.201041
0.731491
0.473660
0.539132
0.979938
0.555709
0.035508
0.768763
0.763784
0.248715
0.409943
0.881106
0.433501
0.280784
0.396485
0.152618
0.919838
0.652082
0.696158
0.125062
0.963601
0.406230
0.215203
0.683613
0.716754
0.282678
0.732062
0.323800
0.092491
0.149589
0.442656
0.292503
0.953905
0.832379
0.798458
0.399544
0.240559
0.591635
0.741745
0.224780
0.734586
0.654689
0.710877
0.592450
0.612062
0.511093
0.282931
0.623047
0.694589
0.334111
0.298331
0.898293
0.878178
0.375394
0.388499
0.953948
0.773696
0.032452
0.728583
0.036917
0.831906
0.839364
0.147953
0.088362
0.067391
0.758398
0.645721
0.925684
0.844610
0.028567
0.430796
0.448023
0.685781
0.678366
0.498925
0.158473
0.828048
0.652527
0.995380
0.829995
0.655083
0.902066
0.323119
0.610951
0.498470
0.605426
0.633742
0.312409
0.724205
0.835420
0.582824
0.006668
0.050925
0.167868
0.502305
0.030619
0.484826
0.196355
0.509835
0.086154
0.882160
0.223151
0.967012
0.592419
0.478057
0.135725
0.653447
0.922579
0.749544
0.045005
0.438955
0.474218
0.944128
0.596016
0.118775
0.922630
0.721195
0.201096
0.792732
0.907039
0.573725
0.074661
0.194329
0.140143
0.459052
0.947609
0.044773
0.521982
0.040492
0.336756
0.764300
0.712644
0.781855
0.165078
0.022536
0.379253
0.233834
0.343604
0.064133
0.507305
0.079067
0.404129
0.777979
0.953125
0.969607
0.728989
0.969781
0.432965
0.989523
0.972162
0.489896
0.187170
0.533384
0.564208
0.111632
0.338699
0.820108
0.198003
0.559686
0.869863
0.706900
0.905884
0.673419
0.977076
0.460055
0.061408
0.533813
0.310144
0.942942
0.717198
0.774530
0.161573
0.045478
0.267811
0.383697
0.615747
0.087318
0.193657
0.840954
0.992755
0.346505
0.586054
0.539973
0.794135
0.498721
0.308661
0.345697
0.866693
0.785933
0.847854
0.913035
0.406588
0.588172
0.522089
0.743827
0.911715
0.153573
0.432602
0.935448
0.610500
0.689399
0.066783
0.340411
0.525921
0.454488
0.329613
0.434342
0.123184
0.779890
0.043238
0.211407
0.808062
0.922106
0.982270
0.883046
0.932460
0.899515
0.712020
0.148216
0.888205
0.038698
0.074562
0.291211
0.465071
0.159514
0.876302
0.915872
0.472248
0.435997
0.220287
0.671403
0.403438
0.999285
0.093657
0.902980
0.315699
0.797761
0.158811
0.667551
0.414515
0.831806
0.646619
0.498338
0.837274
0.353830
0.548495
0.546907
0.721510
0.420696
0.735735
0.254739
0.671712
0.241793
0.780038
0.342093
0.709963
0.252778
0.236760
0.094828
0.643833
0.917612
0.406727
0.483545
0.614168
0.809698
0.585302
0.476937
0.422235
0.920603
0.807179
0.785112
0.778179
0.000515
0.917690
0.570677
0.981136
0.640935
0.558434
0.136780
0.027620
0.094359
0.505976
0.092649
0.962739
0.299327
0.703352
0.718469
0.324268
0.288121
0.777960
0.521964
0.090117
0.128914
0.646020
0.977532
0.104857
0.558816
0.809761
0.953369
0.931973
0.748255
0.802481
0.010068
0.528826
0.683635
0.118909
0.852570
0.565756
0.932244
0.371368
0.352376
0.276681
0.262868
0.870119
0.453985
0.024483
0.424205
0.670085
0.523810
0.551422
0.251762
0.233827
0.485448
0.845222
0.087720
0.407010
0.966040
0.539948
0.897050
0.609234
0.317498
0.563570
0.570772
0.028700
0.296157
0.789632
0.082257
0.739074
0.516707
0.618571
0.747556
0.893426
0.032296
0.747202
0.913051
0.402457
0.133110
0.846395
0.514814
0.478412
0.160381
0.092850
0.919821
0.375095
0.871098
0.548699
0.049867
0.127924
0.089345
0.481960
0.519284
0.692896
0.581263
0.022972
0.386500
0.992964
0.689600
0.880089
0.360332
0.945322
0.267495
0.437288
0.132635
0.800582
0.225780
0.843838
0.881496
0.359118
0.029214
0.020739
0.340286
0.921897
0.079701
0.860988
0.828269
0.810918
0.052976
0.723451
0.943512
0.882718
0.213235
0.217749
0.618217
0.628931
0.930757
0.776455
0.804141
0.979212
0.343227
0.809258
0.300166
0.109341
0.214075
0.951794
0.247811
0.023357
0.791796
0.851391
0.430933
0.082219
0.213670
0.787116
0.034375
0.449006
0.935343
0.587767
0.488950
0.614691
0.623828
0.596627
0.987016
0.059152
0.104280
0.815241
0.458792
0.035789
0.588495
0.741632
0.003422
0.588561
0.682954
0.374495
0.953992
0.907808
0.333180
0.379028
0.890162
0.993254
0.025474
0.669274
0.697715
0.353220
0.462228
0.744960
0.397906
0.959346
0.638082
0.788577
0.351721
0.274094
0.465365
0.963484
0.990430
0.548573
0.882428
0.910630
0.573728
0.472652
0.890534
0.396435
0.254346
0.166406
0.226596
0.365645
0.791653
0.497033
0.021843
0.670831
0.449295
0.150909
0.811886
0.026444
0.510391
0.195513
0.752057
0.733998
0.509836
0.236612
0.813379
0.581695
0.012665
0.465353
0.658389
0.594212
0.840574
0.947429
0.750966
0.726053
0.080135
0.529131
0.078437
0.806057
0.495047
0.616227
0.555033
0.374700
0.844365
0.261838
0.239939
0.254760
0.796720
0.215949
0.807166
0.676812
0.079373
0.626216
0.223625
0.382683
0.146898
0.518265
0.161219
0.863176
0.168407
0.151719
0.732762
0.683740
0.669702
0.270491
0.503805
0.817724
0.617226
0.614172
0.306075
0.067873
0.468230
0.100122
0.935712
0.710934
0.344579
0.638643
0.742581
0.567865
0.608817
0.718587
0.146976
0.075111
0.057695
0.857200
0.107431
0.824594
0.511842
0.701918
0.218285
0.337224
0.816527
0.506169
0.757218
0.844495
0.207774
0.675799
0.310122
0.054542
0.405133
0.944187
0.361278
0.674321
0.916211
0.126057
0.098494
0.921500
0.361941
0.512774
0.902354
0.883449
0.623399
0.292920
0.182315
0.033239
0.472867
0.445319
0.115572
0.082804
0.770270
0.688444
0.022477
0.902020
0.202061
0.158323
0.769022
0.142144
0.818306
0.701327
0.276340
0.327171
0.924797
0.230403
0.602327
0.293757
0.334549
0.521837
0.663848
0.417498
0.935338
0.689991
0.621393
0.930782
0.329864
0.231955
0.742674
0.857071
0.029826
0.891871
0.798160
0.622219
0.896066
0.361810
0.179781
0.891031
0.010095
0.265581
0.043473
0.674299
0.717827
0.513363
0.285455
0.487578
0.718971
0.565421
0.609291
0.469276
0.784270
0.795787
0.723387
0.705514
0.201039
0.942233
0.833304
0.807796
0.592946
0.804351
0.426532
0.463734
0.284976
0.191275
0.364580
0.569883
0.325416
0.705618
0.833469
0.669774
0.304457
0.908475
0.703242
0.192185
0.878925
0.666614
0.613698
0.019050
0.814305
0.009011
0.050209
0.735502
0.262687
0.384164
0.072747
0.724623
0.016941
0.127585
0.094934
0.686737
0.710058
0.832880
0.419192
0.979359
0.191323
0.828961
0.469592
0.103256
0.919425
0.556370
0.035658
0.088064
0.712502
0.310248
0.167565
0.265288
0.116884
0.876023
0.824558
0.936678
0.264532
0.373107
0.262112
0.653351
0.132811
0.285278
0.596811
0.788864
0.582889
0.884458
0.767980
0.812794
0.402225
0.034603
0.337974
0.317296
0.514703
0.728486
0.464277
0.506452
0.735328
0.493459
0.021201
0.287714
0.355987
0.380644
0.941274
0.488966
0.859917
0.300309
0.440127
0.418304
0.314737
0.706034
0.046890
0.262755
0.111362
0.580337
0.307273
0.635185
0.557109
0.399992
0.290441
0.295698
0.238618
0.622774
0.604736
0.236797
0.621108
0.647867
0.611827
0.394458
0.106288
0.365862
0.883927
0.365720
0.028047
0.083919
0.243674
0.235022
0.102996
0.837226
0.889810
0.665944
0.686734
0.975949
0.182009
0.453363
0.315365
0.341010
0.532556
0.076853
0.168720
0.752680
0.037917
0.194280
0.994677
0.670451
0.845748
0.382174
0.135103
0.525127
0.768179
0.605313
0.529803
0.955572
0.155224
0.392902
0.116254
0.131072
0.977258
0.445262
0.045269
0.930534
0.236360
0.497673
0.485526
0.453497
0.146059
0.753203
0.867344
0.423707
0.760058
0.762333
0.826352
0.329203
0.274751
0.394009
0.443824
0.735837
0.818909
0.802420
0.969332
0.273068
0.027492
0.260257
0.864686
0.277729
0.784966
0.288024
0.771782
0.496294
0.536276
0.968006
0.911075
0.388701
0.179273
0.169986
0.226865
0.293696
0.559160
0.035318
0.559114
0.650579
0.630758
0.539644
0.722845
0.815491
0.695012
0.777490
0.082783
0.249329
0.368305
0.451301
0.225126
0.523258
0.832468
0.491850
0.336659
0.017485
0.024782
0.047372
0.824653
0.257637
0.955137
0.937576
0.454557
0.715314
0.835512
0.930621
0.485899
0.817029
0.838199
0.642372
0.074158
0.877236
0.586151
0.926167
0.936057
0.261999
0.053327
0.187938
0.290475
0.162297
0.906112
0.167912
0.464202
0.819238
0.049515
0.340062
0.852525
0.603580
0.713670
0.829811
0.945091
0.261896
0.896665
0.696751
0.647857
0.451209
0.797590
0.801856
0.666921
0.989763
0.566921
0.429218
0.268606
0.447184
0.667542
0.183942
0.525749
0.723205
0.385550
0.685616
0.420525
0.357572
0.921841
0.637716
0.851451
0.758947
0.508760
0.316327
0.122944
0.418640
0.465958
0.397304
0.550957
0.113720
0.980188
0.762190
0.052915
0.028326
0.968980
0.094270
0.394205
0.603483
0.080859
0.223439
0.010802
0.532983
0.967666
0.500417
0.126577
0.971322
0.319281
0.597239
0.327350
0.321656
0.018934
0.834030
0.668824
0.586366
0.508897
0.135570
0.093796
0.646189
0.261600
0.410903
0.961285
0.988934
0.949480
0.332825
0.376858
0.635277
0.676886
0.150976
0.023939
0.653846
0.767106
0.203861
0.079466
0.864120
0.234672
0.774674
0.537172
0.784232
0.974225
0.858358
0.825846
0.578656
0.978692
0.440002
0.700317
0.732383
0.786885
0.116199
0.186143
0.254388
0.938825
0.082207
0.295908
0.772078
0.180540
0.841222
0.710986
0.594636
0.562341
0.822323
0.777253
0.418552
0.578933
0.697029
0.620452
0.341603
0.128431
0.509124
0.805313
0.307640
0.952396
0.148699
0.584669
0.385928
0.351559
0.751037
0.988035
0.804872
0.452486
0.748069
0.844784
0.616482
0.089128
0.680291
0.621181
0.018174
0.029222
0.047909
0.953343
0.751946
0.747663
0.171066
0.994336
0.734537
0.265254
0.891653
0.662101
0.039273
0.629202
0.306665
0.309197
0.991440
0.918166
0.320481
0.953108
0.191446
0.075738
0.557709
0.459367
0.527997
0.387653
0.928412
0.895397
0.267978
0.854595
0.394099
0.841795
0.238703
0.518699
0.178678
0.914892
0.376444
0.781248
0.908002
0.009650
0.974383
0.814927
0.971025
0.189178
0.091835
0.098635
0.473319
0.334800
0.600312
0.268152
0.619697
0.221555
0.352884
0.623162
0.509128
0.925240
0.130726
0.610751
0.365740
0.210285
0.300531
0.127588
0.050312
0.838689
0.011805
0.866782
0.604851
0.609278
0.073510
0.859702
0.058078
0.148241
0.221945
0.615906
0.163404
0.275418
0.969609
0.493120
0.226323
0.649334
0.798524
0.390959
0.200368
0.815560
0.618429
0.172797
0.456787
0.949478
0.684575
0.105633
0.651710
0.182707
0.892553
0.652763
0.186683
0.353049
0.416696
0.353072
0.566513
0.226186
0.208825
0.827331
0.356969
0.343136
0.147200
0.829235
0.210370
0.774652
0.639996
0.229480
0.007703
0.570797
0.808961
0.016748
0.431760
0.923494
0.869293
0.311303
0.278866
0.089247
0.890561
0.615553
0.500964
0.509809
0.476544
0.531428
0.980833
0.116404
0.292304
0.025965
0.438722
0.288296
0.344260
0.452959
0.878122
0.873838
0.080311
0.477880
0.753143
0.070533
0.115667
0.203002
0.403311
0.033611
0.646372
0.156670
0.498575
0.057793
0.623965
0.761024
0.685016
0.006599
0.815379
0.901924
0.658938
0.784146
0.043137
0.628260
0.534530
0.726820
0.820128
0.749491
0.040678
0.491823
0.185471
0.484098
0.390265
0.725917
0.784916
0.750413
0.136875
0.384858
0.889471
0.457824
0.167328
0.150367
0.424834
0.132125
0.794112
0.049798
0.804164
0.635332
0.501605
0.951106
0.076796
0.967923
0.977629
0.393796
0.081862
0.380349
0.013425
0.771181
0.931307
0.090010
0.487869
0.730660
0.541225
0.978462
0.945395
0.071692
0.430627
0.019538
0.132912
0.144478
0.756054
0.009653
0.852237
0.769651
0.239435
0.193873
0.606388
0.978201
0.262525
0.721310
0.937434
0.113588
0.978262
0.746931
0.159348
0.231074
0.658633
0.508600
0.142260
0.693569
0.037914
0.542736
0.087180
0.804110
0.794434
0.412825
0.197229
0.372005
0.264755
0.075453
0.079019
0.906806
0.520208
0.320835
0.544272
0.529970
0.122176
0.230989
0.597237
0.531063
0.571990
0.289782
0.329924
0.350940
0.092747
0.755830
0.668428
0.709828
0.129947
0.131464
0.555548
0.909732
0.588472
0.598117
0.774972
0.308216
0.384915
0.069215
0.950117
0.599093
0.483250
0.074066
0.937579
0.343917
0.091931
0.927764
0.204324
0.909768
0.572092
0.069664
0.574374
0.301447
0.576932
0.932683
0.871768
0.782045
0.795786
0.213133
0.310905
0.591344
0.993810
0.781028
0.503717
0.667653
0.947676
0.148054
0.598133
0.210677
0.803866
0.198464
0.438437
0.080551
0.800863
0.700052
0.771757
0.785242
0.468209
0.720636
0.114325
0.773542
0.159592
0.861838
0.056425
0.516630
0.205986
0.927773
0.818055
0.754786
0.247750
0.121961
0.982171
0.118834
0.377375
0.821438
0.414727
0.154205
0.100350
0.731966
0.738094
0.609364
0.600063
0.461091
0.836451
0.464389
0.220522
0.044747
0.139637
0.818855
0.101514
0.375552
0.929096
0.914044
0.705017
0.063694
0.130936
0.700918
0.046607
0.630701
0.673862
0.684151
0.325337
0.817863
0.082589
0.960518
0.661300
0.769669
0.811151
0.347909
0.679609
0.122693
0.577816
0.174430
0.897767
0.145535
0.498629
0.305184
0.501931
0.698894
0.906324
0.451357
0.155022
0.438955
0.833664
0.090585
0.531417
0.503980
0.105333
0.772049
0.181338
0.394404
0.862313
0.261428
0.002275
0.481486
0.101084
0.461307
0.740829
0.018642
0.082733
0.117773
0.819249
0.752248
0.311743
0.774010
0.926366
0.663731
0.430442
0.771323
0.829386
0.560229
0.974013
0.326348
0.144555
0.564416
0.306053
0.063422
0.291547
0.042187
0.450871
0.071191
0.785808
0.515856
0.373109
0.534502
0.679248
0.116077
0.866700
0.703071
0.423586
0.462677
0.614401
0.068240
0.330351
0.477413
0.598727
0.783517
0.061719
0.824027
0.489633
0.973344
0.178810
0.855913
0.430038
0.501499
0.467233
0.401770
0.985536
0.124252
0.869082
0.316562
0.539536
0.826537
0.988438
0.710157
0.891525
0.359233
0.963042
0.489840
0.968119
0.873511
0.464092
0.525298
0.769764
0.630218
0.702105
0.185178
0.757920
0.578532
0.879230
0.381447
0.817941
0.413366
0.884004
0.879803
0.612871
0.284215
0.316847
0.638581
0.146358
0.622787
0.854050
0.081967
0.673924
0.550489
0.491873
0.611969
0.907878
0.721945
0.394907
0.543129
0.841163
0.443611
0.734997
0.089379
0.230067
0.898205
0.426851
0.738019
0.007635
0.711287
0.718635
0.365297
0.003305
0.055618
0.902126
0.944574
0.596108
0.625887
0.485958
0.693964
0.276933
0.989433
0.092482
0.637588
0.910085
0.870441
0.456131
0.804292
0.307461
0.432989
0.628141
0.760490
0.024253
0.653696
0.035035
0.829630
0.188622
0.713517
0.149345
0.759028
0.247176
0.270742
0.260510
0.684115
0.472536
0.518056
0.278374
0.048677
0.590413
0.574749
0.554705
0.564746
0.264506
0.754055
0.810289
0.844477
0.173338
0.293147
0.143464
0.874588
0.940948
0.691416
0.554885
0.007544
0.081837
0.808080
0.033697
0.447432
0.900699
0.493599
0.140233
0.756879
0.881637
0.926252
0.614498
0.507966
0.614450
0.885079
0.309901
0.758146
0.763435
0.287316
0.966337
0.323968
0.685278
0.060842
0.811344
0.232946
0.167057
0.402696
0.824954
0.998246
0.675264
0.020737
0.882148
0.332712
0.695796
0.878304
0.852617
0.308012
0.088896
0.307432
0.593756
0.090645
0.189669
0.154840
0.419252
0.928077
0.133481
0.641334
0.908945
0.803246
0.977692
0.098427
0.489464
0.771735
0.700013
0.179258
0.249794
0.699805
0.574415
0.992068
0.448806
0.549390
0.424931
0.075774
0.657043
0.233791
0.424810
0.914973
0.783683
0.979963
0.703969
0.697042
0.249664
0.274450
0.734214
0.152046
0.454101
0.393820
0.133754
0.226619
0.665169
0.889969
0.946421
0.149873
0.567024
0.738410
0.055100
0.511099
0.476589
0.295433
0.053114
0.628291
0.570381
0.239033
0.663877
0.820611
0.241243
0.889364
0.631697
0.768183
0.643867
0.177112
0.541137
0.745090
0.839353
0.121976
0.316214
0.926384
0.262434
0.427037
0.433629
0.711877
0.107237
0.226367
0.307408
0.077623
0.051971
0.540145
0.689092
0.593628
0.460225
0.600709
0.523067
0.151188
0.043932
0.280576
0.917710
0.577636
0.234657
0.855060
0.078715
0.616544
0.266770
0.602722
0.211854
0.888566
0.856223
0.230801
0.971282
0.077387
0.286797
0.113707
0.610717
0.096285
0.663591
0.263736
0.114770
0.257645
0.829680
0.086766
0.444714
0.598821
0.281708
0.193773
0.247058
0.605723
0.976065
0.082643
0.736474
0.447673
0.848325
0.724657
0.690845
0.804797
0.630886
0.196048
0.971044
0.978572
0.150246
0.306592
0.509343
0.757245
0.015714
0.872961
0.277359
0.725436
0.822459
0.152635
0.248719
0.110316
0.827074
0.141993
0.386333
0.828687
0.203740
0.706638
0.204370
0.107934
0.440923
0.969271
0.647860
0.601216
0.226530
0.256029
0.987026
0.490022
0.124588
0.281230
0.899815
0.086200
0.846767
0.827134
0.097250
0.316039
0.642231
0.003435
0.086579
0.330617
0.991075
0.413760
0.243291
0.963432
0.908465
0.236007
0.222903
0.706704
0.814120
0.971644
0.257380
0.144465
0.457077
0.427435
0.590893
0.940747
0.218131
0.461933
0.679376
0.596440
0.447832
0.118532
0.943637
0.554500
0.089506
0.546210
0.384356
0.130568
0.734166
0.506975
0.968504
0.189175
0.554122
0.323652
0.032042
0.973804
0.158119
0.730364
0.336380
0.765329
0.743365
0.757755
0.611122
0.805688
0.726151
0.381922
0.330085
0.634158
0.097112
0.165643
0.940366
0.578814
0.650574
0.357926
0.305980
0.796553
0.107797
0.337313
0.671071
0.116771
0.416091
0.689673
0.097251
0.905983
0.631391
0.515252
0.111711
0.607456
0.049532
0.535246
0.915597
0.129614
0.456548
0.596702
0.065821
0.452422
0.633152
0.997543
0.350060
0.019257
0.732354
0.521432
0.837977
0.494439
0.807916
0.895017
0.697441
0.339621
0.108032
0.877218
0.620375
0.425737
0.563024
0.040263
0.088284
0.315999
0.034659
0.293303
0.623859
0.178412
0.001437
0.979062
0.695618
0.996909
0.619358
0.198964
0.562395
0.316244
0.008524
0.508696
0.730643
0.379374
0.706618
0.999885
0.438814
0.883724
0.831962
0.629315
0.940317
0.615406
0.489329
0.669381
0.012303
0.823319
0.505845
0.885846
0.926243
0.007913
0.923790
0.164590
0.854470
0.946074
0.820516
0.330390
0.802552
0.612665
0.538378
0.959602
0.520924
0.533394
0.151927
0.576268
0.502423
0.090061
0.884757
0.338072
0.079193
0.959375
0.920394
0.624849
0.428666
0.996392
0.883420
0.907197
0.041403
0.253331
0.748425
0.324968
0.123235
0.968897
0.662044
0.083029
0.651523
0.271204
0.530841
0.472258
0.203843
0.242325
0.175578
0.053929
0.472092
0.112273
0.617723
0.671881
0.982779
0.636879
0.931140
0.954550
0.304204
0.604161
0.141775
0.173121
0.943820
0.578291
0.518756
0.677088
0.657156
0.084347
0.196483
0.938036
0.607599
0.850439
0.370619
0.909596
0.260532
0.330487
0.090028
0.228783
0.264027
0.639312
0.237031
0.623025
0.481590
0.334537
0.262189
0.989482
0.592379
0.004289
0.276295
0.329219
0.974727
0.677286
0.657557
0.258413
0.325383
0.208570
0.408829
0.001446
0.447374
0.540089
0.398151
0.775085
0.843137
0.355276
0.682403
0.587102
0.078058
0.889696
0.492113
0.844136
0.905951
0.509109
0.835849
0.549100
0.867498
0.089781
0.052447
0.384280
0.652150
0.935627
0.032772
0.848018
0.042434
0.129346
0.080821
0.925429
0.497684
0.261084
0.864718
0.221412
0.564553
0.813409
0.296265
0.120879
0.678819
0.245425
0.194943
0.529808
0.823186
0.635451
0.757147
0.113862
0.877470
0.469434
0.229330
0.320696
0.710628
0.643823
0.137112
0.839021
0.660706
0.564178
0.360226
0.612461
0.492748
0.425883
0.471725
0.049284
0.351707
0.656794
0.831848
0.219504
0.195211
0.363869
0.992371
0.537365
0.428946
0.471296
0.122639
0.727894
0.626971
0.565565
0.307503
0.668543
0.623610
0.006509
0.130333
0.487736
0.657838
0.340572
0.678657
0.957613
0.552260
0.915346
0.779718
0.714027
0.955772
0.779530
0.469680
0.007838
0.982487
0.630584
0.550972
0.982084
0.072181
0.898907
0.022454
0.683464
0.683794
0.921911
0.648155
0.066754
0.539854
0.937990
0.230913
0.909798
0.264194
0.927420
0.092866
0.206414
0.518316
0.737501
0.947501
0.986088
0.434991
0.779908
0.937234
0.473381
0.485195
0.690757
0.062239
0.756372
0.781976
0.744171
0.043365
0.001674
0.529880
0.538607
0.644382
0.412211
0.350720
0.296206
0.473043
0.361155
0.957049
0.278358
0.930213
0.098637
0.176945
0.808577
0.471893
0.373929
0.152831
0.674705
0.177813
0.860914
0.309888
0.458376
0.316420
0.144449
0.005156
0.297200
0.490702
0.804608
0.887373
0.645105
0.920251
0.019110
0.602546
0.664054
0.637068
0.645232
0.425736
0.595440
0.067598
0.604223
0.461894
0.946106
0.659817
0.096149
0.686054
0.940257
0.457364
0.853069
0.155953
0.777558
0.685034
0.784648
0.270060
0.876439
0.400542
0.583331
0.925083
0.031593
0.792452
0.596073
0.484930
0.071867
0.016431
0.605546
0.665442
0.949284
0.111354
0.524576
0.995555
0.736681
0.119915
0.931285
0.587171
0.759208
0.448897
0.256538
0.356215
0.267254
0.682459
0.286627
0.831244
0.892961
0.745122
0.828931
0.680515
0.571505
0.783663
0.382061
0.422501
0.088291
0.479993
0.789808
0.469223
0.605058
0.348142
0.084296
0.119029
0.076834
0.832614
0.341874
0.970104
0.787401
0.684182
0.798544
0.994402
0.177489
0.911296
0.972505
0.392132
0.825612
0.906054
0.001671
0.959413
0.959184
0.735507
0.064829
0.838408
0.050342
0.731033
0.967206
0.893805
0.198381
0.856723
0.944417
0.957890
0.664685
0.895130
0.292522
0.616111
0.636880
0.555069
0.744862
0.045507
0.321157
0.528179
0.876607
0.571106
0.544540
0.442148
0.372971
0.643493
0.175456
0.269400
0.503655
0.859447
0.809301
0.037777
0.720520
0.613758
0.017801
0.688704
0.163317
0.073004
0.213397
0.469412
0.104465
0.161843
0.253538
0.706943
0.682769
0.331942
0.709966
0.867834
0.721228
0.397535
0.394363
0.180000
0.158852
0.946024
0.888227
0.301223
0.673142
0.715414
0.329920
0.627033
0.060370
0.242701
0.408224
0.202070
0.866319
0.570630
0.976643
0.242364
0.721215
0.318437
0.997622
0.197409
0.789214
0.110941
0.946658
0.833444
0.264337
0.777309
0.633338
0.052667
0.859819
0.605528
0.644167
0.174000
0.784640
0.922321
0.779786
0.082991
0.676921
0.684348
0.680161
0.451887
0.875743
0.359967
0.023323
0.873198
0.127051
0.068794
0.698454
0.025382
0.311126
0.567450
0.128984
0.478560
0.883711
0.735140
0.626910
0.579538
0.884504
0.654579
0.450860
0.453449
0.389180
0.306777
0.007408
0.995946
0.077368
0.328751
0.751520
0.073400
0.931663
0.919470
0.416472
0.814638
0.353479
0.941506
0.828647
0.978476
0.921766
0.845846
0.065654
0.076083
0.480659
0.459047
0.908548
0.171854
0.932208
0.801107
0.466632
0.584123
0.349586
0.256717
0.546528
0.857382
0.493443
0.081391
0.560677
0.227403
0.297373
0.788788
0.773090
0.993378
0.035275
0.509521
0.945492
0.937261
0.950546
0.430046
0.442731
0.677279
0.730798
0.579798
0.784605
0.144234
0.077623
0.124512
0.178598
0.556775
0.333936
0.204302
0.655395
0.223258
0.885845
0.909272
0.961580
0.387897
0.405559
0.067615
0.981469
0.389329
0.609670
0.907733
0.286390
0.629050
0.595654
0.795132
0.803499
0.820808
0.120502
0.006757
0.900005
0.572317
0.890172
0.932138
0.469806
0.446750
0.637699
0.145993
0.449322
0.969386
0.941219
0.116534
0.373849
0.837549
0.440242
0.955333
0.895200
0.409291
0.777874
0.807626
0.130424
0.984890
0.766540
0.377784
0.299028
0.848677
0.342476
0.506607
0.565807
0.447402
0.846669
0.910188
0.555789
0.682624
0.413345
0.571363
0.599188
0.372619
0.236940
0.183061
0.834077
0.575121
0.559930
0.488978
0.513658
0.283754
0.321028
0.783448
0.888809
0.943077
0.830042
0.823799
0.254669
0.241497
0.004964
0.501077
0.036391
0.506310
0.891325
0.007178
0.252255
0.056455
0.265151
0.548177
0.424890
0.678272
0.340299
0.676973
0.840494
0.637049
0.309133
0.767233
0.293259
0.778306
0.852295
0.410669
0.643540
0.310606
0.678185
0.398524
0.193955
0.096054
0.774295
0.425440
0.312248
0.052056
0.658891
0.630697
0.652310
0.732166
0.660167
0.141733
0.728783
0.995096
0.877690
0.902724
0.453785
0.876795
0.113978
0.423938
0.248763
0.384829
0.927985
0.764469
0.686762
0.768385
0.142035
0.822457
0.721389
0.258859
0.323706
0.035681
0.823801
0.000093
0.018044
0.245982
0.917651
0.615447
0.986361
0.029654
0.498317
0.109721
0.438166
0.191007
0.605110
0.642828
0.854375
0.727840
0.226401
0.501344
0.484060
0.947635
0.834903
0.742911
0.054169
0.005629
0.135030
0.702881
0.621860
0.086439
0.052504
0.585545
0.391722
0.317085
0.788197
0.763651
0.643830
0.010657
0.408430
0.276206
0.711465
0.647833
0.451496
0.239523
0.106845
0.431242
0.128500
0.910398
0.926184
0.040359
0.603492
0.700549
0.438087
0.289252
0.005354
0.322211
0.247208
0.584910
0.188708
0.027062
0.463296
0.910849
0.993894
0.712458
0.338472
0.451747
0.012352
0.934993
0.666621
0.034638
0.532918
0.063446
0.781149
0.316906
0.800922
0.189723
0.013590
0.799321
0.573628
0.812883
0.367380
0.403722
0.795601
0.830106
0.659922
0.821658
0.372852
0.168626
0.342198
0.326246
0.306877
0.430336
0.328864
0.130431
0.904698
0.698852
0.782113
0.978289
0.439098
0.977135
0.568443
0.951641
0.259030
0.428974
0.836867
0.863219
0.192705
0.333322
0.497500
0.163366
0.628531
0.617005
0.567744
0.504729
0.369627
0.496084
0.015565
0.655747
0.438281
0.663277
0.591383
0.917672
0.143894
0.939355
0.786603
0.842265
0.842678
0.238356
0.682382
0.550681
0.814752
0.254513
0.610369
0.173002
0.204170
0.684648
0.901068
0.638646
0.133620
0.072145
0.067581
0.698805
0.276660
0.062649
0.694654
0.523258
0.688978
0.859943
0.566303
0.527249
0.643623
0.871962
0.770567
0.213666
0.144820
0.647846
0.126928
0.397073
0.506822
0.480116
0.360091
0.266944
0.658562
0.031362
0.421837
0.577227
0.186219
0.638937
0.778538
0.969408
0.553329
0.947522
0.733276
0.869912
0.675024
0.158619
0.945008
0.794956
0.287317
0.705280
0.609205
0.664007
0.295999
0.843831
0.750375
0.205455
0.949438
0.583160
0.081843
0.745992
0.926031
0.174143
0.856477
0.040827
0.915754
0.981819
0.367322
0.929995
0.395634
0.932711
0.672578
0.022867
0.925204
0.637699
0.987348
0.516807
0.528425
0.052595
0.886990
0.266896
0.675907
0.766290
0.244969
0.133725
0.862803
0.359283
0.032352
0.159286
0.104873
0.209532
0.946492
0.642811
0.393904
0.640894
0.132388
0.516447
0.794177
0.711742
0.190349
0.534652
0.688618
0.574237
0.516030
0.592283
0.445738
0.341960
0.941107
0.547936
0.459791
0.475318
0.391680
0.246204
0.084551
0.817941
0.973098
0.172185
0.137934
0.627077
0.749915
0.422677
0.586800
0.068066
0.603052
0.201681
0.149616
0.065061
0.607312
0.025900
0.284529
0.792249
0.434848
0.613153
0.501406
0.173412
0.517141
0.299544
0.772553
0.051471
0.111969
0.738013
0.876598
0.258996
0.654509
0.941652
0.636113
0.027878
0.814435
0.991935
0.779116
0.430666
0.634134
0.398624
0.629250
0.053444
0.946971
0.310292
0.304887
0.613583
0.538258
0.089841
0.864187
0.804977
0.143853
0.917485
0.885630
0.375193
0.420279
0.715862
0.820997
0.206843
0.363374
0.131429
0.833392
0.429918
0.806554
0.298229
0.454650
0.070036
0.461032
0.571439
0.716318
0.223744
0.444375
0.187784
0.363003
0.827339
0.215555
0.398519
0.517052
0.877874
0.738472
0.961033
0.884628
0.899057
0.335550
0.071557
0.164785
0.992267
0.981486
0.900439
0.119344
0.242412
0.497038
0.551135
0.390396
0.375302
0.615684
0.624665
0.207125
0.499977
0.953364
0.924699
0.931261
0.675018
0.363770
0.398625
0.762581
0.868563
0.718893
0.062539
0.908215
0.140279
0.136001
0.710864
0.142443
0.359807
0.756657
0.143554
0.711784
0.336923
0.158879
0.857103
0.222574
0.517240
0.997551
0.712991
0.968221
0.584346
0.777539
0.513939
0.578723
0.891944
0.384891
0.351353
0.108026
0.162195
0.859541
0.625546
0.401834
0.659921
0.473124
0.044412
0.730504
0.964732
0.672100
0.358835
0.133946
0.689150
0.413164
0.948766
0.347609
0.252149
0.517890
0.408908
0.684762
0.132834
0.429319
0.445584
0.198662
0.463508
0.296365
0.556749
0.181747
0.237635
0.133961
0.167228
0.654747
0.715191
0.508166
0.094964
0.518117
0.511789
0.236055
0.067136
0.277418
0.611652
0.039485
0.545011
0.493372
0.697745
0.378399
0.582879
0.861060
0.341955
0.351355
0.990710
0.090050
0.137578
0.985852
0.515514
0.771593
0.726002
0.455680
0.347948
0.398129
0.106694
0.123053
0.415374
0.596408
0.908552
0.285384
0.979369
0.885062
0.522416
0.445117
0.025166
0.541265
0.777041
0.760421
0.245448
0.114679
0.108837
0.378456
0.685743
0.149588
0.900900
0.014444
0.859703
0.642214
0.617897
0.691390
0.558152
0.777954
0.855513
0.878798
0.285953
0.655510
0.068923
0.605375
0.057559
0.838727
0.203104
0.821052
0.879353
0.993945
0.174932
0.557667
0.030405
0.116698
0.155811
0.104669
0.030583
0.456932
0.173827
0.654949
0.935600
0.481233
0.042852
0.974436
0.223934
0.812833
0.176127
0.754880
0.613860
0.048831
0.144129
0.179182
0.665125
0.636938
0.878208
0.978789
0.146239
0.303133
0.236809
0.118837
0.973598
0.043646
0.071088
0.293634
0.813663
0.850342
0.329327
0.347261
0.366598
0.533288
0.799565
0.605123
0.273786
0.377646
0.528955
0.075333
0.788777
0.548037
0.295108
0.576292
0.769690
0.990630
0.804495
0.700653
0.561111
0.924138
0.918173
0.127097
0.476987
0.432840
0.564855
0.240757
0.336843
0.239200
0.301706
0.280506
0.981585
0.736516
0.477168
0.866129
0.459745
0.083575
0.687351
0.699304
0.359904
0.618208
0.794823
0.517328
0.221382
0.533866
0.089498
0.905278
0.406541
0.416348
0.656181
0.847434
0.009158
0.574393
0.409542
0.788659
0.221403
0.570015
0.348949
0.456566
0.925816
0.898947
0.953850
0.600663
0.629045
0.559046
0.413107
0.579575
0.143651
0.430458
0.983667
0.175690
0.757457
0.865250
0.676952
0.051105
0.033090
0.020207
0.943804
0.652180
0.551792
0.872931
0.886274
0.504045
0.975399
0.131006
0.879227
0.452359
0.040487
0.704039
0.495842
0.357979
0.733131
0.870272
0.254721
0.741056
0.807013
0.779177
0.445310
0.223581
0.309578
0.519209
0.942618
0.012490
0.349961
0.410353
0.338344
0.886991
0.379818
0.703339
0.537132
0.851374
0.837401
0.964736
0.384187
0.045034
0.621100
0.567368
0.391131
0.280914
0.178473
0.090858
0.745063
0.437744
0.609159
0.753938
0.852258
0.445225
0.345889
0.169574
0.560752
0.968969
0.379667
0.641061
0.100099
0.677406
0.487514
0.541753
0.893357
0.818946
0.280413
0.167057
0.754654
0.276967
0.563471
0.173072
0.150683
0.434559
0.359887
0.664605
0.038672
0.561529
0.037151
0.243434
0.205878
0.633559
0.251864
0.437018
0.732474
0.967665
0.534303
0.694418
0.433860
0.878401
0.323137
0.340160
0.459675
0.154457
0.363848
0.032835
0.231771
0.063406
0.752971
0.382403
0.985796
0.210830
0.367291
0.671851
0.281122
0.915810
0.207928
0.322832
0.199027
0.183892
0.730634
0.793285
0.843466
0.336826
0.864611
0.434414
0.273498
0.230529
0.153391
0.135596
0.759359
0.703222
0.715459
0.004113
0.190185
0.748148
0.123837
0.251723
0.542073
0.312956
0.369132
0.765981
0.309144
0.862977
0.997838
0.639322
0.022928
0.790272
0.927098
0.305997
0.049088
0.645515
0.120614
0.723122
0.414310
0.366256
0.981941
0.538975
0.936343
0.382687
0.366528
0.964988
0.409353
0.520152
0.340502
0.638127
0.335059
0.164981
0.201482
0.391960
0.033961
0.504856
0.726336
0.296874
0.064069
0.944292
0.695754
0.565901
0.407271
0.786842
0.461098
0.920310
0.843145
0.084418
0.832077
0.470578
0.350815
0.406318
0.963314
0.280207
0.092387
0.261115
0.964543
0.962842
0.914613
0.707812
0.835640
0.322740
0.033358
0.372314
0.388361
0.324285
0.360065
0.804415
0.338054
0.192147
0.309072
0.891591
0.678786
0.058097
0.954965
0.520776
0.164559
0.126281
0.452285
0.839158
0.749486
0.403029
0.095134
0.410521
0.654822
0.691572
0.487579
0.254635
0.466394
0.082244
0.770093
0.763106
0.879835
0.855150
0.752535
0.734559
0.132548
0.569504
0.236889
0.303194
0.441983
0.640950
0.666842
0.245039
0.232700
0.638529
0.956597
0.542491
0.325098
0.584340
0.665504
0.036201
0.493436
0.163513
0.382224
0.469556
0.718872
0.886391
0.843358
0.070003
0.575314
0.059686
0.064658
0.457437
0.424683
0.074135
0.032905
0.926725
0.568004
0.892452
0.764972
0.932066
0.226213
0.097209
0.056041
0.677897
0.907664
0.042039
0.826858
0.476204
0.478357
0.134053
0.752550
0.704635
0.377779
0.387740
0.972113
0.644268
0.131832
0.942334
0.094296
0.900327
0.490427
0.271725
0.935030
0.832769
0.468435
0.368567
0.243844
0.125309
0.774430
0.017052
0.948263
0.089117
0.973359
0.630919
0.809802
0.178628
0.320090
0.507898
0.033110
0.748417
0.016003
0.206938
0.788469
0.918232
0.347211
0.292195
0.331386
0.263478
0.349654
0.594500
0.762454
0.495845
0.573830
0.337735
0.343962
0.537539
0.872977
0.869521
0.851704
0.976522
0.767597
0.962465
0.912724
0.482382
0.622668
0.838020
0.680948
0.885334
0.059961
0.568106
0.098153
0.406250
0.586696
0.672865
0.239885
0.464852
0.395337
0.633339
0.763896
0.186648
0.641461
0.237100
0.968465
0.637034
0.873147
0.968749
0.682620
0.002403
0.723791
0.825976
0.699441
0.841868
0.720138
0.500335
0.324142
0.687441
0.250090
0.808873
0.233931
0.072545
0.203611
0.831783
0.177231
0.525606
0.790031
0.620059
0.312991
0.543186
0.963198
0.537896
0.490685
0.531392
0.091101
0.733731
0.579323
0.510071
0.999551
0.562410
0.697188
0.955830
0.732876
0.664111
0.797971
0.821063
0.912813
0.233127
0.505164
0.919841
0.966317
0.655335
0.123482
0.790347
0.931985
0.265658
0.709240
0.709196
0.663446
0.568688
0.563255
0.986849
0.818269
0.704242
0.179132
0.365824
0.766674
0.536234
0.992906
0.484631
0.861250
0.043992
0.239694
0.779547
0.184639
0.230195
0.129238
0.052293
0.916241
0.793560
0.751554
0.522376
0.732793
0.096415
0.759993
0.655855
0.754360
0.470649
0.642164
0.174391
0.462097
0.618053
0.266854
0.515815
0.913924
0.474886
0.421314
0.865758
0.558028
0.612162
0.059205
0.794036
0.752453
0.453537
0.343054
0.203812
0.924758
0.717070
0.961000
0.789825
0.503100
0.665136
0.347661
0.667200
0.595695
0.602533
0.861608
0.297032
0.837542
0.454540
0.732725
0.930933
0.231703
0.027369
0.053822
0.515194
0.729375
0.280038
0.661590
0.436745
0.182215
0.680829
0.638280
0.617742
0.297789
0.779074
0.120328
0.842546
0.892013
0.774226
0.173345
0.758955
0.790796
0.123755
0.781113
0.772795
0.837875
0.598372
0.393032
0.948846
0.940522
0.400744
0.420257
0.548477
0.674365
0.730134
0.302913
0.841352
0.590071
0.952278
0.073397
0.300956
0.856931
0.257958
0.294930
0.066171
0.752209
0.535932
0.988207
0.068300
0.693080
0.301474
0.096906
0.288301
0.114604
0.800429
0.656727
0.135768
0.548780
0.224318
0.391067
0.701782
0.454613
0.933171
0.774793
0.013985
0.807342
0.282100
0.798193
0.155381
0.468576
0.412318
0.885274
0.048914
0.141909
0.008925
0.630082
0.567891
0.156349
0.592150
0.714707
0.727070
0.720304
0.426210
0.362815
0.719441
0.131275
0.365095
0.809635
0.277510
0.112337
0.156504
0.176858
0.902681
0.049047
0.377180
0.019374
0.178962
0.914808
0.742833
0.147339
0.283905
0.765908
0.225854
0.656099
0.656060
0.448291
0.910587
0.748905
0.159131
0.847365
0.739982
0.791088
0.192951
0.312430
0.164273
0.264365
0.593895
0.653107
0.831509
0.117636
0.505679
0.112802
0.985436
0.454864
0.207941
0.422041
0.516630
0.126578
0.296533
0.292570
0.990869
0.461663
0.107234
0.573348
0.531515
0.999544
0.464169
0.715967
0.721717
0.365631
0.175651
0.825233
0.513491
0.627992
0.262640
0.458311
0.264395
0.130387
0.117450
0.712498
0.983246
0.512756
0.190546
0.158585
0.653221
0.798543
0.789046
0.657336
0.347022
0.989261
0.148366
0.285758
0.972462
0.797857
0.474859
0.914721
0.839906
0.257750
0.627612
0.758879
0.262023
0.045109
0.846943
0.474522
0.752239
0.075798
0.389781
0.543582
0.736251
0.210359
0.401826
0.356950
0.420786
0.692041
0.256167
0.124040
0.449384
0.022760
0.190449
0.686202
0.324738
0.665527
0.261438
0.119483
0.383928
0.861451
0.648296
0.469145
0.203741
0.624226
0.524452
0.778295
0.999766
0.081065
0.292789
0.141636
0.411073
0.769192
0.759150
0.640299
0.562092
0.571222
0.983693
0.674560
0.729698
0.027551
0.386414
0.309226
0.065285
0.942911
0.339795
0.354913
0.612370
0.197910
0.714647
0.022464
0.287579
0.471993
0.771270
0.274243
0.259073
0.215957
0.632396
0.544058
0.447966
0.511087
0.422152
0.067517
0.115999
0.795965
0.700692
0.839553
0.091986
0.505918
0.121022
0.549966
0.269913
0.175591
0.445838
0.017633
0.207121
0.020766
0.210489
0.597691
0.820148
0.506774
0.035264
0.143621
0.161253
0.289949
0.867238
0.909833
0.637619
0.594738
0.369582
0.743793
0.869210
0.768331
0.234417
0.175829
0.966159
0.190023
0.943390
0.127050
0.622638
0.953651
0.366791
0.650765
0.086098
0.885147
0.615384
0.051881
0.267528
0.397032
0.636604
0.215113
0.743452
0.857933
0.685230
0.761643
0.881441
0.305316
0.864268
0.662081
0.250175
0.237724
0.400212
0.000092
0.789047
0.469937
0.022974
0.216600
0.081891
0.748615
0.208993
0.301658
0.659815
0.431860
0.920023
0.144408
0.439118
0.505548
0.742943
0.627383
0.555777
0.810635
0.780139
0.757998
0.596430
0.404497
0.637301
0.287519
0.140002
0.587961
0.147250
0.168121
0.941124
0.457199
0.905031
0.055663
0.817977
0.842177
0.981143
0.765337
0.398890
0.673784
0.645572
0.436923
0.364356
0.979916
0.254175
0.645550
0.458592
0.693344
0.408757
0.203983
0.586559
0.904716
0.750616
0.016753
0.241701
0.302922
0.541029
0.560040
0.794473
0.799675
0.137454
0.041150
0.014047
0.269567
0.316647
0.626448
0.282040
0.282307
0.710443
0.577613
0.208462
0.538034
0.600929
0.385559
0.681787
0.614535
0.522872
0.893880
0.416546
0.818404
0.205654
0.735558
0.927369
0.419353
0.877020
0.616190
0.916156
0.903295
0.978593
0.934267
0.651977
0.967945
0.399440
0.975986
0.128414
0.713553
0.019696
0.422713
0.161991
0.557147
0.131211
0.799116
0.943869
0.074218
0.235849
0.826901
0.655516
0.796910
0.242980
0.662417
0.122156
0.569231
0.734142
0.837588
0.104478
0.770997
0.132089
0.215818
0.952850
0.513821
0.310469
0.662976
0.186721
0.021447
0.775297
0.835098
0.067380
0.117635
0.515850
0.838102
0.841075
0.138383
0.295556
0.531174
0.712766
0.289639
0.477195
0.357327
0.423633
0.411566
0.755023
0.396268
0.937588
0.257498
0.812334
0.372699
0.067507
0.518631
0.208941
0.815591
0.998987
0.239548
0.610953
0.071060
0.691087
0.587255
0.046238
0.215106
0.876668
0.816682
0.553671
0.806662
0.161389
0.174571
0.602661
0.251739
0.075743
0.404380
0.810844
0.123653
0.399297
0.756923
0.960949
0.081866
0.914932
0.321801
0.400727
0.954172
0.712584
0.216637
0.750047
0.667139
0.230009
0.395290
0.193512
0.022909
0.360320
0.549775
0.621533
0.993741
0.874552
0.817823
0.723306
0.327840
0.288846
0.599885
0.916427
0.591852
0.570946
0.113843
0.414469
0.499492
0.134722
0.047593
0.839232
0.846665
0.554224
0.530633
0.741814
0.867422
0.964106
0.154400
0.228550
0.290458
0.059758
0.992789
0.225994
0.182755
0.810807
0.871386
0.754788
0.357288
0.032924
0.915524
0.016025
0.159443
0.886727
0.879557
0.085465
0.967568
0.484797
0.675509
0.130169
0.304585
0.368748
0.928380
0.237326
0.789318
0.682569
0.384573
0.214551
0.909444
0.915087
0.482609
0.981926
0.096073
0.846758
0.802076
0.935676
0.567985
0.531951
0.174813
0.787565
0.808485
0.229466
0.755891
0.848608
0.178570
0.097826
0.892058
0.365429
0.567352
0.368819
0.319922
0.776930
0.067100
0.758020
0.500012
0.441458
0.540306
0.954354
0.217697
0.403662
0.646227
0.526101
0.226299
0.897984
0.112665
0.096565
0.487068
0.904150
0.895425
0.771640
0.587211
0.920350
0.654899
0.870910
0.350191
0.052569
0.910511
0.835194
0.447983
0.243688
0.194942
0.802532
0.485887
0.302950
0.828896
0.791746
0.356585
0.023761
0.053052
0.472554
0.498205
0.883783
0.588144
0.382821
0.684592
0.253222
0.320179
0.660230
0.315374
0.952064
0.220592
0.355304
0.345968
0.010860
0.477765
0.387388
0.537583
0.328231
0.725619
0.881473
0.945664
0.166350
0.467687
0.902468
0.379886
0.277783
0.993765
0.390057
0.134723
0.466761
0.125494
0.031134
0.828272
0.218461
0.783298
0.012151
0.717171
0.203514
0.088381
0.428848
0.942322
0.113697
0.369915
0.938576
0.666229
0.899698
0.081297
0.097886
0.897085
0.663636
0.204145
0.296822
0.663492
0.667625
0.870347
0.077256
0.359716
0.224350
0.718632
0.685960
0.074465
0.065200
0.152129
0.478547
0.143112
0.673987
0.328851
0.256950
0.417464
0.427145
0.220903
0.024197
0.769203
0.201384
0.665920
0.193536
0.370140
0.763347
0.422469
0.946780
0.608740
0.218307
0.169043
0.635443
0.188971
0.401535
0.164366
0.528822
0.642342
0.290780
0.347728
0.490883
0.091864
0.605203
0.606530
0.702316
0.609260
0.148080
0.300309
0.209355
0.672552
0.420194
0.104747
0.985481
0.375739
0.459781
0.445395
0.428555
0.777804
0.994516
0.021257
0.611475
0.764017
0.171849
0.886751
0.470695
0.484480
0.575959
0.652607
0.999666
0.835974
0.762096
0.389739
0.943813
0.863309
0.320792
0.754325
0.734723
0.722083
0.813405
0.598787
0.202686
0.109794
0.944258
0.465257
0.952157
0.526765
0.809974
0.870509
0.141734
0.359965
0.109817
0.351366
0.481134
0.625421
0.037396
0.935928
0.728804
0.089753
0.289036
0.799567
0.266245
0.796360
0.911749
0.537908
0.844031
0.421560
0.627742
0.096647
0.479580
0.102496
0.975948
0.216232
0.361961
0.930167
0.126514
0.226562
0.342858
0.253128
0.183437
0.532915
0.007928
0.652406
0.184800
0.711403
0.006500
0.335323
0.939899
0.244172
0.331165
0.961090
0.267901
0.707052
0.878439
0.307294
0.692995
0.233122
0.167438
0.763512
0.134781
0.044058
0.560102
0.492903
0.648223
0.418624
0.212993
0.128334
0.712135
0.977493
0.030417
0.506815
0.445824
0.350807
0.799377
0.932061
0.316321
0.076542
0.920814
0.574017
0.359260
0.792698
0.645241
0.447274
0.509764
0.945322
0.645121
0.085348
0.770112
0.269957
0.266476
0.969663
0.432134
0.320933
0.787870
0.452362
0.337328
0.347137
0.850080
0.599418
0.969042
0.542957
0.512973
0.890284
0.410615
0.258960
0.739917
0.154856
0.612256
0.430637
0.831824
0.666981
0.838313
0.488989
0.244056
0.902208
0.325345
0.239707
0.365813
0.608821
0.389464
0.945696
0.253643
0.335317
0.157408
0.600321
0.752887
0.250961
0.547846
0.537282
0.162301
0.632510
0.745003
0.160790
0.081183
0.960031
0.442598
0.191726
0.792795
0.655262
0.208566
0.078823
0.684889
0.641372
0.155639
0.707417
0.474273
0.434283
0.284634
0.512692
0.308440
0.270909
0.590410
0.252316
0.068600
0.013493
0.838829
0.869266
0.034733
0.463413
0.499588
0.856000
0.618390
0.290879
0.177075
0.764076
0.481514
0.604358
0.151202
0.859007
0.382074
0.107567
0.813694
0.440570
0.597179
0.731728
0.463234
0.997826
0.332881
0.292448
0.565013
0.781467
0.933175
0.357086
0.256052
0.611442
0.728873
0.669558
0.015810
0.024608
0.534803
0.761875
0.560175
0.356741
0.110218
0.178916
0.553392
0.868930
0.575643
0.995377
0.673664
0.815193
0.047631
0.248869
0.280317
0.823212
0.562966
0.834897
0.889019
0.462095
0.152460
0.389010
0.201711
0.410951
0.362383
0.346715
0.503829
0.652271
0.264148
0.647580
0.136873
0.199241
0.429653
0.407984
0.892477
0.552504
0.354855
0.095787
0.827291
0.567757
0.495942
0.615220
0.048049
0.321073
0.533748
0.863786
0.704433
0.675949
0.530008
0.414179
0.104189
0.298655
0.595050
0.459149
0.740606
0.222278
0.096650
0.038869
0.915960
0.532463
0.834165
0.148399
0.734912
0.318848
0.245427
0.944107
0.816877
0.606844
0.355240
0.075806
0.283786
0.127977
0.797055
0.856473
0.176110
0.498708
0.811301
0.530887
0.551795
0.824310
0.347030
0.352689
0.355412
0.014992
0.454613
0.357152
0.793367
0.956762
0.476912
0.002373
0.109720
0.302003
0.530193
0.919411
0.379800
0.389101
0.553386
0.583815
0.388399
0.942850
0.419431
0.315533
0.858390
0.696212
0.103581
0.696830
0.875990
0.279279
0.533538
0.630837
0.311693
0.185089
0.082297
0.255941
0.461866
0.808102
0.768081
0.989366
0.994948
0.595317
0.392679
0.850069
0.147569
0.810033
0.360115
0.956081
0.908336
0.013330
0.786527
0.801577
0.688660
0.770097
0.238460
0.487584
0.608268
0.607958
0.753832
0.947961
0.524770
0.643898
0.425455
0.116268
0.178072
0.461752
0.213279
0.703646
0.277125
0.612925
0.735010
0.383870
0.863419
0.033359
0.736349
0.837291
0.287123
0.654648
0.917093
0.715166
0.431539
0.640665
0.677297
0.621665
0.332683
0.029555
0.522777
0.941159
0.835749
0.802705
0.939703
0.578603
0.790865
0.657395
0.106760
0.543362
0.258000
0.320304
0.187414
0.950733
0.115885
0.318748
0.945813
0.396863
0.062140
0.611168
0.103615
0.284570
0.570962
0.675662
0.231837
0.339660
0.619290
0.044637
0.816400
0.106286
0.690543
0.256479
0.697283
0.289298
0.364170
0.844544
0.842625
0.611871
0.956251
0.795068
0.848439
0.865155
0.807474
0.545636
0.853959
0.577587
0.645534
0.653569
0.418602
0.555778
0.564286
0.999725
0.239968
0.324546
0.756293
0.490347
0.308457
0.395462
0.762305
0.532259
0.832698
0.542928
0.323860
0.861259
0.154968
0.882844
0.466070
0.048231
0.265614
0.096779
0.328549
0.062404
0.762906
0.486563
0.994578
0.678332
0.266941
0.589504
0.742571
0.236439
0.944613
0.539104
0.219705
0.942010
0.733299
0.473108
0.084446
0.572139
0.843922
0.619752
0.111471
0.383571
0.694205
0.830928
0.137136
0.328245
0.569133
0.671134
0.943722
0.210727
0.261415
0.653992
0.242949
0.407764
0.927756
0.081122
0.689975
0.631951
0.359199
0.465367
0.813859
0.297764
0.242228
0.792937
0.224131
0.349775
0.452579
0.524749
0.390221
0.372306
0.631101
0.181097
0.994502
0.021648
0.630179
0.567253
0.743935
0.832534
0.764207
0.949401
0.862021
0.448200
0.256739
0.095787
0.153971
0.928048
0.943104
0.669447
0.784752
0.790769
0.987515
0.655544
0.082732
0.567585
0.419591
0.784244
0.990735
0.255786
0.232653
0.272138
0.051075
0.984597
0.145402
0.951271
0.209962
0.413088
0.174300
0.331509
0.547907
0.774731
0.645165
0.492903
0.433699
0.638502
0.172594
0.620235
0.317080
0.367318
0.422525
0.459416
0.535600
0.088005
0.848850
0.028996
0.339936
0.831819
0.245821
0.390847
0.924016
0.121530
0.305112
0.549915
0.276157
0.852846
0.815010
0.288792
0.198617
0.198960
0.828948
0.670159
0.038658
0.733680
0.685531
0.577765
0.556897
0.969110
0.040709
0.079611
0.560137
0.408391
0.917580
0.948064
0.437345
0.564497
0.767660
0.769611
0.659426
0.656471
0.730809
0.928125
0.596044
0.000393
0.975265
0.102703
0.235178
0.021559
0.474709
0.834179
0.492134
0.056223
0.850576
0.279967
0.802460
0.337157
0.473979
0.388540
0.505071
0.090543
0.616054
0.823003
0.644698
0.257408
0.775944
0.785202
0.122819
0.907860
0.854319
0.221755
0.578992
0.779818
0.513623
0.312438
0.825043
0.056304
0.045206
0.777332
0.527136
0.429458
0.503304
0.816930
0.939125
0.789619
0.656167
0.890654
0.747804
0.550538
0.819527
0.312490
0.269254
0.375235
0.485448
0.613162
0.717156
0.021365
0.433119
0.898752
0.790076
0.472112
0.034624
0.185039
0.245741
0.672556
0.559491
0.861265
0.156314
0.937853
0.482971
0.539298
0.488877
0.745999
0.144637
0.374218
0.208537
0.654024
0.350797
0.346783
0.045805
0.883433
0.915326
0.620588
0.052649
0.781889
0.172270
0.117556
0.349724
0.378614
0.637750
0.381802
0.656949
0.277758
0.450405
0.158311
0.026416
0.765922
0.665394
0.230064
0.245509
0.507875
0.837793
0.813421
0.843500
0.250861
0.512192
0.381303
0.070380
0.407277
0.876284
0.388850
0.285439
0.014289
0.061040
0.035236
0.417572
0.825295
0.737254
0.473644
0.671264
0.042334
0.110526
0.641379
0.942958
0.492358
0.231216
0.032860
0.082563
0.847780
0.274237
0.985851
0.644242
0.428500
0.901445
0.648740
0.188613
0.256395
0.777300
0.293663
0.953806
0.593477
0.280933
0.633605
0.343634
0.332964
0.443822
0.684700
0.584737
0.151617
0.375388
0.428379
0.087962
0.516969
0.136681
0.308940
0.878551
0.891550
0.137135
0.734841
0.410535
0.126677
0.097626
0.317495
0.488050
0.101674
0.115684
0.207611
0.824421
0.573054
0.040935
0.500850
0.282521
0.556740
0.610374
0.253582
0.470198
0.901264
0.477884
0.944267
0.384890
0.219146
0.508893
0.551917
0.093843
0.647640
0.592085
0.412585
0.241699
0.800552
0.572641
0.316921
0.846351
0.463869
0.047231
0.382733
0.586691
0.465153
0.225783
0.079035
0.421669
0.517781
0.389098
0.692055
0.087555
0.685439
0.919496
0.855859
0.087593
0.331456
0.202658
0.664121
0.362778
0.584527
0.876311
0.025551
0.671129
0.462515
0.902934
0.310983
0.921827
0.016128
0.471600
0.999141
0.535386
0.273315
0.974749
0.791906
0.416792
0.143958
0.680157
0.916201
0.029423
0.965371
0.631809
0.733401
0.397363
0.386898
0.905471
0.060025
0.805556
0.082743
0.239555
0.283936
0.533466
0.294451
0.117676
0.503868
0.780448
0.808163
0.439023
0.889023
0.011096
0.209019
0.553334
0.658998
0.366913
0.589638
0.720453
0.728411
0.516837
0.457302
0.276089
0.898244
0.922694
0.942804
0.225675
0.556948
0.905277
0.292567
0.661877
0.275373
0.150557
0.675715
0.807313
0.334188
0.291001
0.882817
0.355784
0.551111
0.440876
0.277859
0.840629
0.515180
0.923022
0.306853
0.449790
0.270748
0.873488
0.804061
0.970344
0.205873
0.784498
0.780990
0.551541
0.516229
0.789910
0.266539
0.880066
0.561419
0.414300
0.193657
0.053907
0.177309
0.510105
0.324762
0.295942
0.824185
0.969416
0.473363
0.273552
0.151778
0.899831
0.932875
0.778969
0.260602
0.038440
0.357514
0.203801
0.793920
0.095176
0.568301
0.421889
0.962035
0.176317
0.765282
0.423063
0.183348
0.760227
0.722782
0.346878
0.024650
0.559243
0.207248
0.214681
0.382986
0.791899
0.488459
0.899261
0.016818
0.556075
0.487766
0.187480
0.795423
0.392809
0.316726
0.650269
0.879911
0.378817
0.372986
0.638435
0.011058
0.908621
0.366440
0.758357
0.489365
0.309718
0.908224
0.569799
0.169340
0.770686
0.290725
0.893891
0.027744
0.306204
0.672866
0.662645
0.826141
0.297822
0.837920
0.806032
0.090031
0.057369
0.459208
0.617192
0.635688
0.992961
0.262393
0.703415
0.053729
0.806905
0.653660
0.097449
0.814677
0.320962
0.254766
0.931746
0.702389
0.467379
0.984456
0.063582
0.359122
0.773217
0.908749
0.961722
0.390965
0.729398
0.279527
0.540064
0.331172
0.312772
0.143119
0.449685
0.185003
0.016750
0.451415
0.851086
0.223546
0.050517
0.992513
0.101201
0.392922
0.254735
0.093117
0.056831
0.443438
0.228592
0.269576
0.254306
0.741733
0.503934
0.829479
0.745123
0.335651
0.281479
0.283599
0.504369
0.121330
0.565321
0.923249
0.472616
0.886416
0.908348
0.577181
0.316632
0.341060
0.685112
0.583159
0.008071
0.314767
0.722051
0.012535
0.415177
0.704554
0.478958
0.963372
0.107428
0.167544
0.140759
0.002950
0.798655
0.414890
0.155030
0.979396
0.846294
0.286995
0.757551
0.242522
0.513349
0.871936
0.044263
0.795038
0.550069
0.116655
0.461372
0.938642
0.813186
0.817298
0.343512
0.158240
0.095391
0.251600
0.089592
0.296848
0.054078
0.019574
0.843532
0.680595
0.808685
0.923350
0.368013
0.846500
0.606492
0.773704
0.248715
0.666121
0.358509
0.237623
0.338464
0.128383
0.225438
0.912994
0.499168
0.199334
0.928058
0.454838
0.387257
0.291678
0.691067
0.300924
0.278239
0.900919
0.562560
0.418678
0.369580
0.267874
0.125858
0.882207
0.629748
0.051290
0.913462
0.397197
0.175497
0.403077
0.205892
0.328575
0.319183
0.668058
0.647194
0.103921
0.402575
0.737745
0.513989
0.114588
0.251830
0.602934
0.550958
0.513025
0.588220
0.524300
0.531498
0.502319
0.908227
0.796839
0.851369
0.273134
0.711656
0.068138
0.233315
0.401078
0.373600
0.498957
0.463949
0.058462
0.401076
0.566456
0.937212
0.399377
0.122856
0.516243
0.812351
0.073920
0.475788
0.301911
0.963858
0.441152
0.276437
0.414381
0.495845
0.152539
0.116333
0.324521
0.787903
0.636823
0.564803
0.039400
0.442008
0.448947
0.087315
0.625294
0.703306
0.562043
0.730507
0.771206
0.258685
0.641827
0.038319
0.768984
0.587579
0.103098
0.556808
0.555965
0.295219
0.811245
0.977616
0.010950
0.129919
0.457666
0.140462
0.993817
0.437555
0.753356
0.551430
0.074491
0.887193
0.293229
0.423792
0.581610
0.895265
0.435493
0.768380
0.010132
0.749557
0.302744
0.367364
0.627358
0.190653
0.578769
0.284319
0.897202
0.833972
0.478206
0.479537
0.363845
0.231024
0.983283
0.307091
0.580677
0.479167
0.347567
0.722889
0.393313
0.734832
0.182691
0.593841
0.162599
0.889648
0.189007
0.089957
0.793402
0.390829
0.330328
0.895338
0.587543
0.069075
0.848884
0.381951
0.006496
0.956482
0.878263
0.552357
0.375429
0.994903
0.245718
0.934077
0.020388
0.047827
0.613571
0.768510
0.362610
0.516428
0.942382
0.209793
0.327664
0.637576
0.962824
0.371986
0.213545
0.207394
0.312236
0.333783
0.724425
0.261683
0.166183
0.635509
0.460466
0.372136
0.812218
0.749679
0.176001
0.636741
0.956709
0.949409
0.917320
0.590691
0.707003
0.273462
0.738010
0.811467
0.758398
0.837033
0.496895
0.593645
0.263084
0.867253
0.875649
0.115182
0.138127
0.964801
0.736384
0.881470
0.950263
0.480610
0.472295
0.024589
0.312173
0.431065
0.706788
0.345889
0.550263
0.297677
0.360546
0.647320
0.917081
0.718503
0.445391
0.212322
0.278293
0.688517
0.344522
0.816590
0.007629
0.264121
0.608194
0.902775
0.073155
0.091622
0.411764
0.805969
0.341323
0.639014
0.690531
0.917491
0.105079
0.952102
0.156320
0.406671
0.449241
0.836887
0.909227
0.551532
0.287729
0.706232
0.351566
0.561911
0.777281
0.145909
0.678514
0.198917
0.161921
0.638014
0.122090
0.923777
0.309754
0.522814
0.544552
0.152270
0.943381
0.237126
0.268425
0.587708
0.558956
0.301262
0.469741
0.179905
0.795410
0.460070
0.996695
0.868089
0.619797
0.448273
0.478171
0.755100
0.499663
0.037560
0.597189
0.305584
0.147730
0.433184
0.887378
0.623778
0.654271
0.681153
0.501666
0.142770
0.621142
0.092865
0.659220
0.427151
0.328353
0.720818
0.628639
0.269244
0.096083
0.665054
0.804057
0.344844
0.745528
0.352627
0.999163
0.120807
0.851601
0.418481
0.267500
0.191834
0.056324
0.291937
0.272643
0.219449
0.858161
0.034052
0.317920
0.089039
0.590453
0.212400
0.112881
0.961785
0.879523
0.085699
0.135461
0.732684
0.154702
0.904869
0.149135
0.903207
0.240183
0.632575
0.079724
0.411567
0.960787
0.612697
0.745146
0.143455
0.855845
0.066122
0.983362
0.264150
0.629761
0.491154
0.831127
0.496418
0.033643
0.956135
0.782728
0.828906
0.425687
0.598660
0.689409
0.922917
0.801691
0.709236
0.854312
0.721640
0.421036
0.256210
0.813980
0.219818
0.124286
0.391336
0.577077
0.272499
0.689868
0.008859
0.787344
0.192284
0.299464
0.072399
0.885929
0.173201
0.862120
0.789335
0.535154
0.488062
0.119818
0.527518
0.920408
0.621494
0.453419
0.218801
0.329803
0.943649
0.005416
0.072542
0.305320
0.105154
0.309608
0.283508
0.518650
0.681795
0.289322
0.725666
0.126389
0.841861
0.273750
0.898546
0.150802
0.308219
0.151661
0.768180
0.284115
0.984032
0.795668
0.111087
0.468363
0.382555
0.357356
0.128171
0.622920
0.009249
0.660146
0.905513
0.613798
0.884445
0.955586
0.830329
0.040252
0.247178
0.309697
0.751495
0.884575
0.660343
0.445685
0.043051
0.681698
0.242898
0.381396
0.183573
0.439449
0.819998
0.604657
0.010922
0.323267
0.624327
0.064536
0.816994
0.527792
0.753718
0.205634
0.386204
0.130888
0.327980
0.716962
0.289520
0.074082
0.862439
0.234558
0.167306
0.169763
0.442528
0.852712
0.672632
0.804154
0.232246
0.934019
0.615311
0.312594
0.553693
0.132161
0.918022
0.048101
0.343412
0.068653
0.151441
0.565821
0.316752
0.348176
0.896463
0.896633
0.481155
0.215627
0.338966
0.296872
0.044464
0.607825
0.546130
0.523531
0.811222
0.636732
0.622360
0.403039
0.378518
0.959007
0.576128
0.216238
0.098045
0.385221
0.534627
0.113981
0.611588
0.604913
0.068462
0.979938
0.776632
0.741011
0.590518
0.864932
0.944893
0.586543
0.187903
0.497444
0.541480
0.852023
0.058997
0.516614
0.902667
0.394539
0.044130
0.737927
0.786719
0.587349
0.252593
0.130413
0.280200
0.396424
0.554290
0.612075
0.121322
0.079663
0.884408
0.533804
0.376181
0.233882
0.926522
0.769448
0.791640
0.249662
0.425356
0.031066
0.852786
0.456994
0.126258
0.925835
0.170643
0.764551
0.244816
0.828249
0.378537
0.618459
0.397026
0.994127
0.519157
0.385495
0.637194
0.048939
0.239187
0.850552
0.586226
0.771737
0.989060
0.505636
0.625001
0.618748
0.350935
0.591215
0.673792
0.010833
0.321742
0.870721
0.685874
0.791566
0.578038
0.612903
0.517874
0.364623
0.897342
0.008539
0.276552
0.679489
0.943408
0.838911
0.416623
0.963713
0.711136
0.771337
0.221161
0.830944
0.226072
0.606696
0.638888
0.231007
0.493116
0.617007
0.694250
0.677899
0.563365
0.056265
0.599088
0.991897
0.545182
0.820329
0.660853
0.543182
0.018546
0.183997
0.842720
0.978456
0.947541
0.714677
0.236424
0.862769
0.635990
0.808334
0.468956
0.462108
0.581784
0.317569
0.498863
0.335542
0.286447
0.243581
0.045463
0.978730
0.932771
0.290098
0.822892
0.864385
0.603833
0.871585
0.468043
0.933388
0.864845
0.120714
0.813914
0.397580
0.532811
0.038410
0.583941
0.288899
0.520065
0.708005
0.394061
0.118370
0.442950
0.784139
0.732558
0.553157
0.157009
0.145081
0.537450
0.863126
0.420509
0.838759
0.661095
0.884648
0.138384
0.479785
0.564801
0.174973
0.222921
0.085648
0.545054
0.333825
0.384063
0.540462
0.789357
0.019804
0.473838
0.306460
0.084766
0.030003
0.433308
0.576126
0.656666
0.905504
0.988096
0.477283
0.859071
0.509181
0.805848
0.462845
0.340097
0.952817
0.646260
0.185745
0.295971
0.357687
0.616139
0.574811
0.042075
0.367648
0.987415
0.882286
0.767564
0.919775
0.378502
0.109018
0.007824
0.759720
0.656639
0.666136
0.432755
0.984325
0.643014
0.686623
0.484027
0.841372
0.030144
0.137573
0.536209
0.126500
0.522906
0.432020
0.549106
0.222890
0.746307
0.522868
0.925731
0.734725
0.313881
0.452326
0.904966
0.297145
0.494867
0.796844
0.572693
0.701616
0.264152
0.705400
0.351821
0.576423
0.259323
0.890309
0.871383
0.299435
0.131173
0.653709
0.768366
0.308187
0.269087
0.275673
0.453058
0.896417
0.456892
0.854276
0.988840
0.754166
0.198246
0.273840
0.179236
0.899823
0.508047
0.731636
0.006654
0.168468
0.646764
0.319053
0.876215
0.634760
0.561407
0.221130
0.441076
0.255612
0.657784
0.155667
0.238985
0.784872
0.665993
0.754090
0.179039
0.728172
0.961156
0.521846
0.167717
0.531686
0.185241
0.184339
0.548505
0.516373
0.788650
0.300044
0.603673
0.633925
0.311697
0.727176
0.292867
0.208359
0.480280
0.382631
0.703869
0.386342
0.355239
0.797388
0.997743
0.419941
0.693979
0.613356
0.935023
0.689590
0.932974
0.792043
0.472072
0.006517
0.842367
0.121401
0.377293
0.348429
0.234842
0.366748
0.904778
0.337477
0.410642
0.164547
0.207001
0.195029
0.303629
0.600705
0.406338
0.254753
0.058627
0.241585
0.975023
0.707386
0.751469
0.636381
0.801450
0.832325
0.877804
0.721353
0.913716
0.459853
0.537079
0.913722
0.264546
0.642316
0.860679
0.566866
0.090231
0.003541
0.348850
0.996839
0.584273
0.915979
0.545070
0.907817
0.777750
0.628825
0.778595
0.212712
0.506116
0.764190
0.920000
0.233251
0.938680
0.910436
0.829126
0.886934
0.734191
0.492229
0.022562
0.838546
0.205003
0.977615
0.375989
0.870670
0.773825
0.007463
0.216722
0.866882
0.200990
0.087552
0.999594
0.305942
0.865859
0.376183
0.925268
0.835178
0.482157
0.309802
0.118608
0.173045
0.801710
0.737198
0.585118
0.928037
0.761823
0.952651
0.588904
0.104301
0.415059
0.024917
0.814018
0.580543
0.462849
0.779357
0.884462
0.232564
0.021627
0.293522
0.213143
0.951807
0.967065
0.072956
0.647583
0.470799
0.022814
0.866433
0.885413
0.815966
0.238644
0.212822
0.785344
0.590759
0.302086
0.061650
0.623349
0.165897
0.770111
0.624379
0.397710
0.784186
0.924828
0.863676
0.813064
0.437195
0.040904
0.755398
0.649778
0.049169
0.002937
0.626567
0.412529
0.716047
0.888348
0.118023
0.246598
0.747204
0.404823
0.700314
0.892482
0.594417
0.369647
0.415169
0.433635
0.023185
0.279503
0.774083
0.777439
0.479514
0.840912
0.343187
0.429313
0.470994
0.120372
0.724999
0.391961
0.151833
0.095494
0.829676
0.898279
0.461513
0.319768
0.849985
0.603928
0.197102
0.488840
0.226062
0.494888
0.927850
0.859828
0.540831
0.761794
0.612263
0.030784
0.329060
0.646058
0.124210
0.948190
0.738991
0.646833
0.404207
0.448683
0.053374
0.601072
0.940292
0.038935
0.876748
0.104181
0.362236
0.215968
0.119994
0.353012
0.762281
0.779761
0.475252
0.077970
0.391331
0.500699
0.260164
0.332448
0.624413
0.995715
0.127549
0.056148
0.843059
0.917365
0.164625
0.788620
0.491784
0.857875
0.246083
0.429583
0.174558
0.862695
0.730940
0.506775
0.955496
0.892237
0.699281
0.987847
0.003304
0.082376
0.078737
0.962449
0.405430
0.459633
0.300680
0.710572
0.206436
0.950636
0.313412
0.184398
0.873837
0.781842
0.046702
0.168560
0.138214
0.748251
0.123362
0.487529
0.214640
0.502148
0.025512
0.222860
0.307754
0.997097
0.994031
0.845559
0.098770
0.150433
0.039542
0.302763
0.971461
0.650501
0.114057
0.000316
0.465020
0.733466
0.198125
0.355243
0.050666
0.648656
0.934556
0.450461
0.568848
0.990418
0.044276
0.588589
0.584756
0.027051
0.822056
0.227070
0.618238
0.641678
0.181070
0.382050
0.573648
0.413331
0.318852
0.846930
0.176149
0.215905
0.858133
0.201034
0.550766
0.364228
0.191529
0.036509
0.043262
0.765840
0.567672
0.043982
0.558737
0.579139
0.709161
0.740516
0.212685
0.977725
0.382057
0.852254
0.374803
0.580669
0.447162
0.568564
0.709924
0.842264
0.541359
0.438449
0.851542
0.974885
0.361043
0.191874
0.696876
0.186908
0.669340
0.831287
0.100758
0.895263
0.916270
0.279101
0.127792
0.969810
0.960281
0.496769
0.954474
0.694266
0.696221
0.356270
0.498051
0.305173
0.736645
0.675554
0.686759
0.375190
0.139671
0.490428
0.823306
0.727737
0.928919
0.075554
0.373685
0.654389
0.882536
0.930064
0.926964
0.211052
0.274137
0.376480
0.506000
0.910189
0.595535
0.787452
0.398155
0.929731
0.368413
0.439648
0.550168
0.609790
0.220244
0.519000
0.210274
0.700217
0.141445
0.771572
0.078231
0.109110
0.110429
0.349322
0.961856
0.447700
0.847335
0.663939
0.855494
0.993059
0.783865
0.893158
0.016970
0.928633
0.286161
0.525309
0.637360
0.074751
0.781774
0.056400
0.481514
0.288916
0.684609
0.231407
0.882657
0.703151
0.518804
0.843406
0.954701
0.857101
0.471618
0.851177
0.890657
0.083913
0.985935
0.962402
0.341721
0.860117
0.086310
0.854737
0.012490
0.712486
0.741961
0.104196
0.703991
0.505805
0.950643
0.877205
0.075000
0.826209
0.796162
0.471561
0.157574
0.102150
0.828054
0.298851
0.986121
0.113933
0.745560
0.557550
0.208297
0.577453
0.972009
0.307324
0.165661
0.851989
0.884602
0.310649
0.633764
0.928745
0.744703
0.731703
0.963950
0.978760
0.953398
0.683081
0.087882
0.757595
0.756321
0.780928
0.343084
0.321208
0.732597
0.135706
0.012728
0.153039
0.039096
0.880665
0.301594
0.146663
0.828749
0.968887
0.195476
0.750726
0.328032
0.082938
0.573122
0.141893
0.723492
0.363309
0.404811
0.835404
0.171538
0.021879
0.023290
0.818946
0.483127
0.748165
0.981685
0.860763
0.340319
0.106752
0.906215
0.213438
0.442167
0.566246
0.043419
0.736210
0.841745
0.579877
0.723206
0.575962
0.685145
0.676395
0.088134
0.674480
0.779540
0.222399
0.850962
0.560960
0.255515
0.523414
0.258129
0.307097
0.324987
0.864854
0.375151
0.189903
0.718664
0.813922
0.336284
0.156511
0.185986
0.452248
0.677573
0.606797
0.998084
0.763804
0.708722
0.404347
0.174132
0.224908
0.281128
0.354029
0.289482
0.028798
0.029921
0.214504
0.777647
0.606621
0.256652
0.575245
0.337099
0.194405
0.173114
0.657971
0.049313
0.640608
0.139216
0.199440
0.429750
0.184714
0.239273
0.543023
0.613714
0.281651
0.788792
0.776634
0.141090
0.151879
0.932144
0.180075
0.186942
0.539223
0.961248
0.220474
0.099357
0.328877
0.484714
0.304789
0.684532
0.371721
0.530444
0.266823
0.926331
0.967844
0.544200
0.046125
0.769784
0.355962
0.320739
0.979828
0.933488
0.844659
0.988049
0.957861
0.564722
0.498837
0.371538
0.128220
0.205328
0.887611
0.552643
0.732689
0.209814
0.119569
0.161559
0.714499
0.335588
0.283883
0.409319
0.287339
0.016203
0.511282
0.870309
0.368422
0.311558
0.932222
0.418994
0.445256
0.105565
0.089612
0.147793
0.713640
0.864936
0.343578
0.737120
0.450199
0.677806
0.953876
0.100817
0.182553
0.024684
0.043631
0.724869
0.019724
0.385709
0.222812
0.285273
0.089413
0.618054
0.202038
0.750387
0.591831
0.728235
0.162213
0.418607
0.075411
0.070469
0.602862
0.435614
0.831153
0.900562
0.995762
0.295244
0.311950
0.053178
0.179053
0.219627
0.342903
0.159058
0.133191
0.709878
1.000000
0.029476
0.161011
0.768617
0.893371
0.473250
0.861364
0.970640
0.629499
0.456993
0.435130
0.765553
0.255112
0.044474
0.074201
0.760466
0.135118
0.259638
0.972908
0.959263
0.083035
0.172251
0.366350
0.495431
0.244864
0.002863
0.174566
0.043099
0.984451
0.944558
0.283306
0.007560
0.168354
0.064343
0.673306
0.967505
0.171733
0.317026
0.707205
0.457505
0.869220
0.099774
0.567207
0.668787
0.780546
0.328712
0.762757
0.933882
0.713500
0.334536
0.185422
0.918010
0.099728
0.478466
0.251864
0.035578
0.024403
0.481205
0.353737
0.059407
0.590701
0.656032
0.218190
0.805536
0.975554
0.334771
0.701689
0.816866
0.674929
0.485868
0.304499
0.590566
0.214772
0.233141
0.849355
0.099975
0.837202
0.499326
0.845852
0.451545
0.539160
0.300013
0.326558
0.837794
0.630693
0.202159
0.140761
0.641917
0.839726
0.710462
0.810654
0.308956
0.676504
0.849476
0.060190
0.409712
0.399992
0.136532
0.721181
0.220864
0.726041
0.579093
0.090806
0.959359
0.467980
0.040914
0.380582
0.918703
0.298883
0.486892
0.064155
0.834370
0.824697
0.591252
0.839844
0.576649
0.321892
0.254128
0.197466
0.250529
0.844694
0.665879
0.076298
0.039084
0.577150
0.056753
0.664564
0.021514
0.285477
0.713758
0.597970
0.138823
0.616902
0.700716
0.726883
0.674964
0.752534
0.117175
0.534786
0.822275
0.123008
0.234766
0.484857
0.156762
0.465412
0.185186
0.061550
0.258140
0.476501
0.693712
0.558978
0.164910
0.597784
0.979096
0.481062
0.296680
0.559674
0.120158
0.477603
0.641631
0.080622
0.838217
0.497836
0.180780
0.538730
0.601632
0.235080
0.283426
0.342574
0.734909
0.133820
0.287942
0.569325
0.742627
0.389091
0.103588
0.015347
0.442387
0.377151
0.904029
0.030462
0.767463
0.190063
0.100250
0.154344
0.947033
0.013363
0.595028
0.023993
0.319951
0.578350
0.945344
0.016057
0.578937
0.165652
0.652253
0.477606
0.989766
0.446336
0.315892
0.893617
0.970119
0.866654
0.339347
0.258478
0.653001
0.342948
0.038870
0.940673
0.179422
0.498885
0.266149
0.242886
0.865772
0.797038
0.614432
0.311190
0.146238
0.174347
0.154865
0.293891
0.794855
0.653909
0.919586
0.308992
0.052295
0.075995
0.548227
0.574793
0.508194
0.255759
0.975475
0.575825
0.181414
0.454624
0.637200
0.570411
0.880743
0.952088
0.586207
0.650424
0.471682
0.364405
0.357504
0.601295
0.897480
0.300159
0.425753
0.503546
0.152703
0.328690
0.219653
0.497850
0.755533
0.408355
0.511712
0.604994
0.652580
0.954842
0.996366
0.451906
0.881225
0.186806
0.460826
0.609621
0.345054
0.062778
0.394155
0.882624
0.785492
0.799934
0.220898
0.804570
0.686675
0.156521
0.182584
0.441708
0.582446
0.364590
0.117358
0.854335
0.867153
0.051488
0.945082
0.039721
0.991020
0.905225
0.539993
0.187846
0.263022
0.172360
0.649433
0.000913
0.728464
0.764054
0.426436
0.703645
0.745481
0.457321
0.613926
0.148262
0.387097
0.069475
0.373799
0.399437
0.247788
0.944043
0.166900
0.783569
0.162087
0.489978
0.728400
0.875804
0.945803
0.971248
0.362780
0.159241
0.168138
0.343618
0.115826
0.364918
0.947287
0.506795
0.526938
0.138993
0.546833
0.194571
0.079651
0.895058
0.521300
0.409146
0.154602
0.314054
0.124007
0.348652
0.546894
0.130465
0.628521
0.443708
0.785739
0.879528
0.027891
0.158611
0.731911
0.323501
0.836577
0.608966
0.918245
0.082392
0.423867
0.767876
0.827663
0.682320
0.621446
0.779448
0.805998
0.028229
0.360565
0.857869
0.414400
0.292186
0.566743
0.843459
0.116194
0.078100
0.654632
0.119342
0.940577
0.532320
0.077187
0.403211
0.892133
0.980052
0.767891
0.542176
0.899397
0.702588
0.920808
0.713306
0.083004
0.261606
0.750694
0.210867
0.436660
0.315569
0.206410
0.860748
0.061424
0.260152
0.539170
0.104460
0.081657
0.219507
0.288594
0.235506
0.052396
0.487491
0.201677
0.429937
0.092669
0.396343
0.572083
0.105322
0.244055
0.812889
0.131117
0.267111
0.552152
0.926507
0.260394
0.591860
0.540977
0.205814
0.674924
0.770859
0.834042
0.228339
0.760834
0.547423
0.455015
0.505118
0.283362
0.863006
0.396606
0.264988
0.718587
0.752384
0.506564
0.875779
0.939432
0.251507
0.029135
0.965340
0.507128
0.493102
0.730826
0.277375
0.410007
0.738549
0.699286
0.627980
0.450434
0.938518
0.449068
0.400333
0.727966
0.121985
0.010192
0.568416
0.094488
0.810755
0.374080
0.126541
0.278963
0.556056
0.982532
0.729757
0.481271
0.640951
0.371917
0.640294
0.924050
0.017577
0.426538
0.405722
0.607967
0.416207
0.798741
0.853582
0.740793
0.522851
0.562476
0.622360
0.077321
0.656922
0.271977
0.816605
0.210585
0.958307
0.785452
0.091019
0.362101
0.915938
0.019180
0.259961
0.018768
0.824383
0.551434
0.980126
0.117341
0.361830
0.575953
0.359299
0.066775
0.847471
0.286194
0.056987
0.578553
0.498293
0.575924
0.226310
0.821858
0.288745
0.987434
0.023321
0.282317
0.180011
0.691222
0.511776
0.750118
0.871468
0.802649
0.109444
0.137671
0.912524
0.441077
0.856961
0.292387
0.559911
0.321348
0.201956
0.262444
0.969504
0.589086
0.748989
0.650149
0.953277
0.620062
0.958543
0.978185
0.125507
0.196386
0.623925
0.550052
0.807047
0.242097
0.510899
0.930584
0.785671
0.088390
0.818116
0.150670
0.161943
0.281335
0.473064
0.469243
0.995967
0.526917
0.193922
0.344047
0.747238
0.570399
0.057362
0.181447
0.238505
0.257501
0.960337
0.887187
0.730383
0.648341
0.153877
0.829028
0.056078
0.823315
0.372039
0.074987
0.508978
0.701530
0.251864
0.885692
0.408467
0.102595
0.622285
0.036265
0.083883
0.033748
0.072673
0.414157
0.240254
0.435618
0.345629
0.198372
0.613754
0.827561
0.743764
0.158181
0.035703
0.460229
0.715783
0.023519
0.031620
0.008792
0.272069
0.454090
0.150999
0.871579
0.162033
0.771294
0.103085
0.919549
0.972449
0.889596
0.447477
0.762170
0.234448
0.786976
0.023548
0.242494
0.373164
0.554764
0.201640
0.982489
0.123717
0.654121
0.588346
0.200143
0.955286
0.240646
0.438676
0.090440
0.785766
0.482501
0.124997
0.477775
0.886648
0.045674
0.725804
0.929446
0.534428
0.628855
0.750736
0.587072
0.683416
0.548074
0.070213
0.690560
0.347224
0.268024
0.111337
0.499940
0.473562
0.994614
0.893468
0.473057
0.979956
0.445907
0.568707
0.337995
0.246494
0.841690
0.100189
0.860950
0.305097
0.553291
0.835025
0.703007
0.151790
0.464301
0.023436
0.879527
0.077093
0.560993
0.300231
0.877171
0.557465
0.921643
0.512644
0.886451
0.584484
0.851834
0.767415
0.609337
0.194393
0.335106
0.632084
0.486120
0.374390
0.073872
0.997226
0.534424
0.298474
0.695155
0.358754
0.433957
0.429182
0.121905
0.367639
0.448043
0.215862
0.768094
0.308212
0.718937
0.838302
0.130647
0.079490
0.676864
0.458992
0.221936
0.875304
0.578103
0.139996
0.233076
0.680930
0.647649
0.692401
0.132615
0.253852
0.106015
0.108313
0.801344
0.245489
0.463841
0.587267
0.667493
0.595291
0.374989
0.830082
0.945229
0.318712
0.848462
0.912313
0.972639
0.080878
0.578671
0.454636
0.194499
0.747343
0.205604
0.626183
0.113557
0.915499
0.651913
0.005905
0.536661
0.722819
0.790116
0.102607
0.336079
0.203253
0.104107
0.122087
0.320450
0.807353
0.056114
0.954630
0.924847
0.335881
0.431068
0.532423
0.968006
0.366163
0.179788
0.227900
0.541305
0.914765
0.442203
0.493719
0.965080
0.703410
0.520506
0.005461
0.121391
0.335609
0.155188
0.291068
0.218714
0.292220
0.396518
0.707713
0.205066
0.992089
0.569497
0.257811
0.585706
0.800633
0.007648
0.581157
0.955608
0.600613
0.633099
0.589145
0.182790
0.145658
0.637123
0.048266
0.106049
0.413028
0.063302
0.511813
0.990844
0.556579
0.408279
0.738268
0.643398
0.067477
0.373147
0.129219
0.260515
0.596467
0.859174
0.134847
0.208293
0.529768
0.488943
0.486828
0.315573
0.277369
0.429184
0.861735
0.948431
0.998519
0.722477
0.097096
0.532874
0.809911
0.626492
0.680860
0.918667
0.786990
0.583068
0.326241
0.554205
0.152072
0.163886
0.300195
0.068867
0.052900
0.980127
0.676992
0.155403
0.364683
0.712647
0.079653
0.402635
0.824695
0.776011
0.102074
0.661985
0.842694
0.130311
0.683343
0.025730
0.068617
0.401907
0.052474
0.358176
0.771565
0.067917
0.655196
0.532536
0.555571
0.346181
0.002666
0.987549
0.657111
0.755913
0.792459
0.502138
0.020207
0.765025
0.701779
0.188653
0.494967
0.505180
0.057730
0.792582
0.556750
0.249430
0.375279
0.547838
0.082295
0.040703
0.605199
0.832631
0.367029
0.910449
0.546101
0.884104
0.129680
0.210209
0.300461
0.214810
0.865813
0.416381
0.057208
0.407211
0.205171
0.878671
0.885717
0.591795
0.756936
0.430945
0.259432
0.510328
0.135175
0.931839
0.683404
0.170183
0.020859
0.060683
0.179006
0.172455
0.298461
0.268068
0.441250
0.981408
0.800212
0.422782
0.798559
0.253388
0.279811
0.457470
0.600464
0.589091
0.934506
0.291154
0.373404
0.365423
0.598835
0.391000
0.916225
0.965332
0.378599
0.969068
0.961812
0.501083
0.697288
0.729381
0.975853
0.935441
0.941660
0.070797
0.073531
0.185018
0.054739
0.292825
0.745004
0.851368
0.704263
0.772677
0.535151
0.600870
0.207677
0.707320
0.825933
0.008569
0.110893
0.315640
0.334015
0.920231
0.571231
0.641804
0.634348
0.769280
0.093547
0.106746
0.334183
0.930957
0.305390
0.832840
0.192575
0.397193
0.659270
0.676374
0.358573
0.025969
0.029166
0.799489
0.696706
0.244227
0.170339
0.000704
0.200718
0.671283
0.966423
0.700847
0.444147
0.159624
0.060485
0.295769
0.667673
0.623375
0.106080
0.182301
0.105405
0.814807
0.963925
0.329808
0.762440
0.411118
0.177218
0.293833
0.690192
0.054448
0.186131
0.584819
0.589865
0.936375
0.676111
0.644784
0.892858
0.394936
0.116148
0.226145
0.514296
0.479977
0.837483
0.884264
0.805922
0.395909
0.569958
0.810600
0.510378
0.926148
0.316316
0.364990
0.262861
0.828786
0.162723
0.979085
0.530196
0.638588
0.439325
0.460582
0.312605
0.358199
0.634962
0.038801
0.060569
0.135269
0.196698
0.462469
0.538086
0.837987
0.603556
0.343131
0.863617
0.516628
0.675027
0.282299
0.109934
0.302889
0.473148
0.723895
0.181831
0.503213
0.381322
0.329339
0.613863
0.310333
0.226914
0.921160
0.445701
0.933932
0.875825
0.919653
0.806493
0.453701
0.517804
0.989930
0.747534
0.664957
0.317832
0.404886
0.539341
0.629184
0.902271
0.040999
0.039451
0.991915
0.934012
0.883288
0.144388
0.992857
0.198143
0.394897
0.176616
0.994397
0.042740
0.874191
0.597121
0.492812
0.806698
0.293330
0.558605
0.571911
0.110737
0.699424
0.764153
0.403218
0.416147
0.721649
0.222397
0.404289
0.379811
0.521223
0.002460
0.422883
0.799626
0.648865
0.809796
0.627155
0.881816
0.036002
0.306028
0.630418
0.435459
0.088339
0.870223
0.664449
0.158893
0.716890
0.093132
0.911310
0.410828
0.822789
0.466576
0.405116
0.723920
0.235256
0.593682
0.389241
0.522167
0.421347
0.027530
0.749909
0.232542
0.272501
0.631052
0.904697
0.656464
0.304414
0.833913
0.486919
0.493474
0.358184
0.396498
0.688433
0.427324
0.083663
0.439918
0.480770
0.817782
0.639121
0.586742
0.075578
0.648038
0.220031
0.711746
0.280556
0.800606
0.596397
0.016505
0.398175
0.551047
0.201692
0.016833
0.465460
0.440337
0.683274
0.527743
0.079682
0.709101
0.946918
0.416194
0.354612
0.530506
0.656802
0.696039
0.434448
0.378042
0.983461
0.500453
0.109108
0.508693
0.019476
0.482064
0.748444
0.464557
0.146474
0.767012
0.749229
0.414520
0.474596
0.592251
0.884489
0.524391
0.071180
0.161362
0.198772
0.295317
0.630053
0.897758
0.915973
0.117396
0.634459
0.599889
0.151019
0.303335
0.360033
0.814532
0.147575
0.485457
0.721140
0.954621
0.327224
0.852390
0.252732
0.069728
0.329696
0.877724
0.256291
0.112180
0.568650
0.544598
0.434442
0.770965
0.915340
0.924736
0.353907
0.319810
0.167011
0.139396
0.766447
0.154845
0.843907
0.258908
0.685382
0.100667
0.895824
0.617303
0.960953
0.819888
0.565853
0.093514
0.767793
0.558656
0.356528
0.389900
0.555855
0.646481
0.845427
0.705696
0.812478
0.899944
0.498357
0.925302
0.925414
0.972668
0.295667
0.721160
0.058554
0.473826
0.509795
0.494874
0.585017
0.929546
0.610602
0.769150
0.143965
0.580019
0.712095
0.402277
0.972951
0.143776
0.064072
0.465908
0.038304
0.702479
0.611681
0.929899
0.660712
0.287128
0.042856
0.793241
0.377125
0.711721
0.888375
0.330520
0.555657
0.194259
0.173750
0.765972
0.696596
0.928182
0.810282
0.503607
0.115861
0.479814
0.990013
0.827936
0.070297
0.758515
0.373742
0.525857
0.896863
0.764700
0.062071
0.680828
0.996656
0.904776
0.368167
0.954682
0.893516
0.768818
0.090616
0.233638
0.075915
0.903318
0.560663
0.791070
0.127473
0.643765
0.627237
0.062514
0.049725
0.975780
0.284230
0.174786
0.761905
0.003967
0.848451
0.191817
0.154394
0.868896
0.895935
0.290162
0.699823
0.168420
0.163496
0.146796
0.460476
0.522939
0.847836
0.584737
0.140974
0.147677
0.384505
0.086661
0.936835
0.040455
0.483517
0.245788
0.934534
0.901929
0.729644
0.404035
0.386497
0.527504
0.137018
0.941299
0.770922
0.355991
0.065571
0.472621
0.154513
0.949009
0.668502
0.112227
0.305834
0.585709
0.525036
0.239601
0.604778
0.177834
0.222409
0.601906
0.203170
0.487777
0.958715
0.092659
0.803115
0.924117
0.738948
0.126215
0.820807
0.111146
0.597322
0.883681
0.628194
0.206918
0.588645
0.024691
0.844263
0.663186
0.810836
0.162075
0.659704
0.474593
0.632286
0.887987
0.598053
0.007463
0.956125
0.560323
0.664942
0.393417
0.034961
0.031140
0.033149
0.242454
0.002523
0.882732
0.320374
0.705766
0.283026
0.374881
0.501207
0.691737
0.916890
0.775560
0.963906
0.409803
0.066685
0.108722
0.382314
0.346153
0.675441
0.902533
0.676562
0.831905
0.998477
0.539844
0.432805
0.477150
0.249107
0.314455
0.838907
0.951203
0.539364
0.780851
0.363240
0.787971
0.982453
0.184999
0.497994
0.592383
0.999198
0.397174
0.643959
0.085577
0.453142
0.286914
0.414830
0.828542
0.067226
0.821505
0.866663
0.041130
0.159709
0.503782
0.540217
0.130187
0.010909
0.247851
0.165302
0.160603
0.239880
0.312114
0.888572
0.459565
0.457707
0.841857
0.218078
0.609522
0.869907
0.526961
0.344711
0.641360
0.544567
0.446809
0.214688
0.027057
0.037416
0.681377
0.847792
0.941349
0.183765
0.526258
0.878993
0.924665
0.015959
0.205961
0.649524
0.853978
0.251331
0.864466
0.187095
0.693160
0.098997
0.089351
0.940434
0.637886
0.655678
0.544918
0.814359
0.639576
0.974265
0.933953
0.078419
0.145239
0.489145
0.944891
0.582222
0.841392
0.536440
0.273328
0.937983
0.966337
0.804079
0.920629
0.256691
0.940639
0.946834
0.688556
0.526487
0.855277
0.987638
0.012915
0.975231
0.304142
0.353249
0.650551
0.985431
0.815550
0.235915
0.376868
0.347305
0.248578
0.881449
0.123701
0.410202
0.106285
0.248076
0.232567
0.886114
0.270277
0.301639
0.793344
0.580916
0.780434
0.975065
0.944632
0.885176
0.429627
0.159110
0.325500
0.699892
0.185537
0.065078
0.369143
0.153143
0.218679
0.137703
0.331926
0.578008
0.145782
0.549334
0.855341
0.163855
0.387977
0.997968
0.696956
0.402577
0.300914
0.306819
0.257280
0.165886
0.324884
0.598915
0.624735
0.253602
0.303142
0.935540
0.497163
0.626944
0.660610
0.272965
0.186363
0.913165
0.267514
0.840428
0.627360
0.063244
0.836881
0.178220
0.286109
0.234403
0.034324
0.624413
0.962090
0.822568
0.385608
0.200414
0.824239
0.401957
0.433956
0.239314
0.692603
0.751988
0.666198
0.518895
0.411184
0.824946
0.845140
0.817023
0.461123
0.887336
0.765023
0.086716
0.283635
0.156443
0.906953
0.659132
0.649178
0.351253
0.190345
0.004435
0.087829
0.030150
0.282965
0.514459
0.634899
0.540248
0.893417
0.090446
0.928667
0.545340
0.882767
0.019102
0.991684
0.418477
0.012709
0.867648
0.535477
0.315354
0.921727
0.012475
0.537118
0.317020
0.573151
0.697031
0.566105
0.022868
0.644121
0.375415
0.296348
0.062229
0.176017
0.893209
0.960693
0.896804
0.447902
0.062827
0.818091
0.525291
0.487526
0.355223
0.864879
0.341204
0.531181
0.123424
0.874271
0.797418
0.075432
0.537869
0.969321
0.105574
0.031116
0.713011
0.385774
0.151194
0.852868
0.474605
0.158329
0.889101
0.945183
0.415362
0.447085
0.748333
0.067391
0.042549
0.125053
0.117876
0.912956
0.586126
0.571625
0.697741
0.420646
0.733326
0.094055
0.824634
0.193310
0.930285
0.747338
0.554999
0.520284
0.860534
0.994267
0.094738
0.897564
0.112585
0.578623
0.685509
0.450722
0.395309
0.346202
0.420047
0.733418
0.882968
0.695987
0.088301
0.803049
0.475993
0.766972
0.524001
0.177628
0.975381
0.738796
0.296078
0.026829
0.086130
0.355029
0.786658
0.127182
0.908484
0.559301
0.829365
0.457797
0.437023
0.293715
0.307636
0.679350
0.780638
0.857604
0.388709
0.835359
0.226801
0.808608
0.897809
0.760288
0.209153
0.237553
0.518641
0.552550
0.177471
0.128278
0.887310
0.859995
0.715164
0.672518
0.870712
0.278569
0.074660
0.331490
0.577807
0.138231
0.100619
0.587828
0.430177
0.960181
0.951712
0.916023
0.451204
0.641599
0.702715
0.203140
0.151989
0.543292
0.070611
0.595182
0.874851
0.316341
0.843747
0.433289
0.376545
0.059665
0.956632
0.217718
0.015030
0.914456
0.320704
0.520206
0.164205
0.996242
0.941903
0.815287
0.985890
0.772619
0.399059
0.661250
0.299881
0.105722
0.465029
0.608700
0.920227
0.793943
0.489058
0.210820
0.175073
0.027020
0.759695
0.350147
0.651390
0.781964
0.490450
0.562407
0.054522
0.262947
0.544634
0.643202
0.042300
0.564316
0.692955
0.567254
0.378206
0.209895
0.900601
0.865821
0.687992
0.100415
0.114876
0.313552
0.736700
0.050531
0.686991
0.023703
0.752270
0.993031
0.251155
0.276671
0.989013
0.405480
0.611456
0.282263
0.076997
0.517974
0.384751
0.256129
0.666754
0.693652
0.420409
0.065139
0.424208
0.449219
0.891637
0.139101
0.327109
0.173370
0.626503
0.465528
0.776689
0.588611
0.339762
0.372972
0.879350
0.627638
0.731195
0.293817
0.031819
0.009881
0.646272
0.091024
0.115701
0.616854
0.036232
0.380855
0.176422
0.596059
0.114823
0.115567
0.727157
0.151000
0.867399
0.770876
0.127041
0.487420
0.826245
0.561896
0.978426
0.530784
0.357088
0.171467
0.860479
0.563975
0.600897
0.484182
0.953461
0.973419
0.849286
0.480141
0.243642
0.062078
0.589943
0.940972
0.864106
0.473708
0.501257
0.377943
0.099637
0.869062
0.485381
0.013212
0.339178
0.154785
0.760751
0.870216
0.518759
0.952904
0.365031
0.681755
0.879883
0.135342
0.095764
0.262988
0.238436
0.765764
0.308802
0.064073
0.779735
0.681382
0.645896
0.390653
0.075376
0.310811
0.136435
0.321428
0.763224
0.120489
0.350087
0.956463
0.896098
0.881101
0.924516
0.578009
0.397298
0.675319
0.584992
0.612044
0.458687
0.267348
0.361946
0.442608
0.973230
0.020498
0.421522
0.885504
0.649080
0.488265
0.498149
0.191125
0.043802
0.983284
0.274043
0.269884
0.169325
0.822757
0.027176
0.354764
0.131754
0.393349
0.977496
0.704583
0.613223
0.117544
0.933489
0.364027
0.300260
0.640732
0.182164
0.322039
0.086423
0.006925
0.101560
0.022646
0.294771
0.023462
0.404073
0.690351
0.093466
0.813191
0.361544
0.928376
0.827816
0.457595
0.111006
0.859674
0.323476
0.496811
0.407158
0.519063
0.284482
0.582328
0.859843
0.316109
0.219095
0.094818
0.079502
0.202726
0.676015
0.721603
0.730431
0.461478
0.809969
0.623955
0.661942
0.029361
0.062616
0.561047
0.124444
0.470746
0.232496
0.431913
0.076282
0.579982
0.903753
0.765314
0.414668
0.331028
0.641745
0.455653
0.209307
0.184942
0.875398
0.095872
0.940904
0.536993
0.849377
0.790070
0.031432
0.238813
0.618383
0.892948
0.453159
0.307142
0.993077
0.383396
0.695518
0.253169
0.650651
0.057859
0.301049
0.293834
0.858439
0.557539
0.424061
0.381376
0.288436
0.913117
0.460324
0.587063
0.133424
0.402166
0.706816
0.460991
0.877515
0.527697
0.873175
0.357923
0.878447
0.910664
0.138539
0.149693
0.935438
0.273540
0.558455
0.752310
0.841815
0.014183
0.127891
0.479647
0.949221
0.526837
0.521221
0.628835
0.940684
0.426838
0.703680
0.123012
0.560278
0.543852
0.657962
0.437052
0.261864
0.440695
0.733456
0.847787
0.699425
0.625995
0.614643
0.953019
0.314756
0.503528
0.052133
0.048517
0.909608
0.742578
0.909186
0.728843
0.990353
0.575406
0.274630
0.860343
0.612539
0.802131
0.578224
0.971276
0.745702
0.892006
0.436688
0.207709
0.437739
0.754386
0.150007
0.141556
0.942368
0.863143
0.071850
0.200515
0.938555
0.664991
0.881027
0.864613
0.020401
0.404341
0.890225
0.570820
0.069496
0.833703
0.923455
0.750373
0.285964
0.037336
0.876033
0.342193
0.692809
0.924322
0.413720
0.463326
0.531226
0.602276
0.366019
0.641589
0.119512
0.940786
0.389544
0.828657
0.489301
0.399928
0.509713
0.500176
0.271161
0.718831
0.953484
0.934130
0.254920
0.026565
0.445130
0.644756
0.473419
0.406350
0.205558
0.076573
0.273251
0.077292
0.549852
0.655525
0.161071
0.177997
0.165721
0.010218
0.314661
0.275372
0.247580
0.458606
0.886414
0.170843
0.198997
0.281277
0.012423
0.435760
0.064071
0.933390
0.979020
0.337827
0.341791
0.479055
0.043297
0.990322
0.934052
0.444922
0.004663
0.594451
0.407401
0.998533
0.877584
0.590351
0.161993
0.360663
0.814762
0.281650
0.821991
0.392771
0.215695
0.558805
0.934819
0.078669
0.465009
0.583951
0.809286
0.595599
0.762442
0.690287
0.873439
0.780794
0.612862
0.127036
0.802987
0.216001
0.868199
0.091112
0.792631
0.029779
0.178463
0.532478
0.820387
0.745218
0.787762
0.414908
0.615179
0.453118
0.072001
0.229944
0.978934
0.875997
0.873147
0.981017
0.256261
0.099359
0.652938
0.318320
0.379450
0.210573
0.925780
0.863562
0.257969
0.614034
0.292504
0.727188
0.215489
0.429871
0.186424
0.108377
0.011459
0.162671
0.960696
0.358828
0.197776
0.511029
0.037891
0.773072
0.555586
0.027378
0.152579
0.288309
0.205942
0.813809
0.436021
0.492364
0.186002
0.021243
0.705979
0.465531
0.496739
0.808526
0.368564
0.746371
0.447575
0.301346
0.143710
0.697958
0.808679
0.889102
0.269563
0.953907
0.515571
0.816427
0.098295
0.996557
0.307509
0.104453
0.288481
0.925907
0.497446
0.499287
0.145691
0.639878
0.515209
0.749824
0.628782
0.095947
0.807186
0.406777
0.986818
0.552446
0.157172
0.586853
0.829830
0.295395
0.478014
0.321739
0.371770
0.803576
0.247952
0.007022
0.868894
0.660093
0.086892
0.861566
0.461382
0.211456
0.715502
0.717806
0.306763
0.543524
0.865620
0.887023
0.464361
0.184781
0.437025
0.514249
0.390858
0.068281
0.568441
0.972804
0.375536
0.050450
0.726567
0.400816
0.063950
0.173216
0.754946
0.887765
0.471798
0.200787
0.075239
0.749281
0.204483
0.708018
0.329667
0.438092
0.897119
0.447465
0.299414
0.318075
0.146224
0.290008
0.456137
0.650666
0.186605
0.991768
0.200524
0.816875
0.590348
0.269816
0.333289
0.116651
0.941831
0.412044
0.382041
0.277421
0.432276
0.253177
0.785959
0.376884
0.075744
0.029155
0.004998
0.787392
0.778509
0.195400
0.178851
0.510885
0.095277
0.939441
0.992873
0.158849
0.525361
0.123189
0.814705
0.590358
0.783305
0.902186
0.519912
0.836154
0.311957
0.045293
0.722521
0.375807
0.378934
0.134777
0.533972
0.800408
0.444004
0.589068
0.580564
0.571425
0.936129
0.903702
0.575671
0.398353
0.512804
0.344368
0.451470
0.108681
0.965527
0.603258
0.260180
0.913344
0.905650
0.809269
0.033187
0.303067
0.732800
0.786296
0.486164
0.304375
0.219151
0.213952
0.249543
0.321213
0.699269
0.352528
0.728439
0.866313
0.746253
0.349674
0.218152
0.207141
0.546503
0.809904
0.656614
0.610372
0.710622
0.849093
0.940951
0.746652
0.026448
0.203265
0.801480
0.928524
0.768743
0.152274
0.464053
0.697928
0.522200
0.951933
0.064176
0.588932
0.490525
0.649573
0.748691
0.384128
0.691813
0.454121
0.530124
0.311643
0.063370
0.218155
0.083934
0.330352
0.898606
0.901018
0.310489
0.094682
0.342609
0.563255
0.554422
0.532576
0.306248
0.297072
0.988397
0.100315
0.592872
0.438366
0.852788
0.070196
0.535417
0.205509
0.695407
0.269685
0.830392
0.950376
0.596512
0.116599
0.641182
0.229300
0.885685
0.911133
0.585445
0.756273
0.272833
0.963690
0.876271
0.697764
0.511133
0.303449
0.157012
0.027357
0.992975
0.456598
0.255216
0.457691
0.530146
0.869912
0.028482
0.594988
0.388285
0.233777
0.327913
0.065365
0.505969
0.712418
0.053596
0.698749
0.226017
0.385525
0.808439
0.042031
0.467597
0.247099
0.306051
0.233465
0.661358
0.580433
0.786022
0.190338
0.216892
0.353772
0.114088
0.335881
0.474908
0.364594
0.169883
0.273017
0.870101
0.841178
0.773077
0.564861
0.171192
0.212363
0.788174
0.627462
0.620200
0.138386
0.744532
0.810831
0.433903
0.000306
0.173614
0.531155
0.498462
0.949890
0.809201
0.420755
0.147441
0.887431
0.524411
0.342784
0.299418
0.157787
0.644748
0.844289
0.001925
0.115117
0.628901
0.622653
0.812851
0.519142
0.645284
0.394816
0.600236
0.989157
0.685888
0.583414
0.079701
0.689962
0.490399
0.475931
0.980739
0.274100
0.939948
0.338391
0.555790
0.809424
0.005523
0.849515
0.558240
0.416631
0.882056
0.499697
0.827948
0.298849
0.233404
0.215869
0.668314
0.419948
0.440651
0.732078
0.881701
0.669587
0.358143
0.539478
0.176516
0.815189
0.106860
0.890871
0.867840
0.992368
0.188660
0.185800
0.984126
0.018657
0.299853
0.363671
0.857245
0.257830
0.317654
0.035067
0.725921
0.425190
0.484414
0.195276
0.209037
0.153821
0.825053
0.308422
0.513084
0.868232
0.602559
0.504162
0.906665
0.799731
0.491606
0.879789
0.225759
0.576236
0.274631
0.596241
0.539726
0.711514
0.928725
0.353734
0.604825
0.472762
0.962590
0.047825
0.526362
0.723174
0.814853
0.165127
0.231393
0.604189
0.869261
0.864716
0.681771
0.761448
0.556560
0.400792
0.415081
0.634211
0.772133
0.628016
0.342909
0.260005
0.164259
0.956376
0.038549
0.718321
0.258825
0.309757
0.957654
0.607913
0.947858
0.023533
0.525848
0.664260
0.943668
0.182613
0.338734
0.354279
0.796835
0.753097
0.316027
0.095934
0.200895
0.957954
0.668445
0.936833
0.312176
0.259247
0.531064
0.368553
0.749726
0.965200
0.819677
0.466919
0.904269
0.917762
0.928528
0.231816
0.070208
0.832890
0.632014
0.586709
0.161292
0.168298
0.724526
0.705684
0.115964
0.748090
0.448661
0.616648
0.326819
0.756199
0.461337
0.319850
0.121060
0.955744
0.480703
0.131999
0.603267
0.543692
0.776757
0.773272
0.473009
0.713261
0.419673
0.747031
0.219537
0.683422
0.708555
0.194139
0.642473
0.438100
0.167675
0.243782
0.766573
0.079071
0.037542
0.523468
0.022554
0.277329
0.596281
0.259471
0.213796
0.658448
0.136626
0.106980
0.236583
0.788090
0.881163
0.542548
0.272259
0.053739
0.850863
0.360240
0.023164
0.846622
0.188923
0.302002
0.367081
0.821683
0.084847
0.371038
0.200735
0.300937
0.315833
0.407956
0.422115
0.343318
0.018931
0.520765
0.451269
0.248475
0.295154
0.153728
0.944022
0.018481
0.214611
0.643061
0.743737
0.155012
0.000490
0.960414
0.520811
0.314608
0.302054
0.893299
0.142803
0.334814
0.377101
0.794744
0.821631
0.642465
0.469078
0.376474
0.516754
0.584483
0.131328
0.179301
0.499979
0.913264
0.591049
0.673843
0.270971
0.004150
0.500325
0.501389
0.061719
0.982211
0.555005
0.720207
0.689313
0.249661
0.109959
0.872710
0.762199
0.002880
0.138921
0.013961
0.765597
0.638051
0.908318
0.056671
0.943449
0.004870
0.708451
0.891095
0.550870
0.676135
0.735432
0.963522
0.912870
0.764061
0.988519
0.562093
0.029540
0.698202
0.256853
0.915707
0.499007
0.260347
0.256075
0.797184
0.368426
0.383778
0.749466
0.306670
0.797921
0.712094
0.482903
0.550703
0.057627
0.980145
0.582395
0.416032
0.345358
0.339610
0.233743
0.439309
0.980657
0.076740
0.184105
0.002448
0.015348
0.641803
0.495129
0.831613
0.813590
0.769789
0.828811
0.872600
0.355042
0.070737
0.074171
0.368268
0.359020
0.015495
0.711026
0.920678
0.818522
0.558180
0.764173
0.011857
0.470458
0.898776
0.506584
0.147347
0.459000
0.386282
0.125311
0.224943
0.116304
0.442063
0.941717
0.900614
0.079264
0.401391
0.473717
0.592403
0.869893
0.444821
0.808750
0.033134
0.624382
0.545569
0.511213
0.140712
0.693109
0.679478
0.377729
0.841400
0.728635
0.124746
0.960507
0.762094
0.305921
0.573091
0.257780
0.541932
0.800309
0.145489
0.597069
0.525500
0.702701
0.276608
0.460245
0.647936
0.843413
0.434234
0.189014
0.249137
0.488532
0.764735
0.707633
0.937091
0.374569
0.103411
0.070161
0.520797
0.664728
0.319420
0.918164
0.747003
0.296244
0.248203
0.379105
0.382499
0.292628
0.428656
0.275181
0.099519
0.434197
0.545795
0.398440
0.145011
0.108257
0.779777
0.363931
0.638475
0.637402
0.685796
0.923454
0.265542
0.647766
0.642614
0.525243
0.567642
0.872928
0.286091
0.178441
0.908477
0.774604
0.522871
0.836323
0.696473
0.626165
0.142728
0.481397
0.714245
0.674194
0.519753
0.983433
0.340967
0.138471
0.325537
0.634266
0.425478
0.400428
0.344374
0.739416
0.185303
0.579741
0.762990
0.885966
0.362362
0.920615
0.446657
0.801052
0.287102
0.162590
0.560428
0.279346
0.300623
0.311547
0.158415
0.376956
0.205020
0.457743
0.365088
0.250807
0.085852
0.309181
0.189013
0.146234
0.742074
0.766954
0.629470
0.502698
0.316913
0.807966
0.207456
0.031336
0.031459
0.350152
0.631408
0.413715
0.648925
0.143163
0.610986
0.645567
0.643789
0.587724
0.584800
0.591407
0.702858
0.070558
0.915191
0.286416
0.065585
0.786770
0.119288
0.603488
0.224052
0.282768
0.504398
0.950412
0.288476
0.311841
0.820264
0.451043
0.005968
0.069892
0.753523
0.043394
0.356995
0.036095
0.402408
0.966831
0.188288
0.344587
0.773799
0.252134
0.549967
0.768000
0.440562
0.035730
0.849982
0.707660
0.244756
0.428951
0.416431
0.311623
0.401077
0.342029
0.348234
0.530125
0.973530
0.320466
0.151641
0.165257
0.004835
0.249594
0.603160
0.171180
0.970053
0.544891
0.782124
0.553515
0.710027
0.416094
0.495998
0.438893
0.942869
0.389224
0.330893
0.522259
0.328302
0.831302
0.734998
0.231440
0.205293
0.758483
0.554840
0.203618
0.482289
0.152128
0.948495
0.971522
0.035354
0.963586
0.985958
0.080047
0.775531
0.483413
0.388693
0.965160
0.555385
0.982739
0.866452
0.141804
0.177756
0.123594
0.472425
0.178379
0.188380
0.373175
0.144947
0.241413
0.228944
0.258263
0.446725
0.131319
0.708164
0.145842
0.996891
0.701584
0.235033
0.142235
0.747277
0.659143
0.829155
0.645128
0.346920
0.329777
0.666151
0.962095
0.116868
0.182649
0.178940
0.798931
0.604315
0.432988
0.475145
0.316353
0.268703
0.868815
0.363118
0.021412
0.274866
0.210552
0.029695
0.089157
0.816010
0.642533
0.666804
0.561481
0.283342
0.030656
0.795725
0.426160
0.344600
0.435630
0.740911
0.194568
0.730401
0.567960
0.822819
0.547495
0.879090
0.327792
0.393787
0.853482
0.416196
0.595128
0.464256
0.252929
0.586257
0.346339
0.349992
0.086131
0.790064
0.380281
0.614833
0.188139
0.370530
0.647835
0.547958
0.113647
0.031597
0.145287
0.068965
0.248659
0.046890
0.604336
0.226994
0.741924
0.733022
0.886492
0.389689
0.899426
0.025471
0.960622
0.701557
0.452848
0.136250
0.049938
0.935968
0.682973
0.909931
0.716079
0.336911
0.668455
0.080051
0.087268
0.421341
0.778157
0.098190
0.715923
0.825267
0.442032
0.733775
0.796476
0.571253
0.153973
0.379398
0.111305
0.415216
0.684639
0.833621
0.573316
0.109505
0.639323
0.645018
0.866344
0.269697
0.483798
0.495913
0.264628
0.436107
0.099763
0.174700
0.352480
0.618997
0.113052
0.758942
0.224012
0.959387
0.876104
0.519114
0.776572
0.835195
0.966886
0.800868
0.423221
0.114556
0.697357
0.782216
0.738966
0.983212
0.884945
0.295804
0.069300
0.639000
0.431878
0.104430
0.611332
0.801066
0.152771
0.603608
0.117961
0.681442
0.285708
0.365988
0.661369
0.428146
0.883233
0.441060
0.357835
0.797642
0.395936
0.566228
0.932499
0.535296
0.493601
0.352992
0.368182
0.829710
0.199556
0.989886
0.811544
0.814176
0.597682
0.691599
0.624331
0.079137
0.484646
0.145470
0.985852
0.055878
0.830688
0.920545
0.340531
0.065506
0.650820
0.553567
0.103717
0.289929
0.916506
0.887639
0.299084
0.513443
0.419760
0.774442
0.907937
0.664828
0.672765
0.255737
0.917571
0.029678
0.044265
0.594598
0.912197
0.929931
0.628598
0.546202
0.152637
0.220196
0.965612
0.040948
0.833495
0.525990
0.503244
0.232613
0.529257
0.754275
0.864146
0.859058
0.981143
0.407840
0.960610
0.024607
0.618562
0.107809
0.136889
0.278419
0.633936
0.807716
0.815679
0.902603
0.665257
0.412638
0.018553
0.292990
0.111865
0.201353
0.223109
0.603815
0.787318
0.001705
0.838736
0.309284
0.767332
0.761530
0.326659
0.118370
0.236099
0.871677
0.278184
0.857025
0.483114
0.574888
0.390011
0.331483
0.614166
0.385284
0.950870
0.118941
0.470374
0.857848
0.565351
0.243535
0.701088
0.104924
0.196252
0.316535
0.209839
0.336129
0.185534
0.214574
0.634098
0.687214
0.617461
0.487676
0.272795
0.849870
0.788907
0.413120
0.630990
0.274960
0.646255
0.909658
0.495880
0.112528
0.002867
0.101345
0.226755
0.798641
0.254473
0.357872
0.564694
0.386721
0.922956
0.559555
0.123433
0.043808
0.864321
0.545525
0.486053
0.643864
0.728793
0.342583
0.224303
0.253914
0.536192
0.463853
0.697264
0.546944
0.976404
0.169092
0.238992
0.419889
0.632850
0.935057
0.673121
0.336942
0.298466
0.071912
0.405231
0.258416
0.372661
0.501707
0.847356
0.413433
0.129757
0.483475
0.375948
0.200126
0.992174
0.806647
0.465088
0.078535
0.554579
0.695028
0.167048
0.497096
0.639741
0.866428
0.626383
0.560908
0.446176
0.611702
0.251662
0.815799
0.616945
0.109102
0.268315
0.052660
0.735128
0.927702
0.420837
0.407295
0.173513
0.733724
0.164007
0.077014
0.904507
0.766722
0.908553
0.140745
0.743980
0.854156
0.191901
0.058279
0.663997
0.472391
0.500647
0.349459
0.290744
0.013838
0.147089
0.488147
0.203482
0.591923
0.912643
0.570483
0.288280
0.000924
0.228821
0.573524
0.468580
0.173303
0.630679
0.859339
0.847131
0.454719
0.044374
0.711100
0.536315
0.292240
0.662631
0.430879
0.533930
0.534634
0.519269
0.562534
0.398666
0.239762
0.243244
0.915259
0.595047
0.921888
0.497365
0.901619
0.284921
0.034735
0.477475
0.524927
0.536616
0.641964
0.051687
0.771000
0.070793
0.877717
0.190461
0.904059
0.352505
0.632348
0.607874
0.820960
0.332971
0.833493
0.880445
0.376246
0.124471
0.635356
0.906952
0.006518
0.212301
0.419234
0.642658
0.719300
0.245058
0.869877
0.602703
0.091552
0.446995
0.883675
0.247617
0.477892
0.133954
0.028628
0.901171
0.649830
0.729298
0.789815
0.216447
0.175325
0.032353
0.459049
0.105936
0.462851
0.924761
0.059566
0.738777
0.605068
0.267514
0.916236
0.232578
0.393058
0.672757
0.903401
0.625450
0.670772
0.281067
0.025326
0.999297
0.958476
0.460148
0.041483
0.178699
0.000334
0.709721
0.558535
0.487982
0.951026
0.426963
0.324876
0.896630
0.785129
0.895925
0.818567
0.601055
0.525733
0.923727
0.286352
0.306781
0.989912
0.388608
0.825373
0.114242
0.241753
0.194538
0.289948
0.945209
0.241931
0.270540
0.627296
0.643944
0.558606
0.508271
0.806838
0.562982
0.339669
0.518932
0.900365
0.210242
0.282217
0.602239
0.922222
0.051132
0.422186
0.069779
0.061071
0.282553
0.415319
0.438414
0.473835
0.328059
0.409385
0.814076
0.398195
0.244826
0.795491
0.001782
0.237330
0.530054
0.361625
0.405378
0.228303
0.110673
0.801562
0.193676
0.307187
0.286043
0.913889
0.503313
0.797287
0.056167
0.275327
0.789877
0.273948
0.641814
0.915378
0.916527
0.586862
0.919062
0.640467
0.944075
0.969469
0.326951
0.849662
0.041135
0.840186
0.238040
0.004303
0.821715
0.441550
0.529359
0.523657
0.017142
0.494821
0.674087
0.800439
0.647541
0.427673
0.157677
0.895507
0.145400
0.303996
0.768462
0.271606
0.742116
0.924745
0.731107
0.762049
0.321544
0.738676
0.947732
0.801923
0.008352
0.497651
0.539050
0.345861
0.550970
0.293218
0.486178
0.786563
0.808564
0.734031
0.559689
0.610005
0.010256
0.066387
0.779423
0.374216
0.245819
0.736149
0.817018
0.385364
0.615602
0.957332
0.770442
0.034000
0.530335
0.742819
0.390065
0.121132
0.647654
0.502585
0.700148
0.483400
0.372419
0.895283
0.165929
0.263265
0.664782
0.285467
0.529593
0.067533
0.197951
0.800574
0.649966
0.928867
0.713167
0.973290
0.399337
0.202511
0.430621
0.904294
0.711878
0.676263
0.712232
0.380501
0.353862
0.986872
0.127173
0.761897
0.055634
0.771132
0.857774
0.517481
0.264972
0.545010
0.887598
0.093434
0.454090
0.418382
0.942809
0.364933
0.437897
0.095250
0.191748
0.021420
0.385843
0.967569
0.647482
0.112861
0.777400
0.132681
0.137065
0.124817
0.652305
0.106459
0.094512
0.820883
0.628477
0.483053
0.969129
0.894333
0.837139
0.532943
0.305539
0.893167
0.487303
0.319026
0.807444
0.845090
0.098136
0.539856
0.626313
0.416543
0.702868
0.533755
0.573401
0.932401
0.753305
0.360305
0.715071
0.284358
0.058318
0.139261
0.325591
0.024757
0.438363
0.002983
0.308541
0.121442
0.733311
0.598251
0.999612
0.015309
0.271989
0.657515
0.693886
0.337036
0.604753
0.208005
0.935294
0.699003
0.468151
0.569215
0.622527
0.162856
0.143088
0.833672
0.553731
0.807182
0.181483
0.570720
0.303140
0.282436
0.304873
0.435755
0.119754
0.574874
0.062124
0.214820
0.106235
0.625717
0.809654
0.952797
0.692476
0.918122
0.030607
0.678363
0.701611
0.089336
0.020244
0.185240
0.127293
0.719628
0.161311
0.301466
0.532589
0.348356
0.320291
0.380124
0.347190
0.860603
0.284688
0.789346
0.807271
0.549218
0.401571
0.238758
0.049474
0.495140
0.983885
0.735922
0.557234
0.516424
0.235765
0.060733
0.556019
0.640573
0.070571
0.228915
0.777896
0.167042
0.711526
0.697564
0.650881
0.453161
0.377705
0.865532
0.222425
0.107346
0.967436
0.917994
0.978596
0.573107
0.803668
0.545874
0.072429
0.884959
0.345024
0.684437
0.899762
0.656318
0.982600
0.918068
0.453782
0.087634
0.623311
0.706250
0.617445
0.662445
0.739978
0.324715
0.604800
0.416317
0.777409
0.470492
0.898753
0.639663
0.620379
0.544539
0.436617
0.015425
0.928493
0.754536
0.820337
0.636272
0.246077
0.536270
0.251946
0.717302
0.421039
0.397344
0.664914
0.977636
0.080533
0.773571
0.508567
0.450558
0.075506
0.847462
0.387803
0.474076
0.330024
0.610457
0.727724
0.873558
0.620713
0.715715
0.958284
0.171282
0.219595
0.435935
0.955230
0.324570
0.109952
0.239320
0.360036
0.019426
0.726168
0.164739
0.584462
0.429127
0.768433
0.211578
0.108174
0.320556
0.042128
0.867822
0.845542
0.172919
0.206984
0.547533
0.807388
0.016025
0.576810
0.071870
0.853841
0.935053
0.267947
0.240930
0.536429
0.796572
0.181314
0.451463
0.793608
0.881805
0.944049
0.021529
0.698691
0.657362
0.503704
0.300532
0.588846
0.244998
0.829563
0.544289
0.426861
0.878636
0.947102
0.301681
0.283701
0.351918
0.425382
0.433137
0.671616
0.489833
0.612354
0.712449
0.318496
0.835212
0.325691
0.962014
0.740085
0.070898
0.859895
0.156974
0.945148
0.231463
0.863712
0.584594
0.279285
0.259147
0.722083
0.749589
0.177075
0.176197
0.187576
0.921527
0.522971
0.563484
0.337746
0.283717
0.913835
0.620800
0.974648
0.180269
0.037366
0.039880
0.864835
0.695019
0.219578
0.933410
0.073711
0.317549
0.211927
0.052937
0.955011
0.952084
0.167030
0.401050
0.289223
0.558178
0.345857
0.738020
0.845688
0.941038
0.185094
0.524358
0.290376
0.156433
0.379245
0.886812
0.440460
0.792281
0.468253
0.589004
0.240056
0.527403
0.109788
0.806328
0.408044
0.448157
0.719851
0.309411
0.194787
0.085685
0.121709
0.247281
0.332786
0.089676
0.308923
0.870689
0.626602
0.307499
0.633050
0.762390
0.296454
0.328531
0.821630
0.443694
0.561315
0.679779
0.040705
0.838575
0.961495
0.827434
0.983468
0.215915
0.814959
0.315982
0.109584
0.849167
0.260067
0.237444
0.017269
0.167392
0.641253
0.103345
0.513034
0.293122
0.171149
0.035241
0.684661
0.226172
0.777708
0.299998
0.786125
0.927923
0.789651
0.006420
0.534990
0.061812
0.396592
0.522840
0.701659
0.261210
0.956917
0.752709
0.255857
0.618204
0.829241
0.058261
0.620755
0.443347
0.131173
0.701575
0.483245
0.548556
0.138272
0.387778
0.505597
0.899035
0.929413
0.666068
0.986884
0.995599
0.662059
0.749354
0.011441
0.050725
0.868888
0.040787
0.797817
0.659128
0.549388
0.452626
0.398179
0.219965
0.276792
0.226722
0.590286
0.810766
0.039500
0.532492
0.918817
0.245009
0.120929
0.853296
0.468894
0.852346
0.823811
0.160455
0.852893
0.523863
0.642062
0.810277
0.244648
0.169606
0.250370
0.036837
0.457405
0.081617
0.140337
0.015306
0.309819
0.406875
0.400699
0.759442
0.806038
0.869327
0.083588
0.224627
0.341710
0.881251
0.180946
0.905454
0.779490
0.828811
0.864532
0.045201
0.279253
0.666247
0.525352
0.273309
0.355393
0.303678
0.036763
0.625694
0.324006
0.905197
0.609813
0.410012
0.825895
0.141506
0.706170
0.291959
0.118464
0.163700
0.616905
0.196805
0.644129
0.315537
0.944795
0.649416
0.749731
0.098185
0.081017
0.882319
0.267844
0.096339
0.628361
0.400363
0.815455
0.404182
0.173306
0.537314
0.629189
0.724854
0.976601
0.318572
0.471558
0.913164
0.460989
0.458779
0.714147
0.177850
0.297225
0.486593
0.157651
0.830862
0.694050
0.573691
0.183339
0.975205
0.999764
0.033053
0.566135
0.452690
0.034717
0.383875
0.007930
0.055620
0.854743
0.207810
0.384881
0.253501
0.851159
0.453414
0.730115
0.543225
0.726523
0.702149
0.400965
0.029099
0.746629
0.868762
0.187113
0.742210
0.604880
0.659311
0.704338
0.766014
0.888840
0.499144
0.360902
0.930011
0.700768
0.827468
0.975394
0.133794
0.941666
0.251077
0.432870
0.471729
0.655944
0.782849
0.179281
0.930573
0.982329
0.845795
0.133325
0.449334
0.544008
0.095062
0.422436
0.468002
0.712001
0.952040
0.080283
0.388907
0.312152
0.719725
0.253151
0.755594
0.036360
0.779206
0.000217
0.777512
0.628277
0.785378
0.308132
0.437334
0.704879
0.476960
0.515411
0.888482
0.757374
0.292228
0.920861
0.744956
0.153744
0.897495
0.568345
0.979783
0.093953
0.059593
0.115185
0.262489
0.997050
0.455223
0.532985
0.194766
0.324014
0.547034
0.308951
0.045789
0.754518
0.966212
0.636134
0.478026
0.880453
0.930966
0.047571
0.608462
0.391254
0.465875
0.478963
0.521231
0.390013
0.044145
0.176337
0.472175
0.076139
0.088365
0.209600
0.174670
0.187778
0.479765
0.042855
0.384580
0.240241
0.144868
0.252146
0.899950
0.696927
0.324962
0.597378
0.932114
0.535192
0.560418
0.445711
0.697629
0.536868
0.620392
0.628932
0.117727
0.653781
0.820088
0.989090
0.520749
0.632057
0.743102
0.838964
0.535086
0.181071
0.535368
0.722399
0.481127
0.346750
0.479279
0.011904
0.051090
0.694138
0.670244
0.006522
0.169899
0.767598
0.591526
0.193362
0.407568
0.222113
0.363970
0.784436
0.147228
0.696433
0.192158
0.531817
0.870772
0.915479
0.153712
0.325481
0.108210
0.699777
0.209600
0.278526
0.993835
0.354652
0.235228
0.664395
0.402944
0.689527
0.679299
0.372975
0.712618
0.352685
0.203439
0.851405
0.478351
0.980948
0.503657
0.067596
0.369395
0.375453
0.487226
0.827921
0.417739
0.589554
0.707308
0.165552
0.851604
0.815034
0.433983
0.034382
0.081259
0.687606
0.064678
0.659300
0.844411
0.308005
0.709414
0.742514
0.396293
0.643917
0.296075
0.865219
0.226116
0.090218
0.356805
0.583784
0.111463
0.917306
0.816662
0.550987
0.884432
0.023139
0.507415
0.819065
0.811355
0.264500
0.279477
0.047501
0.699477
0.414175
0.349882
0.561501
0.191182
0.257435
0.879298
0.925991
0.125798
0.084433
0.551477
0.425347
0.511541
0.982861
0.578414
0.503596
0.711064
0.312191
0.877757
0.927993
0.793027
0.018819
0.078526
0.217071
0.013053
0.298885
0.279639
0.420684
0.668908
0.347995
0.494784
0.774352
0.719353
0.666754
0.208104
0.365384
0.891165
0.777134
0.288572
0.957625
0.335709
0.203310
0.376724
0.411021
0.281160
0.684630
0.084990
0.009144
0.589236
0.617619
0.620909
