#dev
0.172286
0.914720
0.688017
0.009968
0.713837
0.583015
0.411500
0.451844
0.318650
0.088236
0.003685
0.920206
0.850554
0.821195
0.119121
0.411160
0.908969
0.747388
0.903394
0.406782
0.206074
0.249432
0.443649
0.845374
0.949340
0.112145
0.508855
0.623025
0.656389
0.110596
0.016494
0.938370
0.696552
0.861000
0.154227
0.513515
0.587694
0.315259
0.818261
0.038406
0.126232
0.880720
0.570252
0.225238
0.662910
0.970077
0.523707
0.115099
0.298668
0.909470
0.358373
0.351455
0.427940
0.117156
0.732924
0.484275
0.536450
0.106732
0.975411
0.063943
0.524832
0.947800
0.627187
0.754312
0.307589
0.848070
0.796014
0.477298
0.180416
0.503056
0.731427
0.094988
0.280987
0.026206
0.510537
0.345882
0.634056
0.841258
0.452612
0.046104
0.188149
0.842042
0.150213
0.419543
0.257075
0.839274
0.894388
0.168093
0.624379
0.240097
0.108857
0.211412
0.298982
0.199466
0.123098
0.890540
0.368227
0.010185
0.656051
0.231536
0.472028
0.858361
0.578887
0.937011
0.427581
0.614506
0.088261
0.891183
0.955736
0.835829
0.687894
0.695767
0.200028
0.749921
0.901305
0.344736
0.866876
0.625076
0.937578
0.865948
0.974301
0.704271
0.085797
0.403557
0.798044
0.504039
0.727038
0.637482
0.366361
0.513727
0.571660
0.655813
0.679296
0.647791
0.197754
0.560454
0.288285
0.914781
0.874326
0.952280
0.962461
0.389336
0.709551
0.381258
0.661811
0.341713
0.183395
0.531165
0.966595
0.651254
0.156414
0.914755
0.492504
0.866844
0.961969
0.232082
0.155672
0.817486
0.155890
0.976105
0.983401
0.685186
0.596534
0.162444
0.145950
0.368138
0.292708
0.866917
0.148413
0.179476
0.452719
0.561359
0.360605
0.333810
0.624385
0.528439
0.073789
0.146240
0.851419
0.456695
0.463055
0.136421
0.965494
0.882966
0.944860
0.635431
0.982712
0.030332
0.008041
0.054619
0.853363
0.714119
0.393190
0.707823
0.621676
0.394689
0.150887
0.480461
0.281054
0.041034
0.947234
0.444333
0.700634
0.740457
0.750471
0.443388
0.688193
0.813068
0.642267
0.175246
0.326550
0.541056
0.790327
0.302573
0.756844
0.336646
0.106074
0.818241
0.710218
0.693674
0.724899
0.414018
0.734466
0.399521
0.291394
0.853737
0.695562
0.139805
0.134332
0.702787
0.024510
0.580224
0.474355
0.824504
0.142811
0.640096
0.941320
0.413533
0.647526
0.721679
0.180115
0.323619
0.078473
0.978822
0.407388
0.874013
0.881723
0.007908
0.332679
0.230735
0.777976
0.942722
0.183585
0.886546
0.941710
0.511478
0.155360
0.471300
0.543517
0.956949
0.841974
0.361397
0.947700
0.476795
0.171570
0.806758
0.880094
0.267773
0.559377
0.023846
0.674783
0.970562
0.072642
0.115889
0.556867
0.037229
0.963731
0.463223
0.652904
0.865677
0.230120
0.298375
0.668940
0.659249
0.586014
0.447453
0.113013
0.428565
0.234440
0.321312
0.786313
0.019916
0.887073
0.300703
0.043376
0.052383
0.040175
0.037779
0.592205
0.306288
0.448799
0.234469
0.232376
0.919781
0.090004
0.233747
0.822114
0.318843
0.632958
0.833983
0.630167
0.588808
0.175306
0.905478
0.317916
0.061936
0.818632
0.432085
0.661342
0.674333
0.770786
0.034241
0.357988
0.674733
0.230527
0.851732
0.264355
0.944737
0.153759
0.108560
0.114747
0.521914
0.365612
0.966084
0.420724
0.269918
0.785728
0.346338
0.125225
0.489067
0.114336
0.711642
0.768093
0.680161
0.990148
0.428273
0.420080
0.639385
0.588169
0.595173
0.566055
0.656220
0.365014
0.991924
0.350496
0.212080
0.078912
0.359187
0.802175
0.746851
0.276457
0.834890
0.090412
0.262416
0.464626
0.313506
0.587959
0.286169
0.375716
0.311646
0.186985
0.968494
0.552320
0.901986
0.200581
0.551302
0.697464
0.385317
0.272236
0.418467
0.703379
0.353724
0.175980
0.385876
0.085938
0.510213
0.691862
0.354573
0.700499
0.767113
0.752469
0.798435
0.086675
0.533935
0.194417
0.544911
0.079305
0.692870
0.147468
0.380261
0.721418
0.720370
0.660289
0.090103
0.362605
0.990057
0.728613
0.043578
0.565110
0.405867
0.666990
0.833781
0.392212
0.713508
0.524195
0.716639
0.526767
0.693063
0.437861
0.958877
0.659223
0.763157
0.667059
0.629734
0.506283
0.796913
0.434158
0.233570
0.294614
0.422410
0.980495
0.236800
0.051203
0.982509
0.387853
0.221298
0.044807
0.719409
0.545560
0.850776
0.095233
0.681855
0.972880
0.088606
0.505329
0.379131
0.654544
0.538615
0.803776
0.340594
0.710500
0.432669
0.966637
0.981410
0.492768
0.557689
0.635279
0.257861
0.023075
0.807168
0.812835
0.236834
0.292100
0.924253
0.517903
0.356006
0.618755
0.350791
0.741455
0.750350
0.597142
0.744308
0.301756
0.737827
0.267426
0.116955
0.755059
0.547705
0.459856
0.490910
0.501447
0.528585
0.250031
0.366442
0.651824
0.763862
0.396951
0.934439
0.791915
0.858498
0.328750
0.216474
0.612350
0.235290
0.806651
0.923555
0.762541
0.668533
0.994717
0.390334
0.443832
0.299586
0.247531
0.674517
0.070226
0.818225
0.002907
0.880973
0.100336
0.886116
0.531895
0.655275
0.361673
0.488919
0.800463
0.880156
0.249284
0.980428
0.979745
0.548174
0.158301
0.109181
0.395206
0.331485
0.899390
0.762927
0.416677
0.141346
0.314247
0.481329
0.495208
0.441281
0.444124
0.158857
0.580106
0.333821
0.668645
0.458896
0.378287
0.425594
0.907431
0.191881
0.523023
0.743090
0.117837
0.914494
0.921906
0.184732
0.419175
0.139786
0.123039
0.676321
0.531470
0.845953
0.539442
0.478508
0.852759
0.726053
0.416779
0.467641
0.728355
0.045757
0.427932
0.276012
0.274199
0.394004
0.935748
0.393857
0.113773
0.304680
0.535348
0.773039
0.653663
0.237596
0.519580
0.559691
0.559353
0.385209
0.002136
0.858384
0.199184
0.165617
0.726157
0.291087
0.679916
0.983690
0.522175
0.567078
0.661518
0.840880
0.945375
0.691325
0.828676
0.602340
0.102499
0.284188
0.050917
0.623990
0.154390
0.099681
0.631524
0.120207
0.383670
0.647252
0.004712
0.298987
0.305918
0.678702
0.705765
0.719545
0.404940
0.337805
0.390224
0.714383
0.578268
0.917331
0.805602
0.765332
0.792805
0.306731
0.355650
0.315869
0.688159
0.942993
0.430253
0.300898
0.953323
0.383850
0.989402
0.358517
0.453281
0.266326
0.541098
0.364175
0.422082
0.097646
0.451042
0.866547
0.366568
0.797711
0.936814
0.620306
0.192336
0.124187
0.572286
0.907783
0.366711
0.642794
0.611429
0.007219
0.308598
0.013606
0.929681
0.467666
0.061729
0.416454
0.021434
0.682645
0.344658
0.397370
0.321132
0.113097
0.715639
0.720360
0.303039
0.216235
0.453701
0.814015
0.946952
0.040770
0.084086
0.361306
0.539217
0.508779
0.109360
0.204092
0.254121
0.606740
0.326834
0.780664
0.474184
0.840516
0.428090
0.506907
0.259278
0.770631
0.348239
0.109665
0.053254
0.138186
0.427301
0.392240
0.958931
0.269557
0.774012
0.887799
0.275497
0.907956
0.032698
0.479533
0.479718
0.110977
0.370001
0.808093
0.902259
0.390216
0.016940
0.185160
0.654548
0.350802
0.016562
0.684484
0.222949
0.448726
0.378706
0.595194
0.310812
0.839963
0.368514
0.362791
0.892199
0.099578
0.938405
0.486702
0.882590
0.778027
0.935382
0.424342
0.842400
0.506391
0.804650
0.814909
0.641361
0.817734
0.491447
0.085082
0.130097
0.907747
0.587342
0.646668
0.616117
0.588337
0.743672
0.215411
0.022983
0.301307
0.798600
0.652527
0.143893
0.848415
0.047883
0.897234
0.676218
0.786199
0.541983
0.870229
0.955578
0.040343
0.669623
0.394644
0.382523
0.261142
0.843365
0.521862
0.759515
0.798874
0.635927
0.843403
0.610030
0.690440
0.573491
0.204928
0.436746
0.715325
0.617800
0.361811
0.865072
0.383375
0.544681
0.441231
0.206870
0.876610
0.520489
0.336501
0.564682
0.399274
0.612532
0.788844
0.462380
0.134924
0.539702
0.493915
0.269786
0.144603
0.616550
0.056535
0.401923
0.719098
0.366727
0.844043
0.690329
0.626959
0.215068
0.507920
0.734601
0.433707
0.726147
0.261203
0.160345
0.921507
0.423052
0.083831
0.425300
0.696942
0.184607
0.638197
0.212275
0.254702
0.320309
0.245287
0.392741
0.287094
0.126590
0.415868
0.354161
0.638316
0.775697
0.242736
0.423882
0.583179
0.090049
0.640915
0.588531
0.260307
0.843825
0.658424
0.539272
0.852494
0.051947
0.624544
0.940561
0.105628
0.873183
0.476508
0.583391
0.491075
0.238139
0.075461
0.160638
0.696860
0.398758
0.164021
0.130723
0.616852
0.364554
0.665675
0.527197
0.009689
0.647252
0.671556
0.732093
0.077110
0.688262
0.370855
0.033996
0.705765
0.737379
0.291577
0.030112
0.062079
0.262569
0.562861
0.163868
0.307007
0.886948
0.656833
0.498408
0.001038
0.475824
0.051368
0.099255
0.091479
0.611156
0.521085
0.061729
0.195239
0.513178
0.775271
0.143008
0.369109
0.285621
0.261726
0.550952
0.026738
0.238465
0.843507
0.118163
0.277318
0.876683
0.737160
0.886946
0.294685
0.720826
0.277971
0.365120
0.292328
0.881399
0.613019
0.488049
0.613910
0.583783
0.351357
0.411347
0.987444
0.361675
0.371978
0.990057
0.084595
0.449289
0.719199
0.523661
0.637417
0.506349
0.607553
0.833108
0.705254
0.058794
0.352184
0.932207
0.266695
0.641558
0.968322
0.287948
0.075836
0.483637
0.885045
0.977089
0.933872
0.493944
0.242346
0.630790
0.880097
0.282087
0.975280
0.740117
0.889173
0.334459
0.245263
0.119065
0.635627
0.496427
0.943589
0.946457
0.873783
0.202245
0.736393
0.744597
0.437266
0.678409
0.170561
0.359251
0.801475
0.720328
0.504501
0.133813
0.074054
0.499953
0.063784
0.093593
0.915783
0.643726
0.556207
0.319203
0.965213
0.263286
0.780049
0.457924
0.296975
0.509936
0.498821
0.337698
0.222526
0.138990
0.501865
0.606101
0.513942
0.639681
0.153699
0.294237
0.051719
0.135233
0.770352
0.653986
0.855808
0.957504
0.099303
0.305167
0.829480
0.819980
0.376904
0.056159
0.936429
0.667209
0.975001
0.606234
0.535539
0.680329
0.851578
0.693382
0.542119
0.726326
0.977208
0.073793
0.780739
0.709150
0.240646
0.740871
0.388820
0.316726
0.048813
0.465479
0.452310
0.358994
0.338863
0.229976
0.969620
0.105164
0.800937
0.587955
0.996573
0.146832
0.417247
0.982607
0.598827
0.648482
0.991704
0.232097
0.577091
0.115178
0.628409
0.679003
0.724845
0.025988
0.631661
0.953744
0.782789
0.958447
0.331279
0.330404
0.233540
0.522564
0.537132
0.064640
0.215850
0.720385
0.403481
0.181242
0.491015
0.822792
0.691860
0.993952
0.734601
0.367986
0.836720
0.966523
0.645350
0.100801
0.252276
0.118299
0.648272
0.287107
0.958423
0.613559
0.253181
0.834155
0.505827
0.524781
0.470902
0.166923
0.787501
0.565766
0.442510
0.721132
0.242100
0.112109
0.374208
0.591954
0.733495
0.034301
0.939771
0.876353
0.899360
0.386291
0.225420
0.101645
0.989329
0.621290
0.568056
0.529811
0.908419
0.969217
0.066120
0.529145
0.709923
0.073503
0.075112
0.896154
0.619517
0.287779
0.073535
0.572165
0.153896
0.686120
0.570621
0.003260
0.366105
0.990148
0.318148
0.991924
0.298101
0.381924
0.183230
0.715639
0.629400
0.680342
0.320678
0.760286
0.226561
0.729601
0.875739
0.411031
0.483513
0.913870
0.526154
0.831842
0.393887
0.941576
0.290588
0.511754
0.817317
0.898028
0.330492
0.435075
0.208597
0.557991
0.080529
0.897317
0.206926
0.851900
0.255048
0.812388
0.828744
0.839904
0.585456
0.176431
0.910334
0.417215
0.993644
0.741476
0.183705
0.707817
0.181310
0.549029
0.010889
0.255236
0.405807
0.353729
0.431116
0.733684
0.045188
0.150582
0.314310
0.425198
0.990057
0.428509
0.403575
0.040095
0.836031
0.418358
0.999747
0.527766
0.924465
0.127605
0.341310
0.002936
0.647069
0.067915
0.141140
0.925624
0.877666
0.648878
0.686925
0.919468
0.965218
0.037827
0.588949
0.686712
0.001455
0.480064
0.809352
0.345208
0.494769
0.164453
0.812942
0.433964
0.634153
0.545685
0.083908
0.735906
0.841535
0.555782
0.618050
0.202220
0.731633
0.089499
0.358991
0.606106
0.940053
0.377926
0.937368
0.506241
0.041860
0.265264
0.141661
0.985053
0.447538
0.416017
0.304968
0.189177
0.949047
0.840821
0.849854
0.856087
0.697609
0.623216
0.569016
0.600862
0.763540
0.669050
0.677882
0.992401
0.413113
0.499489
0.600075
0.087990
0.138795
0.903266
0.094998
0.685498
0.533251
0.363459
0.412502
0.554548
0.420828
0.430984
0.301394
0.509532
0.312014
0.146106
0.248731
0.721025
0.078314
0.906652
0.892909
0.909510
0.535191
0.244227
0.776806
0.674762
0.923003
0.664570
0.151090
0.533562
0.482747
0.224544
0.620838
0.361449
0.610439
0.137340
0.239613
0.061802
0.391119
0.765976
0.982195
0.819127
0.659935
0.276616
0.017736
0.306121
0.578390
0.397649
0.379342
0.991704
0.181448
0.493505
0.994284
0.094578
0.068731
0.671693
0.596311
0.973577
0.086587
0.375397
0.572444
0.439356
0.930897
0.394344
0.703033
0.104600
0.680402
0.616310
0.803420
0.705647
0.584872
0.405002
0.082016
0.331580
0.701754
0.855361
0.611277
0.469217
0.163044
0.277139
0.901948
0.285000
0.330201
0.119079
0.602758
0.077246
0.917193
0.494810
0.593624
0.701633
0.370848
0.508279
0.257626
0.084881
0.455533
0.588005
0.267787
0.290033
0.202577
0.575551
0.237882
0.333389
0.624733
0.970944
0.600037
0.558360
0.502723
0.909976
0.233371
0.262190
0.104302
0.075779
0.184116
0.433348
0.839490
0.067075
0.404768
0.307401
0.540706
0.042267
0.273463
0.326226
0.720122
0.563106
0.569927
0.000276
0.469486
0.601966
0.525253
0.300791
0.285201
0.023915
0.026891
0.480570
0.163271
0.215787
0.524258
0.080297
0.188855
0.526431
0.880262
0.110636
0.152001
0.999919
0.245648
0.774370
0.047383
0.030650
0.150602
0.339315
0.738822
0.946812
0.716499
0.122142
0.900391
0.511083
0.062978
0.257837
0.130996
0.575816
0.705049
0.541539
0.408754
0.190107
0.393863
0.322698
0.319829
0.151038
0.304886
0.065065
0.068344
0.444609
0.707817
0.701025
0.417925
0.368882
0.288039
0.008435
0.688559
0.414868
0.447098
0.430407
0.991588
0.467592
0.677568
0.314310
0.307836
0.356737
0.476120
0.300885
0.519200
0.192333
0.376537
0.221875
0.227432
0.425860
0.190683
0.434344
0.876059
0.424816
0.431453
0.139685
0.249723
0.633768
0.109063
0.185279
0.087438
0.812526
0.983864
0.605970
0.134377
0.783746
0.735049
0.675185
0.197671
0.662837
0.884690
0.807502
0.049443
0.741973
0.490733
0.438633
0.775560
0.201747
0.108954
0.843709
0.554233
0.944057
0.191313
0.584919
0.592532
0.924925
0.724774
0.056259
0.550186
0.309622
0.417903
0.239662
0.972144
0.015138
0.619323
0.548270
0.751951
0.484080
0.268494
0.675938
0.909290
0.633540
0.510993
0.536281
0.923537
0.173544
0.455703
0.677882
0.423717
0.520223
0.721375
0.860787
0.029622
0.513649
0.567260
0.683439
0.137090
0.194992
0.560911
0.757452
0.576197
0.431598
0.800068
0.480686
0.693245
0.037448
0.289840
0.554722
0.757417
0.823069
0.025011
0.743320
0.847713
0.232600
0.591394
0.379886
0.587136
0.571645
0.930753
0.065882
0.276556
0.152554
0.372532
0.429513
0.444833
0.681228
0.228576
0.456539
0.190492
0.054351
0.507045
0.679092
0.696445
0.641728
0.270239
0.735319
0.010009
0.723296
0.370252
0.423233
0.457342
0.496586
0.628409
0.391027
0.695659
0.376044
0.647758
0.697359
0.623232
0.441916
0.685152
0.477488
0.769014
0.689084
0.240469
0.944688
0.922547
0.042869
0.135841
0.264354
0.032634
0.124549
0.929521
0.343080
0.239894
0.188069
0.192885
0.367882
0.134798
0.238518
0.489039
0.346885
0.463184
0.718880
0.393100
0.821614
0.606135
0.018044
0.301511
0.449729
0.880129
0.089496
0.191323
0.914789
0.617808
0.126843
0.542041
0.118210
0.346704
0.922154
0.139487
0.183262
0.437225
0.876756
0.973633
0.556213
0.808006
0.186468
0.758311
0.757840
0.087342
0.316487
0.287989
0.366503
0.208682
0.119167
0.492515
0.050705
0.255651
0.850109
0.880480
0.920321
0.375464
0.985566
0.160564
0.142260
0.919876
0.764900
0.642261
0.100749
0.055190
0.700628
0.596467
0.979295
0.297034
0.887128
0.515578
0.026977
0.145560
0.565820
0.924507
0.144302
0.330913
0.135161
0.940200
0.146286
0.719912
0.740243
0.899027
0.497812
0.510180
0.148459
0.419420
0.603031
0.008826
0.270616
0.201297
0.131327
0.105217
0.923940
0.003485
0.146393
0.781655
0.554450
0.514266
0.797946
0.926443
0.487894
0.526330
0.512851
0.468289
0.437172
0.424807
0.700541
0.128685
0.993644
0.682273
0.051209
0.351818
0.597126
0.309263
0.388155
0.428875
0.008734
0.990057
0.297050
0.380478
0.033562
0.086407
0.336279
0.686105
0.426525
0.224449
0.320255
0.454708
0.544955
0.972262
0.295114
0.725720
0.751579
0.367503
0.710286
0.959776
0.549328
0.252928
0.637974
0.718065
0.917510
0.152325
0.468858
0.027556
0.178268
0.023001
0.109949
0.223977
0.265595
0.006757
0.138667
0.633581
0.892780
0.462250
0.016416
0.342352
0.282760
0.169141
0.462273
0.651748
0.413921
0.320419
0.998529
0.716394
0.674446
0.802064
0.250911
0.300271
0.304957
0.946004
0.554247
0.057401
0.482329
0.440206
0.300384
0.958437
0.094578
0.754717
0.454973
0.398227
0.961635
0.770291
0.378272
0.067757
0.050867
0.361705
0.168714
0.527794
0.247211
0.185519
0.914663
0.736384
0.890541
0.366017
0.985185
0.046350
0.702341
0.985185
0.581842
0.789670
0.726543
0.612823
0.499083
0.734808
0.704062
0.364151
0.990858
0.045986
0.419352
0.149128
0.936775
0.295380
0.018785
0.250181
0.555685
0.610913
0.203441
0.250626
0.560110
0.956029
0.470669
0.414079
0.211666
0.988264
0.709301
0.516598
0.275960
0.774196
0.596642
0.578170
0.649297
0.502411
0.301551
0.085431
0.274401
0.092955
0.439291
0.909081
0.759821
0.931622
0.468027
0.124861
0.171592
0.994284
0.424217
0.074110
0.420685
0.562406
0.921669
0.878356
0.617640
0.607381
0.023158
0.686260
0.221656
0.563597
0.944486
0.202684
0.743918
0.004308
0.647216
0.556636
0.082201
0.331417
0.709063
0.988167
0.448874
0.148769
0.735468
0.660022
0.996533
0.663405
0.489690
0.798809
0.138185
0.162803
0.310056
0.679153
0.790615
0.359712
0.067362
0.319884
0.725766
0.071903
0.622355
0.012692
0.346062
0.771532
0.844128
0.008683
0.542128
0.420176
0.220874
0.427664
0.563204
0.170147
0.815455
0.769501
0.857314
0.529804
0.279016
0.867511
0.935769
0.695219
0.971214
0.828143
0.940029
0.740355
0.898120
0.327028
0.614441
0.201192
0.600038
0.663812
0.826660
0.956817
0.122696
0.661294
0.061199
0.857777
0.192039
0.882076
0.045165
0.668444
0.656841
0.141196
0.374998
0.450017
0.433076
0.188549
0.897422
0.622245
0.894984
0.344891
0.992625
0.159901
0.022171
0.614136
0.445650
0.912055
0.289251
0.133707
0.204774
0.977458
0.480393
0.852649
0.484234
0.540050
0.828695
0.825210
0.531852
0.104074
0.169296
0.190747
0.507793
0.522201
0.502316
0.124516
0.301580
0.623652
0.728384
0.059759
0.993644
0.387623
0.737536
0.555993
0.713485
0.113382
0.991588
0.342132
0.293139
0.387083
0.288055
0.077200
0.024909
0.099482
0.383571
0.706652
0.990057
0.112831
0.715785
0.353704
0.941591
0.758367
0.532339
0.967968
0.039670
0.514007
0.090452
0.296869
0.225198
0.305866
0.806378
0.398703
0.120498
0.539280
0.798926
0.107652
0.257040
0.178711
0.792317
0.091296
0.602644
0.783180
0.099143
0.482225
0.321567
0.106421
0.792903
0.412857
0.598029
0.910555
0.725620
0.433041
0.695381
0.670600
0.501986
0.484163
0.560514
0.690016
0.317540
0.798924
0.739858
0.398629
0.340500
0.583173
0.230126
0.410761
0.580509
0.871633
0.625790
0.472727
0.092385
0.049735
0.678926
0.489026
0.093655
0.424287
0.731269
0.404216
0.636313
0.384326
0.431275
0.934316
0.634964
0.761016
0.015521
0.332787
0.164156
0.475029
0.412434
0.985185
0.335669
0.375288
0.384679
0.835609
0.270342
0.408268
0.514128
0.285138
0.233801
0.990858
0.340420
0.142434
0.578826
0.063964
0.305078
0.427287
0.370555
0.089208
0.313795
0.549883
0.070329
0.647908
0.155514
0.159098
0.332984
0.831248
0.204620
0.522008
0.575279
0.877631
0.892580
0.719584
0.147132
0.842588
0.893810
0.629414
0.490272
0.177697
0.032058
0.181748
0.922923
0.362981
0.871624
0.581714
0.416116
0.604770
0.692183
0.112687
0.691809
0.094948
0.559269
0.666569
0.690630
0.102220
0.324641
0.632634
0.172120
0.427809
0.786124
0.036391
0.221638
0.515848
0.916634
0.715796
0.141713
0.095608
0.424877
0.529779
0.131545
0.451572
0.413041
0.988167
0.004906
0.224101
0.663405
0.160332
0.061838
0.686232
0.085034
0.913389
0.467475
0.033052
0.240959
0.368985
0.990813
0.721457
0.605080
0.162537
0.893432
0.353154
0.311880
0.128526
0.884896
0.000803
0.628939
0.537414
0.508313
0.563982
0.445301
0.523293
0.606075
0.026003
0.914175
0.083960
0.212123
0.233244
0.084600
0.944645
0.927562
0.789092
0.060230
0.873625
0.330171
0.631400
0.823078
0.201705
0.029320
0.808887
0.810054
0.692483
0.959452
0.526153
0.563033
0.922429
0.160050
0.723227
0.643470
0.348628
0.589458
0.706940
0.036596
0.141721
0.232625
0.930353
0.666307
0.750414
0.204294
0.491489
0.445382
0.679280
0.050812
0.668366
0.034654
0.485242
0.482174
0.073820
0.036564
0.345722
0.144436
0.612339
0.039326
0.924499
0.461264
0.368786
0.902172
0.542857
0.070012
0.985610
0.395558
0.894906
0.137553
0.593628
0.116620
0.280990
0.623652
0.450975
0.418222
0.064965
0.587933
0.399714
0.851559
0.854897
0.190185
0.683774
0.687358
0.023168
0.211699
0.217049
0.990057
0.351646
0.037331
0.095345
0.376139
0.132361
0.072899
0.532671
0.668437
0.602010
0.891516
0.669682
0.508180
0.104772
0.236610
0.386468
0.079811
0.116309
0.115548
0.005278
0.455287
0.497913
0.249598
0.151251
0.554000
0.584582
0.898137
0.505487
0.679655
0.068174
0.980324
0.371015
0.245425
0.155592
0.224439
0.873161
0.479234
0.550962
0.226893
0.984233
0.446832
0.302006
0.042201
0.005358
0.745198
0.812677
0.923186
0.039372
0.355377
0.099540
0.990328
0.440476
0.673109
0.629320
0.794278
0.180709
0.391673
0.989970
0.111815
0.917217
0.781775
0.364692
0.581186
0.182193
0.569824
0.983702
0.358832
0.660087
0.056319
0.187081
0.047169
0.316959
0.393132
0.954061
0.670762
0.351539
0.291012
0.432446
0.194549
0.960798
0.383470
0.768646
0.067323
0.783723
0.419043
0.444636
0.778914
0.165743
0.935582
0.904818
0.078374
0.215687
0.986675
0.275926
0.496111
0.951356
0.510969
0.427368
0.108014
0.240540
0.908357
0.975841
0.677772
0.685392
0.070175
0.348480
0.615312
0.078370
0.189658
0.774907
0.588034
0.391651
0.509311
0.534309
0.866883
0.065134
0.221474
0.252148
0.826368
0.419602
0.522260
0.489933
0.419880
0.710308
0.415215
0.994284
0.306696
0.314013
0.648942
0.290951
0.737074
0.048118
0.355317
0.358559
0.070704
0.703108
0.702578
0.585288
0.730857
0.297197
0.440540
0.428900
0.029683
0.998021
0.045302
0.169842
0.412647
0.079819
0.988167
0.021103
0.691116
0.258022
0.244077
0.415492
0.448572
0.689842
0.730697
0.360796
0.777361
0.926548
0.812542
0.012530
0.700911
0.417822
0.306991
0.436576
0.293140
0.962428
0.942822
0.755676
0.918934
0.856142
0.923387
0.673667
0.122019
0.178773
0.751092
0.706870
0.542271
0.590592
0.136480
0.041734
0.586248
0.358836
0.532816
0.726528
0.311113
0.275265
0.944408
0.892664
0.855561
0.943728
0.830842
0.724178
0.008515
0.816217
0.891014
0.316196
0.468448
0.781225
0.692954
0.040138
0.668958
0.113021
0.122435
0.954613
0.701102
0.587980
0.981621
0.040443
0.618698
0.836592
0.976764
0.454487
0.584678
0.119355
0.704466
0.421982
0.251980
0.831613
0.939890
0.003931
0.780646
0.461057
0.452714
0.870827
0.504076
0.441883
0.936359
0.699718
0.277009
0.308360
0.800478
0.701373
0.361294
0.676042
0.403574
0.503259
0.964781
0.372189
0.459595
0.194159
0.195068
0.222797
0.612219
0.777858
0.594579
0.263956
0.598094
0.828990
0.195609
0.222437
0.991588
0.547546
0.397363
0.090594
0.006986
0.419152
0.629616
0.990057
0.171139
0.222567
0.781264
0.968961
0.797212
0.760759
0.582048
0.779246
0.926553
0.657765
0.988159
0.372548
0.477129
0.749691
0.487269
0.710257
0.444269
0.805442
0.409035
0.573071
0.990936
0.691393
0.661523
0.978584
0.440610
0.255249
0.416411
0.489885
0.794583
0.436496
0.956795
0.489981
0.122788
0.036512
0.074973
0.212152
0.984233
0.585442
0.699570
0.291779
0.037646
0.804552
0.938295
0.541763
0.112366
0.092581
0.288357
0.996551
0.101152
0.449826
0.329914
0.512481
0.722398
0.396576
0.255404
0.143297
0.145742
0.066630
0.041244
0.385058
0.238604
0.699775
0.759679
0.780021
0.756462
0.138985
0.256694
0.823029
0.741131
0.796960
0.952683
0.695869
0.123482
0.717865
0.468796
0.825902
0.484721
0.923689
0.171621
0.265218
0.776991
0.507450
0.865955
0.821407
0.935256
0.916473
0.588432
0.947922
0.693253
0.607188
0.044085
0.186340
0.499077
0.408887
0.698994
0.984464
0.506423
0.948486
0.227486
0.013454
0.424854
0.268603
0.800629
0.698617
0.561194
0.859315
0.929490
0.761049
0.525102
0.829224
0.515180
0.069547
0.160324
0.919564
0.005074
0.143654
0.232576
0.112613
0.534888
0.126600
0.473769
0.650668
0.791170
0.097735
0.345650
0.383556
0.161583
0.148637
0.758483
0.626089
0.812821
0.600732
0.249371
0.266175
0.284730
0.478552
0.859418
0.451321
0.235696
0.284792
0.925293
0.123429
0.665632
0.702331
0.435815
0.993440
0.310900
0.668416
0.383551
0.710033
0.401722
0.480226
0.996533
0.452252
0.717201
0.179814
0.012264
0.246567
0.645403
0.430836
0.752751
0.643035
0.708728
0.965102
0.754912
0.677492
0.151773
0.899955
0.165910
0.634558
0.322866
0.262562
0.711781
0.465573
0.782790
0.079752
0.586778
0.334697
0.093511
0.881019
0.776607
0.934462
0.463324
0.709024
0.573904
0.393076
0.749021
0.545976
0.792460
0.208560
0.135030
0.147441
0.910105
0.094427
0.752140
0.571484
0.501532
0.563421
0.489112
0.504522
0.466026
0.899323
0.260829
0.228816
0.237543
0.746226
0.795330
0.022654
0.334089
0.988177
0.654402
0.526677
0.673991
0.439444
0.570775
0.271233
0.659668
0.475714
0.178512
0.523551
0.052653
0.527756
0.037943
0.419009
0.732084
0.259009
0.015474
0.793665
0.108761
0.619517
0.371482
0.530386
0.627509
0.476860
0.183107
0.241669
0.994241
0.457686
0.626524
0.478918
0.263899
0.291638
0.605673
0.357892
0.321662
0.198473
0.478812
0.937446
0.382458
0.156911
0.153324
0.990057
0.658677
0.139512
0.427834
0.330187
0.518132
0.905046
0.225423
0.078334
0.338204
0.321260
0.019547
0.208464
0.906441
0.878637
0.396136
0.810698
0.427775
0.094875
0.231778
0.329953
0.868865
0.937994
0.763423
0.149319
0.210924
0.142559
0.391828
0.371060
0.558377
0.504096
0.605109
0.412425
0.848499
0.572308
0.746678
0.026348
0.158440
0.842296
0.005963
0.948956
0.446142
0.252875
0.970151
0.586163
0.683663
0.556715
0.187705
0.018789
0.208335
0.927569
0.547927
0.704205
0.451157
0.748675
0.115377
0.065656
0.415741
0.716220
0.099588
0.536565
0.101288
0.494641
0.156271
0.005765
0.452395
0.288771
0.742415
0.076371
0.518263
0.220073
0.445588
0.349491
0.217022
0.119761
0.758296
0.128422
0.664342
0.985185
0.317298
0.636556
0.869709
0.915916
0.687174
0.307496
0.583017
0.657233
0.862723
0.296989
0.596002
0.953192
0.672989
0.001757
0.459744
0.420364
0.103537
0.650711
0.111502
0.733654
0.672493
0.133092
0.696368
0.071410
0.488758
0.827958
0.445081
0.944497
0.610837
0.846097
0.911930
0.062859
0.059572
0.930807
0.903098
0.281562
0.943765
0.316455
0.270776
0.689054
0.536172
0.512934
0.549786
0.280115
0.085261
0.267301
0.470924
0.163135
0.380041
0.930307
0.425460
0.485164
0.177043
0.577572
0.874946
0.603306
0.401566
0.059843
0.918725
0.946458
0.651898
0.701699
0.352789
0.136656
0.687254
0.296176
0.854280
0.398565
0.500082
0.554093
0.318363
0.187152
0.936232
0.618472
0.300360
0.996533
0.042605
0.328533
0.254592
0.841579
0.954914
0.869860
0.842143
0.572517
0.564162
0.725991
0.530604
0.733078
0.561623
0.211348
0.853041
0.605011
0.120000
0.042458
0.357684
0.146611
0.249658
0.000208
0.241189
0.449372
0.661186
0.663678
0.182109
0.534067
0.647708
0.099613
0.088526
0.586060
0.744205
0.035191
0.378302
0.328862
0.850710
0.851947
0.732776
0.437572
0.618577
0.755407
0.749881
0.370796
0.822167
0.642487
0.003206
0.406314
0.096917
0.810753
0.293950
0.391582
0.790620
0.143289
0.889446
0.639386
0.516363
0.032635
0.473074
0.369849
0.628412
0.640285
0.992625
0.146672
0.878628
0.552046
0.515539
0.141579
0.610047
0.496270
0.680927
0.509264
0.211977
0.987655
0.150244
0.947822
0.700382
0.450021
0.047879
0.773705
0.248243
0.031868
0.912042
0.616207
0.311716
0.994241
0.392855
0.198433
0.151542
0.741663
0.997442
0.050937
0.122101
0.700406
0.990863
0.315257
0.772650
0.748793
0.401045
0.199732
0.385196
0.334128
0.374853
0.670650
0.123035
0.990057
0.357112
0.691434
0.139947
0.350246
0.015567
0.681682
0.075683
0.079099
0.445236
0.518935
0.514507
0.575840
0.749991
0.570996
0.959117
0.859391
0.189906
0.636345
0.145626
0.147029
0.843781
0.533263
0.041959
0.690850
0.279070
0.957804
0.434549
0.469063
0.281749
0.153978
0.338103
0.361503
0.382929
0.145550
0.335332
0.401612
0.253949
0.453485
0.181058
0.216205
0.439799
0.381139
0.874188
0.877478
0.023416
0.589616
0.050215
0.691619
0.230168
0.291909
0.800303
0.491164
0.414840
0.682051
0.233756
0.928077
0.927118
0.406927
0.674143
0.649035
0.296100
0.329798
0.572903
0.872593
0.870276
0.437540
0.205078
0.067196
0.442178
0.242263
0.042034
0.917202
0.065626
0.050013
0.569538
0.066266
0.277329
0.640781
0.767723
0.294007
0.561656
0.794672
0.657505
0.244068
0.199045
0.289792
0.789592
0.015743
0.894319
0.448140
0.203957
0.707856
0.481166
0.427132
0.651083
0.072509
0.429021
0.791137
0.752402
0.117018
0.146148
0.695839
0.799565
0.463499
0.657351
0.396484
0.994282
0.075287
0.537834
0.813996
0.086043
0.735086
0.079490
0.955323
0.968468
0.418328
0.047469
0.196821
0.663678
0.062830
0.720264
0.136743
0.889260
0.418159
0.784552
0.729325
0.108644
0.249932
0.044028
0.285442
0.731209
0.620191
0.416728
0.305068
0.557057
0.068380
0.729391
0.358781
0.814786
0.941765
0.929313
0.239603
0.397558
0.641481
0.797832
0.817958
0.448318
0.542898
0.675144
0.582304
0.677902
0.807693
0.634325
0.297750
0.348848
0.054831
0.799312
0.690214
0.589208
0.615634
0.645787
0.860015
0.807434
0.276927
0.930969
0.935792
0.691254
0.778829
0.760629
0.857248
0.919130
0.770905
0.935754
0.213511
0.685815
0.066278
0.694006
0.850714
0.384318
0.977523
0.517497
0.822962
0.532323
0.721052
0.235427
0.012423
0.566217
0.407280
0.296751
0.536708
0.531173
0.084177
0.334892
0.566070
0.599346
0.340380
0.176279
0.044382
0.674834
0.404700
0.861659
0.436111
0.065388
0.914572
0.080035
0.880514
0.085441
0.839342
0.858000
0.132513
0.818333
0.317000
0.203626
0.499912
0.719881
0.636331
0.652297
0.475913
0.949958
0.621021
0.427200
0.225881
0.729418
0.207971
0.331573
0.063756
0.639635
0.378334
0.177559
0.076876
0.910732
0.725226
0.803031
0.392697
0.430234
0.407973
0.425157
0.431312
0.578758
0.265041
0.742240
0.035890
0.303511
0.135296
0.420141
0.567111
0.929078
0.407350
0.684184
0.725989
0.018821
0.990057
0.194807
0.483599
0.288608
0.214239
0.878510
0.365537
0.641700
0.624737
0.267323
0.551719
0.078179
0.722878
0.926075
0.876105
0.650166
0.362233
0.069632
0.127463
0.579132
0.172223
0.987982
0.289306
0.440279
0.319494
0.531204
0.655884
0.708377
0.093346
0.422041
0.742859
0.483296
0.747065
0.964025
0.740229
0.462389
0.490897
0.759988
0.563201
0.986180
0.158614
0.398770
0.326083
0.490458
0.594565
0.823344
0.010694
0.578440
0.219192
0.120354
0.211602
0.901033
0.167050
0.139515
0.985222
0.506011
0.243597
0.199441
0.989970
0.584396
0.171347
0.850180
0.420086
0.408164
0.551424
0.224740
0.244737
0.879312
0.483353
0.883044
0.375726
0.535570
0.247584
0.501837
0.545791
0.964384
0.290176
0.493002
0.115049
0.719241
0.357875
0.004092
0.274012
0.616817
0.536916
0.166937
0.835101
0.235266
0.032165
0.676972
0.700115
0.289340
0.275887
0.928393
0.906603
0.315266
0.227998
0.904473
0.660974
0.405475
0.232218
0.714083
0.006340
0.093410
0.844332
0.382214
0.778830
0.701492
0.328469
0.723682
0.042036
0.127550
0.813185
0.256461
0.504476
0.300226
0.058381
0.217617
0.002726
0.322450
0.663803
0.325575
0.441138
0.131370
0.966069
0.654548
0.819812
0.367240
0.549555
0.439227
0.842365
0.393880
0.528456
0.744875
0.154027
0.999210
0.404107
0.663334
0.832461
0.680959
0.133776
0.710296
0.985918
0.026031
0.450485
0.305057
0.772044
0.156605
0.956195
0.103410
0.684439
0.575042
0.414486
0.217238
0.284079
0.785060
0.019961
0.607645
0.829785
0.422079
0.990918
0.600322
0.767267
0.070514
0.778320
0.770529
0.379308
0.935946
0.463181
0.271322
0.753918
0.064231
0.189206
0.897409
0.334789
0.225945
0.148186
0.074532
0.218507
0.249727
0.315167
0.748495
0.135152
0.660499
0.140738
0.888809
0.910829
0.224797
0.756350
0.471347
0.114555
0.866560
0.639448
0.999464
0.724238
0.807139
0.069021
0.631677
0.178166
0.913674
0.611893
0.962924
0.514708
0.111377
0.119307
0.060344
0.833530
0.112976
0.195177
0.009629
0.410473
0.356015
0.844296
0.182641
0.573830
0.132470
0.902642
0.311216
0.494794
0.767412
0.883828
0.037977
0.186502
0.013378
0.146444
0.626252
0.305908
0.030816
0.506316
0.333798
0.856559
0.425315
0.155095
0.396394
0.878495
0.109157
0.180586
0.607072
0.948624
0.278521
0.397950
0.994241
0.385186
0.314178
0.506816
0.383708
0.085070
0.781232
0.176702
0.744948
0.473081
0.568605
0.377230
0.192987
0.589830
0.961520
0.300743
0.567689
0.461434
0.270132
0.052265
0.630763
0.538307
0.506722
0.092436
0.245360
0.697019
0.810813
0.681485
0.117836
0.543492
0.112938
0.433471
0.820174
0.243957
0.301475
0.260751
0.687899
0.464875
0.671455
0.113639
0.962602
0.752280
0.381098
0.881406
0.379888
0.969145
0.020341
0.090530
0.760138
0.857556
0.838158
0.526194
0.420343
0.202350
0.473721
0.986259
0.605654
0.923014
0.887575
0.218859
0.112333
0.599151
0.259092
0.839631
0.244515
0.331680
0.050880
0.467788
0.662400
0.123953
0.075499
0.655489
0.534753
0.539920
0.074498
0.142350
0.045661
0.009116
0.237067
0.581324
0.063450
0.298243
0.652116
0.214527
0.169104
0.196122
0.846653
0.262676
0.945103
0.473193
0.891887
0.435269
0.047854
0.401927
0.813033
0.323562
0.904127
0.271608
0.487809
0.277097
0.582379
0.708507
0.677651
0.068888
0.613741
0.457025
0.416887
0.965662
0.566623
0.745238
0.847814
0.588196
0.227369
0.952937
0.689775
0.882967
0.192777
0.067841
0.370952
0.949184
0.846307
0.386197
0.232356
0.053617
0.547893
0.852261
0.981239
0.707536
0.818748
0.586224
0.369328
0.822990
0.420804
0.005265
0.090286
0.966415
0.010418
0.965495
0.618122
0.202356
0.154774
0.745688
0.677822
0.694597
0.525900
0.143382
0.582554
0.191011
0.719237
0.998605
0.118817
0.956516
0.792367
0.830614
0.660409
0.689132
0.104693
0.118991
0.334144
0.120599
0.443796
0.865705
0.047731
0.603645
0.355575
0.063994
0.390970
0.406773
0.705630
0.092381
0.134861
0.262017
0.244603
0.414269
0.726519
0.715217
0.295246
0.439059
0.845353
0.508820
0.244051
0.848564
0.971128
0.797043
0.745594
0.829995
0.768681
0.684689
0.551426
0.068454
0.942698
0.649916
0.363129
0.540038
0.991676
0.701564
0.576092
0.877548
0.055087
0.878337
0.804120
0.239348
0.237304
0.653292
0.860372
0.664456
0.288189
0.107761
0.476110
0.561203
0.243101
0.136421
0.648769
0.782148
0.504328
0.004342
0.269180
0.415902
0.001115
0.247483
0.416940
0.180358
0.214157
0.706950
0.936166
0.950400
0.731338
0.877725
0.120263
0.506107
0.825808
0.267494
0.657754
0.847329
0.837653
0.051739
0.463857
0.214529
0.555873
0.328016
0.857981
0.595422
0.794020
0.925261
0.631639
0.528126
0.933684
0.832382
0.941843
0.964547
0.674782
0.053039
0.641506
0.097181
0.287199
0.032366
0.696851
0.665744
0.682576
0.464889
0.994241
0.691288
0.158270
0.163680
0.946580
0.588064
0.080294
0.395001
0.782572
0.753802
0.462477
0.011831
0.529368
0.012906
0.909606
0.302104
0.901081
0.647847
0.170237
0.294554
0.559868
0.989299
0.257850
0.706569
0.175139
0.660339
0.965578
0.872485
0.242709
0.930433
0.635600
0.537067
0.310926
0.716790
0.430360
0.194118
0.429207
0.563333
0.193692
0.505345
0.118449
0.729948
0.005106
0.100394
0.530015
0.000228
0.171338
0.695267
0.661711
0.094738
0.126949
0.440180
0.117120
0.483144
0.192684
0.671669
0.345540
0.721177
0.252701
0.228829
0.323879
0.893279
0.820122
0.381952
0.831587
0.143091
0.573443
0.972460
0.135612
0.208136
0.104010
0.739524
0.636993
0.507413
0.105016
0.238962
0.007486
0.597746
0.244095
0.363202
0.882985
0.637368
0.957092
0.585083
0.784950
0.528838
0.397141
0.500369
0.699988
0.297435
0.383152
0.344842
0.389180
0.369844
0.683853
0.684134
0.720996
0.359520
0.162984
0.799930
0.244675
0.332410
0.310444
0.165999
0.136908
0.646929
0.652379
0.672345
0.777311
0.146590
0.426297
0.625430
0.423317
0.778610
0.228382
0.346445
0.070319
0.647188
0.888947
0.086513
0.077695
0.850799
0.455139
0.765707
0.917080
0.447735
0.501169
0.369274
0.529185
0.026591
0.235823
0.956305
0.754680
0.096346
0.522278
0.769495
0.800184
0.056117
0.500276
0.605222
0.301106
0.544248
0.086768
0.995800
0.009662
0.141524
0.605961
0.064919
0.151516
0.413029
0.088266
0.696496
0.412633
0.185561
0.601479
0.569704
0.115429
0.420679
0.283019
0.995740
0.303396
0.493332
0.242820
0.707255
0.995740
0.130801
0.557655
0.182908
0.422661
0.511186
0.657899
0.262909
0.832663
0.808747
0.238307
0.718112
0.072566
0.027541
0.471125
0.031028
0.814144
0.621152
0.411408
0.991337
0.512828
0.468358
0.170875
0.343042
0.723697
0.063439
0.052630
0.480844
0.261808
0.207714
0.368602
0.142481
0.641453
0.322228
0.004073
0.446546
0.625055
0.049722
0.932981
0.003366
0.232003
0.451419
0.497991
0.204071
0.436692
0.030229
0.019664
0.665631
0.964953
0.908097
0.644673
0.542094
0.094123
0.869012
0.902631
0.241073
0.175201
0.001706
0.164470
0.198571
0.573626
0.006301
0.750012
0.251294
0.997883
0.453916
0.140592
0.294725
0.544457
0.734578
0.273436
0.428050
0.947403
0.158273
0.684187
0.873589
0.866806
0.232501
0.325182
0.937856
0.390234
0.557544
0.519925
0.332635
0.234415
0.014436
0.677040
0.994241
0.348543
0.353818
0.106397
0.128810
0.738024
0.195496
0.759313
0.307914
0.356360
0.050526
0.326777
0.469698
0.506303
0.288850
0.058228
0.245610
0.665389
0.279953
0.800287
0.897430
0.469235
0.959406
0.726644
0.122891
0.307172
0.480204
0.338212
0.442133
0.638346
0.911788
0.273770
0.581541
0.385945
0.727122
0.390768
0.229938
0.169045
0.690085
0.222507
0.744205
0.123617
0.578948
0.423286
0.562941
0.176804
0.101949
0.087444
0.134428
0.128700
0.630288
0.155162
0.342200
0.948800
0.154206
0.690180
0.686516
0.662186
0.431866
0.057118
0.620535
0.322484
0.372339
0.273755
0.571157
0.469045
0.245098
0.953934
0.446435
0.784333
0.867274
0.786202
0.603215
0.701143
0.063656
0.549357
0.883765
0.695850
0.106771
0.021603
0.656403
0.622219
0.093446
0.370329
0.217679
0.721206
0.015250
0.094834
0.788000
0.498219
0.278621
0.258797
0.593323
0.554952
0.216938
0.714765
0.372564
0.428614
0.585267
0.557913
0.856325
0.225292
0.747422
0.966270
0.709068
0.456467
0.597181
0.001774
0.855290
0.290389
0.027956
0.020172
0.871176
0.626871
0.539669
0.023850
0.926496
0.880911
0.393765
0.093230
0.926571
0.425012
0.627574
0.749110
0.709687
0.771541
0.982193
0.576971
0.189404
0.176460
0.632778
0.328374
0.841306
0.487390
0.020004
0.194588
0.176701
0.237411
0.534167
0.510731
0.437748
0.868263
0.501243
0.329303
0.415202
0.141495
0.549609
0.430932
0.366153
0.524459
0.597958
0.295522
0.189411
0.302337
0.504731
0.513447
0.603984
0.222285
0.095895
0.295807
0.734737
0.397474
0.078985
0.696607
0.423464
0.674633
0.432358
0.446877
0.089996
0.707255
0.601388
0.527343
0.079143
0.092519
0.563916
0.318789
0.545667
0.172680
0.447259
0.061260
0.933387
0.929280
0.878145
0.528263
0.643241
0.526200
0.271042
0.348981
0.737337
0.254853
0.309377
0.602146
0.991337
0.340829
0.598305
0.531969
0.721419
0.245144
0.895111
0.623238
0.548420
0.555200
0.797201
0.977888
0.693239
0.436189
0.016346
0.468244
0.649243
0.892573
0.141474
0.093043
0.680875
0.087964
0.651771
0.017218
0.344247
0.884018
0.712947
0.048728
0.215969
0.890314
0.087807
0.965031
0.658066
0.099905
0.846075
0.158274
0.494484
0.674979
0.666018
0.353427
0.231863
0.168977
0.209979
0.279768
0.164909
0.717540
0.154629
0.802493
0.715694
0.964649
0.276083
0.603779
0.876293
0.098002
0.075877
0.044432
0.474768
0.406761
0.017163
0.264265
0.056867
0.462509
0.524294
0.046659
0.074463
0.354186
0.675966
0.036165
0.693970
0.369783
0.785694
0.630727
0.470400
0.995740
0.327968
0.989635
0.323301
0.615786
0.374315
0.276188
0.276319
0.537462
0.188607
0.897738
0.713701
0.906991
0.565383
0.929526
0.819831
0.510533
0.432927
0.671696
0.989299
0.115959
0.528878
0.106129
0.282242
0.106209
0.704524
0.676044
0.488339
0.442020
0.987982
0.593860
0.914906
0.139800
0.038054
0.490558
0.799431
0.667276
0.145228
0.607635
0.307241
0.406355
0.177554
0.470166
0.927291
0.913312
0.477583
0.236532
0.986180
0.152625
0.103848
0.710527
0.533745
0.341765
0.969102
0.414672
0.745323
0.973229
0.141111
0.872295
0.001844
0.762383
0.260789
0.971810
0.119546
0.648921
0.989145
0.247601
0.518432
0.242147
0.857383
0.061852
0.597546
0.843137
0.578321
0.108209
0.057464
0.922281
0.222705
0.897005
0.545209
0.025615
0.349959
0.461560
0.781942
0.854035
0.871703
0.845967
0.926915
0.549410
0.214696
0.512755
0.820677
0.467264
0.846142
0.459193
0.318170
0.787173
0.021272
0.416196
0.909388
0.001450
0.038001
0.682832
0.082255
0.593740
0.147684
0.628547
0.119262
0.957759
0.620572
0.177207
0.555603
0.120014
0.329652
0.471747
0.040631
0.598626
0.361881
0.252384
0.624667
0.154508
0.840395
0.908372
0.186870
0.344539
0.828452
0.873787
0.083915
0.164028
0.353458
0.518934
0.749839
0.334736
0.439609
0.475032
0.640146
0.543835
0.256883
0.751760
0.173132
0.109219
0.993565
0.623021
0.372668
0.020255
0.842269
0.440920
0.313144
0.534151
0.754602
0.112207
0.871966
0.675067
0.367170
0.995740
0.375500
0.445968
0.136501
0.354749
0.634961
0.067645
0.475111
0.161383
0.894689
0.278121
0.499239
0.034084
0.856421
0.552417
0.393300
0.613402
0.298045
0.154389
0.564429
0.769049
0.837368
0.204974
0.024274
0.449927
0.102742
0.437489
0.700498
0.370637
0.343867
0.991337
0.283689
0.031284
0.455865
0.820095
0.348850
0.062872
0.374488
0.476120
0.426023
0.630089
0.472960
0.412813
0.668719
0.126716
0.250212
0.953366
0.470730
0.411798
0.466948
0.737094
0.453284
0.963707
0.389265
0.824015
0.113634
0.926014
0.941898
0.239672
0.820957
0.440918
0.887781
0.141067
0.545464
0.765420
0.881828
0.786067
0.591511
0.681075
0.625109
0.159778
0.509963
0.252279
0.611876
0.244110
0.116062
0.719897
0.466935
0.224969
0.448249
0.692561
0.824575
0.800924
0.116595
0.820234
0.403656
0.384593
0.621792
0.707968
0.995486
0.707968
0.438055
0.441573
0.694619
0.374359
0.682944
0.006907
0.994241
0.201526
0.197342
0.526784
0.728315
0.475860
0.030828
0.694647
0.680130
0.046342
0.297941
0.959202
0.935485
0.327415
0.757674
0.769824
0.867583
0.578105
0.385326
0.191643
0.978347
0.180754
0.989299
0.123837
0.528956
0.872633
0.288549
0.534197
0.515526
0.067443
0.463416
0.900299
0.379559
0.370936
0.239419
0.345098
0.850399
0.168742
0.678603
0.959744
0.107516
0.275430
0.903264
0.596391
0.490277
0.208258
0.039613
0.784194
0.027044
0.353941
0.807961
0.890001
0.486135
0.678121
0.704522
0.156853
0.442243
0.985511
0.087169
0.145800
0.324370
0.312264
0.740567
0.669985
0.442494
0.361980
0.177568
0.109985
0.256331
0.672888
0.433370
0.554357
0.609344
0.244042
0.667840
0.366214
0.458128
0.975847
0.688117
0.897425
0.153281
0.266716
0.729816
0.409910
0.631077
0.771715
0.431794
0.196191
0.093994
0.974270
0.268892
0.567786
0.097418
0.836166
0.835227
0.000949
0.532907
0.548401
0.644259
0.110117
0.187184
0.426220
0.873642
0.372584
0.101609
0.567715
0.560141
0.812426
0.709986
0.240728
0.703918
0.123806
0.403040
0.681558
0.368448
0.476203
0.075171
0.203820
0.692240
0.296812
0.031798
0.038888
0.276201
0.514958
0.161874
0.341462
0.924903
0.723398
0.157460
0.254246
0.184531
0.652307
0.047348
0.266315
0.002743
0.750891
0.020952
0.873572
0.838155
0.063025
0.177499
0.125011
0.356262
0.298271
0.029012
0.318883
0.673547
0.625999
0.507955
0.294561
0.973714
0.331710
0.435487
0.977950
0.836570
0.248688
0.556999
0.640958
0.308504
0.318128
0.351379
0.686562
0.129186
0.349331
0.734019
0.128229
0.224996
0.220788
0.220978
0.076654
0.477333
0.054712
0.334433
0.439711
0.153344
0.681227
0.571698
0.755085
0.452595
0.354168
0.227802
0.991337
0.033881
0.680701
0.706752
0.696392
0.075117
0.700498
0.126401
0.723484
0.343573
0.397873
0.980352
0.885146
0.617690
0.153062
0.562106
0.111337
0.094473
0.450570
0.387759
0.122204
0.469633
0.706564
0.142925
0.530048
0.621323
0.700100
0.953616
0.560583
0.318427
0.235025
0.750345
0.546452
0.954858
0.695319
0.852632
0.212102
0.848574
0.622783
0.929411
0.787094
0.942104
0.588381
0.905676
0.498124
0.403683
0.374660
0.385026
0.360394
0.747339
0.448775
0.982670
0.208413
0.493654
0.542931
0.964591
0.288730
0.391940
0.327603
0.975852
0.868260
0.365144
0.397270
0.995486
0.438222
0.392884
0.354752
0.448467
0.733373
0.451182
0.094140
0.094899
0.068000
0.679427
0.136835
0.386944
0.535854
0.544038
0.467213
0.989635
0.129619
0.345331
0.374379
0.175982
0.732870
0.205867
0.265544
0.936470
0.837190
0.098732
0.596716
0.716955
0.638327
0.165930
0.584935
0.541993
0.316586
0.205904
0.782121
0.853235
0.653149
0.513636
0.632450
0.641668
0.741208
0.134847
0.772205
0.149601
0.950653
0.168425
0.363346
0.428603
0.987571
0.683224
0.288634
0.527356
0.260073
0.402935
0.774853
0.311814
0.374805
0.581830
0.752391
0.334178
0.236374
0.536628
0.757287
0.423497
0.332825
0.718311
0.985511
0.161602
0.473852
0.483509
0.315416
0.575676
0.144600
0.607984
0.116595
0.216414
0.533855
0.611194
0.902122
0.911533
0.243353
0.469121
0.843799
0.144782
0.617935
0.305133
0.140572
0.265720
0.696071
0.901358
0.539976
0.767059
0.077007
0.583816
0.089035
0.920556
0.604958
0.274590
0.560778
0.267211
0.428431
0.711565
0.424177
0.542930
0.931095
0.304227
0.524871
0.877444
0.299685
0.144997
0.484085
0.914148
0.214401
0.922273
0.583364
0.102728
0.610053
0.210854
0.021453
0.665607
0.875758
0.659427
0.130351
0.561852
0.998955
0.717460
0.520290
0.302487
0.563793
0.590681
0.045314
0.470601
0.083007
0.182390
0.526203
0.335738
0.160176
0.895889
0.396299
0.058281
0.474616
0.710486
0.380714
0.349483
0.302422
0.304570
0.679161
0.338732
0.856980
0.272221
0.034269
0.306542
0.622026
0.130713
0.181789
0.287275
0.438682
0.703699
0.139430
0.339122
0.328414
0.258661
0.602895
0.292484
0.069140
0.062586
0.406187
0.684777
0.295517
0.315120
0.930248
0.642265
0.065640
0.398088
0.704128
0.173757
0.995740
0.070992
0.110123
0.296899
0.658545
0.141775
0.572026
0.111400
0.797515
0.701643
0.538534
0.130170
0.405548
0.110994
0.978485
0.414053
0.175822
0.355384
0.991337
0.385756
0.130815
0.194511
0.628965
0.464830
0.872549
0.159878
0.363725
0.894764
0.193275
0.140037
0.581041
0.715779
0.944344
0.812355
0.947778
0.562146
0.579884
0.240276
0.571385
0.795871
0.608400
0.118161
0.066100
0.023416
0.776925
0.208005
0.116248
0.719033
0.511280
0.368775
0.124686
0.218600
0.513249
0.746670
0.056047
0.851480
0.584009
0.658499
0.779434
0.539812
0.631877
0.238083
0.672567
0.753693
0.312303
0.064600
0.653461
0.021797
0.517939
0.395582
0.729308
0.498320
0.961415
0.042100
0.123281
0.953749
0.609689
0.784163
0.877594
0.572114
0.288577
0.438535
0.167086
0.727201
0.426115
0.421308
0.994241
0.026713
0.994241
0.066241
0.037698
0.239076
0.486311
0.017851
0.906057
0.334871
0.634488
0.989635
0.011718
0.401505
0.200451
0.352632
0.668920
0.874475
0.488850
0.416134
0.170890
0.860908
0.035399
0.481038
0.536276
0.510891
0.518122
0.945316
0.643989
0.834036
0.858441
0.072876
0.478288
0.840277
0.406682
0.380139
0.300244
0.223175
0.075920
0.818876
0.552804
0.032909
0.274808
0.450957
0.078570
0.246571
0.453255
0.654517
0.554591
0.156969
0.741510
0.137341
0.017209
0.657622
0.693286
0.458010
0.024021
0.139271
0.390352
0.704522
0.175331
0.709868
0.727238
0.661116
0.149726
0.460955
0.311304
0.713159
0.656514
0.825342
0.583231
0.694900
0.771298
0.146202
0.106993
0.043214
0.008651
0.135487
0.228468
0.394648
0.406238
0.429728
0.049650
0.539340
0.200163
0.151942
0.217645
0.409086
0.799045
0.389187
0.857654
0.391606
0.999285
0.700557
0.615036
0.798684
0.712026
0.491647
0.034030
0.759336
0.636701
0.667428
0.281588
0.366234
0.242821
0.135185
0.643874
0.434168
0.654521
0.480981
0.072574
0.340016
0.362841
0.367193
0.551874
0.183041
0.006208
0.371917
0.299208
0.575807
0.623716
0.030353
0.926162
0.836840
0.119318
0.979415
0.232405
0.708583
0.575558
0.125307
0.966122
0.634028
0.998250
0.714060
0.118247
0.918211
0.381252
0.185891
0.056868
0.455507
0.044861
0.563287
0.355415
0.925544
0.145185
0.688391
0.891999
0.455974
0.625940
0.502130
0.177667
0.392466
0.993565
0.160565
0.538838
0.868229
0.627611
0.915567
0.208926
0.199333
0.788573
0.469579
0.946730
0.737612
0.078533
0.684282
0.652949
0.428222
0.995740
0.396928
0.711559
0.043949
0.877511
0.008803
0.267466
0.619540
0.967813
0.575856
0.083903
0.480218
0.946427
0.965495
0.446953
0.310127
0.871045
0.831917
0.079079
0.407067
0.680701
0.391366
0.678396
0.392320
0.189034
0.760635
0.274218
0.788314
0.835636
0.352695
0.101954
0.993946
0.005727
0.103102
0.235003
0.713494
0.648719
0.643094
0.249616
0.160236
0.650206
0.809378
0.044321
0.828928
0.480251
0.050095
0.646604
0.159974
0.542931
0.673794
0.476546
0.091037
0.669360
0.991640
0.162221
0.887152
0.539059
0.791851
0.135452
0.097426
0.040663
0.186732
0.237546
0.744911
0.409857
0.511277
0.458347
0.603262
0.044098
0.871225
0.903418
0.163420
0.677172
0.364615
0.293626
0.551444
0.931275
0.748102
0.751883
0.288437
0.037653
0.647285
0.068476
0.471196
0.543380
0.628159
0.523556
0.222238
0.364527
0.057338
0.697382
0.640269
0.158158
0.873434
0.393012
0.200497
0.506216
0.962892
0.230599
0.634488
0.419469
0.618021
0.581264
0.601173
0.958463
0.226532
0.324571
0.007007
0.897127
0.139741
0.509055
0.145949
0.989536
0.685289
0.695513
0.273608
0.991973
0.550375
0.957581
0.380902
0.152046
0.110301
0.150661
0.390889
0.792697
0.203706
0.323078
0.611281
0.866455
0.508714
0.849435
0.303784
0.574453
0.600244
0.260267
0.651684
0.037606
0.167694
0.139003
0.007056
0.208404
0.922514
0.024350
0.068680
0.311338
0.301359
0.426736
0.677134
0.198338
0.997677
0.060503
0.872897
0.252867
0.636259
0.836061
0.431158
0.408942
0.824728
0.169827
0.701565
0.862267
0.184473
0.036852
0.726487
0.210194
0.614661
0.888525
0.170174
0.698587
0.462001
0.202542
0.766131
0.404593
0.552282
0.095111
0.407156
0.813785
0.113094
0.325980
0.552539
0.290992
0.197869
0.068342
0.425107
0.481147
0.741098
0.902420
0.618470
0.938424
0.644711
0.784076
0.340490
0.144727
0.524503
0.858167
0.175357
0.085592
0.702066
0.222630
0.030899
0.329948
0.739654
0.067234
0.161364
0.846709
0.786691
0.396404
0.614862
0.384913
0.027153
0.856024
0.179107
0.501944
0.015575
0.228851
0.403812
0.080393
0.953965
0.047387
0.312025
0.488858
0.139993
0.402227
0.209246
0.447848
0.665230
0.090538
0.026149
0.857658
0.327183
0.137571
0.590261
0.967621
0.365999
0.912168
0.800557
0.676171
0.988936
0.448449
0.684236
0.297351
0.317422
0.556727
0.785061
0.735044
0.046129
0.684250
0.059395
0.102643
0.445019
0.210201
0.657712
0.645302
0.814485
0.428585
0.714366
0.174750
0.286328
0.014626
0.947461
0.214627
0.890505
0.220328
0.521002
0.814288
0.373170
0.252063
0.398868
0.153314
0.685918
0.887466
0.022639
0.490590
0.628367
0.146252
0.422106
0.397431
0.678396
0.114970
0.255759
0.701288
0.958013
0.926763
0.931587
0.895205
0.061451
0.823144
0.147122
0.307713
0.654751
0.019540
0.055740
0.098948
0.800035
0.043405
0.767498
0.187482
0.915606
0.563827
0.658854
0.775312
0.898612
0.472099
0.289439
0.076763
0.692649
0.139935
0.991640
0.356461
0.321398
0.102987
0.437829
0.123100
0.957723
0.102681
0.441938
0.623953
0.677643
0.594843
0.089013
0.018274
0.666982
0.392738
0.503866
0.192001
0.070381
0.918823
0.372142
0.725094
0.866804
0.581080
0.290465
0.840568
0.714959
0.438507
0.744901
0.011264
0.035630
0.013954
0.223889
0.763377
0.208106
0.245945
0.927649
0.899492
0.492228
0.704274
0.489951
0.234302
0.779772
0.900293
0.063344
0.683775
0.116102
0.163710
0.440127
0.668018
0.348466
0.632593
0.646399
0.238737
0.351512
0.006650
0.261248
0.792511
0.634967
0.309573
0.989536
0.403842
0.413377
0.391144
0.030781
0.258290
0.973624
0.805385
0.398246
0.736985
0.270020
0.867554
0.888965
0.857654
0.873327
0.247963
0.932899
0.603962
0.206889
0.431828
0.780097
0.164735
0.070917
0.659644
0.371509
0.016327
0.242775
0.393031
0.459658
0.943036
0.170206
0.696227
0.567359
0.274553
0.503587
0.318338
0.608472
0.177027
0.530434
0.429105
0.176079
0.606905
0.451975
0.925172
0.542324
0.167878
0.823731
0.307851
0.043715
0.041465
0.413567
0.082340
0.463800
0.128263
0.637967
0.359233
0.422528
0.999953
0.690033
0.411423
0.588575
0.042176
0.203644
0.657878
0.356704
0.816278
0.268989
0.269977
0.796238
0.480523
0.730576
0.958351
0.781590
0.534286
0.658149
0.851332
0.579816
0.081830
0.479853
0.826608
0.114938
0.044885
0.794397
0.652175
0.410892
0.269669
0.129140
0.650814
0.100177
0.856561
0.214736
0.965116
0.198772
0.484492
0.751821
0.547240
0.334131
0.186488
0.036860
0.757343
0.302394
0.757364
0.871379
0.988009
0.717615
0.336004
0.689434
0.624679
0.552719
0.846616
0.449849
0.148140
0.874782
0.846106
0.559243
0.990685
0.711114
0.395778
0.035449
0.670384
0.666906
0.888855
0.764154
0.779885
0.225749
0.652181
0.088887
0.684979
0.239183
0.978546
0.205185
0.226840
0.803322
0.210437
0.135525
0.667799
0.501254
0.558125
0.464048
0.009150
0.187426
0.013546
0.529361
0.839675
0.192578
0.331821
0.494395
0.512566
0.127667
0.456702
0.123276
0.907287
0.939933
0.874095
0.405548
0.750300
0.835162
0.894908
0.515893
0.402246
0.118846
0.705512
0.687475
0.414555
0.450739
0.696341
0.404603
0.375343
0.490044
0.862464
0.668871
0.252795
0.197673
0.798835
0.282045
0.923301
0.206917
0.089276
0.964492
0.110548
0.220966
0.862580
0.724862
0.321499
0.458447
0.993100
0.478553
0.173874
0.994051
0.341121
0.925137
0.597881
0.788651
0.608803
0.736158
0.079397
0.713261
0.197352
0.097251
0.981581
0.362407
0.112380
0.625629
0.204572
0.655358
0.330999
0.272461
0.212972
0.949887
0.217193
0.990470
0.552007
0.905975
0.062038
0.556153
0.941371
0.830118
0.152077
0.315051
0.364614
0.847423
0.177451
0.576579
0.230217
0.972639
0.948126
0.862213
0.384947
0.263755
0.918652
0.195830
0.586818
0.302117
0.589489
0.871914
0.349100
0.419953
0.284984
0.451284
0.256980
0.967405
0.044734
0.699910
0.726892
0.678050
0.302659
0.268621
0.165424
0.991208
0.653309
0.490123
0.817498
0.661531
0.486433
0.669307
0.605011
0.497610
0.168013
0.111544
0.402171
0.989536
0.054273
0.785120
0.350025
0.354939
0.069298
0.957054
0.259393
0.126512
0.403009
0.192883
0.385901
0.435639
0.411668
0.462042
0.828503
0.862966
0.131425
0.288595
0.203160
0.774463
0.973615
0.037836
0.324459
0.731604
0.825471
0.558257
0.342573
0.854919
0.603158
0.565367
0.839565
0.856255
0.002623
0.067352
0.901038
0.512517
0.571835
0.952824
0.967556
0.232269
0.402129
0.485224
0.366003
0.273529
0.897006
0.383792
0.569235
0.824039
0.961250
0.283529
0.349960
0.506392
0.044277
0.352477
0.920678
0.856287
0.364130
0.332802
0.396414
0.613555
0.898730
0.134168
0.413557
0.147421
0.666117
0.378605
0.321420
0.354789
0.427116
0.179003
0.753449
0.621835
0.768514
0.772128
0.158133
0.751399
0.895058
0.695247
0.472158
0.904847
0.493398
0.022822
0.270964
0.097919
0.316897
0.731023
0.533914
0.617416
0.489498
0.797673
0.927362
0.403771
0.945231
0.779032
0.872950
0.828138
0.030807
0.674082
0.717227
0.352004
0.765622
0.643770
0.851321
0.270984
0.938451
0.947868
0.282058
0.095659
0.313311
0.552758
0.620929
0.579041
0.205998
0.865575
0.119035
0.164413
0.111597
0.689481
0.712622
0.385609
0.243050
0.356233
0.283145
0.425097
0.659458
0.270085
0.607805
0.528702
0.295090
0.345069
0.218003
0.429288
0.867675
0.698950
0.574415
0.469034
0.366061
0.004111
0.286291
0.589609
0.158153
0.220105
0.169186
0.124348
0.582522
0.535852
0.791740
0.453502
0.100310
0.503926
0.128946
0.336078
0.084017
0.024490
0.023076
0.287135
0.693516
0.134101
0.377445
0.135247
0.083277
0.118731
0.720454
0.463012
0.893755
0.410101
0.357541
0.099825
0.977735
0.829207
0.823372
0.670331
0.174370
0.289174
0.096991
0.715069
0.522282
0.631931
0.642388
0.987865
0.192376
0.421529
0.690357
0.404889
0.079561
0.977051
0.410410
0.927011
0.007501
0.991640
0.736158
0.027038
0.003535
0.021896
0.368895
0.420490
0.064037
0.141440
0.217615
0.481285
0.513295
0.659814
0.830629
0.521676
0.308856
0.681424
0.510237
0.948177
0.012634
0.662891
0.171518
0.579120
0.177553
0.026357
0.430179
0.028358
0.505516
0.421432
0.104662
0.742882
0.282118
0.459384
0.468719
0.029913
0.254888
0.019234
0.425968
0.639429
0.434291
0.203484
0.132167
0.263595
0.253863
0.684874
0.316396
0.405641
0.989635
0.731933
0.381712
0.023469
0.017251
0.991208
0.143697
0.714782
0.505062
0.764906
0.659646
0.783301
0.220586
0.806695
0.666740
0.233786
0.989536
0.709730
0.221794
0.286896
0.805058
0.292152
0.711752
0.435501
0.711708
0.378356
0.835823
0.885944
0.636458
0.301931
0.251711
0.036056
0.282593
0.896868
0.442998
0.034484
0.900085
0.030742
0.015834
0.804415
0.082757
0.965336
0.749269
0.027125
0.447379
0.360442
0.764032
0.534377
0.020830
0.531695
0.581147
0.610602
0.516168
0.211434
0.649568
0.994966
0.635584
0.877866
0.534750
0.091883
0.255306
0.525789
0.067478
0.082831
0.738685
0.808540
0.099683
0.000111
0.426097
0.651933
0.518318
0.826651
0.848250
0.702348
0.668423
0.261656
0.983973
0.157744
0.343176
0.110686
0.562524
0.086515
0.419162
0.986553
0.715982
0.398519
0.688363
0.657870
0.468243
0.809197
0.039072
0.003262
0.749874
0.049520
0.257093
0.326339
0.743688
0.015520
0.415746
0.920322
0.936981
0.541194
0.320159
0.307596
0.525603
0.733932
0.807139
0.457219
0.168972
0.320821
0.347916
0.696088
0.362111
0.948811
0.284545
0.314297
0.048556
0.385904
0.537195
0.557526
0.420403
0.573365
0.813252
0.252775
0.079616
0.457808
0.584548
0.942361
0.058427
0.743689
0.871256
0.572596
0.103652
0.767510
0.346944
0.700112
0.653984
0.330440
0.047967
0.526971
0.412113
0.121061
0.792445
0.776276
0.212555
0.508903
0.972117
0.378411
0.186353
0.546038
0.279032
0.793777
0.246880
0.641349
0.444451
0.675088
0.685445
0.092648
0.397998
0.829338
0.736722
0.607367
0.270906
0.419107
0.214427
0.604427
0.410326
0.122278
0.308330
0.987829
0.659723
0.284526
0.716230
0.677462
0.992664
0.383856
0.434398
0.992664
0.695196
0.060340
0.735868
0.083465
0.019536
0.562363
0.347051
0.892928
0.028846
0.056566
0.037919
0.071373
0.548796
0.674014
0.358628
0.548734
0.094197
0.167969
0.679275
0.258055
0.012803
0.218934
0.187484
0.994051
0.079314
0.726583
0.994051
0.125477
0.338142
0.051068
0.291147
0.153456
0.096926
0.308814
0.458564
0.587029
0.149286
0.167581
0.788142
0.920361
0.975921
0.443589
0.072144
0.957042
0.416001
0.513173
0.337904
0.617094
0.138602
0.768080
0.795769
0.122407
0.632965
0.894314
0.961383
0.324558
0.808845
0.857079
0.625663
0.451232
0.092333
0.485023
0.477541
0.635079
0.615823
0.997541
0.721962
0.682470
0.058136
0.418306
0.997541
0.079150
0.047529
0.250753
0.009406
0.581158
0.536351
0.291470
0.545995
0.548263
0.705688
0.085252
0.991208
0.160097
0.128385
0.454674
0.250898
0.180239
0.055740
0.294780
0.848971
0.852275
0.683909
0.059079
0.504869
0.135429
0.959630
0.299826
0.438596
0.988107
0.436270
0.988107
0.325244
0.560216
0.914109
0.479953
0.065505
0.518737
0.339705
0.915355
0.556440
0.422148
0.580215
0.525767
0.039834
0.222284
0.795927
0.388633
0.207474
0.194572
0.478559
0.518225
0.387734
0.966742
0.928246
0.660901
0.022208
0.673155
0.222684
0.975616
0.848487
0.432679
0.070890
0.407078
0.664007
0.660494
0.380907
0.117326
0.545825
0.715719
0.489959
0.303094
0.597976
0.564292
0.552195
0.808950
0.758305
0.866223
0.470160
0.602050
0.430168
0.153816
0.830482
0.339846
0.877533
0.887666
0.072614
0.358218
0.718222
0.349735
0.986553
0.180727
0.414946
0.723981
0.149765
0.327446
0.469201
0.623605
0.696118
0.263105
0.827114
0.768722
0.331423
0.930877
0.735896
0.581768
0.231933
0.219438
0.674175
0.739796
0.358718
0.746075
0.737755
0.175718
0.563419
0.475878
0.567468
0.584051
0.537038
0.535535
0.922277
0.216928
0.912692
0.255356
0.117949
0.804023
0.860291
0.587202
0.229436
0.678948
0.529031
0.439323
0.725978
0.357142
0.940669
0.375027
0.762099
0.143038
0.908022
0.008466
0.172628
0.463665
0.915775
0.499735
0.349583
0.257327
0.243627
0.489439
0.944520
0.474608
0.195532
0.540879
0.119444
0.769004
0.806135
0.581188
0.037635
0.319667
0.680799
0.590897
0.414257
0.102202
0.465331
0.008416
0.754106
0.327592
0.283855
0.350296
0.705568
0.336007
0.198313
0.742574
0.618312
0.452658
0.372926
0.490230
0.816406
0.167557
0.594736
0.397465
0.362157
0.048147
0.408733
0.416308
0.735631
0.431959
0.688820
0.728100
0.683755
0.072714
0.939895
0.778769
0.652172
0.022915
0.737172
0.391695
0.760204
0.930692
0.979505
0.744263
0.659365
0.076194
0.993862
0.083610
0.953336
0.862513
0.387719
0.373233
0.350310
0.236648
0.452123
0.670778
0.333033
0.002621
0.851523
0.584519
0.732441
0.022160
0.890611
0.053451
0.506658
0.145125
0.842854
0.955081
0.347693
0.446934
0.371216
0.846416
0.458652
0.710195
0.166770
0.147818
0.681847
0.104751
0.195828
0.502320
0.556975
0.063970
0.172652
0.284269
0.603859
0.540326
0.776800
0.575169
0.323130
0.623217
0.693379
0.987367
0.693379
0.419065
0.327973
0.711387
0.116853
0.697082
0.107958
0.690187
0.077984
0.986965
0.097931
0.717792
0.086163
0.544462
0.979150
0.381744
0.272101
0.826323
0.745358
0.175537
0.329352
0.384919
0.674408
0.130669
0.991208
0.341068
0.148545
0.956958
0.837890
0.852403
0.356212
0.952251
0.481621
0.713013
0.348034
0.120075
0.363112
0.220222
0.004178
0.617674
0.956347
0.848260
0.619130
0.751500
0.497456
0.340278
0.123686
0.519390
0.919591
0.236748
0.446426
0.316954
0.263343
0.935609
0.814940
0.437784
0.901914
0.651673
0.318547
0.344680
0.212817
0.883352
0.719845
0.728596
0.991807
0.222704
0.532642
0.241922
0.711457
0.998237
0.571946
0.953402
0.400888
0.428439
0.442796
0.710035
0.468448
0.879017
0.065626
0.905440
0.228033
0.690611
0.081653
0.691509
0.711927
0.071908
0.759580
0.608368
0.755288
0.436702
0.673399
0.468794
0.382939
0.722976
0.701172
0.443424
0.685570
0.010136
0.731789
0.729517
0.099351
0.420965
0.712871
0.168639
0.994452
0.016437
0.270123
0.220646
0.851242
0.315141
0.318549
0.670778
0.113484
0.258630
0.321084
0.063342
0.672290
0.571629
0.270205
0.163622
0.648860
0.515471
0.326499
0.148865
0.466838
0.716360
0.139858
0.698717
0.895056
0.229699
0.516824
0.082320
0.127378
0.560580
0.772783
0.344557
0.728867
0.355583
0.949831
0.927131
0.758207
0.827050
0.339971
0.243438
0.576650
0.424891
0.923946
0.327361
0.765369
0.198913
0.085434
0.397408
0.847392
0.422274
0.877422
0.705395
0.737728
0.708833
0.463098
0.794216
0.020915
0.498338
0.810090
0.177290
0.958396
0.957155
0.138959
0.862723
0.591251
0.211802
0.790743
0.702118
0.154251
0.920278
0.532410
0.355658
0.549413
0.873932
0.733363
0.074399
0.703627
0.851663
0.362664
0.584722
0.164585
0.919069
0.047255
0.364789
0.134909
0.104912
0.055009
0.339215
0.167975
0.037331
0.646517
0.160582
0.540077
0.950442
0.816464
0.952000
0.116867
0.899960
0.635598
0.334285
0.100213
0.883024
0.849922
0.047024
0.315574
0.867661
0.714048
0.089958
0.982797
0.227041
0.170353
0.030740
0.886749
0.691733
0.733896
0.365696
0.972160
0.127094
0.462992
0.028210
0.236197
0.169821
0.950917
0.211092
0.215044
0.508624
0.605440
0.930291
0.058618
0.275037
0.352844
0.774184
0.673729
0.894034
0.510108
0.163703
0.005825
0.712123
0.282961
0.036554
0.835340
0.014314
0.210765
0.490950
0.145701
0.011170
0.855347
0.641987
0.110279
0.420819
0.295984
0.367811
0.733610
0.006154
0.664650
0.389367
0.070085
0.129854
0.690187
0.997541
0.043825
0.356647
0.986965
0.396215
0.709185
0.282823
0.311590
0.853775
0.666925
0.814112
0.182934
0.569656
0.638523
0.667412
0.404017
0.733604
0.709939
0.601646
0.700942
0.623604
0.265952
0.094645
0.175337
0.556992
0.615734
0.556067
0.399189
0.095601
0.416241
0.388881
0.194869
0.956256
0.448670
0.407449
0.883385
0.073824
0.039424
0.442245
0.056951
0.558662
0.405105
0.827623
0.149270
0.137210
0.426839
0.390563
0.917619
0.845933
0.410656
0.019608
0.070565
0.614041
0.476210
0.732677
0.190452
0.236559
0.294457
0.691732
0.368354
0.886670
0.648013
0.510218
0.320416
0.509390
0.967942
0.003768
0.839807
0.126796
0.985198
0.594941
0.581147
0.000640
0.103689
0.390150
0.119301
0.712768
0.559573
0.436954
0.888916
0.479783
0.552930
0.633265
0.833833
0.869208
0.200624
0.855292
0.887285
0.030725
0.193488
0.754179
0.440221
0.224220
0.443007
0.106510
0.691624
0.364573
0.611390
0.951240
0.864238
0.975439
0.723072
0.002892
0.885390
0.666455
0.214933
0.948829
0.734928
0.212201
0.792192
0.887158
0.261426
0.043902
0.394852
0.461266
0.365243
0.669422
0.386245
0.712956
0.718497
0.414383
0.333956
0.609025
0.695241
0.162720
0.546291
0.122676
0.601288
0.133143
0.999738
0.171799
0.959446
0.967976
0.481781
0.852426
0.876497
0.287027
0.126084
0.176421
0.888118
0.094017
0.002872
0.712561
0.564069
0.835660
0.611838
0.159250
0.647295
0.199990
0.801498
0.856910
0.607827
0.938743
0.466935
0.995444
0.648078
0.018501
0.014153
0.459660
0.254911
0.697229
0.502239
0.419780
0.881995
0.019566
0.267896
0.760750
0.211705
0.813252
0.599657
0.477140
0.059377
0.643257
0.023375
0.220019
0.135906
0.916519
0.395766
0.649106
0.541573
0.463256
0.992664
0.390807
0.677964
0.676736
0.607944
0.090577
0.115427
0.390914
0.646262
0.789540
0.122066
0.542956
0.926816
0.818298
0.559819
0.018679
0.188373
0.957939
0.748962
0.387892
0.787930
0.082330
0.949187
0.439003
0.424543
0.655838
0.962162
0.129831
0.972405
0.112493
0.727811
0.662039
0.329682
0.578587
0.465293
0.659893
0.360929
0.206855
0.021260
0.680151
0.357001
0.949924
0.228625
0.036408
0.489775
0.027885
0.927765
0.091585
0.268091
0.912030
0.102680
0.813563
0.321659
0.235977
0.652415
0.998210
0.004900
0.336251
0.700351
0.239719
0.568060
0.081434
0.810908
0.482881
0.693324
0.465326
0.346873
0.114309
0.350635
0.590442
0.236592
0.100081
0.986965
0.681376
0.394873
0.376770
0.140364
0.403190
0.396215
0.723110
0.262544
0.807990
0.804960
0.016819
0.973014
0.970071
0.625691
0.146662
0.568826
0.991208
0.038532
0.160971
0.067829
0.540866
0.095929
0.241256
0.824071
0.107777
0.424963
0.064332
0.191572
0.072630
0.259124
0.608949
0.058145
0.210256
0.087347
0.970998
0.413273
0.972083
0.446989
0.350433
0.098325
0.679035
0.572286
0.008321
0.392724
0.969810
0.697751
0.464721
0.530104
0.954455
0.521950
0.490544
0.668707
0.738179
0.531064
0.401632
0.718803
0.253333
0.058682
0.806769
0.251932
0.237945
0.676020
0.573531
0.532142
0.655694
0.494724
0.371387
0.614814
0.902882
0.321138
0.689986
0.686740
0.139527
0.177684
0.839112
0.421457
0.028645
0.372754
0.561728
0.092406
0.151790
0.308749
0.708870
0.617841
0.457600
0.318563
0.604572
0.393330
0.467446
0.831379
0.361687
0.380081
0.845744
0.932755
0.094557
0.459026
0.380597
0.450658
0.986553
0.374303
0.460894
0.139235
0.907314
0.393221
0.074804
0.428357
0.052971
0.475402
0.593177
0.176562
0.925210
0.788301
0.434305
0.862427
0.603977
0.005890
0.993451
0.123769
0.623153
0.279659
0.435257
0.752068
0.363434
0.076664
0.952392
0.885110
0.800608
0.425189
0.792373
0.933166
0.010896
0.020994
0.723946
0.374284
0.968907
0.626980
0.221874
0.748782
0.134876
0.506083
0.897885
0.545994
0.997190
0.494729
0.740587
0.480043
0.865414
0.922778
0.184059
0.121300
0.304144
0.257895
0.693220
0.934392
0.704068
0.166651
0.659445
0.198060
0.768126
0.226479
0.538303
0.515794
0.228287
0.374525
0.495102
0.508009
0.254407
0.276858
0.417762
0.869275
0.455552
0.034381
0.189712
0.761045
0.926847
0.774116
0.623765
0.522259
0.479783
0.415171
0.420996
0.161269
0.120897
0.443814
0.706727
0.259765
0.153729
0.134114
0.695646
0.986979
0.195061
0.005690
0.700028
0.290496
0.933432
0.145629
0.266498
0.028150
0.484496
0.329917
0.738719
0.120035
0.212109
0.758784
0.542481
0.420075
0.506759
0.954017
0.975562
0.812848
0.717282
0.059742
0.442511
0.000705
0.453613
0.541958
0.398850
0.986412
0.724725
0.274085
0.088780
0.501817
0.920564
0.411864
0.201384
0.139736
0.012529
0.462953
0.398025
0.160558
0.443584
0.342259
0.596367
0.830644
0.864787
0.237850
0.761167
0.450717
0.740730
0.353364
0.393411
0.679348
0.198961
0.792517
0.102297
0.655021
0.454058
0.987367
0.106464
0.157628
0.698459
0.437999
0.677350
0.060659
0.664835
0.681376
0.053343
0.684124
0.370558
0.054840
0.477651
0.036309
0.986965
0.371797
0.435422
0.335042
0.569780
0.146889
0.876002
0.207267
0.407324
0.856915
0.285712
0.202974
0.577347
0.964700
0.198904
0.336622
0.849228
0.815464
0.661789
0.180760
0.492454
0.872873
0.712119
0.787736
0.354185
0.913422
0.667062
0.512979
0.703939
0.953926
0.095793
0.857674
0.015112
0.380881
0.083761
0.081972
0.108166
0.608868
0.726434
0.002244
0.526696
0.716474
0.142055
0.619163
0.232477
0.301505
0.004026
0.491613
0.750551
0.468789
0.300146
0.210144
0.066198
0.166326
0.297481
0.490708
0.152702
0.068887
0.456699
0.034036
0.006641
0.969077
0.035177
0.985198
0.140543
0.434432
0.985198
0.095338
0.810922
0.099530
0.134919
0.825994
0.551415
0.620143
0.429307
0.417899
0.646603
0.810202
0.255638
0.504484
0.581143
0.386100
0.733477
0.275873
0.255029
0.792629
0.422680
0.200245
0.135022
0.386358
0.986553
0.360118
0.345011
0.404550
0.147618
0.043576
0.419624
0.598112
0.452415
0.073354
0.980036
0.426733
0.170568
0.000452
0.960583
0.308593
0.858455
0.926498
0.505952
0.993451
0.447242
0.370665
0.993451
0.668037
0.308400
0.636678
0.678918
0.745049
0.832876
0.362467
0.236561
0.395629
0.706693
0.866519
0.581425
0.817374
0.427483
0.943371
0.492249
0.348889
0.527708
0.259852
0.305714
0.284010
0.002629
0.669396
0.097730
0.996663
0.144889
0.272069
0.145996
0.875497
0.344341
0.700606
0.987614
0.054282
0.733358
0.039461
0.146942
0.488390
0.740048
0.051867
0.900997
0.322997
0.614164
0.294489
0.635667
0.938345
0.526069
0.745327
0.730563
0.162763
0.138781
0.532145
0.444536
0.486083
0.547312
0.824422
0.651891
0.795963
0.776401
0.424574
0.752076
0.318454
0.934793
0.112466
0.059854
0.719874
0.055364
0.866845
0.631133
0.186378
0.123751
0.228912
0.699061
0.369402
0.121422
0.016293
0.426124
0.714843
0.927467
0.241520
0.676628
0.004881
0.362357
0.261040
0.604567
0.132170
0.483480
0.623878
0.543264
0.265212
0.535334
0.220354
0.198265
0.166654
0.218636
0.989530
0.443063
0.340184
0.167588
0.128510
0.686169
0.003266
0.371702
0.756637
0.953792
0.565023
0.455327
0.401839
0.393649
0.052868
0.147345
0.173418
0.255419
0.546555
0.207939
0.809647
0.599408
0.959577
0.910631
0.232352
0.733477
0.718305
0.610618
0.287042
0.931973
0.681082
0.431777
0.644342
0.794978
0.196407
0.436420
0.661092
0.020191
0.479658
0.760227
0.723809
0.326650
0.187571
0.336019
0.147845
0.100968
0.225122
0.986965
0.685822
0.478371
0.719638
0.784289
0.382107
0.601213
0.116754
0.526792
0.587668
0.726435
0.755891
0.007667
0.423473
0.459776
0.786677
0.246923
0.046253
0.579608
0.155654
0.767878
0.310392
0.686683
0.982553
0.274537
0.558788
0.336902
0.062727
0.660362
0.412518
0.482800
0.177329
0.151550
0.470790
0.031917
0.893617
0.868243
0.977782
0.362644
0.126638
0.448705
0.874487
0.299369
0.272841
0.615594
0.773729
0.915993
0.624917
0.770623
0.438563
0.298046
0.241667
0.844156
0.447438
0.080756
0.229602
0.268855
0.936352
0.660902
0.544346
0.020225
0.388262
0.303296
0.036235
0.209756
0.673353
0.716783
0.147574
0.370315
0.950917
0.445787
0.777782
0.400881
0.739368
0.319442
0.703201
0.245391
0.247222
0.186448
0.055621
0.005147
0.138607
0.547950
0.966282
0.818638
0.505180
0.106616
0.387595
0.214123
0.986553
0.474899
0.724744
0.035618
0.986553
0.137520
0.980206
0.413042
0.677364
0.716052
0.729227
0.721974
0.425775
0.612009
0.697446
0.697986
0.212428
0.575559
0.894596
0.702455
0.630172
0.298758
0.319605
0.152492
0.681440
0.077834
0.690958
0.248273
0.395979
0.675836
0.495156
0.799134
0.242211
0.361585
0.370354
0.587622
0.010189
0.452717
0.311517
0.975689
0.348352
0.255598
0.227399
0.165954
0.817228
0.207917
0.498909
0.817083
0.556515
0.338241
0.570316
0.214408
0.408942
0.945127
0.380712
0.869571
0.304526
0.211743
0.398357
0.234126
0.811695
0.651270
0.959660
0.587551
0.015198
0.203133
0.704321
0.318283
0.849621
0.145038
0.426863
0.920318
0.978108
0.802225
0.707038
0.561491
0.057174
0.664335
0.660574
0.603455
0.090429
0.794133
0.572585
0.038889
0.818943
0.694356
0.391696
0.147393
0.804409
0.361565
0.736184
0.111138
0.320527
0.087705
0.878370
0.560042
0.134593
0.907896
0.564022
0.078195
0.254734
0.244627
0.453928
0.678448
0.083479
0.445241
0.868107
0.519555
0.324370
0.289805
0.033800
0.803778
0.584128
0.922578
0.070679
0.206735
0.130864
0.336353
0.876464
0.109553
0.251359
0.675805
0.317861
0.385598
0.608249
0.372492
0.683796
0.212313
0.113633
0.362818
0.707923
0.364033
0.713746
0.510661
0.587169
0.107066
0.146157
0.732603
0.081112
0.436350
0.384832
0.814110
0.288700
0.845395
0.249348
0.329970
0.296468
0.060570
0.314631
0.493177
0.036193
0.434724
0.280644
0.205747
0.469548
0.359536
0.270987
0.609380
0.232229
0.006553
0.305295
0.354570
0.142992
0.598400
0.111907
0.039949
0.622819
0.082587
0.883109
0.357263
0.221971
0.777473
0.030922
0.589318
0.782491
0.330414
0.953268
0.352811
0.275487
0.293546
0.367624
0.785264
0.734793
0.980318
0.468174
0.657254
0.372468
0.678455
0.473514
0.319497
0.209179
0.617677
0.859913
0.874215
0.042766
0.301177
0.112460
0.181199
0.193112
0.331660
0.449303
0.895179
0.942864
0.423014
0.630979
0.540851
0.365813
0.775921
0.027588
0.507997
0.629649
0.184762
0.123360
0.368751
0.348713
0.160398
0.611236
0.984858
0.166618
0.972610
0.740155
0.368500
0.404691
0.776163
0.225755
0.321373
0.075671
0.288228
0.768050
0.570394
0.199721
0.122000
0.558409
0.601909
0.329785
0.895958
0.182398
0.413071
0.817763
0.431525
0.068861
0.994932
0.689854
0.721432
0.413920
0.989290
0.029229
0.315728
0.338063
0.096799
0.283531
0.577100
0.067035
0.602860
0.209627
0.058848
0.440307
0.641637
0.702616
0.147437
0.547211
0.787254
0.696420
0.999214
0.735974
0.202454
0.182833
0.704441
0.820508
0.127899
0.012740
0.230498
0.469690
0.526403
0.981396
0.406611
0.473221
0.534582
0.861459
0.230415
0.150574
0.411642
0.408019
0.993451
0.402676
0.743451
0.997018
0.125413
0.192017
0.992103
0.706007
0.692235
0.483764
0.132792
0.470961
0.235308
0.203485
0.131825
0.267205
0.336349
0.932921
0.139513
0.661500
0.580763
0.531908
0.773751
0.719870
0.104334
0.919805
0.138927
0.164570
0.871062
0.250446
0.214907
0.888076
0.193542
0.431743
0.928103
0.017146
0.152833
0.607284
0.991665
0.741333
0.708596
0.075556
0.027968
0.576175
0.404823
0.898125
0.853862
0.202423
0.682385
0.707224
0.420422
0.272072
0.419394
0.444497
0.328342
0.231205
0.419651
0.754701
0.750981
0.111409
0.272522
0.141458
0.367961
0.680240
0.718721
0.939550
0.902298
0.613959
0.616414
0.836260
0.513070
0.747229
0.179781
0.221843
0.533431
0.060282
0.591017
0.120190
0.545774
0.749241
0.454728
0.316908
0.632013
0.811065
0.064914
0.100723
0.142785
0.101524
0.383807
0.938806
0.253515
0.337926
0.415784
0.213378
0.040029
0.930795
0.091637
0.866465
0.830269
0.061149
0.367891
0.864587
0.292152
0.438061
0.039745
0.410006
0.490359
0.646431
0.177745
0.316205
0.860921
0.695861
0.399916
0.130833
0.820226
0.623759
0.264569
0.049567
0.637277
0.401483
0.155649
0.211110
0.081910
0.600721
0.482827
0.310817
0.528630
0.452883
0.297935
0.295411
0.413699
0.701573
0.485903
0.096896
0.523208
0.676330
0.367249
0.025198
0.782390
0.111454
0.207847
0.492923
0.142341
0.484750
0.641566
0.970744
0.401947
0.015663
0.107927
0.016809
0.409292
0.870199
0.835553
0.260663
0.359131
0.067910
0.576317
0.465851
0.399801
0.606038
0.887141
0.121775
0.596993
0.705941
0.726130
0.399815
0.594762
0.846302
0.910491
0.325041
0.218652
0.113833
0.647764
0.763799
0.629502
0.134758
0.317318
0.392320
0.676529
0.092852
0.635463
0.076021
0.626861
0.360899
0.806712
0.379013
0.105280
0.699087
0.695340
0.044050
0.611236
0.501689
0.888968
0.224880
0.149637
0.688705
0.669091
0.660585
0.543883
0.611070
0.287622
0.144794
0.537877
0.220899
0.366998
0.813439
0.723651
0.280929
0.211371
0.604464
0.521786
0.052706
0.713637
0.734789
0.695496
0.092689
0.413631
0.371059
0.673384
0.433193
0.428822
0.590097
0.662264
0.547513
0.993905
0.691614
0.394243
0.739320
0.061639
0.746443
0.912352
0.563281
0.681544
0.082996
0.033621
0.635233
0.082421
0.471405
0.811763
0.812532
0.565487
0.821932
0.721360
0.194494
0.861258
0.080803
0.068399
0.897630
0.308690
0.278663
0.652437
0.235968
0.981677
0.012314
0.441741
0.430285
0.380141
0.704005
0.373746
0.035625
0.061543
0.862807
0.500337
0.587717
0.562042
0.917571
0.300566
0.120302
0.517420
0.055651
0.149074
0.897806
0.042340
0.223435
0.288175
0.754187
0.446270
0.696499
0.591045
0.895560
0.474265
0.254016
0.211916
0.768644
0.841962
0.373900
0.227071
0.381731
0.350831
0.372251
0.015639
0.006716
0.676318
0.312553
0.269892
0.251722
0.435272
0.752403
0.601923
0.625303
0.025895
0.504773
0.300215
0.582104
0.995718
0.367868
0.685395
0.272879
0.055410
0.987367
0.185440
0.542600
0.574568
0.354424
0.849709
0.144536
0.780747
0.244811
0.681224
0.447506
0.499763
0.068996
0.271192
0.032345
0.380342
0.055013
0.642612
0.407758
0.620578
0.394381
0.357928
0.109232
0.931089
0.600436
0.638937
0.652733
0.966001
0.100033
0.635025
0.033039
0.491510
0.749930
0.825993
0.107405
0.983053
0.486849
0.430121
0.265222
0.569684
0.422894
0.766698
0.497097
0.553981
0.179238
0.573478
0.489735
0.196299
0.265147
0.447822
0.058992
0.054667
0.460915
0.255431
0.064162
0.329275
0.978609
0.406432
0.690543
0.645663
0.851774
0.443734
0.959974
0.405350
0.164684
0.515590
0.142723
0.477871
0.165204
0.840527
0.057965
0.954609
0.726868
0.529626
0.233527
0.417861
0.731163
0.701573
0.695582
0.477499
0.185684
0.501036
0.399963
0.623120
0.717914
0.478574
0.237756
0.108278
0.910438
0.828240
0.774875
0.906869
0.495323
0.296599
0.659510
0.093476
0.017398
0.892743
0.763074
0.274557
0.526072
0.095096
0.360318
0.093988
0.522868
0.217655
0.608801
0.128767
0.498814
0.476531
0.179091
0.998734
0.499634
0.438704
0.922153
0.019247
0.148241
0.560574
0.054983
0.930839
0.192476
0.789762
0.375238
0.299108
0.592055
0.068072
0.420895
0.242801
0.535628
0.879264
0.184147
0.586058
0.824886
0.550939
0.398811
0.986637
0.153871
0.631934
0.393698
0.912901
0.205189
0.346522
0.112934
0.022911
0.631380
0.924720
0.929802
0.130285
0.250628
0.356585
0.239060
0.932832
0.954876
0.570358
0.509708
0.772089
0.130739
0.720593
0.037523
0.022270
0.402863
0.149988
0.088660
0.296999
0.322191
0.245401
0.347756
0.217702
0.752074
0.521697
0.539363
0.207286
0.291071
0.452718
0.993905
0.167176
0.486800
0.660492
0.284395
0.950948
0.069071
0.637670
0.131616
0.636317
0.887557
0.136040
0.476709
0.427992
0.413214
0.350697
0.161269
0.721507
0.005702
0.955858
0.865494
0.643921
0.192756
0.536379
0.510003
0.035944
0.327718
0.602869
0.002381
0.426613
0.409615
0.091335
0.558978
0.332942
0.027797
0.550884
0.160850
0.774307
0.452681
0.805852
0.212063
0.577441
0.384343
0.490761
0.973507
0.091085
0.409765
0.731227
0.231049
0.479294
0.177580
0.848998
0.581645
0.226299
0.559178
0.257011
0.549940
0.407254
0.343531
0.117037
0.562912
0.186430
0.397854
0.279226
0.122371
0.987361
0.016266
0.164838
0.315435
0.160028
0.046011
0.230266
0.316203
0.149177
0.105060
0.586296
0.101439
0.053799
0.249060
0.338845
0.475600
0.101906
0.171137
0.216855
0.921103
0.806986
0.813932
0.401693
0.348446
0.399467
0.532463
0.725786
0.992664
0.630785
0.720935
0.592817
0.306910
0.664891
0.850825
0.111073
0.365399
0.179941
0.509856
0.704407
0.054036
0.158914
0.455616
0.290719
0.757839
0.405211
0.389612
0.942328
0.490472
0.971277
0.884382
0.718333
0.856537
0.443437
0.065905
0.704937
0.937965
0.885447
0.297327
0.179551
0.197182
0.532122
0.352952
0.893005
0.983146
0.655986
0.534830
0.097385
0.580323
0.440964
0.472508
0.524466
0.926798
0.600887
0.486032
0.915468
0.914702
0.149329
0.581275
0.025264
0.889242
0.043022
0.005315
0.366154
0.194272
0.624908
0.609795
0.144782
0.031653
0.235431
0.765922
0.192506
0.709201
0.987367
0.062173
0.192210
0.987367
0.432756
0.729079
0.681470
0.166679
0.078835
0.711496
0.688765
0.643216
0.143451
0.706459
0.801014
0.284054
0.407398
0.502901
0.920419
0.528953
0.934293
0.720511
0.674048
0.680414
0.523887
0.785572
0.015276
0.501736
0.474231
0.742927
0.349400
0.495498
0.379377
0.640263
0.727936
0.691681
0.726130
0.220983
0.657727
0.175190
0.368349
0.065781
0.718278
0.134979
0.831198
0.321155
0.461111
0.870050
0.295051
0.539923
0.278520
0.809761
0.101487
0.823616
0.237533
0.960502
0.774873
0.318419
0.067991
0.727956
0.393291
0.130395
0.442978
0.160910
0.480291
0.151650
0.315609
0.742849
0.138477
0.340432
0.246697
0.642186
0.013054
0.578430
0.598256
0.771429
0.501919
0.380428
0.785653
0.907781
0.831803
0.029338
0.097800
0.548805
0.607790
0.362496
0.677520
0.665599
0.989290
0.315442
0.336944
0.370087
0.187479
0.051474
0.795223
0.588777
0.347991
0.670735
0.321149
0.440180
0.729008
0.993905
0.244126
0.350107
0.079645
0.369752
0.340940
0.273470
0.418411
0.350557
0.802112
0.411307
0.709952
0.711361
0.399308
0.678301
0.980569
0.855686
0.442113
0.000735
0.544993
0.685000
0.803862
0.902508
0.906994
0.414106
0.010223
0.826544
0.390903
0.878461
0.059898
0.630039
0.640613
0.443454
0.364136
0.399261
0.190724
0.740906
0.669363
0.826701
0.615122
0.601673
0.495578
0.773417
0.093454
0.317400
0.435639
0.017850
0.658609
0.128809
0.980509
0.279006
0.034997
0.681132
0.975529
0.680894
0.573758
0.698098
0.059370
0.227512
0.921988
0.565181
0.411361
0.461467
0.611913
0.563049
0.739696
0.459222
0.386819
0.007975
0.322260
0.893757
0.459651
0.313614
0.187394
0.089572
0.875059
0.436376
0.552429
0.370959
0.529190
0.174631
0.765813
0.424600
0.067708
0.402284
0.301487
0.770943
0.112921
0.493607
0.081770
0.204735
0.850615
0.574435
0.467750
0.145214
0.008710
0.872530
0.419526
0.483106
0.222190
0.566515
0.480055
0.225881
0.929078
0.299747
0.972376
0.418619
0.677905
0.756008
0.837055
0.195795
0.055010
0.633080
0.689958
0.135689
0.726383
0.415128
0.275128
0.201198
0.809101
0.874218
0.945098
0.073769
0.276761
0.235982
0.906884
0.464153
0.305987
0.857018
0.069916
0.717719
0.690761
0.686564
0.811953
0.573704
0.101146
0.248756
0.714635
0.767684
0.315364
0.582445
0.170093
0.600144
0.490952
0.133444
0.316814
0.243656
0.303179
0.801002
0.603830
0.085943
0.717487
0.910219
0.718816
0.262152
0.232028
0.200792
0.693742
0.428056
0.000906
0.231307
0.997595
0.361730
0.706939
0.231602
0.393999
0.347253
0.360288
0.884407
0.101990
0.128798
0.280878
0.496212
0.310204
0.410596
0.690695
0.417990
0.232820
0.989479
0.504033
0.859127
0.250184
0.697316
0.289785
0.320833
0.993176
0.728577
0.606223
0.373747
0.636337
0.147806
0.164576
0.103101
0.815039
0.966340
0.908665
0.947127
0.748977
0.475170
0.818492
0.543270
0.258973
0.124743
0.410522
0.525160
0.135562
0.065947
0.003164
0.258563
0.423020
0.694628
0.772693
0.290293
0.594321
0.426697
0.707979
0.726966
0.458111
0.353193
0.143230
0.433779
0.986207
0.114133
0.015124
0.986207
0.202042
0.189591
0.217726
0.381819
0.255527
0.713155
0.451015
0.670421
0.418432
0.041610
0.697915
0.922869
0.881367
0.084822
0.758831
0.666154
0.339649
0.049909
0.338900
0.361011
0.967322
0.054964
0.475101
0.085895
0.445737
0.596918
0.699958
0.067748
0.225678
0.333858
0.112323
0.428660
0.409055
0.354419
0.993905
0.406540
0.180865
0.651627
0.446934
0.733105
0.151720
0.146116
0.988864
0.066488
0.432325
0.328660
0.845857
0.893424
0.279520
0.312656
0.042058
0.548137
0.805737
0.072857
0.615440
0.751278
0.400943
0.072571
0.074584
0.539085
0.688299
0.825752
0.411144
0.419015
0.085906
0.720701
0.208083
0.944801
0.082711
0.172600
0.274552
0.052372
0.657489
0.001449
0.173170
0.590677
0.258033
0.512029
0.876073
0.730214
0.792499
0.757077
0.347378
0.163965
0.677182
0.149369
0.730129
0.096479
0.821413
0.283729
0.520364
0.222851
0.431689
0.414279
0.129885
0.894807
0.588770
0.680106
0.046491
0.325629
0.333066
0.105780
0.961636
0.052679
0.609070
0.640287
0.184720
0.550162
0.227417
0.604393
0.440815
0.592012
0.346047
0.754535
0.955000
0.461786
0.927042
0.650255
0.162179
0.357032
0.754676
0.837915
0.906242
0.975550
0.698716
0.788997
0.676035
0.080328
0.217684
0.993331
0.128571
0.823349
0.512957
0.833885
0.090502
0.429462
0.060443
0.163938
0.243340
0.624073
0.241988
0.383119
0.956590
0.901393
0.735047
0.750184
0.315778
0.721914
0.696259
0.465391
0.918511
0.061223
0.072622
0.031883
0.529809
0.718698
0.810296
0.764704
0.031520
0.112360
0.467066
0.629808
0.453407
0.980604
0.428277
0.597177
0.007952
0.734680
0.910813
0.198643
0.976925
0.097886
0.998146
0.627936
0.600597
0.262423
0.494438
0.371954
0.616565
0.818191
0.060220
0.725425
0.799810
0.887120
0.527873
0.823641
0.332607
0.109815
0.712148
0.103354
0.881772
0.188867
0.640633
0.303493
0.984381
0.213168
0.702754
0.453767
0.239484
0.880318
0.427770
0.350423
0.968743
0.582483
0.892398
0.062716
0.836084
0.928044
0.733891
0.724179
0.219145
0.764945
0.038736
0.217635
0.730808
0.995223
0.089724
0.691184
0.017771
0.318882
0.499424
0.776592
0.004470
0.354401
0.785372
0.112584
0.801020
0.047483
0.255781
0.199834
0.181705
0.059874
0.329046
0.944670
0.929608
0.816489
0.731536
0.342633
0.027556
0.060411
0.906098
0.534744
0.126514
0.744433
0.977113
0.501016
0.384001
0.423191
0.512769
0.627943
0.570021
0.061044
0.403644
0.400530
0.105664
0.709098
0.468371
0.844444
0.111063
0.675156
0.741933
0.337323
0.851207
0.587796
0.922863
0.152462
0.731540
0.788429
0.438899
0.615526
0.645818
0.284213
0.758640
0.084453
0.726499
0.114740
0.798321
0.720574
0.849350
0.823053
0.278910
0.524963
0.677993
0.326265
0.993905
0.115078
0.401709
0.089893
0.295248
0.704040
0.202710
0.789272
0.490783
0.609847
0.059457
0.156908
0.483822
0.988864
0.386894
0.681901
0.656105
0.154751
0.562868
0.032949
0.719459
0.704116
0.062725
0.898153
0.626255
0.120851
0.688732
0.314152
0.678234
0.189786
0.558915
0.499270
0.274626
0.257242
0.046711
0.102583
0.512435
0.574109
0.808133
0.737663
0.408406
0.586073
0.644155
0.013785
0.625732
0.495464
0.986441
0.695583
0.376014
0.582707
0.936635
0.188187
0.465915
0.053848
0.382925
0.250005
0.280085
0.758660
0.646861
0.317669
0.763279
0.752067
0.685628
0.011478
0.687002
0.524436
0.817788
0.161484
0.867552
0.398095
0.529851
0.572049
0.763745
0.203012
0.978783
0.552115
0.387157
0.333842
0.294557
0.284213
0.474249
0.127420
0.185552
0.511779
0.427443
0.255902
0.454294
0.407981
0.139709
0.415044
0.045152
0.814124
0.035979
0.205897
0.915952
0.937331
0.290590
0.014179
0.379182
0.993331
0.451166
0.148243
0.993331
0.519947
0.552100
0.965093
0.686444
0.824013
0.836724
0.697466
0.114486
0.273153
0.719557
0.508236
0.552986
0.371054
0.971802
0.523900
0.217968
0.362833
0.520215
0.706447
0.923378
0.382989
0.639717
0.561223
0.274389
0.733460
0.875571
0.351527
0.997021
0.433664
0.427073
0.374592
0.639084
0.565153
0.479722
0.842441
0.284239
0.087902
0.391154
0.706538
0.395884
0.599693
0.393997
0.104557
0.761496
0.256970
0.024918
0.053803
0.066407
0.563967
0.589903
0.395115
0.888268
0.669100
0.256768
0.297760
0.636180
0.757297
0.944579
0.384773
0.132105
0.864438
0.678483
0.839321
0.650738
0.578524
0.703893
0.736658
0.997216
0.302292
0.130228
0.915050
0.216141
0.473432
0.483094
0.215277
0.256950
0.595251
0.624318
0.426582
0.354036
0.719474
0.728242
0.648704
0.176954
0.455714
0.697362
0.791178
0.563696
0.887277
0.206074
0.297697
0.876659
0.852771
0.499227
0.578991
0.416202
0.007798
0.387698
0.436179
0.029159
0.879637
0.347300
0.434991
0.315108
0.662128
0.423428
0.139676
0.542476
0.350471
0.906164
0.772625
0.530793
0.258006
0.496466
0.749112
0.185262
0.554569
0.286632
0.928604
0.219630
0.986207
0.335466
0.126411
0.703607
0.210653
0.485456
0.710224
0.144783
0.233545
0.891907
0.294941
0.467923
0.078114
0.158389
0.156410
0.347502
0.957612
0.277650
0.832547
0.102260
0.923126
0.025873
0.947846
0.864798
0.885080
0.048103
0.750534
0.710844
0.600780
0.943188
0.696392
0.385827
0.793984
0.098586
0.642266
0.993905
0.705572
0.392111
0.671585
0.233983
0.684637
0.899925
0.244820
0.162885
0.301290
0.669883
0.531132
0.480703
0.414413
0.402850
0.633533
0.415186
0.839665
0.512334
0.971526
0.432069
0.174275
0.083064
0.586724
0.161156
0.822762
0.213075
0.070398
0.501212
0.491057
0.569113
0.819814
0.925074
0.481133
0.126486
0.699076
0.557584
0.303531
0.179856
0.531365
0.256689
0.695877
0.204817
0.369114
0.418461
0.121382
0.680983
0.036800
0.558324
0.735489
0.305724
0.475864
0.133579
0.879821
0.310747
0.127491
0.476278
0.260780
0.837856
0.765333
0.863061
0.863667
0.851242
0.183703
0.041062
0.415846
0.293060
0.989253
0.687667
0.206057
0.161253
0.939128
0.154082
0.349401
0.087764
0.550296
0.881723
0.501493
0.907235
0.738238
0.900255
0.130926
0.728910
0.656958
0.988848
0.219364
0.021716
0.370070
0.516583
0.739949
0.631291
0.620845
0.347365
0.139818
0.450394
0.130860
0.666075
0.336886
0.166390
0.993331
0.106636
0.277213
0.267364
0.584483
0.954498
0.145267
0.488300
0.897677
0.858023
0.837085
0.471841
0.248614
0.384249
0.500166
0.642446
0.299272
0.702692
0.623166
0.985244
0.103620
0.412110
0.984836
0.731708
0.420546
0.430169
0.004621
0.452189
0.448143
0.132285
0.423558
0.677329
0.639084
0.997021
0.139490
0.868469
0.123348
0.605292
0.986708
0.441668
0.340129
0.262821
0.289453
0.756869
0.258625
0.901276
0.133171
0.033169
0.157391
0.551509
0.764177
0.502226
0.480462
0.395563
0.473752
0.760368
0.570368
0.613707
0.958775
0.492343
0.976495
0.742460
0.855550
0.242809
0.705064
0.608586
0.499291
0.061852
0.570645
0.474452
0.233273
0.216512
0.713603
0.071930
0.485270
0.288032
0.569917
0.252867
0.290554
0.786383
0.305410
0.427179
0.137405
0.774414
0.391960
0.303224
0.031716
0.294932
0.357118
0.434885
0.282533
0.218803
0.560986
0.407211
0.363679
0.686704
0.994672
0.026992
0.854763
0.839637
0.314342
0.288510
0.818846
0.519979
0.000670
0.208531
0.289787
0.832873
0.303614
0.203823
0.151419
0.391640
0.843599
0.827448
0.981420
0.113828
0.820232
0.103275
0.830445
0.309504
0.919110
0.969431
0.204386
0.715976
0.986207
0.715976
0.131685
0.130595
0.721467
0.855567
0.592831
0.960782
0.614953
0.760923
0.269551
0.389728
0.644329
0.014336
0.116502
0.044524
0.149195
0.124755
0.054179
0.332116
0.928568
0.194640
0.322340
0.793228
0.593889
0.092038
0.127025
0.929787
0.796993
0.918397
0.579662
0.378964
0.519100
0.016306
0.713185
0.717599
0.355785
0.476132
0.447658
0.333424
0.406166
0.233458
0.403192
0.923290
0.748543
0.373096
0.342282
0.601575
0.687581
0.724481
0.530340
0.907571
0.804854
0.872621
0.138973
0.727213
0.451138
0.573832
0.742259
0.094218
0.343918
0.425003
0.163484
0.774145
0.192953
0.399581
0.380501
0.056944
0.989481
0.567704
0.337186
0.101367
0.600649
0.089251
0.241229
0.084036
0.130025
0.080952
0.425631
0.411979
0.601250
0.121394
0.100856
0.699319
0.093737
0.363744
0.692225
0.904080
0.690015
0.752547
0.945040
0.590805
0.568639
0.239155
0.004013
0.925500
0.943023
0.704688
0.924530
0.393834
0.035698
0.080668
0.572212
0.118447
0.570730
0.449858
0.289633
0.307271
0.469515
0.302082
0.544458
0.905334
0.081725
0.509866
0.047812
0.218381
0.078700
0.728553
0.434333
0.402890
0.988848
0.273723
0.504686
0.402557
0.615344
0.284313
0.930046
0.587300
0.983319
0.145189
0.805389
0.103092
0.199645
0.980022
0.295934
0.249532
0.534960
0.326594
0.737710
0.107523
0.817850
0.344341
0.304200
0.340568
0.503404
0.653521
0.523198
0.113228
0.937285
0.348424
0.416591
0.623166
0.540318
0.117463
0.158121
0.297213
0.984836
0.695011
0.021489
0.966775
0.231662
0.366876
0.045965
0.404624
0.423212
0.330033
0.399845
0.292602
0.393895
0.411949
0.355292
0.080923
0.697985
0.697030
0.598245
0.250632
0.915437
0.485649
0.058479
0.643129
0.944464
0.368135
0.967914
0.339937
0.307342
0.741235
0.763787
0.111310
0.764630
0.846822
0.946782
0.408901
0.575092
0.178977
0.532477
0.912286
0.204737
0.916511
0.194803
0.021940
0.265104
0.034414
0.625478
0.349043
0.561814
0.888678
0.538700
0.902602
0.799956
0.536496
0.411265
0.711088
0.710339
0.964208
0.631671
0.741359
0.164272
0.974115
0.326611
0.378493
0.065270
0.813435
0.500243
0.552992
0.286317
0.995432
0.708995
0.212992
0.134549
0.348002
0.000810
0.852401
0.967390
0.706752
0.501405
0.583603
0.346473
0.430096
0.906669
0.846153
0.027664
0.955579
0.387301
0.079971
0.326548
0.005858
0.638327
0.524045
0.244108
0.160931
0.253494
0.552219
0.000701
0.859711
0.535610
0.055897
0.391543
0.180913
0.778688
0.428792
0.643763
0.865059
0.049602
0.624788
0.704229
0.884305
0.472901
0.286867
0.881901
0.254289
0.305672
0.526072
0.700459
0.872984
0.129456
0.230629
0.223997
0.706035
0.700121
0.685960
0.765116
0.657222
0.479856
0.572699
0.874857
0.361854
0.099502
0.898192
0.311262
0.585196
0.237778
0.116494
0.859139
0.885996
0.305954
0.012310
0.696434
0.316754
0.257173
0.029938
0.185120
0.308709
0.420523
0.390875
0.068276
0.850508
0.973110
0.403621
0.787621
0.004375
0.877957
0.843146
0.135186
0.974719
0.282913
0.128188
0.377163
0.720027
0.082577
0.294254
0.533734
0.799164
0.465395
0.030833
0.240956
0.446337
0.044152
0.048144
0.514028
0.563272
0.454545
0.986441
0.715947
0.445628
0.986441
0.345898
0.986441
0.257061
0.990920
0.456043
0.990920
0.355799
0.024272
0.803390
0.695815
0.391664
0.509795
0.160560
0.519403
0.741613
0.949108
0.238014
0.512521
0.564236
0.168037
0.009938
0.075603
0.479545
0.900820
0.274083
0.857350
0.147773
0.525524
0.672334
0.071172
0.590211
0.235055
0.612153
0.649437
0.727411
0.262167
0.112813
0.891887
0.104322
0.299192
0.401798
0.422347
0.254188
0.973634
0.679496
0.209289
0.055709
0.000689
0.033187
0.950015
0.260611
0.299474
0.155955
0.971637
0.375096
0.158213
0.010282
0.537360
0.428997
0.628444
0.414774
0.436068
0.692721
0.000133
0.557113
0.393435
0.227025
0.450988
0.874419
0.317483
0.701688
0.711086
0.235818
0.531253
0.385262
0.517622
0.385246
0.670939
0.379680
0.923510
0.923107
0.300601
0.342223
0.419889
0.398789
0.402434
0.997021
0.448933
0.246098
0.155183
0.185437
0.439004
0.726822
0.645552
0.246513
0.936640
0.553805
0.246970
0.518415
0.351713
0.977761
0.070321
0.210008
0.547509
0.879179
0.142062
0.351659
0.247032
0.600006
0.241013
0.283368
0.370841
0.699857
0.161319
0.383381
0.604357
0.385987
0.195973
0.881067
0.545415
0.652020
0.980861
0.915118
0.905971
0.845515
0.200218
0.322665
0.158916
0.311841
0.550393
0.233585
0.881063
0.513462
0.494299
0.513216
0.013448
0.301586
0.747939
0.671544
0.429218
0.007868
0.954202
0.122654
0.053709
0.709465
0.136362
0.415713
0.170533
0.491427
0.287598
0.456001
0.244114
0.212696
0.531321
0.850213
0.358835
0.804962
0.476975
0.978735
0.699467
0.614199
0.851722
0.029816
0.883528
0.437623
0.943912
0.202863
0.525619
0.155361
0.735985
0.630063
0.561571
0.703380
0.561924
0.349166
0.512493
0.294605
0.814754
0.100364
0.901091
0.282000
0.073755
0.879861
0.661189
0.981053
0.347569
0.686503
0.181574
0.925071
0.809612
0.643318
0.920194
0.648494
0.343010
0.063857
0.988728
0.320371
0.211688
0.151129
0.673449
0.079130
0.844121
0.702522
0.107456
0.048688
0.340378
0.793560
0.057840
0.077483
0.355345
0.402430
0.296150
0.575836
0.611992
0.900353
0.622886
0.453511
0.471103
0.027685
0.215409
0.732937
0.712195
0.981865
0.132213
0.334339
0.370936
0.191108
0.437480
0.997957
0.146905
0.344788
0.800181
0.448709
0.500388
0.918609
0.400110
0.839282
0.274255
0.642234
0.481356
0.679533
0.986122
0.121752
0.239389
0.969274
0.373130
0.893865
0.140695
0.066291
0.119537
0.544519
0.155121
0.710848
0.651291
0.313390
0.048602
0.073202
0.136420
0.666769
0.356087
0.191955
0.332655
0.182525
0.911258
0.360385
0.209904
0.691467
0.214509
0.278329
0.087347
0.039349
0.507530
0.444170
0.761500
0.225859
0.840737
0.792961
0.853194
0.364948
0.307925
0.312813
0.061448
0.848823
0.517404
0.839880
0.134739
0.459396
0.874725
0.935947
0.779612
0.054004
0.175086
0.878184
0.400045
0.051578
0.319519
0.409863
0.988848
0.609439
0.507209
0.259599
0.538749
0.986253
0.335685
0.986253
0.664147
0.904505
0.278687
0.472253
0.771737
0.723142
0.426751
0.982194
0.190448
0.082308
0.249943
0.997542
0.022465
0.739341
0.687678
0.725314
0.011218
0.634073
0.070739
0.540315
0.337963
0.367744
0.555104
0.098636
0.747369
0.705680
0.824150
0.458990
0.082545
0.490936
0.229906
0.902107
0.037310
0.482841
0.718911
0.290634
0.220475
0.528095
0.865726
0.018836
0.798462
0.447707
0.994480
0.721929
0.462122
0.887984
0.944701
0.609557
0.021881
0.541457
0.483061
0.159051
0.583815
0.168314
0.698537
0.129497
0.191359
0.660048
0.876432
0.734643
0.597293
0.237402
0.297468
0.322968
0.000110
0.772983
0.119198
0.799507
0.617455
0.866330
0.147765
0.503109
0.048236
0.090059
0.673876
0.678897
0.294152
0.333880
0.475607
0.890436
0.437909
0.882964
0.149992
0.182556
0.028777
0.894761
0.292153
0.236001
0.240687
0.509264
0.784059
0.335652
0.674788
0.027062
0.059390
0.436923
0.682024
0.145376
0.679603
0.726235
0.437771
0.869586
0.768592
0.253124
0.145060
0.104560
0.630276
0.981120
0.696553
0.032090
0.834367
0.552593
0.662367
0.946689
0.366879
0.680089
0.561682
0.702763
0.513432
0.164498
0.990906
0.284422
0.487651
0.419367
0.978627
0.687156
0.425292
0.280049
0.588747
0.921364
0.882966
0.517397
0.126220
0.410189
0.245664
0.547605
0.707704
0.710287
0.071600
0.784875
0.042752
0.811091
0.709625
0.477639
0.344906
0.988728
0.382869
0.441420
0.428419
0.708802
0.737622
0.326954
0.476237
0.155902
0.828127
0.377292
0.966258
0.282086
0.701000
0.661336
0.108785
0.120490
0.629473
0.550712
0.155300
0.626074
0.897556
0.469855
0.838584
0.550501
0.187693
0.055670
0.927848
0.708633
0.357159
0.757458
0.287556
0.182210
0.844320
0.437077
0.003337
0.308775
0.637841
0.295143
0.848697
0.467133
0.794353
0.469575
0.876618
0.313786
0.509834
0.408577
0.426718
0.567219
0.044921
0.641530
0.207386
0.357245
0.853822
0.372810
0.393136
0.343096
0.471909
0.154377
0.304770
0.903836
0.151730
0.736408
0.020383
0.975008
0.396042
0.269098
0.696670
0.162252
0.086722
0.535170
0.112726
0.331627
0.438763
0.268093
0.854496
0.542487
0.779856
0.526505
0.718444
0.146299
0.850865
0.956012
0.068755
0.677488
0.795316
0.965189
0.948417
0.473341
0.033220
0.497110
0.239498
0.301634
0.244400
0.549621
0.657165
0.778842
0.589031
0.229498
0.457938
0.218372
0.717506
0.687536
0.275342
0.371039
0.960943
0.408132
0.147717
0.321899
0.396806
0.141656
0.160853
0.694622
0.513935
0.358724
0.345228
0.483204
0.924991
0.518743
0.970919
0.301464
0.570151
0.720297
0.741412
0.446702
0.299933
0.407401
0.670939
0.067063
0.946021
0.849234
0.665376
0.215243
0.644147
0.362560
0.301302
0.447596
0.459194
0.148657
0.251313
0.985967
0.078098
0.561849
0.670725
0.718911
0.997021
0.205117
0.316443
0.547676
0.669161
0.420030
0.412721
0.424557
0.026928
0.457129
0.349877
0.026869
0.491984
0.875703
0.605506
0.634746
0.074077
0.308006
0.927355
0.731701
0.439814
0.333833
0.602399
0.106448
0.850049
0.241178
0.668547
0.389189
0.210172
0.188137
0.640577
0.240683
0.463874
0.724968
0.488926
0.571332
0.609232
0.502658
0.132158
0.216508
0.960934
0.477430
0.433762
0.186027
0.222952
0.402722
0.050862
0.436554
0.194465
0.581443
0.453813
0.201858
0.675446
0.433906
0.055675
0.482864
0.455774
0.607211
0.490208
0.432390
0.657961
0.995432
0.119511
0.995432
0.706375
0.351310
0.660877
0.009350
0.143904
0.852185
0.950464
0.674791
0.362483
0.439417
0.609389
0.946513
0.457049
0.341561
0.692853
0.514440
0.465500
0.771883
0.189405
0.937321
0.045143
0.211261
0.531152
0.174277
0.759826
0.324332
0.613966
0.239249
0.080511
0.579114
0.322661
0.032058
0.653356
0.676156
0.707732
0.989081
0.100493
0.263370
0.325293
0.192760
0.001623
0.752090
0.871418
0.440987
0.778020
0.219003
0.937046
0.204901
0.051051
0.988728
0.694655
0.165115
0.264199
0.302297
0.372231
0.577159
0.830288
0.420822
0.887500
0.887215
0.817299
0.971397
0.438203
0.927806
0.051440
0.527700
0.625138
0.129991
0.514809
0.170068
0.660213
0.638787
0.641434
0.301794
0.479961
0.733793
0.704664
0.000372
0.267013
0.000568
0.265867
0.966500
0.871101
0.208713
0.446376
0.867090
0.922493
0.188754
0.911264
0.978910
0.762983
0.723053
0.735014
0.572597
0.827149
0.471486
0.063302
0.462981
0.219394
0.827993
0.921283
0.355600
0.438719
0.713443
0.548453
0.289912
0.922836
0.971808
0.086435
0.100491
0.215652
0.130824
0.804245
0.606230
0.992486
0.153713
0.982444
0.896247
0.100152
0.373650
0.682253
0.046608
0.515183
0.402363
0.158649
0.794702
0.571016
0.632882
0.320527
0.523726
0.128622
0.067740
0.250523
0.007661
0.786578
0.260995
0.148536
0.361501
0.764532
0.187633
0.604506
0.890728
0.313694
0.979212
0.707832
0.130781
0.271892
0.358864
0.710166
0.290702
0.597905
0.095188
0.685486
0.562339
0.674001
0.690456
0.397060
0.734565
0.065309
0.974300
0.364993
0.808630
0.491391
0.699288
0.737119
0.894305
0.233398
0.295740
0.600676
0.536385
0.331060
0.720894
0.628154
0.202138
0.408470
0.381476
0.416774
0.413517
0.984929
0.135296
0.553307
0.401527
0.561530
0.111727
0.421229
0.571796
0.985967
0.412881
0.192092
0.637553
0.627387
0.381324
0.128734
0.269122
0.872777
0.617303
0.219441
0.700608
0.719849
0.725529
0.528263
0.235625
0.586553
0.497303
0.677535
0.324709
0.959861
0.416338
0.897683
0.294660
0.936904
0.786275
0.613401
0.968526
0.462779
0.137742
0.611062
0.063343
0.527158
0.785208
0.009452
0.157415
0.916014
0.154962
0.364127
0.171011
0.911178
0.030070
0.547936
0.249016
0.525482
0.896071
0.231505
0.524630
0.133997
0.196516
0.739622
0.002681
0.949290
0.259359
0.517263
0.447222
0.678002
0.799985
0.569228
0.893005
0.921489
0.469771
0.129119
0.160687
0.275945
0.485577
0.227208
0.375209
0.711115
0.029780
0.629583
0.239712
0.476852
0.505847
0.325450
0.434280
0.092319
0.585245
0.409828
0.037464
0.119470
0.257068
0.692682
0.925980
0.523118
0.829396
0.708905
0.426543
0.980184
0.485758
0.137372
0.409328
0.976919
0.577206
0.101304
0.010200
0.818398
0.487225
0.451649
0.135636
0.389583
0.763576
0.025368
0.727781
0.279254
0.015223
0.409277
0.488172
0.118926
0.065366
0.012907
0.117799
0.260508
0.270097
0.583922
0.217731
0.210268
0.024900
0.932251
0.059416
0.707076
0.684708
0.190139
0.716481
0.308296
0.157927
0.672472
0.884363
0.601416
0.659942
0.737048
0.906462
0.619394
0.113394
0.563305
0.733827
0.363632
0.188897
0.995232
0.708772
0.550260
0.615463
0.601659
0.055237
0.066222
0.230838
0.513522
0.078070
0.989082
0.649281
0.128471
0.580772
0.157940
0.254440
0.604465
0.382589
0.904587
0.158775
0.941578
0.044908
0.249386
0.724620
0.640893
0.191309
0.891674
0.372419
0.314704
0.785533
0.175478
0.132585
0.591572
0.573462
0.488107
0.854334
0.190419
0.124098
0.893302
0.658221
0.873986
0.462859
0.278294
0.330765
0.252050
0.044060
0.392460
0.533616
0.728448
0.620519
0.683484
0.260880
0.564796
0.123400
0.876042
0.511524
0.328468
0.885592
0.666059
0.843519
0.585692
0.332261
0.395186
0.896236
0.446820
0.262578
0.347181
0.770792
0.246534
0.180800
0.888732
0.866813
0.694958
0.161467
0.627473
0.207648
0.136686
0.795083
0.390867
0.988848
0.687929
0.655892
0.559614
0.329817
0.526605
0.498167
0.986253
0.015430
0.282912
0.132230
0.224639
0.812462
0.780503
0.501757
0.340562
0.000360
0.208063
0.304153
0.210440
0.468745
0.607944
0.319838
0.042581
0.997542
0.316861
0.666681
0.481356
0.095883
0.599302
0.969531
0.250383
0.541478
0.055917
0.638289
0.461964
0.330625
0.578852
0.353329
0.254110
0.679851
0.620733
0.941589
0.536071
0.251017
0.491899
0.108242
0.258603
0.677802
0.013910
0.996412
0.028030
0.735879
0.529813
0.088351
0.787399
0.562133
0.829896
0.443686
0.643642
0.042376
0.628167
0.988067
0.591981
0.615604
0.884598
0.743316
0.800523
0.207649
0.847767
0.362646
0.482814
0.838145
0.012802
0.045004
0.943893
0.359891
0.884565
0.582803
0.066062
0.611500
0.592742
0.011431
0.148997
0.674693
0.382562
0.759284
0.584609
0.986472
0.718782
0.233945
0.664912
0.129468
0.147533
0.391013
0.378494
0.327080
0.577645
0.719400
0.882147
0.229244
0.108967
0.426996
0.519787
0.574776
0.210810
0.560101
0.995432
0.167188
0.121465
0.587381
0.601741
0.199591
0.654375
0.969706
0.718340
0.679594
0.434303
0.163145
0.430588
0.677530
0.645930
0.515376
0.079776
0.275972
0.527974
0.106631
0.230675
0.074760
0.379980
0.625456
0.775641
0.297309
0.230410
0.036671
0.929688
0.029075
0.679198
0.595605
0.196781
0.672633
0.333177
0.562339
0.890497
0.097863
0.428272
0.002734
0.385123
0.953880
0.329330
0.578359
0.849728
0.089221
0.940369
0.958617
0.218252
0.505043
0.389709
0.652995
0.010558
0.318270
0.593218
0.111734
0.126058
0.721676
0.283335
0.315774
0.967619
0.642470
0.332549
0.942473
0.337337
0.066855
0.630191
0.457642
0.918966
0.539548
0.245154
0.536491
0.875923
0.372785
0.651015
0.180205
0.434126
0.301969
0.852019
0.092458
0.649281
0.404891
0.198875
0.773460
0.915147
0.553255
0.814031
0.793079
0.418219
0.959333
0.821152
0.062960
0.389167
0.039278
0.378459
0.429986
0.311446
0.476882
0.658171
0.897614
0.423014
0.932458
0.623921
0.756092
0.901053
0.408881
0.136091
0.548360
0.743326
0.611053
0.384793
0.686965
0.850869
0.684463
0.156788
0.005723
0.083021
0.951129
0.152999
0.493285
0.189454
0.818495
0.826322
0.600773
0.856015
0.503728
0.265864
0.763158
0.509594
0.786709
0.196199
0.029299
0.186893
0.233471
0.043220
0.598187
0.904407
0.881071
0.018012
0.733029
0.590791
0.517303
0.456443
0.035714
0.010624
0.995271
0.257040
0.419159
0.211052
0.042369
0.655230
0.860547
0.691551
0.627523
0.825185
0.933570
0.666014
0.859321
0.488847
0.312153
0.135695
0.003616
0.297973
0.804415
0.354131
0.600348
0.943493
0.864459
0.012529
0.418423
0.288273
0.379667
0.467092
0.093484
0.086209
0.730646
0.118828
0.391938
0.386278
0.877664
0.434053
0.869822
0.373553
0.853996
0.501942
0.868678
0.670771
0.714051
0.493494
0.000539
0.745909
0.363474
0.664938
0.680012
0.475986
0.444897
0.250129
0.820908
0.709491
0.660406
0.396558
0.707508
0.089360
0.412305
0.849809
0.912918
0.507098
0.234397
0.812225
0.207087
0.091186
0.506308
0.265657
0.900719
0.741949
0.601339
0.584087
0.776725
0.493578
0.518364
0.082506
0.326901
0.704705
0.617251
0.125867
0.175124
0.428664
0.842036
0.216482
0.019540
0.383254
0.730049
0.551419
0.042653
0.743699
0.775454
0.900158
0.730729
0.458086
0.029795
0.701125
0.238060
0.640788
0.897961
0.000993
0.693544
0.503081
0.127588
0.297094
0.402381
0.320309
0.929826
0.321827
0.329351
0.622260
0.430611
0.422356
0.256530
0.810478
0.639214
0.957018
0.141056
0.857564
0.974660
0.979173
0.620847
0.905514
0.734620
0.046338
0.100384
0.400948
0.583922
0.636124
0.526666
0.254956
0.023732
0.381089
0.578469
0.936073
0.454883
0.854551
0.640600
0.860588
0.931217
0.272905
0.579002
0.070639
0.307155
0.185703
0.541532
0.545027
0.498230
0.895554
0.711893
0.299865
0.008676
0.798332
0.178417
0.357391
0.235399
0.953587
0.742872
0.014890
0.066104
0.426063
0.093820
0.376588
0.668902
0.018986
0.170645
0.736846
0.573406
0.732569
0.723714
0.961644
0.105686
0.208028
0.868216
0.018097
0.132524
0.686190
0.278378
0.181084
0.049221
0.045377
0.378658
0.306646
0.899646
0.757329
0.372348
0.929761
0.821173
0.380968
0.978100
0.517932
0.269020
0.030437
0.453180
0.111646
0.287154
0.087574
0.109917
0.100239
0.783395
0.527061
0.679400
0.230958
0.146232
0.972971
0.254034
0.015694
0.656053
0.255205
0.967322
0.791612
0.024175
0.890433
0.724010
0.288308
0.804086
0.165237
0.464532
0.056371
0.609398
0.424866
0.281995
0.593758
0.525915
0.047615
0.214638
0.962156
0.288374
0.769149
0.827883
0.782603
0.908245
0.760223
0.253512
0.326881
0.173800
0.486347
0.753943
0.239378
0.718527
0.766825
0.321536
0.915753
0.074043
0.778245
0.859900
0.584480
0.928633
0.235365
0.789509
0.461387
0.826483
0.399208
0.717223
0.995945
0.716549
0.118130
0.370155
0.729952
0.995271
0.701361
0.588379
0.374401
0.878712
0.136245
0.797737
0.417225
0.363948
0.875692
0.443990
0.137538
0.726029
0.649514
0.067857
0.043780
0.769436
0.324544
0.298139
0.809820
0.612292
0.628078
0.937055
0.764469
0.401270
0.602401
0.938585
0.326181
0.713301
0.771792
0.114383
0.446741
0.622327
0.776811
0.078824
0.176033
0.188195
0.746232
0.622109
0.305818
0.097490
0.750259
0.459242
0.434024
0.869875
0.937735
0.087381
0.145025
0.284923
0.329622
0.598316
0.930277
0.029772
0.079901
0.710075
0.216015
0.117100
0.220984
0.669926
0.496665
0.213251
0.217665
0.142785
0.763762
0.966484
0.224561
0.720109
0.497240
0.719131
0.722356
0.312360
0.727026
0.127551
0.110533
0.146586
0.986639
0.342655
0.147768
0.395904
0.738766
0.266921
0.706397
0.293069
0.569821
0.015916
0.909393
0.434564
0.077127
0.822477
0.620006
0.907831
0.079806
0.463158
0.533008
0.189395
0.078911
0.327235
0.759759
0.082236
0.346166
0.440469
0.841208
0.512114
0.308252
0.285638
0.394463
0.619875
0.001096
0.800352
0.477759
0.464203
0.008091
0.385177
0.920209
0.590679
0.047646
0.511235
0.028393
0.891348
0.100686
0.200321
0.770122
0.596827
0.021383
0.870440
0.812135
0.542066
0.123464
0.138454
0.015193
0.018492
0.541996
0.476244
0.326391
0.410091
0.700397
0.189085
0.160421
0.967418
0.100447
0.320572
0.831975
0.378161
0.456727
0.067845
0.440323
0.355032
0.645840
0.128519
0.410932
0.753425
0.686203
0.595825
0.561399
0.129272
0.329506
0.304281
0.020451
0.092513
0.575113
0.622556
0.326474
0.350493
0.430817
0.045244
0.100314
0.251180
0.376288
0.487504
0.906868
0.361807
0.749976
0.106854
0.169288
0.338735
0.608841
0.670159
0.407054
0.862903
0.607523
0.340555
0.067535
0.645079
0.135777
0.402893
0.753851
0.218855
0.038533
0.485490
0.067534
0.818705
0.841750
0.363469
0.513625
0.826647
0.811494
0.771772
0.485211
0.914786
0.597085
0.125664
0.528746
0.822103
0.537569
0.689080
0.675875
0.001774
0.251803
0.326693
0.087222
0.838600
0.365452
0.788937
0.896270
0.553068
0.274564
0.509182
0.314689
0.926447
0.580275
0.622460
0.454449
0.857095
0.138221
0.813194
0.424380
0.107969
0.842011
0.867496
0.353383
0.154780
0.046640
0.130330
0.910587
0.378348
0.809544
0.369978
0.262133
0.157671
0.721926
0.737223
0.399797
0.265941
0.501100
0.213961
0.620097
0.013118
0.882692
0.299731
0.642286
0.088291
0.360709
0.702297
0.413654
0.683089
0.391624
0.425841
0.221509
0.714551
0.985010
0.413944
0.226651
0.906727
0.633847
0.705685
0.156343
0.388433
0.161955
0.667719
0.883815
0.250866
0.733168
0.136176
0.375301
0.477582
0.934200
0.505623
0.923430
0.011260
0.841954
0.719187
0.176871
0.396540
0.137694
0.573561
0.112835
0.771042
0.226099
0.285036
0.538081
0.399439
0.581416
0.138834
0.825035
0.313480
0.428297
0.991189
0.367855
0.757306
0.287362
0.504607
0.187389
0.239191
0.248806
0.195679
0.685399
0.021684
0.842757
0.050577
0.996412
0.383490
0.000368
0.892625
0.897927
0.382137
0.815614
0.411306
0.208696
0.619872
0.274286
0.734722
0.128873
0.549726
0.285498
0.506627
0.064644
0.288782
0.971758
0.005031
0.588495
0.558520
0.109111
0.340694
0.979607
0.293058
0.896082
0.612196
0.960820
0.805925
0.813531
0.150975
0.027496
0.229380
0.577671
0.804959
0.208321
0.020156
0.996611
0.716732
0.357317
0.000822
0.070151
0.912026
0.637605
0.948478
0.305770
0.089339
0.504794
0.963214
0.238022
0.203667
0.062397
0.558134
0.678850
0.860494
0.021304
0.834488
0.423809
0.126760
0.324899
0.018857
0.722989
0.187425
0.022503
0.792779
0.104661
0.273953
0.382961
0.166766
0.243308
0.378401
0.574466
0.570841
0.268481
0.160429
0.860307
0.563895
0.507337
0.001573
0.734497
0.994335
0.193676
0.273292
0.891915
0.140946
0.410090
0.388288
0.645403
0.415993
0.702954
0.728804
0.938831
0.328608
0.848723
0.405679
0.653231
0.387690
0.087497
0.571811
0.337283
0.200355
0.760730
0.576888
0.909842
0.965493
0.943873
0.059403
0.876646
0.765855
0.142313
0.329395
0.267206
0.023054
0.566271
0.537406
0.010666
0.139080
0.026467
0.072852
0.699149
0.939287
0.270185
0.987287
0.735705
0.300385
0.416151
0.153316
0.170379
0.791242
0.524559
0.630387
0.449682
0.912569
0.670582
0.442183
0.613912
0.000100
0.718259
0.743043
0.925259
0.503128
0.619447
0.659844
0.987199
0.518135
0.090738
0.549969
0.321746
0.062911
0.846051
0.800787
0.310557
0.713858
0.414389
0.903165
0.103921
0.442547
0.146813
0.953039
0.837694
0.086652
0.992665
0.324745
0.214363
0.603520
0.528231
0.509003
0.128968
0.460726
0.181414
0.875384
0.040807
0.507938
0.254215
0.981533
0.741954
0.492987
0.085883
0.350986
0.384591
0.234334
0.828891
0.662936
0.979079
0.855368
0.806158
0.101089
0.238159
0.651971
0.109320
0.460112
0.841570
0.388248
0.895577
0.021615
0.948134
0.258603
0.940796
0.046951
0.154407
0.421259
0.124495
0.445872
0.043456
0.461904
0.714551
0.187167
0.486158
0.277598
0.301284
0.030687
0.738550
0.322380
0.912063
0.365731
0.490493
0.523910
0.670245
0.330514
0.960956
0.107489
0.704528
0.423317
0.642860
0.821989
0.008770
0.573231
0.817025
0.847788
0.199506
0.909987
0.036226
0.532831
0.669204
0.995357
0.468921
0.585085
0.156006
0.562258
0.628476
0.695631
0.400965
0.403114
0.991422
0.171443
0.417042
0.388631
0.156006
0.502096
0.500985
0.306048
0.211835
0.562628
0.953358
0.287219
0.350246
0.692052
0.616738
0.209038
0.427449
0.027242
0.710454
0.374270
0.730734
0.946832
0.152515
0.176172
0.782332
0.262981
0.064993
0.607158
0.400697
0.187054
0.896539
0.183406
0.494175
0.068536
0.686746
0.987912
0.574410
0.612998
0.320690
0.069121
0.485820
0.266909
0.786219
0.088068
0.338234
0.427588
0.563255
0.019071
0.281265
0.393379
0.421098
0.148432
0.056117
0.102776
0.749122
0.759548
0.385899
0.020052
0.779006
0.613892
0.593588
0.042284
0.894962
0.178366
0.000549
0.193553
0.508617
0.345037
0.525462
0.477934
0.481007
0.162910
0.156062
0.105948
0.767708
0.157122
0.120939
0.446154
0.544899
0.708062
0.732304
0.359569
0.988821
0.068856
0.236450
0.149751
0.726357
0.548313
0.787306
0.531206
0.714927
0.326302
0.601984
0.562443
0.818734
0.614633
0.754369
0.162422
0.808026
0.964884
0.169975
0.114087
0.007252
0.875248
0.636160
0.018913
0.051781
0.304474
0.333467
0.202349
0.139812
0.072603
0.301408
0.961767
0.539569
0.927312
0.724344
0.340215
0.717827
0.148914
0.831757
0.056379
0.286757
0.086403
0.336588
0.390150
0.940715
0.174346
0.828256
0.207084
0.887839
0.815056
0.597469
0.308147
0.426554
0.478356
0.427168
0.410940
0.436542
0.462709
0.985705
0.718289
0.909220
0.488954
0.415173
0.876289
0.400337
0.567131
0.325258
0.949894
0.471615
0.665537
0.947990
0.836501
0.518989
0.082642
0.417985
0.848928
0.628243
0.685632
0.354531
0.162095
0.760097
0.715044
0.680531
0.212780
0.493880
0.788114
0.612127
0.537133
0.434594
0.709682
0.577235
0.697032
0.712452
0.113614
0.350265
0.176037
0.726004
0.607592
0.600449
0.787508
0.364534
0.144172
0.879076
0.516802
0.640447
0.469250
0.514386
0.620656
0.665009
0.309162
0.276517
0.920502
0.441935
0.869977
0.060405
0.825471
0.573757
0.059416
0.435996
0.928327
0.611125
0.718927
0.185685
0.070583
0.421309
0.891251
0.744663
0.899857
0.563960
0.062077
0.062368
0.279783
0.709658
0.402619
0.985010
0.098591
0.715824
0.577482
0.628581
0.490289
0.740890
0.878633
0.027947
0.491772
0.404816
0.250719
0.655625
0.583842
0.747991
0.464854
0.867118
0.741629
0.769444
0.165141
0.408570
0.744533
0.435572
0.108491
0.324187
0.949827
0.044871
0.960793
0.657910
0.233747
0.313619
0.718435
0.155287
0.911640
0.914346
0.673211
0.538559
0.991189
0.064199
0.156778
0.381690
0.991422
0.685127
0.436905
0.494872
0.843332
0.579086
0.306435
0.509358
0.152728
0.123965
0.996412
0.147709
0.047188
0.619857
0.316775
0.906163
0.011641
0.657184
0.162498
0.325872
0.970238
0.079575
0.405006
0.382227
0.130748
0.617239
0.897456
0.460688
0.495073
0.415252
0.631924
0.729420
0.125108
0.383497
0.686746
0.087594
0.577725
0.771533
0.265480
0.868519
0.719782
0.170456
0.450934
0.302904
0.670482
0.270555
0.687353
0.733161
0.724065
0.165676
0.429512
0.685033
0.052404
0.776808
0.851040
0.524566
0.297200
0.361230
0.412221
0.728754
0.917766
0.376972
0.995329
0.687772
0.462815
0.995329
0.544704
0.837562
0.855676
0.002857
0.992211
0.678144
0.115955
0.451655
0.120116
0.486065
0.791828
0.627232
0.732342
0.385877
0.124462
0.096979
0.395773
0.458102
0.103637
0.434807
0.509785
0.810621
0.384412
0.620840
0.229261
0.583369
0.855183
0.489969
0.611674
0.022069
0.210892
0.269708
0.207090
0.983856
0.157090
0.182033
0.087841
0.608446
0.897197
0.159025
0.710118
0.071231
0.618959
0.586563
0.676016
0.994770
0.154108
0.251520
0.538589
0.815742
0.007221
0.408299
0.684583
0.872621
0.884174
0.227815
0.835211
0.477232
0.335116
0.278857
0.160047
0.030775
0.564078
0.916357
0.695152
0.281292
0.692963
0.136773
0.154936
0.448778
0.985705
0.138122
0.618421
0.072479
0.951606
0.660490
0.244163
0.646840
0.855772
0.943542
0.303014
0.667006
0.408701
0.483625
0.869635
0.100887
0.421370
0.828252
0.908597
0.602957
0.273483
0.871040
0.516913
0.366964
0.171505
0.015656
0.607866
0.091259
0.583332
0.543653
0.952585
0.864488
0.958599
0.221947
0.374252
0.320393
0.439671
0.697032
0.320588
0.373573
0.310532
0.566466
0.229925
0.869848
0.262504
0.986749
0.412809
0.468385
0.396036
0.320186
0.157940
0.074560
0.272145
0.124537
0.071028
0.066830
0.776664
0.085189
0.590822
0.808032
0.329407
0.643895
0.317503
0.092028
0.715310
0.094240
0.088146
0.441270
0.535142
0.688774
0.838027
0.009591
0.083736
0.426308
0.977145
0.177509
0.686640
0.132565
0.361805
0.689698
0.389178
0.218235
0.030953
0.558168
0.381576
0.769135
0.256977
0.917474
0.758758
0.324162
0.955488
0.099467
0.853099
0.448251
0.338122
0.210451
0.518735
0.038328
0.451759
0.720693
0.348515
0.975635
0.375326
0.674488
0.913870
0.061531
0.603837
0.315514
0.370875
0.727118
0.704012
0.455537
0.177442
0.319223
0.044834
0.851941
0.032808
0.907938
0.566694
0.432053
0.386370
0.399949
0.524156
0.764454
0.830725
0.124500
0.448769
0.884451
0.183523
0.973340
0.077925
0.685874
0.996412
0.314986
0.246543
0.980487
0.170449
0.361299
0.350992
0.132884
0.074747
0.887956
0.534420
0.519406
0.821360
0.294862
0.487650
0.915220
0.707576
0.397010
0.116384
0.360518
0.987912
0.121743
0.419215
0.030072
0.884822
0.346424
0.265580
0.777095
0.543267
0.659561
0.257873
0.659405
0.996875
0.670482
0.045410
0.467786
0.431466
0.444104
0.375166
0.660418
0.657155
0.340560
0.041764
0.342083
0.052629
0.596038
0.990819
0.596888
0.639937
0.632302
0.213520
0.733242
0.397821
0.180376
0.659070
0.464115
0.779435
0.462908
0.678144
0.367788
0.692397
0.108776
0.322095
0.283174
0.589488
0.667117
0.997302
0.436484
0.424722
0.462465
0.235368
0.246115
0.545429
0.232916
0.001546
0.088236
0.734964
0.254389
0.472680
0.312951
0.393882
0.156246
0.630753
0.956609
0.581611
0.937579
0.973785
0.699393
0.455234
0.128574
0.133771
0.762881
0.519673
0.835206
0.644129
0.994770
0.094156
0.311164
0.290760
0.676016
0.285415
0.836573
0.733403
0.257503
0.630177
0.802981
0.083928
0.198603
0.933809
0.277395
0.953160
0.923341
0.472439
0.730055
0.099010
0.651666
0.199534
0.236274
0.651972
0.539426
0.617602
0.105045
0.601105
0.717945
0.012064
0.339727
0.985705
0.042767
0.013015
0.706717
0.441859
0.191003
0.525485
0.745437
0.107159
0.201270
0.155223
0.787467
0.593046
0.796573
0.749800
0.188612
0.739537
0.057934
0.664951
0.225686
0.745845
0.836213
0.009199
0.265669
0.107419
0.632382
0.885892
0.455956
0.304147
0.694712
0.378148
0.992665
0.672869
0.723861
0.347532
0.437526
0.662191
0.360272
0.477249
0.546980
0.577349
0.409802
0.223863
0.623593
0.848567
0.606492
0.179575
0.311148
0.483294
0.641786
0.313649
0.925103
0.295525
0.348297
0.883845
0.487156
0.752343
0.683060
0.224350
0.585259
0.392172
0.261028
0.343180
0.532132
0.711407
0.900083
0.576283
0.234473
0.821606
0.520441
0.310636
0.624202
0.647408
0.804863
0.043823
0.625995
0.381625
0.151533
0.710801
0.514879
0.608062
0.369594
0.045070
0.697606
0.640945
0.787376
0.601702
0.021042
0.314989
0.076454
0.479708
0.841735
0.435767
0.438674
0.162500
0.681304
0.924732
0.957290
0.397897
0.164851
0.329371
0.018864
0.193991
0.491722
0.356629
0.568344
0.104385
0.613468
0.529679
0.606201
0.703292
0.281667
0.608668
0.879368
0.216311
0.845145
0.364081
0.739515
0.076469
0.618320
0.903323
0.434396
0.632685
0.742484
0.546504
0.349654
0.506514
0.074286
0.374061
0.582383
0.226066
0.036928
0.809322
0.846646
0.767488
0.757783
0.029406
0.887224
0.183104
0.561518
0.676635
0.178270
0.148488
0.997440
0.190265
0.375328
0.036245
0.686734
0.070813
0.431532
0.326330
0.132108
0.114997
0.163294
0.707462
0.482041
0.570252
0.960780
0.451046
0.957592
0.026597
0.427592
0.061615
0.593353
0.425586
0.344932
0.269528
0.128288
0.660418
0.730878
0.315971
0.154095
0.061005
0.895482
0.831501
0.225269
0.214575
0.200015
0.140908
0.383974
0.929735
0.317882
0.216592
0.729374
0.092303
0.570813
0.411516
0.443215
0.123282
0.076850
0.670558
0.422861
0.554646
0.680489
0.418158
0.172025
0.204482
0.406183
0.710282
0.631226
0.956772
0.953864
0.876144
0.861135
0.451668
0.654387
0.050443
0.218133
0.552185
0.855622
0.285409
0.501713
0.005985
0.806885
0.686048
0.121074
0.825994
0.963109
0.144335
0.837021
0.966750
0.837710
0.527515
0.505818
0.687305
0.218531
0.470545
0.364347
0.369706
0.160034
0.994770
0.323720
0.974087
0.174602
0.999548
0.422054
0.078583
0.224301
0.912314
0.695645
0.388970
0.724548
0.048441
0.813780
0.438505
0.086676
0.094131
0.513839
0.201501
0.489736
0.641012
0.035826
0.367302
0.601105
0.297825
0.985705
0.009512
0.312660
0.042274
0.533867
0.908159
0.143788
0.488608
0.980754
0.451542
0.586844
0.006247
0.067681
0.572501
0.341227
0.211316
0.564688
0.660690
0.739164
0.153322
0.843858
0.792235
0.976751
0.459449
0.080072
0.294017
0.177719
0.156425
0.961899
0.686893
0.517556
0.301944
0.672869
0.414204
0.401864
0.405828
0.418281
0.248065
0.811149
0.950143
0.269400
0.740860
0.164627
0.422819
0.876965
0.492743
0.359705
0.673813
0.329294
0.489400
0.000802
0.730065
0.147458
0.234369
0.825994
0.064277
0.668331
0.608560
0.050929
0.709225
0.737585
0.059278
0.677547
0.602158
0.784012
0.778244
0.356814
0.307698
0.902525
0.831924
0.854539
0.759664
0.733495
0.392255
0.596144
0.035969
0.493136
0.985010
0.388930
0.720423
0.411238
0.700345
0.347965
0.831220
0.333009
0.973538
0.505201
0.115177
0.513385
0.366325
0.375201
0.337277
0.588024
0.929763
0.080560
0.981577
0.129236
0.146523
0.374354
0.850975
0.221729
0.831533
0.094764
0.988276
0.121326
0.376326
0.197386
0.257534
0.841254
0.161497
0.250825
0.332450
0.160948
0.654652
0.373745
0.465533
0.250911
0.255671
0.694577
0.991422
0.004892
0.537121
0.883524
0.018207
0.002164
0.974615
0.623557
0.433162
0.485506
0.989685
0.333506
0.470871
0.731297
0.346366
0.250666
0.495292
0.011113
0.802039
0.921025
0.756138
0.235488
0.942894
0.736772
0.038461
0.466438
0.997440
0.113598
0.557970
0.451088
0.987912
0.072318
0.365880
0.683997
0.392753
0.276539
0.407869
0.953930
0.116850
0.249862
0.491763
0.779349
0.113189
0.985798
0.040114
0.118006
0.996875
0.158746
0.126314
0.113758
0.051384
0.996875
0.216552
0.457498
0.512072
0.010351
0.451444
0.689006
0.056779
0.355589
0.234629
0.205355
0.544450
0.557440
0.762679
0.594399
0.157421
0.982524
0.264815
0.288033
0.992211
0.102029
0.669705
0.502047
0.155254
0.849164
0.676199
0.759241
0.415665
0.997302
0.075508
0.898013
0.886696
0.025922
0.471248
0.377676
0.719402
0.986705
0.719402
0.396543
0.946803
0.716702
0.133628
0.205632
0.039256
0.809097
0.051881
0.296622
0.026893
0.455711
0.585797
0.386389
0.727012
0.402235
0.646856
0.357097
0.133770
0.826086
0.608850
0.724749
0.410679
0.994770
0.364539
0.158406
0.202759
0.999548
0.329376
0.333664
0.696224
0.999548
0.245856
0.127975
0.717990
0.432417
0.691279
0.419624
0.468580
0.093858
0.219763
0.957291
0.436870
0.285857
0.722265
0.391012
0.231976
0.232216
0.045178
0.472221
0.271947
0.693937
0.486328
0.185520
0.749455
0.651126
0.277031
0.553716
0.822788
0.579201
0.816645
0.660179
0.043755
0.934580
0.092904
0.244338
0.490679
0.793325
0.375420
0.622347
0.793663
0.740355
0.172734
0.945789
0.700121
0.385271
0.406481
0.631463
0.881438
0.328835
0.071110
0.260312
0.643343
0.378728
0.024299
0.713261
0.146459
0.651799
0.806881
0.440074
0.701099
0.550317
0.523695
0.625135
0.760659
0.062890
0.457607
0.788827
0.828747
0.488645
0.721051
0.729338
0.482050
0.317297
0.881406
0.941201
0.740641
0.172420
0.992425
0.444870
0.689609
0.704289
0.461571
0.344832
0.524094
0.109079
0.162415
0.844666
0.889191
0.389016
0.288637
0.809535
0.295723
0.049744
0.621219
0.483018
0.218395
0.264254
0.286895
0.109325
0.903529
0.968816
0.347308
0.977164
0.665527
0.425802
0.009965
0.486118
0.348743
0.318504
0.025005
0.935564
0.428607
0.995938
0.619581
0.073733
0.600489
0.105807
0.860382
0.047394
0.370550
0.691798
0.677429
0.267774
0.156238
0.205306
0.316664
0.514088
0.993388
0.510159
0.430637
0.764580
0.831124
0.357847
0.895110
0.824884
0.356639
0.376533
0.151029
0.895907
0.182255
0.399843
0.356876
0.436532
0.669602
0.130809
0.734889
0.158622
0.411908
0.423949
0.431861
0.993843
0.716658
0.488380
0.475108
0.515260
0.787842
0.163100
0.792764
0.196458
0.443463
0.966424
0.225527
0.704138
0.131002
0.458553
0.571138
0.393495
0.417097
0.416110
0.176178
0.708799
0.393860
0.381667
0.299572
0.876505
0.279252
0.555681
0.049025
0.850375
0.116387
0.592347
0.666837
0.510472
0.316724
0.494787
0.494321
0.938906
0.299237
0.328183
0.951656
0.017219
0.872297
0.280831
0.002544
0.625572
0.849116
0.196493
0.616883
0.982374
0.925037
0.904971
0.442640
0.379360
0.724169
0.183299
0.202807
0.177947
0.050995
0.689863
0.015631
0.477806
0.007303
0.963282
0.581308
0.624271
0.524242
0.021995
0.642225
0.313038
0.046573
0.673073
0.680755
0.394433
0.439443
0.429597
0.695379
0.122837
0.118957
0.091940
0.299241
0.942383
0.000225
0.186752
0.322999
0.107643
0.541805
0.892083
0.366610
0.944555
0.741317
0.856811
0.688793
0.336023
0.836928
0.047119
0.615952
0.244121
0.500896
0.464694
0.081079
0.267975
0.999548
0.088946
0.383871
0.461546
0.435933
0.105923
0.320394
0.995913
0.443470
0.995913
0.384470
0.807293
0.322053
0.793567
0.539533
0.316862
0.028357
0.254458
0.735705
0.995345
0.082904
0.121924
0.069029
0.858601
0.297549
0.697447
0.361456
0.262876
0.352410
0.908752
0.351354
0.098038
0.722170
0.030493
0.479375
0.552236
0.741587
0.669922
0.579012
0.838665
0.781531
0.807525
0.474906
0.203063
0.605481
0.816106
0.665747
0.266739
0.310343
0.697218
0.623194
0.873494
0.604921
0.705419
0.861733
0.298878
0.809095
0.661861
0.073960
0.526316
0.865657
0.232619
0.928840
0.869843
0.328359
0.454550
0.853896
0.772738
0.191657
0.319466
0.882275
0.802193
0.762221
0.538166
0.993200
0.258984
0.225829
0.751890
0.639888
0.910247
0.056902
0.071252
0.399346
0.515861
0.568605
0.203553
0.992425
0.340712
0.230289
0.957427
0.892798
0.520251
0.043888
0.300810
0.434085
0.387159
0.206496
0.510737
0.545806
0.599017
0.326890
0.332428
0.146324
0.679456
0.296736
0.648112
0.457456
0.427011
0.595460
0.391339
0.613063
0.291156
0.703642
0.763337
0.867672
0.721669
0.227318
0.625689
0.305089
0.467144
0.690890
0.163499
0.773087
0.225590
0.161106
0.710833
0.402697
0.672289
0.718423
0.512955
0.431204
0.011945
0.201112
0.273514
0.886037
0.348317
0.144818
0.419881
0.455951
0.136831
0.349047
0.840580
0.699693
0.297059
0.422578
0.180538
0.618857
0.542448
0.129489
0.002112
0.379187
0.989685
0.442609
0.989685
0.349974
0.128838
0.109637
0.405427
0.256891
0.643684
0.620410
0.138942
0.829985
0.882389
0.287633
0.032291
0.090081
0.699595
0.218919
0.005884
0.151852
0.398233
0.330455
0.987912
0.131459
0.987912
0.708799
0.417808
0.736535
0.169683
0.589928
0.620635
0.841396
0.906957
0.445671
0.587437
0.216827
0.975836
0.469787
0.842656
0.557128
0.155253
0.465944
0.495774
0.968699
0.126079
0.493035
0.069620
0.847349
0.621533
0.031672
0.921042
0.865293
0.221077
0.430143
0.265247
0.306735
0.959733
0.489435
0.316368
0.439560
0.951420
0.637932
0.673767
0.703798
0.588250
0.540076
0.199854
0.170515
0.505277
0.920109
0.793283
0.412972
0.986705
0.353242
0.470051
0.352575
0.731320
0.714930
0.400814
0.210932
0.714733
0.514472
0.867518
0.899786
0.381464
0.126327
0.150661
0.259502
0.364550
0.038202
0.021290
0.299349
0.768269
0.522945
0.432847
0.549380
0.150316
0.786486
0.492041
0.835212
0.101116
0.369742
0.969444
0.110812
0.114833
0.159022
0.999548
0.276659
0.596800
0.259242
0.490462
0.578266
0.711593
0.179212
0.460039
0.349274
0.606613
0.974517
0.668465
0.007755
0.884775
0.223391
0.296656
0.202394
0.566843
0.639037
0.327719
0.232655
0.764898
0.391804
0.219685
0.253276
0.924751
0.383963
0.162205
0.100889
0.976928
0.665611
0.889553
0.925483
0.382498
0.899798
0.534093
0.751548
0.282014
0.818665
0.809301
0.102275
0.973033
0.800817
0.630394
0.321391
0.363833
0.561441
0.339918
0.769288
0.935707
0.511006
0.805231
0.684859
0.073013
0.370409
0.641253
0.890089
0.540460
0.379222
0.328812
0.001108
0.474037
0.382579
0.236679
0.653916
0.000777
0.699105
0.001406
0.071595
0.180077
0.159106
0.907438
0.545822
0.954543
0.745744
0.171759
0.385590
0.471940
0.792809
0.250484
0.547573
0.174476
0.596424
0.624120
0.462789
0.301812
0.224059
0.205334
0.570547
0.424419
0.126773
0.566660
0.115573
0.480700
0.737909
0.170875
0.344045
0.172469
0.666398
0.566328
0.731972
0.140513
0.192488
0.992248
0.032616
0.974605
0.109657
0.731274
0.867676
0.947408
0.074568
0.100853
0.915647
0.372520
0.807440
0.741752
0.351636
0.522560
0.742881
0.437211
0.130395
0.022676
0.814900
0.184880
0.209429
0.449420
0.684782
0.207836
0.163668
0.690331
0.991171
0.647911
0.109293
0.616158
0.960870
0.713483
0.230805
0.626634
0.006783
0.167602
0.886325
0.193413
0.919092
0.331972
0.374906
0.780638
0.413821
0.074222
0.849077
0.056766
0.120663
0.241459
0.282409
0.149643
0.919738
0.397247
0.569309
0.999341
0.197990
0.970724
0.942888
0.882609
0.583717
0.492991
0.831066
0.651659
0.129479
0.116895
0.987912
0.311705
0.629755
0.051874
0.425374
0.407970
0.697776
0.154511
0.734515
0.709983
0.737912
0.990245
0.672403
0.696120
0.032037
0.102866
0.197422
0.741153
0.134681
0.065300
0.526681
0.355376
0.960701
0.194321
0.855715
0.603264
0.599666
0.507969
0.620868
0.461697
0.902932
0.042979
0.439314
0.047625
0.511193
0.861408
0.146438
0.002987
0.977261
0.184139
0.539722
0.318265
0.633273
0.115689
0.715980
0.406113
0.728752
0.738823
0.300190
0.948039
0.108394
0.110190
0.585661
0.303397
0.672254
0.402736
0.074950
0.330517
0.731320
0.217220
0.371097
0.219599
0.562567
0.620044
0.809635
0.187490
0.622768
0.898939
0.737703
0.044747
0.885705
0.626575
0.172174
0.203143
0.771703
0.192809
0.209636
0.268439
0.393048
0.614597
0.780102
0.778663
0.741409
0.974741
0.374293
0.322474
0.529874
0.559919
0.966376
0.254475
0.330553
0.381949
0.041773
0.196839
0.374853
0.513025
0.779925
0.817525
0.244338
0.563517
0.569955
0.495248
0.846548
0.152777
0.347195
0.352964
0.697460
0.361503
0.998882
0.551934
0.510117
0.910076
0.316738
0.887579
0.791325
0.706829
0.843659
0.283087
0.183679
0.201894
0.124098
0.440976
0.251214
0.407491
0.589880
0.831971
0.620905
0.266620
0.414862
0.064401
0.670571
0.346907
0.388781
0.474973
0.092322
0.323912
0.783069
0.904683
0.189877
0.367249
0.386495
0.269773
0.202459
0.384830
0.520270
0.282170
0.536587
0.140385
0.512483
0.272481
0.513349
0.727738
0.077334
0.016621
0.570394
0.249240
0.626376
0.431409
0.497086
0.339607
0.416729
0.573924
0.914602
0.731197
0.905590
0.814745
0.510975
0.250316
0.377305
0.039070
0.909651
0.641494
0.352204
0.116586
0.878536
0.659208
0.314869
0.998874
0.427700
0.109512
0.998874
0.288306
0.267944
0.068590
0.338338
0.624979
0.749352
0.801984
0.876299
0.299644
0.386706
0.048049
0.200583
0.407120
0.022212
0.262375
0.333220
0.140773
0.307214
0.256388
0.944885
0.903164
0.337041
0.697117
0.657720
0.713816
0.002517
0.694655
0.667945
0.387631
0.224076
0.170920
0.120625
0.697402
0.111013
0.854182
0.739657
0.134478
0.024772
0.962287
0.033510
0.720342
0.002812
0.957720
0.434254
0.604295
0.194599
0.760627
0.573901
0.315180
0.409948
0.869689
0.796362
0.575696
0.143668
0.889950
0.504186
0.536653
0.485113
0.973247
0.456780
0.088678
0.121856
0.409088
0.569740
0.664675
0.933476
0.377297
0.744645
0.937814
0.439052
0.300699
0.751579
0.647841
0.902078
0.975747
0.252883
0.253937
0.987912
0.629755
0.225207
0.463215
0.074989
0.634267
0.654417
0.322088
0.469974
0.652805
0.680535
0.975636
0.195514
0.626444
0.486598
0.894803
0.363818
0.700131
0.918632
0.736345
0.002919
0.881697
0.347826
0.794327
0.291591
0.495683
0.230571
0.129115
0.869777
0.391478
0.680238
0.208298
0.712381
0.278898
0.994432
0.718582
0.538833
0.248201
0.418531
0.412793
0.275956
0.422937
0.992211
0.535119
0.094411
0.763061
0.646036
0.305952
0.840262
0.058399
0.050210
0.162984
0.215251
0.076140
0.422952
0.299734
0.334818
0.686918
0.716636
0.986705
0.405793
0.616559
0.660000
0.020192
0.662528
0.617006
0.750123
0.292630
0.156082
0.275363
0.998835
0.433660
0.373919
0.030216
0.735538
0.919598
0.488120
0.246464
0.408431
0.692048
0.175537
0.491390
0.056854
0.987493
0.572594
0.311452
0.513754
0.892515
0.625137
0.644403
0.056215
0.549173
0.409857
0.055719
0.060743
0.810088
0.792655
0.685995
0.162868
0.524487
0.299553
0.681397
0.517353
0.207200
0.233901
0.998882
0.380414
0.401989
0.903792
0.170974
0.276132
0.425411
0.801980
0.887774
0.826397
0.838706
0.821594
0.109707
0.082438
0.669048
0.027683
0.064067
0.970840
0.069364
0.940468
0.087879
0.076833
0.354427
0.223417
0.866644
0.983242
0.505054
0.994044
0.193916
0.578432
0.705870
0.168246
0.711507
0.397609
0.527297
0.085721
0.787501
0.939644
0.931136
0.092457
0.292151
0.755477
0.389491
0.259906
0.230444
0.190813
0.554008
0.466937
0.176621
0.987093
0.089432
0.862242
0.218710
0.371226
0.570614
0.947988
0.696801
0.728177
0.419118
0.101163
0.486926
0.387271
0.528703
0.182382
0.577630
0.718672
0.327532
0.612747
0.628386
0.365932
0.727045
0.405257
0.437537
0.703200
0.372420
0.939231
0.088994
0.639172
0.779517
0.026107
0.255486
0.774252
0.037238
0.658708
0.052769
0.845981
0.006847
0.614991
0.288714
0.185324
0.224147
0.449425
0.689455
0.456926
0.917516
0.420710
0.175833
0.456800
0.775488
0.636750
0.581471
0.315714
0.952048
0.065009
0.438444
0.569299
0.713301
0.504260
0.837861
0.547856
0.650943
0.214025
0.509096
0.114253
0.261352
0.352575
0.437085
0.412719
0.249930
0.120021
0.633077
0.819762
0.434566
0.710445
0.718414
0.655152
0.316084
0.501625
0.698163
0.219674
0.117009
0.242238
0.663385
0.540227
0.886348
0.208612
0.936000
0.344272
0.951626
0.254411
0.674192
0.386518
0.940064
0.959998
0.801145
0.302183
0.305588
0.015453
0.965071
0.513885
0.501044
0.147600
0.261214
0.583048
0.011499
0.521214
0.435666
0.091092
0.222279
0.842763
0.010087
0.839239
0.514015
0.677030
0.721897
0.397186
0.957787
0.303419
0.209362
0.552349
0.099723
0.201660
0.721456
0.593237
0.571188
0.542238
0.701124
0.856388
0.805079
0.447489
0.111140
0.811194
0.069494
0.670678
0.715466
0.374611
0.107970
0.352488
0.629323
0.341809
0.083183
0.083556
0.984344
0.169154
0.612957
0.704031
0.458369
0.703093
0.740031
0.397155
0.739163
0.166432
0.638492
0.374469
0.326085
0.659521
0.018278
0.051272
0.252952
0.143229
0.636319
0.250376
0.814530
0.838924
0.534420
0.386362
0.477587
0.405496
0.419589
0.623250
0.569257
0.268663
0.733169
0.402444
0.669641
0.278026
0.093738
0.324104
0.597246
0.372344
0.439176
0.637036
0.931556
0.397539
0.531325
0.867798
0.883906
0.548842
0.486892
0.178677
0.107073
0.463390
0.701895
0.675646
0.414594
0.994164
0.026819
0.123382
0.605474
0.714441
0.890694
0.561278
0.886827
0.673527
0.874947
0.240027
0.362149
0.693832
0.699097
0.120031
0.157663
0.425080
0.369913
0.923686
0.099993
0.224549
0.195471
0.139221
0.851863
0.845805
0.659460
0.960077
0.171328
0.668718
0.898264
0.262973
0.621905
0.259194
0.465492
0.185802
0.827904
0.086308
0.275964
0.059809
0.278831
0.044856
0.103584
0.909344
0.489092
0.984131
0.994469
0.721573
0.872102
0.567691
0.349666
0.956813
0.833727
0.826310
0.053876
0.051135
0.519189
0.974106
0.373041
0.424174
0.051243
0.313164
0.987093
0.260876
0.472065
0.220508
0.996069
0.404257
0.447471
0.122850
0.057507
0.467475
0.177306
0.340938
0.973486
0.612105
0.179687
0.116755
0.108311
0.891619
0.925133
0.795031
0.224997
0.143426
0.998874
0.104736
0.192509
0.659050
0.963878
0.145122
0.860419
0.196040
0.786480
0.268236
0.306926
0.271212
0.684091
0.110276
0.551193
0.637636
0.601668
0.215826
0.217412
0.751192
0.393747
0.678896
0.608360
0.349561
0.943001
0.567295
0.702895
0.733434
0.621229
0.198015
0.030140
0.630246
0.651120
0.728284
0.623146
0.495992
0.538941
0.640037
0.776014
0.425744
0.802703
0.329548
0.287911
0.450489
0.001504
0.644454
0.613774
0.333348
0.660680
0.172462
0.365767
0.713030
0.712049
0.323787
0.354130
0.231806
0.453782
0.066767
0.925574
0.518991
0.501803
0.986042
0.028130
0.452902
0.022841
0.407707
0.651623
0.102985
0.773622
0.557851
0.932790
0.251940
0.469113
0.034185
0.272563
0.992212
0.304055
0.593015
0.934180
0.396195
0.261900
0.243247
0.724152
0.959312
0.472991
0.320534
0.974833
0.691791
0.656635
0.456926
0.090511
0.618267
0.732563
0.716760
0.010996
0.992042
0.668890
0.550906
0.851564
0.555634
0.848830
0.153244
0.332136
0.199054
0.561207
0.950712
0.869124
0.259745
0.661998
0.937147
0.617726
0.115827
0.481166
0.052081
0.464596
0.423710
0.107453
0.925964
0.891480
0.056172
0.545636
0.017872
0.840884
0.170487
0.013479
0.785737
0.218906
0.590785
0.553538
0.150055
0.143575
0.214659
0.674206
0.301441
0.986705
0.381768
0.216775
0.203511
0.205436
0.665525
0.861857
0.491289
0.380140
0.902796
0.640710
0.928765
0.904006
0.763275
0.644040
0.696577
0.963886
0.116656
0.666714
0.072999
0.541551
0.574299
0.254479
0.018321
0.800565
0.496092
0.382209
0.189101
0.729899
0.105357
0.374923
0.329956
0.036235
0.400878
0.117762
0.877552
0.679658
0.164081
0.994164
0.160450
0.470990
0.583204
0.253833
0.143833
0.054061
0.187747
0.182562
0.613522
0.315466
0.962404
0.854124
0.121289
0.402192
0.001934
0.778357
0.626544
0.110373
0.944476
0.788245
0.142270
0.359491
0.432965
0.444882
0.211115
0.656324
0.278293
0.290334
0.355267
0.545985
0.807435
0.657953
0.639784
0.765089
0.001945
0.606294
0.545727
0.026580
0.534970
0.191734
0.047407
0.701007
0.812929
0.932147
0.496951
0.580914
0.982290
0.789402
0.268224
0.332685
0.194909
0.239534
0.624914
0.598935
0.205569
0.840047
0.320047
0.260192
0.851563
0.571708
0.378842
0.298915
0.689789
0.532740
0.885456
0.271862
0.434539
0.474416
0.100320
0.231547
0.682385
0.672444
0.626884
0.333038
0.207828
0.150876
0.556401
0.518329
0.225978
0.864645
0.365965
0.510390
0.164877
0.435163
0.696704
0.082866
0.099327
0.271713
0.542848
0.493392
0.207553
0.898164
0.848119
0.135581
0.470334
0.560130
0.141766
0.312682
0.307559
0.479920
0.832776
0.807447
0.664654
0.897138
0.563506
0.757345
0.101232
0.094776
0.392586
0.752096
0.301316
0.215428
0.633497
0.618736
0.117609
0.358321
0.317165
0.871154
0.514883
0.290165
0.481059
0.521503
0.807485
0.075189
0.179882
0.296986
0.095282
0.066333
0.739551
0.616180
0.727655
0.331467
0.671763
0.964972
0.387300
0.593677
0.775364
0.006029
0.639854
0.817781
0.576654
0.461938
0.931420
0.648182
0.566852
0.057118
0.907893
0.264270
0.453555
0.785589
0.686040
0.184478
0.486075
0.110789
0.154787
0.992212
0.377953
0.383323
0.449180
0.326280
0.019300
0.199335
0.319168
0.202927
0.696001
0.442324
0.786538
0.126411
0.571981
0.701890
0.990120
0.711247
0.676967
0.495121
0.412383
0.179014
0.393723
0.490123
0.680919
0.071988
0.341092
0.002415
0.453200
0.370735
0.002226
0.001825
0.983513
0.281401
0.238394
0.899027
0.038625
0.819515
0.044895
0.459627
0.870344
0.498357
0.283157
0.873896
0.585133
0.121720
0.137990
0.113596
0.655937
0.556851
0.305455
0.622405
0.652554
0.620051
0.027680
0.518824
0.763139
0.202386
0.395517
0.475278
0.254792
0.263292
0.111937
0.117845
0.986705
0.403608
0.986705
0.015551
0.284123
0.096867
0.518812
0.202435
0.288130
0.253711
0.661086
0.391252
0.754371
0.669676
0.473083
0.076893
0.962452
0.408119
0.441318
0.774467
0.332906
0.183627
0.387177
0.739354
0.528162
0.302282
0.027130
0.963634
0.114791
0.353085
0.278497
0.815539
0.325469
0.542830
0.435421
0.451741
0.794578
0.433429
0.513344
0.730032
0.361581
0.925258
0.361412
0.016773
0.312129
0.391275
0.235729
0.951886
0.913538
0.561134
0.532068
0.008785
0.688501
0.694198
0.312817
0.593691
0.932654
0.447093
0.337360
0.678585
0.394682
0.677815
0.670606
0.268651
0.711249
0.875701
0.599698
0.563081
0.526269
0.425709
0.403279
0.365831
0.833842
0.314723
0.075458
0.912775
0.367030
0.329883
0.176736
0.653432
0.215280
0.353868
0.121920
0.706999
0.411047
0.818097
0.349393
0.607734
0.027270
0.408798
0.854932
0.462463
0.931391
0.910772
0.034561
0.028300
0.532591
0.109496
0.642480
0.178959
0.987093
0.590643
0.168789
0.939681
0.282738
0.381144
0.162509
0.370837
0.990873
0.031207
0.405940
0.696950
0.195975
0.150463
0.757518
0.502733
0.172546
0.265050
0.032804
0.459617
0.659611
0.379016
0.815910
0.753176
0.696639
0.437651
0.307095
0.705506
0.258070
0.737294
0.651230
0.373320
0.735587
0.989427
0.095586
0.058957
0.309949
0.689455
0.060434
0.348121
0.844100
0.261679
0.789056
0.734987
0.339883
0.058369
0.921014
0.439896
0.270047
0.643498
0.135142
0.397282
0.630195
0.284223
0.334263
0.914968
0.085278
0.645956
0.198866
0.425590
0.329989
0.577192
0.688205
0.233785
0.444079
0.612355
0.439936
0.047616
0.288787
0.995777
0.598641
0.130361
0.779998
0.015561
0.583569
0.551844
0.592931
0.157192
0.740484
0.861436
0.891474
0.015129
0.124622
0.074022
0.407028
0.804753
0.604038
0.353940
0.725061
0.012329
0.936708
0.820223
0.565462
0.205253
0.992212
0.642450
0.083603
0.384646
0.331170
0.734378
0.238282
0.469437
0.213374
0.155383
0.051468
0.060273
0.298877
0.726553
0.455318
0.489266
0.977692
0.528583
0.502567
0.352438
0.999861
0.703664
0.396848
0.477673
0.653405
0.167315
0.672362
0.365763
0.527648
0.031278
0.491111
0.835733
0.716748
0.670807
0.624604
0.674582
0.003076
0.821943
0.849518
0.051702
0.565367
0.963301
0.496537
0.770430
0.295468
0.739310
0.519323
0.061942
0.793199
0.470541
0.854905
0.472676
0.381969
0.223652
0.786477
0.686374
0.475968
0.410140
0.372353
0.624751
0.360186
0.433240
0.424313
0.715463
0.015958
0.927378
0.452384
0.548320
0.580047
0.641505
0.586440
0.451228
0.059824
0.693694
0.476901
0.600306
0.014272
0.862141
0.572254
0.111592
0.788805
0.064661
0.115022
0.728084
0.214067
0.401298
0.611136
0.997385
0.694541
0.716566
0.615270
0.108656
0.978952
0.376171
0.610202
0.767191
0.296175
0.354744
0.205363
0.491762
0.374857
0.952134
0.490748
0.276238
0.268759
0.323007
0.644742
0.744817
0.539124
0.671203
0.366355
0.879341
0.827350
0.847081
0.614629
0.319260
0.485533
0.324388
0.236799
0.620904
0.036399
0.988780
0.088649
0.989638
0.391344
0.587196
0.486887
0.275598
0.868686
0.823351
0.105288
0.595288
0.241192
0.125450
0.561260
0.803406
0.255667
0.757412
0.955637
0.374715
0.712323
0.999081
0.102442
0.648508
0.129850
0.553833
0.721914
0.364813
0.563686
0.834973
0.829698
0.665550
0.023717
0.186743
0.326433
0.920796
0.836654
0.516570
0.624764
0.694140
0.526869
0.479269
0.312897
0.982257
0.255061
0.646700
0.493490
0.883472
0.240162
0.672238
0.078133
0.701054
0.107194
0.126903
0.725364
0.481373
0.149976
0.892414
0.333947
0.447401
0.783265
0.971042
0.452811
0.069825
0.311196
0.094723
0.652210
0.733522
0.700695
0.925201
0.794041
0.094178
0.462356
0.943501
0.279885
0.720957
0.383708
0.052778
0.797766
0.483564
0.539272
0.860296
0.145967
0.083603
0.759428
0.500671
0.416199
0.592046
0.725881
0.543838
0.490172
0.062798
0.410272
0.727842
0.176370
0.327809
0.081609
0.791746
0.121170
0.382418
0.584487
0.802823
0.088019
0.577902
0.399925
0.491759
0.012407
0.185784
0.619374
0.568670
0.345364
0.116250
0.725279
0.802108
0.015018
0.539144
0.922670
0.235505
0.519725
0.545099
0.009365
0.895143
0.607000
0.768182
0.820651
0.237170
0.564020
0.338561
0.410089
0.586581
0.456187
0.959428
0.213353
0.558625
0.792928
0.419287
0.378081
0.402542
0.361745
0.412270
0.992212
0.713351
0.734378
0.105205
0.433641
0.269688
0.754826
0.223105
0.430251
0.037553
0.665424
0.713852
0.672395
0.002378
0.833486
0.529638
0.097613
0.614632
0.914738
0.602745
0.522054
0.565795
0.380777
0.884188
0.530062
0.397883
0.191367
0.966780
0.655548
0.158724
0.966556
0.633521
0.562162
0.551541
0.061414
0.038168
0.387449
0.152229
0.644853
0.811070
0.066564
0.472269
0.059149
0.564433
0.890954
0.284050
0.028110
0.768875
0.620989
0.724872
0.063332
0.305973
0.143269
0.704191
0.548027
0.234924
0.010144
0.986705
0.245871
0.552094
0.898681
0.446989
0.499921
0.935403
0.090382
0.332669
0.809573
0.355204
0.698557
0.790690
0.513376
0.424253
0.711821
0.198448
0.765010
0.825928
0.606242
0.445048
0.856643
0.609174
0.928477
0.114768
0.239548
0.165477
0.746509
0.010177
0.465610
0.653579
0.178894
0.545860
0.536851
0.694311
0.391454
0.381238
0.790339
0.468234
0.889243
0.357940
0.845709
0.325566
0.758664
0.058933
0.473054
0.884221
0.623270
0.824282
0.655303
0.859857
0.563224
0.131027
0.511114
0.820546
0.715659
0.364599
0.485762
0.653852
0.726270
0.674869
0.111683
0.677815
0.377710
0.634514
0.332175
0.731753
0.526366
0.523833
0.963703
0.277237
0.351872
0.396791
0.781739
0.659864
0.532736
0.300347
0.902589
0.791848
0.306265
0.019612
0.544017
0.041373
0.626514
0.813268
0.549864
0.964108
0.107924
0.607178
0.133265
0.758625
0.442335
0.418553
0.378172
0.531234
0.358423
0.590575
0.659615
0.327499
0.421265
0.760367
0.696404
0.314387
0.196026
0.985251
0.720615
0.216188
0.116515
0.385689
0.990873
0.103631
0.713140
0.990873
0.087091
0.141650
0.873606
0.404003
0.358699
0.235684
0.924399
0.964956
0.837148
0.346409
0.148780
0.478283
0.931912
0.277836
0.774566
0.982284
0.510937
0.402680
0.713749
0.342723
0.299537
0.194122
0.174938
0.052020
0.391744
0.602844
0.525972
0.031825
0.628839
0.493324
0.604093
0.602647
0.367387
0.785127
0.965450
0.102210
0.733137
0.508617
0.360543
0.655095
0.669777
0.562867
0.414946
0.143137
0.176200
0.497332
0.092039
0.744117
0.300363
0.365063
0.382912
0.912602
0.674188
0.898264
0.283462
0.710044
0.068780
0.017833
0.815075
0.962378
0.293401
0.635048
0.567523
0.264808
0.410446
0.760641
0.294370
0.969875
0.081742
0.075809
0.885575
0.512508
0.772860
0.109768
0.851352
0.942914
0.630201
0.324704
0.157698
0.974891
0.203159
0.343765
0.098438
0.005521
0.637820
0.372285
0.058450
0.447320
0.181814
0.591684
0.361285
0.608590
0.849485
0.847613
0.370722
0.077982
0.220912
0.554712
0.409329
0.738727
0.750559
0.590971
0.854746
0.430867
0.068113
0.785360
0.284960
0.021877
0.135748
0.947961
0.223105
0.605398
0.427826
0.185678
0.597030
0.535284
0.121754
0.418083
0.354460
0.115404
0.606867
0.967029
0.479351
0.652097
0.344159
0.660309
0.470030
0.479986
0.999754
0.488729
0.218531
0.347437
0.968640
0.709096
0.336459
0.221583
0.526511
0.661460
0.327991
0.092953
0.755013
0.532801
0.247225
0.022717
0.654837
0.463623
0.310620
0.758908
0.739742
0.667732
0.222043
0.656362
0.937149
0.074888
0.267072
0.828589
0.148454
0.164019
0.182991
0.053499
0.546188
0.430974
0.158551
0.709287
0.914663
0.926151
0.654232
0.390754
0.496148
0.360199
0.676835
0.710312
0.414277
0.721476
0.788981
0.428704
0.011217
0.746214
0.675357
0.222037
0.227630
0.664116
0.253017
0.538212
0.144246
0.454342
0.715128
0.852712
0.661680
0.859700
0.688315
0.225852
0.176355
0.759849
0.005743
0.210311
0.404649
0.117988
0.143499
0.334079
0.588669
0.939913
0.346833
0.111078
0.285354
0.693216
0.468439
0.138425
0.473099
0.379442
0.834333
0.184809
0.254124
0.022529
0.190500
0.996628
0.560594
0.208921
0.219255
0.198428
0.261833
0.331079
0.865697
0.511803
0.825579
0.338825
0.302646
0.437899
0.700764
0.278468
0.623265
0.449742
0.624318
0.861665
0.225561
0.909162
0.963738
0.874876
0.145046
0.142255
0.542697
0.029983
0.879133
0.028199
0.102640
0.888802
0.483818
0.194056
0.693211
0.404753
0.047356
0.990873
0.385689
0.415004
0.438306
0.414839
0.407235
0.405416
0.238022
0.272390
0.941223
0.956813
0.082594
0.669268
0.135565
0.583944
0.973587
0.754124
0.266268
0.035783
0.367711
0.107927
0.353253
0.740218
0.485119
0.140829
0.724254
0.288753
0.894919
0.309677
0.180392
0.275195
0.893427
0.217555
0.553451
0.155431
0.178107
0.178035
0.917179
0.057988
0.382945
0.414041
0.691286
0.894173
0.081947
0.906341
0.929332
0.237986
0.743728
0.465284
0.443658
0.210163
0.838722
0.116754
0.309831
0.244978
0.227498
0.786247
0.661744
0.426869
0.569636
0.872559
0.973202
0.137778
0.122636
0.635329
0.893336
0.683074
0.893570
0.811419
0.816828
0.289012
0.966530
0.128193
0.115344
0.359406
0.369365
0.923598
0.207809
0.912253
0.336181
0.111828
0.512538
0.003766
0.149520
0.869288
0.896656
0.300001
0.149166
0.450676
0.344722
0.128355
0.992212
0.686372
0.233563
0.847069
0.367004
0.412435
0.240464
0.450685
0.000490
0.350924
0.139768
0.983734
0.921708
0.570597
0.270104
0.684085
0.211490
0.117389
0.497875
0.036560
0.583752
0.964079
0.884227
0.550715
0.233500
0.683946
0.418052
0.772115
0.355891
0.171230
0.255870
0.065449
0.894114
0.600632
0.679489
0.959861
0.812235
0.466308
0.735681
0.393992
0.875204
0.643844
0.627004
0.715286
0.605702
0.330947
0.018862
0.496720
0.939434
0.720502
0.639096
0.652915
0.139418
0.041440
0.231156
0.031911
0.082580
0.991135
0.370610
0.196685
0.732586
0.069024
0.468257
0.845356
0.654090
0.728267
0.666563
0.706833
0.571369
0.120734
0.368944
0.876286
0.270633
0.483844
0.107781
0.076808
0.987857
0.100956
0.066876
0.156199
0.209491
0.922863
0.080330
0.073083
0.129165
0.515805
0.349385
0.767650
0.882958
0.405170
0.563121
0.863478
0.124448
0.516198
0.053756
0.164195
0.294534
0.453830
0.946912
0.405969
0.013365
0.874497
0.652384
0.130643
0.034995
0.154511
0.387006
0.042538
0.380917
0.570363
0.617829
0.884447
0.478692
0.410199
0.734919
0.422869
0.179614
0.970439
0.517218
0.126030
0.417328
0.877101
0.634675
0.247502
0.951644
0.649804
0.862560
0.822569
0.437908
0.736378
0.126516
0.512705
0.494026
0.025495
0.539464
0.526383
0.670373
0.515867
0.316262
0.928279
0.683941
0.891060
0.151383
0.098307
0.195203
0.820677
0.144479
0.573113
0.291881
0.514332
0.849905
0.556195
0.654790
0.089918
0.553589
0.090559
0.976400
0.377632
0.173779
0.525397
0.404591
0.569133
0.399330
0.985251
0.118707
0.424168
0.710197
0.481865
0.392700
0.119452
0.985251
0.700447
0.061409
0.725082
0.454351
0.440634
0.203572
0.619502
0.701280
0.957414
0.109255
0.252008
0.150446
0.819232
0.107219
0.934672
0.514508
0.827765
0.503638
0.730904
0.717144
0.825114
0.976130
0.573859
0.719989
0.215823
0.130742
0.439323
0.382684
0.268697
0.062111
0.952819
0.475828
0.162056
0.306553
0.039104
0.977861
0.010615
0.864811
0.891493
0.679222
0.776563
0.031118
0.108822
0.756481
0.962051
0.604826
0.564382
0.583257
0.542499
0.046474
0.850873
0.565795
0.014102
0.747167
0.327153
0.665569
0.775639
0.143780
0.887110
0.170161
0.972204
0.876837
0.010868
0.852128
0.321463
0.856837
0.048398
0.303349
0.293301
0.391329
0.551620
0.823403
0.089701
0.701643
0.011707
0.883278
0.488904
0.106678
0.193447
0.972944
0.388607
0.112815
0.180328
0.400168
0.466333
0.668485
0.679230
0.649946
0.227235
0.187704
0.338558
0.784933
0.833386
0.675344
0.698332
0.597627
0.803862
0.277707
0.341694
0.079338
0.288361
0.896705
0.223518
0.998282
0.042194
0.363775
0.425406
0.962814
0.657762
0.601057
0.190017
0.253636
0.774335
0.019287
0.635552
0.642974
0.928230
0.577105
0.714441
0.565662
0.750547
0.598470
0.390260
0.787795
0.747147
0.002011
0.059090
0.538288
0.080618
0.092201
0.290566
0.067044
0.338057
0.660307
0.035962
0.394439
0.480223
0.615541
0.994158
0.228949
0.592463
0.845661
0.340819
0.739300
0.991135
0.739300
0.000216
0.965273
0.258751
0.562551
0.714565
0.102524
0.020273
0.256056
0.147458
0.863802
0.651914
0.043181
0.634905
0.313883
0.693518
0.677034
0.573326
0.511973
0.154430
0.106752
0.587316
0.793919
0.202102
0.818716
0.788867
0.798696
0.969083
0.697657
0.132091
0.346409
0.505235
0.737748
0.851019
0.663637
0.118690
0.473981
0.435790
0.657035
0.033483
0.232148
0.586434
0.464078
0.565624
0.064629
0.352725
0.806276
0.377200
0.874721
0.832357
0.769143
0.545716
0.000213
0.327947
0.394183
0.096306
0.409826
0.659724
0.499580
0.776529
0.533567
0.515619
0.040937
0.258322
0.934817
0.085584
0.408416
0.109192
0.656523
0.431982
0.986378
0.097444
0.402060
0.272381
0.693726
0.445918
0.688873
0.954949
0.034962
0.778205
0.131054
0.146830
0.049387
0.341972
0.353569
0.110610
0.690641
0.916220
0.363493
0.194316
0.693099
0.651343
0.259008
0.378238
0.345894
0.066747
0.561455
0.601775
0.863090
0.859498
0.684878
0.776539
0.256626
0.451645
0.693009
0.091414
0.109416
0.116625
0.697468
0.405135
0.148411
0.428894
0.725082
0.985251
0.238672
0.019921
0.552395
0.658802
0.657872
0.441608
0.558134
0.781187
0.844265
0.286734
0.408267
0.496426
0.437243
0.029849
0.143938
0.579273
0.674712
0.563895
0.107887
0.087796
0.034591
0.627236
0.343232
0.385960
0.781568
0.566073
0.562333
0.241852
0.140112
0.179818
0.649418
0.797910
0.127002
0.277021
0.193801
0.703083
0.548911
0.776800
0.793991
0.278877
0.587257
0.415819
0.833724
0.507019
0.711500
0.601038
0.475094
0.292899
0.335460
0.467896
0.217161
0.214882
0.095596
0.843278
0.865536
0.825863
0.556364
0.700598
0.093940
0.962555
0.191128
0.755295
0.256246
0.044534
0.037195
0.804750
0.140111
0.535370
0.354450
0.535601
0.213513
0.790428
0.037152
0.869089
0.485121
0.050369
0.530570
0.103750
0.619632
0.147863
0.415262
0.803631
0.770681
0.291521
0.953691
0.025269
0.926503
0.461287
0.292210
0.080963
0.226658
0.301026
0.206648
0.899094
0.880463
0.906468
0.536377
0.511109
0.287388
0.481190
0.268865
0.412912
0.874079
0.043359
0.097757
0.206094
0.778670
0.206471
0.900192
0.009135
0.946837
0.695479
0.665534
0.674465
0.681247
0.784167
0.644545
0.685273
0.291638
0.011344
0.296025
0.113978
0.920958
0.534839
0.892517
0.877291
0.927721
0.668025
0.547349
0.442344
0.548803
0.789916
0.316168
0.643074
0.973066
0.625108
0.265535
0.421346
0.056008
0.724058
0.266327
0.223613
0.432040
0.129355
0.493995
0.388824
0.146194
0.687546
0.673514
0.710535
0.988136
0.278488
0.024133
0.615946
0.486106
0.192686
0.995004
0.340241
0.070447
0.152831
0.869543
0.153887
0.552845
0.442957
0.844016
0.844933
0.225257
0.323944
0.429621
0.224436
0.632993
0.542665
0.138951
0.649171
0.536740
0.762041
0.310590
0.743248
0.883383
0.185205
0.268041
0.992662
0.422380
0.429174
0.442822
0.442393
0.279124
0.026825
0.014707
0.639167
0.633088
0.753207
0.772982
0.280517
0.556374
0.379928
0.316408
0.753617
0.892601
0.825348
0.167936
0.394374
0.938346
0.107662
0.414946
0.227844
0.737831
0.982156
0.244499
0.754661
0.228464
0.235424
0.393953
0.319495
0.854581
0.346909
0.135009
0.942019
0.615366
0.304301
0.937100
0.438130
0.839602
0.690030
0.713339
0.055738
0.072528
0.642786
0.414970
0.339039
0.966306
0.013861
0.039391
0.708152
0.242138
0.978257
0.947235
0.784623
0.255144
0.191979
0.732239
0.341860
0.168414
0.374216
0.693366
0.710894
0.277077
0.440462
0.123394
0.709422
0.414556
0.161621
0.439467
0.704320
0.034701
0.725082
0.279451
0.530376
0.713457
0.678015
0.988483
0.551205
0.001284
0.630405
0.372191
0.943517
0.474115
0.228465
0.813025
0.354553
0.428115
0.225507
0.476864
0.456218
0.236340
0.589831
0.616026
0.199250
0.252423
0.413289
0.617284
0.314690
0.710586
0.948854
0.693334
0.524811
0.632480
0.467290
0.343748
0.990397
0.497915
0.116263
0.073134
0.011701
0.102935
0.035068
0.048221
0.455967
0.631874
0.141047
0.409439
0.782557
0.671070
0.746987
0.278256
0.161613
0.512562
0.546917
0.555770
0.114860
0.766143
0.601723
0.561578
0.975599
0.722076
0.729744
0.070131
0.193868
0.915670
0.066388
0.504224
0.073940
0.873689
0.071263
0.316033
0.693246
0.566280
0.825358
0.783539
0.829967
0.278880
0.694421
0.667107
0.333151
0.697326
0.129910
0.234510
0.163570
0.316965
0.249614
0.384378
0.771561
0.052730
0.271944
0.523760
0.562842
0.961392
0.678692
0.015513
0.234482
0.468073
0.130109
0.670234
0.087569
0.704874
0.554960
0.664427
0.184172
0.667430
0.059930
0.404955
0.104383
0.632322
0.342532
0.197356
0.061869
0.770619
0.316483
0.814415
0.287625
0.366194
0.757261
0.388066
0.722531
0.586533
0.708942
0.633043
0.547872
0.053144
0.344075
0.160127
0.603928
0.571916
0.290796
0.439843
0.021751
0.473988
0.411930
0.458183
0.940964
0.107408
0.587780
0.622705
0.072131
0.740819
0.587707
0.872984
0.448415
0.483882
0.157560
0.301027
0.406910
0.895696
0.190650
0.655787
0.536706
0.424497
0.160944
0.943190
0.619051
0.672402
0.350967
0.730581
0.106630
0.867351
0.103904
0.180075
0.765542
0.448938
0.731241
0.842993
0.486982
0.358303
0.982902
0.799219
0.154050
0.251970
0.846460
0.342639
0.791528
0.565370
0.733045
0.106332
0.318947
0.246602
0.773308
0.333532
0.419438
0.992662
0.675052
0.235989
0.447880
0.280973
0.847011
0.654364
0.909824
0.761913
0.225572
0.839634
0.020499
0.564823
0.416365
0.531813
0.237996
0.161784
0.584424
0.213986
0.346993
0.269740
0.108280
0.978785
0.865567
0.212124
0.152772
0.457012
0.071670
0.417451
0.937186
0.438129
0.633282
0.629024
0.573897
0.725855
0.401201
0.119604
0.878044
0.914618
0.038633
0.590164
0.516221
0.632704
0.413809
0.770582
0.673067
0.624909
0.714431
0.429939
0.142205
0.324505
0.746133
0.801703
0.887383
0.759262
0.338817
0.450779
0.337837
0.951294
0.238668
0.080768
0.275860
0.985251
0.090833
0.785675
0.010123
0.008605
0.419488
0.438094
0.985251
0.180194
0.145980
0.700810
0.178972
0.343855
0.310635
0.590489
0.665252
0.728572
0.390337
0.548475
0.567901
0.523339
0.141490
0.296110
0.967430
0.582442
0.453512
0.025721
0.282416
0.486903
0.643634
0.564475
0.063428
0.423894
0.108983
0.196053
0.544124
0.959157
0.315858
0.264271
0.566413
0.605317
0.664462
0.688640
0.993068
0.449610
0.575682
0.400489
0.588797
0.691900
0.429077
0.582246
0.291507
0.891256
0.188677
0.768824
0.165868
0.265979
0.170357
0.314579
0.296040
0.060098
0.034045
0.298147
0.204549
0.681351
0.226854
0.815054
0.406815
0.772588
0.813725
0.539031
0.339569
0.286966
0.946594
0.045986
0.699488
0.687670
0.533985
0.919379
0.413329
0.003507
0.555735
0.883142
0.723357
0.446466
0.653869
0.020075
0.531335
0.479149
0.358085
0.771068
0.726342
0.935813
0.204055
0.224120
0.166558
0.112301
0.233806
0.118350
0.368269
0.193199
0.932628
0.662093
0.689884
0.509428
0.856133
0.113596
0.888552
0.180821
0.380910
0.414831
0.541997
0.445046
0.316235
0.600303
0.321603
0.389952
0.232979
0.441078
0.733793
0.858788
0.286445
0.071466
0.288798
0.348282
0.066610
0.673432
0.201292
0.360931
0.433116
0.419157
0.404428
0.998669
0.511394
0.170249
0.473646
0.873075
0.215204
0.694404
0.372091
0.270486
0.291376
0.124260
0.139192
0.404660
0.473191
0.092693
0.765156
0.846897
0.445064
0.910483
0.714616
0.558821
0.325290
0.730681
0.117811
0.616372
0.174776
0.206617
0.736184
0.172555
0.843936
0.333726
0.943336
0.416374
0.148391
0.995004
0.132628
0.659517
0.529421
0.568742
0.318253
0.904956
0.978298
0.390536
0.876245
0.808494
0.038463
0.994007
0.482097
0.604199
0.099947
0.280675
0.529410
0.983389
0.947103
0.890042
0.196058
0.020978
0.192293
0.919333
0.641445
0.657009
0.696430
0.253063
0.338663
0.671450
0.678196
0.773252
0.947350
0.428839
0.476611
0.327053
0.277849
0.475285
0.450245
0.012542
0.845098
0.350890
0.442445
0.679927
0.533559
0.344083
0.840055
0.953912
0.623892
0.453559
0.774545
0.106597
0.733924
0.865557
0.813343
0.712846
0.415215
0.360647
0.323360
0.369034
0.195154
0.232422
0.727064
0.596926
0.829165
0.795986
0.041348
0.689817
0.131709
0.467841
0.718320
0.060569
0.389932
0.783171
0.340057
0.887723
0.853077
0.873809
0.256476
0.048313
0.129393
0.557646
0.092515
0.314130
0.927186
0.298719
0.631537
0.029347
0.036681
0.105039
0.789051
0.476335
0.985251
0.671479
0.119803
0.115661
0.171355
0.470763
0.233459
0.148548
0.768510
0.737964
0.202259
0.406559
0.356775
0.511028
0.053471
0.988188
0.591402
0.851473
0.079240
0.653687
0.951332
0.935107
0.621920
0.253774
0.436054
0.551530
0.458124
0.302115
0.987166
0.635571
0.020861
0.128068
0.468273
0.078664
0.905068
0.706372
0.175982
0.032410
0.220012
0.715901
0.402731
0.654706
0.335742
0.219196
0.261069
0.750492
0.151543
0.409933
0.816796
0.507894
0.941811
0.403854
0.994048
0.423478
0.994048
0.311036
0.471204
0.705300
0.589415
0.370533
0.654303
0.184183
0.678035
0.472929
0.475258
0.853325
0.140678
0.923176
0.783030
0.200983
0.028941
0.318029
0.165103
0.366671
0.870933
0.673833
0.873218
0.492502
0.665970
0.716008
0.320778
0.864607
0.219802
0.778910
0.118215
0.062314
0.853383
0.663488
0.360273
0.830474
0.523427
0.109930
0.613462
0.525529
0.133430
0.999566
0.715991
0.655717
0.128105
0.586892
0.532023
0.610121
0.891210
0.225049
0.068472
0.438949
0.382233
0.627266
0.722091
0.526073
0.444168
0.832883
0.029355
0.947943
0.443912
0.897092
0.042213
0.219717
0.212105
0.612054
0.644932
0.722534
0.285146
0.526286
0.303945
0.220617
0.000129
0.966726
0.811168
0.669872
0.126289
0.394542
0.624270
0.874843
0.121853
0.174759
0.510868
0.111138
0.469248
0.007354
0.016502
0.270045
0.638860
0.931758
0.019713
0.499200
0.787074
0.863478
0.168479
0.078597
0.848042
0.696731
0.357784
0.653431
0.244617
0.065767
0.570746
0.494144
0.041140
0.474293
0.051566
0.631949
0.995004
0.096115
0.439863
0.739087
0.158428
0.304470
0.153989
0.926470
0.158986
0.667479
0.484661
0.163440
0.084393
0.212231
0.892380
0.680915
0.125827
0.608284
0.353817
0.711140
0.649246
0.599622
0.531347
0.883040
0.775224
0.889110
0.601082
0.135694
0.637317
0.648345
0.298350
0.499197
0.638630
0.559628
0.925776
0.103242
0.833024
0.354325
0.074182
0.482019
0.007264
0.455852
0.631584
0.364404
0.309768
0.588296
0.744521
0.029226
0.175906
0.455108
0.412281
0.059400
0.451385
0.067611
0.185347
0.023134
0.173231
0.860850
0.738176
0.056670
0.138382
0.584466
0.070950
0.994161
0.426590
0.151160
0.149519
0.346194
0.180506
0.998276
0.553541
0.050011
0.149336
0.999662
0.664479
0.507744
0.938388
0.276698
0.524700
0.902323
0.202053
0.005666
0.754431
0.202672
0.427455
0.783428
0.546101
0.161376
0.417510
0.003390
0.426408
0.139628
0.302099
0.251044
0.215568
0.085671
0.643888
0.141394
0.733492
0.985251
0.198957
0.049385
0.601493
0.820225
0.549742
0.704070
0.336104
0.021058
0.974527
0.037617
0.178132
0.675004
0.802037
0.114364
0.819547
0.309655
0.798522
0.076749
0.445715
0.000845
0.422098
0.915920
0.584741
0.896206
0.086611
0.618628
0.542533
0.449430
0.951989
0.245462
0.447883
0.817485
0.624390
0.664097
0.456834
0.263487
0.701374
0.466043
0.956081
0.499465
0.476518
0.317713
0.234032
0.929315
0.264907
0.452731
0.527474
0.680598
0.665744
0.277197
0.251869
0.596575
0.897374
0.117206
0.730076
0.710792
0.563292
0.691642
0.083164
0.544870
0.791337
0.853470
0.014995
0.733057
0.162431
0.862598
0.320249
0.116261
0.023759
0.603037
0.820194
0.638921
0.116659
0.045499
0.683465
0.391288
0.003455
0.163676
0.163528
0.511244
0.887431
0.594678
0.278058
0.463192
0.660453
0.599011
0.406553
0.229903
0.563463
0.408858
0.688995
0.210940
0.371240
0.469508
0.741397
0.675846
0.262130
0.270730
0.256265
0.171442
0.710565
0.496520
0.807645
0.228131
0.127840
0.579066
0.706355
0.113770
0.560894
0.105603
0.203665
0.985535
0.733080
0.112811
0.349052
0.985535
0.631798
0.729914
0.873024
0.717374
0.218976
0.647665
0.934521
0.750769
0.673483
0.198875
0.210532
0.320438
0.190658
0.102521
0.691824
0.579560
0.776324
0.450341
0.896282
0.699059
0.136879
0.806152
0.943419
0.405350
0.691769
0.186364
0.914356
0.620458
0.902195
0.795241
0.798393
0.609002
0.859059
0.943224
0.564162
0.675179
0.463319
0.627064
0.800930
0.333411
0.685717
0.351299
0.437803
0.063831
0.349089
0.417655
0.479966
0.547802
0.052368
0.263941
0.345799
0.736023
0.384594
0.146550
0.139091
0.005374
0.017070
0.287056
0.358349
0.799856
0.949863
0.805439
0.067420
0.379431
0.545106
0.775301
0.833801
0.930071
0.676585
0.884495
0.612962
0.899721
0.243654
0.544350
0.574117
0.239743
0.678611
0.829505
0.914453
0.957821
0.881997
0.020406
0.298896
0.443396
0.522009
0.350900
0.998852
0.228730
0.455836
0.275663
0.882601
0.515460
0.286249
0.638990
0.290019
0.216142
0.785318
0.114497
0.469856
0.865925
0.564303
0.651390
0.172669
0.235824
0.994161
0.161066
0.669828
0.266755
0.505229
0.115657
0.309506
0.381373
0.014850
0.339372
0.300422
0.571888
0.656695
0.337617
0.639789
0.514711
0.017413
0.610541
0.549595
0.668029
0.446238
0.045085
0.478904
0.534526
0.309061
0.122258
0.991819
0.740101
0.656797
0.332519
0.112069
0.037982
0.985251
0.643888
0.309184
0.376690
0.325974
0.651601
0.176158
0.606346
0.200507
0.344761
0.234468
0.303430
0.627313
0.092666
0.784803
0.076993
0.201828
0.033747
0.612818
0.393746
0.565620
0.106585
0.143939
0.648347
0.248395
0.629382
0.574967
0.818719
0.945266
0.854104
0.790698
0.747226
0.860471
0.815696
0.641305
0.489936
0.034793
0.559983
0.568046
0.969015
0.981304
0.597373
0.179450
0.094650
0.626226
0.296341
0.020801
0.826349
0.929188
0.854210
0.691597
0.536602
0.627144
0.568960
0.065663
0.475034
0.336920
0.413009
0.701607
0.463886
0.401847
0.623305
0.286577
0.380294
0.509762
0.909453
0.954198
0.088908
0.524642
0.270450
0.657678
0.307371
0.184366
0.242314
0.681141
0.078940
0.550315
0.280946
0.106755
0.894481
0.077194
0.320750
0.527109
0.919604
0.922167
0.182190
0.549296
0.612064
0.094330
0.322818
0.607173
0.049039
0.152788
0.635879
0.564982
0.247214
0.168177
0.519243
0.193162
0.215580
0.984072
0.387250
0.669188
0.707248
0.297982
0.121271
0.943683
0.148006
0.549886
0.074163
0.988654
0.029626
0.379315
0.271950
0.186216
0.437853
0.447282
0.678733
0.110947
0.021444
0.118952
0.971313
0.336450
0.694227
0.497367
0.121611
0.571838
0.422627
0.093079
0.406689
0.360881
0.676389
0.744462
0.777186
0.285400
0.839407
0.436491
0.599630
0.438568
0.866697
0.965962
0.076133
0.107731
0.655730
0.099437
0.753790
0.818675
0.121575
0.516827
0.586877
0.933800
0.663284
0.951155
0.065900
0.307806
0.437469
0.118161
0.411514
0.673716
0.342681
0.610942
0.400550
0.463463
0.391955
0.354507
0.343607
0.650973
0.493033
0.781135
0.858434
0.431584
0.759710
0.373692
0.234251
0.502064
0.443228
0.004685
0.532338
0.858043
0.147524
0.419415
0.641279
0.081029
0.055460
0.044735
0.829110
0.891302
0.750109
0.637059
0.342812
0.522438
0.354827
0.437598
0.120571
0.733151
0.997619
0.654510
0.698334
0.234289
0.296573
0.017813
0.401197
0.653831
0.144583
0.636097
0.683366
0.461400
0.689992
0.987732
0.658256
0.095370
0.039917
0.562856
0.262015
0.154158
0.464378
0.724017
0.233660
0.919156
0.845913
0.824386
0.812081
0.597507
0.660863
0.526311
0.454575
0.059680
0.195708
0.794937
0.597724
0.438135
0.634981
0.250785
0.275543
0.534090
0.904139
0.067057
0.614942
0.785551
0.705291
0.608787
0.712808
0.160091
0.718727
0.393748
0.993932
0.433876
0.021829
0.834095
0.894020
0.318393
0.467908
0.442009
0.939772
0.341935
0.805954
0.227536
0.235332
0.113397
0.313438
0.581172
0.791707
0.180816
0.157933
0.504905
0.509707
0.740714
0.173276
0.035448
0.477948
0.347621
0.905148
0.017240
0.555526
0.773257
0.124063
0.149069
0.602679
0.436503
0.790933
0.840287
0.922834
0.421776
0.483806
0.723166
0.637075
0.903550
0.849974
0.568543
0.076820
0.604303
0.265683
0.805943
0.352272
0.961671
0.080819
0.112188
0.263867
0.119412
0.347148
0.703019
0.710722
0.214508
0.509473
0.927552
0.303529
0.901187
0.147060
0.502446
0.253565
0.788461
0.440185
0.559746
0.321179
0.995671
0.448875
0.085984
0.726959
0.703858
0.989015
0.664035
0.271257
0.206562
0.999205
0.722527
0.342305
0.305888
0.106833
0.797591
0.196325
0.940557
0.229007
0.159254
0.260391
0.115477
0.756806
0.110068
0.934593
0.220162
0.130082
0.813086
0.441040
0.066826
0.288589
0.244685
0.919639
0.521783
0.024324
0.901895
0.556563
0.029810
0.847319
0.309239
0.420988
0.101340
0.318017
0.411342
0.709388
0.128932
0.984072
0.687200
0.544533
0.039168
0.734072
0.313969
0.184346
0.623929
0.856545
0.076256
0.993538
0.084972
0.466718
0.007965
0.008243
0.506146
0.221884
0.608825
0.819313
0.742259
0.086973
0.855316
0.289410
0.062463
0.693859
0.734361
0.192009
0.917638
0.720746
0.562159
0.708216
0.047779
0.600235
0.676566
0.420962
0.111015
0.478227
0.424628
0.280672
0.063604
0.605374
0.297045
0.465030
0.356680
0.018142
0.614572
0.526104
0.552408
0.979873
0.144392
0.417544
0.388167
0.470596
0.000654
0.563330
0.319202
0.333612
0.361279
0.496780
0.146600
0.409809
0.437231
0.612949
0.081801
0.907143
0.845908
0.823807
0.896561
0.873240
0.911118
0.966328
0.115625
0.723725
0.999777
0.446510
0.194301
0.276152
0.146915
0.263392
0.797168
0.314835
0.882337
0.933579
0.695403
0.898547
0.410580
0.828197
0.532868
0.287882
0.997619
0.618302
0.020287
0.422928
0.094072
0.601649
0.605059
0.188054
0.111013
0.335196
0.703704
0.987732
0.000567
0.328236
0.365571
0.715732
0.098346
0.074613
0.762474
0.349970
0.458476
0.275432
0.207225
0.521039
0.504168
0.485046
0.140095
0.771911
0.879197
0.175030
0.553770
0.762819
0.563967
0.039342
0.827532
0.707613
0.393943
0.740647
0.488701
0.154793
0.920996
0.698358
0.534433
0.588304
0.166356
0.456849
0.653685
0.358024
0.354084
0.075420
0.549438
0.993932
0.231959
0.521953
0.914663
0.835343
0.335943
0.698270
0.666726
0.675080
0.858900
0.719257
0.079277
0.708825
0.540812
0.517887
0.357623
0.130183
0.348231
0.709141
0.189522
0.280682
0.066220
0.699320
0.851304
0.226000
0.772350
0.196788
0.032284
0.461315
0.530943
0.611478
0.144342
0.686311
0.418281
0.471890
0.302431
0.208898
0.291472
0.283441
0.084215
0.189936
0.033952
0.386334
0.238864
0.587744
0.548415
0.414161
0.773801
0.047167
0.337706
0.334748
0.533418
0.579330
0.908612
0.310539
0.646820
0.973337
0.125788
0.997696
0.598780
0.928811
0.474578
0.885664
0.284180
0.220992
0.062163
0.623489
0.744376
0.949937
0.134318
0.687767
0.055505
0.413443
0.723340
0.006669
0.272582
0.567221
0.672046
0.719595
0.448591
0.392542
0.425806
0.338843
0.029119
0.477377
0.561198
0.139063
0.140562
0.285847
0.685598
0.250588
0.463952
0.875532
0.367804
0.227756
0.155256
0.984391
0.559239
0.783700
0.546732
0.737659
0.471576
0.034600
0.701960
0.414922
0.765004
0.371077
0.637326
0.735610
0.868930
0.335219
0.018822
0.793585
0.279726
0.452018
0.439375
0.272787
0.266858
0.464095
0.408507
0.708296
0.999284
0.052883
0.247901
0.174417
0.739136
0.403550
0.069074
0.722081
0.742467
0.993538
0.619023
0.257212
0.990466
0.474583
0.758606
0.924184
0.925143
0.293122
0.537730
0.150029
0.605795
0.079447
0.436987
0.543087
0.878700
0.615030
0.120886
0.117499
0.726297
0.699417
0.188893
0.769190
0.111199
0.137449
0.341481
0.873963
0.654779
0.995378
0.432401
0.428744
0.216893
0.419900
0.688126
0.426768
0.752683
0.738739
0.386852
0.431914
0.093094
0.934408
0.553662
0.083652
0.320625
0.535700
0.257615
0.731563
0.024789
0.995004
0.116957
0.356012
0.125237
0.227242
0.077891
0.120625
0.531109
0.637490
0.468594
0.069973
0.285929
0.149248
0.984893
0.081774
0.739935
0.850488
0.389073
0.419665
0.731567
0.353583
0.249391
0.520902
0.001294
0.136761
0.436069
0.997619
0.362035
0.021075
0.997619
0.321780
0.389611
0.741573
0.469010
0.617942
0.357366
0.987732
0.460378
0.131806
0.101771
0.009745
0.109629
0.415697
0.057728
0.248104
0.247168
0.661843
0.043936
0.915444
0.201926
0.872718
0.081045
0.392197
0.931810
0.136967
0.426609
0.714936
0.868229
0.684697
0.832531
0.707677
0.320707
0.313556
0.919155
0.893230
0.521221
0.455660
0.967264
0.942334
0.153015
0.863465
0.376280
0.015223
0.040382
0.246525
0.102893
0.374417
0.010565
0.399879
0.363850
0.520853
0.477469
0.795525
0.973370
0.303310
0.628000
0.563291
0.220943
0.058638
0.476426
0.212096
0.056801
0.801733
0.172734
0.449020
0.715130
0.353306
0.360262
0.990661
0.688852
0.483346
0.870318
0.087281
0.211246
0.681225
0.173472
0.993441
0.682930
0.368830
0.970918
0.515220
0.886219
0.268541
0.793987
0.165936
0.886080
0.455205
0.766451
0.703351
0.978571
0.136883
0.571410
0.992752
0.556475
0.938636
0.175588
0.423354
0.361005
0.100243
0.189738
0.365876
0.063091
0.776742
0.315142
0.094866
0.868063
0.477068
0.191574
0.674140
0.006528
0.348675
0.471530
0.341444
0.798141
0.493674
0.705765
0.820595
0.530266
0.682124
0.111104
0.995671
0.265895
0.404710
0.901341
0.940924
0.149922
0.635769
0.660587
0.112737
0.350187
0.480705
0.227352
0.177631
0.425880
0.813860
0.880888
0.226456
0.421274
0.947001
0.135993
0.662577
0.712807
0.960871
0.396330
0.323266
0.264414
0.020106
0.528339
0.437570
0.075489
0.319662
0.944399
0.697766
0.933637
0.112228
0.047794
0.338593
0.205935
0.897998
0.837364
0.032430
0.127711
0.984072
0.424399
0.258676
0.401106
0.082206
0.984072
0.408507
0.106443
0.045514
0.607917
0.685584
0.993538
0.087502
0.725623
0.728711
0.359911
0.691985
0.104206
0.390086
0.455352
0.019625
0.673764
0.327204
0.951471
0.516015
0.920966
0.203847
0.375022
0.944199
0.188982
0.544511
0.385089
0.427010
0.032387
0.192551
0.818360
0.039409
0.755092
0.505401
0.609200
0.542857
0.451297
0.345827
0.616148
0.424546
0.406471
0.721774
0.707977
0.720557
0.391633
0.665312
0.780372
0.526907
0.880584
0.946553
0.365081
0.492857
0.360358
0.905346
0.394918
0.773643
0.146572
0.714803
0.995004
0.025985
0.439332
0.826417
0.875602
0.830259
0.495353
0.951153
0.442705
0.596155
0.904279
0.188414
0.202076
0.266998
0.373956
0.084448
0.324598
0.603738
0.978222
0.490453
0.081511
0.697189
0.985834
0.316815
0.775651
0.055825
0.590915
0.266623
0.057827
0.709858
0.238663
0.316255
0.110878
0.699976
0.207535
0.867817
0.719408
0.677478
0.490264
0.089153
0.432213
0.995151
0.454564
0.431674
0.269785
0.131148
0.564072
0.690784
0.283618
0.315719
0.214205
0.739408
0.600348
0.985495
0.588552
0.151902
0.901795
0.272711
0.284646
0.454074
0.726818
0.958436
0.725397
0.461144
0.568536
0.930774
0.106451
0.223336
0.459303
0.536324
0.174019
0.123977
0.543319
0.245658
0.846325
0.034051
0.176484
0.198924
0.225737
0.626036
0.980512
0.129492
0.473864
0.331229
0.720568
0.607563
0.677264
0.675274
0.703915
0.086789
0.977705
0.767052
0.239098
0.069463
0.310717
0.451810
0.725900
0.383562
0.944002
0.408224
0.137372
0.750868
0.409454
0.413070
0.525164
0.042004
0.827399
0.282972
0.690804
0.413497
0.649198
0.294543
0.709405
0.194410
0.036676
0.409139
0.098669
0.438966
0.167766
0.258065
0.145277
0.539937
0.342946
0.549367
0.883291
0.486745
0.424323
0.669733
0.937815
0.826552
0.097824
0.262684
0.146070
0.896162
0.360466
0.738658
0.785041
0.427962
0.322200
0.974880
0.181338
0.103711
0.870558
0.215484
0.220784
0.201522
0.893229
0.226864
0.430340
0.723273
0.074861
0.013905
0.089811
0.898086
0.817941
0.502905
0.763600
0.001666
0.893431
0.201536
0.274143
0.448493
0.936311
0.762119
0.595261
0.033382
0.818887
0.808103
0.208013
0.473804
0.344906
0.044508
0.604165
0.432660
0.408686
0.697652
0.986465
0.068843
0.374212
0.100012
0.297340
0.433623
0.290912
0.567567
0.836623
0.179032
0.088473
0.034923
0.963117
0.220971
0.787590
0.575419
0.117567
0.143963
0.676079
0.409319
0.984072
0.452586
0.099427
0.046285
0.706647
0.489665
0.064206
0.555326
0.018229
0.405654
0.346472
0.413809
0.524419
0.386862
0.759892
0.228559
0.255945
0.918778
0.396121
0.510151
0.791231
0.582571
0.927493
0.095174
0.368867
0.012050
0.157542
0.437639
0.228386
0.283499
0.695692
0.172642
0.188361
0.864690
0.700117
0.363452
0.997771
0.257395
0.882483
0.169945
0.387019
0.345502
0.995378
0.111215
0.995378
0.097594
0.994161
0.583156
0.922233
0.036304
0.441206
0.607415
0.773520
0.322995
0.889547
0.509135
0.321069
0.788065
0.317050
0.149146
0.540821
0.933491
0.125293
0.726033
0.731414
0.088714
0.851341
0.219383
0.529751
0.244452
0.120483
0.279346
0.459632
0.193502
0.781996
0.928252
0.545584
0.746773
0.634335
0.506104
0.486683
0.608882
0.068578
0.983283
0.462407
0.363923
0.360676
0.557318
0.007571
0.264303
0.349810
0.254785
0.161113
0.997619
0.475137
0.515151
0.391851
0.913302
0.188660
0.659752
0.995151
0.439632
0.723941
0.091838
0.987732
0.093749
0.379174
0.651064
0.035457
0.507383
0.643251
0.074500
0.648208
0.052152
0.149694
0.745313
0.477238
0.555476
0.463775
0.550680
0.156780
0.266057
0.066658
0.534509
0.121104
0.563547
0.325893
0.314470
0.594755
0.453518
0.314246
0.919467
0.938771
0.907462
0.076690
0.273514
0.367806
0.051153
0.678506
0.465705
0.858504
0.195146
0.679378
0.479709
0.367159
0.891286
0.157966
0.896533
0.595896
0.673797
0.319431
0.152126
0.369116
0.847152
0.737427
0.131939
0.380628
0.169233
0.266594
0.857518
0.868422
0.210305
0.388025
0.889591
0.686941
0.068585
0.666709
0.196300
0.261495
0.993441
0.696760
0.957057
0.687913
0.098742
0.229249
0.168999
0.594228
0.492396
0.482559
0.555868
0.609625
0.612918
0.162225
0.944103
0.853611
0.620575
0.723529
0.748315
0.461169
0.276430
0.685613
0.012877
0.605924
0.096823
0.701496
0.325264
0.455570
0.190220
0.027681
0.700103
0.878629
0.225003
0.664953
0.674204
0.859046
0.606894
0.975607
0.701847
0.421727
0.995671
0.714767
0.447990
0.064581
0.978967
0.812502
0.742294
0.803036
0.399758
0.885193
0.225632
0.405524
0.132771
0.827461
0.581269
0.525895
0.679633
0.669528
0.568331
0.437349
0.383885
0.533489
0.462539
0.097644
0.479928
0.808997
0.312772
0.534089
0.401207
0.270162
0.670077
0.318475
0.042116
0.028429
0.936805
0.140094
0.336716
0.003613
0.155399
0.067518
0.891372
0.438993
0.399948
0.415751
0.666693
0.272435
0.355036
0.463330
0.134684
0.638893
0.390609
0.193049
0.087644
0.299189
0.621018
0.312402
0.367936
0.413211
0.993538
0.049481
0.676354
0.586803
0.234638
0.995709
0.263772
0.204184
0.779916
0.913655
0.358479
0.064620
0.891016
0.573332
0.859369
0.040456
0.246619
0.011705
0.533798
0.409952
0.950921
0.074836
0.418347
0.417197
0.676765
0.683169
0.157678
0.103958
0.759942
0.553239
0.675167
0.365931
0.159852
0.440962
0.290968
0.148021
0.560163
0.563469
0.278021
0.635675
0.975175
0.262618
0.625354
0.458478
0.307608
0.565916
0.128847
0.409648
0.209126
0.201301
0.440550
0.240203
0.883435
0.705012
0.152797
0.030868
0.185150
0.350898
0.038221
0.919502
0.406665
0.450106
0.209537
0.155885
0.881291
0.566126
0.525687
0.375375
0.303919
0.067029
0.633109
0.768232
0.328206
0.152620
0.830799
0.675677
0.443114
0.657609
0.997619
0.283947
0.332891
0.334184
0.349954
0.514212
0.433321
0.336172
0.726898
0.352053
0.385033
0.329868
0.235894
0.736379
0.422703
0.180438
0.835033
0.009829
0.255975
0.050943
0.419025
0.211493
0.564784
0.751187
0.886222
0.899722
0.563568
0.062723
0.136563
0.983362
0.906390
0.816550
0.080569
0.208416
0.854305
0.936929
0.336774
0.771788
0.756611
0.699192
0.111441
0.223111
0.954838
0.258736
0.563653
0.841145
0.407469
0.941486
0.346402
0.603586
0.961951
0.509446
0.063274
0.567786
0.886617
0.518195
0.816572
0.533671
0.705346
0.297273
0.430957
0.529911
0.472900
0.887448
0.511463
0.632583
0.294312
0.635455
0.789602
0.746870
0.766978
0.298813
0.889411
0.032963
0.233343
0.469214
0.229135
0.085578
0.633613
0.448158
0.115568
0.652556
0.684562
0.265371
0.478238
0.643694
0.159403
0.228175
0.130007
0.400348
0.766323
0.684478
0.989464
0.054992
0.315622
0.326364
0.627800
0.865599
0.307636
0.655151
0.797594
0.641781
0.280481
0.768958
0.001085
0.677908
0.689871
0.994244
0.104139
0.912559
0.358528
0.199697
0.449872
0.814769
0.672719
0.010440
0.092113
0.069984
0.137046
0.716546
0.101623
0.356649
0.995755
0.661703
0.037701
0.455082
0.940207
0.467370
0.013104
0.337812
0.036563
0.408237
0.884061
0.208011
0.781402
0.927266
0.703952
0.205397
0.824959
0.050625
0.658838
0.374030
0.872533
0.547789
0.185546
0.365302
0.639992
0.601571
0.153077
0.225240
0.326252
0.260670
0.817609
0.688995
0.935738
0.747489
0.716718
0.454457
0.982974
0.438301
0.661535
0.699929
0.669931
0.062625
0.389594
0.315294
0.984072
0.363726
0.086520
0.672107
0.638893
0.405447
0.649267
0.300624
0.993538
0.439298
0.706709
0.094304
0.287485
0.869808
0.168222
0.532835
0.496513
0.741262
0.295957
0.996577
0.286165
0.400282
0.950643
0.631653
0.485531
0.633599
0.413110
0.249377
0.307120
0.794215
0.737173
0.860061
0.966436
0.719250
0.762801
0.076756
0.692877
0.025146
0.695444
0.564135
0.794095
0.445616
0.266042
0.107893
0.987524
0.114348
0.869840
0.238363
0.061173
0.779714
0.019986
0.026068
0.578283
0.763891
0.716674
0.551390
0.415502
0.324665
0.290204
0.603254
0.255620
0.050897
0.974613
0.228110
0.548095
0.186665
0.867035
0.101564
0.513558
0.139600
0.487012
0.458121
0.523914
0.010638
0.508965
0.718860
0.585692
0.068013
0.209034
0.167546
0.579601
0.007922
0.350736
0.086680
0.156837
0.299655
0.217407
0.751971
0.676036
0.346916
0.075545
0.019161
0.050612
0.325405
0.432667
0.039270
0.496622
0.013319
0.482732
0.377572
0.854439
0.684027
0.298769
0.726087
0.418577
0.085866
0.155658
0.424759
0.717836
0.975123
0.876692
0.964605
0.630448
0.876274
0.538591
0.868242
0.970811
0.305338
0.455517
0.338146
0.905229
0.184442
0.827582
0.853463
0.677711
0.957141
0.630642
0.547121
0.748207
0.226116
0.371953
0.482649
0.090264
0.624121
0.580960
0.353849
0.768124
0.633833
0.413053
0.262058
0.256656
0.713517
0.851795
0.311100
0.806003
0.594157
0.427350
0.388060
0.172765
0.320735
0.710778
0.929445
0.162107
0.393867
0.289644
0.389774
0.555363
0.402578
0.033914
0.387596
0.775410
0.046475
0.885279
0.878817
0.191099
0.194429
0.416423
0.647165
0.640961
0.682537
0.682052
0.776894
0.907881
0.528964
0.477064
0.625247
0.577640
0.046358
0.123144
0.105767
0.526765
0.170000
0.169421
0.213983
0.004737
0.444656
0.521678
0.231791
0.682757
0.574903
0.322721
0.915750
0.650416
0.839405
0.425642
0.079145
0.454660
0.122209
0.718817
0.185865
0.098524
0.467522
0.178721
0.056430
0.040168
0.991030
0.311965
0.741686
0.782360
0.404237
0.628193
0.706119
0.124897
0.140694
0.955850
0.357726
0.454915
0.864917
0.625348
0.917092
0.047392
0.652240
0.512849
0.020911
0.304740
0.761785
0.127012
0.256696
0.676074
0.538984
0.708974
0.768313
0.142647
0.711093
0.699105
0.399452
0.054954
0.634038
0.013044
0.071739
0.480426
0.186129
0.439409
0.049774
0.912394
0.799549
0.816688
0.519239
0.460686
0.993272
0.701213
0.257139
0.985810
0.664844
0.323841
0.273134
0.368139
0.057494
0.681689
0.671186
0.298018
0.693265
0.999719
0.576770
0.038415
0.364046
0.555519
0.613832
0.156765
0.359746
0.491615
0.744122
0.684094
0.016950
0.611841
0.542039
0.271336
0.944954
0.707175
0.719887
0.600023
0.854032
0.950815
0.909826
0.266334
0.091139
0.662848
0.116655
0.204134
0.365999
0.779813
0.827466
0.528590
0.890255
0.833510
0.690920
0.215326
0.823239
0.541386
0.652271
0.226976
0.101747
0.598785
0.226131
0.457433
0.337029
0.786965
0.169576
0.912961
0.196156
0.029906
0.819517
0.343892
0.703428
0.104056
0.698207
0.059012
0.715478
0.385839
0.293806
0.390385
0.944572
0.770293
0.313677
0.274989
0.804117
0.154089
0.247621
0.724286
0.700046
0.448734
0.720528
0.307605
0.251587
0.087827
0.925295
0.887247
0.310166
0.685820
0.455090
0.828557
0.719182
0.275913
0.347602
0.071845
0.605816
0.301227
0.410938
0.732314
0.120578
0.703533
0.711966
0.595668
0.077065
0.283054
0.985055
0.153980
0.161234
0.344400
0.249292
0.669202
0.579880
0.185405
0.244055
0.747987
0.346596
0.603896
0.271500
0.425078
0.180890
0.566982
0.579975
0.048956
0.589480
0.818093
0.939858
0.383370
0.522946
0.908297
0.543458
0.198429
0.703919
0.660299
0.265619
0.658602
0.756957
0.541254
0.607512
0.341195
0.580636
0.129822
0.933455
0.577331
0.652834
0.492577
0.941369
0.865728
0.519449
0.451088
0.779581
0.100316
0.830958
0.149385
0.424934
0.962616
0.291279
0.606977
0.130326
0.979623
0.647325
0.259530
0.616454
0.343045
0.550247
0.401374
0.077277
0.265709
0.982268
0.614333
0.767752
0.289902
0.730719
0.984833
0.140008
0.418593
0.209960
0.643174
0.601459
0.306860
0.209431
0.886843
0.592380
0.104395
0.285054
0.499989
0.278567
0.942303
0.853664
0.018845
0.998926
0.054408
0.885775
0.041054
0.494206
0.593137
0.331738
0.055336
0.443492
0.628503
0.899430
0.088038
0.393373
0.994244
0.401122
0.374303
0.911126
0.708106
0.226761
0.475042
0.902724
0.729714
0.385438
0.443693
0.004280
0.246087
0.915718
0.386287
0.713928
0.522544
0.123375
0.106183
0.174477
0.721832
0.013175
0.370722
0.252705
0.232704
0.213549
0.289582
0.844853
0.889404
0.244795
0.038825
0.711247
0.000043
0.943377
0.373310
0.543158
0.682862
0.692552
0.419070
0.737362
0.337980
0.530681
0.778351
0.465195
0.777883
0.097489
0.593655
0.133047
0.432575
0.424322
0.190741
0.693187
0.340433
0.701213
0.371258
0.128176
0.634548
0.910116
0.227060
0.798281
0.405657
0.345994
0.216885
0.993653
0.434011
0.142929
0.719103
0.264666
0.583828
0.279583
0.137718
0.993563
0.742125
0.098861
0.548144
0.565045
0.093475
0.810270
0.707552
0.229428
0.570640
0.853819
0.217400
0.212611
0.782946
0.198173
0.100611
0.861194
0.082978
0.873755
0.290011
0.636111
0.194858
0.262408
0.170476
0.345198
0.787833
0.298099
0.682830
0.891709
0.231207
0.706604
0.122778
0.179570
0.301985
0.473601
0.814795
0.498685
0.513173
0.441908
0.860557
0.618510
0.443205
0.465537
0.114214
0.081083
0.240734
0.452456
0.991939
0.436110
0.204542
0.371767
0.609345
0.402822
0.501574
0.124863
0.095769
0.100069
0.945097
0.927512
0.656424
0.153772
0.240620
0.798826
0.284536
0.417099
0.687205
0.540561
0.475542
0.511311
0.639355
0.039995
0.944252
0.386098
0.545522
0.589174
0.749695
0.474235
0.625228
0.412773
0.316266
0.682474
0.094968
0.183060
0.711966
0.304187
0.148025
0.398210
0.362405
0.691554
0.238980
0.468627
0.741003
0.050480
0.987732
0.211934
0.769380
0.739172
0.556793
0.597517
0.221606
0.824336
0.835658
0.262885
0.785953
0.304762
0.597693
0.036847
0.396256
0.117221
0.629134
0.878735
0.699497
0.658928
0.546683
0.280500
0.475854
0.051749
0.028042
0.001078
0.369874
0.044967
0.878352
0.098797
0.184390
0.003108
0.946594
0.678158
0.739528
0.955335
0.679095
0.244527
0.523994
0.541725
0.240402
0.279938
0.790278
0.468209
0.331495
0.946204
0.954485
0.036839
0.012478
0.565953
0.349540
0.133948
0.896836
0.902768
0.101150
0.590164
0.666670
0.479982
0.812337
0.849553
0.087073
0.012480
0.122853
0.848591
0.931404
0.235209
0.457901
0.779299
0.810370
0.681065
0.146663
0.036813
0.903754
0.370971
0.545561
0.093618
0.585819
0.010244
0.270006
0.686544
0.709743
0.861187
0.352334
0.687233
0.989355
0.687233
0.440286
0.989355
0.051220
0.615638
0.994244
0.700757
0.462498
0.684903
0.084854
0.242182
0.614940
0.243752
0.065412
0.642810
0.318541
0.796838
0.687005
0.319576
0.494925
0.974936
0.645114
0.734132
0.991948
0.586056
0.352684
0.601366
0.253523
0.588821
0.984042
0.688190
0.128608
0.874232
0.944665
0.894272
0.069411
0.844569
0.598736
0.514486
0.455500
0.854559
0.919576
0.658548
0.997006
0.392875
0.445525
0.365540
0.740538
0.295432
0.643697
0.884386
0.097307
0.937814
0.973326
0.206211
0.029858
0.677415
0.987160
0.578774
0.820016
0.132937
0.187442
0.306539
0.339631
0.067204
0.191843
0.207323
0.237178
0.135555
0.469501
0.191515
0.463354
0.687157
0.696482
0.581725
0.967010
0.233296
0.993563
0.444766
0.170392
0.993563
0.254743
0.538223
0.874703
0.709727
0.706611
0.317721
0.112063
0.045330
0.311851
0.785106
0.409902
0.288742
0.841211
0.656736
0.027292
0.569397
0.807806
0.260551
0.015353
0.658732
0.455221
0.808543
0.972955
0.516639
0.212061
0.553393
0.313960
0.156115
0.784409
0.224679
0.197969
0.127602
0.405686
0.127193
0.701757
0.415917
0.029197
0.920298
0.600784
0.465461
0.634972
0.321306
0.021527
0.712645
0.706242
0.442192
0.590516
0.027540
0.665211
0.281436
0.393829
0.251594
0.770999
0.076224
0.404807
0.767655
0.664700
0.396839
0.445406
0.044815
0.999261
0.734920
0.423738
0.988688
0.412931
0.736526
0.106821
0.329072
0.063760
0.762458
0.352661
0.449909
0.373339
0.466620
0.997619
0.625228
0.701145
0.180799
0.324264
0.269141
0.168036
0.486989
0.086019
0.677545
0.104648
0.412552
0.275866
0.096862
0.376668
0.419297
0.249315
0.742378
0.790777
0.832935
0.853642
0.053595
0.248254
0.638511
0.482573
0.160538
0.516901
0.057558
0.134484
0.506444
0.228182
0.115949
0.382992
0.082660
0.553552
0.419266
0.789223
0.371175
0.962376
0.540724
0.567668
0.795768
0.052684
0.174901
0.027730
0.573923
0.522526
0.090443
0.877064
0.861150
0.221548
0.644138
0.960711
0.474593
0.505816
0.864277
0.305508
0.807868
0.539466
0.461917
0.128776
0.135114
0.329442
0.845259
0.674847
0.227063
0.338680
0.977444
0.267739
0.240502
0.052368
0.586246
0.452984
0.416336
0.534390
0.581620
0.670203
0.249228
0.329309
0.012209
0.601657
0.998597
0.691314
0.095414
0.596304
0.961713
0.078450
0.523504
0.623198
0.921246
0.801713
0.220903
0.497971
0.151821
0.771382
0.970549
0.918000
0.116539
0.230951
0.691330
0.378573
0.107526
0.037600
0.073457
0.683842
0.068633
0.609589
0.245314
0.420803
0.675140
0.416981
0.708151
0.369397
0.251922
0.339493
0.342210
0.507860
0.096961
0.764067
0.320652
0.544385
0.592177
0.282352
0.482991
0.499372
0.148616
0.050546
0.376419
0.639702
0.177711
0.050710
0.530954
0.832736
0.122414
0.668466
0.019344
0.174679
0.282308
0.035430
0.669468
0.481357
0.413087
0.044213
0.733812
0.247949
0.028476
0.052701
0.059081
0.679936
0.325778
0.201245
0.631331
0.550782
0.590598
0.278233
0.781782
0.455593
0.340717
0.596315
0.434445
0.348456
0.136896
0.298996
0.866543
0.261071
0.485927
0.645738
0.515844
0.596045
0.504805
0.830399
0.306868
0.566177
0.179574
0.624059
0.353732
0.058093
0.879450
0.364003
0.135760
0.674096
0.076298
0.829353
0.404518
0.036223
0.364806
0.114372
0.686008
0.666364
0.050242
0.062276
0.904643
0.683640
0.407641
0.501915
0.563575
0.681039
0.061451
0.615344
0.217835
0.288259
0.808154
0.973815
0.953710
0.811684
0.542635
0.568572
0.042352
0.200452
0.578859
0.281789
0.667700
0.621208
0.528374
0.107723
0.991273
0.692261
0.701757
0.545959
0.617483
0.785241
0.076662
0.373764
0.692394
0.811236
0.048704
0.215220
0.991939
0.534947
0.521631
0.658478
0.416664
0.000218
0.226755
0.417852
0.040238
0.940322
0.257218
0.903313
0.551576
0.850782
0.674040
0.734920
0.448644
0.100275
0.379003
0.143948
0.360112
0.418940
0.374490
0.613908
0.837041
0.137675
0.203971
0.872644
0.960840
0.193245
0.272489
0.229630
0.984219
0.621155
0.597573
0.471865
0.702111
0.060161
0.985055
0.135157
0.337745
0.985055
0.278249
0.787190
0.299314
0.733551
0.966276
0.170874
0.099535
0.846944
0.934095
0.099732
0.052668
0.719603
0.352559
0.588055
0.598437
0.894567
0.594578
0.218258
0.098751
0.837561
0.749753
0.798418
0.882734
0.929320
0.241289
0.839898
0.878496
0.159522
0.106249
0.228889
0.309816
0.270599
0.826139
0.725802
0.827590
0.259539
0.824839
0.919364
0.374328
0.348553
0.064043
0.604316
0.712218
0.983277
0.096948
0.968222
0.470210
0.796604
0.819920
0.049198
0.043855
0.708054
0.867147
0.856543
0.395998
0.318277
0.299863
0.884117
0.611259
0.145242
0.170979
0.154925
0.728969
0.157157
0.716739
0.937132
0.366103
0.526056
0.068906
0.422765
0.563832
0.091580
0.190830
0.985355
0.108827
0.393610
0.743445
0.067135
0.825528
0.187188
0.277779
0.737664
0.461647
0.828584
0.931657
0.357900
0.384411
0.111126
0.125743
0.739355
0.403427
0.341868
0.989355
0.140657
0.140097
0.709367
0.455551
0.390201
0.152650
0.425280
0.990323
0.095446
0.842816
0.872901
0.176091
0.392532
0.995045
0.438976
0.744078
0.999987
0.749020
0.603957
0.746343
0.046172
0.279652
0.547230
0.774882
0.756715
0.552271
0.004245
0.152272
0.111314
0.705990
0.331024
0.532145
0.646924
0.236866
0.296798
0.309328
0.872372
0.950724
0.282542
0.007594
0.508592
0.963786
0.544627
0.412760
0.440618
0.831294
0.483788
0.879765
0.215026
0.617392
0.178901
0.574957
0.186610
0.077171
0.280971
0.706578
0.018685
0.410882
0.995400
0.097158
0.351258
0.750167
0.574746
0.607929
0.358420
0.298217
0.248853
0.830946
0.768217
0.443299
0.817699
0.809834
0.221751
0.130006
0.686023
0.541754
0.219559
0.103038
0.694877
0.490420
0.318025
0.583499
0.097073
0.011619
0.781630
0.830489
0.634060
0.495951
0.762606
0.562701
0.625727
0.439361
0.321692
0.121569
0.182117
0.966788
0.885359
0.324525
0.312023
0.672654
0.078442
0.704461
0.892201
0.728597
0.658509
0.290098
0.748131
0.284098
0.000680
0.125638
0.404148
0.171096
0.089548
0.247727
0.363893
0.167176
0.228386
0.513550
0.762494
0.177170
0.244199
0.674446
0.881944
0.523924
0.779147
0.056267
0.674705
0.330263
0.352537
0.972829
0.243115
0.003681
0.150369
0.547231
0.108533
0.181573
0.177328
0.529107
0.534210
0.959039
0.163894
0.089486
0.563405
0.438773
0.796096
0.232837
0.631040
0.116247
0.964620
0.054104
0.484583
0.179094
0.278845
0.599311
0.863076
0.882041
0.638410
0.870744
0.561036
0.402982
0.110243
0.686531
0.408741
0.228986
0.437077
0.068557
0.410306
0.761342
0.869036
0.764530
0.244135
0.351834
0.089396
0.728688
0.633929
0.758086
0.334483
0.432590
0.830950
0.634865
0.137085
0.145325
0.637609
0.279225
0.737639
0.946460
0.906771
0.737244
0.663409
0.721761
0.856544
0.025670
0.982029
0.694832
0.243501
0.100374
0.179501
0.951169
0.874470
0.663931
0.726789
0.538820
0.854620
0.135827
0.799717
0.748777
0.569752
0.644809
0.029654
0.677357
0.369897
0.074834
0.172317
0.412890
0.180573
0.881874
0.383306
0.852536
0.722500
0.773320
0.935446
0.096676
0.309935
0.626491
0.367713
0.364235
0.446075
0.236482
0.740871
0.551557
0.998597
0.679260
0.720241
0.396268
0.444849
0.727936
0.146196
0.985355
0.210184
0.835565
0.397353
0.567711
0.629672
0.874809
0.749752
0.437534
0.543049
0.120547
0.295946
0.415168
0.677217
0.149641
0.478948
0.682719
0.404661
0.084288
0.540707
0.889217
0.066977
0.390201
0.990323
0.154699
0.206088
0.325212
0.812870
0.762887
0.112922
0.693066
0.664300
0.091682
0.157741
0.429779
0.744078
0.439812
0.277854
0.208092
0.677178
0.133074
0.720117
0.284549
0.138632
0.487281
0.588281
0.614040
0.073669
0.075870
0.460159
0.821139
0.800572
0.334967
0.901280
0.783448
0.957917
0.672671
0.537749
0.398462
0.214014
0.311427
0.416558
0.740974
0.748900
0.432779
0.475204
0.569668
0.497190
0.715791
0.886680
0.267144
0.168539
0.979892
0.613405
0.069812
0.512844
0.631118
0.575676
0.912824
0.405875
0.947358
0.936672
0.227042
0.484273
0.824460
0.350560
0.473603
0.094332
0.014293
0.314366
0.260753
0.428878
0.418991
0.713067
0.389583
0.673952
0.771127
0.075908
0.116917
0.586598
0.879522
0.360498
0.684826
0.024082
0.613900
0.118208
0.153934
0.653756
0.037193
0.705863
0.686842
0.495880
0.971100
0.411365
0.393679
0.168293
0.272431
0.012248
0.503064
0.246461
0.865086
0.655374
0.705775
0.246250
0.774707
0.504190
0.146509
0.517721
0.102149
0.944926
0.381946
0.342310
0.343808
0.671828
0.592345
0.212845
0.270967
0.456716
0.595441
0.215358
0.244083
0.826218
0.535363
0.302181
0.208745
0.192153
0.219965
0.585595
0.037328
0.409933
0.289325
0.237683
0.667545
0.010093
0.156413
0.661878
0.391184
0.176762
0.705614
0.171275
0.580304
0.386305
0.849871
0.443560
0.942952
0.406004
0.813930
0.357487
0.586809
0.257325
0.557271
0.895427
0.669616
0.926468
0.500807
0.424422
0.334346
0.671405
0.422313
0.598272
0.377734
0.985055
0.292097
0.719547
0.516016
0.524190
0.783439
0.882714
0.704845
0.251673
0.313186
0.428058
0.651698
0.046130
0.736687
0.598087
0.810325
0.614417
0.698220
0.621469
0.252364
0.880050
0.854466
0.650341
0.346438
0.597893
0.286493
0.822864
0.237957
0.882570
0.775111
0.839981
0.507687
0.738251
0.066363
0.072619
0.302293
0.391950
0.944811
0.450723
0.556900
0.864937
0.081450
0.844705
0.335420
0.969374
0.764510
0.058708
0.387741
0.476348
0.086376
0.498572
0.024615
0.488024
0.826097
0.249732
0.023848
0.965980
0.309399
0.255366
0.359717
0.559448
0.168380
0.185861
0.867671
0.465369
0.179728
0.959671
0.966692
0.075729
0.520451
0.257455
0.985355
0.704583
0.418661
0.444745
0.089730
0.985355
0.084157
0.104729
0.602790
0.269400
0.916904
0.004760
0.592902
0.365097
0.031394
0.670994
0.121145
0.709304
0.142290
0.374914
0.729829
0.491767
0.374025
0.120448
0.583301
0.337308
0.174762
0.735791
0.605275
0.698520
0.703628
0.106921
0.497049
0.051202
0.069168
0.995045
0.470705
0.419871
0.180476
0.702032
0.464147
0.148516
0.967208
0.772389
0.800686
0.979522
0.270107
0.833619
0.509459
0.745320
0.996439
0.745320
0.307394
0.279696
0.629283
0.933065
0.139678
0.074534
0.625421
0.283420
0.178386
0.886116
0.318049
0.560459
0.929614
0.376698
0.888571
0.910636
0.207531
0.337309
0.365093
0.595044
0.324844
0.233598
0.231849
0.546760
0.722795
0.293745
0.427077
0.173393
0.057680
0.471480
0.525908
0.242021
0.155227
0.116108
0.772189
0.583002
0.404641
0.365751
0.614682
0.568253
0.303338
0.993563
0.451799
0.189016
0.327073
0.261723
0.655796
0.456446
0.744376
0.512955
0.590070
0.070953
0.063519
0.505716
0.437534
0.585011
0.098126
0.820280
0.641028
0.556422
0.038355
0.998622
0.448028
0.666900
0.151516
0.236341
0.350800
0.620390
0.956490
0.980907
0.930040
0.756130
0.829085
0.020783
0.957516
0.664776
0.705727
0.563861
0.010896
0.435519
0.063547
0.126726
0.737068
0.662223
0.433624
0.011911
0.194816
0.457358
0.617830
0.923677
0.297581
0.033010
0.911711
0.560685
0.887941
0.587503
0.643345
0.748324
0.931639
0.821907
0.579687
0.942797
0.071239
0.050784
0.550750
0.486546
0.768309
0.072409
0.743303
0.538221
0.225583
0.591870
0.436468
0.592133
0.001168
0.021370
0.330608
0.878590
0.286517
0.750677
0.568953
0.868594
0.346480
0.931382
0.001077
0.749295
0.038185
0.255131
0.293189
0.692024
0.677108
0.431759
0.032453
0.436442
0.122920
0.956530
0.160170
0.015928
0.785111
0.247446
0.448774
0.575039
0.718080
0.223994
0.130065
0.510182
0.088362
0.727607
0.727068
0.383523
0.592868
0.174433
0.333551
0.113949
0.443047
0.791239
0.657532
0.815529
0.897546
0.543175
0.105262
0.632337
0.395444
0.516706
0.858735
0.701940
0.818643
0.397859
0.826569
0.371726
0.705546
0.811150
0.874218
0.139550
0.560974
0.264424
0.531858
0.694982
0.584541
0.772164
0.025866
0.336422
0.153369
0.568947
0.243277
0.353178
0.413844
0.637173
0.800592
0.345811
0.512677
0.602848
0.603341
0.302069
0.685083
0.941811
0.927146
0.173725
0.717553
0.491388
0.573103
0.819914
0.471650
0.852566
0.639244
0.271286
0.708255
0.313358
0.505519
0.268562
0.773701
0.758460
0.581220
0.018121
0.865364
0.316010
0.289431
0.800579
0.546564
0.091914
0.478376
0.998767
0.718716
0.723613
0.690963
0.358413
0.261017
0.378758
0.559201
0.094663
0.799872
0.085089
0.685355
0.080400
0.534361
0.274194
0.216293
0.635044
0.487692
0.738930
0.443632
0.995045
0.134953
0.317102
0.887756
0.928351
0.319341
0.651843
0.188482
0.223751
0.204133
0.829425
0.264524
0.719787
0.444864
0.134121
0.995320
0.033982
0.439497
0.298028
0.884523
0.376564
0.175025
0.260166
0.976099
0.400694
0.192237
0.227507
0.797324
0.505040
0.827257
0.107832
0.750541
0.115778
0.661251
0.985747
0.687536
0.092100
0.270947
0.382399
0.303060
0.222131
0.263035
0.867840
0.559863
0.838915
0.610447
0.627091
0.432325
0.218240
0.281344
0.723989
0.990423
0.194152
0.686125
0.209542
0.278493
0.016864
0.688512
0.100211
0.317548
0.740523
0.568989
0.103417
0.556617
0.448058
0.571084
0.803789
0.245052
0.674581
0.249719
0.501005
0.918408
0.251620
0.875856
0.202246
0.631718
0.636186
0.373463
0.073702
0.433648
0.463278
0.103054
0.858762
0.343377
0.816824
0.149560
0.469663
0.880807
0.783892
0.277623
0.821940
0.568728
0.350643
0.916104
0.379193
0.828394
0.186841
0.127731
0.871905
0.040186
0.654777
0.804540
0.208353
0.374319
0.895304
0.058043
0.277310
0.870545
0.194328
0.744711
0.079997
0.890051
0.959878
0.878991
0.460686
0.128471
0.749001
0.981314
0.528911
0.189569
0.608621
0.627837
0.188322
0.019639
0.252901
0.349174
0.873921
0.210119
0.743774
0.351475
0.376436
0.129146
0.307594
0.885810
0.834832
0.552524
0.880271
0.598886
0.799746
0.863502
0.081044
0.284546
0.515730
0.083292
0.460845
0.304731
0.029463
0.704604
0.985055
0.429538
0.398664
0.248995
0.840895
0.615581
0.036853
0.175975
0.418737
0.359998
0.482941
0.795400
0.313461
0.053539
0.578615
0.673360
0.994600
0.614336
0.165207
0.219562
0.340518
0.796716
0.390632
0.293470
0.309045
0.159968
0.884217
0.512600
0.363342
0.986518
0.678380
0.532695
0.236928
0.876559
0.951640
0.574092
0.263191
0.455882
0.441141
0.962792
0.812529
0.503011
0.356481
0.096045
0.867813
0.048821
0.268639
0.136352
0.763359
0.686941
0.665636
0.725112
0.825953
0.518326
0.577563
0.287295
0.970612
0.943790
0.446824
0.666250
0.991982
0.317970
0.287341
0.538145
0.560102
0.820840
0.912591
0.089224
0.826937
0.802266
0.223581
0.408084
0.143161
0.985355
0.448211
0.491371
0.521500
0.567859
0.184579
0.648573
0.255360
0.668791
0.113035
0.555796
0.557494
0.082602
0.626652
0.306984
0.532257
0.650365
0.316981
0.254674
0.380938
0.294763
0.687019
0.561792
0.668484
0.854677
0.001338
0.672149
0.843150
0.605008
0.019781
0.867981
0.935773
0.737783
0.472745
0.389763
0.498073
0.617996
0.146147
0.040212
0.422541
0.422446
0.126788
0.244448
0.428259
0.468380
0.421081
0.995320
0.102812
0.713114
0.397301
0.367568
0.027165
0.735230
0.987631
0.608240
0.147648
0.321843
0.728151
0.803528
0.669181
0.043589
0.432825
0.044899
0.880602
0.922292
0.919954
0.480038
0.089686
0.793785
0.403289
0.291968
0.552403
0.423618
0.102794
0.134859
0.250847
0.346525
0.939277
0.095831
0.270610
0.671532
0.663439
0.847943
0.019153
0.420412
0.920950
0.216088
0.390762
0.044676
0.341471
0.821893
0.086486
0.435863
0.645789
0.163645
0.676253
0.715089
0.423702
0.939923
0.431653
0.036592
0.699640
0.153799
0.101718
0.713661
0.049866
0.501980
0.750720
0.436215
0.673457
0.087242
0.759628
0.310309
0.665199
0.974070
0.444312
0.918273
0.319853
0.207389
0.649095
0.657410
0.427981
0.284097
0.004811
0.806579
0.913677
0.750644
0.037058
0.044530
0.121326
0.489480
0.056444
0.843436
0.550805
0.681626
0.838837
0.238773
0.828470
0.527602
0.805670
0.685462
0.753996
0.132215
0.022657
0.099778
0.309509
0.239593
0.864373
0.853658
0.595483
0.394867
0.141114
0.326248
0.665012
0.931221
0.586700
0.067251
0.671252
0.680736
0.579142
0.425166
0.488130
0.401641
0.262517
0.175034
0.987500
0.192022
0.794585
0.325916
0.291806
0.631504
0.431387
0.775833
0.014147
0.740567
0.732728
0.236314
0.551371
0.176412
0.220587
0.841438
0.823329
0.606857
0.439734
0.084838
0.225300
0.759956
0.969115
0.220752
0.362644
0.717477
0.486297
0.675977
0.108095
0.602554
0.476741
0.063074
0.513524
0.884861
0.271750
0.795456
0.829234
0.658066
0.013116
0.451406
0.654407
0.506851
0.764331
0.244377
0.740826
0.159633
0.460728
0.678380
0.452462
0.029913
0.600853
0.184258
0.334087
0.699453
0.405387
0.177243
0.886853
0.321008
0.391969
0.104732
0.190944
0.484174
0.217505
0.916699
0.028584
0.383934
0.163170
0.210524
0.812046
0.418351
0.283414
0.171933
0.953424
0.802348
0.760527
0.119424
0.966186
0.272889
0.379269
0.711338
0.193565
0.003773
0.643733
0.260275
0.478558
0.393641
0.733568
0.229478
0.922671
0.059048
0.581821
0.445196
0.616537
0.197325
0.428913
0.528219
0.465957
0.445536
0.828412
0.763095
0.441582
0.087663
0.545990
0.590231
0.818742
0.010017
0.883647
0.482541
0.674611
0.404139
0.941582
0.580867
0.610950
0.018567
0.698974
0.313240
0.769630
0.589014
0.535826
0.504799
0.711860
0.175840
0.148740
0.965630
0.006623
0.925228
0.686078
0.278031
0.895000
0.585029
0.779043
0.296780
0.499681
0.958562
0.645650
0.353784
0.677404
0.256865
0.733556
0.444312
0.108908
0.377906
0.701972
0.262466
0.358154
0.416792
0.508337
0.505263
0.956080
0.627884
0.793925
0.491349
0.932163
0.954051
0.581424
0.932489
0.323931
0.637497
0.771506
0.538768
0.588501
0.371358
0.922495
0.966345
0.501490
0.049357
0.184330
0.730566
0.206383
0.962615
0.545715
0.295309
0.788382
0.482118
0.965828
0.483225
0.631938
0.148532
0.665855
0.971886
0.591022
0.547111
0.250790
0.358315
0.684359
0.676253
0.690373
0.273178
0.498600
0.824610
0.122575
0.278659
0.554877
0.139554
0.114526
0.033945
0.750605
0.068067
0.483222
0.559087
0.402870
0.248015
0.332315
0.671042
0.100265
0.315098
0.077474
0.067221
0.259447
0.130438
0.137088
0.249178
0.850719
0.282288
0.008301
0.031547
0.424012
0.539777
0.544653
0.722129
0.581961
0.712840
0.650109
0.864112
0.035212
0.871190
0.770275
0.302076
0.796560
0.231843
0.790996
0.022653
0.494393
0.492370
0.527704
0.778301
0.890845
0.484928
0.609114
0.025205
0.014185
0.272675
0.836976
0.087541
0.505748
0.477413
0.770810
0.140487
0.345921
0.463504
0.399303
0.320895
0.927659
0.459661
0.428046
0.811516
0.215142
0.742813
0.283905
0.683245
0.794662
0.441868
0.238118
0.747846
0.188794
0.579815
0.576881
0.095969
0.667169
0.180052
0.387575
0.843518
0.360815
0.923839
0.231511
0.987432
0.273206
0.400010
0.385258
0.643206
0.374615
0.555673
0.730271
0.696469
0.650116
0.829622
0.504194
0.988255
0.151580
0.842349
0.756850
0.406364
0.268165
0.313723
0.037254
0.727223
0.764036
0.389137
0.553799
0.902448
0.842797
0.256769
0.734926
0.696411
0.179207
0.233839
0.206625
0.110693
0.949040
0.461734
0.027003
0.322734
0.607529
0.473618
0.759986
0.831860
0.610341
0.850684
0.082091
0.762953
0.914289
0.553466
0.534643
0.359857
0.772795
0.563216
0.429778
0.566234
0.497863
0.878012
0.447219
0.512323
0.049790
0.533445
0.259913
0.512413
0.950933
0.934749
0.474124
0.606348
0.123279
0.844438
0.621893
0.038787
0.702902
0.736893
0.243718
0.224388
0.179083
0.951036
0.323948
0.604926
0.942299
0.107917
0.052349
0.071488
0.963605
0.247691
0.878363
0.304357
0.937300
0.137458
0.880165
0.524744
0.228024
0.437486
0.103190
0.102858
0.910604
0.039638
0.731611
0.619466
0.473528
0.731709
0.974414
0.773509
0.381696
0.639963
0.593318
0.203839
0.027331
0.076370
0.024694
0.632860
0.115159
0.805841
0.488586
0.824908
0.564194
0.362793
0.005677
0.060458
0.507999
0.318360
0.260711
0.055705
0.995320
0.375995
0.420557
0.505710
0.412050
0.959349
0.359455
0.714475
0.641371
0.645873
0.391923
0.751439
0.019360
0.957856
0.684568
0.010220
0.694150
0.287633
0.907110
0.612702
0.539046
0.404042
0.728140
0.412920
0.738248
0.294711
0.779162
0.752357
0.963423
0.796112
0.879904
0.148981
0.774197
0.425627
0.176146
0.391548
0.259341
0.537269
0.384975
0.674111
0.888888
0.390473
0.017504
0.993563
0.192198
0.066329
0.422048
0.993563
0.394489
0.339237
0.288058
0.904777
0.047707
0.172232
0.133178
0.027462
0.363444
0.377888
0.441914
0.140629
0.173884
0.378228
0.409434
0.531432
0.997735
0.134788
0.806695
0.823588
0.752661
0.502052
0.470447
0.020255
0.136222
0.098208
0.133769
0.786368
0.125052
0.125797
0.543996
0.418409
0.828603
0.737750
0.865807
0.860120
0.418249
0.117243
0.623046
0.786314
0.707683
0.808196
0.305090
0.650228
0.144228
0.994899
0.073173
0.436495
0.015259
0.681864
0.709407
0.629976
0.199015
0.838315
0.959701
0.921501
0.151490
0.884347
0.650627
0.623160
0.200137
0.381222
0.219771
0.422251
0.708135
0.781049
0.378444
0.166021
0.051777
0.875209
0.562671
0.396514
0.007675
0.161581
0.593791
0.794630
0.038485
0.792657
0.547561
0.272045
0.128197
0.837453
0.385964
0.342212
0.637785
0.061835
0.993279
0.202663
0.143040
0.605608
0.088645
0.022206
0.260644
0.824324
0.302092
0.996610
0.256981
0.077939
0.633392
0.390800
0.618864
0.771716
0.959550
0.454503
0.191369
0.510879
0.456365
0.424861
0.585569
0.620661
0.986385
0.216909
0.754890
0.525156
0.744990
0.665494
0.281130
0.493546
0.622425
0.449622
0.004046
0.224509
0.246378
0.817141
0.975498
0.971742
0.172722
0.418675
0.229661
0.048252
0.408005
0.977792
0.169879
0.549921
0.469336
0.882981
0.053709
0.691921
0.296407
0.051978
0.794575
0.260414
0.573878
0.551285
0.296449
0.443845
0.725793
0.871353
0.169231
0.249413
0.131055
0.229355
0.459453
0.279186
0.338643
0.362376
0.105426
0.706973
0.326031
0.846247
0.679186
0.903399
0.721276
0.938556
0.210146
0.266638
0.710013
0.004489
0.957272
0.065530
0.619058
0.994064
0.727033
0.548104
0.688679
0.748872
0.652272
0.441237
0.580567
0.722197
0.540373
0.417730
0.217147
0.392062
0.365260
0.958680
0.343416
0.172593
0.723639
0.536812
0.712903
0.222578
0.467720
0.607405
0.976620
0.495298
0.239958
0.856398
0.384672
0.751698
0.605206
0.531103
0.715240
0.697696
0.596256
0.900048
0.580471
0.830719
0.299439
0.559601
0.562735
0.962004
0.415880
0.952305
0.382101
0.488477
0.910153
0.283690
0.594817
0.636460
0.526339
0.640761
0.266123
0.701407
0.802463
0.318403
0.475767
0.422519
0.259425
0.863471
0.712876
0.514435
0.339037
0.536069
0.744075
0.033278
0.980249
0.571086
0.925376
0.980802
0.728121
0.779990
0.438888
0.695073
0.899884
0.564432
0.318944
0.282509
0.469475
0.892801
0.372188
0.017091
0.467010
0.993563
0.159246
0.443263
0.036478
0.810603
0.803735
0.837871
0.738171
0.841861
0.670620
0.123405
0.639818
0.984653
0.196734
0.736182
0.120488
0.455942
0.064937
0.173304
0.436403
0.496942
0.621803
0.463997
0.693950
0.519378
0.369088
0.365842
0.861546
0.684176
0.985271
0.001565
0.076994
0.599741
0.454681
0.746432
0.076215
0.376727
0.584907
0.192248
0.549876
0.923268
0.538881
0.470657
0.273113
0.360244
0.994899
0.610336
0.419097
0.690050
0.149272
0.311630
0.469489
0.098424
0.993017
0.243246
0.326531
0.350822
0.037679
0.159238
0.756321
0.562715
0.855477
0.012564
0.384792
0.723536
0.170953
0.633678
0.367640
0.710913
0.110194
0.209080
0.371657
0.053020
0.260772
0.266743
0.586333
0.510603
0.368881
0.605067
0.378603
0.254370
0.640350
0.379130
0.159492
0.027602
0.935807
0.833623
0.347276
0.699344
0.156863
0.997140
0.486399
0.542691
0.093245
0.593694
0.246700
0.308560
0.552783
0.141839
0.674694
0.272086
0.335302
0.272854
0.048296
0.393975
0.107275
0.176120
0.672722
0.445950
0.424196
0.694093
0.985099
0.429613
0.557548
0.851543
0.876820
0.196684
0.015953
0.201796
0.736182
0.832477
0.571710
0.419607
0.510367
0.455843
0.071499
0.056928
0.276174
0.392867
0.260341
0.868009
0.436354
0.627802
0.750078
0.766853
0.421312
0.398386
0.151582
0.640244
0.901827
0.628672
0.241814
0.139093
0.023648
0.659549
0.495218
0.621162
0.014941
0.635762
0.914688
0.191245
0.777582
0.173717
0.724579
0.299396
0.778493
0.014951
0.495199
0.179107
0.459481
0.386008
0.730238
0.147714
0.030539
0.278556
0.618965
0.860112
0.122876
0.047741
0.052021
0.459918
0.316960
0.237824
0.034668
0.212615
0.658228
0.689621
0.882530
0.182720
0.899563
0.493719
0.009415
0.178275
0.648984
0.628190
0.511606
0.424544
0.250764
0.982867
0.466982
0.685185
0.095126
0.919217
0.074915
0.810569
0.502103
0.462563
0.092539
0.243593
0.834566
0.760569
0.643578
0.684323
0.398808
0.579448
0.058389
0.283973
0.644920
0.505446
0.291424
0.553864
0.083313
0.208749
0.164856
0.128916
0.474751
0.917269
0.037645
0.916070
0.317264
0.197023
0.048901
0.555694
0.823109
0.738577
0.401198
0.945531
0.818178
0.176899
0.440147
0.315580
0.510973
0.468216
0.838013
0.259288
0.196036
0.855572
0.739949
0.478888
0.502295
0.601171
0.770852
0.620082
0.092353
0.657467
0.213730
0.571423
0.594627
0.594770
0.893854
0.853047
0.870897
0.199407
0.820255
0.908427
0.244047
0.343662
0.993563
0.435757
0.993563
0.487345
0.653637
0.316292
0.068148
0.358588
0.332572
0.363275
0.572369
0.483565
0.144768
0.560262
0.727252
0.173087
0.684297
0.834538
0.705027
0.351100
0.058528
0.268000
0.797102
0.187179
0.083201
0.980939
0.782457
0.972003
0.681512
0.954340
0.628118
0.954013
0.445324
0.462816
0.687224
0.015533
0.672177
0.911716
0.036887
0.787862
0.627285
0.121580
0.320331
0.407687
0.610336
0.409388
0.435763
0.020793
0.721316
0.203343
0.326166
0.993017
0.258307
0.085740
0.267626
0.251850
0.004569
0.806669
0.528035
0.277704
0.154332
0.527673
0.213865
0.056456
0.007281
0.378177
0.466721
0.542609
0.478176
0.726654
0.680868
0.860172
0.850870
0.457258
0.177332
0.750883
0.011011
0.277221
0.125117
0.304098
0.912352
0.237868
0.946050
0.765226
0.053056
0.566786
0.751663
0.280226
0.410675
0.743279
0.209270
0.106694
0.427673
0.690291
0.596833
0.444876
0.531541
0.445675
0.745871
0.659882
0.814293
0.326995
0.079629
0.175253
0.895220
0.266384
0.410927
0.985099
0.131579
0.681502
0.066898
0.547080
0.699272
0.551187
0.443269
0.013987
0.967942
0.697708
0.432591
0.956689
0.933211
0.664014
0.282973
0.728296
0.400002
0.910238
0.708058
0.340848
0.027030
0.451250
0.390332
0.838495
0.271540
0.151205
0.676387
0.244066
0.358487
0.604295
0.055400
0.489668
0.951659
0.242499
0.999277
0.745087
0.127472
0.062862
0.224001
0.626607
0.760273
0.378104
0.024443
0.241236
0.395022
0.786377
0.050521
0.848290
0.467589
0.314521
0.623961
0.009039
0.689403
0.064554
0.794300
0.373886
0.498482
0.891028
0.790701
0.072382
0.796764
0.822904
0.553257
0.128207
0.093933
0.047453
0.426764
0.598541
0.721582
0.185141
0.507066
0.933999
0.946337
0.088411
0.579498
0.828979
0.876287
0.685228
0.239688
0.371701
0.808908
0.516100
0.516677
0.616374
0.370797
0.775088
0.827259
0.034319
0.281528
0.821418
0.595987
0.412338
0.784353
0.092261
0.212305
0.415774
0.128159
0.459010
0.681115
0.386569
0.991475
0.396433
0.679249
0.991475
0.453596
0.256945
0.510706
0.156833
0.317734
0.635861
0.846254
0.271053
0.915116
0.515104
0.817766
0.138483
0.163927
0.075624
0.043961
0.996316
0.439064
0.329677
0.061864
0.181964
0.282635
0.873184
0.567638
0.752353
0.379812
0.278923
0.250586
0.538865
0.941576
0.977188
0.644053
0.181064
0.631248
0.826152
0.328967
0.425649
0.191071
0.366492
0.934982
0.060095
0.116639
0.174266
0.140375
0.220042
0.397363
0.497000
0.229994
0.921967
0.930192
0.893824
0.361353
0.552678
0.817526
0.400873
0.894953
0.261818
0.010251
0.486569
0.829336
0.935456
0.964512
0.209068
0.552323
0.032547
0.198493
0.518078
0.595245
0.317837
0.393250
0.860354
0.833434
0.372992
0.605846
0.768574
0.414791
0.082385
0.433565
0.467733
0.171516
0.613169
0.975784
0.760171
0.242914
0.204744
0.965534
0.492862
0.793033
0.486355
0.492408
0.268914
0.365116
0.610868
0.484018
0.002693
0.993017
0.290437
0.558415
0.299067
0.587533
0.165669
0.199308
0.544512
0.728134
0.148990
0.455815
0.109141
0.164422
0.222364
0.107210
0.597300
0.588386
0.517730
0.195668
0.570131
0.867335
0.250708
0.648403
0.493689
0.418579
0.686363
0.544954
0.318337
0.294581
0.744855
0.482197
0.874957
0.632829
0.200794
0.049563
0.543664
0.182656
0.064912
0.409424
0.733775
0.110880
0.922544
0.135197
0.741298
0.613183
0.321134
0.737155
0.211939
0.161158
0.812391
0.758131
0.686229
0.609455
0.326797
0.736357
0.562765
0.476898
0.406489
0.031650
0.631610
0.436029
0.796974
0.030063
0.641734
0.523875
0.230440
0.191983
0.397748
0.452920
0.504855
0.740930
0.251015
0.940546
0.718918
0.019170
0.716896
0.382736
0.445905
0.850999
0.708342
0.023967
0.627739
0.744020
0.967344
0.324734
0.352285
0.459932
0.610093
0.993888
0.433099
0.438751
0.953052
0.539877
0.667327
0.198402
0.173345
0.652328
0.819538
0.242125
0.840878
0.477608
0.293158
0.312985
0.460005
0.924369
0.055253
0.396492
0.182410
0.997867
0.739437
0.682449
0.438141
0.179086
0.560014
0.324695
0.743168
0.580672
0.456837
0.130406
0.965879
0.792965
0.767307
0.967744
0.370202
0.454101
0.900264
0.152222
0.196040
0.596913
0.361888
0.589609
0.660568
0.610103
0.607561
0.477761
0.067237
0.742780
0.297106
0.472640
0.091830
0.671902
0.233844
0.416018
0.941968
0.662424
0.163390
0.811067
0.737878
0.353064
0.575806
0.668821
0.307293
0.554208
0.721858
0.990018
0.349866
0.688093
0.406863
0.102909
0.411923
0.708455
0.302132
0.450432
0.849520
0.238487
0.994284
0.436450
0.331259
0.909385
0.620452
0.869051
0.117329
0.956491
0.879027
0.627468
0.818275
0.236367
0.365474
0.996316
0.149886
0.687106
0.213519
0.443598
0.819129
0.078445
0.142537
0.228842
0.907303
0.421729
0.375534
0.399317
0.043538
0.206677
0.201917
0.238211
0.892740
0.032636
0.287051
0.947236
0.728418
0.807266
0.829161
0.118449
0.302743
0.615197
0.968523
0.641646
0.523153
0.109960
0.206776
0.834228
0.439677
0.823335
0.874511
0.916750
0.502310
0.582638
0.748598
0.344566
0.047981
0.612483
0.862712
0.914102
0.196884
0.936970
0.012309
0.669225
0.499641
0.440840
0.531350
0.609970
0.298700
0.127666
0.277939
0.406274
0.914827
0.361466
0.779993
0.086066
0.804911
0.186439
0.701880
0.327292
0.169694
0.288424
0.662745
0.598679
0.325588
0.751123
0.102546
0.760189
0.246271
0.039461
0.910351
0.131448
0.077194
0.225982
0.630705
0.979603
0.226050
0.545817
0.899166
0.366104
0.728294
0.671835
0.650743
0.808196
0.419302
0.876614
0.340005
0.473219
0.751158
0.338101
0.826115
0.834348
0.656332
0.450817
0.548789
0.811580
0.263970
0.939194
0.662980
0.572628
0.644835
0.004136
0.843518
0.530036
0.523149
0.324747
0.620520
0.533075
0.519151
0.541299
0.106797
0.735510
0.691089
0.063135
0.344659
0.273728
0.272696
0.635974
0.676566
0.867293
0.789137
0.208515
0.623918
0.587980
0.673990
0.041198
0.804968
0.761430
0.430092
0.381153
0.730513
0.226275
0.249641
0.642510
0.756102
0.104952
0.780131
0.023241
0.610159
0.449999
0.674363
0.324070
0.048269
0.184144
0.673586
0.905478
0.209251
0.605936
0.288404
0.324882
0.364628
0.484485
0.447781
0.042091
0.641181
0.547544
0.867198
0.137822
0.108483
0.418570
0.604897
0.187963
0.909149
0.043047
0.495651
0.948520
0.265296
0.747290
0.205629
0.738580
0.503450
0.385717
0.491441
0.024207
0.478290
0.679340
0.889797
0.727583
0.391382
0.187233
0.076963
0.086070
0.549136
0.418438
0.381484
0.040974
0.280805
0.545865
0.318825
0.116673
0.812497
0.706885
0.248578
0.779091
0.852742
0.779140
0.586664
0.637288
0.516381
0.244986
0.716827
0.626195
0.358717
0.712432
0.421475
0.459757
0.734560
0.134760
0.108796
0.740674
0.274806
0.201274
0.060549
0.907495
0.153560
0.150066
0.155594
0.749296
0.138734
0.307032
0.067508
0.066474
0.885194
0.501578
0.523507
0.424243
0.544114
0.618900
0.261035
0.986522
0.424227
0.091480
0.117207
0.552196
0.673656
0.099384
0.662999
0.548713
0.166727
0.485132
0.727349
0.092627
0.589386
0.100945
0.561691
0.223551
0.150121
0.864001
0.293626
0.964765
0.820452
0.542136
0.074292
0.168542
0.016801
0.935535
0.797438
0.719270
0.359243
0.804364
0.122125
0.687920
0.441413
0.542366
0.602944
0.709748
0.992357
0.709748
0.577894
0.579702
0.841578
0.554262
0.769204
0.936999
0.465395
0.072442
0.466203
0.274731
0.431351
0.867922
0.086188
0.677598
0.737948
0.674971
0.138495
0.541480
0.394586
0.514282
0.545998
0.601699
0.165086
0.276244
0.436555
0.613024
0.788384
0.853113
0.154029
0.777607
0.147156
0.644145
0.501030
0.505684
0.255332
0.574372
0.890392
0.957051
0.557133
0.995447
0.710341
0.680681
0.743345
0.818515
0.661630
0.536803
0.387153
0.541665
0.262791
0.050721
0.645816
0.539543
0.348145
0.370717
0.701504
0.376250
0.455259
0.652774
0.082361
0.264779
0.563879
0.901383
0.742839
0.141798
0.303835
0.096380
0.441848
0.654438
0.388343
0.728063
0.353352
0.399393
0.842168
0.153677
0.804494
0.731810
0.818413
0.343795
0.605843
0.824292
0.967507
0.582908
0.448692
0.341385
0.018340
0.359507
0.568660
0.273103
0.582319
0.471509
0.330835
0.297545
0.621253
0.086684
0.446357
0.407241
0.001069
0.047975
0.202789
0.528805
0.096193
0.872602
0.456950
0.915831
0.907146
0.043516
0.901769
0.118648
0.119191
0.073368
0.312011
0.458404
0.054146
0.285122
0.311247
0.525193
0.988612
0.161172
0.447008
0.424764
0.988612
0.000976
0.549131
0.165490
0.204380
0.680927
0.428004
0.674813
0.027928
0.017278
0.090838
0.607403
0.849509
0.403875
0.085331
0.726881
0.907946
0.472253
0.779972
0.053744
0.746620
0.921999
0.222711
0.670537
0.318122
0.268956
0.018215
0.789826
0.148273
0.849507
0.159992
0.431653
0.271134
0.532503
0.858646
0.624942
0.368785
0.631376
0.852984
0.012421
0.744599
0.870705
0.253055
0.725235
0.445070
0.466417
0.091711
0.509786
0.588473
0.558777
0.323956
0.678340
0.620878
0.883504
0.053367
0.093657
0.710721
0.279425
0.245872
0.647910
0.518043
0.870860
0.749125
0.853306
0.136821
0.306283
0.728928
0.693703
0.674004
0.367411
0.297854
0.401463
0.999721
0.680686
0.412857
0.041491
0.995391
0.460219
0.995391
0.119470
0.292110
0.233234
0.533817
0.636456
0.278907
0.352035
0.697551
0.753698
0.450271
0.828729
0.844837
0.829994
0.797295
0.813344
0.361982
0.148008
0.310223
0.298211
0.407466
0.930241
0.927024
0.077454
0.411013
0.389275
0.706670
0.741529
0.691843
0.994284
0.740132
0.163732
0.751511
0.315683
0.644190
0.141299
0.293048
0.944731
0.015376
0.252418
0.887233
0.427202
0.582540
0.294853
0.290851
0.590848
0.745726
0.847137
0.152578
0.575852
0.965666
0.196938
0.405601
0.205538
0.419329
0.396640
0.412170
0.737651
0.037495
0.788569
0.184447
0.059336
0.244034
0.077138
0.532078
0.615022
0.808669
0.138276
0.429666
0.795860
0.785358
0.197840
0.833494
0.870046
0.490348
0.485011
0.803519
0.586937
0.022655
0.159624
0.274451
0.760966
0.503528
0.717876
0.259870
0.413113
0.892602
0.202834
0.679598
0.842575
0.813516
0.780912
0.725016
0.657739
0.529653
0.792201
0.060353
0.550662
0.819036
0.873061
0.570313
0.795622
0.368728
0.174875
0.347717
0.417266
0.852400
0.163943
0.633026
0.768726
0.276229
0.944143
0.606338
0.680980
0.230751
0.065482
0.849467
0.671705
0.419673
0.296777
0.670356
0.449747
0.347495
0.887460
0.965835
0.619065
0.229795
0.061181
0.997888
0.298699
0.483433
0.961935
0.287312
0.133508
0.296283
0.255859
0.943235
0.453972
0.551333
0.047039
0.014813
0.081573
0.369344
0.291059
0.833321
0.402596
0.865572
0.015013
0.401418
0.087922
0.814131
0.943479
0.236000
0.871606
0.250171
0.492402
0.736878
0.483674
0.883583
0.677204
0.072821
0.148714
0.363989
0.252205
0.038706
0.186935
0.037575
0.838600
0.417458
0.257363
0.030990
0.758324
0.292230
0.219750
0.694849
0.733136
0.713034
0.700110
0.052620
0.332013
0.139596
0.389755
0.733538
0.071458
0.469577
0.970145
0.086752
0.948115
0.069091
0.510532
0.121368
0.465550
0.337685
0.838234
0.330385
0.675694
0.401259
0.059057
0.950466
0.913445
0.414462
0.709824
0.602905
0.253274
0.707157
0.721901
0.912092
0.181614
0.719796
0.598822
0.585327
0.233224
0.726708
0.243687
0.827938
0.189299
0.678521
0.989507
0.268087
0.542905
0.381495
0.712089
0.294949
0.825838
0.870765
0.798774
0.187628
0.192063
0.096424
0.550174
0.492402
0.857677
0.468051
0.383130
0.202010
0.206486
0.358588
0.542967
0.108619
0.043702
0.488060
0.176993
0.725890
0.179883
0.713802
0.185568
0.374938
0.463106
0.999721
0.414127
0.325494
0.117727
0.999721
0.647747
0.217421
0.297724
0.571286
0.023864
0.878047
0.321987
0.309282
0.062725
0.193403
0.257261
0.025285
0.493737
0.091562
0.864179
0.829188
0.544212
0.047353
0.203658
0.019540
0.620012
0.740084
0.055572
0.245433
0.654040
0.043816
0.330045
0.879428
0.792600
0.242750
0.292955
0.611740
0.321839
0.185346
0.856893
0.909977
0.732802
0.757506
0.770174
0.800454
0.939885
0.890777
0.255941
0.950479
0.229164
0.017286
0.861554
0.979822
0.459715
0.838916
0.185281
0.689647
0.964927
0.764384
0.572150
0.276067
0.660172
0.378076
0.736760
0.015647
0.523477
0.717431
0.421978
0.843494
0.164918
0.832895
0.284355
0.196983
0.772242
0.445842
0.638220
0.310974
0.737751
0.725545
0.931670
0.009669
0.945475
0.310739
0.504986
0.412043
0.204301
0.035304
0.705114
0.631858
0.581559
0.759318
0.164539
0.538433
0.537193
0.680756
0.551212
0.237887
0.529734
0.731298
0.076993
0.983251
0.761629
0.410507
0.282436
0.116871
0.513866
0.751512
0.727317
0.760136
0.931120
0.400594
0.200387
0.835544
0.485334
0.162864
0.019065
0.098559
0.234596
0.812836
0.879937
0.307147
0.427790
0.689000
0.113599
0.023103
0.326448
0.118171
0.021038
0.550664
0.729094
0.550034
0.261632
0.825866
0.220015
0.632588
0.672360
0.739614
0.498153
0.170468
0.430796
0.736306
0.552863
0.200541
0.747142
0.872857
0.870263
0.520920
0.258478
0.681663
0.718675
0.291831
0.336600
0.428877
0.294472
0.638554
0.053546
0.713748
0.265890
0.952698
0.879935
0.682890
0.421615
0.280140
0.233633
0.454234
0.087208
0.070461
0.272458
0.735167
0.074238
0.459244
0.716524
0.780711
0.266894
0.273319
0.484559
0.804292
0.606218
0.249248
0.384738
0.939633
0.014303
0.237519
0.448619
0.454663
0.461984
0.486813
0.811767
0.329897
0.892348
0.767716
0.604317
0.031222
0.610614
0.607069
0.976490
0.352169
0.548626
0.256554
0.924029
0.061332
0.285872
0.782263
0.443607
0.711999
0.124731
0.673480
0.038646
0.956808
0.870626
0.819761
0.007754
0.921100
0.955769
0.430528
0.128588
0.164720
0.865958
0.903237
0.338477
0.112679
0.827379
0.704270
0.980888
0.676186
0.480144
0.232570
0.885943
0.935268
0.931597
0.408362
0.169522
0.922564
0.253469
0.933370
0.302112
0.256879
0.255649
0.667223
0.761952
0.188449
0.312746
0.266273
0.292247
0.247389
0.449312
0.841958
0.889261
0.477557
0.994837
0.438802
0.184694
0.708497
0.474151
0.459458
0.397938
0.455049
0.077262
0.440443
0.188198
0.430107
0.017593
0.539142
0.333080
0.460137
0.802251
0.131570
0.509705
0.190986
0.740433
0.799131
0.774055
0.755621
0.228222
0.762204
0.529008
0.082820
0.877150
0.054682
0.318543
0.134694
0.050013
0.322598
0.319202
0.765838
0.033363
0.796527
0.702182
0.465212
0.577753
0.786386
0.471714
0.589111
0.413041
0.455312
0.753415
0.097424
0.086483
0.890999
0.708702
0.316356
0.918714
0.220635
0.529411
0.660845
0.854226
0.368470
0.670998
0.272989
0.810088
0.489235
0.823148
0.554542
0.345362
0.128914
0.912508
0.399647
0.614129
0.066697
0.612424
0.547928
0.892042
0.924874
0.187004
0.779169
0.228741
0.140580
0.919030
0.232375
0.959805
0.465105
0.620038
0.949149
0.879913
0.780190
0.412536
0.980966
0.535680
0.730597
0.334299
0.151008
0.528734
0.299271
0.928077
0.584463
0.348000
0.373521
0.541103
0.599203
0.479967
0.242699
0.371263
0.836020
0.516741
0.551506
0.023732
0.880505
0.317872
0.026787
0.255791
0.035453
0.841656
0.365049
0.320244
0.713422
0.887765
0.375176
0.860531
0.425328
0.985635
0.735116
0.234409
0.208594
0.580404
0.648270
0.702850
0.461024
0.072237
0.980436
0.858723
0.503572
0.389748
0.964028
0.453620
0.281913
0.226382
0.482385
0.255806
0.559299
0.822589
0.651466
0.066835
0.288812
0.579796
0.452327
0.852755
0.375694
0.488446
0.065515
0.512956
0.377514
0.078435
0.054805
0.264328
0.253873
0.781996
0.122954
0.090095
0.869229
0.859244
0.454408
0.106593
0.390173
0.257695
0.093928
0.840814
0.616206
0.848610
0.857588
0.200058
0.084155
0.529220
0.202130
0.124825
0.716375
0.808910
0.105611
0.929039
0.472481
0.052287
0.449006
0.889049
0.659787
0.859726
0.794074
0.595134
0.190286
0.438027
0.783433
0.636472
0.566631
0.296214
0.147357
0.671989
0.761305
0.724391
0.288079
0.523948
0.920024
0.041738
0.473046
0.156646
0.241835
0.532056
0.447262
0.416548
0.455784
0.305322
0.706275
0.989523
0.483995
0.698805
0.272927
0.092279
0.288366
0.966564
0.882336
0.831207
0.525953
0.825176
0.350061
0.125945
0.362916
0.881611
0.599052
0.986644
0.223624
0.411395
0.075014
0.284647
0.927846
0.693400
0.811643
0.064294
0.293648
0.705725
0.554042
0.539858
0.920617
0.837790
0.731317
0.734764
0.281614
0.957035
0.460065
0.042251
0.951395
0.264360
0.567523
0.187939
0.504135
0.891978
0.027014
0.615392
0.954960
0.380489
0.744837
0.428950
0.651789
0.081555
0.948255
0.251577
0.714885
0.748173
0.477633
0.746364
0.149008
0.236177
0.292781
0.252961
0.804478
0.014402
0.587573
0.795426
0.416327
0.105164
0.014697
0.733958
0.970486
0.016623
0.798451
0.311238
0.720419
0.091382
0.462588
0.372566
0.117344
0.262098
0.440497
0.582308
0.197963
0.150216
0.970156
0.743608
0.190417
0.809026
0.105655
0.615861
0.803036
0.960246
0.128076
0.676045
0.575988
0.625559
0.630709
0.093494
0.636135
0.949493
0.699312
0.024364
0.492223
0.148845
0.566460
0.532373
0.604741
0.127691
0.346214
0.216396
0.748349
0.043074
0.954074
0.792550
0.462041
0.211795
0.387482
0.617096
0.132886
0.478031
0.530533
0.735060
0.384544
0.263814
0.696686
0.645255
0.015012
0.983060
0.925521
0.342286
0.744431
0.282686
0.591284
0.446344
0.660125
0.383481
0.196283
0.587679
0.571380
0.815370
0.142190
0.759634
0.271412
0.497415
0.174913
0.786240
0.131180
0.807574
0.758693
0.421470
0.873733
0.160613
0.574199
0.070272
0.074860
0.288571
0.172126
0.719007
0.854354
0.755275
0.613606
0.016727
0.732144
0.077339
0.053973
0.549957
0.267080
0.139984
0.706610
0.057329
0.407605
0.985635
0.187243
0.053840
0.892053
0.772028
0.289672
0.588038
0.280041
0.208873
0.092950
0.058940
0.522997
0.609054
0.093411
0.601227
0.886107
0.197362
0.015979
0.022412
0.993512
0.160674
0.599742
0.683393
0.706056
0.062853
0.944088
0.271075
0.388254
0.942157
0.396958
0.417694
0.539541
0.643610
0.562171
0.136716
0.210275
0.584576
0.275455
0.794224
0.016908
0.551105
0.500846
0.730838
0.000872
0.239833
0.502056
0.597580
0.998133
0.706311
0.365924
0.629476
0.018325
0.483885
0.312469
0.420406
0.110082
0.735902
0.080777
0.827340
0.494459
0.106045
0.191053
0.327119
0.726139
0.466008
0.506786
0.981786
0.688425
0.111393
0.760007
0.850008
0.913954
0.873533
0.856848
0.909759
0.453812
0.879933
0.446778
0.987164
0.722464
0.426466
0.310491
0.384056
0.825044
0.021758
0.038905
0.006501
0.143145
0.458009
0.996910
0.052457
0.545996
0.419657
0.519706
0.404281
0.507741
0.256643
0.429474
0.350411
0.474528
0.621481
0.206136
0.416692
0.480474
0.842634
0.973462
0.089038
0.401107
0.134240
0.681829
0.561766
0.143529
0.386715
0.300526
0.657944
0.017928
0.280306
0.333769
0.123944
0.048286
0.065623
0.829205
0.791959
0.566966
0.103230
0.960201
0.801627
0.215805
0.863767
0.460047
0.046159
0.081094
0.356610
0.362175
0.651789
0.714341
0.311285
0.787116
0.524746
0.716112
0.319973
0.139774
0.446948
0.582109
0.451727
0.947379
0.547709
0.411268
0.601653
0.002626
0.591273
0.744144
0.466527
0.777260
0.490975
0.200049
0.276808
0.101984
0.830724
0.413676
0.988836
0.157732
0.071506
0.419383
0.157504
0.385692
0.640253
0.484954
0.648131
0.055757
0.464026
0.712835
0.346608
0.221565
0.132792
0.236063
0.921165
0.957810
0.609312
0.837292
0.113510
0.159356
0.599246
0.706543
0.099520
0.414725
0.089799
0.741753
0.192878
0.482056
0.261702
0.654586
0.116021
0.296689
0.186893
0.689148
0.336132
0.168860
0.262402
0.487820
0.034079
0.068180
0.378261
0.525772
0.405886
0.735469
0.661894
0.485303
0.938417
0.955615
0.430835
0.526144
0.037007
0.857831
0.476612
0.623429
0.880433
0.569378
0.111463
0.158125
0.340096
0.469588
0.761693
0.844245
0.412116
0.503996
0.372118
0.623846
0.294077
0.651451
0.189212
0.537228
0.397675
0.865055
0.670278
0.136505
0.364263
0.102367
0.485088
0.032019
0.166105
0.939966
0.857540
0.591324
0.490616
0.797823
0.469733
0.019646
0.660645
0.342039
0.560316
0.232141
0.357729
0.360453
0.985635
0.715971
0.084081
0.601777
0.690078
0.591310
0.387016
0.835498
0.814316
0.430549
0.317613
0.471697
0.386373
0.693549
0.965447
0.709906
0.723478
0.708880
0.520185
0.130477
0.078928
0.355772
0.993512
0.003811
0.275660
0.504344
0.022704
0.407695
0.761730
0.784369
0.183498
0.530942
0.630209
0.996855
0.151724
0.671244
0.052848
0.049902
0.535278
0.473195
0.837095
0.644036
0.695413
0.642532
0.414692
0.937552
0.978423
0.486016
0.368726
0.413374
0.212642
0.698985
0.110293
0.372388
0.244969
0.185878
0.759364
0.340949
0.009546
0.578325
0.972159
0.142066
0.166730
0.406198
0.025133
0.676384
0.535631
0.793543
0.390110
0.860121
0.080508
0.270848
0.258743
0.106847
0.263942
0.617298
0.676114
0.461156
0.912513
0.418290
0.660960
0.711054
0.352774
0.888046
0.071210
0.577608
0.450003
0.340012
0.657189
0.156745
0.414534
0.123031
0.687436
0.251226
0.260323
0.276376
0.504646
0.687705
0.494320
0.539859
0.719924
0.951692
0.388416
0.917036
0.718174
0.018029
0.779519
0.388958
0.092487
0.699322
0.353530
0.772583
0.181506
0.479421
0.357080
0.016157
0.923590
0.846992
0.074231
0.339705
0.891664
0.835919
0.241729
0.376476
0.751918
0.918481
0.178011
0.489179
0.298210
0.964493
0.825260
0.424622
0.621839
0.846117
0.697627
0.685006
0.089839
0.999553
0.112407
0.983329
0.548591
0.999721
0.137408
0.510822
0.910485
0.306217
0.417728
0.869693
0.006660
0.683875
0.144988
0.354982
0.444556
0.728993
0.003223
0.042534
0.921568
0.422723
0.785045
0.139917
0.584472
0.371550
0.369887
0.997652
0.010119
0.224739
0.464617
0.359274
0.888987
0.533830
0.732162
0.250439
0.333102
0.326004
0.846590
0.408050
0.499234
0.928355
0.779630
0.981560
0.966453
0.602456
0.828465
0.256337
0.438741
0.625694
0.435116
0.848345
0.472175
0.529812
0.299578
0.926486
0.681846
0.347147
0.315077
0.199869
0.922716
0.212008
0.204751
0.986447
0.597771
0.840421
0.098413
0.667591
0.602764
0.935528
0.173370
0.368671
0.507589
0.339750
0.576103
0.296573
0.547281
0.351513
0.706293
0.264456
0.107747
0.039119
0.481541
0.893572
0.758721
0.784188
0.365141
0.627732
0.234741
0.760803
0.759653
0.936932
0.179071
0.364896
0.829409
0.950269
0.389864
0.934081
0.439457
0.654159
0.296089
0.795560
0.576506
0.441928
0.355996
0.025300
0.973122
0.723550
0.035555
0.243603
0.548218
0.565018
0.620316
0.680635
0.547510
0.037521
0.985635
0.735170
0.636833
0.174288
0.157607
0.680500
0.384674
0.031161
0.484946
0.716864
0.479206
0.870884
0.275913
0.121997
0.436279
0.898087
0.070257
0.973948
0.804801
0.036590
0.742476
0.112827
0.372178
0.074121
0.567405
0.402855
0.090154
0.727795
0.993512
0.308158
0.478891
0.546328
0.440817
0.143390
0.382922
0.495757
0.343653
0.630209
0.136530
0.874242
0.406086
0.527990
0.353309
0.828310
0.056450
0.785505
0.301435
0.194123
0.717020
0.662654
0.743417
0.834868
0.274429
0.943000
0.171715
0.888260
0.819869
0.239430
0.252614
0.928576
0.552739
0.463881
0.064054
0.244898
0.893696
0.759609
0.596734
0.845953
0.342582
0.990034
0.219963
0.188969
0.091175
0.750287
0.534848
0.410145
0.786697
0.497856
0.756314
0.293760
0.572343
0.281369
0.097691
0.905537
0.815284
0.557215
0.587170
0.646536
0.526380
0.226465
0.494528
0.591472
0.989523
0.358037
0.712053
0.687436
0.996910
0.568640
0.127377
0.227467
0.989820
0.429863
0.989820
0.389463
0.893631
0.538536
0.812412
0.083478
0.081228
0.184955
0.691999
0.266901
0.703379
0.311582
0.698030
0.516287
0.045994
0.603449
0.029607
0.869083
0.415317
0.519795
0.477433
0.194783
0.248020
0.324907
0.394691
0.347265
0.310432
0.962501
0.320755
0.095521
0.099425
0.827412
0.704806
0.691608
0.398918
0.616592
0.497652
0.391031
0.008470
0.543851
0.013717
0.875238
0.372799
0.077520
0.925908
0.145289
0.741368
0.160083
0.542938
0.601282
0.972862
0.880162
0.865042
0.571601
0.707837
0.442232
0.006083
0.534788
0.424663
0.065161
0.675999
0.409038
0.711869
0.685260
0.398276
0.395418
0.997652
0.395136
0.397583
0.221512
0.325044
0.215472
0.168885
0.457363
0.280460
0.959202
0.760957
0.191978
0.261255
0.977693
0.799748
0.786172
0.589416
0.822089
0.563200
0.297731
0.362849
0.643074
0.021626
0.875197
0.315411
0.800024
0.015598
0.651409
0.622499
0.470894
0.985155
0.603882
0.371242
0.568994
0.581296
0.154190
0.549956
0.222147
0.858752
0.825575
0.082415
0.581837
0.949145
0.887059
0.756566
0.638807
0.155700
0.023573
0.569820
0.681353
0.965213
0.119497
0.733506
0.970841
0.768420
0.511526
0.011409
0.045779
0.526632
0.063364
0.267063
0.732374
0.391434
0.605542
0.835247
0.009688
0.021980
0.877685
0.378627
0.152338
0.433627
0.674429
0.687272
0.407860
0.792054
0.901730
0.590144
0.135637
0.262549
0.215929
0.795928
0.787924
0.693272
0.565728
0.442491
0.422251
0.396786
0.083977
0.418254
0.362989
0.121107
0.052046
0.985635
0.427271
0.109018
0.985635
0.122593
0.593776
0.312748
0.682982
0.686772
0.360158
0.471709
0.000991
0.829891
0.305311
0.057252
0.156118
0.472475
0.365772
0.432495
0.310556
0.026351
0.402929
0.696698
0.187972
0.113760
0.734581
0.691176
0.401983
0.682511
0.385452
0.472843
0.131865
0.683528
0.062260
0.380594
0.957536
0.755238
0.326412
0.257777
0.530660
0.374116
0.169132
0.041511
0.036810
0.422430
0.548328
0.509754
0.326945
0.812242
0.045847
0.404596
0.670498
0.939509
0.809806
0.681921
0.839981
0.445442
0.429046
0.589283
0.277300
0.059601
0.827330
0.684409
0.097304
0.322918
0.406226
0.359229
0.723579
0.677025
0.678025
0.257851
0.692344
0.297958
0.083717
0.147865
0.191618
0.182733
0.764506
0.564579
0.554404
0.781727
0.543177
0.561119
0.477374
0.601647
0.389094
0.949454
0.429805
0.437589
0.243969
0.091647
0.085695
0.211314
0.717531
0.268033
0.107190
0.408401
0.403362
0.714676
0.597862
0.021891
0.271180
0.850613
0.716366
0.546580
0.293785
0.861542
0.508744
0.040058
0.612724
0.560403
0.848256
0.597048
0.125358
0.847358
0.827254
0.890357
0.627816
0.512423
0.191343
0.191197
0.597008
0.682873
0.630513
0.503269
0.728829
0.552679
0.994278
0.589610
0.376892
0.646244
0.519178
0.050096
0.426078
0.496911
0.467659
0.802496
0.972077
0.632444
0.132242
0.818157
0.691439
0.154303
0.693147
0.513256
0.127843
0.141391
0.858511
0.343073
0.112481
0.622096
0.312027
0.411727
0.429009
0.647104
0.735317
0.671645
0.002258
0.161670
0.988836
0.453082
0.331384
0.082968
0.436348
0.701252
0.709883
0.691537
0.460427
0.545547
0.364630
0.286404
0.285747
0.695687
0.177449
0.337596
0.353143
0.034254
0.539476
0.025896
0.508300
0.748860
0.676295
0.625142
0.256297
0.660523
0.159533
0.923417
0.763862
0.160888
0.319251
0.120991
0.348914
0.920193
0.039981
0.603882
0.095511
0.985155
0.087175
0.850280
0.703626
0.845837
0.674170
0.205576
0.263042
0.943982
0.695124
0.572772
0.375483
0.837580
0.506012
0.311309
0.365430
0.377388
0.310390
0.177712
0.368736
0.264793
0.924307
0.297504
0.139452
0.765278
0.648605
0.000982
0.484563
0.000731
0.790394
0.933686
0.286678
0.236610
0.865338
0.617509
0.899192
0.496520
0.736466
0.192417
0.930348
0.442151
0.916112
0.551517
0.793551
0.914018
0.251584
0.117582
0.409957
0.860245
0.180514
0.612153
0.989362
0.070400
0.722817
0.317409
0.065732
0.380837
0.693056
0.985635
0.391362
0.157182
0.054501
0.403945
0.680191
0.109626
0.714099
0.853943
0.343121
0.736420
0.989668
0.267263
0.240333
0.469533
0.389501
0.073836
0.279069
0.422066
0.610914
0.703197
0.475966
0.470529
0.165707
0.993512
0.221564
0.912355
0.068611
0.994331
0.189677
0.996855
0.431820
0.414696
0.385042
0.399113
0.460804
0.011626
0.069804
0.650319
0.669031
0.044938
0.179285
0.562507
0.986602
0.399503
0.257836
0.275487
0.102464
0.548267
0.493505
0.757237
0.822945
0.720801
0.318195
0.579226
0.003364
0.722641
0.316192
0.120472
0.837980
0.774111
0.765887
0.834986
0.148715
0.191618
0.990034
0.115830
0.621518
0.138284
0.354498
0.990034
0.632243
0.485106
0.416070
0.632201
0.700036
0.172337
0.197312
0.926534
0.271362
0.613185
0.888704
0.336210
0.633788
0.861357
0.696780
0.952801
0.787469
0.498549
0.229773
0.888714
0.636938
0.874343
0.145028
0.172860
0.012877
0.537905
0.590876
0.694225
0.345409
0.301292
0.202292
0.996276
0.227738
0.537313
0.985786
0.505540
0.870919
0.381143
0.971998
0.930834
0.863323
0.379207
0.206732
0.595822
0.962510
0.283666
0.658427
0.784652
0.242029
0.966365
0.468402
0.507463
0.135350
0.513659
0.758717
0.013654
0.320511
0.285007
0.700042
0.017635
0.118477
0.994008
0.097164
0.864280
0.975124
0.333195
0.517757
0.184881
0.149584
0.065420
0.754794
0.140013
0.348285
0.792684
0.428944
0.456906
0.876245
0.432393
0.532549
0.567762
0.347677
0.626338
0.714694
0.090844
0.268062
0.999073
0.088116
0.856361
0.557155
0.936712
0.531619
0.042639
0.292941
0.708373
0.712609
0.056040
0.031549
0.015835
0.098942
0.748201
0.779923
0.974341
0.050865
0.428331
0.181508
0.620292
0.924272
0.502970
0.535344
0.003886
0.515696
0.144157
0.301248
0.836363
0.701473
0.158804
0.727291
0.203883
0.176475
0.947449
0.677600
0.629204
0.651517
0.156503
0.985155
0.440631
0.062504
0.643172
0.508620
0.348364
0.200468
0.687883
0.576527
0.465887
0.781960
0.399195
0.207165
0.263827
0.546721
0.123722
0.497519
0.332305
0.475764
0.152630
0.637843
0.097381
0.929632
0.025598
0.931593
0.499250
0.262115
0.188540
0.496614
0.073003
0.914839
0.459654
0.586416
0.105412
0.369494
0.520337
0.030954
0.188865
0.139466
0.435146
0.944799
0.839583
0.882452
0.369015
0.648764
0.941403
0.432099
0.873438
0.069310
0.151693
0.598291
0.128806
0.357090
0.329356
0.111785
0.989362
0.712797
0.096541
0.712524
0.571444
0.286277
0.258548
0.568886
0.305578
0.236496
0.657622
0.187414
0.985635
0.483043
0.771239
0.956811
0.589973
0.194033
0.852824
0.616242
0.577195
0.689121
0.376486
0.993956
0.544173
0.153044
0.433527
0.625202
0.740771
0.464297
0.022008
0.313337
0.328106
0.588596
0.186593
0.690622
0.081944
0.424774
0.397077
0.337052
0.709286
0.049293
0.942939
0.722027
0.632559
0.321706
0.088197
0.782405
0.494623
0.143464
0.920798
0.150502
0.980720
0.968697
0.425690
0.618740
0.453817
0.641118
0.440180
0.998743
0.513688
0.469446
0.579170
0.849987
0.298912
0.943583
0.306443
0.694573
0.482423
0.850490
0.376440
0.432656
0.344785
0.990034
0.032976
0.423503
0.007364
0.172147
0.904347
0.664127
0.604688
0.021283
0.499994
0.778334
0.057957
0.673478
0.714419
0.560182
0.448993
0.726510
0.229897
0.045775
0.039346
0.248053
0.715228
0.852008
0.741425
0.605465
0.261036
0.257334
0.743104
0.392222
0.401003
0.382531
0.642014
0.418415
0.517226
0.643540
0.699566
0.778313
0.233954
0.471002
0.200004
0.656626
0.155319
0.470224
0.913974
0.209700
0.638902
0.532887
0.122803
0.339883
0.842140
0.930164
0.212856
0.912895
0.391067
0.011657
0.771173
0.824426
0.543460
0.907928
0.172274
0.913835
0.148468
0.723946
0.708161
0.695095
0.128744
0.994008
0.184501
0.039684
0.633454
0.701718
0.994008
0.172234
0.810792
0.074400
0.895069
0.799641
0.448436
0.255157
0.997411
0.504659
0.540522
0.689372
0.651108
0.407088
0.602196
0.999073
0.335653
0.999073
0.009698
0.894441
0.195119
0.501229
0.367795
0.767934
0.410523
0.374530
0.700385
0.416281
0.077001
0.476064
0.828022
0.380572
0.731301
0.223834
0.683846
0.774042
0.787900
0.807884
0.448725
0.191018
0.130099
0.703914
0.386636
0.727918
0.002297
0.996717
0.260169
0.799376
0.222820
0.049933
0.925438
0.168726
0.011395
0.288419
0.787087
0.132166
0.967014
0.104359
0.435732
0.125674
0.294283
0.127663
0.114358
0.494612
0.504147
0.648124
0.403211
0.015349
0.402237
0.610996
0.680453
0.450599
0.932421
0.602101
0.163335
0.433002
0.381904
0.667423
0.867462
0.691326
0.752994
0.551143
0.678138
0.132839
0.721867
0.691997
0.135906
0.693131
0.549580
0.392109
0.718384
0.855452
0.064812
0.397638
0.136063
0.382361
0.236694
0.749538
0.810404
0.197331
0.179619
0.001418
0.594120
0.135013
0.833562
0.092604
0.508625
0.373397
0.680619
0.232861
0.017208
0.694985
0.455247
0.150731
0.542929
0.647181
0.982084
0.126073
0.564791
0.399358
0.241316
0.333334
0.049399
0.985635
0.249206
0.488150
0.435234
0.163742
0.138131
0.745625
0.653946
0.985518
0.694665
0.126309
0.908034
0.517220
0.486058
0.636108
0.260573
0.993512
0.043488
0.383310
0.102232
0.476423
0.310824
0.053610
0.416925
0.800371
0.683501
0.154980
0.713349
0.393457
0.377357
0.339727
0.346158
0.787491
0.234397
0.592284
0.338105
0.757418
0.644051
0.009137
0.712305
0.214161
0.202617
0.926403
0.004655
0.739770
0.815723
0.168927
0.998743
0.478804
0.235123
0.586883
0.470557
0.030824
0.739932
0.650126
0.373205
0.940825
0.161945
0.382625
0.172985
0.702328
0.059102
0.030503
0.667733
0.303298
0.060738
0.961700
0.655459
0.053500
0.006265
0.560799
0.737623
0.983235
0.666173
0.353135
0.510087
0.348511
0.534673
0.651424
0.564022
0.690188
0.124493
0.701804
0.062558
0.296490
0.396672
0.350365
0.417371
0.470069
0.433423
0.181877
0.679738
0.986982
0.268705
0.166325
0.223291
0.905774
0.755752
0.085003
0.129125
0.910459
0.222456
0.605040
0.900110
0.773042
0.237707
0.683916
0.869843
0.270825
0.577818
0.790073
0.056660
0.009830
0.968334
0.670371
0.102989
0.653486
0.344768
0.677260
0.381044
0.634521
0.707279
0.197760
0.612452
0.415626
0.695364
0.092100
0.449274
0.142877
0.333737
0.704901
0.114852
0.633454
0.249180
0.608703
0.053228
0.753624
0.224986
0.774224
0.649838
0.952190
0.004201
0.795071
0.495632
0.569757
0.151003
0.966545
0.312806
0.648301
0.396813
0.215177
0.528929
0.658399
0.426687
0.054106
0.304240
0.274592
0.753359
0.293100
0.587703
0.405752
0.224618
0.535723
0.069634
0.333739
0.893726
0.422716
0.427589
0.182661
0.543863
0.528824
0.458479
0.691968
0.320375
0.996717
0.156272
0.687750
0.996717
0.414332
0.314939
0.312805
0.755782
0.982411
0.149520
0.189860
0.086491
0.388298
0.074886
0.304239
0.423382
0.970767
0.447804
0.997217
0.728402
0.653220
0.139221
0.470131
0.198270
0.946734
0.217598
0.394172
0.610996
0.994746
0.315214
0.678405
0.525439
0.241148
0.404320
0.240373
0.855280
0.007332
0.020845
0.514637
0.597143
0.867768
0.012673
0.773499
0.078394
0.535188
0.691299
0.473806
0.058088
0.099263
0.677151
0.358316
0.489635
0.648482
0.686267
0.070912
0.293941
0.836752
0.284338
0.397651
0.390683
0.734510
0.369385
0.222857
0.978883
0.632867
0.862398
0.627541
0.773405
0.702529
0.420101
0.989362
0.361221
0.348393
0.810820
0.636088
0.313481
0.282928
0.310212
0.560197
0.245346
0.636437
0.607462
0.453695
0.541858
0.960945
0.668672
0.637782
0.747180
0.755683
0.446118
0.301219
0.684310
0.338777
0.532210
0.193232
0.089319
0.615642
0.011097
0.625202
0.417676
0.438580
0.434964
0.993512
0.180600
0.451959
0.313754
0.813423
0.372094
0.689192
0.381463
0.694902
0.065438
0.445847
0.619791
0.244695
0.979483
0.330608
0.322366
0.930905
0.584963
0.666907
0.942458
0.154224
0.565628
0.890700
0.443691
0.646643
0.326034
0.656070
0.452368
0.731357
0.088118
0.464002
0.630495
0.544838
0.240787
0.513244
0.660347
0.275665
0.931046
0.210848
0.990034
0.682551
0.702328
0.342192
0.184496
0.553292
0.584385
0.567438
0.080474
0.712773
0.073382
0.344174
0.118308
0.441617
0.675315
0.203356
0.812894
0.161294
0.452180
0.171230
0.916291
0.220651
0.275168
0.184171
0.893252
0.034880
0.836159
0.844635
0.583862
0.814387
0.218182
0.406397
0.804916
0.308122
0.515151
0.985227
0.074715
0.783910
0.780038
0.601897
0.738565
0.451781
0.015963
0.884163
0.143081
0.606123
0.860222
0.203775
0.648285
0.367576
0.680027
0.153291
0.491382
0.064596
0.523160
0.023905
0.183238
0.072947
0.105939
0.994278
0.430303
0.697615
0.464169
0.432410
0.082489
0.010317
0.374623
0.425367
0.066786
0.620739
0.669687
0.126571
0.735401
0.186732
0.942093
0.862793
0.663919
0.786083
0.856387
0.261493
0.846070
0.678380
0.541041
0.712081
0.232849
0.589289
0.179049
0.556369
0.613650
0.866195
0.312177
0.529095
0.953688
0.049002
0.562295
0.883648
0.672707
0.192348
0.863857
0.545267
0.820080
0.903844
0.461513
0.253794
0.463380
0.614610
0.234939
0.066787
0.779766
0.710159
0.925650
0.452318
0.081031
0.218634
0.384585
0.433997
0.112728
0.460898
0.122413
0.460314
0.000161
0.601235
0.198990
0.531045
0.936591
0.082675
0.303962
0.037070
0.206246
0.621543
0.651278
0.663306
0.640954
0.084022
0.676275
0.584162
0.366058
0.295279
0.149476
0.868997
0.545620
0.062903
0.185312
0.418810
0.568456
0.704057
0.108877
0.268666
0.310455
0.825912
0.666537
0.870266
0.480066
0.232066
0.121291
0.492647
0.555382
0.974526
0.243715
0.524861
0.349190
0.226663
0.654596
0.219780
0.979033
0.104155
0.655613
0.258571
0.893790
0.307331
0.350247
0.289034
0.997630
0.680287
0.704146
0.709271
0.684047
0.019131
0.313229
0.809123
0.417301
0.552798
0.843594
0.640289
0.037321
0.047851
0.170811
0.925749
0.570726
0.589181
0.139974
0.015078
0.403137
0.728223
0.527003
0.891159
0.510774
0.230163
0.137332
0.065285
0.721236
0.332457
0.758992
0.174314
0.196235
0.847522
0.637007
0.917731
0.283644
0.994292
0.639890
0.522559
0.204042
0.339206
0.194757
0.700671
0.442987
0.022623
0.528979
0.495163
0.295017
0.931101
0.603765
0.034223
0.996855
0.091178
0.701540
0.003862
0.996855
0.085747
0.382678
0.928510
0.145828
0.538623
0.742117
0.663925
0.591213
0.882153
0.654164
0.912449
0.197229
0.882339
0.037161
0.374583
0.568744
0.437201
0.998743
0.637447
0.307328
0.174848
0.636818
0.739942
0.352844
0.363669
0.744682
0.354063
0.110581
0.168569
0.080881
0.990034
0.346628
0.371141
0.834764
0.159882
0.396431
0.391402
0.345861
0.985354
0.658739
0.053911
0.844475
0.627907
0.606443
0.034065
0.504783
0.981242
0.494535
0.652601
0.362004
0.835094
0.449673
0.010517
0.954677
0.087634
0.375050
0.589995
0.844204
0.788578
0.315746
0.892128
0.658827
0.643491
0.740204
0.935170
0.128837
0.825077
0.655161
0.401771
0.624180
0.875866
0.223319
0.651196
0.449672
0.572823
0.596381
0.273103
0.467927
0.577369
0.740733
0.061437
0.028122
0.962437
0.477570
0.795776
0.811810
0.097531
0.994278
0.341068
0.056341
0.998659
0.451363
0.994278
0.701363
0.328465
0.418212
0.067844
0.350663
0.735401
0.994008
0.567237
0.924296
0.096334
0.200581
0.496448
0.100854
0.511650
0.407211
0.219992
0.116034
0.902910
0.592573
0.338356
0.400558
0.561375
0.847630
0.791803
0.845800
0.380724
0.566781
0.151847
0.135633
0.105964
0.758251
0.946323
0.416560
0.368867
0.560792
0.145975
0.423151
0.418107
0.527683
0.788535
0.354993
0.810133
0.876095
0.496025
0.622653
0.322097
0.543760
0.536251
0.998545
0.415185
0.457264
0.079663
0.413113
0.996717
0.345068
0.620823
0.531827
0.853523
0.346137
0.083525
0.192492
0.117810
0.128210
0.478313
0.521412
0.334215
0.203842
0.736805
0.703941
0.623639
0.690125
0.422491
0.212578
0.150419
0.460374
0.548383
0.864744
0.083108
0.756195
0.292937
0.833170
0.971280
0.792209
0.042459
0.213165
0.073412
0.557313
0.647790
0.301771
0.563325
0.232815
0.294906
0.475886
0.357935
0.827984
0.236929
0.890359
0.885684
0.714126
0.931344
0.664765
0.494984
0.640093
0.853013
0.499560
0.172216
0.373091
0.531861
0.022345
0.630193
0.641804
0.850260
0.659766
0.548010
0.907900
0.641043
0.506328
0.899826
0.596367
0.436292
0.753176
0.847835
0.975637
0.559953
0.183365
0.880158
0.442708
0.001529
0.802457
0.517973
0.955901
0.227551
0.259013
0.602972
0.741924
0.996447
0.236502
0.790493
0.221127
0.754859
0.964215
0.919951
0.367862
0.520630
0.868039
0.720385
0.074629
0.253915
0.021430
0.403730
0.685090
0.241686
0.145929
0.171111
0.099521
0.873276
0.298433
0.261543
0.047569
0.996855
0.430230
0.996855
0.219109
0.630763
0.950055
0.319815
0.490489
0.225512
0.640855
0.761213
0.700051
0.515468
0.012597
0.178251
0.015594
0.742767
0.570854
0.177639
0.753876
0.099588
0.138099
0.578043
0.764049
0.800349
0.801453
0.188589
0.134692
0.762968
0.455269
0.309515
0.577471
0.844815
0.725192
0.422257
0.943100
0.339269
0.371535
0.521983
0.985354
0.367916
0.712134
0.350614
0.675126
0.234387
0.767707
0.541296
0.045236
0.130286
0.440084
0.709392
0.661859
0.426280
0.059349
0.899008
0.863829
0.638420
0.560100
0.105094
0.779498
0.365157
0.830777
0.749459
0.359831
0.056944
0.610572
0.458195
0.731242
0.129082
0.649775
0.542615
0.798949
0.976413
0.941348
0.175884
0.291434
0.546042
0.384167
0.480347
0.382184
0.940298
0.299352
0.517754
0.429415
0.767133
0.312716
0.954400
0.596388
0.194390
0.370567
0.825800
0.205673
0.760283
0.563999
0.142773
0.329458
0.561223
0.271957
0.239192
0.216706
0.417654
0.335986
0.416693
0.024973
0.054202
0.807545
0.767735
0.907453
0.540446
0.854934
0.035637
0.374238
0.991222
0.181617
0.447396
0.320477
0.582150
0.034554
0.220869
0.712920
0.461195
0.937530
0.400178
0.044028
0.071086
0.202853
0.285402
0.204326
0.527066
0.217850
0.579759
0.105354
0.398499
0.681803
0.608484
0.858115
0.330042
0.454525
0.270708
0.413817
0.385806
0.784223
0.517634
0.869942
0.474947
0.417013
0.998545
0.694396
0.149357
0.029023
0.713560
0.640418
0.924406
0.271764
0.258900
0.436668
0.822319
0.678229
0.336834
0.021220
0.209217
0.911333
0.869054
0.068744
0.602052
0.519747
0.165011
0.958825
0.588379
0.717974
0.865376
0.471479
0.340968
0.437772
0.438776
0.668017
0.547472
0.793090
0.068229
0.415322
0.667657
0.196366
0.038450
0.954419
0.537670
0.528003
0.743715
0.845547
0.062180
0.305424
0.929568
0.954486
0.105263
0.198464
0.849114
0.065296
0.290560
0.860322
0.416789
0.633786
0.128530
0.186414
0.361939
0.539132
0.128327
0.570440
0.175667
0.587885
0.045599
0.660995
0.583783
0.599034
0.683960
0.555459
0.314321
0.009345
0.772354
0.932647
0.430296
0.927570
0.745452
0.312914
0.009046
0.011467
0.168640
0.544714
0.932472
0.504496
0.279207
0.709971
0.143647
0.270115
0.159423
0.486324
0.482059
0.733294
0.010338
0.281167
0.861752
0.911290
0.500407
0.698373
0.755268
0.713211
0.656960
0.190433
0.367143
0.411457
0.342171
0.993512
0.441947
0.090097
0.878380
0.398482
0.154061
0.396799
0.452510
0.403660
0.622378
0.605909
0.328148
0.178895
0.980342
0.615498
0.045689
0.907110
0.183656
0.371974
0.127741
0.145258
0.010452
0.945012
0.276766
0.118198
0.220149
0.015169
0.095183
0.517582
0.679077
0.278297
0.397519
0.646206
0.368925
0.188913
0.925248
0.812683
0.127626
0.948170
0.064982
0.696914
0.308117
0.502422
0.223906
0.620570
0.571925
0.296926
0.246159
0.553040
0.255454
0.393812
0.349506
0.874028
0.368773
0.454674
0.741349
0.172884
0.629329
0.686641
0.406735
0.845259
0.724838
0.157381
0.805286
0.373390
0.949109
0.159790
0.976691
0.469648
0.408320
0.443175
0.935942
0.119393
0.866538
0.152081
0.247475
0.931687
0.834578
0.417111
0.550870
0.712292
0.593820
0.309562
0.884498
0.751780
0.501379
0.719643
0.824980
0.851469
0.737509
0.212403
0.748268
0.885151
0.947718
0.914745
0.487884
0.569834
0.583806
0.083641
0.179711
0.585244
0.202095
0.277265
0.049919
0.840188
0.497233
0.254802
0.112364
0.994008
0.110651
0.143403
0.347869
0.090333
0.657083
0.461730
0.904857
0.600130
0.605141
0.709024
0.534193
0.134562
0.107991
0.067507
0.260670
0.853772
0.628649
0.547340
0.847738
0.880350
0.614895
0.185271
0.929425
0.342566
0.434554
0.012786
0.490558
0.205942
0.863919
0.799966
0.235665
0.986211
0.142331
0.127398
0.622839
0.334756
0.030332
0.651699
0.931103
0.019674
0.054146
0.611998
0.089456
0.693668
0.060038
0.122940
0.385420
0.996717
0.152602
0.120419
0.661501
0.474357
0.207596
0.265714
0.322521
0.084780
0.223703
0.299117
0.089350
0.705423
0.398504
0.366892
0.720501
0.292283
0.308316
0.971711
0.813736
0.471646
0.427107
0.525078
0.728951
0.659005
0.175185
0.089771
0.948019
0.027743
0.711374
0.400810
0.403956
0.621052
0.791551
0.762868
0.649244
0.602489
0.224097
0.068176
0.372442
0.535305
0.333164
0.413898
0.747751
0.893837
0.482325
0.308187
0.244789
0.826726
0.875049
0.410626
0.213637
0.205928
0.717083
0.560730
0.467856
0.261066
0.753696
0.147309
0.937436
0.778753
0.458316
0.285813
0.773036
0.963553
0.696442
0.158632
0.117850
0.243052
0.890146
0.077562
0.225756
0.236123
0.105862
0.675353
0.708509
0.983618
0.545362
0.435984
0.923089
0.409486
0.772674
0.076960
0.878710
0.513518
0.215721
0.131761
0.641266
0.986849
0.520191
0.461253
0.289711
0.749832
0.355968
0.348370
0.401937
0.721583
0.740632
0.326333
0.742406
0.691403
0.503514
0.253597
0.703395
0.868754
0.378179
0.975708
0.776219
0.900061
0.833423
0.839049
0.239776
0.557693
0.927900
0.357147
0.462452
0.267395
0.353730
0.232109
0.714882
0.266442
0.867140
0.327608
0.286103
0.439613
0.214639
0.124054
0.120715
0.889981
0.268013
0.142362
0.039212
0.120675
0.442054
0.197549
0.195751
0.464262
0.874577
0.435699
0.688717
0.995284
0.044918
0.954771
0.528589
0.873953
0.317525
0.935406
0.607137
0.421155
0.219967
0.369564
0.488942
0.177089
0.046330
0.331055
0.009437
0.992532
0.715393
0.705630
0.633816
0.001502
0.766001
0.241636
0.869496
0.028595
0.698144
0.252536
0.529969
0.825025
0.582686
0.680180
0.227924
0.066134
0.425835
0.449752
0.284486
0.304620
0.073023
0.083981
0.409484
0.532426
0.153147
0.051360
0.216456
0.350546
0.096690
0.368606
0.885901
0.120785
0.307317
0.774945
0.371232
0.932346
0.369808
0.572342
0.742036
0.712480
0.228220
0.037434
0.191102
0.835531
0.608870
0.234817
0.304346
0.739178
0.557122
0.362603
0.419057
0.309179
0.462944
0.418804
0.442138
0.406027
0.734912
0.988478
0.653952
0.402909
0.252588
0.794344
0.268961
0.065979
0.329767
0.389884
0.488718
0.184656
0.733007
0.328359
0.146480
0.630329
0.828679
0.914373
0.868125
0.655847
0.014253
0.543883
0.958208
0.450888
0.777444
0.333599
0.811658
0.574951
0.096676
0.085400
0.959813
0.397496
0.634693
0.410027
0.389570
0.125758
0.029985
0.735175
0.410169
0.366193
0.698066
0.708159
0.115584
0.692853
0.132727
0.625140
0.578302
0.733248
0.311401
0.889832
0.001148
0.133213
0.131216
0.609139
0.334238
0.794901
0.298361
0.447290
0.099752
0.592123
0.318959
0.480483
0.403534
0.755165
0.587722
0.003839
0.081683
0.334901
0.608698
0.228205
0.602865
0.520573
0.485189
0.624962
0.878610
0.795846
0.963379
0.463792
0.701729
0.740821
0.721118
0.449324
0.090342
0.240969
0.289702
0.715930
0.145910
0.173239
0.777691
0.811212
0.469317
0.389627
0.512818
0.333521
0.847265
0.703806
0.493052
0.059649
0.496854
0.660595
0.656044
0.227875
0.860986
0.294212
0.521099
0.293623
0.299562
0.881883
0.838353
0.191251
0.586895
0.506304
0.345765
0.565150
0.999467
0.738943
0.138747
0.983706
0.790519
0.105845
0.262470
0.997565
0.434461
0.393048
0.593255
0.323990
0.242625
0.566824
0.047055
0.002075
0.506008
0.565208
0.433065
0.735973
0.622563
0.085693
0.433867
0.300998
0.678486
0.363732
0.037299
0.639624
0.171982
0.720574
0.019793
0.200899
0.623860
0.696553
0.243853
0.529279
0.663485
0.004965
0.799888
0.071736
0.412761
0.566154
0.722291
0.128882
0.098280
0.282535
0.998600
0.732322
0.709198
0.266684
0.342142
0.801403
0.325478
0.864857
0.431254
0.882234
0.361177
0.096172
0.100639
0.663180
0.894965
0.212546
0.220448
0.341669
0.813270
0.954806
0.939789
0.678998
0.671871
0.616009
0.716184
0.633040
0.494157
0.289976
0.901832
0.935617
0.715140
0.637869
0.825773
0.004881
0.745371
0.995696
0.020701
0.341577
0.313221
0.406114
0.384358
0.408459
0.572181
0.613556
0.580408
0.917549
0.661107
0.072848
0.457030
0.168370
0.398918
0.733576
0.788320
0.793647
0.447121
0.713472
0.563518
0.664054
0.346555
0.839831
0.922001
0.451039
0.995779
0.597747
0.091202
0.102010
0.047861
0.688459
0.612796
0.134822
0.584740
0.423139
0.605476
0.832563
0.802219
0.319932
0.127579
0.473528
0.869299
0.889463
0.453106
0.757762
0.475389
0.177772
0.302081
0.167779
0.757017
0.286145
0.734810
0.367990
0.344569
0.702106
0.306708
0.994008
0.114140
0.988478
0.243721
0.536001
0.197320
0.914699
0.271150
0.933870
0.743509
0.261313
0.240413
0.749101
0.555900
0.907365
0.336725
0.673096
0.774151
0.806621
0.621704
0.279225
0.047002
0.766230
0.933575
0.516265
0.616854
0.154576
0.746542
0.737998
0.316522
0.168857
0.764095
0.559141
0.543033
0.645139
0.593346
0.070616
0.452396
0.985175
0.712654
0.142844
0.688764
0.682090
0.218445
0.339825
0.459871
0.430217
0.996717
0.127093
0.017686
0.180166
0.333469
0.364601
0.668772
0.942057
0.235417
0.831924
0.099836
0.077823
0.189538
0.626720
0.724298
0.896081
0.618924
0.188990
0.946927
0.325685
0.438197
0.726950
0.849567
0.606877
0.066421
0.960964
0.248227
0.199359
0.406767
0.619338
0.643675
0.333083
0.789090
0.927971
0.386024
0.571675
0.477792
0.411633
0.849085
0.449651
0.717036
0.425129
0.052446
0.115268
0.347702
0.035560
0.251739
0.615890
0.765141
0.592524
0.427526
0.176341
0.659118
0.651830
0.324292
0.257004
0.297097
0.283277
0.154394
0.307880
0.929239
0.478123
0.954635
0.640434
0.511709
0.518878
0.640285
0.832404
0.816901
0.320992
0.171322
0.690246
0.603711
0.469261
0.274482
0.404909
0.984739
0.404210
0.075892
0.812360
0.600372
0.572053
0.134637
0.866043
0.120503
0.116307
0.793980
0.585151
0.398917
0.874571
0.360911
0.463571
0.082961
0.234095
0.676697
0.993512
0.364644
0.678518
0.921709
0.777089
0.632929
0.166904
0.433867
0.891643
0.009278
0.080360
0.484704
0.906494
0.798827
0.632101
0.256522
0.675194
0.465310
0.671295
0.691855
0.429052
0.342516
0.429745
0.381143
0.631355
0.165030
0.300319
0.702517
0.293021
0.697756
0.371685
0.801367
0.604567
0.662231
0.162338
0.230993
0.947589
0.167947
0.301363
0.910156
0.726574
0.035926
0.550402
0.620504
0.359492
0.045275
0.587893
0.098754
0.893145
0.080326
0.907043
0.240381
0.136006
0.731502
0.270340
0.453296
0.735375
0.249363
0.324336
0.496462
0.512102
0.003634
0.918618
0.611288
0.570612
0.830460
0.875725
0.481856
0.966369
0.356964
0.391948
0.226020
0.804432
0.239230
0.114773
0.923196
0.705924
0.827136
0.427563
0.652428
0.349789
0.337554
0.496914
0.162456
0.954840
0.859189
0.858215
0.840715
0.983474
0.281954
0.869935
0.886110
0.143708
0.317902
0.131052
0.007227
0.592249
0.607433
0.287301
0.628810
0.979826
0.353895
0.893223
0.357061
0.122342
0.043954
0.225586
0.737959
0.728020
0.553799
0.466877
0.994008
0.448899
0.099038
0.291130
0.448375
0.286259
0.610426
0.350136
0.754206
0.371888
0.214738
0.102171
0.383752
0.950346
0.650233
0.511925
0.926629
0.455764
0.097079
0.838316
0.369157
0.691467
0.350509
0.451739
0.644428
0.819709
0.549838
0.006981
0.718766
0.650731
0.067544
0.137681
0.770236
0.978595
0.446786
0.452785
0.483744
0.680666
0.379713
0.576800
0.338579
0.431862
0.415626
0.429011
0.117392
0.998545
0.409251
0.278049
0.116946
0.398184
0.309835
0.598139
0.919207
0.484925
0.188326
0.744624
0.529522
0.027304
0.535593
0.081506
0.482529
0.459079
0.938066
0.439732
0.565935
0.786765
0.047190
0.753228
0.317247
0.415949
0.408375
0.950127
0.564063
0.951312
0.886203
0.836595
0.248250
0.936216
0.925818
0.570774
0.176015
0.148808
0.108333
0.415832
0.364707
0.136813
0.263501
0.251774
0.050430
0.148893
0.697590
0.456688
0.999821
0.420007
0.424968
0.535193
0.491950
0.813588
0.859058
0.204840
0.011714
0.470408
0.898420
0.264741
0.515200
0.748229
0.476983
0.313112
0.158735
0.739603
0.647460
0.225244
0.729155
0.747905
0.467658
0.817834
0.085496
0.619436
0.224669
0.461625
0.347472
0.717211
0.591104
0.648153
0.710642
0.131162
0.358228
0.838666
0.597254
0.662081
0.706001
0.808932
0.217874
0.856564
0.669374
0.433052
0.525656
0.950548
0.977030
0.437067
0.744634
0.335413
0.579864
0.348246
0.371699
0.676154
0.422706
0.901720
0.754373
0.493330
0.963754
0.010535
0.446066
0.486249
0.880894
0.510198
0.399859
0.129289
0.186628
0.691049
0.542783
0.346939
0.800743
0.009151
0.984828
0.393411
0.858072
0.903918
0.799792
0.103476
0.201118
0.054174
0.477778
0.192535
0.399523
0.954659
0.475886
0.812292
0.167561
0.976069
0.410191
0.389663
0.399759
0.255746
0.512315
0.119286
0.198897
0.655647
0.774586
0.670448
0.444151
0.587771
0.057830
0.277297
0.525480
0.606755
0.323281
0.511102
0.161430
0.264918
0.405941
0.651725
0.200536
0.288325
0.639411
0.626705
0.383068
0.912483
0.565404
0.565570
0.283053
0.696416
0.105162
0.082462
0.555511
0.781949
0.922311
0.419183
0.847667
0.583156
0.801238
0.069841
0.884355
0.965628
0.533154
0.388173
0.567717
0.027383
0.921396
0.000873
0.122183
0.528205
0.013073
0.163507
0.222161
0.471490
0.007548
0.987005
0.188129
0.446481
0.752060
0.972349
0.675262
0.447307
0.626383
0.650695
0.427387
0.341435
0.804162
0.827079
0.669956
0.041073
0.767629
0.568572
0.032708
0.039686
0.428948
0.141883
0.994008
0.162550
0.996993
0.214273
0.957584
0.599960
0.639178
0.345825
0.898007
0.194716
0.243532
0.557194
0.052152
0.950397
0.240121
0.817434
0.275837
0.720435
0.791587
0.230196
0.148001
0.727849
0.857325
0.484740
0.668602
0.451479
0.081643
0.404912
0.656895
0.999940
0.500677
0.891307
0.184531
0.747648
0.802375
0.707644
0.431082
0.433438
0.161365
0.449359
0.704383
0.167429
0.985175
0.093833
0.369802
0.540509
0.182584
0.988884
0.472775
0.424456
0.569101
0.855425
0.941860
0.083527
0.181079
0.302403
0.854271
0.705321
0.519131
0.850396
0.655092
0.638654
0.833764
0.212997
0.859724
0.781344
0.672004
0.734282
0.266964
0.365604
0.837684
0.179544
0.416632
0.074540
0.595011
0.547595
0.924669
0.321379
0.877299
0.462777
0.365247
0.577454
0.272035
0.891085
0.373994
0.140436
0.552667
0.999821
0.687797
0.272385
0.160678
0.710772
0.862212
0.956845
0.702155
0.532005
0.813598
0.014820
0.316298
0.783472
0.607965
0.137372
0.090661
0.042166
0.381573
0.862872
0.218013
0.328562
0.448105
0.451192
0.621433
0.891701
0.436839
0.029089
0.076681
0.553572
0.391551
0.894704
0.589327
0.474069
0.068272
0.019918
0.339669
0.791789
0.024116
0.201453
0.462473
0.989109
0.454992
0.474562
0.189642
0.209359
0.015846
0.097426
0.302563
0.650227
0.237429
0.404379
0.391540
0.847506
0.383808
0.611017
0.704987
0.437493
0.333663
0.467397
0.115134
0.022274
0.658357
0.214739
0.491658
0.535060
0.013381
0.558441
0.634364
0.829830
0.689794
0.262260
0.405573
0.034728
0.914369
0.166261
0.104742
0.699670
0.514947
0.089643
0.872367
0.270903
0.451462
0.588688
0.464748
0.601162
0.479551
0.014610
0.469142
0.045179
0.560891
0.455255
0.892134
0.640710
0.682455
0.882956
0.539204
0.370125
0.787850
0.083865
0.516146
0.387393
0.771519
0.118886
0.527262
0.984751
0.529882
0.243973
0.888443
0.334277
0.178701
0.524111
0.534458
0.614750
0.853179
0.413437
0.673110
0.440682
0.033197
0.934800
0.423598
0.095042
0.809572
0.849524
0.776121
0.707520
0.236604
0.571076
0.667384
0.731881
0.224120
0.746791
0.041769
0.213408
0.522960
0.096370
0.432088
0.249873
0.152515
0.175374
0.693663
0.983605
0.759122
0.131730
0.939046
0.866438
0.437161
0.882928
0.669525
0.226879
0.267306
0.585193
0.602326
0.361996
0.676452
0.151841
0.064514
0.357287
0.571746
0.249044
0.428288
0.097278
0.088795
0.730473
0.556914
0.568404
0.685273
0.118494
0.994008
0.683151
0.248176
0.403099
0.443011
0.546879
0.859256
0.652419
0.994290
0.742820
0.146353
0.027873
0.254624
0.700311
0.621709
0.241830
0.310397
0.283662
0.989256
0.605516
0.123206
0.031218
0.923454
0.527516
0.901176
0.952241
0.543669
0.643602
0.088611
0.014515
0.301158
0.384840
0.698024
0.980934
0.059105
0.502192
0.428530
0.530225
0.148611
0.706912
0.220160
0.578357
0.618347
0.546231
0.544709
0.271071
0.988884
0.699494
0.105383
0.358271
0.158464
0.988884
0.549263
0.037651
0.811330
0.433959
0.614679
0.078267
0.837222
0.284200
0.186889
0.170338
0.696882
0.193583
0.974193
0.489809
0.729488
0.833632
0.452890
0.464600
0.121544
0.102144
0.363997
0.437874
0.017040
0.565141
0.908515
0.794284
0.718265
0.368536
0.073997
0.798457
0.608466
0.452560
0.713944
0.702423
0.631387
0.122336
0.230736
0.554328
0.674358
0.274593
0.715631
0.930621
0.132277
0.040026
0.006859
0.561639
0.439784
0.693964
0.716932
0.663582
0.898625
0.820235
0.527812
0.256674
0.582478
0.023948
0.679163
0.633272
0.911131
0.310051
0.984197
0.645547
0.129382
0.358263
0.114675
0.609070
0.041396
0.016384
0.217442
0.999467
0.607200
0.067486
0.092667
0.650811
0.618695
0.360862
0.965792
0.410859
0.736263
0.450159
0.781428
0.820989
0.570963
0.441071
0.557282
0.507980
0.010882
0.178323
0.297368
0.840469
0.136642
0.842384
0.708852
0.239825
0.414102
0.356435
0.821599
0.428874
0.639196
0.886488
0.920401
0.115221
0.509664
0.823132
0.479061
0.796429
0.404948
0.202184
0.341224
0.183108
0.283958
0.405112
0.992666
0.663456
0.587511
0.748468
0.442487
0.397733
0.052859
0.725475
0.229843
0.126004
0.179386
0.998514
0.406277
0.557778
0.515975
0.965429
0.233076
0.840759
0.433979
0.360153
0.803839
0.613733
0.485176
0.657588
0.417644
0.557307
0.631202
0.385224
0.294987
0.687873
0.197868
0.480066
0.644647
0.152237
0.685326
0.269943
0.480349
0.586730
0.696997
0.050462
0.656529
0.811988
0.110274
0.435585
0.599745
0.459349
0.385897
0.694598
0.211510
0.041019
0.610542
0.093046
0.610135
0.669040
0.421832
0.473772
0.420740
0.926649
0.650850
0.230685
0.904890
0.970992
0.923969
0.150959
0.059496
0.751376
0.862812
0.500066
0.948797
0.440103
0.816435
0.093590
0.595439
0.456513
0.414202
0.383801
0.923437
0.341663
0.435881
0.113846
0.992375
0.092902
0.086507
0.011715
0.484594
0.385697
0.282425
0.893417
0.007131
0.744955
0.520345
0.591674
0.343650
0.327050
0.693521
0.330490
0.700107
0.233695
0.895920
0.307417
0.542651
0.304144
0.045915
0.338907
0.226729
0.192486
0.217060
0.468811
0.126283
0.699449
0.458091
0.419271
0.667463
0.366033
0.362510
0.144721
0.010014
0.935590
0.877084
0.735596
0.688230
0.208773
0.157012
0.695220
0.914763
0.812631
0.194275
0.852029
0.200998
0.553147
0.897323
0.025129
0.821220
0.060476
0.389288
0.423792
0.660223
0.988884
0.443738
0.356167
0.285473
0.416460
0.312096
0.170571
0.742343
0.315676
0.165359
0.847593
0.215115
0.063270
0.953456
0.632375
0.403474
0.344303
0.664819
0.292395
0.670933
0.298444
0.746436
0.422534
0.385777
0.266400
0.418559
0.725029
0.917628
0.207564
0.057503
0.869639
0.436698
0.381405
0.054166
0.864899
0.017388
0.983026
0.491114
0.470526
0.268052
0.851848
0.384162
0.116211
0.855989
0.618640
0.434959
0.191033
0.904937
0.945845
0.328122
0.617017
0.142874
0.934196
0.340632
0.740921
0.248445
0.009371
0.595140
0.175368
0.759844
0.719571
0.037053
0.433631
0.635132
0.031585
0.157618
0.011744
0.691803
0.342445
0.234914
0.275622
0.046993
0.048273
0.799421
0.971844
0.754740
0.344188
0.672455
0.257188
0.591165
0.479086
0.773378
0.652961
0.749236
0.695678
0.989109
0.609698
0.758898
0.813600
0.834636
0.982152
0.553450
0.432558
0.888898
0.581613
0.835784
0.849261
0.662830
0.952570
0.455792
0.003114
0.243267
0.689371
0.413053
0.941175
0.105095
0.756776
0.600606
0.326342
0.420908
0.760713
0.290224
0.449237
0.798828
0.210048
0.208374
0.227839
0.633545
0.736723
0.412038
0.512471
0.547719
0.414060
0.276109
0.708027
0.277850
0.582050
0.092411
0.943497
0.045164
0.486580
0.709214
0.283343
0.436060
0.886769
0.085951
0.167924
0.723637
0.363523
0.012787
0.882214
0.296508
0.932746
0.491968
0.734007
0.372142
0.308545
0.025998
0.435459
0.437858
0.428551
0.084854
0.487274
0.422183
0.410958
0.933763
0.123810
0.732434
0.721092
0.776567
0.042914
0.703169
0.020133
0.932524
0.762527
0.092398
0.480836
0.599786
0.195522
0.640980
0.685844
0.985091
0.124890
0.697933
0.986234
0.241228
0.381424
0.296044
0.372242
0.619523
0.328841
0.006088
0.491362
0.508316
0.003114
0.739929
0.276010
0.328548
0.942302
0.135210
0.138717
0.011620
0.838429
0.795200
0.709197
0.880611
0.170535
0.257918
0.560913
0.555822
0.638926
0.672567
0.274140
0.871787
0.792556
0.306039
0.612935
0.210027
0.372503
0.041896
0.730133
0.329156
0.239776
0.088255
0.045861
0.176038
0.384658
0.236922
0.551379
0.838424
0.856029
0.443573
0.785982
0.847481
0.040843
0.378981
0.619201
0.851409
0.963507
0.757583
0.227059
0.949482
0.169225
0.677176
0.717551
0.186428
0.670625
0.819134
0.238101
0.394487
0.848752
0.251256
0.926693
0.565685
0.442764
0.755800
0.009920
0.867742
0.781735
0.006109
0.577518
0.708531
0.510574
0.141010
0.003360
0.877641
0.397514
0.047696
0.025015
0.988884
0.294497
0.988884
0.561958
0.515321
0.261657
0.523940
0.375125
0.760732
0.363244
0.495230
0.797474
0.026991
0.054526
0.097943
0.340734
0.844998
0.686356
0.417513
0.012642
0.480715
0.274768
0.943319
0.236067
0.354251
0.304836
0.668836
0.220172
0.055425
0.958417
0.112551
0.618398
0.883552
0.147373
0.270809
0.450372
0.483655
0.033467
0.228731
0.646387
0.216427
0.021020
0.929885
0.271958
0.113038
0.244219
0.162824
0.612875
0.459317
0.922593
0.911149
0.481489
0.604848
0.070061
0.236119
0.376330
0.176006
0.968638
0.088395
0.018193
0.987133
0.197276
0.624729
0.654742
0.395187
0.984197
0.118081
0.516083
0.067828
0.421610
0.192209
0.655287
0.978315
0.424540
0.412458
0.038754
0.147127
0.804309
0.864694
0.381588
0.535151
0.889495
0.695010
0.975504
0.921898
0.534922
0.395643
0.425357
0.385759
0.417673
0.223729
0.857863
0.758387
0.103173
0.969456
0.007073
0.071838
0.584171
0.448647
0.726388
0.150465
0.950302
0.531248
0.180620
0.919140
0.290492
0.746521
0.686027
0.489554
0.840239
0.708289
0.827850
0.227966
0.595892
0.656128
0.992666
0.423025
0.572634
0.331397
0.681609
0.345243
0.385803
0.534716
0.571827
0.124727
0.799413
0.530558
0.998514
0.449602
0.083843
0.453886
0.614102
0.200373
0.838408
0.272106
0.068273
0.766173
0.105131
0.550723
0.198668
0.192437
0.978145
0.088396
0.528382
0.297039
0.732092
0.991225
0.113474
0.486206
0.837266
0.969017
0.792226
0.915905
0.334694
0.470678
0.117912
0.348056
0.880086
0.833369
0.449009
0.685420
0.912318
0.113938
0.347084
0.601085
0.196679
0.155392
0.427392
0.068446
0.142254
0.425468
0.447933
0.469676
0.131426
0.606677
0.117482
0.356256
0.841944
0.814877
0.060955
0.688725
0.288333
0.911014
0.913886
0.320571
0.140795
0.054454
0.099444
0.397326
0.854482
0.634303
0.458541
0.438870
0.786508
0.676427
0.712423
0.497389
0.064831
0.432196
0.930032
0.132128
0.065534
0.288072
0.455455
0.447777
0.982158
0.249013
0.257457
0.913562
0.749621
0.064415
0.321666
0.562737
0.303143
0.640472
0.057255
0.016830
0.059667
0.446952
0.948161
0.682441
0.446843
0.330862
0.586135
0.824210
0.528257
0.067470
0.733889
0.716071
0.038465
0.575910
0.997470
0.171643
0.915647
0.968346
0.020159
0.286799
0.927357
0.230803
0.417643
0.677884
0.418908
0.649998
0.015772
0.085909
0.821899
0.767727
0.115031
0.082129
0.467650
0.242152
0.471299
0.265037
0.587543
0.439093
0.956491
0.382643
0.136193
0.045112
0.386324
0.985839
0.679601
0.308433
0.066276
0.423431
0.481486
0.578039
0.060526
0.605974
0.682619
0.990077
0.404562
0.654710
0.067209
0.666656
0.020694
0.031935
0.100375
0.820005
0.073588
0.610601
0.630872
0.992598
0.269776
0.268490
0.119115
0.506217
0.092236
0.773377
0.726098
0.809658
0.600770
0.881729
0.076031
0.996952
0.718512
0.288146
0.056159
0.140707
0.319757
0.779460
0.195356
0.969576
0.045427
0.917609
0.040960
0.338333
0.068612
0.139332
0.445459
0.074036
0.908206
0.621599
0.751614
0.465343
0.027470
0.730216
0.203062
0.412368
0.033826
0.369559
0.221662
0.340894
0.079209
0.718053
0.567597
0.647712
0.709938
0.650002
0.777351
0.390066
0.845310
0.762942
0.911008
0.264288
0.818358
0.759935
0.616857
0.320392
0.548429
0.104452
0.558274
0.931631
0.661897
0.979954
0.541999
0.128371
0.671585
0.194703
0.525835
0.246220
0.476664
0.107830
0.587273
0.012223
0.867320
0.016478
0.010469
0.669212
0.137062
0.781424
0.152200
0.434152
0.772313
0.564184
0.653257
0.340305
0.440363
0.983247
0.705448
0.836097
0.047901
0.898706
0.910048
0.338236
0.207830
0.827953
0.575044
0.367483
0.404117
0.151997
0.008861
0.958802
0.317395
0.060831
0.249958
0.431684
0.556906
0.422635
0.106495
0.451428
0.148635
0.557674
0.109511
0.899936
0.478082
0.412799
0.857211
0.362760
0.088073
0.552636
0.110245
0.738566
0.711468
0.361207
0.675677
0.744441
0.195339
0.029034
0.163044
0.933658
0.104410
0.813753
0.514468
0.454978
0.638052
0.546721
0.620179
0.739873
0.321837
0.347223
0.983224
0.103242
0.985091
0.350337
0.057041
0.485091
0.998541
0.129236
0.112186
0.851002
0.655622
0.007663
0.770034
0.058330
0.051256
0.408503
0.007133
0.110473
0.679538
0.123197
0.513304
0.120877
0.102809
0.734745
0.055865
0.463130
0.559271
0.363041
0.806188
0.431900
0.985283
0.383427
0.228175
0.869027
0.122130
0.451434
0.599771
0.430204
0.470803
0.192987
0.361869
0.635900
0.054144
0.462773
0.701420
0.327434
0.132506
0.554171
0.990561
0.171499
0.934518
0.294140
0.911214
0.174415
0.325404
0.175102
0.806283
0.978714
0.168019
0.557928
0.149833
0.421980
0.034417
0.935716
0.234510
0.163212
0.421825
0.345115
0.951415
0.371494
0.309208
0.010012
0.569328
0.612686
0.599229
0.140760
0.183022
0.736118
0.685210
0.171824
0.880136
0.438801
0.950145
0.848108
0.375052
0.114539
0.809867
0.904840
0.808902
0.349798
0.217842
0.396263
0.803184
0.120584
0.752795
0.523714
0.386551
0.091562
0.969789
0.768667
0.318751
0.140623
0.935957
0.629385
0.096864
0.258627
0.997448
0.245693
0.220880
0.834797
0.815579
0.617846
0.829478
0.511662
0.112447
0.704464
0.421818
0.431090
0.342389
0.207617
0.401630
0.280575
0.404887
0.712552
0.457512
0.574265
0.520039
0.954930
0.085138
0.454932
0.728515
0.377793
0.979182
0.945006
0.245220
0.659156
0.050705
0.701691
0.025277
0.091475
0.044635
0.601177
0.482384
0.864268
0.085958
0.075232
0.567602
0.397979
0.026201
0.282478
0.715698
0.333707
0.596349
0.436291
0.984197
0.700344
0.439417
0.618052
0.229213
0.885223
0.612835
0.495247
0.528047
0.402395
0.019290
0.468577
0.093382
0.131430
0.840550
0.338924
0.202656
0.847288
0.095789
0.520125
0.781995
0.174766
0.682559
0.209112
0.769508
0.092836
0.969169
0.476559
0.108189
0.652189
0.735212
0.865440
0.237388
0.789409
0.670408
0.270472
0.651647
0.715420
0.838977
0.546915
0.229165
0.611435
0.078459
0.379694
0.051209
0.066675
0.203949
0.271967
0.275132
0.419769
0.965899
0.597092
0.458041
0.047798
0.406502
0.431794
0.710961
0.108362
0.379690
0.455917
0.084129
0.752357
0.456285
0.591680
0.016936
0.657037
0.001077
0.961177
0.139306
0.695710
0.264560
0.285014
0.777865
0.774523
0.619840
0.319510
0.527111
0.487233
0.189150
0.990658
0.440353
0.381848
0.720841
0.058278
0.702267
0.649114
0.191701
0.005934
0.338413
0.456466
0.387486
0.654048
0.714970
0.744349
0.581358
0.454719
0.658375
0.629520
0.401276
0.364050
0.323238
0.441695
0.406979
0.163587
0.195114
0.601573
0.378901
0.305570
0.511493
0.380061
0.641070
0.417387
0.768650
0.578621
0.114058
0.736435
0.980935
0.634609
0.410199
0.286585
0.650335
0.890809
0.247511
0.766930
0.321746
0.508996
0.313106
0.120917
0.969094
0.217755
0.524894
0.335766
0.035271
0.218411
0.236509
0.888063
0.242192
0.402599
0.437870
0.007354
0.192206
0.108692
0.556418
0.191879
0.468468
0.519144
0.243456
0.249736
0.655129
0.222331
0.708410
0.327648
0.979166
0.967683
0.741783
0.005071
0.338571
0.646885
0.709296
0.911160
0.068536
0.740605
0.138078
0.459834
0.862951
0.798581
0.681202
0.640434
0.759398
0.425341
0.581153
0.523589
0.691085
0.774404
0.031239
0.784053
0.245385
0.078914
0.658789
0.394545
0.116212
0.350991
0.763527
0.239826
0.956858
0.313001
0.995757
0.690144
0.149935
0.876648
0.111460
0.230149
0.821508
0.384801
0.914611
0.696100
0.107679
0.395075
0.900208
0.097422
0.133429
0.755451
0.173256
0.944962
0.171591
0.026618
0.327628
0.404772
0.255982
0.000878
0.293455
0.679856
0.718334
0.101039
0.023920
0.820203
0.664021
0.734681
0.748777
0.397356
0.932842
0.632461
0.288428
0.913657
0.330102
0.651574
0.383636
0.635722
0.196146
0.167592
0.908832
0.224128
0.735201
0.729477
0.067676
0.418607
0.067533
0.822510
0.943551
0.932594
0.755800
0.166946
0.930170
0.470664
0.530048
0.196867
0.292535
0.919918
0.462648
0.262556
0.960063
0.040124
0.410677
0.360771
0.484580
0.723831
0.390236
0.154809
0.529722
0.861615
0.494956
0.803570
0.972011
0.965500
0.250885
0.011644
0.641689
0.084533
0.182895
0.635844
0.391136
0.450481
0.741642
0.208216
0.407679
0.877976
0.579025
0.035225
0.932266
0.083466
0.012447
0.312261
0.947780
0.902771
0.673984
0.016232
0.043603
0.382050
0.570561
0.017022
0.545277
0.664358
0.450328
0.358364
0.316210
0.468651
0.684019
0.351702
0.258721
0.427281
0.412752
0.615019
0.439807
0.450481
0.402476
0.845389
0.777850
0.632787
0.334995
0.931338
0.794372
0.939499
0.970763
0.776642
0.863645
0.615526
0.912973
0.256871
0.595464
0.970756
0.940542
0.124318
0.235301
0.363581
0.550073
0.059252
0.643061
0.447639
0.628239
0.697507
0.258065
0.108045
0.835281
0.190345
0.054708
0.734280
0.176265
0.990658
0.385305
0.154075
0.392111
0.464263
0.339543
0.849843
0.876087
0.962568
0.621604
0.675260
0.154876
0.838462
0.160390
0.651929
0.736363
0.471715
0.574485
0.484808
0.159080
0.959677
0.232850
0.079096
0.462317
0.985091
0.601573
0.521142
0.674863
0.630523
0.417283
0.814321
0.831330
0.186313
0.616169
0.141173
0.695808
0.493183
0.598804
0.601490
0.715169
0.733844
0.241059
0.310809
0.975088
0.708125
0.816070
0.754518
0.675995
0.367448
0.916653
0.041781
0.264332
0.425510
0.990121
0.257577
0.381749
0.999487
0.013414
0.367686
0.636285
0.048358
0.867425
0.401389
0.316476
0.112332
0.140225
0.870738
0.268434
0.365433
0.705806
0.387473
0.673717
0.665841
0.467450
0.578770
0.329419
0.297142
0.940350
0.399446
0.896638
0.235091
0.356548
0.674243
0.593442
0.716513
0.965469
0.854973
0.464854
0.019046
0.130542
0.367887
0.110027
0.355681
0.701502
0.002170
0.141109
0.986642
0.654934
0.658789
0.380705
0.258096
0.879740
0.355159
0.570695
0.166991
0.349594
0.348467
0.995757
0.180773
0.358665
0.272654
0.856789
0.767211
0.743960
0.391193
0.328310
0.419244
0.751313
0.701474
0.603989
0.736347
0.740678
0.576280
0.748652
0.667495
0.891949
0.603275
0.764364
0.040499
0.797232
0.376748
0.002142
0.628284
0.721129
0.886409
0.476211
0.881150
0.017815
0.565179
0.206870
0.930606
0.206312
0.316110
0.296904
0.465744
0.850203
0.669615
0.006708
0.955732
0.422004
0.621389
0.335226
0.179004
0.871689
0.835575
0.914282
0.655337
0.889014
0.855833
0.533145
0.942356
0.935326
0.509770
0.591658
0.987211
0.462419
0.002170
0.012999
0.428798
0.930823
0.624345
0.729190
0.682835
0.005567
0.526677
0.508653
0.069089
0.186929
0.658666
0.669947
0.054006
0.347898
0.190523
0.768749
0.397452
0.283340
0.247717
0.497172
0.349861
0.117804
0.955958
0.610251
0.241030
0.750128
0.639644
0.294491
0.622393
0.242615
0.227153
0.841497
0.057138
0.811388
0.802229
0.296175
0.550148
0.457647
0.533601
0.162775
0.365920
0.727289
0.681170
0.674410
0.989342
0.170708
0.015079
0.352733
0.463311
0.904898
0.369289
0.605377
0.892638
0.940162
0.193172
0.735489
0.930267
0.533113
0.672906
0.119634
0.513599
0.906618
0.652642
0.828521
0.629023
0.050773
0.797563
0.487655
0.749535
0.449516
0.942347
0.945517
0.895715
0.779442
0.439603
0.728234
0.399593
0.610542
0.265448
0.871061
0.500970
0.543595
0.887387
0.625513
0.737174
0.581399
0.147264
0.991694
0.111312
0.057421
0.464524
0.991225
0.185150
0.489855
0.211383
0.399524
0.892765
0.313945
0.551452
0.800308
0.922641
0.775536
0.798566
0.253676
0.036010
0.262396
0.704981
0.526802
0.448024
0.138831
0.502957
0.362508
0.347372
0.364314
0.275955
0.154611
0.799150
0.521861
0.670406
0.811197
0.060227
0.759737
0.856514
0.368839
0.269544
0.274805
0.431199
0.574456
0.718797
0.101552
0.956449
0.327566
0.823111
0.073955
0.818402
0.698229
0.976362
0.634206
0.524638
0.310550
0.712724
0.199298
0.706709
0.745079
0.743009
0.178953
0.932604
0.303064
0.055879
0.853346
0.243986
0.881987
0.759301
0.772432
0.896847
0.553466
0.502234
0.736489
0.404757
0.187217
0.348053
0.589252
0.796103
0.560605
0.203154
0.478250
0.397430
0.166555
0.079040
0.222508
0.412913
0.239494
0.323035
0.337325
0.150673
0.106236
0.471595
0.447726
0.295886
0.868668
0.094978
0.100366
0.394421
0.741002
0.130307
0.599642
0.403069
0.767158
0.437003
0.237031
0.933027
0.514011
0.995757
0.164855
0.655207
0.192179
0.399332
0.483302
0.727440
0.193261
0.126432
0.707398
0.746319
0.500436
0.212134
0.702453
0.180544
0.427280
0.457475
0.114157
0.443041
0.881761
0.112267
0.006240
0.483678
0.267107
0.722095
0.610719
0.517381
0.892337
0.630528
0.434121
0.189927
0.733441
0.404820
0.719961
0.619088
0.751103
0.117564
0.526421
0.831199
0.389588
0.955165
0.506657
0.956022
0.718988
0.727045
0.634188
0.141168
0.907246
0.504451
0.713730
0.668218
0.021450
0.858879
0.784051
0.285070
0.746235
0.828346
0.539075
0.073463
0.630756
0.732874
0.099764
0.429931
0.949831
0.566224
0.526065
0.306949
0.583916
0.917343
0.783219
0.015181
0.431422
0.976954
0.813315
0.575784
0.812346
0.564123
0.731356
0.203735
0.720958
0.623077
0.730498
0.541155
0.402933
0.037592
0.332427
0.207468
0.951189
0.331345
0.184736
0.985513
0.733302
0.342158
0.721885
0.993673
0.372175
0.577432
0.978509
0.330895
0.322870
0.895183
0.678314
0.240262
0.105894
0.086160
0.785567
0.645373
0.046369
0.363335
0.553823
0.043228
0.710444
0.666704
0.251365
0.946338
0.235917
0.648381
0.916180
0.187482
0.030036
0.706869
0.364714
0.989166
0.324035
0.168037
0.676788
0.826384
0.187044
0.667790
0.924898
0.089019
0.701080
0.067274
0.610892
0.910387
0.916572
0.454073
0.389022
0.455048
0.992630
0.435349
0.573634
0.715953
0.176656
0.252807
0.893298
0.602620
0.854129
0.783186
0.811780
0.749612
0.453103
0.656034
0.949680
0.150748
0.150316
0.502622
0.528301
0.864634
0.436410
0.173536
0.748016
0.347521
0.198348
0.951365
0.395101
0.579201
0.747248
0.709911
0.391307
0.731890
0.013493
0.925270
0.715999
0.830041
0.604777
0.558053
0.757890
0.563315
0.615920
0.369901
0.417679
0.734364
0.268560
0.542154
0.769339
0.442183
0.500143
0.158192
0.990644
0.115589
0.740134
0.868215
0.146554
0.793530
0.689810
0.847859
0.915300
0.074659
0.084325
0.008541
0.009003
0.965660
0.243058
0.990121
0.412623
0.008917
0.530357
0.304653
0.913262
0.196755
0.175962
0.365580
0.329473
0.194343
0.916596
0.464318
0.136995
0.701464
0.293420
0.018104
0.367936
0.354585
0.375231
0.304809
0.193186
0.818404
0.215684
0.320130
0.496137
0.541591
0.297787
0.484912
0.706936
0.878041
0.454356
0.473353
0.709871
0.647745
0.095691
0.146903
0.903309
0.147325
0.628040
0.898862
0.879912
0.958305
0.852194
0.467687
0.039715
0.651929
0.561639
0.090755
0.444238
0.085525
0.169449
0.125959
0.432375
0.709714
0.063805
0.374057
0.487489
0.623778
0.199046
0.595213
0.649804
0.531423
0.224449
0.680096
0.804301
0.962828
0.648140
0.058509
0.784291
0.776954
0.018938
0.861618
0.643753
0.363184
0.428797
0.390511
0.978635
0.110652
0.566402
0.822902
0.151496
0.549273
0.056660
0.647699
0.681200
0.004352
0.823069
0.836779
0.564229
0.234804
0.347724
0.844749
0.306152
0.379514
0.489899
0.860903
0.718006
0.333992
0.127592
0.310599
0.188769
0.587087
0.733420
0.449810
0.407453
0.654084
0.876767
0.847860
0.461601
0.308703
0.706043
0.726203
0.327319
0.025011
0.315846
0.800409
0.293334
0.745487
0.433435
0.434666
0.240848
0.569850
0.691172
0.402535
0.704687
0.159038
0.244957
0.608195
0.401328
0.939924
0.495856
0.895332
0.916878
0.121116
0.250298
0.153576
0.103714
0.552245
0.874935
0.852082
0.898159
0.462102
0.661359
0.594427
0.678817
0.422300
0.453226
0.412301
0.952621
0.405475
0.523071
0.070511
0.100914
0.604821
0.897057
0.102603
0.842942
0.386895
0.900230
0.185770
0.890403
0.686494
0.330933
0.994291
0.003981
0.847288
0.769604
0.696529
0.210860
0.490971
0.884756
0.569967
0.396890
0.645274
0.037421
0.677284
0.139014
0.179754
0.010662
0.101280
0.429806
0.712631
0.742052
0.799940
0.241380
0.836426
0.018691
0.332039
0.748276
0.962796
0.595647
0.539400
0.977053
0.428033
0.714371
0.914470
0.621504
0.522075
0.210848
0.424278
0.117071
0.019532
0.327542
0.716646
0.965084
0.236798
0.501482
0.404852
0.056276
0.422544
0.450954
0.312412
0.042287
0.639108
0.066973
0.007040
0.431729
0.611027
0.909285
0.305731
0.691228
0.377354
0.095890
0.881630
0.468520
0.481585
0.171557
0.135277
0.740498
0.534016
0.082371
0.642163
0.949448
0.875033
0.356502
0.086192
0.044522
0.991009
0.600740
0.512805
0.399353
0.208404
0.535667
0.160700
0.403592
0.797472
0.418349
0.279207
0.487974
0.592993
0.913088
0.227836
0.051205
0.025660
0.215990
0.073415
0.287045
0.934129
0.553137
0.197253
0.092040
0.457518
0.721799
0.402214
0.367932
0.222251
0.639669
0.718955
0.847040
0.324983
0.473638
0.064131
0.045435
0.032446
0.779850
0.157658
0.950211
0.067749
0.399108
0.481212
0.361487
0.151022
0.615109
0.839968
0.334518
0.126317
0.530929
0.244350
0.659294
0.242769
0.969388
0.427444
0.390357
0.210187
0.407574
0.239328
0.824061
0.561441
0.951421
0.205604
0.098833
0.366537
0.813650
0.331576
0.710788
0.888614
0.833028
0.450777
0.472979
0.396633
0.654185
0.528487
0.164215
0.994585
0.716117
0.298600
0.594766
0.745944
0.615393
0.326161
0.645617
0.627889
0.310429
0.072678
0.639142
0.632969
0.841602
0.356658
0.784573
0.506412
0.998349
0.068679
0.243870
0.582453
0.153965
0.204714
0.337441
0.121828
0.503338
0.032845
0.062484
0.176983
0.351197
0.359624
0.579547
0.735426
0.566155
0.784210
0.505554
0.429152
0.866003
0.708363
0.259167
0.759282
0.174664
0.703309
0.914236
0.460974
0.502972
0.760232
0.419850
0.016772
0.499209
0.636147
0.664298
0.154443
0.154667
0.671242
0.069718
0.323090
0.085429
0.161919
0.701089
0.733249
0.282225
0.608106
0.310995
0.349304
0.756841
0.634583
0.335562
0.933988
0.555236
0.807172
0.924847
0.235243
0.230808
0.564585
0.923655
0.717110
0.372785
0.842782
0.257211
0.332636
0.459745
0.163464
0.679997
0.353678
0.033448
0.622491
0.271029
0.227120
0.701813
0.993673
0.030303
0.703415
0.086681
0.473239
0.815092
0.912679
0.438676
0.014914
0.075957
0.572844
0.881448
0.873027
0.028110
0.088460
0.994291
0.179985
0.406636
0.131334
0.530068
0.916793
0.299041
0.531313
0.741063
0.276635
0.245087
0.246931
0.426167
0.233155
0.428015
0.895644
0.325232
0.343888
0.469244
0.026876
0.095273
0.290319
0.072104
0.239631
0.697132
0.112069
0.470147
0.658843
0.514983
0.594929
0.303602
0.681932
0.152580
0.340966
0.940005
0.237322
0.118786
0.196777
0.105776
0.786454
0.822884
0.663788
0.026144
0.258195
0.493514
0.165242
0.400759
0.336931
0.843890
0.397983
0.150185
0.512596
0.295060
0.300005
0.742398
0.443849
0.587265
0.060587
0.695880
0.557680
0.140378
0.278997
0.813644
0.905193
0.035784
0.327702
0.446922
0.780973
0.185945
0.730754
0.343713
0.081369
0.820880
0.008742
0.702198
0.674768
0.484952
0.346241
0.004546
0.977257
0.096040
0.530909
0.610153
0.829439
0.915608
0.116921
0.259187
0.750725
0.293592
0.197902
0.449684
0.844948
0.494664
0.101248
0.016563
0.487061
0.617654
0.700973
0.441482
0.739500
0.334493
0.780967
0.297687
0.792617
0.738347
0.502090
0.131906
0.474788
0.281613
0.071508
0.937684
0.568622
0.629689
0.859199
0.116247
0.226957
0.136230
0.397470
0.636112
0.227437
0.348570
0.706277
0.183655
0.068921
0.401760
0.934591
0.424864
0.608691
0.387521
0.714244
0.324397
0.220695
0.585101
0.153800
0.848568
0.941564
0.526480
0.488994
0.090899
0.345292
0.353136
0.180870
0.846692
0.382122
0.461057
0.134211
0.995757
0.482822
0.414324
0.206869
0.489677
0.370765
0.712862
0.390215
0.465226
0.368811
0.302959
0.250042
0.353246
0.906655
0.172081
0.426765
0.964232
0.889276
0.264569
0.978929
0.415623
0.348850
0.700648
0.465255
0.693731
0.507623
0.736805
0.059452
0.931728
0.403841
0.567470
0.064375
0.359719
0.603736
0.934813
0.585401
0.776520
0.974180
0.094999
0.348066
0.665439
0.198491
0.783509
0.592157
0.256464
0.502826
0.833411
0.306997
0.780023
0.356915
0.891286
0.437679
0.363705
0.047149
0.280806
0.440761
0.349771
0.341627
0.430622
0.962719
0.891879
0.193872
0.990138
0.610299
0.432322
0.160223
0.680661
0.813894
0.745535
0.009675
0.377644
0.261656
0.359167
0.405688
0.595286
0.128685
0.157029
0.827214
0.812204
0.124757
0.979467
0.631889
0.087311
0.940609
0.375298
0.886109
0.751645
0.613022
0.444905
0.310643
0.765344
0.165734
0.710282
0.567341
0.289586
0.464423
0.760538
0.662906
0.624501
0.878402
0.604827
0.631857
0.038434
0.097564
0.464867
0.916647
0.675566
0.774439
0.662759
0.430031
0.132364
0.303127
0.653762
0.427382
0.413207
0.254313
0.287397
0.106303
0.883142
0.946254
0.515964
0.191830
0.233794
0.436642
0.779097
0.620818
0.218130
0.016062
0.906918
0.525973
0.541343
0.634124
0.403523
0.196789
0.677428
0.426420
0.096292
0.776261
0.661884
0.389384
0.074169
0.409264
0.658679
0.280855
0.958053
0.663174
0.734461
0.077438
0.893235
0.105373
0.570851
0.060567
0.418104
0.141318
0.566269
0.334370
0.864316
0.898476
0.952473
0.099890
0.860101
0.565111
0.942386
0.168527
0.628422
0.560093
0.783944
0.636400
0.742695
0.293668
0.402991
0.550946
0.081708
0.324836
0.544420
0.269020
0.528285
0.595341
0.167019
0.565921
0.208858
0.462444
0.000324
0.738510
0.108288
0.434274
0.552049
0.830539
0.410424
0.903624
0.367763
0.869554
0.213685
0.636336
0.629914
0.863698
0.015482
0.232797
0.365190
0.282198
0.572024
0.043322
0.965903
0.400542
0.552834
0.480918
0.466780
0.999601
0.004584
0.713814
0.999601
0.021664
0.704536
0.865467
0.367544
0.279905
0.837144
0.525257
0.106985
0.755607
0.684897
0.432262
0.839883
0.693090
0.532173
0.239589
0.373298
0.657903
0.076161
0.455163
0.633490
0.820712
0.886455
0.471528
0.639045
0.064320
0.908940
0.194823
0.134306
0.426884
0.643415
0.363316
0.896847
0.245134
0.001024
0.706525
0.157945
0.993388
0.243178
0.131881
0.087196
0.569219
0.262548
0.569745
0.296676
0.579875
0.588813
0.563746
0.206076
0.006382
0.838597
0.422199
0.438470
0.443974
0.387807
0.354870
0.431486
0.148129
0.342120
0.146473
0.985858
0.156159
0.442541
0.247311
0.436055
0.050402
0.530661
0.591524
0.431894
0.432217
0.998349
0.645549
0.348850
0.954784
0.349716
0.230430
0.179575
0.327458
0.403779
0.762105
0.844141
0.041343
0.303632
0.024799
0.639644
0.035642
0.650095
0.385577
0.568275
0.806700
0.121776
0.176778
0.762807
0.514632
0.948483
0.540185
0.567940
0.445111
0.663319
0.039345
0.981572
0.121561
0.961837
0.393193
0.554041
0.738268
0.448296
0.448289
0.610299
0.057740
0.444773
0.701578
0.725018
0.431190
0.115680
0.014711
0.833066
0.172117
0.317872
0.058684
0.481858
0.887047
0.241076
0.354725
0.875457
0.213327
0.460410
0.741449
0.694191
0.972885
0.797194
0.545246
0.764435
0.535590
0.971538
0.918082
0.222763
0.631203
0.859614
0.962478
0.612410
0.498987
0.026102
0.482879
0.168230
0.438963
0.948435
0.412993
0.409291
0.299828
0.043637
0.236224
0.799604
0.646090
0.653249
0.479628
0.246126
0.653762
0.994291
0.401400
0.058413
0.719658
0.914435
0.383852
0.437955
0.060508
0.557388
0.419656
0.530972
0.297919
0.528149
0.465905
0.838260
0.944304
0.566498
0.839886
0.156762
0.679998
0.105435
0.342301
0.965383
0.957155
0.097076
0.013220
0.827410
0.542495
0.847728
0.193010
0.899085
0.376252
0.682360
0.037686
0.947786
0.483447
0.101625
0.776402
0.670935
0.207393
0.292424
0.479539
0.354748
0.246993
0.725097
0.236729
0.050485
0.668830
0.795387
0.904519
0.239623
0.078804
0.835451
0.374800
0.657346
0.119896
0.972817
0.710613
0.029412
0.602731
0.266134
0.990854
0.168449
0.361478
0.408170
0.966519
0.874371
0.893342
0.535100
0.247448
0.826236
0.316507
0.902022
0.970753
0.060545
0.046917
0.071774
0.432854
0.108868
0.023402
0.371595
0.600811
0.055491
0.525162
0.862739
0.031763
0.297502
0.643989
0.464519
0.720075
0.003784
0.861344
0.058105
0.630272
0.268502
0.501066
0.358002
0.442009
0.030317
0.977708
0.431116
0.895942
0.149947
0.005885
0.424513
0.517759
0.541540
0.365982
0.402870
0.681384
0.012095
0.274040
0.623832
0.309947
0.977461
0.729442
0.632118
0.201147
0.510466
0.094949
0.355772
0.704303
0.454627
0.375460
0.676967
0.226846
0.117985
0.003500
0.807861
0.270759
0.437440
0.681614
0.460856
0.334293
0.769163
0.506624
0.274143
0.311987
0.000072
0.336386
0.969541
0.419044
0.144548
0.830795
0.261107
0.259034
0.378887
0.777135
0.768908
0.698763
0.994585
0.720215
0.710250
0.118616
0.659963
0.063493
0.995300
0.144342
0.700908
0.545804
0.154514
0.231750
0.737674
0.833477
0.130280
0.545392
0.466407
0.431701
0.123393
0.782824
0.976174
0.742558
0.482350
0.775577
0.706694
0.488319
0.360493
0.140329
0.020305
0.882611
0.253701
0.393635
0.560754
0.271066
0.627520
0.292950
0.685808
0.618084
0.680069
0.919662
0.495847
0.487739
0.854428
0.474305
0.310908
0.060922
0.624828
0.907609
0.454299
0.150709
0.185522
0.624068
0.122204
0.533698
0.494049
0.500098
0.197734
0.990138
0.650802
0.432278
0.057469
0.842086
0.811977
0.635776
0.932869
0.264563
0.999305
0.067446
0.596353
0.743246
0.608278
0.358031
0.805005
0.611324
0.890044
0.495025
0.477137
0.155868
0.618951
0.637748
0.479691
0.253306
0.154761
0.675862
0.223565
0.160541
0.622199
0.430430
0.869854
0.732752
0.962180
0.123008
0.170465
0.685818
0.018570
0.089341
0.669477
0.245786
0.899942
0.703986
0.910230
0.965744
0.021569
0.104583
0.441056
0.610607
0.127612
0.994291
0.032044
0.388827
0.550502
0.901986
0.375233
0.463387
0.708441
0.162085
0.965519
0.236338
0.111649
0.005400
0.396047
0.161172
0.231613
0.734317
0.313927
0.029514
0.616970
0.868187
0.847076
0.436142
0.871578
0.797381
0.552871
0.770674
0.221340
0.267516
0.039241
0.162829
0.017101
0.922156
0.382075
0.272420
0.859957
0.344771
0.940405
0.141980
0.666772
0.783222
0.946099
0.022050
0.236841
0.320107
0.098227
0.936555
0.414353
0.149430
0.588343
0.624961
0.553472
0.235631
0.520774
0.022606
0.331097
0.038297
0.054971
0.811283
0.273431
0.429951
0.752879
0.275879
0.282620
0.582146
0.765175
0.274123
0.694494
0.785688
0.822793
0.896049
0.552843
0.164692
0.435108
0.235771
0.043971
0.224158
0.888911
0.795274
0.701254
0.991252
0.482459
0.609869
0.226173
0.447798
0.290428
0.246344
0.852175
0.453990
0.747030
0.942984
0.232706
0.051061
0.548492
0.197965
0.855959
0.445608
0.889850
0.978214
0.576898
0.834301
0.176016
0.120822
0.971985
0.160655
0.379217
0.686365
0.932987
0.962870
0.434508
0.547817
0.402025
0.903076
0.736767
0.956944
0.448803
0.514953
0.925365
0.342506
0.991904
0.718937
0.450001
0.831613
0.957474
0.706808
0.370820
0.900784
0.800642
0.023975
0.659905
0.196955
0.539327
0.172955
0.126253
0.678844
0.893481
0.513283
0.153158
0.231314
0.579439
0.861451
0.370861
0.401389
0.374401
0.281096
0.078104
0.622165
0.629409
0.380782
0.273334
0.430629
0.342694
0.919183
0.162025
0.065929
0.387460
0.092147
0.702060
0.430528
0.578056
0.190511
0.784437
0.530985
0.221913
0.007554
0.032109
0.998349
0.069370
0.367496
0.557002
0.558801
0.696160
0.552133
0.665393
0.294236
0.730656
0.237390
0.075325
0.892296
0.663880
0.019654
0.874267
0.403271
0.069423
0.577641
0.738308
0.014082
0.169394
0.396366
0.439551
0.156398
0.205134
0.821034
0.006567
0.878932
0.436204
0.186307
0.644549
0.351906
0.674169
0.141175
0.559542
0.293996
0.134803
0.244290
0.884829
0.402342
0.292789
0.293372
0.866084
0.431601
0.044311
0.951854
0.017084
0.395669
0.709737
0.494208
0.584820
0.704955
0.978008
0.278755
0.734306
0.243336
0.939388
0.915097
0.703262
0.396246
0.693458
0.486433
0.846758
0.075613
0.005653
0.250839
0.287763
0.929571
0.827216
0.537514
0.091537
0.693870
0.497054
0.303709
0.504703
0.527790
0.682220
0.676775
0.342499
0.234321
0.175171
0.846839
0.803762
0.932842
0.670382
0.994291
0.438110
0.157144
0.260600
0.195279
0.356252
0.403249
0.197777
0.568852
0.507484
0.361184
0.299413
0.192788
0.762404
0.080430
0.066660
0.277667
0.163439
0.905278
0.645854
0.110714
0.681134
0.037176
0.946596
0.524084
0.888858
0.645054
0.747585
0.285896
0.394231
0.887011
0.830151
0.518497
0.475540
0.069810
0.763909
0.201124
0.394040
0.742403
0.804080
0.100827
0.914301
0.639349
0.425028
0.479721
0.879622
0.562656
0.628871
0.705895
0.698580
0.065873
0.010274
0.429196
0.561019
0.529055
0.416807
0.422860
0.842799
0.280866
0.566103
0.611000
0.404648
0.025216
0.423194
0.195201
0.016742
0.951579
0.120141
0.828104
0.905006
0.084800
0.440928
0.546589
0.106945
0.492755
0.982595
0.932820
0.138741
0.796680
0.232972
0.150616
0.088973
0.944046
0.529992
0.211793
0.246839
0.129305
0.850337
0.088694
0.574136
0.852136
0.138706
0.303343
0.099016
0.951473
0.565056
0.010593
0.988350
0.658878
0.176934
0.394308
0.721606
0.685869
0.498187
0.125921
0.003987
0.552812
0.173743
0.829300
0.616101
0.034667
0.842219
0.512474
0.081830
0.791239
0.212515
0.744763
0.360161
0.563198
0.865372
0.128761
0.729329
0.643567
0.212899
0.366311
0.567791
0.251530
0.297161
0.413123
0.049100
0.593980
0.127130
0.152155
0.375663
0.090298
0.679537
0.440714
0.338110
0.272493
0.302087
0.405433
0.684995
0.912124
0.304598
0.792262
0.903326
0.258298
0.531101
0.724249
0.244974
0.897441
0.838236
0.564865
0.883561
0.417842
0.193313
0.304586
0.125959
0.996498
0.400217
0.334598
0.136317
0.552385
0.588531
0.294755
0.424755
0.286185
0.819823
0.269496
0.899969
0.070602
0.676031
0.215035
0.981706
0.823720
0.833262
0.124817
0.992524
0.033750
0.062124
0.563009
0.292123
0.481421
0.515660
0.274442
0.251391
0.705995
0.751224
0.248218
0.991263
0.701193
0.240888
0.798147
0.874961
0.219242
0.980336
0.440378
0.649688
0.808393
0.167254
0.029921
0.329891
0.721835
0.994731
0.570531
0.117634
0.623329
0.826813
0.077877
0.167968
0.732557
0.627156
0.677618
0.884834
0.587686
0.841902
0.849544
0.706020
0.984509
0.200328
0.643288
0.357954
0.126522
0.357729
0.459888
0.545845
0.177504
0.426922
0.597386
0.623076
0.291136
0.630441
0.409236
0.782759
0.299261
0.651500
0.476863
0.637515
0.148295
0.529428
0.938916
0.220430
0.449690
0.643967
0.506140
0.465338
0.251632
0.500707
0.373782
0.357135
0.239123
0.064420
0.546177
0.416165
0.468508
0.795075
0.199744
0.994291
0.720520
0.155046
0.109640
0.149004
0.969783
0.490279
0.662710
0.489988
0.322499
0.651805
0.827425
0.723740
0.067909
0.030829
0.784937
0.473909
0.621289
0.512771
0.006264
0.222577
0.810414
0.672117
0.617245
0.937355
0.415368
0.981598
0.365411
0.922096
0.801275
0.347392
0.214960
0.997990
0.151900
0.621882
0.082370
0.073789
0.631869
0.076678
0.080035
0.845438
0.211824
0.317281
0.913385
0.146762
0.556109
0.106096
0.496297
0.992527
0.506696
0.711383
0.383910
0.901017
0.641072
0.504114
0.149382
0.247269
0.255816
0.230108
0.867489
0.638473
0.308465
0.948102
0.116043
0.053092
0.596490
0.661698
0.788519
0.967835
0.517339
0.910131
0.119692
0.388416
0.234551
0.604332
0.195047
0.961597
0.288399
0.395324
0.299177
0.901657
0.184647
0.395101
0.552307
0.230551
0.597884
0.799117
0.869857
0.409070
0.024043
0.406541
0.805903
0.727761
0.039502
0.331659
0.177541
0.470071
0.197349
0.838138
0.555552
0.178580
0.668006
0.808128
0.711295
0.659867
0.717256
0.340180
0.566040
0.450424
0.262982
0.423122
0.154812
0.615291
0.362182
0.986028
0.571539
0.477486
0.648925
0.415318
0.457369
0.678775
0.071186
0.406267
0.997627
0.043587
0.394282
0.997627
0.555658
0.433134
0.576890
0.815155
0.632736
0.754539
0.226220
0.456419
0.225892
0.606399
0.912324
0.942069
0.700095
0.811272
0.946119
0.957961
0.070641
0.231175
0.074216
0.539739
0.318554
0.616638
0.211858
0.882861
0.236446
0.567048
0.554037
0.656800
0.685372
0.997859
0.205105
0.130796
0.988023
0.584459
0.282232
0.458765
0.538885
0.740437
0.182768
0.945113
0.614239
0.292899
0.501216
0.538821
0.253284
0.092806
0.241701
0.211359
0.232982
0.705525
0.392400
0.992524
0.099756
0.624515
0.688935
0.734867
0.962201
0.018612
0.377782
0.752055
0.429560
0.281847
0.869412
0.958776
0.842628
0.957146
0.143461
0.432231
0.390581
0.343443
0.073985
0.769623
0.213052
0.171169
0.733963
0.469264
0.171729
0.875205
0.785043
0.376914
0.819740
0.901852
0.468753
0.566610
0.221428
0.393587
0.701220
0.053303
0.023062
0.150257
0.658230
0.740884
0.456769
0.091103
0.708979
0.042985
0.145786
0.871128
0.625523
0.318588
0.460856
0.470487
0.128086
0.796460
0.719210
0.172588
0.208301
0.335802
0.354777
0.197130
0.060893
0.009182
0.378686
0.386024
0.898613
0.501125
0.972202
0.767663
0.522029
0.729693
0.561469
0.047437
0.908686
0.816499
0.037890
0.823053
0.215545
0.059664
0.654913
0.046141
0.657929
0.770521
0.218347
0.136682
0.360717
0.693861
0.831941
0.820798
0.278235
0.078331
0.923649
0.228793
0.845665
0.742391
0.493308
0.722453
0.959926
0.495877
0.593899
0.198348
0.209592
0.940672
0.012541
0.119465
0.628366
0.758825
0.652064
0.721725
0.246302
0.234382
0.099578
0.729916
0.179657
0.187575
0.096919
0.244831
0.119723
0.327271
0.062975
0.704403
0.109034
0.959834
0.345555
0.191115
0.473886
0.849011
0.308175
0.296778
0.965783
0.480875
0.164408
0.522607
0.938929
0.338387
0.560707
0.513305
0.733400
0.679100
0.096430
0.736546
0.683244
0.487564
0.048286
0.079008
0.687078
0.420718
0.245757
0.236033
0.579137
0.619662
0.214656
0.969702
0.361666
0.572320
0.163274
0.020977
0.428865
0.138156
0.970655
0.331088
0.188064
0.543834
0.438410
0.361411
0.032950
0.455738
0.014313
0.085948
0.124549
0.416817
0.978931
0.065936
0.206438
0.597103
0.121945
0.124674
0.971853
0.004242
0.009924
0.111380
0.682387
0.376699
0.026035
0.637436
0.516858
0.397899
0.080212
0.282569
0.757580
0.693836
0.303370
0.382647
0.949575
0.488247
0.380673
0.639484
0.192770
0.826468
0.598192
0.148980
0.298198
0.744168
0.111584
0.710143
0.707288
0.394282
0.199328
0.927257
0.361867
0.165010
0.891394
0.324750
0.034721
0.576746
0.486925
0.475561
0.835392
0.746744
0.150919
0.824828
0.809779
0.953053
0.519619
0.405168
0.227892
0.668806
0.429812
0.726140
0.427244
0.320090
0.164205
0.490200
0.654734
0.291873
0.417424
0.235066
0.692659
0.720530
0.685162
0.518183
0.177348
0.859047
0.740546
0.046691
0.244852
0.625722
0.319925
0.180615
0.955124
0.097391
0.827081
0.684973
0.801312
0.623738
0.481772
0.017946
0.739730
0.450344
0.428730
0.447219
0.181720
0.191663
0.319750
0.157687
0.541977
0.454758
0.333312
0.181437
0.162689
0.800365
0.773801
0.715193
0.164798
0.085474
0.928131
0.299402
0.215819
0.076792
0.130417
0.367674
0.372147
0.089385
0.358980
0.738131
0.701666
0.942532
0.002627
0.621368
0.724276
0.867049
0.668289
0.218109
0.166012
0.346408
0.974242
0.530649
0.054218
0.846468
0.566657
0.224258
0.500033
0.617411
0.482173
0.090686
0.942643
0.477788
0.997712
0.212803
0.885072
0.314912
0.724522
0.868912
0.074092
0.418268
0.052415
0.593063
0.945728
0.772414
0.689745
0.904336
0.770097
0.251692
0.704538
0.547869
0.381593
0.319174
0.803561
0.152730
0.566308
0.733927
0.912358
0.239689
0.538433
0.420890
0.185398
0.223525
0.208596
0.672481
0.298562
0.651707
0.913769
0.706210
0.095041
0.840741
0.521599
0.882913
0.881108
0.233974
0.469770
0.040167
0.832745
0.365589
0.777966
0.218645
0.182291
0.164440
0.848001
0.468737
0.132461
0.842362
0.215134
0.193188
0.491483
0.119410
0.990525
0.716910
0.707943
0.122042
0.208747
0.955007
0.099038
0.464074
0.825300
0.712214
0.575346
0.179558
0.317913
0.835200
0.954562
0.908424
0.571642
0.013698
0.833571
0.520894
0.967262
0.116906
0.432268
0.510954
0.528470
0.886955
0.734964
0.575301
0.924369
0.072776
0.459368
0.428646
0.992903
0.309845
0.624103
0.685591
0.968364
0.683090
0.680427
0.600370
0.093018
0.468921
0.661255
0.746074
0.226635
0.782035
0.341395
0.761331
0.095195
0.919187
0.679731
0.192917
0.581337
0.683403
0.181461
0.363136
0.954778
0.522759
0.052706
0.925760
0.315942
0.609383
0.319179
0.310858
0.298333
0.214064
0.815213
0.582201
0.784417
0.487380
0.911251
0.854013
0.677204
0.330715
0.000868
0.898250
0.341628
0.889717
0.748147
0.715067
0.438912
0.398091
0.960501
0.418175
0.073402
0.069819
0.930180
0.317796
0.051313
0.020987
0.331262
0.160898
0.358741
0.702944
0.997627
0.046400
0.739197
0.315722
0.319843
0.059826
0.229821
0.728005
0.552050
0.972917
0.511237
0.879124
0.052370
0.832811
0.141056
0.140642
0.553547
0.095649
0.888767
0.303990
0.926096
0.037583
0.804129
0.646758
0.059567
0.902419
0.658356
0.776068
0.174437
0.325327
0.800921
0.801810
0.586117
0.120482
0.442604
0.163615
0.720530
0.183221
0.919398
0.857123
0.540624
0.892123
0.436987
0.896422
0.909811
0.235366
0.178157
0.892358
0.397823
0.251202
0.497694
0.044062
0.089816
0.470594
0.202811
0.696966
0.698650
0.537613
0.254586
0.700546
0.016525
0.305645
0.246734
0.545885
0.537428
0.833098
0.958468
0.656052
0.362023
0.052218
0.287552
0.737185
0.507759
0.837533
0.089436
0.804074
0.796850
0.739120
0.908721
0.338958
0.930068
0.439436
0.954902
0.031676
0.873155
0.172928
0.729196
0.215667
0.147431
0.730065
0.378802
0.208444
0.012536
0.558322
0.109663
0.921282
0.334451
0.462064
0.894075
0.952723
0.516142
0.334072
0.627670
0.915386
0.523402
0.800730
0.230501
0.066030
0.728461
0.692172
0.155295
0.374819
0.904603
0.153920
0.115340
0.550644
0.793879
0.277905
0.624653
0.163795
0.466531
0.363046
0.250867
0.913481
0.846396
0.817614
0.210092
0.172936
0.114454
0.020984
0.523334
0.716169
0.968079
0.888771
0.143241
0.853823
0.573324
0.884895
0.032088
0.056852
0.840623
0.733418
0.708106
0.360687
0.641439
0.272844
0.405475
0.863564
0.697079
0.921360
0.138240
0.264509
0.215856
0.972741
0.091862
0.542123
0.957110
0.793490
0.156563
0.327320
0.958792
0.550548
0.605915
0.403310
0.799314
0.958409
0.760688
0.315655
0.266234
0.021821
0.808363
0.894699
0.887965
0.677036
0.562698
0.292101
0.835730
0.646580
0.889215
0.731824
0.529185
0.750162
0.542106
0.252592
0.359812
0.122123
0.643470
0.561486
0.682896
0.522923
0.464277
0.374545
0.694756
0.431811
0.106140
0.296790
0.502037
0.837966
0.453923
0.507161
0.271380
0.560012
0.697238
0.739140
0.409385
0.205576
0.294297
0.870164
0.525296
0.954255
0.323684
0.046718
0.154955
0.114317
0.947559
0.230983
0.728561
0.005340
0.386572
0.022075
0.823294
0.279770
0.560313
0.102800
0.802892
0.424495
0.007914
0.823304
0.380121
0.721716
0.830622
0.747144
0.486602
0.223884
0.791079
0.053827
0.061639
0.871636
0.068881
0.974659
0.613168
0.552596
0.761609
0.005198
0.717425
0.442676
0.584703
0.916350
0.238817
0.904961
0.959061
0.115374
0.119228
0.157823
0.997627
0.358741
0.031528
0.658727
0.165063
0.461771
0.243062
0.483222
0.208775
0.688071
0.415422
0.944056
0.216628
0.333996
0.620898
0.908134
0.790984
0.039503
0.745613
0.070871
0.477922
0.625470
0.040838
0.302227
0.593786
0.662008
0.845106
0.270315
0.272880
0.946274
0.151058
0.525011
0.623392
0.318597
0.506319
0.614125
0.988023
0.452553
0.323249
0.888930
0.583604
0.918203
0.403251
0.058737
0.664152
0.798824
0.152271
0.347174
0.582180
0.259078
0.717869
0.415491
0.993526
0.715922
0.281319
0.640982
0.828273
0.464309
0.190171
0.916922
0.830272
0.020349
0.154580
0.754791
0.465008
0.015701
0.971399
0.543183
0.352922
0.829318
0.904020
0.745356
0.284574
0.456943
0.782436
0.386202
0.865805
0.548623
0.847303
0.947507
0.232451
0.125743
0.201876
0.539292
0.785638
0.502942
0.391804
0.714468
0.169633
0.509618
0.173824
0.847019
0.739259
0.945973
0.255012
0.224679
0.061560
0.048243
0.101142
0.773810
0.632173
0.208727
0.196150
0.479864
0.322964
0.289706
0.926617
0.668370
0.523208
0.686882
0.029430
0.430584
0.697878
0.522090
0.163160
0.910454
0.916451
0.300979
0.701740
0.195795
0.853847
0.590522
0.782310
0.191183
0.928323
0.851282
0.618935
0.591961
0.512947
0.543466
0.943543
0.661497
0.978090
0.946004
0.900024
0.655043
0.429518
0.795991
0.213916
0.885464
0.184250
0.907148
0.827419
0.525202
0.855571
0.797998
0.688271
0.456112
0.527210
0.252573
0.444010
0.969333
0.309633
0.176864
0.274751
0.771040
0.060327
0.015978
0.024210
0.940568
0.483350
0.132564
0.858604
0.823498
0.016798
0.298314
0.016239
0.916672
0.982478
0.558459
0.099259
0.941777
0.569107
0.044754
0.016764
0.320747
0.304934
0.545472
0.001378
0.205625
0.250618
0.110642
0.396640
0.107973
0.008394
0.356012
0.630100
0.783076
0.645635
0.217980
0.347868
0.601112
0.413483
0.351527
0.163931
0.664459
0.894618
0.410802
0.366995
0.875282
0.425886
0.723741
0.895710
0.222525
0.845482
0.093391
0.529053
0.429025
0.141794
0.214606
0.802856
0.698498
0.309809
0.679639
0.338743
0.533986
0.825880
0.313710
0.912552
0.103534
0.854465
0.294918
0.471954
0.529516
0.619560
0.694337
0.885807
0.133460
0.874591
0.853669
0.340811
0.421310
0.949607
0.890591
0.036288
0.521794
0.353061
0.186521
0.129310
0.454696
0.063236
0.427963
0.385589
0.801984
0.714482
0.710059
0.754229
0.863476
0.415570
0.798410
0.336080
0.714416
0.528451
0.420465
0.107357
0.744241
0.393555
0.504094
0.115724
0.477163
0.507230
0.749100
0.930216
0.973850
0.619697
0.727915
0.004865
0.841583
0.277187
0.043640
0.761299
0.274291
0.609143
0.850278
0.606742
0.274775
0.781265
0.132778
0.578476
0.934425
0.093775
0.362933
0.059456
0.750564
0.891431
0.595523
0.035598
0.322107
0.302745
0.086848
0.162314
0.239046
0.360813
0.676356
0.312410
0.162993
0.638741
0.904956
0.615796
0.561935
0.771755
0.381373
0.060797
0.317807
0.993526
0.687500
0.722483
0.464049
0.442248
0.409870
0.198219
0.518332
0.736456
0.294590
0.993393
0.117958
0.155657
0.854244
0.268587
0.452702
0.094561
0.158180
0.169210
0.754737
0.413901
0.036728
0.222884
0.445767
0.697274
0.586788
0.603377
0.482176
0.031327
0.789426
0.536844
0.495040
0.354204
0.073243
0.033279
0.425020
0.093939
0.565512
0.232926
0.715446
0.187765
0.856019
0.648184
0.032433
0.649979
0.684896
0.626355
0.051392
0.196708
0.488976
0.187213
0.393436
0.802075
0.833312
0.372023
0.155662
0.814438
0.406533
0.919287
0.233227
0.812460
0.571374
0.920949
0.840136
0.371171
0.996897
0.721401
0.345565
0.729959
0.206111
0.512850
0.533592
0.680300
0.969921
0.936743
0.431166
0.590364
0.165581
0.232750
0.430917
0.553611
0.059171
0.053482
0.795434
0.432222
0.273983
0.154666
0.485758
0.269722
0.002890
0.339864
0.561027
0.904262
0.050294
0.184277
0.085242
0.344118
0.472402
0.047228
0.471637
0.118586
0.347773
0.895106
0.150596
0.767085
0.459067
0.074874
0.003024
0.625477
0.314784
0.429102
0.531590
0.275995
0.508972
0.725024
0.855727
0.951040
0.789198
0.402638
0.905440
0.664670
0.869820
0.422104
0.981044
0.048153
0.839242
0.722794
0.952371
0.743467
0.676458
0.380813
0.837746
0.264049
0.232990
0.276421
0.360294
0.265262
0.730203
0.436939
0.091674
0.024599
0.156776
0.605856
0.210083
0.257150
0.574550
0.078123
0.203717
0.375766
0.509650
0.930255
0.510711
0.434938
0.936100
0.128752
0.303875
0.806864
0.576577
0.210389
0.090011
0.458577
0.934469
0.553944
0.419952
0.408223
0.827424
0.387378
0.702143
0.711505
0.768679
0.452019
0.519132
0.387521
0.001854
0.452180
0.086808
0.055385
0.859976
0.503154
0.929018
0.284451
0.522094
0.622792
0.808094
0.624063
0.672235
0.933862
0.531947
0.882632
0.626121
0.619962
0.012304
0.176618
0.641076
0.442717
0.403686
0.536979
0.433158
0.839867
0.774423
0.829154
0.821526
0.512211
0.980498
0.249850
0.441432
0.123533
0.451891
0.128592
0.011510
0.104877
0.303344
0.580457
0.715024
0.817923
0.432137
0.147432
0.999447
0.637295
0.627311
0.384636
0.242171
0.912479
0.846818
0.281809
0.471128
0.058555
0.308796
0.911997
0.641785
0.217512
0.231031
0.507065
0.857867
0.611389
0.059802
0.387556
0.557967
0.827205
0.729746
0.253296
0.998498
0.682412
0.688420
0.081171
0.464185
0.480129
0.296498
0.947140
0.077515
0.288875
0.650520
0.545634
0.699351
0.893997
0.390911
0.521410
0.030931
0.054026
0.719852
0.315573
0.354998
0.117191
0.628799
0.145291
0.993393
0.117703
0.412622
0.993393
0.545942
0.325832
0.002230
0.957960
0.571008
0.269337
0.300454
0.180937
0.407937
0.668075
0.678637
0.835612
0.741221
0.020039
0.770617
0.387830
0.887306
0.740660
0.976696
0.644579
0.796174
0.075143
0.311087
0.439051
0.779153
0.784737
0.956843
0.381822
0.571946
0.856966
0.295666
0.516492
0.370447
0.858868
0.090409
0.101711
0.683820
0.892641
0.819529
0.838211
0.562456
0.794956
0.738092
0.031562
0.969113
0.786588
0.646201
0.837953
0.870246
0.691658
0.356143
0.991352
0.177412
0.741617
0.394305
0.970947
0.674319
0.415597
0.353406
0.157689
0.825001
0.975442
0.902781
0.791321
0.583718
0.982036
0.135141
0.662078
0.446404
0.202622
0.196654
0.136931
0.026781
0.181808
0.968355
0.384705
0.000887
0.018934
0.677598
0.791561
0.911323
0.410161
0.125457
0.916173
0.652666
0.285924
0.584423
0.872393
0.390328
0.335798
0.167762
0.191592
0.574433
0.467869
0.408276
0.412321
0.432362
0.824742
0.094821
0.664803
0.028477
0.543741
0.305734
0.172103
0.027710
0.403795
0.082342
0.491373
0.333598
0.382005
0.630121
0.626556
0.461864
0.512221
0.131364
0.814451
0.632415
0.820336
0.247282
0.321881
0.157294
0.847883
0.209616
0.792899
0.513165
0.234875
0.816678
0.397927
0.122547
0.265460
0.905324
0.905248
0.418157
0.503053
0.452104
0.009617
0.054530
0.929459
0.831447
0.300317
0.519971
0.244083
0.128422
0.665927
0.615442
0.763636
0.454899
0.046397
0.890074
0.450423
0.871662
0.132763
0.350135
0.671011
0.680532
0.055691
0.142948
0.951290
0.159441
0.517731
0.122788
0.525085
0.393731
0.229293
0.754411
0.069654
0.067081
0.470264
0.833597
0.552941
0.258205
0.980237
0.494053
0.626119
0.521943
0.089702
0.275346
0.133110
0.377109
0.748254
0.371657
0.237950
0.993577
0.725057
0.280241
0.064021
0.955887
0.128582
0.676188
0.318191
0.858440
0.491555
0.877783
0.678256
0.854257
0.709311
0.833381
0.207838
0.398603
0.487992
0.892761
0.119167
0.882535
0.549016
0.652678
0.131509
0.621453
0.796127
0.295540
0.383463
0.634020
0.044690
0.014404
0.064661
0.851512
0.892497
0.568950
0.600312
0.050418
0.742677
0.715110
0.045417
0.710564
0.887730
0.737092
0.582646
0.541328
0.703513
0.344520
0.556968
0.447972
0.542362
0.215631
0.042011
0.321585
0.764687
0.093469
0.356343
0.806690
0.712057
0.814876
0.155598
0.191750
0.385909
0.987997
0.396373
0.604016
0.032446
0.418283
0.664784
0.700255
0.660320
0.348504
0.099910
0.993393
0.412622
0.342965
0.726222
0.661499
0.802574
0.155582
0.014749
0.402677
0.665239
0.216070
0.115420
0.843170
0.778107
0.807203
0.280120
0.005087
0.052573
0.084924
0.954053
0.080225
0.086483
0.150461
0.770327
0.239113
0.039398
0.054220
0.149321
0.531166
0.806091
0.184437
0.472368
0.191978
0.747256
0.767199
0.492471
0.923952
0.369474
0.001821
0.496891
0.815326
0.521687
0.420219
0.117507
0.352799
0.047361
0.828153
0.136936
0.041591
0.029811
0.491074
0.625310
0.535477
0.074698
0.277669
0.150115
0.193871
0.088672
0.339468
0.687235
0.903870
0.170742
0.763733
0.704760
0.846710
0.463455
0.527369
0.052815
0.987413
0.696627
0.662078
0.231766
0.778660
0.065096
0.694159
0.707617
0.314298
0.013873
0.338809
0.267137
0.859589
0.511014
0.547103
0.374155
0.200541
0.388922
0.598770
0.513965
0.636626
0.890601
0.721988
0.515390
0.784969
0.470203
0.946242
0.441119
0.022281
0.798800
0.931866
0.171704
0.139484
0.261739
0.424834
0.643491
0.273010
0.266515
0.953684
0.116362
0.104031
0.040248
0.931117
0.449439
0.112909
0.125798
0.603155
0.636331
0.134953
0.191342
0.226912
0.083242
0.590716
0.600669
0.917565
0.629249
0.294954
0.652548
0.677859
0.989198
0.647746
0.511111
0.304303
0.067891
0.397595
0.692548
0.060600
0.608937
0.451786
0.418219
0.419724
0.128618
0.298711
0.109820
0.623545
0.213524
0.628930
0.322647
0.018561
0.619156
0.382826
0.819312
0.682952
0.456149
0.133819
0.156443
0.958417
0.773659
0.342421
0.265753
0.693535
0.900434
0.977670
0.280020
0.956958
0.759395
0.922642
0.302597
0.211044
0.479520
0.568208
0.511476
0.581283
0.859501
0.396801
0.787929
0.405482
0.633098
0.242778
0.623174
0.993577
0.742139
0.261056
0.043299
0.359530
0.622229
0.447565
0.137734
0.725438
0.993577
0.315552
0.996869
0.346774
0.565746
0.424376
0.499792
0.623361
0.964645
0.044666
0.180866
0.007042
0.589696
0.371269
0.188553
0.478615
0.823301
0.473518
0.944914
0.808985
0.099419
0.502620
0.334240
0.412627
0.103391
0.389750
0.709956
0.986979
0.353639
0.658652
0.342423
0.631499
0.083112
0.812483
0.415688
0.962919
0.541795
0.011282
0.771357
0.105722
0.416303
0.330532
0.535149
0.098893
0.031811
0.392938
0.768922
0.076237
0.795392
0.269421
0.740820
0.007873
0.575298
0.746045
0.937721
0.796900
0.594443
0.787466
0.262033
0.676536
0.118201
0.200221
0.993526
0.351091
0.416104
0.099614
0.104968
0.075270
0.125396
0.123339
0.076352
0.637207
0.302278
0.343905
0.300579
0.117010
0.752907
0.363604
0.274461
0.990026
0.338747
0.212599
0.371829
0.944158
0.829561
0.047547
0.458245
0.506775
0.292445
0.586153
0.275125
0.233240
0.353682
0.077861
0.772584
0.651651
0.142630
0.842443
0.970912
0.430489
0.552331
0.822526
0.753658
0.459056
0.874701
0.371010
0.990740
0.697236
0.008925
0.408710
0.980292
0.718751
0.893604
0.874455
0.078411
0.981822
0.151990
0.537097
0.508590
0.098272
0.000779
0.172109
0.957006
0.060838
0.892178
0.083610
0.566576
0.061007
0.693888
0.620142
0.435246
0.479048
0.691793
0.924535
0.916958
0.112544
0.976873
0.675209
0.066051
0.147486
0.924358
0.594605
0.911278
0.928962
0.734630
0.359071
0.915186
0.587943
0.048722
0.589809
0.792916
0.646339
0.315458
0.420417
0.992228
0.274355
0.382951
0.047548
0.684359
0.785089
0.647048
0.827875
0.696023
0.957731
0.117749
0.176420
0.915785
0.695787
0.688865
0.996395
0.127701
0.996395
0.407003
0.996395
0.621740
0.545038
0.288358
0.126184
0.782513
0.541160
0.418125
0.386704
0.807792
0.460486
0.091526
0.958142
0.284902
0.139725
0.849815
0.476684
0.061148
0.523400
0.687838
0.191845
0.486508
0.032206
0.425937
0.445433
0.237575
0.335389
0.686982
0.552930
0.378629
0.483843
0.670482
0.134577
0.695302
0.892599
0.318110
0.747744
0.219793
0.167477
0.707137
0.346557
0.492427
0.976350
0.327429
0.325703
0.803685
0.655845
0.826968
0.613764
0.311456
0.213504
0.493208
0.372600
0.705057
0.387418
0.675262
0.972926
0.212239
0.122940
0.531458
0.176173
0.236413
0.741990
0.106459
0.217608
0.334215
0.346344
0.672084
0.098066
0.460496
0.103422
0.548078
0.928852
0.328130
0.097422
0.681897
0.730322
0.716781
0.380963
0.379958
0.306710
0.993577
0.228229
0.644198
0.060301
0.705796
0.287159
0.327342
0.675337
0.398717
0.766346
0.858435
0.021724
0.377783
0.809136
0.270031
0.469319
0.862541
0.331975
0.696044
0.477584
0.248895
0.086541
0.375929
0.307821
0.098082
0.990662
0.298259
0.725186
0.674107
0.005100
0.804156
0.251192
0.986012
0.674110
0.400440
0.248650
0.847231
0.089513
0.916520
0.066287
0.670773
0.706016
0.500176
0.451305
0.444106
0.634632
0.714807
0.403519
0.867396
0.417966
0.438975
0.170192
0.918534
0.273240
0.526080
0.417579
0.829754
0.721214
0.204492
0.156946
0.481184
0.043691
0.373587
0.003357
0.087825
0.119051
0.432821
0.993526
0.492218
0.997059
0.173673
0.675758
0.195717
0.445881
0.319140
0.618122
0.048956
0.964110
0.125971
0.684402
0.990026
0.056036
0.990026
0.264596
0.232405
0.583969
0.312546
0.868355
0.352965
0.159189
0.491372
0.367776
0.418021
0.382859
0.852050
0.523248
0.175394
0.182973
0.294482
0.606227
0.842681
0.257063
0.540538
0.834366
0.950014
0.849264
0.160712
0.954865
0.505459
0.627046
0.417194
0.892215
0.688493
0.058285
0.578543
0.926755
0.484846
0.575747
0.586651
0.233812
0.085273
0.113087
0.092055
0.181569
0.051654
0.764045
0.054587
0.855019
0.922276
0.923973
0.890543
0.123901
0.498041
0.748837
0.264379
0.218738
0.839951
0.149593
0.723894
0.720313
0.701373
0.476669
0.786115
0.837291
0.091716
0.547122
0.541750
0.244748
0.077074
0.075906
0.276185
0.209468
0.432994
0.529572
0.843386
0.637964
0.704681
0.534463
0.086473
0.813641
0.173996
0.122554
0.407808
0.183663
0.168210
0.952100
0.756629
0.497973
0.647073
0.175952
0.308080
0.697078
0.704495
0.132321
0.643491
0.376706
0.904896
0.817780
0.319170
0.803502
0.082939
0.939970
0.405025
0.142202
0.374878
0.738065
0.619323
0.313704
0.243198
0.916843
0.717333
0.965968
0.448231
0.405232
0.997994
0.122581
0.518134
0.219089
0.781868
0.741196
0.578674
0.293488
0.729180
0.106771
0.147873
0.473558
0.066886
0.321943
0.406278
0.673611
0.314679
0.387812
0.255142
0.844879
0.093225
0.430861
0.706099
0.061057
0.559049
0.328215
0.138183
0.892705
0.110719
0.045983
0.589178
0.527214
0.841409
0.267383
0.693028
0.901539
0.537329
0.190212
0.355169
0.558644
0.525235
0.687228
0.791659
0.538076
0.803668
0.565138
0.711289
0.498056
0.521668
0.485205
0.054847
0.932230
0.037580
0.297958
0.731458
0.389282
0.199807
0.380994
0.603169
0.176302
0.107933
0.324917
0.616915
0.313155
0.020204
0.996869
0.372694
0.623110
0.686188
0.529252
0.190415
0.589254
0.917978
0.689305
0.309398
0.070014
0.122915
0.580379
0.912035
0.975316
0.279483
0.291256
0.121751
0.486856
0.972654
0.432463
0.367783
0.428394
0.317333
0.224001
0.161904
0.210906
0.674727
0.474863
0.172442
0.686197
0.396279
0.366105
0.064491
0.043073
0.621331
0.775809
0.471242
0.649469
0.063882
0.037872
0.360007
0.972078
0.357856
0.306231
0.000074
0.900867
0.822829
0.053112
0.427886
0.739545
0.612273
0.003689
0.935712
0.670444
0.224822
0.496852
0.478093
0.392462
0.684929
0.023147
0.229496
0.993526
0.417291
0.354321
0.308487
0.099092
0.675758
0.993393
0.318573
0.449534
0.474566
0.708093
0.569489
0.509412
0.256369
0.680234
0.056977
0.393329
0.320444
0.990026
0.433187
0.430981
0.571500
0.546269
0.800281
0.930335
0.906490
0.391166
0.334989
0.178877
0.084267
0.098335
0.443791
0.610296
0.848563
0.849593
0.843848
0.821080
0.266413
0.420450
0.753572
0.160401
0.313275
0.968045
0.645522
0.065919
0.189641
0.823023
0.467436
0.327141
0.528984
0.882415
0.770355
0.903020
0.769062
0.216233
0.261276
0.713603
0.168243
0.158709
0.816881
0.926689
0.391112
0.751740
0.707572
0.238989
0.821059
0.223351
0.737019
0.435954
0.511098
0.232697
0.298484
0.143197
0.609326
0.394070
0.878775
0.052918
0.515392
0.839168
0.744331
0.219888
0.116809
0.705674
0.727624
0.993758
0.544128
0.918171
0.292403
0.149178
0.937374
0.823558
0.318679
0.500062
0.360114
0.508505
0.689020
0.377890
0.938573
0.801041
0.391979
0.232511
0.752367
0.910120
0.629396
0.893525
0.890526
0.152823
0.255208
0.216609
0.019744
0.966231
0.105319
0.825999
0.259551
0.289708
0.199853
0.801253
0.850342
0.803497
0.969830
0.646935
0.706360
0.632189
0.951601
0.970468
0.200065
0.571498
0.026034
0.718261
0.443245
0.155055
0.551832
0.716350
0.054505
0.237387
0.663689
0.700616
0.181434
0.986773
0.323599
0.619132
0.281841
0.724994
0.588234
0.876297
0.961437
0.802203
0.109325
0.121328
0.438336
0.639799
0.309927
0.226768
0.104732
0.027819
0.073778
0.218697
0.147234
0.492116
0.140162
0.161951
0.043883
0.334607
0.505142
0.622796
0.383930
0.720433
0.252524
0.521317
0.732306
0.018986
0.529063
0.468836
0.903839
0.925305
0.262183
0.193782
0.340598
0.930448
0.271449
0.883729
0.841371
0.551291
0.556222
0.812505
0.638909
0.933335
0.457583
0.939231
0.894165
0.800381
0.345445
0.034660
0.996869
0.037787
0.391104
0.137464
0.986236
0.574950
0.754903
0.568935
0.384244
0.856560
0.159848
0.173739
0.876912
0.231722
0.960795
0.594199
0.892071
0.435078
0.242829
0.262370
0.349450
0.021801
0.717301
0.990662
0.463213
0.265227
0.534467
0.252969
0.081643
0.381134
0.581066
0.219094
0.986012
0.096611
0.800710
0.231740
0.743710
0.835975
0.310958
0.116912
0.394655
0.004729
0.762279
0.244194
0.374019
0.704243
0.995182
0.432135
0.948392
0.639923
0.994431
0.347729
0.060701
0.920168
0.743583
0.734049
0.139629
0.221621
0.631784
0.486168
0.113189
0.993526
0.442210
0.148026
0.738182
0.025608
0.928937
0.931665
0.499870
0.520943
0.314454
0.017350
0.898928
0.493036
0.308768
0.869157
0.183105
0.626632
0.059365
0.725995
0.232669
0.082085
0.059399
0.462000
0.647090
0.268445
0.179170
0.590216
0.513570
0.715167
0.458155
0.191773
0.411160
0.153334
0.432920
0.246319
0.762425
0.911141
0.852917
0.489420
0.945124
0.319633
0.584509
0.434382
0.102779
0.407368
0.692028
0.891253
0.773705
0.022962
0.484948
0.701725
0.002956
0.863179
0.582180
0.404190
0.600608
0.552252
0.228442
0.834742
0.493569
0.666161
0.409787
0.954376
0.572518
0.719566
0.508442
0.542261
0.118158
0.913219
0.361131
0.488213
0.281273
0.890690
0.736538
0.292377
0.840448
0.374053
0.320134
0.934187
0.892997
0.072334
0.420950
0.743758
0.099865
0.676320
0.038663
0.586286
0.459928
0.773925
0.297728
0.089368
0.946973
0.440532
0.375343
0.933524
0.481449
0.282888
0.968121
0.295190
0.844112
0.690238
0.078598
0.062085
0.635318
0.631937
0.252411
0.939005
0.550863
0.602558
0.598305
0.182498
0.048311
0.895319
0.491999
0.661874
0.811622
0.237550
0.285137
0.696174
0.517522
0.528082
0.175848
0.904975
0.584390
0.061918
0.032787
0.579008
0.729275
0.258354
0.623035
0.997994
0.048803
0.555067
0.973066
0.836794
0.752107
0.557259
0.749834
0.256877
0.986773
0.434656
0.547403
0.313660
0.903530
0.944491
0.749940
0.527285
0.127863
0.948232
0.944354
0.234859
0.507257
0.339726
0.465604
0.809404
0.875306
0.654747
0.973746
0.200194
0.068335
0.340946
0.274141
0.230705
0.540114
0.693634
0.372931
0.398054
0.998103
0.450391
0.700944
0.587543
0.451870
0.764898
0.809153
0.082519
0.219152
0.377261
0.453065
0.378972
0.462587
0.055048
0.454321
0.597199
0.772455
0.373444
0.464483
0.320124
0.131674
0.195918
0.464586
0.439422
0.934545
0.104415
0.267338
0.125774
0.023258
0.996869
0.371519
0.287100
0.082179
0.322156
0.850125
0.376578
0.180820
0.237911
0.288076
0.058084
0.115078
0.590272
0.854259
0.037272
0.628630
0.553618
0.310032
0.187986
0.091156
0.612194
0.129067
0.401219
0.429989
0.681449
0.994666
0.685454
0.700689
0.053915
0.967394
0.094142
0.344367
0.338820
0.183351
0.269591
0.006881
0.738812
0.581045
0.358512
0.837347
0.046645
0.680151
0.012655
0.175780
0.736929
0.105960
0.620808
0.968469
0.627363
0.687938
0.412169
0.921431
0.816207
0.681782
0.008328
0.678225
0.963460
0.558585
0.161324
0.033537
0.391791
0.345713
0.993526
0.250100
0.631895
0.002879
0.655990
0.500162
0.271478
0.482909
0.462853
0.155218
0.507444
0.638186
0.463295
0.445724
0.707287
0.109189
0.366383
0.346755
0.794698
0.099842
0.926293
0.778226
0.330436
0.184039
0.790671
0.908501
0.491397
0.581657
0.985549
0.735260
0.615604
0.657103
0.754324
0.707490
0.440993
0.204448
0.838925
0.177580
0.816665
0.865930
0.532457
0.107230
0.506424
0.323911
0.865649
0.346312
0.578511
0.255537
0.646529
0.159857
0.739810
0.711117
0.667270
0.555917
0.293160
0.869046
0.168259
0.327373
0.234324
0.974777
0.368927
0.186561
0.137550
0.945044
0.595585
0.503432
0.374757
0.410381
0.938389
0.184968
0.537891
0.976022
0.490488
0.807154
0.452322
0.096794
0.960105
0.054236
0.148535
0.376164
0.696638
0.999592
0.402954
0.259991
0.908505
0.982406
0.693132
0.440985
0.566192
0.591852
0.507449
0.328475
0.300880
0.270047
0.864686
0.159167
0.719136
0.193062
0.923009
0.145389
0.663903
0.071576
0.178400
0.658708
0.468337
0.514207
0.787940
0.089566
0.770295
0.913316
0.500800
0.134862
0.455667
0.328871
0.798797
0.384226
0.093361
0.493254
0.206848
0.016564
0.736900
0.230284
0.468988
0.846737
0.887088
0.400723
0.193764
0.380947
0.460085
0.543099
0.184016
0.748352
0.728187
0.643673
0.494962
0.222251
0.171710
0.181909
0.310182
0.170478
0.753949
0.624629
0.470844
0.871844
0.566284
0.709805
0.157233
0.190798
0.195970
0.763021
0.505395
0.150251
0.526722
0.901720
0.032003
0.313668
0.144784
0.297840
0.308408
0.460029
0.697053
0.983458
0.275347
0.483983
0.784134
0.298629
0.062784
1.000000
0.403239
0.290739
0.548688
0.792264
0.606082
0.041284
0.764810
0.596781
0.787160
0.622715
0.729282
0.591037
0.359382
0.717081
0.932406
0.308730
0.607312
0.823257
0.084831
0.198615
0.693465
0.576563
0.152271
0.960360
0.699354
0.060963
0.609239
0.416206
0.639138
0.089452
0.701496
0.111956
0.877705
0.913910
0.453056
0.227830
0.214534
0.274962
0.462599
0.659547
0.816267
0.360348
0.415468
0.039814
0.561065
0.145430
0.990662
0.612194
0.150610
0.611252
0.227681
0.052103
0.700689
0.415960
0.261616
0.430544
0.908661
0.936010
0.454241
0.988525
0.676692
0.206869
0.452908
0.658959
0.693771
0.794426
0.638663
0.692661
0.267847
0.600897
0.445368
0.423173
0.618374
0.187229
0.872234
0.029509
0.805744
0.067771
0.574397
0.119155
0.596413
0.815038
0.572352
0.112130
0.620660
0.517311
0.325101
0.498418
0.100134
0.422221
0.765152
0.694528
0.975756
0.069505
0.595871
0.715680
0.043898
0.239045
0.941080
0.853943
0.015489
0.558521
0.424116
0.168990
0.990026
0.440174
0.342538
0.555191
0.345587
0.402060
0.136196
0.824727
0.065375
0.307289
0.964249
0.113095
0.608777
0.002246
0.239653
0.289843
0.148181
0.069043
0.400795
0.689055
0.656400
0.950432
0.742195
0.023871
0.135214
0.712251
0.029073
0.226410
0.680422
0.063885
0.840798
0.640386
0.914131
0.060448
0.132097
0.091520
0.427732
0.682858
0.473648
0.755789
0.162747
0.924114
0.361376
0.643560
0.246629
0.433175
0.683725
0.402831
0.386340
0.787339
0.975737
0.755826
0.904217
0.592989
0.940376
0.216775
0.325221
0.081958
0.826210
0.954905
0.024012
0.488901
0.819168
0.739620
0.629996
0.269253
0.698564
0.081358
0.069158
0.083158
0.450596
0.779617
0.427533
0.961795
0.635642
0.706635
0.809374
0.087466
0.558945
0.819204
0.594993
0.517928
0.632629
0.715731
0.221011
0.862977
0.360382
0.219476
0.396771
0.987909
0.175605
0.483659
0.563283
0.279499
0.543714
0.200515
0.375729
0.816153
0.624245
0.436111
0.358902
0.187466
0.464084
0.956038
0.874263
0.366028
0.437266
0.490735
0.653046
0.997104
0.492810
0.106780
0.862930
0.443106
0.550059
0.425264
0.373254
0.008946
0.015545
0.594012
0.501390
0.899612
0.455930
0.612293
0.940517
0.242305
0.684108
0.406076
0.846094
0.629474
0.134566
0.547778
0.787619
0.366899
0.719958
0.156421
0.478315
0.335039
0.575366
0.681430
0.101263
0.551556
0.152473
0.325917
0.375158
0.241135
0.822156
0.981938
0.547819
0.090030
0.786213
0.202193
0.933662
0.163347
0.024355
0.438536
0.945195
0.141400
0.696403
0.852856
0.939966
0.957428
0.072449
0.312728
0.104481
0.634740
0.879567
0.131879
0.626081
0.090676
0.707135
0.410029
0.022495
0.270770
0.520111
0.220938
0.776151
0.883691
0.521794
0.941413
0.785056
0.634234
0.564494
0.054200
0.132176
0.872335
0.026964
0.687663
0.688285
0.648604
0.294923
0.665456
0.106004
0.734781
0.913244
0.167189
0.201430
0.482473
0.199082
0.277656
0.029973
0.317460
0.835612
0.338874
0.193297
0.139267
0.095919
0.357152
0.872944
0.476294
0.149342
0.402351
0.107708
0.301462
0.393553
0.988525
0.244932
0.725979
0.036101
0.928648
0.428868
0.112501
0.995182
0.708449
0.013177
0.060214
0.956337
0.884462
0.524763
0.196274
0.310727
0.364978
0.608274
0.769615
0.116053
0.383354
0.433112
0.200057
0.256281
0.307164
0.178070
0.641694
0.053275
0.966985
0.416170
0.131455
0.487255
0.214805
0.962680
0.578633
0.638983
0.177042
0.553113
0.386090
0.166561
0.990026
0.420622
0.117217
0.681322
0.607102
0.514070
0.153986
0.198075
0.426500
0.829840
0.256666
0.470886
0.570643
0.860478
0.448055
0.107138
0.163823
0.792345
0.946241
0.063718
0.553408
0.938608
0.386073
0.472771
0.487298
0.742575
0.111082
0.269452
0.384566
0.205596
0.062334
0.425596
0.847363
0.545194
0.666862
0.408850
0.801294
0.568509
0.602544
0.111804
0.151806
0.023634
0.533368
0.513265
0.223407
0.987989
0.359507
0.702062
0.072714
0.127493
0.869204
0.020457
0.099580
0.588395
0.636886
0.285117
0.036568
0.078604
0.419989
0.098324
0.315423
0.072959
0.041280
0.975275
0.093727
0.361938
0.386257
0.467365
0.821769
0.040432
0.415889
0.679517
0.436499
0.153112
0.516707
0.279221
0.150687
0.344441
0.837260
0.247858
0.914462
0.718612
0.815080
0.013899
0.119056
0.876411
0.947101
0.014217
0.403083
0.987909
0.396771
0.179189
0.309326
0.819913
0.246396
0.799748
0.952243
0.628494
0.929691
0.863709
0.273337
0.756345
0.083333
0.657479
0.898761
0.555449
0.458728
0.268397
0.799372
0.511404
0.158973
0.746701
0.997104
0.126088
0.668852
0.847873
0.132429
0.589682
0.638411
0.254955
0.506118
0.811530
0.795671
0.471693
0.431253
0.677592
0.658219
0.853992
0.276443
0.132598
0.835453
0.959615
0.982972
0.565224
0.178407
0.174966
0.092096
0.145613
0.446445
0.293387
0.777223
0.859638
0.276734
0.989148
0.373969
0.929767
0.394233
0.887990
0.966493
0.165856
0.312571
0.395173
0.862953
0.963401
0.291741
0.876172
0.507913
0.684239
0.770160
0.545138
0.227497
0.147099
0.004541
0.452873
0.894076
0.414161
0.558166
0.349714
0.167280
0.585277
0.806063
0.637665
0.336497
0.101167
0.986247
0.422278
0.129680
0.806923
0.174866
0.343597
0.065131
0.095033
0.603444
0.433570
0.068591
0.394187
0.027534
0.389879
0.550931
0.078244
0.382539
0.173112
0.382464
0.744387
0.175849
0.063585
0.445721
0.451367
0.542970
0.774461
0.483542
0.916576
0.885792
0.022103
0.864729
0.858311
0.558765
0.394903
0.043036
0.208134
0.598499
0.211577
0.372605
0.620798
0.409258
0.711483
0.083741
0.269959
0.149708
0.274549
0.066757
0.343525
0.502094
0.580640
0.651766
0.200659
0.194327
0.153999
0.213611
0.656508
0.826733
0.374583
0.668956
0.160716
0.006619
0.880092
0.700502
0.533830
0.847511
0.644733
0.969255
0.616956
0.384127
0.284206
0.864402
0.837399
0.356866
0.292027
0.810250
0.365727
0.034826
0.101466
0.753291
0.407251
0.571764
0.990026
0.104358
0.707316
0.348511
0.394155
0.004059
0.498392
0.867640
0.136823
0.630054
0.092020
0.988621
0.151854
0.085931
0.024245
0.351772
0.126864
0.770905
0.401858
0.152103
0.014453
0.500228
0.642274
0.722983
0.680840
0.688107
0.673799
0.304581
0.051968
0.083226
0.489907
0.457067
0.213330
0.431013
0.868469
0.842595
0.687906
0.061901
0.119998
0.509328
0.209114
0.010660
0.713183
0.399827
0.123714
0.755862
0.266632
0.987989
0.171951
0.783524
0.257595
0.487220
0.710036
0.724811
0.278580
0.208950
0.179985
0.391099
0.727000
0.758994
0.276544
0.274106
0.107708
0.910152
0.647550
0.434802
0.547635
0.207542
0.465548
0.409577
0.550842
0.582544
0.871494
0.599935
0.854484
0.086605
0.735067
0.350778
0.994051
0.651951
0.390767
0.570347
0.986431
0.294756
0.323144
0.890851
0.733070
0.397270
0.044762
0.987909
0.403083
0.149135
0.812536
0.145115
0.727351
0.643035
0.059236
0.750011
0.458484
0.977074
0.166033
0.622004
0.196701
0.987268
0.628119
0.189653
0.525682
0.720607
0.981795
0.344542
0.447940
0.030848
0.694019
0.500857
0.119200
0.449495
0.208660
0.579526
0.030119
0.833293
0.520037
0.727501
0.845826
0.338488
0.560417
0.360570
0.573115
0.878522
0.139847
0.878432
0.104764
0.302689
0.085785
0.732612
0.856666
0.755302
0.670366
0.380686
0.391880
0.627236
0.787391
0.413542
0.675690
0.989148
0.152174
0.155968
0.876215
0.737708
0.838305
0.493399
0.574949
0.542258
0.460061
0.290641
0.596384
0.205587
0.818683
0.560143
0.086303
0.657715
0.448763
0.573588
0.506349
0.703235
0.487901
0.253321
0.517546
0.593332
0.961033
0.838709
0.950580
0.336671
0.919031
0.702988
0.271115
0.015875
0.986247
0.000097
0.968014
0.592113
0.352818
0.361055
0.993500
0.644744
0.752046
0.424794
0.112267
0.033561
0.877317
0.875795
0.537027
0.477791
0.822682
0.542730
0.232408
0.883844
0.007152
0.647530
0.175619
0.406456
0.189627
0.499128
0.884190
0.710417
0.422842
0.534593
0.045228
0.844700
0.781485
0.693193
0.735963
0.348056
0.987296
0.465553
0.095144
0.988525
0.737633
0.363072
0.496573
0.640934
0.169870
0.335439
0.288337
0.035268
0.281105
0.223054
0.524421
0.347843
0.488574
0.064835
0.435717
0.302184
0.348752
0.221224
0.377380
0.235831
0.367771
0.629120
0.224174
0.642400
0.615206
0.451772
0.132684
0.923111
0.682406
0.511989
0.434572
0.427336
0.027481
0.959911
0.343904
0.901083
0.484114
0.653304
0.212697
0.574721
0.361324
0.350248
0.057101
0.707509
0.990026
0.282450
0.383596
0.315474
0.681588
0.391516
0.649275
0.699228
0.148044
0.152606
0.377189
0.534186
0.784783
0.262132
0.042346
0.213520
0.149217
0.688296
0.664428
0.992640
0.315088
0.061121
0.067481
0.101221
0.731303
0.907039
0.760801
0.342980
0.349071
0.292561
0.500790
0.352512
0.836123
0.238357
0.260052
0.170807
0.750464
0.976341
0.950495
0.763301
0.594219
0.399324
0.399527
0.002212
0.878382
0.648232
0.440784
0.178744
0.999739
0.456038
0.347391
0.962213
0.653749
0.613997
0.941107
0.219338
0.774024
0.601519
0.182732
0.648788
0.006331
0.230843
0.394623
0.499537
0.061296
0.001182
0.351364
0.133314
0.376524
0.523658
0.275042
0.871629
0.142834
0.318605
0.681030
0.165296
0.024163
0.321446
0.645474
0.631064
0.878210
0.772659
0.853914
0.422546
0.266665
0.011886
0.080678
0.619119
0.812640
0.619378
0.401470
0.027936
0.127164
0.050465
0.148304
0.917258
0.679079
0.101767
0.488440
0.278929
0.950488
0.614064
0.037021
0.109003
0.314649
0.435445
0.324610
0.356099
0.340692
0.353265
0.905341
0.853061
0.700146
0.057293
0.182175
0.405562
0.288536
0.155021
0.792310
0.662830
0.830327
0.558258
0.038737
0.013860
0.590678
0.079212
0.354648
0.032497
0.340505
0.301484
0.762285
0.353585
0.614507
0.261033
0.462218
0.388830
0.251477
0.515188
0.330750
0.713711
0.671737
0.395787
0.580421
0.780381
0.850078
0.574461
0.171764
0.990842
0.097171
0.296546
0.005873
0.444933
0.346706
0.954779
0.093191
0.013707
0.309675
0.590694
0.594893
0.394059
0.043902
0.952255
0.291223
0.919457
0.815110
0.760374
0.145490
0.544868
0.061616
0.721777
0.914030
0.430776
0.036121
0.384985
0.161357
0.381926
0.195063
0.203230
0.735499
0.385834
0.884141
0.270401
0.929285
0.227091
0.730070
0.895224
0.770963
0.789878
0.608798
0.100091
0.734143
0.835423
0.008631
0.563293
0.761394
0.222243
0.727245
0.488904
0.617124
0.801528
0.723871
0.520094
0.341923
0.630605
0.705730
0.421800
0.878747
0.508980
0.715553
0.037599
0.327601
0.109544
0.293772
0.781450
0.788218
0.832594
0.318201
0.512947
0.968533
0.047025
0.098762
0.734117
0.676099
0.430402
0.982438
0.629564
0.494593
0.788904
0.049418
0.152347
0.388743
0.412150
0.300167
0.972059
0.171715
0.184441
0.244593
0.005976
0.652331
0.871107
0.908865
0.116009
0.737778
0.035206
0.381810
0.749615
0.932413
0.903482
0.597784
0.872498
0.907958
0.624534
0.270134
0.720811
0.297400
0.150772
0.707298
0.472126
0.730388
0.989815
0.112473
0.732441
0.444447
0.715246
0.956762
0.876622
0.187347
0.358076
0.393999
0.447724
0.130022
0.371247
0.675750
0.732442
0.440687
0.410148
0.448732
0.044097
0.881551
0.117095
0.192413
0.740463
0.424435
0.794462
0.242540
0.679912
0.347079
0.862845
0.469382
0.839232
0.313988
0.927818
0.704138
0.383274
0.211506
0.858718
0.294049
0.546461
0.643064
0.007249
0.454785
0.762158
0.566784
0.228811
0.368184
0.607648
0.252407
0.310452
0.156077
0.416820
0.085961
0.104001
0.409191
0.743031
0.406215
0.164952
0.089901
0.671527
0.023521
0.752080
0.956308
0.021535
0.215433
0.566630
0.096423
0.276833
0.511387
0.169994
0.234570
0.123069
0.701208
0.274305
0.761685
0.611525
0.043350
0.461975
0.058467
0.712076
0.261830
0.367736
0.017435
0.135089
0.902182
0.486665
0.093926
0.154385
0.604894
0.689113
0.823164
0.406928
0.018650
0.360568
0.049735
0.225835
0.837493
0.661214
0.432470
0.397773
0.848361
0.326372
0.721923
0.118584
0.617093
0.572234
0.102482
0.071655
0.524784
0.536444
0.022410
0.155892
0.368418
0.677928
0.209094
0.813471
0.283353
0.836084
0.544917
0.607138
0.289818
0.029368
0.145135
0.217629
0.387391
0.052560
0.925231
0.462930
0.154883
0.927496
0.024133
0.787408
0.983563
0.362760
0.472517
0.119263
0.964379
0.026999
0.606840
0.722628
0.258892
0.244942
0.911812
0.177539
0.062930
0.005813
0.468694
0.944888
0.387229
0.985335
0.688098
0.332068
0.034818
0.210789
0.416747
0.184784
0.994359
0.228601
0.236270
0.196227
0.259238
0.789001
0.496926
0.437892
0.992500
0.489121
0.043576
0.092446
0.078584
0.119490
0.539778
0.563661
0.014467
0.379665
0.202462
0.669577
0.704793
0.087976
0.114970
0.630937
0.682443
0.627413
0.094201
0.016987
0.040091
0.028808
0.536272
0.230063
0.076754
0.783609
0.456732
0.002238
0.118358
0.587881
0.649910
0.929750
0.931524
0.039440
0.954005
0.855161
0.541090
0.342006
0.694850
0.252213
0.659388
0.159198
0.675044
0.698789
0.311480
0.415601
0.123540
0.011423
0.811076
0.415242
0.095954
0.927342
0.518055
0.815122
0.272300
0.676608
0.620431
0.503011
0.656990
0.492786
0.862797
0.276414
0.526162
0.533320
0.332118
0.735589
0.616128
0.769476
0.410236
0.240347
0.561940
0.167310
0.578559
0.179443
0.061090
0.963781
0.612067
0.883558
0.714108
0.893116
0.110791
0.200717
0.908610
0.331094
0.735252
0.388769
0.615318
0.990026
0.425493
0.283818
0.726194
0.442761
0.413670
0.432956
0.690100
0.691799
0.709784
0.327519
0.825659
0.976235
0.963964
0.978216
0.094760
0.797084
0.431685
0.579907
0.113315
0.175574
0.998689
0.205386
0.082939
0.077717
0.893275
0.775912
0.850527
0.767756
0.065679
0.865395
0.568105
0.187649
0.600344
0.941195
0.952589
0.516652
0.754584
0.694443
0.021817
0.256309
0.728988
0.916122
0.560246
0.265508
0.844808
0.911555
0.382994
0.950540
0.750905
0.273107
0.001012
0.586863
0.536169
0.428184
0.557537
0.889056
0.220933
0.898583
0.405745
0.818814
0.690052
0.449191
0.999852
0.396504
0.718034
0.731381
0.226306
0.414144
0.938948
0.022583
0.705365
0.119493
0.722013
0.994051
0.722013
0.447279
0.108920
0.633062
0.521745
0.293531
0.878254
0.889329
0.304811
0.862752
0.939667
0.418795
0.896572
0.399497
0.601194
0.674584
0.292054
0.987345
0.731458
0.063164
0.711669
0.219406
0.428299
0.568695
0.423913
0.400972
0.347254
0.410264
0.615347
0.206990
0.225433
0.820289
0.376353
0.177769
0.667274
0.279462
0.361310
0.708962
0.492986
0.396029
0.411126
0.674729
0.212665
0.483846
0.101253
0.855570
0.395659
0.858253
0.122955
0.514833
0.095431
0.994675
0.381517
0.104211
0.621222
0.416926
0.415437
0.008845
0.679724
0.129519
0.524390
0.829510
0.964689
0.300677
0.830155
0.375178
0.654634
0.676026
0.917441
0.981202
0.978719
0.067949
0.823531
0.226549
0.565034
0.820404
0.032721
0.802815
0.444097
0.273522
0.270822
0.994359
0.408762
0.616187
0.662786
0.994359
0.072460
0.994359
0.147800
0.834140
0.593100
0.527664
0.074863
0.513389
0.693480
0.669091
0.310840
0.001879
0.166967
0.694190
0.475186
0.304727
0.880447
0.009558
0.393667
0.484838
0.352699
0.588943
0.650551
0.409853
0.403281
0.936433
0.021047
0.823660
0.158163
0.759084
0.249568
0.329844
0.750492
0.257793
0.864186
0.792151
0.678639
0.549165
0.578616
0.863972
0.775372
0.174582
0.484832
0.436030
0.926632
0.446417
0.353208
0.116969
0.701376
0.707993
0.299329
0.045893
0.348789
0.700981
0.682760
0.212924
0.300664
0.137052
0.659810
0.456486
0.499555
0.846811
0.268324
0.873869
0.860238
0.778045
0.532653
0.633043
0.967453
0.577475
0.061966
0.375565
0.351653
0.651282
0.472279
0.298832
0.089728
0.993821
0.298440
0.755393
0.789619
0.138312
0.673117
0.423677
0.257450
0.686215
0.054362
0.732100
0.802910
0.384099
0.537997
0.874121
0.240506
0.864303
0.839569
0.577831
0.947818
0.943730
0.566225
0.147457
0.165760
0.651028
0.571423
0.066054
0.269975
0.012147
0.805768
0.782006
0.457496
0.341371
0.854466
0.438792
0.064721
0.507991
0.014717
0.990509
0.376676
0.791857
0.593409
0.605597
0.699257
0.308997
0.651146
0.472986
0.448112
0.589153
0.264785
0.757038
0.741678
0.056527
0.399672
0.066297
0.202078
0.958005
0.638582
0.310728
0.492548
0.160674
0.697628
0.611999
0.340056
0.038573
0.225990
0.072792
0.334041
0.944996
0.607216
0.540773
0.826179
0.250668
0.149592
0.498123
0.099730
0.271298
0.392661
0.373848
0.999848
0.433378
0.728144
0.603933
0.924954
0.480014
0.571031
0.641070
0.340267
0.527147
0.704701
0.442817
0.715424
0.149719
0.209038
0.382176
0.633062
0.994051
0.528414
0.379590
0.948969
0.228834
0.119659
0.584394
0.535640
0.994720
0.195748
0.527338
0.848198
0.084856
0.346504
0.082045
0.406440
0.987345
0.688400
0.714735
0.524116
0.454697
0.446547
0.677497
0.768575
0.125463
0.523799
0.148353
0.940803
0.783445
0.168448
0.134113
0.433254
0.994981
0.449441
0.851897
0.005779
0.399534
0.675545
0.446860
0.996221
0.167509
0.955451
0.561968
0.332460
0.364273
0.138485
0.713774
0.028360
0.333903
0.767773
0.021163
0.387451
0.206013
0.510624
0.999679
0.504529
0.310381
0.348818
0.072471
0.796203
0.074348
0.296811
0.544647
0.214986
0.458535
0.241939
0.031108
0.657581
0.399825
0.196783
0.601460
0.704626
0.283965
0.991132
0.690408
0.416039
0.075419
0.846143
0.266391
0.703762
0.174975
0.616187
0.115933
0.370987
0.248983
0.236801
0.358451
0.111776
0.534390
0.100701
0.025303
0.525775
0.285440
0.777112
0.124265
0.197581
0.870074
0.182676
0.609690
0.837986
0.284700
0.473855
0.077632
0.259259
0.360071
0.617796
0.388532
0.317673
0.538677
0.467219
0.072625
0.492638
0.399700
0.032794
0.018309
0.908689
0.563735
0.867750
0.779371
0.396826
0.600133
0.492753
0.899307
0.228486
0.827502
0.030715
0.021242
0.273664
0.453350
0.362313
0.857783
0.228785
0.774734
0.808631
0.261673
0.533499
0.207975
0.708555
0.386736
0.061839
0.803810
0.946729
0.528049
0.904394
0.878835
0.068089
0.745927
0.436429
0.619246
0.628873
0.422429
0.344244
0.078093
0.173210
0.630938
0.598334
0.849477
0.243014
0.074893
0.726397
0.295559
0.137433
0.874028
0.639345
0.376777
0.715503
0.945126
0.208900
0.167744
0.103463
0.236182
0.876980
0.477557
0.262624
0.016518
0.023358
0.652502
0.699570
0.790224
0.553892
0.616385
0.125483
0.703484
0.062584
0.916061
0.297719
0.179002
0.081549
0.575958
0.790894
0.236802
0.659612
0.186298
0.467663
0.160608
0.497100
0.537857
0.106213
0.712526
0.415126
0.376066
0.632079
0.074279
0.715435
0.755294
0.070047
0.640020
0.514024
0.978602
0.536245
0.676022
0.540260
0.579175
0.673585
0.427402
0.424169
0.779068
0.472912
0.952242
0.248630
0.812653
0.978783
0.628778
0.580313
0.561996
0.248899
0.022511
0.619762
0.427006
0.149937
0.157819
0.834899
0.473908
0.644605
0.089368
0.170395
0.072981
0.404185
0.627914
0.604920
0.773628
0.351038
0.583407
0.254159
0.316921
0.314254
0.682931
0.260210
0.369794
0.008074
0.394511
0.132318
0.440775
0.998293
0.202896
0.570351
0.444820
0.392619
0.291008
0.904861
0.260064
0.066951
0.442763
0.576861
0.700129
0.421465
0.684637
0.607715
0.177078
0.300583
0.671400
0.690047
0.080038
0.717497
0.252624
0.491053
0.582999
0.011596
0.999283
0.499772
0.479436
0.915903
0.768932
0.273874
0.153647
0.706491
0.246034
0.739340
0.402984
0.151292
0.871351
0.362868
0.676636
0.103075
0.710217
0.045048
0.583856
0.933026
0.023436
0.714853
0.668305
0.023140
0.061194
0.965099
0.575663
0.161499
0.722373
0.930480
0.526604
0.284316
0.014439
0.569485
0.519051
0.339359
0.016850
0.250552
0.675660
0.437677
0.001689
0.882710
0.451691
0.189884
0.614696
0.063741
0.604861
0.454641
0.138296
0.698589
0.986493
0.466866
0.628563
0.050896
0.628119
0.019874
0.141620
0.216147
0.353788
0.741688
0.701815
0.099850
0.669663
0.520867
0.905172
0.281697
0.281367
0.609618
0.898578
0.146109
0.730024
0.823867
0.621099
0.805036
0.029332
0.903449
0.014235
0.691358
0.807053
0.834725
0.926929
0.835120
0.852733
0.064518
0.226288
0.845830
0.501286
0.294601
0.696065
0.964689
0.224142
0.809709
0.136016
0.367767
0.783559
0.228204
0.828791
0.749968
0.420960
0.480114
0.208925
0.502518
0.488864
0.648789
0.231641
0.848514
0.914305
0.480823
0.225550
0.066274
0.784438
0.219567
0.847770
0.712403
0.735334
0.688596
0.114128
0.968789
0.278925
0.673941
0.119504
0.152646
0.877428
0.167495
0.309483
0.927996
0.541723
0.964121
0.337697
0.987514
0.698614
0.359670
0.191722
0.229980
0.265542
0.520504
0.849729
0.702656
0.413248
0.214408
0.911194
0.957158
0.862767
0.595328
0.058609
0.336351
0.063454
0.233197
0.002907
0.145545
0.937637
0.259553
0.987160
0.732269
0.709226
0.141957
0.633982
0.838872
0.821325
0.703193
0.539069
0.599391
0.008010
0.603731
0.111934
0.982867
0.195896
0.767617
0.895795
0.803190
0.043746
0.556047
0.409475
0.547379
0.765728
0.757689
0.478396
0.746582
0.280601
0.396785
0.933237
0.177082
0.961364
0.113280
0.102534
0.384415
0.026100
0.850798
0.579225
0.053356
0.780839
0.386303
0.682756
0.336017
0.791440
0.426685
0.276992
0.500513
0.087455
0.644075
0.345992
0.133298
0.822510
0.418999
0.464559
0.990533
0.727619
0.239137
0.957498
0.359752
0.554646
0.175839
0.886069
0.575306
0.337081
0.879839
0.975601
0.828296
0.317381
0.835159
0.933031
0.478612
0.837411
0.403764
0.038897
0.562055
0.282448
0.620026
0.421188
0.707384
0.351807
0.092574
0.020618
0.927193
0.909023
0.226000
0.858269
0.495884
0.226461
0.772153
0.209674
0.570592
0.735284
0.396318
0.518095
0.106394
0.274926
0.986565
0.034463
0.381582
0.706254
0.210211
0.843166
0.052145
0.169395
0.512041
0.453758
0.836619
0.468051
0.283139
0.056223
0.010885
0.613820
0.003462
0.509254
0.776054
0.104654
0.203427
0.663066
0.696835
0.418761
0.091734
0.708240
0.737332
0.098567
0.366216
0.148769
0.986114
0.417170
0.237511
0.839132
0.585853
0.603062
0.309940
0.433405
0.407792
0.511851
0.684060
0.900683
0.087237
0.502737
0.946352
0.978636
0.482014
0.216614
0.410719
0.232626
0.636290
0.707241
0.421544
0.633496
0.816049
0.261216
0.831700
0.629136
0.552277
0.388650
0.684383
0.577458
0.118610
0.604227
0.207313
0.634753
0.672814
0.131579
0.439898
0.414543
0.994359
0.152803
0.121715
0.253870
0.216753
0.314021
0.120191
0.949571
0.110197
0.590797
0.300356
0.141180
0.240157
0.221146
0.080857
0.588226
0.970424
0.767446
0.554501
0.592752
0.795186
0.529044
0.959429
0.460360
0.602298
0.574019
0.270351
0.800971
0.049200
0.360388
0.143720
0.745200
0.607232
0.775760
0.830349
0.823860
0.475475
0.986887
0.355870
0.012480
0.629363
0.229945
0.428422
0.550377
0.408716
0.422775
0.544546
0.880347
0.639090
0.277635
0.998101
0.308242
0.973388
0.047005
0.427245
0.844261
0.965042
0.483418
0.338950
0.758128
0.093096
0.038319
0.577095
0.177922
0.452019
0.211952
0.555889
0.404751
0.386428
0.338226
0.354524
0.890629
0.411249
0.079960
0.114693
0.612716
0.767132
0.281568
0.617004
0.539051
0.048066
0.903076
0.156196
0.375663
0.844695
0.119396
0.486251
0.257749
0.365486
0.653502
0.380682
0.077231
0.588971
0.594825
0.233800
0.964726
0.541785
0.329884
0.083487
0.583127
0.047489
0.447922
0.167015
0.963554
0.444128
0.669021
0.815287
0.926459
0.362320
0.236456
0.568463
0.291510
0.384700
0.001698
0.262485
0.237347
0.825479
0.963793
0.631265
0.634875
0.138809
0.581384
0.067165
0.744006
0.108999
0.703498
0.941409
0.447950
0.626317
0.834588
0.898824
0.058703
0.000244
0.202170
0.385176
0.071549
0.508315
0.195594
0.901641
0.781091
0.682938
0.327793
0.405715
0.149631
0.007381
0.245841
0.671301
0.290360
0.283122
0.710369
0.047454
0.489432
0.151178
0.279665
0.664417
0.486301
0.046715
0.706344
0.162118
0.700879
0.534362
0.913161
0.411376
0.726695
0.131546
0.793435
0.461215
0.994051
0.716373
0.655170
0.589944
0.539486
0.581714
0.684746
0.888929
0.321039
0.572576
0.835333
0.922251
0.862997
0.605810
0.212540
0.287113
0.694169
0.405972
0.095223
0.302174
0.119517
0.101827
0.432915
0.186769
0.163340
0.968516
0.081043
0.339887
0.021906
0.222354
0.410418
0.850379
0.438156
0.150562
0.027986
0.999764
0.071855
0.600126
0.868167
0.794556
0.644890
0.678089
0.996221
0.071798
0.451328
0.996221
0.588063
0.448273
0.986114
0.404972
0.312748
0.589952
0.754432
0.124539
0.403697
0.599990
0.851507
0.889960
0.321272
0.031425
0.024528
0.042890
0.706894
0.228536
0.089249
0.026708
0.929330
0.966675
0.836088
0.195420
0.568921
0.924338
0.148218
0.383941
0.160915
0.374078
0.822114
0.045530
0.187695
0.714401
0.024817
0.708462
0.686732
0.334919
0.423511
0.094296
0.142911
0.160943
0.130012
0.400819
0.721642
0.993036
0.556271
0.678297
0.251024
0.634394
0.935066
0.931574
0.700833
0.523601
0.820611
0.369978
0.161690
0.360399
0.935710
0.930631
0.945575
0.397930
0.966179
0.189322
0.111862
0.192138
0.505922
0.395962
0.189251
0.066899
0.669138
0.774763
0.790909
0.237883
0.129776
0.769677
0.175196
0.683013
0.666581
0.626345
0.073035
0.705318
0.036722
0.403584
0.409147
0.996581
0.012363
0.203020
0.614247
0.466437
0.391427
0.723065
0.725416
0.688256
0.505836
0.244126
0.413912
0.700151
0.000485
0.063459
0.395931
0.219534
0.521005
0.003238
0.786726
0.822085
0.561305
0.663665
0.447777
0.420695
0.051707
0.985961
0.728017
0.374346
0.500802
0.313634
0.718332
0.053296
0.340532
0.534661
0.252191
0.135007
0.713940
0.692660
0.143370
0.678235
0.588880
0.273788
0.092363
0.576207
0.854112
0.238020
0.946931
0.603838
0.159232
0.589564
0.974144
0.431816
0.340541
0.814745
0.439763
0.649947
0.211049
0.653215
0.655373
0.475507
0.897997
0.817367
0.412512
0.106032
0.108575
0.052303
0.879163
0.780902
0.572015
0.528793
0.769725
0.947481
0.868524
0.788229
0.269716
0.625150
0.634524
0.474562
0.077148
0.177823
0.709982
0.666198
0.962138
0.805686
0.610179
0.892580
0.814858
0.321171
0.925142
0.626932
0.791550
0.217060
0.812913
0.288985
0.342699
0.927390
0.938831
0.029374
0.752514
0.580620
0.285122
0.370172
0.892058
0.929437
0.338009
0.572356
0.669307
0.984508
0.628593
0.429062
0.299418
0.007987
0.654210
0.148660
0.436778
0.994863
0.108376
0.520546
0.692215
0.532928
0.282605
0.876884
0.090642
0.340697
0.053956
0.199952
0.926418
0.364478
0.195736
0.966415
0.914460
0.457933
0.328163
0.086064
0.257856
0.265758
0.586656
0.974602
0.203804
0.410721
0.986565
0.382113
0.986565
0.674509
0.098044
0.721953
0.987345
0.669183
0.889745
0.789375
0.836472
0.386162
0.578263
0.997672
0.398713
0.210765
0.167829
0.999764
0.410447
0.686686
0.693421
0.345113
0.128692
0.315541
0.660427
0.347964
0.406269
0.726283
0.130901
0.213928
0.439509
0.493382
0.676234
0.340301
0.403571
0.240936
0.938741
0.618784
0.819658
0.308189
0.145602
0.360638
0.140752
0.772006
0.020641
0.944014
0.275216
0.853046
0.295537
0.802585
0.166044
0.449058
0.523005
0.021007
0.672461
0.012833
0.378751
0.087438
0.309852
0.939418
0.103709
0.986493
0.668784
0.160885
0.041540
0.229063
0.866235
0.359425
0.466080
0.717121
0.925329
0.517537
0.065054
0.410079
0.596052
0.321797
0.693236
0.075139
0.784289
0.637601
0.802280
0.130609
0.388319
0.278400
0.282800
0.677742
0.234130
0.589723
0.194911
0.553010
0.710005
0.816280
0.269342
0.652354
0.584787
0.573151
0.656075
0.230038
0.461976
0.261950
0.757165
0.723685
0.352668
0.934901
0.795340
0.660780
0.393095
0.919044
0.022233
0.996581
0.450038
0.996581
0.705318
0.440338
0.996581
0.061683
0.756981
0.971383
0.166197
0.236599
0.237226
0.694617
0.044412
0.038869
0.241025
0.912251
0.188187
0.800121
0.009082
0.346239
0.052722
0.373744
0.035021
0.339280
0.777361
0.942315
0.266377
0.756185
0.218408
0.574077
0.287613
0.051130
0.109692
0.869108
0.735815
0.115462
0.851376
0.331804
0.997164
0.736291
0.343783
0.510352
0.676380
0.147121
0.568178
0.878096
0.471906
0.498445
0.749889
0.887548
0.273330
0.408699
0.572323
0.581684
0.167978
0.303421
0.116517
0.582371
0.291192
0.222953
0.975032
0.660179
0.566784
0.935367
0.248176
0.125544
0.394825
0.336455
0.463663
0.904751
0.834229
0.829649
0.878592
0.296506
0.675469
0.849971
0.307636
0.201082
0.429141
0.731205
0.125315
0.213973
0.390448
0.877624
0.397593
0.720689
0.411514
0.425409
0.732855
0.439033
0.740576
0.773668
0.697450
0.512391
0.795526
0.573623
0.913112
0.774409
0.668513
0.616312
0.729518
0.865006
0.811273
0.088956
0.938337
0.017437
0.164259
0.957333
0.967183
0.683076
0.113107
0.279758
0.920429
0.382958
0.410619
0.634345
0.977642
0.565889
0.093251
0.994863
0.192859
0.400767
0.007221
0.699384
0.598983
0.588282
0.761462
0.728731
0.310193
0.957878
0.323631
0.243086
0.051439
0.548018
0.253280
0.191859
0.921640
0.586691
0.937665
0.088057
0.129074
0.612708
0.770631
0.404876
0.659696
0.160097
0.694169
0.390417
0.108306
0.674929
0.342522
0.192093
0.174846
0.206477
0.252464
0.102015
0.337201
0.523983
0.890922
0.100558
0.634628
0.678853
0.697216
0.150409
0.445781
0.704795
0.413480
0.730291
0.720873
0.359392
0.328456
0.157205
0.246193
0.245111
0.619932
0.067051
0.550811
0.285306
0.546790
0.104880
0.078391
0.739128
0.948513
0.909927
0.797526
0.600728
0.956296
0.716571
0.182544
0.725420
0.542247
0.070635
0.049641
0.095417
0.359780
0.109434
0.399112
0.794155
0.116617
0.315168
0.945583
0.328743
0.704165
0.097148
0.927786
0.196885
0.087292
0.250041
0.684656
0.712843
0.208496
0.408365
0.440957
0.267837
0.520451
0.912780
0.115051
0.280818
0.236183
0.823240
0.954304
0.389122
0.560811
0.463555
0.678969
0.098585
0.688857
0.484508
0.476562
0.817322
0.638461
0.262907
0.488625
0.818624
0.038233
0.544180
0.018166
0.947348
0.055428
0.404069
0.192160
0.833877
0.081849
0.302083
0.189803
0.338482
0.696455
0.031981
0.737118
0.717127
0.469167
0.749305
0.617051
0.795317
0.595768
0.083947
0.351665
0.438143
0.717232
0.084507
0.209230
0.982782
0.922671
0.944977
0.798096
0.922285
0.805357
0.030751
0.718390
0.459776
0.623604
0.825357
0.357699
0.565862
0.549259
0.964915
0.547665
0.639904
0.226869
0.986139
0.644429
0.492279
0.696560
0.160794
0.394423
0.030601
0.678506
0.059835
0.711634
0.772183
0.249668
0.001899
0.394928
0.163480
0.033898
0.469280
0.693871
0.187122
0.951070
0.143213
0.500898
0.908953
0.879443
0.728445
0.870253
0.475655
0.624666
0.467412
0.466692
0.367267
0.752214
0.348736
0.645773
0.921479
0.318125
0.744694
0.286127
0.245811
0.562831
0.685204
0.042391
0.821857
0.249034
0.117097
0.479889
0.569116
0.107810
0.892081
0.933461
0.045563
0.685531
0.569136
0.567124
0.723213
0.182470
0.407873
0.993137
0.221751
0.056623
0.860612
0.304146
0.419618
0.997721
0.058637
0.387628
0.986362
0.593624
0.479191
0.359534
0.080552
0.326864
0.345322
0.493634
0.892694
0.496210
0.020918
0.551915
0.825946
0.377783
0.894245
0.893917
0.492034
0.851536
0.726188
0.598080
0.538275
0.459368
0.542597
0.213449
0.059660
0.820506
0.686749
0.078256
0.097106
0.994863
0.186289
0.144517
0.994863
0.023959
0.496184
0.334243
0.021323
0.736657
0.640213
0.536459
0.666020
0.303854
0.841884
0.848093
0.865182
0.338333
0.359822
0.571750
0.506029
0.616749
0.730854
0.547897
0.834659
0.010955
0.066460
0.670973
0.082802
0.129781
0.115664
0.679100
0.411486
0.389168
0.800356
0.218347
0.191635
0.578260
0.263444
0.725665
0.707341
0.289912
0.050099
0.114325
0.059606
0.389226
0.700375
0.121540
0.398827
0.242360
0.589454
0.716411
0.721264
0.731863
0.990152
0.722063
0.758703
0.330879
0.334625
0.330617
0.281282
0.586191
0.330933
0.632884
0.129807
0.765004
0.384868
0.119628
0.236149
0.085871
0.501485
0.685268
0.085309
0.511124
0.475243
0.570346
0.839582
0.859684
0.628880
0.221002
0.531024
0.552465
0.021230
0.608002
0.840931
0.662709
0.434264
0.448343
0.627169
0.436032
0.871269
0.485740
0.216654
0.932476
0.293653
0.016737
0.077435
0.144419
0.731472
0.237150
0.532131
0.474997
0.461173
0.124563
0.709413
0.784177
0.547278
0.773462
0.469515
0.922871
0.027313
0.283985
0.860712
0.485612
0.841138
0.642325
0.299048
0.672259
0.336345
0.416356
0.615448
0.208681
0.249213
0.439065
0.626618
0.832205
0.003986
0.852961
0.684746
0.293218
0.389377
0.490209
0.706561
0.100210
0.167103
0.811026
0.692727
0.579013
0.309028
0.933853
0.410113
0.244986
0.822867
0.003765
0.815917
0.752343
0.846180
0.271407
0.667895
0.392614
0.809056
0.225877
0.129351
0.250321
0.291000
0.546065
0.631979
0.553158
0.140358
0.032252
0.636612
0.573045
0.507443
0.251625
0.541123
0.551833
0.997767
0.697646
0.553853
0.215754
0.665816
0.617245
0.250341
0.636795
0.164944
0.509941
0.479361
0.639331
0.398971
0.991999
0.263420
0.346889
0.888286
0.603794
0.360504
0.747246
0.508524
0.242474
0.066807
0.645313
0.698384
0.999669
0.418907
0.230601
0.397413
0.790233
0.074803
0.894464
0.771339
0.249851
0.412496
0.880247
0.966446
0.052318
0.377581
0.571044
0.156836
0.738717
0.549573
0.546012
0.678533
0.534481
0.785511
0.345040
0.257774
0.213750
0.525327
0.597835
0.720036
0.144952
0.324776
0.720678
0.448265
0.238746
0.673255
0.470668
0.997721
0.725039
0.192522
0.087920
0.506843
0.579647
0.382748
0.319718
0.594493
0.033134
0.390786
0.844292
0.790264
0.000873
0.889440
0.605030
0.594013
0.794899
0.482432
0.445628
0.596736
0.750480
0.287612
0.051562
0.583099
0.058822
0.502367
0.221179
0.200332
0.547795
0.414959
0.383255
0.349781
0.482470
0.078613
0.174821
0.499339
0.875140
0.899958
0.300133
0.586914
0.802049
0.399105
0.180335
0.344764
0.217689
0.883358
0.439417
0.563289
0.272249
0.023923
0.241799
0.267337
0.077102
0.864693
0.109719
0.492781
0.986565
0.383527
0.692731
0.986565
0.399759
0.274460
0.325905
0.830777
0.692771
0.541492
0.290574
0.160407
0.438967
0.677919
0.732706
0.999764
0.470527
0.726475
0.310878
0.144231
0.699139
0.404184
0.258579
0.222007
0.498903
0.148464
0.721483
0.583711
0.905394
0.317214
0.937866
0.112759
0.698317
0.957530
0.546982
0.495035
0.360534
0.323930
0.536129
0.722265
0.991013
0.412262
0.724910
0.991013
0.647807
0.419334
0.117606
0.982789
0.075755
0.577872
0.188389
0.424382
0.344305
0.781499
0.878396
0.823733
0.171424
0.845411
0.951812
0.970566
0.210174
0.272481
0.039992
0.853378
0.406413
0.842480
0.236023
0.251550
0.507029
0.835772
0.695585
0.902109
0.296191
0.820357
0.947859
0.340614
0.767631
0.910668
0.360674
0.677503
0.979408
0.685960
0.022826
0.049899
0.624128
0.596686
0.909575
0.744314
0.079374
0.485087
0.837754
0.087296
0.039740
0.331421
0.944396
0.577496
0.091329
0.524579
0.834034
0.921973
0.614294
0.594267
0.528466
0.039312
0.012377
0.414853
0.582822
0.709110
0.715349
0.116195
0.203471
0.747765
0.097973
0.016433
0.768040
0.849955
0.746296
0.262299
0.040669
0.888585
0.080523
0.444978
0.204972
0.457709
0.736586
0.409121
0.151292
0.076695
0.012640
0.428974
0.205846
0.162774
0.715593
0.762740
0.599851
0.895530
0.192137
0.422638
0.329343
0.022671
0.451752
0.906442
0.026335
0.733825
0.475225
0.453750
0.432056
0.803434
0.602483
0.428258
0.489360
0.499426
0.487764
0.482011
0.956896
0.065278
0.877999
0.258971
0.092126
0.718381
0.666313
0.058183
0.700395
0.330175
0.223504
0.850196
0.846602
0.425068
0.382708
0.057654
0.465012
0.107347
0.269375
0.039910
0.968643
0.115273
0.490499
0.714245
0.786710
0.335051
0.137796
0.389342
0.377834
0.869149
0.964354
0.100937
0.056014
0.837957
0.626942
0.930397
0.600617
0.013874
0.631992
0.466043
0.993137
0.441061
0.320155
0.324452
0.219379
0.252258
0.714873
0.438450
0.632098
0.642404
0.037693
0.525095
0.718207
0.121062
0.604871
0.070951
0.951479
0.968645
0.262491
0.102492
0.446989
0.453244
0.983923
0.168798
0.079387
0.714559
0.478982
0.910188
0.395511
0.708455
0.477744
0.619732
0.103494
0.483490
0.228729
0.732531
0.708180
0.434609
0.620563
0.508997
0.263717
0.460328
0.475188
0.916119
0.062391
0.566880
0.087817
0.949513
0.926532
0.445313
0.431652
0.012708
0.907356
0.886458
0.972589
0.525495
0.098378
0.050974
0.743335
0.697415
0.075064
0.537213
0.012205
0.660621
0.384566
0.561317
0.326063
0.247497
0.538765
0.197418
0.146422
0.992601
0.004534
0.992601
0.410758
0.117713
0.685082
0.156216
0.739245
0.376552
0.574999
0.505757
0.723308
0.699139
0.649206
0.401223
0.689001
0.340447
0.382599
0.866235
0.566886
0.561947
0.123230
0.073630
0.084046
0.671677
0.022742
0.965863
0.904896
0.137727
0.289714
0.408045
0.413880
0.126100
0.409214
0.493512
0.159825
0.669186
0.820582
0.190683
0.502530
0.411018
0.554462
0.941238
0.601726
0.260186
0.254561
0.148426
0.439547
0.965342
0.428082
0.119574
0.986559
0.677713
0.177578
0.243962
0.310556
0.076375
0.485334
0.968013
0.132906
0.620674
0.331354
0.832313
0.776232
0.459024
0.667810
0.016388
0.639097
0.598516
0.931197
0.852888
0.281687
0.166887
0.697657
0.099982
0.805649
0.681135
0.482976
0.920523
0.850906
0.032983
0.809661
0.680408
0.612352
0.292632
0.808925
0.088716
0.175520
0.021861
0.892155
0.836608
0.319264
0.265844
0.558017
0.778935
0.308556
0.717016
0.993299
0.557064
0.846716
0.694663
0.463918
0.789712
0.440788
0.079957
0.342402
0.870946
0.295202
0.778478
0.444628
0.467935
0.734311
0.993172
0.107584
0.005470
0.134095
0.949452
0.062687
0.409920
0.402523
0.183248
0.945323
0.391704
0.864414
0.197433
0.383393
0.821451
0.038647
0.699473
0.072187
0.633042
0.331058
0.350005
0.630784
0.268137
0.507516
0.765976
0.110743
0.123041
0.323743
0.126754
0.247188
0.072154
0.387842
0.749039
0.158328
0.832710
0.663512
0.067097
0.011947
0.572677
0.952275
0.517857
0.782963
0.035680
0.623063
0.930001
0.768486
0.711027
0.860503
0.274992
0.192665
0.720262
0.274236
0.881752
0.046184
0.740328
0.767719
0.861780
0.637314
0.412955
0.194889
0.724416
0.444581
0.385284
0.297775
0.403575
0.879651
0.582343
0.899995
0.572921
0.072248
0.581481
0.139404
0.742363
0.720678
0.454582
0.388169
0.762717
0.601194
0.696002
0.287501
0.986362
0.303879
0.959743
0.314943
0.362732
0.610001
0.872416
0.855348
0.718857
0.746919
0.357192
0.517984
0.479878
0.844940
0.853131
0.970619
0.433446
0.919848
0.450826
0.927052
0.571630
0.828096
0.310814
0.252156
0.491305
0.336234
0.538951
0.030548
0.994863
0.062531
0.994863
0.117445
0.483359
0.714566
0.293716
0.664265
0.385762
0.152485
0.600618
0.322858
0.968023
0.581335
0.468955
0.131526
0.506171
0.455280
0.404737
0.164211
0.973017
0.881230
0.535822
0.037106
0.388953
0.121190
0.162307
0.971478
0.196025
0.393486
0.757897
0.630455
0.124049
0.815091
0.160685
0.465178
0.416402
0.371268
0.386852
0.046860
0.355977
0.416110
0.999764
0.152402
0.455174
0.175330
0.683419
0.999764
0.170192
0.062885
0.031422
0.256419
0.198815
0.867828
0.801017
0.099261
0.798909
0.150364
0.724380
0.428678
0.952248
0.445489
0.263480
0.592147
0.273602
0.741013
0.399380
0.024499
0.991013
0.394641
0.885713
0.740734
0.150574
0.347493
0.468798
0.485577
0.048147
0.981900
0.006579
0.946087
0.274464
0.953417
0.162270
0.508061
0.151032
0.107307
0.380776
0.661195
0.684660
0.083253
0.209222
0.562475
0.108096
0.276856
0.448336
0.423056
0.540242
0.008935
0.358419
0.640822
0.526311
0.494571
0.831404
0.895916
0.627609
0.780195
0.719548
0.738423
0.814663
0.846726
0.982109
0.632323
0.237722
0.265747
0.934064
0.675048
0.801125
0.397104
0.724644
0.447089
0.382967
0.404803
0.989817
0.334635
0.533463
0.689319
0.722788
0.495950
0.803546
0.712495
0.959104
0.238169
0.482847
0.275102
0.660924
0.498189
0.181100
0.373685
0.091607
0.490515
0.071372
0.931852
0.152179
0.102085
0.163776
0.483502
0.457423
0.675251
0.365502
0.874781
0.081689
0.265849
0.962236
0.426732
0.728112
0.737746
0.391861
0.462517
0.256027
0.803059
0.900110
0.299581
0.384968
0.057534
0.697718
0.334836
0.861713
0.611731
0.145196
0.943189
0.670481
0.759301
0.803986
0.088577
0.336274
0.570023
0.909207
0.563324
0.477386
0.458964
0.865310
0.612605
0.824692
0.639199
0.684152
0.685630
0.621031
0.921606
0.184805
0.514000
0.432134
0.365829
0.582462
0.089329
0.838328
0.003743
0.267836
0.656656
0.480047
0.470340
0.565745
0.099589
0.722711
0.493005
0.958511
0.179568
0.033599
0.047878
0.283561
0.199861
0.389505
0.401430
0.932307
0.536331
0.114178
0.840071
0.398920
0.350220
0.219827
0.054218
0.284049
0.507674
0.520949
0.062657
0.651178
0.666386
0.803592
0.411262
0.183297
0.795838
0.820812
0.894036
0.499823
0.226329
0.943402
0.004310
0.103569
0.850191
0.513871
0.943687
0.004151
0.727467
0.291080
0.431613
0.860842
0.168222
0.402292
0.327024
0.624086
0.517250
0.867287
0.924740
0.617537
0.166116
0.063784
0.374584
0.614140
0.163480
0.111883
0.313827
0.807764
0.377200
0.077154
0.248618
0.248865
0.218023
0.731095
0.384510
0.963812
0.249065
0.372948
0.328972
0.459455
0.158625
0.184744
0.880551
0.905910
0.694277
0.276519
0.912795
0.056960
0.668349
0.226073
0.260632
0.278312
0.520490
0.473975
0.548959
0.478397
0.430696
0.909694
0.489114
0.992601
0.715648
0.378580
0.058622
0.106209
0.355525
0.444677
0.148135
0.324437
0.197830
0.053309
0.097429
0.781108
0.491892
0.991188
0.623996
0.526904
0.855676
0.143247
0.475819
0.270630
0.863714
0.407108
0.183830
0.498666
0.375170
0.352287
0.681078
0.415628
0.694531
0.741013
0.237762
0.629261
0.197501
0.077068
0.000726
0.553233
0.694337
0.959466
0.358045
0.806787
0.310130
0.829373
0.450328
0.724486
0.359724
0.773437
0.764651
0.679940
0.164455
0.251172
0.714710
0.093568
0.447532
0.625314
0.138566
0.900617
0.709963
0.017149
0.213787
0.732848
0.235342
0.995468
0.083003
0.865042
0.134542
0.916659
0.096409
0.101620
0.835673
0.571063
0.480983
0.015051
0.279262
0.757667
0.403042
0.857885
0.805126
0.965449
0.936921
0.850052
0.943383
0.554551
0.445720
0.172838
0.488320
0.345503
0.989817
0.025842
0.786204
0.749748
0.355049
0.216721
0.497326
0.484391
0.015131
0.564090
0.934437
0.976033
0.739200
0.452495
0.964660
0.832649
0.223611
0.554054
0.798425
0.091832
0.488663
0.560291
0.538877
0.367093
0.027733
0.837784
0.690078
0.916298
0.943160
0.220885
0.391706
0.669862
0.432259
0.996555
0.426045
0.253956
0.913489
0.610460
0.274132
0.864551
0.100293
0.985266
0.323939
0.430572
0.421185
0.301698
0.271192
0.740053
0.099007
0.418142
0.721709
0.662476
0.482746
0.327748
0.325579
0.143434
0.019877
0.285648
0.265322
0.150917
0.822794
0.445927
0.373149
0.748025
0.406293
0.468900
0.142418
0.831103
0.051903
0.136993
0.827007
0.432049
0.990711
0.131151
0.735838
0.367751
0.332884
0.593634
0.884135
0.215988
0.473627
0.251166
0.785613
0.721870
0.454760
0.888318
0.709586
0.285588
0.933998
0.753167
0.405609
0.407291
0.968200
0.665939
0.978075
0.825820
0.755652
0.813626
0.839592
0.769598
0.458736
0.080717
0.521338
0.846665
0.653533
0.893823
0.317216
0.875648
0.158976
0.289555
0.941972
0.576330
0.844744
0.977549
0.571302
0.481247
0.461050
0.625633
0.010458
0.380706
0.210518
0.737597
0.059903
0.391299
0.000097
0.606230
0.461961
0.939946
0.798918
0.919773
0.217782
0.449389
0.437529
0.177848
0.452962
0.798818
0.838273
0.866531
0.823132
0.051379
0.310861
0.069430
0.425168
0.023741
0.098352
0.304456
0.099471
0.746389
0.405767
0.811043
0.455129
0.284310
0.697035
0.440741
0.050622
0.928295
0.788649
0.880611
0.342848
0.230890
0.304713
0.053437
0.748346
0.661267
0.414334
0.565367
0.711197
0.562272
0.146901
0.341700
0.051333
0.110556
0.163626
0.406928
0.992601
0.095985
0.247538
0.595053
0.593863
0.434448
0.319774
0.144358
0.685245
0.327912
0.164652
0.235542
0.558833
0.365413
0.508727
0.156162
0.688784
0.298879
0.311861
0.181255
0.499660
0.641020
0.363099
0.483246
0.693772
0.146287
0.639391
0.029453
0.974555
0.708940
0.310256
0.940921
0.125667
0.577482
0.151323
0.612863
0.194009
0.000425
0.307506
0.103180
0.970548
0.631308
0.888991
0.156671
0.933673
0.313730
0.738147
0.001589
0.916987
0.078358
0.900970
0.462810
0.386962
0.318418
0.649022
0.367140
0.317395
0.187218
0.775309
0.082693
0.140806
0.191234
0.200265
0.373249
0.669190
0.348471
0.713973
0.055214
0.989447
0.464310
0.911815
0.350835
0.135653
0.811399
0.688635
0.442451
0.325983
0.230264
0.098878
0.919178
0.050386
0.155505
0.355763
0.319097
0.621420
0.281058
0.789872
0.419986
0.592743
0.813077
0.457851
0.807271
0.344674
0.225955
0.415546
0.509862
0.287281
0.714497
0.064779
0.449778
0.769584
0.219918
0.646774
0.452892
0.854646
0.934440
0.849759
0.749219
0.646167
0.339817
0.691209
0.060336
0.811946
0.579901
0.405342
0.721314
0.277366
0.703041
0.635281
0.848451
0.782564
0.967384
0.683346
0.426416
0.278263
0.299472
0.788201
0.828214
0.315991
0.673507
0.218303
0.692208
0.306718
0.327827
0.448451
0.152280
0.659072
0.864822
0.508190
0.417027
0.346259
0.396667
0.570898
0.124736
0.415533
0.173202
0.249069
0.450913
0.545058
0.488493
0.464002
0.578280
0.924205
0.167957
0.474803
0.436274
0.736378
0.735838
0.102827
0.341191
0.923650
0.646182
0.715094
0.094869
0.143022
0.884488
0.500676
0.202999
0.651976
0.718522
0.346151
0.759333
0.526224
0.786098
0.519278
0.943046
0.955411
0.965561
0.719122
0.817388
0.966880
0.879937
0.499138
0.360117
0.247773
0.733333
0.349506
0.619252
0.236430
0.062378
0.395137
0.584137
0.275265
0.160968
0.742878
0.076660
0.638451
0.986640
0.714399
0.012422
0.597107
0.851837
0.317942
0.052473
0.864463
0.465773
0.356340
0.243256
0.492271
0.175823
0.938858
0.740261
0.493808
0.781505
0.341339
0.628600
0.646198
0.538156
0.070616
0.924725
0.345557
0.620215
0.209975
0.035483
0.458640
0.566445
0.238206
0.215928
0.367731
0.810207
0.113807
0.342192
0.144837
0.752476
0.731082
0.271228
0.872547
0.246960
0.546780
0.100604
0.977050
0.639098
0.348917
0.658446
0.525309
0.546991
0.819968
0.920063
0.032017
0.164959
0.432865
0.112943
0.992601
0.733345
0.710217
0.714487
0.086536
0.271043
0.468580
0.092483
0.755225
0.707891
0.166332
0.317716
0.398717
0.991188
0.089676
0.707659
0.677847
0.660798
0.599018
0.571083
0.632128
0.411713
0.285874
0.041235
0.634767
0.982750
0.762235
0.042746
0.999844
0.406672
0.832247
0.796165
0.959474
0.069672
0.066148
0.751419
0.174588
0.010101
0.595044
0.000699
0.103823
0.492374
0.830795
0.496245
0.395259
0.126479
0.852748
0.512979
0.908288
0.693161
0.757182
0.008554
0.844244
0.614436
0.597569
0.849446
0.413087
0.315444
0.180302
0.642037
0.861717
0.056134
0.119766
0.551386
0.913121
0.362297
0.568541
0.044217
0.495858
0.640272
0.413811
0.676854
0.407448
0.268793
0.197769
0.690369
0.529174
0.884846
0.649295
0.043156
0.956566
0.287502
0.486064
0.261100
0.689713
0.154698
0.389788
0.655987
0.227317
0.874625
0.376352
0.233233
0.853783
0.707154
0.989228
0.172282
0.061130
0.521056
0.149391
0.478238
0.410546
0.961270
0.886961
0.038717
0.238223
0.198286
0.638371
0.669222
0.537004
0.079111
0.713806
0.207099
0.494919
0.533353
0.999043
0.127052
0.247839
0.569408
0.459732
0.415503
0.996555
0.411294
0.215632
0.914320
0.850204
0.829361
0.720493
0.028423
0.201137
0.966353
0.892926
0.732473
0.172340
0.064956
0.632099
0.943343
0.080614
0.565345
0.098791
0.370481
0.926224
0.802286
0.778504
0.618570
0.369372
0.622808
0.578978
0.929419
0.234866
0.451065
0.303404
0.882514
0.226691
0.604542
0.817461
0.546284
0.248410
0.096826
0.716820
0.438631
0.011727
0.210954
0.160665
0.058207
0.510519
0.711779
0.171162
0.667479
0.254795
0.517036
0.984691
0.691715
0.067553
0.574505
0.880552
0.671133
0.596092
0.925601
0.442069
0.110831
0.737884
0.415111
0.260380
0.752690
0.622009
0.099935
0.914211
0.328435
0.227214
0.550416
0.265952
0.006027
0.001581
0.607212
0.539259
0.984803
0.638101
0.234548
0.638185
0.120161
0.559225
0.252679
0.682143
0.800389
0.377912
0.550511
0.931486
0.496378
0.885653
0.899227
0.894686
0.446885
0.269279
0.306912
0.169468
0.842144
0.374697
0.840207
0.128251
0.126258
0.310626
0.494024
0.236002
0.387063
0.959346
0.350569
0.581309
0.959073
0.521710
0.469558
0.526136
0.782602
0.354455
0.417171
0.575103
0.676933
0.390096
0.629492
0.642105
0.668237
0.491514
0.088913
0.533170
0.019162
0.609371
0.873000
0.774183
0.526284
0.052559
0.927700
0.916864
0.357859
0.818384
0.693002
0.854355
0.806117
0.316473
0.068610
0.311034
0.155223
0.663161
0.215053
0.612793
0.375588
0.264141
0.985071
0.542773
0.522748
0.209161
0.362062
0.991188
0.682077
0.344397
0.986596
0.731805
0.317493
0.281359
0.592596
0.089711
0.290724
0.724227
0.674888
0.935131
0.939000
0.397129
0.112549
0.921383
0.504082
0.566301
0.360694
0.691591
0.796532
0.642763
0.717038
0.117082
0.113016
0.325288
0.659697
0.453488
0.582155
0.355532
0.390752
0.919582
0.007766
0.740808
0.364759
0.702512
0.275814
0.037983
0.722146
0.351125
0.161193
0.396504
0.290865
0.566786
0.786734
0.274737
0.403393
0.691094
0.157893
0.697928
0.925101
0.963660
0.965270
0.174348
0.682428
0.523296
0.989447
0.001174
0.600671
0.231795
0.713149
0.182327
0.214933
0.204997
0.319152
0.530972
0.987572
0.025647
0.441517
0.669778
0.373873
0.352693
0.656626
0.014371
0.282689
0.373036
0.381627
0.310286
0.482326
0.136656
0.008663
0.584515
0.634787
0.339267
0.606684
0.422004
0.319550
0.011341
0.959443
0.162665
0.820620
0.395524
0.379699
0.554454
0.961963
0.925281
0.895864
0.897386
0.278596
0.569575
0.629014
0.965831
0.195083
0.996555
0.413926
0.400699
0.990167
0.667201
0.888580
0.052180
0.015086
0.219421
0.735927
0.556970
0.467240
0.066877
0.021224
0.328543
0.905979
0.678548
0.722107
0.220839
0.614880
0.310542
0.187802
0.726762
0.482772
0.102413
0.201548
0.132797
0.365792
0.881370
0.505337
0.334286
0.471079
0.433515
0.186271
0.320019
0.323828
0.760233
0.336238
0.288659
0.990711
0.389613
0.442454
0.990711
0.423173
0.458133
0.868499
0.705679
0.133725
0.405535
0.993825
0.153699
0.668837
0.587538
0.333255
0.609143
0.980948
0.571857
0.036045
0.972310
0.851389
0.399204
0.361410
0.237199
0.160492
0.080923
0.368149
0.289612
0.496898
0.241924
0.355002
0.140994
0.299082
0.149137
0.698244
0.407449
0.024446
0.429448
0.091809
0.585924
0.481761
0.043377
0.810713
0.648201
0.470522
0.704360
0.093179
0.230677
0.438975
0.395742
0.462372
0.461406
0.190760
0.202939
0.315358
0.285136
0.150168
0.076397
0.409467
0.618881
0.099904
0.023123
0.973624
0.688491
0.633979
0.914068
0.797908
0.401051
0.972437
0.336578
0.276271
0.336207
0.865891
0.632449
0.947248
0.425680
0.051882
0.281785
0.282069
0.715562
0.946822
0.631507
0.479780
0.648164
0.411140
0.557666
0.000031
0.484283
0.314857
0.097191
0.385793
0.284209
0.169284
0.413643
0.974404
0.545328
0.050363
0.371256
0.974414
0.971137
0.802107
0.602144
0.690534
0.033206
0.815972
0.554952
0.736625
0.143266
0.134258
0.823430
0.698790
0.333259
0.432861
0.646906
0.659389
0.849718
0.415399
0.000227
0.134015
0.805142
0.523472
0.217960
0.312741
0.839705
0.459175
0.871046
0.306977
0.275279
0.048287
0.793813
0.326230
0.680757
0.696524
0.636143
0.262088
0.600408
0.930470
0.843554
0.700936
0.959550
0.238706
0.728991
0.632157
0.685348
0.297144
0.645145
0.227084
0.242919
0.154405
0.718703
0.526247
0.744099
0.478728
0.691347
0.009848
0.178061
0.846655
0.875248
0.060698
0.512686
0.402085
0.741392
0.246834
0.588347
0.162985
0.549413
0.236175
0.206880
0.358360
0.500243
0.390427
0.993556
0.434549
0.432401
0.182146
0.993556
0.187691
0.408828
0.139569
0.279224
0.317364
0.724861
0.444170
0.989817
0.091174
0.656626
0.400590
0.989817
0.149101
0.721089
0.495608
0.166899
0.508008
0.282019
0.805601
0.637224
0.003687
0.160074
0.268284
0.427759
0.058379
0.207348
0.208926
0.066665
0.012443
0.720421
0.097513
0.737800
0.235065
0.581583
0.577102
0.423800
0.457823
0.069588
0.835731
0.938420
0.601183
0.107467
0.773441
0.601817
0.680614
0.728874
0.632016
0.513426
0.517876
0.129766
0.022807
0.119299
0.376242
0.792936
0.700243
0.666464
0.585612
0.519045
0.812456
0.845260
0.723120
0.205592
0.027468
0.897717
0.799437
0.168504
0.429379
0.718851
0.637656
0.851275
0.934375
0.297987
0.457668
0.514359
0.455651
0.585671
0.735262
0.372886
0.898650
0.671817
0.457777
0.447200
0.730987
0.164758
0.444044
0.371875
0.769907
0.338626
0.602802
0.697084
0.708161
0.033847
0.513191
0.485301
0.441324
0.041879
0.306471
0.246713
0.228694
0.671155
0.939635
0.767182
0.198421
0.821119
0.397687
0.015569
0.958283
0.457245
0.957467
0.827859
0.339422
0.455882
0.995916
0.460450
0.604648
0.595493
0.116462
0.305180
0.254437
0.317736
0.734758
0.044410
0.584370
0.999346
0.076633
0.455212
0.962209
0.020507
0.595691
0.222294
0.045659
0.963832
0.065056
0.957767
0.133443
0.863049
0.607506
0.006039
0.047169
0.362725
0.729342
0.433427
0.878773
0.696840
0.979293
0.038946
0.841273
0.128905
0.378899
0.663865
0.047175
0.142511
0.910717
0.175692
0.511036
0.012875
0.830780
0.096100
0.467177
0.008192
0.477139
0.442683
0.131021
0.492320
0.271210
0.893983
0.468479
0.052313
0.306892
0.970364
0.261715
0.927301
0.206969
0.576543
0.145620
0.737687
0.069712
0.672950
0.945748
0.621068
0.712674
0.152953
0.168109
0.485982
0.286568
0.493072
0.201251
0.355683
0.530558
0.627750
0.502954
0.647780
0.931052
0.664541
0.803567
0.224574
0.648693
0.807550
0.195797
0.953198
0.721247
0.675948
0.661201
0.180798
0.521693
0.491859
0.355894
0.601605
0.398406
0.441038
0.325284
0.660244
0.104763
0.375729
0.707939
0.386294
0.655035
0.598820
0.123977
0.923185
0.347547
0.330833
0.510270
0.330989
0.459882
0.877080
0.084132
0.385487
0.738567
0.164185
0.042853
0.995497
0.014006
0.715678
0.719344
0.989589
0.633877
0.480081
0.753668
0.331604
0.124703
0.707259
0.111473
0.524176
0.147376
0.890959
0.205726
0.739234
0.198951
0.205880
0.340817
0.719623
0.438048
0.701634
0.701119
0.734232
0.550219
0.980869
0.575690
0.215522
0.727422
0.429811
0.636238
0.562388
0.398880
0.256629
0.989817
0.256089
0.522961
0.044293
0.110888
0.803072
0.707324
0.911693
0.691933
0.163326
0.727378
0.563078
0.960146
0.552472
0.969260
0.692650
0.142535
0.039404
0.831110
0.285369
0.678627
0.780154
0.041694
0.822106
0.089549
0.553572
0.553900
0.379730
0.328234
0.548807
0.773192
0.678481
0.423378
0.458874
0.538690
0.444243
0.785687
0.908683
0.759756
0.630652
0.590045
0.258346
0.805559
0.705353
0.774328
0.461519
0.890353
0.138228
0.231748
0.012176
0.143590
0.150949
0.530476
0.513426
0.011648
0.082356
0.517631
0.494030
0.926027
0.200765
0.734943
0.791217
0.970220
0.431634
0.455020
0.412209
0.872093
0.168607
0.839300
0.130018
0.187981
0.411236
0.990711
0.592032
0.785740
0.516001
0.634295
0.007407
0.792755
0.035506
0.579854
0.877759
0.277141
0.735732
0.844306
0.743197
0.160906
0.523761
0.450853
0.368082
0.917100
0.636368
0.176978
0.063463
0.014510
0.994101
0.111089
0.615400
0.187619
0.557558
0.192031
0.453848
0.441571
0.420020
0.898630
0.053852
0.973730
0.307295
0.820990
0.176091
0.973154
0.300482
0.860590
0.374816
0.192234
0.331735
0.196670
0.599817
0.215328
0.089718
0.043596
0.799223
0.472387
0.924706
0.372428
0.157280
0.665803
0.065528
0.781092
0.120521
0.591604
0.949255
0.955054
0.927527
0.604945
0.899258
0.340819
0.322819
0.626122
0.027619
0.955902
0.699561
0.781768
0.722656
0.133533
0.612936
0.502140
0.250410
0.080954
0.267248
0.984328
0.111022
0.624270
0.582981
0.827280
0.279704
0.911299
0.970041
0.151290
0.181869
0.474689
0.441806
0.545315
0.229420
0.527703
0.970101
0.512433
0.178308
0.803422
0.819080
0.088935
0.576506
0.480283
0.618682
0.737069
0.948412
0.528522
0.304907
0.305913
0.320300
0.310124
0.470712
0.529303
0.867487
0.551977
0.140870
0.503358
0.665065
0.614508
0.056302
0.537787
0.979745
0.060919
0.075029
0.492857
0.652064
0.144166
0.911483
0.845063
0.959055
0.453566
0.333845
0.526099
0.412639
0.067960
0.326910
0.417831
0.655480
0.350056
0.948197
0.486206
0.052654
0.673289
0.351045
0.234401
0.755023
0.569258
0.298558
0.644296
0.611257
0.425753
0.394321
0.109324
0.386281
0.068358
0.445850
0.703914
0.063295
0.185660
0.287333
0.217029
0.453984
0.664985
0.005196
0.737784
0.954821
0.471738
0.560742
0.382545
0.523622
0.333232
0.400674
0.686869
0.724503
0.681982
0.683340
0.279635
0.308193
0.900943
0.626313
0.989357
0.313530
0.047258
0.172682
0.130848
0.631554
0.477833
0.678863
0.831333
0.649047
0.668452
0.773062
0.004014
0.366547
0.186145
0.328574
0.568571
0.275912
0.303399
0.939357
0.366156
0.133160
0.474037
0.735495
0.465815
0.632788
0.321779
0.236930
0.016342
0.828231
0.047306
0.385766
0.400274
0.094517
0.703722
0.999076
0.575786
0.217444
0.494148
0.012178
0.683558
0.833122
0.770925
0.462492
0.591464
0.130698
0.653268
0.941008
0.405472
0.589743
0.247299
0.382678
0.004160
0.343976
0.230737
0.720318
0.136649
0.758737
0.555598
0.885528
0.494985
0.366538
0.634021
0.109010
0.194112
0.980774
0.861972
0.560278
0.903081
0.081782
0.619640
0.816123
0.711903
0.093200
0.419242
0.533225
0.041439
0.513338
0.374651
0.713531
0.265785
0.030986
0.207548
0.078625
0.834036
0.904978
0.596350
0.345596
0.776589
0.110509
0.170380
0.452839
0.395297
0.813632
0.731444
0.397728
0.861129
0.550947
0.994101
0.468341
0.411378
0.741684
0.660013
0.257494
0.445010
0.995916
0.728256
0.726375
0.445741
0.464169
0.018230
0.617345
0.974803
0.228002
0.888794
0.397098
0.324022
0.044033
0.542225
0.227197
0.923145
0.476082
0.553528
0.808322
0.608769
0.843583
0.955684
0.408049
0.588608
0.958160
0.690127
0.153146
0.396896
0.122741
0.057973
0.784491
0.244106
0.343315
0.721090
0.647210
0.639628
0.138120
0.259855
0.884385
0.933359
0.168658
0.310596
0.284848
0.679241
0.788374
0.332706
0.788193
0.446072
0.043545
0.993215
0.300646
0.473485
0.213904
0.538987
0.888329
0.338092
0.916277
0.876808
0.100103
0.110195
0.655610
0.641253
0.040626
0.008220
0.466170
0.057123
0.867017
0.068616
0.035695
0.645389
0.955412
0.975216
0.859105
0.755389
0.922056
0.175164
0.765473
0.210891
0.584881
0.099100
0.760762
0.212959
0.857347
0.161298
0.920921
0.456937
0.516373
0.560188
0.668145
0.188344
0.026284
0.159920
0.156164
0.407607
0.977854
0.447419
0.138775
0.885484
0.859022
0.874128
0.548353
0.553048
0.002319
0.814307
0.275533
0.087250
0.737073
0.987583
0.734378
0.705490
0.582021
0.536502
0.808216
0.170782
0.916409
0.717351
0.460603
0.999958
0.021357
0.249232
0.846087
0.578196
0.613287
0.850409
0.271299
0.279119
0.668919
0.806009
0.614517
0.706960
0.735519
0.347073
0.366501
0.997893
0.191754
0.581807
0.108892
0.881049
0.104291
0.734946
0.097528
0.808770
0.877296
0.294514
0.312871
0.892314
0.067619
0.251936
0.444864
0.590904
0.629963
0.575850
0.435662
0.373345
0.406375
0.415891
0.821128
0.838311
0.318919
0.906530
0.524368
0.514559
0.502833
0.999181
0.000474
0.192075
0.520400
0.953061
0.802578
0.043200
0.750183
0.085493
0.643030
0.275597
0.374981
0.237586
0.175218
0.568479
0.525848
0.284709
0.223159
0.994842
0.693058
0.141454
0.522332
0.552336
0.404228
0.262154
0.594002
0.375240
0.976095
0.390934
0.680793
0.789336
0.949203
0.292449
0.268014
0.942754
0.730864
0.364349
0.383092
0.122003
0.492467
0.508455
0.767410
0.293574
0.908842
0.969493
0.886198
0.179379
0.312971
0.708029
0.447287
0.898412
0.498646
0.880709
0.581108
0.706918
0.432527
0.485559
0.371986
0.055675
0.441831
0.176614
0.525086
0.554804
0.372950
0.334132
0.378925
0.173902
0.119504
0.819495
0.583671
0.109579
0.687437
0.090060
0.928823
0.274267
0.314250
0.709272
0.708450
0.890500
0.522851
0.101895
0.318951
0.926539
0.753907
0.199653
0.809161
0.677233
0.076357
0.994101
0.104089
0.710372
0.879875
0.877265
0.187437
0.402155
0.732067
0.677674
0.270447
0.666139
0.467471
0.786322
0.760878
0.054202
0.360423
0.061898
0.080745
0.515529
0.949506
0.132020
0.025524
0.757520
0.473044
0.203105
0.496449
0.983575
0.264961
0.815163
0.001399
0.930877
0.667016
0.957584
0.806299
0.745448
0.624787
0.938604
0.570931
0.100777
0.547351
0.265743
0.753139
0.701338
0.436873
0.682948
0.104166
0.043422
0.694418
0.825789
0.836122
0.484920
0.166401
0.674523
0.108182
0.689562
0.742337
0.690915
0.370701
0.031778
0.785724
0.162974
0.469020
0.974844
0.511188
0.405714
0.451239
0.673844
0.439590
0.701341
0.988918
0.663044
0.102686
0.357068
0.122965
0.584250
0.516982
0.453929
0.638417
0.620782
0.780407
0.506003
0.111997
0.474210
0.229978
0.805733
0.553937
0.021890
0.600284
0.626933
0.097903
0.239387
0.053027
0.120773
0.501025
0.652021
0.356029
0.609436
0.742761
0.767878
0.472657
0.904467
0.671720
0.948814
0.523135
0.775182
0.513911
0.355349
0.438109
0.736246
0.237474
0.987073
0.424274
0.001906
0.504598
0.124993
0.187523
0.762090
0.631396
0.645088
0.310281
0.746590
0.467440
0.270876
0.752290
0.781600
0.868707
0.970553
0.231559
0.610191
0.880147
0.332901
0.163803
0.089727
0.430990
0.698129
0.831614
0.294147
0.737488
0.188617
0.702316
0.115128
0.122432
0.529522
0.446322
0.729421
0.644901
0.325378
0.186771
0.247690
0.810125
0.445641
0.836928
0.869758
0.111939
0.323301
0.307405
0.067106
0.873104
0.677097
0.440405
0.078288
0.049134
0.102041
0.349601
0.472475
0.341890
0.900742
0.504420
0.696086
0.698066
0.710808
0.093618
0.969730
0.423442
0.048725
0.165272
0.486157
0.784659
0.977780
0.743333
0.599288
0.195316
0.303011
0.926932
0.165312
0.994842
0.394664
0.433789
0.430642
0.435424
0.253614
0.536643
0.773319
0.060675
0.252039
0.317922
0.713721
0.830155
0.822800
0.692968
0.570871
0.910202
0.703428
0.788173
0.408647
0.173751
0.400306
0.246968
0.382118
0.862895
0.137812
0.457338
0.916152
0.635691
0.696136
0.048794
0.727910
0.991237
0.119490
0.881973
0.900200
0.730437
0.097761
0.316377
0.281924
0.220173
0.278789
0.267474
0.132480
0.275302
0.817586
0.065507
0.382494
0.446576
0.657970
0.998407
0.454837
0.065901
0.834319
0.737556
0.894080
0.802876
0.024259
0.679298
0.654764
0.248492
0.568395
0.917584
0.614168
0.034334
0.719355
0.089615
0.711192
0.862835
0.386872
0.320023
0.260290
0.927178
0.062337
0.981823
0.845393
0.932106
0.157275
0.239630
0.084905
0.749843
0.809694
0.132407
0.363012
0.500864
0.662587
0.589284
0.608778
0.789542
0.400153
0.625188
0.188351
0.112451
0.501158
0.408310
0.541640
0.227871
0.031070
0.878789
0.779080
0.086562
0.125537
0.346318
0.589626
0.505561
0.132054
0.289491
0.621186
0.770046
0.173283
0.994217
0.469406
0.096414
0.907876
0.325234
0.420313
0.127695
0.710571
0.242872
0.466529
0.277415
0.824937
0.440748
0.831276
0.628712
0.445058
0.020175
0.624137
0.742778
0.836401
0.061705
0.761842
0.067117
0.876771
0.478043
0.219913
0.764147
0.780796
0.107461
0.699977
0.443147
0.705213
0.401162
0.925302
0.047469
0.747255
0.087389
0.645572
0.203477
0.202843
0.471591
0.532199
0.478969
0.277730
0.715002
0.828261
0.049741
0.265122
0.229424
0.592313
0.588482
0.072414
0.236957
0.462286
0.686812
0.676780
0.119476
0.743082
0.787831
0.379240
0.270754
0.827424
0.903246
0.858392
0.407542
0.641515
0.265202
0.481739
0.885334
0.971863
0.725745
0.050181
0.710161
0.543511
0.833469
0.651678
0.942995
0.808463
0.676188
0.331321
0.928163
0.901189
0.041146
0.603807
0.348941
0.320210
0.893018
0.633317
0.545546
0.654477
0.459143
0.879676
0.826490
0.753720
0.117577
0.570003
0.257712
0.620382
0.429762
0.435498
0.151374
0.561516
0.166068
0.762042
0.306832
0.486696
0.956289
0.619404
0.437753
0.204381
0.221725
0.435286
0.216683
0.859510
0.697468
0.978007
0.071496
0.744397
0.089364
0.707636
0.212723
0.527280
0.210303
0.179506
0.232956
0.447425
0.455863
0.983807
0.202934
0.380673
0.409905
0.457135
0.353517
0.370545
0.195239
0.313176
0.383505
0.449493
0.568682
0.369547
0.191453
0.135621
0.570803
0.752433
0.582513
0.661459
0.585560
0.654829
0.265751
0.784465
0.569912
0.180036
0.081616
0.691684
0.505727
0.105829
0.257883
0.774154
0.181723
0.633468
0.317745
0.563599
0.154356
0.694864
0.869873
0.802905
0.201438
0.083101
0.495814
0.001490
0.908036
0.714400
0.185823
0.257496
0.354691
0.617962
0.216179
0.537494
0.658331
0.111399
0.762207
0.642552
0.496299
0.299002
0.201294
0.191405
0.293616
0.985620
0.724225
0.095884
0.587504
0.434463
0.952018
0.806674
0.463123
0.143039
0.386855
0.091568
0.994491
0.161684
0.901248
0.851806
0.118583
0.068639
0.651750
0.074474
0.069688
0.860564
0.213692
0.506789
0.746390
0.620261
0.717026
0.230699
0.605936
0.296288
0.519260
0.517534
0.756386
0.050036
0.065544
0.600373
0.259514
0.234586
0.174689
0.143947
0.956573
0.680881
0.487013
0.947687
0.944272
0.808346
0.750456
0.534119
0.122591
0.799144
0.778117
0.218462
0.864365
0.444727
0.415750
0.283889
0.384392
0.704117
0.792543
0.332972
0.334654
0.491491
0.669530
0.619742
0.370631
0.927223
0.804615
0.932278
0.261220
0.423051
0.278881
0.290439
0.874536
0.261722
0.616098
0.853966
0.559162
0.229219
0.763366
0.869039
0.472014
0.445919
0.369849
0.191948
0.868988
0.921629
0.383660
0.751877
0.783491
0.263759
0.911993
0.695194
0.303617
0.315475
0.481467
0.694821
0.925468
0.466344
0.765927
0.923303
0.734406
0.098190
0.536306
0.249545
0.146046
0.276302
0.346910
0.708727
0.494687
0.126976
0.167022
0.953824
0.680616
0.314099
0.955184
0.075971
0.343211
0.188633
0.011976
0.272882
0.499703
0.581253
0.338468
0.837490
0.587476
0.870385
0.971619
0.252571
0.850414
0.650102
0.211386
0.624051
0.418316
0.293730
0.440764
0.370131
0.316190
0.443133
0.059795
0.114188
0.502216
0.418065
0.145139
0.179439
0.536561
0.687056
0.842163
0.702947
0.216704
0.057370
0.277862
0.501428
0.739327
0.797692
0.548404
0.544459
0.346788
0.408505
0.556310
0.959034
0.842109
0.341401
0.785654
0.315977
0.586755
0.763687
0.210853
0.997893
0.359575
0.032198
0.045036
0.932827
0.811792
0.172520
0.049372
0.774957
0.895477
0.910598
0.624332
0.794329
0.797735
0.130419
0.627168
0.563813
0.256492
0.637044
0.607334
0.460067
0.874880
0.650606
0.992338
0.507066
0.460111
0.615587
0.308960
0.943975
0.903156
0.479116
0.999181
0.652464
0.079665
0.439093
0.204844
0.570559
0.951073
0.953777
0.622312
0.379310
0.453982
0.598260
0.635673
0.288068
0.999943
0.211522
0.497223
0.477298
0.606179
0.876092
0.674768
0.978243
0.375780
0.970249
0.543329
0.487766
0.146994
0.713792
0.269134
0.763808
0.693629
0.513768
0.997296
0.586215
0.077064
0.191284
0.329580
0.349750
0.857239
0.170303
0.482197
0.140375
0.003681
0.207687
0.854744
0.281228
0.635793
0.674721
0.476359
0.218548
0.252714
0.060466
0.926742
0.973319
0.285100
0.011668
0.157800
0.448194
0.029033
0.457047
0.691410
0.437205
0.137964
0.287583
0.045487
0.530529
0.691902
0.998407
0.199513
0.998407
0.415683
0.682165
0.046836
0.524716
0.665637
0.738117
0.758046
0.311648
0.131207
0.516283
0.600136
0.595645
0.033720
0.966772
0.011530
0.673652
0.985565
0.387587
0.985565
0.293000
0.576125
0.243375
0.636176
0.944863
0.878610
0.553114
0.889690
0.975244
0.779674
0.776334
0.752824
0.071244
0.488778
0.334901
0.654266
0.554838
0.605302
0.298952
0.622600
0.105518
0.403892
0.216285
0.284300
0.205578
0.479552
0.310813
0.583411
0.555042
0.955546
0.432645
0.946189
0.459613
0.312356
0.261288
0.574100
0.206643
0.547628
0.239799
0.367218
0.322379
0.148590
0.284779
0.097776
0.605501
0.731819
0.740431
0.344574
0.323355
0.727920
0.299426
0.777751
0.663996
0.162835
0.032997
0.394455
0.294077
0.488189
0.201906
0.941487
0.624116
0.235440
0.085365
0.208314
0.682425
0.402077
0.530618
0.889608
0.260137
0.711599
0.187113
0.331781
0.734732
0.485030
0.327938
0.072503
0.840065
0.103817
0.267606
0.931667
0.368410
0.854408
0.009364
0.306188
0.964984
0.274497
0.756175
0.635577
0.995750
0.538726
0.843288
0.412045
0.474731
0.403857
0.777125
0.148506
0.664572
0.000291
0.159770
0.261729
0.146442
0.734513
0.089612
0.976130
0.661742
0.285333
0.640097
0.148973
0.669341
0.482978
0.447882
0.303719
0.326006
0.627686
0.991036
0.444178
0.854706
0.647173
0.243896
0.979492
0.608801
0.161579
0.698947
0.984329
0.704657
0.621651
0.949657
0.220969
0.209591
0.748604
0.185932
0.672896
0.613824
0.058620
0.750565
0.558945
0.129350
0.997893
0.706948
0.403177
0.029001
0.032967
0.603888
0.681048
0.009855
0.399497
0.902107
0.931027
0.904117
0.283337
0.267985
0.975969
0.941496
0.511044
0.584584
0.134200
0.280107
0.608959
0.378177
0.629313
0.346808
0.214775
0.876068
0.795518
0.269053
0.403254
0.129421
0.652464
0.417036
0.390224
0.133388
0.060882
0.647912
0.300412
0.211777
0.117683
0.201876
0.347680
0.169677
0.557752
0.480163
0.452310
0.168042
0.538002
0.001770
0.630811
0.309574
0.406384
0.098354
0.266879
0.574425
0.560172
0.708575
0.721311
0.091110
0.077759
0.943592
0.381624
0.536399
0.705189
0.133012
0.984405
0.731559
0.117593
0.389895
0.683606
0.660850
0.842859
0.970036
0.073922
0.035418
0.164979
0.281886
0.316706
0.814052
0.610707
0.758579
0.821835
0.158477
0.447152
0.233641
0.842113
0.373309
0.337471
0.621441
0.173776
0.389663
0.434033
0.209116
0.035571
0.661445
0.997026
0.226901
0.483835
0.035202
0.707786
0.101014
0.068194
0.142552
0.368412
0.994491
0.115275
0.471801
0.840053
0.591367
0.012338
0.377599
0.878180
0.937834
0.266916
0.351738
0.985565
0.389599
0.362313
0.383717
0.093588
0.383197
0.173827
0.758161
0.201786
0.500857
0.788298
0.974379
0.782644
0.560344
0.801348
0.857336
0.498059
0.552667
0.433428
0.834695
0.254598
0.535316
0.086323
0.469423
0.063370
0.489516
0.848769
0.411665
0.790201
0.198641
0.193878
0.861403
0.862763
0.749074
0.247979
0.539430
0.316884
0.605882
0.002323
0.685478
0.379816
0.473376
0.315066
0.418514
0.149911
0.212471
0.334152
0.638600
0.280257
0.459603
0.303002
0.994855
0.391445
0.141978
0.301377
0.195418
0.553931
0.786708
0.417752
0.702149
0.197336
0.211885
0.394214
0.116043
0.164266
0.310282
0.383370
0.042375
0.301493
0.994677
0.546594
0.069649
0.456055
0.881056
0.831863
0.309819
0.661059
0.714513
0.860244
0.073358
0.137806
0.274342
0.024001
0.998186
0.474047
0.270952
0.461055
0.522972
0.564106
0.418257
0.145614
0.396329
0.193890
0.678876
0.307666
0.388051
0.296351
0.577941
0.175662
0.877809
0.467242
0.340720
0.817986
0.360072
0.254711
0.441030
0.302033
0.236096
0.791772
0.020771
0.895580
0.362845
0.812025
0.056525
0.328526
0.849612
0.931466
0.645076
0.568897
0.181927
0.123626
0.054740
0.481942
0.904331
0.765469
0.026009
0.199492
0.349830
0.017081
0.270390
0.323110
0.400829
0.157325
0.525086
0.478062
0.647803
0.372749
0.803921
0.060885
0.032290
0.797290
0.210285
0.704518
0.636277
0.092355
0.438066
0.204320
0.148101
0.852520
0.254497
0.478619
0.780475
0.732788
0.677159
0.918829
0.052704
0.657981
0.567602
0.850150
0.306947
0.155551
0.996099
0.009772
0.949039
0.304764
0.460629
0.151253
0.347626
0.788467
0.923926
0.358260
0.561455
0.402086
0.177162
0.999181
0.264144
0.955848
0.343829
0.629094
0.452447
0.124160
0.365921
0.605142
0.947956
0.004883
0.344373
0.747316
0.275799
0.173646
0.566630
0.094484
0.337697
0.554267
0.581764
0.620928
0.504259
0.007652
0.997802
0.150676
0.733538
0.159553
0.333385
0.319075
0.054333
0.964794
0.626992
0.661948
0.369209
0.780889
0.802138
0.374359
0.552704
0.608102
0.059198
0.866090
0.848739
0.757835
0.560847
0.480257
0.201367
0.354692
0.263638
0.653548
0.286038
0.679190
0.240244
0.251477
0.957996
0.972936
0.615262
0.677241
0.421965
0.426803
0.985620
0.565420
0.197439
0.491461
0.355300
0.373043
0.035754
0.998407
0.063038
0.074644
0.271179
0.575435
0.165180
0.603760
0.817200
0.055069
0.020549
0.912485
0.379332
0.461395
0.831664
0.031293
0.985565
0.413751
0.372300
0.075181
0.424157
0.672966
0.520484
0.722669
0.256098
0.273371
0.709682
0.795098
0.640171
0.233123
0.773176
0.583289
0.949819
0.637615
0.499027
0.978633
0.649198
0.648890
0.237391
0.987550
0.613800
0.695592
0.767291
0.311854
0.594470
0.696998
0.271228
0.374893
0.068281
0.276149
0.444441
0.599558
0.588799
0.753258
0.640151
0.872863
0.171924
0.381565
0.455913
0.431944
0.909461
0.192444
0.411674
0.201289
0.124383
0.395210
0.864038
0.645893
0.432576
0.266962
0.659868
0.396870
0.802250
0.653292
0.435641
0.989032
0.415145
0.989032
0.179346
0.580898
0.048519
0.003590
0.615949
0.732061
0.103962
0.609968
0.653485
0.847378
0.475366
0.195746
0.275973
0.822373
0.084418
0.447412
0.451246
0.797008
0.698405
0.513134
0.284397
0.899746
0.441187
0.396240
0.053905
0.284513
0.440483
0.700685
0.331789
0.742805
0.405115
0.435020
0.456214
0.278981
0.197224
0.614230
0.326640
0.781462
0.589773
0.325984
0.477606
0.096386
0.998582
0.700204
0.736408
0.253693
0.878514
0.090628
0.755356
0.974371
0.541238
0.179793
0.608029
0.725722
0.175294
0.765590
0.320974
0.020492
0.236434
0.570518
0.475884
0.355473
0.644886
0.480515
0.296966
0.036646
0.441710
0.615723
0.607439
0.185658
0.738015
0.392535
0.991217
0.714463
0.435346
0.993452
0.112266
0.428880
0.140790
0.457873
0.972118
0.901937
0.115990
0.825807
0.536134
0.101947
0.146140
0.858004
0.219455
0.216359
0.215647
0.594995
0.513709
0.439626
0.157067
0.555399
0.633383
0.329828
0.492600
0.709028
0.375206
0.384361
0.108410
0.780863
0.847612
0.207247
0.337840
0.261573
0.604194
0.852893
0.105577
0.176289
0.052333
0.448330
0.545165
0.857252
0.062620
0.099321
0.165082
0.914839
0.842635
0.029974
0.155654
0.589684
0.082909
0.746110
0.739497
0.999943
0.151631
0.726964
0.994844
0.603384
0.466023
0.779515
0.547294
0.997802
0.422901
0.191061
0.746315
0.388263
0.997802
0.326602
0.200817
0.099289
0.419869
0.124759
0.172401
0.463124
0.003364
0.774687
0.842852
0.201777
0.374046
0.950761
0.532193
0.215047
0.426321
0.454393
0.219852
0.681088
0.922781
0.189367
0.275905
0.262791
0.285440
0.936200
0.776326
0.377883
0.668727
0.710204
0.297451
0.670747
0.142796
0.470874
0.662334
0.997026
0.744383
0.665369
0.369491
0.040348
0.351588
0.997026
0.320373
0.997026
0.448558
0.565421
0.430218
0.875823
0.587947
0.651170
0.549078
0.375654
0.509378
0.710659
0.437952
0.386579
0.682117
0.137726
0.350227
0.662370
0.306541
0.530779
0.944788
0.114858
0.832004
0.513150
0.222555
0.920505
0.666383
0.666683
0.344362
0.433068
0.305478
0.226173
0.868899
0.078134
0.570365
0.554116
0.018728
0.804860
0.092513
0.901121
0.296082
0.755539
0.547695
0.037111
0.345988
0.503296
0.396101
0.486758
0.544230
0.058013
0.228984
0.117047
0.113651
0.117076
0.572022
0.949291
0.068176
0.485110
0.424655
0.874563
0.682978
0.395986
0.429661
0.185647
0.209423
0.378264
0.234445
0.167128
0.646677
0.096172
0.300470
0.451496
0.198052
0.574825
0.974983
0.669568
0.618833
0.291895
0.503960
0.730031
0.249105
0.688758
0.640723
0.428531
0.435596
0.592091
0.504137
0.967921
0.409292
0.663919
0.135999
0.550129
0.403571
0.265485
0.181160
0.526920
0.218107
0.693875
0.007185
0.124692
0.995750
0.317055
0.147380
0.128712
0.738568
0.449357
0.708236
0.011525
0.704636
0.772706
0.875931
0.938700
0.266875
0.703945
0.106785
0.332633
0.179779
0.399524
0.004201
0.654925
0.317470
0.500439
0.977340
0.203640
0.994787
0.604795
0.569229
0.387796
0.350989
0.561854
0.310487
0.091009
0.989664
0.040297
0.672808
0.022347
0.664540
0.081657
0.706797
0.148617
0.111794
0.199676
0.990297
0.713942
0.726429
0.086657
0.321356
0.434426
0.412244
0.263061
0.084191
0.305552
0.638267
0.494975
0.058689
0.215406
0.954796
0.163450
0.487405
0.903310
0.188008
0.635270
0.262760
0.769472
0.360965
0.273455
0.070855
0.076260
0.721339
0.037728
0.946303
0.673087
0.032160
0.866447
0.910180
0.128632
0.038026
0.150836
0.841802
0.581200
0.075188
0.066529
0.199796
0.654489
0.709711
0.746568
0.467301
0.598576
0.325686
0.704281
0.871685
0.399665
0.963001
0.781372
0.125670
0.874025
0.373725
0.490207
0.129793
0.557846
0.095153
0.459006
0.102275
0.317559
0.113506
0.019407
0.389269
0.048091
0.195295
0.160351
0.132534
0.417256
0.434364
0.741770
0.426219
0.009635
0.639371
0.981655
0.042069
0.867391
0.723952
0.904634
0.948542
0.881142
0.527301
0.441294
0.278227
0.721751
0.203722
0.058783
0.193357
0.812174
0.470464
0.799973
0.291275
0.287800
0.912982
0.122068
0.137125
0.658154
0.275420
0.947050
0.355874
0.784292
0.198920
0.985620
0.363725
0.389434
0.640015
0.716792
0.198073
0.137454
0.304516
0.606651
0.997026
0.351588
0.319540
0.060393
0.218220
0.899614
0.075160
0.090471
0.164151
0.668033
0.007204
0.259137
0.416749
0.678288
0.453872
0.438845
0.073139
0.380678
0.371102
0.412874
0.734778
0.985565
0.076944
0.993102
0.697824
0.364208
0.923869
0.823973
0.471317
0.572208
0.596193
0.492674
0.655264
0.179192
0.333314
0.926877
0.090999
0.604401
0.454247
0.367198
0.375689
0.719661
0.015650
0.703981
0.268612
0.362038
0.811217
0.258112
0.584598
0.474919
0.555723
0.864900
0.123907
0.688690
0.324587
0.502009
0.933810
0.100751
0.655468
0.693002
0.809793
0.833025
0.394881
0.957612
0.680412
0.378441
0.107798
0.405705
0.245591
0.713121
0.113855
0.968333
0.929279
0.487044
0.906653
0.307138
0.698628
0.823541
0.023632
0.270801
0.037746
0.289668
0.518308
0.298934
0.148223
0.549900
0.934064
0.881427
0.194133
0.110918
0.463099
0.333464
0.888555
0.103910
0.403997
0.558534
0.313644
0.352762
0.699468
0.256140
0.318169
0.055282
0.688467
0.091035
0.073507
0.695457
0.115574
0.704893
0.999093
0.416863
0.216470
0.683455
0.356507
0.203683
0.199496
0.161392
0.094773
0.744344
0.154085
0.381210
0.087326
0.003778
0.008842
0.073751
0.602281
0.369813
0.682651
0.911229
0.098587
0.054343
0.676786
0.344574
0.342861
0.337229
0.135119
0.353836
0.582022
0.357262
0.755049
0.638226
0.281839
0.302968
0.544766
0.182801
0.713942
0.205812
0.430380
0.412671
0.320828
0.298359
0.991217
0.437482
0.084365
0.141466
0.117195
0.401206
0.994103
0.029683
0.465247
0.511879
0.244162
0.187239
0.112730
0.765642
0.138910
0.074660
0.853170
0.714409
0.262521
0.554383
0.353560
0.961772
0.930037
0.269931
0.018392
0.233808
0.069358
0.227361
0.606152
0.588965
0.362204
0.732298
0.709043
0.932961
0.795004
0.213003
0.962306
0.505174
0.241258
0.560368
0.164632
0.657806
0.251504
0.995064
0.333546
0.033966
0.231138
0.837387
0.541522
0.449931
0.375439
0.178478
0.090924
0.690583
0.085227
0.994844
0.233116
0.569901
0.590224
0.695978
0.787506
0.335753
0.782789
0.318202
0.690411
0.099841
0.739570
0.695639
0.555557
0.784676
0.202728
0.613893
0.871325
0.442437
0.130730
0.841647
0.601084
0.537617
0.532848
0.396119
0.214666
0.751638
0.183836
0.371780
0.771937
0.158729
0.290596
0.224348
0.934319
0.465314
0.038785
0.518083
0.338919
0.156233
0.585697
0.142624
0.450786
0.664398
0.651933
0.416872
0.841135
0.972267
0.239706
0.665805
0.371081
0.367226
0.219953
0.736005
0.322534
0.753294
0.075950
0.387241
0.624729
0.802601
0.501584
0.022828
0.966852
0.362325
0.424249
0.241440
0.716462
0.385340
0.161058
0.405676
0.169152
0.985565
0.115861
0.343122
0.454329
0.427890
0.956479
0.577647
0.476724
0.222512
0.598043
0.800036
0.525191
0.771370
0.519711
0.742205
0.339868
0.448204
0.503516
0.780022
0.673797
0.049059
0.284160
0.865682
0.220102
0.267781
0.790759
0.698172
0.282805
0.288686
0.216063
0.218251
0.959802
0.638729
0.161405
0.302349
0.039555
0.829953
0.347716
0.302587
0.837420
0.156022
0.179179
0.910220
0.480237
0.476796
0.303317
0.452397
0.306479
0.293767
0.095648
0.084061
0.447334
0.420972
0.684275
0.247100
0.686736
0.396947
0.554592
0.748127
0.036711
0.591105
0.381323
0.787226
0.013598
0.157627
0.327778
0.357070
0.250394
0.053024
0.543881
0.651391
0.704769
0.528735
0.757403
0.172144
0.929471
0.652639
0.068946
0.225877
0.754812
0.615775
0.071694
0.427389
0.717150
0.373488
0.995750
0.690012
0.071127
0.699357
0.122551
0.997769
0.709738
0.743040
0.595115
0.971585
0.614541
0.839648
0.143045
0.003388
0.269602
0.689078
0.310576
0.730920
0.563783
0.287916
0.349448
0.863807
0.453637
0.894975
0.267650
0.491327
0.826792
0.406624
0.919805
0.514175
0.724701
0.647437
0.521866
0.355032
0.300940
0.331857
0.789636
0.559258
0.252459
0.230497
0.000868
0.680245
0.312372
0.468017
0.084449
0.007157
0.438796
0.341441
0.796793
0.694802
0.200324
0.262959
0.732630
0.473323
0.474546
0.124370
0.546777
0.933931
0.008358
0.223005
0.693952
0.987249
0.519104
0.054523
0.259467
0.094760
0.129542
0.421644
0.624470
0.177353
0.746209
0.701287
0.046664
0.004188
0.367572
0.600585
0.912785
0.380468
0.309679
0.468423
0.668428
0.661007
0.357082
0.754409
0.138149
0.253101
0.976971
0.100373
0.345648
0.376824
0.888081
0.001381
0.697612
0.068394
0.956796
0.777766
0.580027
0.354953
0.396800
0.741201
0.994844
0.292378
0.690512
0.003135
0.908197
0.956362
0.367388
0.222330
0.225594
0.135600
0.004644
0.199540
0.116403
0.997802
0.645973
0.230945
0.039692
0.067805
0.976634
0.010227
0.581069
0.955491
0.058256
0.095263
0.296478
0.014167
0.149764
0.696639
0.726479
0.196506
0.160776
0.442045
0.208433
0.691503
0.029118
0.785001
0.709487
0.955595
0.286992
0.562281
0.352152
0.789064
0.805082
0.208417
0.042565
0.825163
0.332127
0.451430
0.170433
0.013377
0.700428
0.069883
0.616190
0.448452
0.949586
0.094072
0.956276
0.007446
0.060025
0.431230
0.234510
0.395431
0.733937
0.548009
0.331946
0.031115
0.233399
0.108667
0.693759
0.163549
0.288077
0.547700
0.539961
0.393899
0.419877
0.941937
0.576641
0.190456
0.144007
0.694915
0.635334
0.829829
0.215878
0.570771
0.158233
0.429979
0.988897
0.697784
0.134581
0.295843
0.164217
0.207325
0.242104
0.432511
0.344136
0.159704
0.587126
0.561004
0.281741
0.377286
0.722211
0.459827
0.279515
0.675363
0.262926
0.433323
0.914277
0.772429
0.314518
0.153680
0.185391
0.888873
0.198614
0.294186
0.298840
0.071929
0.148488
0.912003
0.353841
0.505490
0.209422
0.277403
0.749066
0.358479
0.013927
0.080887
0.998043
0.107182
0.460080
0.690627
0.009013
0.312785
0.799291
0.062826
0.898525
0.188017
0.041142
0.131371
0.960110
0.849079
0.320639
0.546985
0.623504
0.071586
0.719748
0.198117
0.224430
0.904833
0.872254
0.646238
0.502708
0.199075
0.250061
0.488281
0.044649
0.369023
0.433726
0.695457
0.411191
0.032346
0.127562
0.429730
0.180574
0.431620
0.231419
0.476449
0.675438
0.461089
0.788038
0.734772
0.717832
0.732842
0.683004
0.688476
0.748717
0.045090
0.741818
0.181033
0.296201
0.823590
0.061052
0.491078
0.849141
0.309431
0.315488
0.075112
0.668711
0.872830
0.192522
0.130590
0.279516
0.456491
0.738948
0.269038
0.073852
0.727519
0.004454
0.142618
0.132053
0.002224
0.434855
0.080669
0.275214
0.224863
0.974816
0.031361
0.540675
0.405260
0.211428
0.713041
0.305679
0.100880
0.923707
0.524951
0.211963
0.358209
0.432103
0.423385
0.592195
0.620895
0.489289
0.413276
0.342871
0.998760
0.435698
0.119341
0.712672
0.693243
0.511605
0.371624
0.563595
0.022087
0.582471
0.506381
0.868268
0.158400
0.293012
0.813688
0.293030
0.971379
0.475630
0.167057
0.317323
0.636212
0.460771
0.812616
0.861996
0.030935
0.586126
0.163621
0.275698
0.348050
0.128276
0.716813
0.702386
0.688701
0.150313
0.085485
0.680951
0.458676
0.783083
0.026300
0.254254
0.256967
0.930571
0.674197
0.508403
0.204251
0.362248
0.047057
0.046754
0.592855
0.119520
0.162159
0.916641
0.138380
0.868788
0.673329
0.891898
0.112304
0.125146
0.439438
0.827154
0.237239
0.156840
0.594768
0.891260
0.571912
0.698685
0.798750
0.838727
0.857781
0.343888
0.438323
0.558604
0.553098
0.984158
0.488217
0.391827
0.639687
0.215771
0.318901
0.582053
0.146480
0.371744
0.624714
0.581636
0.882153
0.534406
0.241962
0.519601
0.594528
0.644598
0.937616
0.470548
0.710804
0.879024
0.085832
0.707147
0.291280
0.900990
0.073531
0.328460
0.669364
0.394532
0.190726
0.572951
0.462697
0.537408
0.797035
0.865572
0.310888
0.346319
0.047243
0.718875
0.119779
0.350677
0.120743
0.017429
0.539173
0.118331
0.823102
0.284229
0.462206
0.057379
0.389689
0.395744
0.889311
0.430537
0.508590
0.790224
0.079817
0.246917
0.633017
0.031160
0.340357
0.760344
0.031591
0.224433
0.101720
0.434876
0.317653
0.025375
0.378886
0.029330
0.435526
0.676010
0.581066
0.587610
0.527451
0.350132
0.583076
0.229123
0.538117
0.422287
0.022466
0.034176
0.238845
0.667166
0.998541
0.686308
0.162175
0.106205
0.784764
0.323507
0.440337
0.868631
0.904999
0.656839
0.420457
0.398164
0.519341
0.110031
0.289874
0.934630
0.764721
0.860999
0.062960
0.688144
0.988783
0.380863
0.354607
0.547961
0.768834
0.186837
0.765184
0.560746
0.325890
0.733028
0.373444
0.376931
0.383185
0.685522
0.415644
0.280832
0.081970
0.715742
0.997769
0.179120
0.997769
0.040007
0.791185
0.482139
0.329147
0.401151
0.361157
0.705227
0.206660
0.994000
0.394826
0.485342
0.672233
0.106082
0.671392
0.088447
0.186311
0.376512
0.872296
0.165988
0.882976
0.576539
0.921547
0.485847
0.547179
0.676003
0.918985
0.260851
0.418374
0.379743
0.075849
0.175077
0.971611
0.492405
0.345759
0.502064
0.352049
0.144549
0.201942
0.754837
0.539612
0.691111
0.524557
0.821543
0.487328
0.388231
0.720061
0.082606
0.388043
0.691494
0.743229
0.309644
0.437807
0.987249
0.280112
0.029488
0.931054
0.636419
0.720933
0.754906
0.011840
0.386029
0.486873
0.616993
0.168212
0.859277
0.831044
0.122055
0.020916
0.045152
0.351449
0.296880
0.366305
0.336039
0.168853
0.074420
0.807997
0.125070
0.647011
0.129953
0.091229
0.566614
0.596481
0.614703
0.488496
0.480176
0.167886
0.512775
0.600552
0.305416
0.448701
0.464557
0.086620
0.992962
0.656873
0.176682
0.686665
0.005362
0.066713
0.328939
0.296928
0.324416
0.793935
0.636140
0.170961
0.002611
0.550678
0.894255
0.692606
0.437480
0.059479
0.082754
0.953952
0.101200
0.597184
0.094111
0.980369
0.972342
0.358718
0.298370
0.380535
0.520593
0.120095
0.435443
0.707627
0.781463
0.072565
0.956644
0.744488
0.301386
0.674630
0.992353
0.279921
0.395592
0.015432
0.697065
0.824728
0.481168
0.035294
0.715247
0.721782
0.197185
0.560819
0.838840
0.925605
0.771942
0.761976
0.922952
0.843921
0.198776
0.553379
0.054196
0.691199
0.833060
0.014138
0.377944
0.679537
0.613343
0.191547
0.991848
0.332208
0.673178
0.254025
0.955154
0.236790
0.816328
0.290945
0.728510
0.313319
0.622858
0.800232
0.524760
0.675503
0.690269
0.111424
0.543667
0.671551
0.235590
0.656848
0.392555
0.737882
0.990307
0.739292
0.521734
0.832757
0.787307
0.177479
0.928613
0.715495
0.475544
0.763685
0.456346
0.028528
0.213350
0.854353
0.690649
0.875771
0.768624
0.952122
0.870368
0.076700
0.381601
0.112240
0.691180
0.596913
0.119389
0.507037
0.273203
0.571986
0.721506
0.387960
0.308239
0.344844
0.039635
0.612324
0.957082
0.442908
0.600260
0.534851
0.119628
0.638915
0.044501
0.328542
0.120804
0.246082
0.419741
0.627974
0.799110
0.486893
0.316121
0.385393
0.341276
0.048005
0.070889
0.022197
0.100354
0.442216
0.477288
0.543885
0.173797
0.795035
0.514054
0.385422
0.045541
0.209624
0.297816
0.111610
0.348484
0.345553
0.671930
0.042925
0.346562
0.384635
0.097895
0.402551
0.011245
0.025813
0.350963
0.827569
0.071119
0.328309
0.188742
0.260577
0.747425
0.891658
0.024444
0.978003
0.850632
0.921111
0.572640
0.789279
0.348128
0.944057
0.024835
0.480044
0.573515
0.225796
0.522050
0.653230
0.053206
0.003072
0.436161
0.075384
0.407794
0.736055
0.703200
0.915226
0.049409
0.162153
0.556932
0.202291
0.081207
0.430682
0.844670
0.489956
0.012462
0.940726
0.337689
0.855425
0.756497
0.714385
0.161952
0.737401
0.995463
0.521112
0.954767
0.773064
0.136519
0.969095
0.203694
0.109697
0.944615
0.692956
0.642125
0.723848
0.094779
0.266910
0.613982
0.337919
0.360529
0.618911
0.210361
0.472691
0.657307
0.095572
0.559676
0.417825
0.428484
0.333482
0.659125
0.906923
0.910790
0.090979
0.511547
0.642232
0.998776
0.263013
0.046004
0.798826
0.379637
0.758490
0.485717
0.574249
0.040975
0.540471
0.000501
0.519597
0.007634
0.986295
0.057517
0.533340
0.547914
0.662429
0.379705
0.202390
0.033803
0.905532
0.293786
0.740499
0.328124
0.849192
0.416470
0.128443
0.055528
0.902204
0.417552
0.151781
0.381033
0.180676
0.923706
0.480448
0.656022
0.484638
0.189018
0.282035
0.321558
0.991652
0.714863
0.024417
0.483148
0.245793
0.843087
0.456419
0.928514
0.790132
0.095699
0.413676
0.363615
0.184511
0.548076
0.656798
0.877740
0.943116
0.092705
0.544171
0.511319
0.766503
0.304013
0.203334
0.593474
0.583920
0.527651
0.378442
0.267830
0.200066
0.949132
0.428605
0.117265
0.737722
0.376386
0.720574
0.330564
0.148868
0.663271
0.431389
0.053831
0.099620
0.352916
0.991848
0.543629
0.338490
0.722119
0.748999
0.491683
0.480733
0.582938
0.909265
0.415368
0.840294
0.779015
0.220012
0.673061
0.309559
0.633680
0.732313
0.140754
0.411087
0.739292
0.381721
0.345512
0.465837
0.007101
0.517855
0.097322
0.741415
0.094630
0.969476
0.184733
0.326605
0.189703
0.937789
0.760782
0.786545
0.440501
0.094255
0.367675
0.671182
0.955115
0.330552
0.018079
0.975535
0.620885
0.191063
0.596794
0.322085
0.965006
0.795124
0.432145
0.241325
0.467988
0.990022
0.109260
0.350228
0.413061
0.112920
0.239490
0.241165
0.513898
0.228522
0.847922
0.623552
0.654355
0.917100
0.449486
0.632018
0.401050
0.106484
0.643264
0.699920
0.425574
0.305191
0.538242
0.764003
0.870443
0.397713
0.390321
0.630512
0.393346
0.961025
0.572730
0.957238
0.619107
0.520419
0.353999
0.353352
0.369828
0.995750
0.120257
0.401468
0.698831
0.395891
0.408443
0.976045
0.593823
0.336244
0.415377
0.924114
0.192131
0.608721
0.673391
0.560600
0.049447
0.677312
0.076832
0.968293
0.075604
0.093580
0.482645
0.529425
0.729913
0.185756
0.241924
0.704982
0.743572
0.568153
0.606284
0.388533
0.318682
0.075069
0.475966
0.040388
0.441709
0.014695
0.517275
0.657708
0.633291
0.528655
0.826735
0.799734
0.610594
0.635953
0.929031
0.586175
0.625900
0.012613
0.089379
0.567291
0.718142
0.454960
0.021539
0.914268
0.606240
0.200121
0.776734
0.109280
0.528330
0.989357
0.117189
0.495800
0.361142
0.334457
0.248868
0.029905
0.874285
0.397444
0.046787
0.072237
0.411123
0.975677
0.470231
0.075610
0.969853
0.468407
0.016947
0.179204
0.318223
0.890940
0.916955
0.821847
0.613850
0.956477
0.397355
0.170831
0.944853
0.016424
0.514258
0.243898
0.231167
0.324013
0.591642
0.738436
0.753096
0.291588
0.933431
0.153109
0.699763
0.818871
0.613586
0.697481
0.985271
0.234197
0.372727
0.352153
0.185298
0.395315
0.320521
0.241395
0.488757
0.616819
0.875731
0.143457
0.912427
0.060574
0.232184
0.138969
0.519793
0.227876
0.567780
0.803849
0.523585
0.292658
0.995418
0.194519
0.694935
0.739320
0.691977
0.820316
0.636089
0.310771
0.252132
0.041318
0.703390
0.091339
0.698768
0.705135
0.992353
0.421928
0.761693
0.802356
0.248670
0.847975
0.405150
0.794615
0.653193
0.288392
0.072761
0.650535
0.106967
0.600974
0.536451
0.789330
0.498448
0.335408
0.074450
0.531107
0.670608
0.365483
0.242013
0.473542
0.741812
0.087383
0.991848
0.068874
0.991848
0.062240
0.779029
0.432435
0.810137
0.430310
0.183983
0.347566
0.222576
0.641801
0.774678
0.392162
0.920536
0.844139
0.548729
0.141532
0.724360
0.460847
0.648574
0.174982
0.681999
0.429383
0.710688
0.657152
0.541440
0.603513
0.602143
0.819560
0.042010
0.433849
0.545902
0.153574
0.023463
0.380443
0.703973
0.454124
0.711796
0.262321
0.856611
0.345569
0.027994
0.419812
0.849156
0.430854
0.392398
0.721447
0.695896
0.588482
0.462079
0.119567
0.325504
0.999168
0.333880
0.162362
0.721477
0.263209
0.912758
0.930503
0.509743
0.275346
0.613748
0.555546
0.709522
0.734105
0.027628
0.733425
0.499490
0.702118
0.066415
0.277443
0.599712
0.474382
0.969655
0.350056
0.412744
0.421389
0.553013
0.277346
0.500563
0.019018
0.402244
0.597435
0.256975
0.569245
0.269044
0.091796
0.311812
0.683885
0.361462
0.143482
0.709522
0.122423
0.096184
0.224587
0.995750
0.017623
0.039414
0.906722
0.424435
0.163158
0.287599
0.832793
0.030643
0.047122
0.448651
0.647501
0.551459
0.415154
0.352796
0.247675
0.789047
0.846692
0.128723
0.887231
0.715441
0.956180
0.605117
0.412549
0.717624
0.417010
0.551090
0.513442
0.813764
0.074535
0.068873
0.893776
0.726249
0.976017
0.007324
0.105157
0.507423
0.976869
0.227661
0.216916
0.431384
0.136858
0.586428
0.292390
0.594305
0.133859
0.456754
0.995463
0.214702
0.279999
0.326713
0.011435
0.563454
0.605168
0.174267
0.370741
0.683361
0.734609
0.680169
0.335458
0.704668
0.678829
0.010484
0.057402
0.981423
0.089266
0.033416
0.607978
0.548230
0.121638
0.704454
0.526834
0.737034
0.900673
0.563622
0.666559
0.113002
0.176925
0.964478
0.748000
0.438903
0.555628
0.972161
0.622417
0.500048
0.366253
0.867404
0.806722
0.254520
0.330502
0.979933
0.146447
0.441541
0.153895
0.356923
0.629830
0.769516
0.543704
0.382364
0.078029
0.911117
0.612220
0.805531
0.275553
0.145397
0.602952
0.173741
0.607729
0.480300
0.887980
0.203506
0.636858
0.571563
0.745923
0.611030
0.895594
0.818557
0.510294
0.121917
0.297101
0.241313
0.139789
0.453495
0.420531
0.937303
0.302406
0.279212
0.413076
0.092340
0.992353
0.086917
0.992353
0.358488
0.113903
0.182448
0.230053
0.847666
0.837883
0.091686
0.381768
0.486897
0.244895
0.509405
0.156616
0.643577
0.890567
0.228411
0.465557
0.585052
0.506637
0.721967
0.244142
0.448845
0.067521
0.759167
0.729325
0.882076
0.522728
0.454280
0.617768
0.117555
0.160743
0.076021
0.395004
0.217547
0.386755
0.845703
0.979731
0.380200
0.451181
0.357124
0.072916
0.516942
0.408922
0.597160
0.360929
0.578441
0.202484
0.207474
0.155165
0.250367
0.062519
0.448327
0.595432
0.306596
0.965733
0.598682
0.503363
0.716644
0.599216
0.371730
0.507255
0.321582
0.211447
0.274274
0.037107
0.719554
0.329643
0.928761
0.735329
0.097391
0.661029
0.572695
0.891985
0.782137
0.064646
0.611094
0.447113
0.240885
0.847962
0.628268
0.734641
0.997613
0.411211
0.174420
0.868011
0.437676
0.037859
0.207000
0.141838
0.567113
0.787596
0.217310
0.266879
0.942290
0.433616
0.057090
0.726961
0.986406
0.391203
0.973776
0.858313
0.015632
0.610568
0.317068
0.902521
0.114431
0.086527
0.145755
0.273531
0.822204
0.800989
0.156361
0.051460
0.711960
0.939713
0.717229
0.432586
0.995750
0.014636
0.444724
0.152116
0.995750
0.709522
0.399641
0.011704
0.726925
0.644513
0.647529
0.967380
0.944339
0.673093
0.186387
0.620738
0.278371
0.725622
0.272844
0.664942
0.817307
0.287873
0.945749
0.019433
0.454032
0.271813
0.771328
0.508634
0.912317
0.883590
0.243161
0.359544
0.988975
0.346033
0.742743
0.106020
0.362355
0.693957
0.799502
0.363980
0.151054
0.794000
0.815458
0.925972
0.703569
0.435807
0.191170
0.695571
0.492261
0.756603
0.569293
0.298641
0.075663
0.257541
0.462740
0.469609
0.157277
0.209721
0.585074
0.595404
0.078870
0.222200
0.989357
0.668593
0.385364
0.303022
0.385991
0.042027
0.989357
0.427273
0.308047
0.376742
0.672242
0.765254
0.374679
0.226440
0.565230
0.725321
0.777211
0.877485
0.184411
0.373023
0.839947
0.462056
0.424291
0.507344
0.649645
0.029545
0.126278
0.380032
0.500012
0.766314
0.942512
0.565645
0.067765
0.860162
0.477751
0.018160
0.979579
0.798473
0.808671
0.418514
0.138629
0.819475
0.496046
0.598422
0.948531
0.886906
0.775904
0.367216
0.421025
0.534124
0.130716
0.442175
0.495026
0.750711
0.774941
0.157190
0.000903
0.961128
0.849172
0.515313
0.457078
0.691095
0.396552
0.569817
0.527347
0.525118
0.321161
0.725260
0.847364
0.141769
0.812270
0.800580
0.257411
0.957779
0.706528
0.014777
0.369948
0.075842
0.690783
0.256858
0.086818
0.287833
0.305296
0.113063
0.708712
0.013228
0.501988
0.480925
0.441037
0.753125
0.062444
0.040812
0.023589
0.534540
0.143896
0.015465
0.767393
0.323405
0.871940
0.658558
0.567338
0.212674
0.113307
0.601532
0.617768
0.991848
0.421401
0.164965
0.403622
0.057232
0.732758
0.985319
0.551535
0.427861
0.201021
0.331872
0.621271
0.085303
0.086685
0.268195
0.469928
0.126997
0.434611
0.874110
0.070950
0.029352
0.777835
0.337521
0.192041
0.795729
0.966152
0.141043
0.144022
0.031436
0.682163
0.716976
0.254047
0.457138
0.744497
0.995651
0.143594
0.990606
0.657985
0.150868
0.214835
0.291454
0.271129
0.556659
0.256010
0.441653
0.820019
0.423106
0.989290
0.611094
0.097569
0.798992
0.042199
0.591954
0.533441
0.840738
0.049179
0.043875
0.760200
0.283378
0.785275
0.271282
0.891099
0.186358
0.189054
0.861774
0.110060
0.987142
0.110859
0.299368
0.041801
0.637119
0.744652
0.694874
0.724270
0.991939
0.383416
0.265934
0.064147
0.180740
0.198137
0.206506
0.687570
0.913537
0.309400
0.731275
0.050393
0.856267
0.330729
0.031588
0.539870
0.502861
0.365719
0.695841
0.392108
0.691205
0.420110
0.704107
0.716159
0.062009
0.353546
0.785465
0.757657
0.662622
0.434699
0.171243
0.046663
0.098430
0.706151
0.438621
0.572441
0.037435
0.199709
0.281219
0.553948
0.652425
0.120877
0.000501
0.124826
0.659969
0.566636
0.865910
0.389413
0.833965
0.884836
0.688440
0.655683
0.866424
0.589621
0.528809
0.593562
0.947759
0.044707
0.199140
0.806995
0.606322
0.706381
0.420385
0.130300
0.112171
0.243852
0.942867
0.089462
0.695991
0.716808
0.226785
0.995463
0.630229
0.638294
0.741796
0.154197
0.652432
0.172672
0.640112
0.103576
0.168880
0.036674
0.156236
0.426474
0.336403
0.139755
0.081402
0.829194
0.729635
0.457936
0.276775
0.881680
0.709377
0.786818
0.065485
0.875638
0.349315
0.786159
0.188322
0.681457
0.339041
0.309271
0.418346
0.101989
0.578349
0.563576
0.373989
0.571181
0.300718
0.028053
0.770363
0.067876
0.068325
0.182437
0.582079
0.060706
0.472230
0.029957
0.283058
0.343426
0.032782
0.035493
0.928876
0.655539
0.004679
0.758280
0.959681
0.400339
0.520304
0.545553
0.752922
0.445636
0.522311
0.443439
0.343367
0.029665
0.557592
0.855678
0.973236
0.288982
0.341821
0.680672
0.029704
0.703491
0.716086
0.033504
0.184484
0.127800
0.660658
0.171849
0.305623
0.593638
0.151139
0.377408
0.477092
0.453014
0.177937
0.577205
0.961546
0.975121
0.319190
0.131043
0.042652
0.851125
0.791091
0.320189
0.627526
0.475532
0.809746
0.037192
0.896641
0.817268
0.747846
0.054891
0.940036
0.083627
0.931243
0.902236
0.836227
0.891035
0.215842
0.580953
0.434034
0.001338
0.795205
0.330930
0.162544
0.694615
0.395360
0.600458
0.191037
0.313035
0.532863
0.469040
0.369273
0.458708
0.647403
0.378591
0.478452
0.054303
0.884781
0.590803
0.198858
0.811705
0.659591
0.999485
0.568102
0.589603
0.622970
0.649489
0.996876
0.457814
0.796737
0.975428
0.717934
0.004137
0.259239
0.128099
0.657985
0.180714
0.684046
0.163770
0.990606
0.466254
0.349487
0.439068
0.946019
0.371072
0.518302
0.364410
0.554750
0.108815
0.861717
0.945585
0.071054
0.248043
0.572806
0.469900
0.277510
0.799786
0.674400
0.768903
0.213308
0.803972
0.242378
0.384662
0.381480
0.353814
0.318918
0.157639
0.481209
0.661014
0.027097
0.960526
0.768651
0.175444
0.098493
0.724316
0.301260
0.963009
0.175151
0.188337
0.626004
0.443639
0.390456
0.553145
0.696424
0.884006
0.000084
0.374067
0.428159
0.644103
0.362386
0.657379
0.513733
0.295858
0.179609
0.308625
0.551552
0.618829
0.823915
0.068430
0.467088
0.583481
0.921505
0.413698
0.193739
0.136504
0.795807
0.377037
0.610143
0.670201
0.539628
0.263631
0.009887
0.054788
0.307845
0.553605
0.339732
0.019263
0.726625
0.256939
0.198636
0.179641
0.726492
0.350400
0.216453
0.820462
0.672009
0.136463
0.783759
0.182792
0.432573
0.532671
0.346570
0.021047
0.874244
0.688516
0.625569
0.410036
0.373247
0.598797
0.444188
0.037130
0.742193
0.133946
0.109371
0.742224
0.039121
0.531431
0.641746
0.869672
0.306888
0.395263
0.736361
0.388357
0.712445
0.738157
0.989357
0.461311
0.744332
0.900971
0.564316
0.364382
0.146026
0.031798
0.793562
0.544555
0.227580
0.916927
0.896699
0.248178
0.460542
0.235555
0.438865
0.620408
0.372753
0.136989
0.386133
0.398194
0.306564
0.861110
0.147687
0.239608
0.048670
0.466526
0.271596
0.189834
0.313344
0.150749
0.701797
0.566304
0.391943
0.507194
0.957822
0.616213
0.923452
0.575037
0.148064
0.799999
0.618202
0.003757
0.976620
0.874028
0.851510
0.487597
0.379134
0.958638
0.104371
0.098651
0.323053
0.592341
0.579895
0.142662
0.252244
0.482092
0.579260
0.920145
0.437100
0.090229
0.038731
0.647654
0.822909
0.662586
0.215764
0.739208
0.989903
0.094460
0.120400
0.209409
0.721359
0.220462
0.994009
0.323705
0.340992
0.368576
0.775489
0.334308
0.202952
0.590286
0.388584
0.322671
0.933923
0.418660
0.877525
0.227000
0.166945
0.083477
0.904368
0.277088
0.659117
0.932193
0.828029
0.452807
0.240793
0.263363
0.598421
0.422810
0.417995
0.228607
0.501333
0.567223
0.254122
0.647920
0.464478
0.190285
0.071341
0.928727
0.600306
0.173793
0.422753
0.138081
0.523777
0.341611
0.730894
0.639230
0.309553
0.050040
0.391636
0.415093
0.474723
0.706167
0.092396
0.780973
0.291837
0.343947
0.453947
0.970483
0.449699
0.938552
0.391070
0.485214
0.326389
0.259267
0.007883
0.015815
0.740225
0.394993
0.199858
0.990606
0.482462
0.177335
0.464897
0.248840
0.915739
0.376580
0.956493
0.503778
0.927964
0.472632
0.704087
0.400222
0.676439
0.405429
0.665189
0.227979
0.950986
0.911042
0.232506
0.470779
0.088710
0.651027
0.101003
0.617560
0.424410
0.157658
0.995849
0.655372
0.392201
0.162837
0.427748
0.508857
0.228574
0.858703
0.427081
0.792409
0.340693
0.523246
0.811247
0.452035
0.362219
0.617471
0.657815
0.323554
0.945897
0.009230
0.661875
0.002016
0.250060
0.045511
0.147142
0.326807
0.012787
0.980071
0.430500
0.045698
0.367891
0.678729
0.957229
0.077428
0.820558
0.339508
0.908396
0.519781
0.575941
0.358300
0.753728
0.119200
0.095045
0.090180
0.286785
0.812195
0.029068
0.358832
0.529596
0.635951
0.793423
0.508009
0.987692
0.727776
0.270135
0.894301
0.765929
0.312321
0.007851
0.628474
0.816318
0.374912
0.402903
0.967537
0.004037
0.360592
0.581456
0.762756
0.431074
0.441903
0.212452
0.942157
0.329339
0.623056
0.684299
0.995463
0.418922
0.162985
0.166569
0.097630
0.887754
0.554555
0.523204
0.415343
0.505062
0.311177
0.100800
0.501886
0.017984
0.639508
0.416941
0.461349
0.885406
0.392054
0.712222
0.570461
0.400247
0.287350
0.764757
0.936154
0.437733
0.660389
0.215625
0.215768
0.489812
0.882324
0.484027
0.880144
0.259126
0.686697
0.942344
0.753957
0.566016
0.925367
0.305255
0.623907
0.546373
0.366961
0.150995
0.578588
0.232277
0.036899
0.116857
0.537837
0.823003
0.696111
0.933437
0.811745
0.452463
0.020783
0.007431
0.803879
0.645078
0.267442
0.702893
0.552772
0.451739
0.560476
0.574203
0.962783
0.669157
0.531150
0.886032
0.191944
0.189713
0.961148
0.428644
0.731485
0.196786
0.166698
0.560088
0.080057
0.066729
0.413093
0.036329
0.295160
0.194921
0.219618
0.254203
0.992353
0.177160
0.702476
0.453242
0.727867
0.257134
0.667995
0.429113
0.238476
0.659658
0.430718
0.411400
0.928006
0.430907
0.567295
0.895985
0.963875
0.486903
0.294854
0.454172
0.399070
0.243971
0.374325
0.606802
0.789838
0.687300
0.371166
0.382300
0.385013
0.321226
0.222032
0.142399
0.850979
0.730413
0.182136
0.721961
0.118446
0.256597
0.806479
0.083284
0.828225
0.551289
0.160152
0.174350
0.556161
0.179416
0.655753
0.289061
0.705463
0.727697
0.994328
0.054603
0.446393
0.691947
0.333633
0.446977
0.463100
0.452029
0.614831
0.274368
0.662307
0.744968
0.529205
0.278903
0.999774
0.742001
0.189800
0.703498
0.992551
0.057900
0.262691
0.784490
0.220610
0.240724
0.412995
0.081562
0.069805
0.054263
0.154310
0.611237
0.471624
0.665737
0.383035
0.093092
0.367377
0.376781
0.515100
0.918628
0.596685
0.963584
0.899339
0.220708
0.518018
0.721725
0.657899
0.665083
0.450602
0.717555
0.264032
0.206187
0.311154
0.995849
0.211623
0.277062
0.945527
0.619597
0.564010
0.690552
0.288465
0.770950
0.089031
0.055980
0.270336
0.977727
0.978816
0.161994
0.295666
0.718837
0.417348
0.435054
0.137080
0.143577
0.290967
0.230713
0.713777
0.895492
0.352693
0.802761
0.046579
0.039734
0.831637
0.311648
0.263215
0.046130
0.339276
0.324951
0.167074
0.376217
0.083322
0.429085
0.435734
0.297753
0.571463
0.078768
0.738967
0.599728
0.389231
0.838783
0.325914
0.311861
0.220803
0.255492
0.653241
0.268993
0.995310
0.731449
0.700070
0.355966
0.953240
0.172388
0.888075
0.021185
0.652024
0.025896
0.264244
0.842596
0.382236
0.805332
0.901294
0.432674
0.912773
0.146650
0.537548
0.094389
0.995463
0.611008
0.958122
0.473691
0.787131
0.961806
0.001030
0.040883
0.151612
0.133735
0.724260
0.500077
0.932934
0.118249
0.022883
0.771590
0.228608
0.660196
0.273707
0.309145
0.530086
0.136791
0.198075
0.015939
0.391529
0.001415
0.948765
0.299906
0.013660
0.723211
0.839791
0.218038
0.278954
0.085032
0.266545
0.883955
0.730060
0.584780
0.263379
0.225450
0.480994
0.544483
0.291868
0.118283
0.526696
0.448480
0.580596
0.899829
0.041975
0.634922
0.590785
0.713932
0.690914
0.678070
0.265030
0.660936
0.092138
0.594483
0.042025
0.850744
0.277950
0.152443
0.460792
0.380138
0.063785
0.376499
0.415527
0.598603
0.710440
0.180039
0.997869
0.331485
0.851624
0.087478
0.218125
0.994771
0.333896
0.430088
0.037417
0.044211
0.427710
0.218605
0.387917
0.992353
0.429701
0.353655
0.994009
0.363857
0.726611
0.855146
0.707849
0.010919
0.738945
0.922339
0.919427
0.231566
0.986554
0.238640
0.031767
0.524334
0.677755
0.134956
0.658384
0.656164
0.475110
0.840875
0.365948
0.056794
0.448093
0.553314
0.402323
0.768283
0.553503
0.236633
0.271263
0.258163
0.115314
0.515822
0.720163
0.320369
0.250575
0.533809
0.344369
0.868042
0.090540
0.175961
0.398125
0.098603
0.834882
0.160816
0.713232
0.431273
0.455192
0.211063
0.999485
0.423974
0.385490
0.731902
0.728068
0.035620
0.753290
0.856556
0.781795
0.965040
0.678583
0.442664
0.119553
0.440758
0.142415
0.742170
0.160840
0.441793
0.649367
0.950369
0.013031
0.163000
0.999522
0.237837
0.025190
0.836243
0.816691
0.246722
0.136169
0.985474
0.665737
0.355062
0.985474
0.316763
0.204299
0.448246
0.842662
0.411365
0.688046
0.196234
0.094279
0.069121
0.043662
0.083102
0.693578
0.710653
0.023024
0.405341
0.392970
0.467540
0.562272
0.783120
0.445404
0.412622
0.262203
0.998099
0.190758
0.243323
0.745549
0.795570
0.317784
0.669802
0.958593
0.010216
0.190283
0.908389
0.050522
0.319904
0.457583
0.556195
0.936374
0.952188
0.059211
0.900667
0.143216
0.729883
0.009704
0.337319
0.374770
0.927699
0.070865
0.848596
0.908670
0.056886
0.764830
0.917065
0.631728
0.691950
0.860381
0.333122
0.967530
0.191301
0.809502
0.606130
0.067473
0.109678
0.929683
0.765491
0.623257
0.788591
0.145760
0.833333
0.438407
0.077539
0.157837
0.424174
0.028239
0.213847
0.683643
0.461523
0.533257
0.461557
0.238085
0.751570
0.433265
0.830364
0.422911
0.896164
0.401700
0.082365
0.927749
0.209427
0.234878
0.253166
0.272221
0.794791
0.394707
0.926674
0.238415
0.531971
0.179203
0.847610
0.304535
0.899395
0.077104
0.552720
0.403778
0.616775
0.392590
0.756104
0.066906
0.321435
0.379306
0.490621
0.641225
0.219407
0.641754
0.082694
0.850852
0.510507
0.466143
0.315460
0.870696
0.298074
0.126064
0.555655
0.086387
0.132847
0.879309
0.420109
0.670584
0.387826
0.772067
0.022444
0.248334
0.174700
0.432675
0.050627
0.335390
0.251520
0.189806
0.509270
0.357910
0.768198
0.744940
0.841874
0.953552
0.355816
0.655573
0.299241
0.325640
0.513774
0.615916
0.290146
0.169186
0.085505
0.991062
0.257562
0.763498
0.443243
0.713283
0.517063
0.249936
0.687162
0.297126
0.118655
0.741464
0.735105
0.382701
0.942079
0.782682
0.312315
0.132265
0.057732
0.559450
0.532355
0.625189
0.416600
0.502258
0.772872
0.068553
0.256602
0.551065
0.287498
0.536764
0.909007
0.383876
0.053476
0.381201
0.250685
0.627713
0.473425
0.332559
0.452971
0.565041
0.055506
0.408030
0.418991
0.515594
0.850438
0.820568
0.407184
0.127145
0.551634
0.622059
0.961442
0.267725
0.883558
0.948331
0.473921
0.270519
0.221965
0.111195
0.506825
0.453592
0.293791
0.025138
0.405253
0.422099
0.742531
0.172274
0.019194
0.563118
0.414439
0.591528
0.373518
0.064322
0.688796
0.721021
0.005001
0.702474
0.244334
0.466068
0.769378
0.048327
0.403689
0.378197
0.380160
0.404795
0.340897
0.713539
0.125842
0.992551
0.190779
0.936037
0.060850
0.127669
0.999522
0.182436
0.999522
0.217822
0.389884
0.386845
0.891284
0.495971
0.028279
0.050103
0.389483
0.534070
0.145159
0.387504
0.476192
0.297639
0.698595
0.727905
0.444596
0.039193
0.995849
0.373969
0.678293
0.735797
0.376022
0.039297
0.706436
0.995849
0.706436
0.264973
0.771174
0.388287
0.897592
0.881842
0.012921
0.595790
0.696065
0.827159
0.001501
0.603945
0.399054
0.870709
0.745961
0.547449
0.863119
0.795358
0.747578
0.039352
0.892140
0.428929
0.715906
0.140487
0.058925
0.181174
0.534798
0.381409
0.311564
0.172013
0.782690
0.483466
0.068194
0.712543
0.913724
0.557374
0.219542
0.687737
0.208648
0.727921
0.787716
0.524985
0.572703
0.599014
0.631173
0.833066
0.121638
0.350470
0.663097
0.797739
0.790892
0.272232
0.103587
0.475480
0.757664
0.778133
0.834407
0.037524
0.159280
0.594184
0.602428
0.453732
0.098487
0.439344
0.935176
0.843121
0.468955
0.773041
0.169397
0.329135
0.480740
0.595610
0.687408
0.092421
0.731332
0.987330
0.397658
0.453615
0.365345
0.298074
0.984848
0.732939
0.411833
0.772416
0.629313
0.761110
0.912122
0.038452
0.481863
0.604694
0.300278
0.601010
0.827167
0.628078
0.304236
0.789103
0.896971
0.532119
0.602171
0.532669
0.445592
0.596775
0.660731
0.381335
0.388931
0.818781
0.396917
0.564085
0.120405
0.722760
0.362658
0.653628
0.560739
0.838713
0.678944
0.537571
0.086528
0.494589
0.199416
0.993350
0.733287
0.752756
0.947025
0.159462
0.414854
0.678929
0.416655
0.895753
0.697081
0.061100
0.843055
0.843237
0.133853
0.671673
0.430286
0.413539
0.372500
0.700159
0.237031
0.724030
0.839326
0.952011
0.016891
0.415785
0.433026
0.888725
0.091800
0.041747
0.144184
0.190216
0.104646
0.463175
0.946327
0.448265
0.948988
0.659370
0.828400
0.055659
0.123195
0.178841
0.088103
0.888853
0.464424
0.521098
0.952777
0.501243
0.283813
0.712008
0.718708
0.845649
0.748995
0.361834
0.054729
0.233670
0.683022
0.901510
0.800045
0.454969
0.545324
0.455069
0.189511
0.335253
0.720244
0.734311
0.991671
0.403888
0.153418
0.630603
0.115909
0.912129
0.159333
0.004561
0.306436
0.784418
0.560202
0.706598
0.556933
0.590112
0.038674
0.361388
0.344770
0.928236
0.784490
0.862287
0.612661
0.334108
0.863339
0.077809
0.428066
0.421814
0.608146
0.078277
0.362903
0.801145
0.573253
0.329425
0.035244
0.992001
0.721749
0.296640
0.713539
0.728807
0.156344
0.588761
0.777441
0.081211
0.033613
0.999522
0.168123
0.428727
0.717986
0.533979
0.157129
0.900348
0.323467
0.680348
0.383225
0.520646
0.664813
0.432264
0.168944
0.717448
0.004246
0.242116
0.058981
0.995849
0.378184
0.995849
0.073679
0.125436
0.681103
0.094396
0.069697
0.678340
0.370019
0.706436
0.428708
0.290851
0.018578
0.373463
0.723557
0.852768
0.625926
0.952652
0.326368
0.754078
0.190967
0.011038
0.481859
0.822016
0.518180
0.118996
0.538855
0.279075
0.001472
0.421556
0.403672
0.652305
0.797860
0.947931
0.900163
0.682622
0.387223
0.950590
0.262918
0.625077
0.571654
0.056986
0.968063
0.406375
0.165373
0.116046
0.988851
0.710047
0.427877
0.205863
0.160852
0.658066
0.900686
0.049170
0.783593
0.222424
0.658746
0.131977
0.846767
0.955329
0.749282
0.314866
0.899953
0.645323
0.860605
0.509488
0.692121
0.745856
0.799864
0.710228
0.935145
0.674410
0.102789
0.333046
0.056334
0.905831
0.405443
0.537059
0.009577
0.711382
0.546394
0.299956
0.420295
0.027048
0.313997
0.088937
0.230263
0.289209
0.868908
0.005680
0.038466
0.734790
0.648781
0.345241
0.347121
0.141821
0.875526
0.977532
0.094746
0.787764
0.127234
0.252561
0.805254
0.755992
0.386686
0.750168
0.158209
0.104578
0.580489
0.799193
0.111757
0.667831
0.333788
0.333896
0.234797
0.587502
0.873202
0.713324
0.430706
0.734085
0.982400
0.543076
0.719671
0.637863
0.173479
0.380999
0.408884
0.794963
0.033269
0.486817
0.242336
0.421123
0.247912
0.642366
0.417363
0.550474
0.026279
0.577898
0.287838
0.207973
0.504745
0.103773
0.131773
0.058635
0.991062
0.041548
0.991062
0.320822
0.908989
0.323383
0.053915
0.407988
0.650253
0.070977
0.561526
0.245340
0.885524
0.036306
0.957077
0.123747
0.687438
0.127327
0.059638
0.442839
0.079182
0.154556
0.963435
0.256500
0.641675
0.028796
0.719206
0.053436
0.937484
0.315260
0.902755
0.964725
0.883972
0.598190
0.653825
0.113959
0.522125
0.257338
0.515166
0.229511
0.868470
0.722720
0.446074
0.006206
0.739476
0.282500
0.219986
0.697340
0.402990
0.720244
0.228146
0.702326
0.308327
0.500718
0.178394
0.298433
0.341189
0.367295
0.304572
0.212222
0.254742
0.473428
0.193482
0.941902
0.552476
0.128009
0.118380
0.627723
0.539348
0.249541
0.455113
0.546935
0.767430
0.248193
0.272564
0.485425
0.581556
0.639940
0.671177
0.774275
0.514882
0.084005
0.725137
0.456884
0.105505
0.278406
0.121463
0.729228
0.992001
0.033122
0.023400
0.212291
0.320253
0.178601
0.439396
0.720399
0.240141
0.299080
0.934413
0.532424
0.043494
0.979268
0.511855
0.433853
0.163002
0.851207
0.272081
0.455261
0.099618
0.588432
0.654938
0.299736
0.696793
0.063935
0.701837
0.159871
0.127785
0.414735
0.995849
0.077867
0.308523
0.687853
0.006608
0.123870
0.055616
0.569556
0.097184
0.865289
0.704234
0.619336
0.060916
0.961175
0.977838
0.459363
0.885965
0.418383
0.369380
0.554214
0.214667
0.862291
0.805412
0.650199
0.088171
0.207949
0.211353
0.338077
0.871267
0.315766
0.241057
0.481726
0.330696
0.072194
0.570679
0.182354
0.322087
0.816542
0.209670
0.571735
0.154777
0.502232
0.927595
0.265428
0.056338
0.670657
0.324645
0.014720
0.198495
0.145986
0.773639
0.590365
0.596915
0.665508
0.966079
0.937710
0.898888
0.895154
0.435502
0.746402
0.144764
0.245146
0.085960
0.972891
0.164784
0.267777
0.596620
0.094178
0.663708
0.961322
0.827093
0.619670
0.481527
0.595018
0.030483
0.167159
0.235893
0.079420
0.357955
0.350616
0.141943
0.475868
0.672008
0.322911
0.012696
0.362679
0.395229
0.416337
0.205227
0.843876
0.609311
0.887857
0.850309
0.066792
0.605664
0.123684
0.823481
0.929161
0.878070
0.217838
0.373437
0.321981
0.916216
0.649736
0.198212
0.846858
0.084199
0.244277
0.434356
0.302275
0.470573
0.210877
0.424198
0.510976
0.867862
0.191954
0.288348
0.484846
0.730974
0.131871
0.567003
0.759097
0.052914
0.239343
0.217863
0.962355
0.620833
0.054133
0.503052
0.978694
0.000667
0.946213
0.366937
0.791343
0.816059
0.433006
0.991062
0.443377
0.054765
0.991062
0.208414
0.680785
0.075290
0.125902
0.505440
0.061595
0.531430
0.188534
0.638354
0.219286
0.318870
0.652869
0.405237
0.521934
0.697409
0.189779
0.182630
0.135266
0.919301
0.422282
0.411627
0.659207
0.663655
0.251675
0.820432
0.099130
0.762586
0.575197
0.466049
0.664829
0.471502
0.040497
0.639880
0.309841
0.080307
0.750518
0.628025
0.042533
0.821231
0.356065
0.748129
0.560421
0.586479
0.342432
0.666442
0.388652
0.697340
0.365796
0.724010
0.647858
0.581118
0.369479
0.008058
0.710491
0.244672
0.013688
0.332909
0.882482
0.154176
0.943458
0.547068
0.767221
0.722717
0.812690
0.255917
0.060337
0.188898
0.291685
0.639322
0.303900
0.767214
0.819113
0.877294
0.589172
0.522852
0.657344
0.194121
0.067960
0.986462
0.391331
0.191399
0.428584
0.336405
0.986462
0.173203
0.466186
0.113488
0.623762
0.318788
0.877579
0.016314
0.595367
0.712427
0.426107
0.173323
0.406431
0.872663
0.597944
0.273271
0.526044
0.107536
0.395481
0.915631
0.839517
0.727414
0.720471
0.894948
0.880759
0.420126
0.736239
0.245445
0.237005
0.696943
0.701837
0.147428
0.438122
0.428696
0.407795
0.174755
0.626032
0.412907
0.374316
0.165501
0.714527
0.782759
0.582434
0.375153
0.574999
0.555887
0.897965
0.072665
0.907309
0.230484
0.764707
0.235620
0.113208
0.492869
0.639022
0.323656
0.278122
0.688131
0.415082
0.706990
0.033672
0.336116
0.200958
0.834378
0.714882
0.493081
0.538120
0.380506
0.085460
0.414890
0.940319
0.572384
0.826843
0.694769
0.235951
0.903883
0.681548
0.182474
0.506293
0.465654
0.263500
0.037349
0.888212
0.787510
0.814255
0.892196
0.106154
0.559029
0.186645
0.896964
0.501102
0.348563
0.374584
0.631778
0.954452
0.127104
0.173873
0.210326
0.117843
0.658190
0.607689
0.191703
0.395419
0.424102
0.244920
0.957687
0.056892
0.483966
0.002303
0.441504
0.796465
0.066675
0.584026
0.383403
0.836992
0.652845
0.866544
0.393798
0.984848
0.168643
0.882141
0.851155
0.959690
0.767157
0.052476
0.810430
0.768916
0.638441
0.042092
0.038495
0.000223
0.249545
0.470493
0.173718
0.068078
0.385852
0.277946
0.076788
0.206679
0.836337
0.182090
0.440779
0.472797
0.896776
0.396602
0.237693
0.775149
0.626124
0.975750
0.138735
0.053390
0.141782
0.275280
0.856237
0.155065
0.621384
0.415693
0.141057
0.221048
0.183872
0.242862
0.363116
0.144228
0.375794
0.406887
0.808968
0.302260
0.561676
0.236162
0.027561
0.991062
0.324348
0.036133
0.418837
0.569629
0.878577
0.234019
0.763698
0.892241
0.168263
0.888937
0.052444
0.896281
0.607084
0.312268
0.205646
0.408957
0.119819
0.181383
0.262679
0.496973
0.224514
0.315406
0.695592
0.131797
0.961804
0.115847
0.556779
0.233659
0.654461
0.886890
0.153891
0.994442
0.483228
0.340716
0.062421
0.696652
0.905456
0.690754
0.692960
0.269209
0.121775
0.401396
0.658986
0.474692
0.676685
0.661187
0.097810
0.003794
0.658768
0.578317
0.367059
0.198116
0.785919
0.078880
0.255814
0.063073
0.551022
0.808668
0.893723
0.828973
0.825165
0.125398
0.768940
0.283055
0.625258
0.684869
0.929424
0.030331
0.682713
0.319423
0.491676
0.177915
0.687668
0.604166
0.084214
0.274176
0.145362
0.907206
0.951819
0.273304
0.443946
0.167580
0.708079
0.650647
0.689954
0.375912
0.986462
0.088920
0.975732
0.032667
0.550037
0.046274
0.751257
0.360611
0.364399
0.408802
0.986399
0.327809
0.477301
0.301429
0.956380
0.617078
0.820264
0.314260
0.164060
0.158911
0.756031
0.491006
0.588306
0.295106
0.477899
0.094830
0.402069
0.188912
0.995849
0.417341
0.167666
0.714394
0.164329
0.203453
0.995849
0.161344
0.995849
0.296672
0.384376
0.115670
0.102184
0.947510
0.508244
0.727506
0.196948
0.028610
0.282680
0.351350
0.785895
0.464907
0.404502
0.996719
0.012369
0.436683
0.160887
0.365000
0.691165
0.310698
0.772681
0.623676
0.575582
0.910699
0.689445
0.365709
0.317123
0.727735
0.984136
0.570756
0.041840
0.670183
0.589653
0.343326
0.060854
0.427738
0.932080
0.032867
0.102054
0.998156
0.166466
0.476434
0.487995
0.107587
0.290108
0.664730
0.409508
0.063544
0.461310
0.489390
0.810872
0.332071
0.578297
0.020956
0.884595
0.619982
0.192014
0.955463
0.204615
0.920141
0.321768
0.468486
0.960466
0.639847
0.389594
0.956188
0.118111
0.204128
0.257607
0.289181
0.823918
0.489758
0.240309
0.388914
0.356715
0.445006
0.333173
0.648907
0.211176
0.075357
0.408933
0.565074
0.427548
0.049450
0.490051
0.370650
0.703979
0.423425
0.662618
0.561082
0.195815
0.508339
0.303322
0.371477
0.450853
0.147519
0.643827
0.071808
0.801929
0.725389
0.689379
0.770653
0.561733
0.248411
0.081232
0.273442
0.784371
0.372347
0.882823
0.792411
0.591040
0.375622
0.761689
0.428152
0.442056
0.093712
0.714016
0.671841
0.285099
0.118946
0.964290
0.657236
0.402619
0.533471
0.582737
0.826069
0.124263
0.027672
0.779203
0.472608
0.639377
0.531321
0.529555
0.575385
0.138348
0.202405
0.799422
0.288250
0.549851
0.628356
0.462143
0.690131
0.015972
0.301213
0.665576
0.410409
0.738777
0.722823
0.720274
0.740207
0.414152
0.451535
0.034168
0.162372
0.676815
0.978814
0.389849
0.224644
0.103985
0.335646
0.955771
0.780659
0.910133
0.251729
0.280778
0.104347
0.911486
0.927400
0.451165
0.340511
0.535993
0.380035
0.119127
0.731027
0.329664
0.214494
0.080710
0.482267
0.986796
0.097385
0.089688
0.313115
0.688625
0.887882
0.396038
0.821501
0.286440
0.582475
0.397533
0.827125
0.875033
0.631367
0.837300
0.847297
0.817962
0.236666
0.635766
0.192697
0.290441
0.304367
0.984951
0.649305
0.239930
0.490916
0.497323
0.564411
0.030060
0.761652
0.852844
0.673079
0.441713
0.995353
0.200084
0.017303
0.638301
0.358712
0.161279
0.132315
0.588805
0.692657
0.595256
0.803429
0.090216
0.108472
0.243478
0.857585
0.580161
0.148299
0.585274
0.393440
0.358237
0.987046
0.215234
0.711857
0.576404
0.722942
0.668202
0.593567
0.527262
0.603191
0.443191
0.639319
0.053785
0.867564
0.837316
0.055865
0.468351
0.138916
0.101874
0.114400
0.519137
0.378883
0.430706
0.594024
0.117912
0.344520
0.501315
0.649617
0.934978
0.184094
0.022876
0.913434
0.099261
0.831925
0.511792
0.826047
0.474048
0.366557
0.996719
0.162305
0.377388
0.523560
0.082457
0.477345
0.330004
0.649564
0.633642
0.563255
0.787528
0.469639
0.112693
0.125446
0.208739
0.558044
0.048414
0.303253
0.233349
0.672750
0.713380
0.142977
0.292625
0.375174
0.711216
0.701737
0.482362
0.119077
0.741514
0.247528
0.764638
0.836618
0.139733
0.775336
0.523992
0.932353
0.421530
0.655499
0.677417
0.849738
0.215521
0.053652
0.926640
0.315092
0.708588
0.810532
0.494365
0.181726
0.577674
0.981440
0.175887
0.172226
0.419627
0.616190
0.950476
0.174122
0.501975
0.190298
0.649419
0.235524
0.525688
0.903111
0.865318
0.621360
0.878302
0.329789
0.452213
0.054499
0.471382
0.252109
0.572165
0.141116
0.406285
0.357850
0.926816
0.761756
0.649428
0.959539
0.629824
0.679192
0.172666
0.369089
0.357388
0.285849
0.222500
0.613641
0.110700
0.286356
0.917307
0.186999
0.959377
0.418111
0.175045
0.507428
0.753780
0.272331
0.282149
0.062348
0.413715
0.842066
0.511909
0.339251
0.360045
0.028660
0.168451
0.904971
0.965161
0.654941
0.898532
0.096525
0.734722
0.679536
0.990491
0.218915
0.458899
0.050426
0.759180
0.181175
0.803244
0.646801
0.228097
0.421025
0.637751
0.690248
0.915075
0.467200
0.486431
0.742004
0.458018
0.507520
0.564357
0.535638
0.999203
0.665576
0.136340
0.345449
0.660495
0.156512
0.168410
0.874677
0.671791
0.767210
0.555646
0.941321
0.882566
0.516360
0.648530
0.954612
0.637107
0.731157
0.611241
0.390127
0.650586
0.240598
0.781607
0.044739
0.142706
0.375341
0.509514
0.719529
0.930865
0.489733
0.109424
0.853703
0.122921
0.717137
0.735714
0.076103
0.984311
0.718768
0.217581
0.079087
0.543962
0.140508
0.178584
0.806513
0.377552
0.353908
0.550599
0.415237
0.763101
0.756540
0.460616
0.905586
0.429713
0.963034
0.469997
0.622707
0.454973
0.594921
0.013208
0.313865
0.308265
0.808368
0.424811
0.256209
0.489486
0.472338
0.741508
0.732083
0.430617
0.451447
0.151399
0.693860
0.379176
0.449902
0.149693
0.093211
0.658625
0.027729
0.984165
0.601067
0.589300
0.654068
0.053276
0.696117
0.309177
0.377162
0.479875
0.095762
0.986731
0.140103
0.578686
0.778301
0.706525
0.950127
0.158679
0.751751
0.788531
0.353079
0.743428
0.804448
0.564051
0.618997
0.041955
0.647819
0.585671
0.024663
0.302506
0.118166
0.561462
0.578382
0.544360
0.522292
0.058321
0.762337
0.718279
0.796039
0.888221
0.898073
0.107479
0.801368
0.760594
0.404046
0.868155
0.837728
0.140752
0.742202
0.732369
0.177119
0.989311
0.408740
0.582494
0.904221
0.252391
0.173791
0.086810
0.354576
0.194742
0.660916
0.912714
0.344172
0.526053
0.244525
0.348579
0.437683
0.702172
0.715938
0.735972
0.990307
0.110795
0.874223
0.595176
0.731535
0.476912
0.083878
0.107852
0.481837
0.463244
0.552075
0.309030
0.715654
0.003723
0.876361
0.653525
0.108552
0.463355
0.582014
0.073331
0.440286
0.263903
0.082541
0.640156
0.221178
0.372283
0.161381
0.929598
0.516078
0.713184
0.406977
0.750071
0.134544
0.167444
0.546872
0.663785
0.874636
0.416322
0.052534
0.114018
0.936524
0.097094
0.216440
0.024610
0.038202
0.456497
0.737052
0.417882
0.730423
0.631454
0.145760
0.541795
0.717494
0.104282
0.241932
0.263772
0.424991
0.321898
0.496595
0.306609
0.129515
0.532159
0.680103
0.422782
0.678221
0.968908
0.161870
0.650359
0.410538
0.550998
0.427676
0.611835
0.568890
0.486849
0.728430
0.823452
0.201647
0.879085
0.889176
0.515909
0.756300
0.684636
0.503481
0.538410
0.905076
0.832217
0.960585
0.709527
0.038199
0.545233
0.304358
0.594693
0.249266
0.045072
0.217498
0.407791
0.887019
0.593115
0.733787
0.751445
0.658944
0.899466
0.487556
0.091946
0.997394
0.339000
0.653968
0.556260
0.503678
0.410698
0.272300
0.561459
0.090000
0.453799
0.532796
0.973804
0.308860
0.458153
0.409538
0.871303
0.196907
0.455791
0.264246
0.387637
0.310978
0.296992
0.157375
0.566302
0.268346
0.303889
0.962389
0.621806
0.186586
0.377033
0.883882
0.492280
0.506236
0.443125
0.094748
0.545771
0.324590
0.725393
0.398564
0.334733
0.100508
0.448144
0.718763
0.066360
0.960807
0.021357
0.929654
0.724759
0.584531
0.540484
0.883830
0.579924
0.852051
0.178018
0.319844
0.271003
0.097623
0.982374
0.801451
0.578614
0.176834
0.720438
0.944516
0.841998
0.466744
0.376137
0.592016
0.551690
0.945859
0.321380
0.743092
0.238015
0.252391
0.892541
0.295720
0.997825
0.473130
0.244825
0.441748
0.440743
0.701393
0.168287
0.400643
0.710061
0.296460
0.262977
0.748882
0.183023
0.746134
0.690849
0.179921
0.661112
0.129597
0.693880
0.316027
0.306209
0.261137
0.076052
0.057689
0.716095
0.489807
0.018686
0.507902
0.512592
0.498262
0.338373
0.238411
0.466669
0.846710
0.253119
0.696550
0.052195
0.120398
0.760694
0.929372
0.580396
0.051486
0.350325
0.469133
0.446839
0.567470
0.123257
0.375421
0.795747
0.445049
0.126353
0.196078
0.192799
0.213305
0.595005
0.432563
0.718809
0.691353
0.099582
0.056604
0.171599
0.264983
0.003030
0.338507
0.255277
0.188119
0.810387
0.614527
0.012699
0.613369
0.053611
0.216705
0.464013
0.705525
0.435017
0.156091
0.278797
0.311940
0.442458
0.540102
0.816765
0.837658
0.130451
0.405664
0.784575
0.823799
0.656050
0.173416
0.536247
0.024920
0.587356
0.725203
0.016236
0.755737
0.637222
0.456598
0.932077
0.723215
0.604216
0.965534
0.416436
0.168601
0.608027
0.733100
0.198973
0.240822
0.972181
0.829938
0.119804
0.283340
0.004193
0.878829
0.092282
0.012615
0.252400
0.551188
0.708988
0.209994
0.441968
0.263572
0.623211
0.617277
0.119108
0.070546
0.592692
0.780879
0.768458
0.482271
0.278763
0.426373
0.066772
0.138317
0.609780
0.344467
0.546392
0.372218
0.972547
0.245859
0.861024
0.242185
0.840471
0.594901
0.204361
0.708118
0.251299
0.293981
0.803554
0.026386
0.600817
0.479834
0.178222
0.255989
0.485187
0.561685
0.915291
0.090361
0.685467
0.415801
0.824822
0.346977
0.404002
0.022540
0.520150
0.749857
0.106393
0.445629
0.315121
0.395567
0.949204
0.298837
0.433278
0.506551
0.851582
0.596388
0.793489
0.797025
0.543322
0.248925
0.023206
0.604094
0.557831
0.283785
0.203318
0.839802
0.673583
0.517984
0.826432
0.149048
0.455646
0.713549
0.009622
0.623751
0.410267
0.995043
0.709632
0.557621
0.501870
0.359684
0.206412
0.076518
0.529271
0.296061
0.161875
0.422638
0.267016
0.400369
0.626730
0.536352
0.434286
0.662498
0.228390
0.367855
0.889413
0.832722
0.310595
0.235770
0.384449
0.149525
0.993696
0.232386
0.247145
0.226031
0.013283
0.584852
0.628597
0.549271
0.279072
0.433277
0.431347
0.077391
0.391786
0.121660
0.008253
0.159178
0.660431
0.823266
0.630840
0.150856
0.568830
0.692231
0.706307
0.381832
0.804210
0.733376
0.658159
0.518560
0.100132
0.318798
0.267159
0.002011
0.626890
0.995353
0.308660
0.833822
0.559146
0.714178
0.745439
0.319771
0.525724
0.581186
0.427061
0.627584
0.107103
0.984165
0.406186
0.593097
0.116692
0.835188
0.038009
0.819899
0.834632
0.488026
0.075337
0.223110
0.102598
0.059822
0.514439
0.576273
0.092360
0.767817
0.213568
0.228882
0.593444
0.807142
0.697155
0.384560
0.278686
0.664319
0.586552
0.080955
0.205656
0.581589
0.676996
0.309178
0.510749
0.266503
0.719832
0.129694
0.425190
0.354645
0.673031
0.562785
0.796765
0.968189
0.467702
0.285727
0.803021
0.350963
0.323928
0.348667
0.103401
0.199751
0.419595
0.686198
0.035343
0.642558
0.293773
0.314214
0.991767
0.401533
0.107523
0.991767
0.016476
0.338321
0.681213
0.573010
0.649905
0.620488
0.315498
0.711943
0.368675
0.437242
0.451318
0.460826
0.377593
0.185209
0.377889
0.329221
0.681603
0.546152
0.088117
0.017082
0.382119
0.590283
0.675508
0.080022
0.367325
0.157087
0.162710
0.031289
0.164854
0.269168
0.402280
0.218682
0.634964
0.504142
0.811518
0.965621
0.143390
0.131350
0.847129
0.961774
0.401461
0.705794
0.970202
0.487186
0.281598
0.384806
0.639673
0.019630
0.220792
0.901161
0.657770
0.510289
0.008897
0.073355
0.016099
0.579832
0.404479
0.560070
0.219708
0.723764
0.907503
0.731489
0.534558
0.226274
0.110670
0.104336
0.768831
0.722873
0.972578
0.199142
0.289972
0.123124
0.375242
0.465215
0.148684
0.122171
0.726295
0.743373
0.725646
0.255648
0.748853
0.958848
0.739376
0.346997
0.056124
0.632816
0.512096
0.387901
0.238031
0.087078
0.514658
0.489102
0.013564
0.806278
0.003088
0.237670
0.626310
0.565368
0.941620
0.382790
0.636534
0.509489
0.290415
0.669679
0.973125
0.042640
0.590796
0.604443
0.547903
0.322803
0.306764
0.115275
0.153584
0.609675
0.694549
0.911943
0.010411
0.172810
0.421472
0.164891
0.711432
0.293319
0.355490
0.887000
0.017742
0.291284
0.116367
0.122898
0.708107
0.004404
0.664301
0.480287
0.312371
0.896351
0.292139
0.472078
0.086138
0.834609
0.637703
0.705454
0.929956
0.275902
0.985599
0.728673
0.597149
0.742071
0.632406
0.665577
0.956518
0.874955
0.569446
0.532486
0.616037
0.365629
0.729784
0.255070
0.237425
0.629643
0.278363
0.387453
0.161048
0.246300
0.518595
0.757483
0.892971
0.982134
0.266574
0.099884
0.791648
0.372197
0.729459
0.933640
0.763967
0.798368
0.922583
0.615194
0.243736
0.982632
0.294915
0.787343
0.023002
0.539616
0.000924
0.579471
0.772696
0.554743
0.622741
0.007394
0.143134
0.304859
0.728497
0.598566
0.687734
0.660384
0.627584
0.702867
0.691582
0.374116
0.403279
0.511830
0.380557
0.300483
0.869456
0.594240
0.251326
0.041499
0.000429
0.321915
0.714910
0.026169
0.235207
0.752553
0.589582
0.954531
0.613394
0.238894
0.038023
0.585988
0.003113
0.741668
0.865698
0.638145
0.238751
0.994467
0.436854
0.956101
0.294374
0.078524
0.167635
0.964329
0.958842
0.250407
0.083707
0.572847
0.506841
0.126657
0.027332
0.227798
0.156475
0.860806
0.081226
0.055603
0.788860
0.342853
0.506230
0.272678
0.130604
0.996719
0.050361
0.686406
0.630348
0.348328
0.666043
0.115155
0.484658
0.389638
0.429793
0.613856
0.663687
0.116991
0.658405
0.691530
0.463062
0.321072
0.030981
0.391841
0.142470
0.990307
0.109090
0.996062
0.306154
0.737650
0.581521
0.751695
0.338150
0.590287
0.573972
0.526065
0.582771
0.395937
0.060239
0.256031
0.360223
0.767980
0.586285
0.352700
0.675333
0.308635
0.420762
0.593583
0.027586
0.365388
0.792913
0.500845
0.622923
0.340150
0.708800
0.174607
0.157867
0.999692
0.638154
0.285919
0.157021
0.030500
0.355048
0.392630
0.369272
0.154950
0.537408
0.895423
0.044602
0.197373
0.448301
0.769940
0.917155
0.458133
0.376099
0.873728
0.373010
0.657229
0.343927
0.321216
0.430779
0.531988
0.057940
0.765515
0.454399
0.170451
0.118891
0.708857
0.314951
0.729844
0.163966
0.454045
0.731690
0.997897
0.158511
0.543434
0.822529
0.636237
0.838963
0.369164
0.465600
0.504413
0.030236
0.155433
0.519538
0.800917
0.537723
0.743412
0.818809
0.857953
0.723858
0.858733
0.404773
0.719083
0.713499
0.217802
0.994693
0.075975
0.966868
0.889408
0.139230
0.520993
0.124846
0.451900
0.564648
0.427722
0.754569
0.835247
0.235489
0.317686
0.884837
0.158239
0.128313
0.930504
0.551373
0.471957
0.471747
0.220101
0.146243
0.513513
0.147119
0.995043
0.332069
0.491408
0.914415
0.045876
0.032668
0.001881
0.905691
0.072145
0.552090
0.645285
0.035300
0.758132
0.449219
0.325872
0.263564
0.547702
0.881446
0.334425
0.179115
0.845414
0.572693
0.246921
0.242994
0.176032
0.178308
0.649645
0.754642
0.946423
0.851175
0.556714
0.698275
0.438977
0.641654
0.048151
0.920619
0.408719
0.461606
0.589943
0.171617
0.983334
0.155910
0.891365
0.563812
0.844602
0.442474
0.461566
0.276440
0.519063
0.620904
0.001503
0.486856
0.090148
0.831051
0.952833
0.755932
0.816445
0.126449
0.145487
0.937277
0.784892
0.090667
0.180356
0.490403
0.774792
0.230896
0.048297
0.392447
0.189106
0.632032
0.265126
0.984165
0.634895
0.662617
0.226597
0.111206
0.151255
0.126533
0.634068
0.068763
0.968423
0.347329
0.739985
0.776714
0.442847
0.920404
0.514316
0.826116
0.648161
0.943071
0.811464
0.506581
0.690687
0.942421
0.892523
0.802403
0.058306
0.349464
0.196993
0.485661
0.883980
0.981685
0.043784
0.429340
0.203014
0.879598
0.847051
0.615876
0.884032
0.983349
0.634380
0.624688
0.722341
0.348278
0.534988
0.766276
0.543920
0.735831
0.739490
0.682187
0.067360
0.133446
0.989311
0.062106
0.343307
0.685148
0.149684
0.370472
0.441793
0.345983
0.733401
0.230326
0.075732
0.003637
0.500448
0.604404
0.990307
0.398160
0.327917
0.678808
0.138331
0.152037
0.688411
0.662782
0.484017
0.753037
0.181731
0.880717
0.446040
0.432683
0.164458
0.996166
0.684013
0.682874
0.702450
0.451257
0.141353
0.553853
0.781383
0.234623
0.702173
0.185406
0.979659
0.480687
0.932576
0.327190
0.696259
0.160957
0.083066
0.104901
0.695771
0.038129
0.638154
0.088412
0.666504
0.999692
0.611502
0.535396
0.103855
0.653768
0.460543
0.410585
0.626870
0.623289
0.224806
0.576695
0.521304
0.798381
0.100815
0.989060
0.255515
0.524941
0.461416
0.408674
0.695772
0.874343
0.430113
0.591017
0.444443
0.922083
0.717878
0.013979
0.277110
0.422472
0.166807
0.736736
0.070818
0.315661
0.301828
0.090651
0.761605
0.421658
0.937434
0.263704
0.497747
0.355360
0.093739
0.040270
0.703369
0.086277
0.518734
0.546465
0.511620
0.109798
0.268025
0.295137
0.425182
0.719083
0.991366
0.410126
0.355278
0.442434
0.697291
0.702755
0.179836
0.068297
0.736122
0.342611
0.753803
0.069342
0.870646
0.886810
0.149841
0.810019
0.728974
0.089317
0.698798
0.945737
0.534327
0.438733
0.164071
0.260293
0.540374
0.300517
0.634767
0.768502
0.031716
0.495468
0.591574
0.146899
0.980132
0.707355
0.006206
0.610117
0.000275
0.669972
0.051001
0.249360
0.788205
0.344976
0.593246
0.571081
0.698619
0.690034
0.885898
0.513767
0.086870
0.119473
0.858749
0.745562
0.714333
0.410855
0.387390
0.644173
0.647020
0.441846
0.956483
0.250298
0.379903
0.644648
0.576153
0.285401
0.126533
0.971312
0.279745
0.925852
0.664593
0.340383
0.124834
0.938468
0.812642
0.778847
0.202239
0.796369
0.000229
0.864285
0.387294
0.619942
0.993052
0.104140
0.404273
0.108374
0.834537
0.486747
0.344855
0.490432
0.892032
0.835211
0.887242
0.601881
0.333646
0.689431
0.102880
0.444398
0.985006
0.365489
0.458129
0.285555
0.123918
0.948843
0.389699
0.379717
0.978316
0.320661
0.113177
0.267202
0.594693
0.245196
0.639272
0.723527
0.924048
0.956069
0.366117
0.710515
0.443400
0.964664
0.082430
0.653790
0.195490
0.714173
0.151298
0.698639
0.320682
0.255417
0.781756
0.296056
0.242610
0.409282
0.485763
0.398984
0.072805
0.119514
0.469906
0.225359
0.740128
0.633012
0.596778
0.364453
0.437035
0.088165
0.052196
0.086228
0.798953
0.657384
0.138461
0.996058
0.675439
0.062699
0.686406
0.111161
0.382973
0.681428
0.021228
0.345752
0.171535
0.447679
0.715317
0.147756
0.216179
0.191180
0.952819
0.453311
0.097889
0.732851
0.101813
0.697187
0.736534
0.628803
0.694588
0.606222
0.879043
0.590660
0.908783
0.088226
0.860988
0.427883
0.710229
0.113222
0.682874
0.389959
0.174368
0.731404
0.627696
0.832202
0.370614
0.855528
0.435541
0.311872
0.258759
0.800738
0.043381
0.472871
0.282226
0.981573
0.943532
0.303398
0.048018
0.124888
0.228396
0.389942
0.358999
0.666504
0.161252
0.488746
0.619366
0.198609
0.698469
0.405065
0.812250
0.739970
0.900432
0.306213
0.892152
0.471846
0.236409
0.298506
0.839587
0.080919
0.301916
0.155699
0.575624
0.690631
0.762074
0.691403
0.193993
0.410023
0.016343
0.860443
0.408197
0.989423
0.468147
0.997897
0.488691
0.902569
0.491411
0.227832
0.257905
0.884514
0.964493
0.085866
0.573740
0.639279
0.696794
0.581924
0.270666
0.471167
0.152812
0.051258
0.688850
0.996364
0.367845
0.420462
0.125986
0.155561
0.719083
0.173605
0.023840
0.387382
0.694913
0.217408
0.116238
0.007029
0.420184
0.569297
0.226709
0.802706
0.643073
0.207636
0.960576
0.198872
0.117403
0.280126
0.094657
0.848615
0.929265
0.406422
0.855608
0.422119
0.893112
0.623259
0.365585
0.649581
0.264930
0.809039
0.261100
0.595306
0.643261
0.757538
0.857383
0.656351
0.831381
0.177954
0.192426
0.502054
0.680753
0.702488
0.066425
0.904248
0.851574
0.601366
0.550557
0.146953
0.978605
0.325765
0.489976
0.615867
0.621655
0.255882
0.495351
0.340944
0.796564
0.955235
0.889954
0.198701
0.644648
0.709158
0.395775
0.974792
0.317884
0.751767
0.596153
0.117495
0.544620
0.935168
0.636001
0.465612
0.296935
0.247384
0.719515
0.490355
0.230132
0.249126
0.025394
0.981499
0.061155
0.565682
0.887222
0.207682
0.738749
0.090354
0.236512
0.263228
0.022300
0.797539
0.821362
0.936182
0.195529
0.377065
0.985006
0.730334
0.341707
0.804889
0.761630
0.507728
0.718848
0.603137
0.260293
0.474063
0.968069
0.368923
0.379977
0.937104
0.772433
0.125532
0.325119
0.936581
0.097072
0.086372
0.451337
0.073616
0.469724
0.824310
0.629585
0.261087
0.062726
0.748577
0.129528
0.890580
0.656952
0.875822
0.288470
0.234626
0.483006
0.112869
0.231121
0.271173
0.240964
0.863036
0.303393
0.118128
0.630438
0.994321
0.202546
0.597379
0.586239
0.881556
0.908386
0.230133
0.954058
0.468259
0.936902
0.176886
0.277452
0.679251
0.412259
0.042630
0.565514
0.064615
0.391080
0.991767
0.394891
0.443939
0.678694
0.263765
0.241797
0.307669
0.789182
0.275720
0.054483
0.990307
0.236093
0.273019
0.421196
0.152556
0.628803
0.013831
0.123099
0.960583
0.918461
0.359455
0.485805
0.297758
0.267692
0.188820
0.137649
0.033435
0.734054
0.171377
0.964186
0.298280
0.427003
0.605418
0.872135
0.342316
0.877857
0.831523
0.885523
0.912658
0.533344
0.490856
0.720461
0.520853
0.329416
0.155538
0.339658
0.429254
0.080808
0.630534
0.904143
0.506868
0.992657
0.346040
0.457635
0.646850
0.643578
0.455698
0.945955
0.343834
0.217304
0.041131
0.417293
0.343860
0.147644
0.705436
0.267834
0.701904
0.710201
0.986682
0.282736
0.809746
0.557195
0.895958
0.237682
0.086150
0.075134
0.364466
0.088961
0.471933
0.429277
0.554804
0.241979
0.539123
0.339967
0.335215
0.555342
0.079522
0.674779
0.223505
0.212892
0.534422
0.528936
0.800612
0.556186
0.925879
0.097942
0.434541
0.685161
0.683984
0.680163
0.398962
0.701126
0.325622
0.994693
0.052588
0.719783
0.994693
0.394118
0.642075
0.523809
0.722806
0.297530
0.976092
0.458680
0.971054
0.212658
0.334150
0.453591
0.507095
0.043448
0.635060
0.301617
0.427776
0.039348
0.903334
0.541384
0.494470
0.782719
0.778742
0.468863
0.172301
0.633118
0.832057
0.831991
0.685380
0.838432
0.306070
0.811272
0.442134
0.154566
0.448171
0.976126
0.531822
0.780596
0.345970
0.099861
0.842472
0.895555
0.115634
0.983303
0.689032
0.192606
0.590865
0.480660
0.702718
0.771852
0.407641
0.927534
0.949441
0.659341
0.336659
0.009796
0.998675
0.471869
0.064508
0.701254
0.588702
0.293745
0.435358
0.311290
0.533292
0.807604
0.565046
0.286929
0.622190
0.891230
0.345871
0.644859
0.397355
0.089281
0.260219
0.608581
0.582648
0.542425
0.480860
0.617482
0.864467
0.408699
0.231801
0.836960
0.135727
0.244767
0.266610
0.732990
0.660399
0.514779
0.079951
0.052406
0.649970
0.732156
0.573608
0.480405
0.367331
0.003219
0.375937
0.418434
0.481335
0.389332
0.774319
0.212999
0.427037
0.561700
0.303176
0.236858
0.219664
0.733844
0.670688
0.430648
0.308947
0.315459
0.514937
0.941815
0.975559
0.533480
0.633342
0.519622
0.090970
0.395798
0.024306
0.995279
0.710939
0.180677
0.585049
0.384578
0.922675
0.778832
0.634641
0.770729
0.385083
0.467948
0.274562
0.765954
0.405799
0.442807
0.330776
0.354365
0.550293
0.399539
0.033356
0.113082
0.023530
0.717155
0.992780
0.479196
0.197824
0.991767
0.242752
0.121599
0.731299
0.409322
0.991767
0.481512
0.020793
0.585036
0.773978
0.019620
0.593479
0.919592
0.640896
0.093870
0.703690
0.007648
0.667666
0.306203
0.200676
0.109463
0.119545
0.345186
0.049046
0.962229
0.374785
0.540262
0.996166
0.710005
0.698159
0.728601
0.691341
0.998369
0.593656
0.702498
0.978071
0.134515
0.630692
0.458247
0.285312
0.434170
0.980633
0.258663
0.476760
0.957366
0.523323
0.999692
0.689279
0.713907
0.141088
0.571581
0.556111
0.460840
0.411801
0.336852
0.059863
0.708485
0.904770
0.566474
0.586969
0.088420
0.104932
0.405455
0.392616
0.990011
0.036108
0.986682
0.267834
0.126417
0.238462
0.539416
0.727749
0.662039
0.618371
0.224630
0.683228
0.100734
0.715493
0.747236
0.236328
0.286330
0.542710
0.725920
0.949063
0.978508
0.674246
0.671931
0.037301
0.400961
0.462424
0.899745
0.342413
0.281632
0.071138
0.924663
0.906405
0.149711
0.405363
0.108622
0.996364
0.263843
0.493875
0.276816
0.023573
0.634080
0.148255
0.401753
0.418546
0.994693
0.416462
0.777899
0.270847
0.821884
0.030345
0.545789
0.027754
0.389377
0.299321
0.707180
0.213609
0.640261
0.926430
0.071084
0.416565
0.214910
0.895164
0.966033
0.531453
0.329129
0.273284
0.424509
0.182219
0.316346
0.768442
0.779577
0.074098
0.317332
0.831691
0.856658
0.456542
0.966763
0.175114
0.869947
0.767847
0.074655
0.326715
0.603323
0.612064
0.901130
0.983136
0.437671
0.475290
0.291100
0.605754
0.982410
0.056122
0.897053
0.027068
0.665179
0.594871
0.558069
0.552892
0.051060
0.226586
0.315780
0.344134
0.306648
0.723903
0.051916
0.726148
0.680704
0.178097
0.841712
0.464190
0.302344
0.977174
0.773933
0.329886
0.945147
0.277582
0.040515
0.046163
0.948478
0.665560
0.362419
0.991103
0.246866
0.426710
0.206493
0.367408
0.389807
0.685993
0.006819
0.283460
0.020729
0.412172
0.289237
0.480038
0.834435
0.247209
0.415180
0.280486
0.586776
0.361187
0.477652
0.249649
0.032603
0.542721
0.149816
0.829189
0.767396
0.310093
0.026276
0.736981
0.715926
0.532850
0.199965
0.205238
0.888083
0.270939
0.634423
0.971924
0.324951
0.687350
0.060631
0.724031
0.688346
0.190331
0.882990
0.851895
0.481066
0.028042
0.195207
0.015495
0.476629
0.863869
0.896879
0.672972
0.157038
0.172906
0.837962
0.076594
0.586826
0.434922
0.032793
0.172309
0.594026
0.918647
0.519292
0.137771
0.668714
0.650065
0.125128
0.398561
0.480089
0.295687
0.338122
0.015280
0.334239
0.991767
0.009671
0.678647
0.195037
0.579297
0.750843
0.850877
0.690238
0.004758
0.876987
0.583691
0.697528
0.405209
0.644315
0.963564
0.408021
0.120488
0.293569
0.820007
0.837849
0.957042
0.379534
0.955083
0.044131
0.542332
0.324949
0.876213
0.009608
0.862942
0.123744
0.221597
0.944320
0.079654
0.176879
0.469762
0.572320
0.185645
0.679220
0.628475
0.194109
0.143541
0.668609
0.915712
0.023612
0.358021
0.466412
0.303369
0.386689
0.706085
0.713700
0.707641
0.159562
0.743337
0.995185
0.042875
0.450487
0.123459
0.353994
0.498906
0.986682
0.728525
0.477446
0.133367
0.329302
0.680463
0.038472
0.649517
0.107064
0.558169
0.221475
0.076488
0.427150
0.724677
0.685649
0.717552
0.151794
0.999318
0.229570
0.718875
0.489061
0.603874
0.807331
0.578459
0.400237
0.770386
0.874843
0.158668
0.373464
0.015980
0.464039
0.149386
0.796824
0.317723
0.389034
0.996925
0.155694
0.211455
0.340837
0.445588
0.057847
0.665185
0.370293
0.437165
0.464561
0.445341
0.258162
0.035785
0.693631
0.230931
0.084103
0.635802
0.647374
0.825102
0.512110
0.329221
0.846834
0.236608
0.377650
0.167321
0.890763
0.226986
0.888746
0.833952
0.865671
0.588820
0.813989
0.667495
0.576929
0.719937
0.395087
0.654614
0.155793
0.337962
0.997025
0.266375
0.555146
0.843136
0.602694
0.202908
0.213116
0.270239
0.591209
0.881442
0.911451
0.080530
0.960608
0.839154
0.552439
0.719111
0.382380
0.793976
0.926367
0.936283
0.432949
0.002145
0.727525
0.674233
0.120776
0.031502
0.521544
0.230848
0.111422
0.317121
0.475596
0.570281
0.249734
0.079110
0.702765
0.682426
0.466106
0.198082
0.393175
0.686049
0.602883
0.388859
0.096379
0.205092
0.628746
0.580759
0.143017
0.218497
0.085349
0.695433
0.266693
0.085139
0.731805
0.311183
0.995155
0.391014
0.995155
0.565117
0.835591
0.557997
0.088984
0.624350
0.601058
0.499889
0.941131
0.882957
0.637040
0.082395
0.237103
0.442125
0.919042
0.112706
0.723716
0.506546
0.426277
0.656759
0.559193
0.401588
0.992370
0.444949
0.858487
0.329019
0.262339
0.628084
0.712680
0.558747
0.547101
0.538488
0.399671
0.501747
0.519928
0.872554
0.629883
0.868062
0.703527
0.594784
0.095450
0.373138
0.785999
0.004990
0.227525
0.688813
0.065680
0.025206
0.686273
0.413557
0.674154
0.839632
0.093763
0.190251
0.766220
0.232039
0.612445
0.285223
0.021974
0.992780
0.650065
0.341767
0.423821
0.405481
0.399199
0.572807
0.474020
0.439473
0.329007
0.380372
0.400774
0.521673
0.214815
0.919946
0.371848
0.764721
0.436582
0.589234
0.996100
0.697566
0.323932
0.140110
0.297869
0.001251
0.195647
0.938720
0.736536
0.565595
0.877760
0.287275
0.581925
0.935987
0.916190
0.719309
0.196617
0.276945
0.583370
0.682587
0.942444
0.666758
0.003681
0.834120
0.850031
0.164526
0.672976
0.242958
0.996548
0.741814
0.269219
0.215309
0.998585
0.571178
0.014117
0.693647
0.072178
0.204120
0.323948
0.394692
0.306895
0.733528
0.097036
0.906337
0.769892
0.231573
0.119357
0.586455
0.513865
0.270744
0.699909
0.400224
0.084705
0.466023
0.168908
0.792314
0.353081
0.744820
0.533415
0.030273
0.696138
0.999318
0.182852
0.460899
0.711533
0.492852
0.180468
0.790381
0.716882
0.871455
0.123325
0.501075
0.950256
0.108514
0.741443
0.563110
0.608558
0.130634
0.143281
0.772113
0.054024
0.112356
0.996925
0.389595
0.697596
0.474393
0.618014
0.359066
0.292064
0.690667
0.230378
0.282401
0.102805
0.399401
0.252725
0.455832
0.562455
0.170376
0.797230
0.692291
0.021055
0.407145
0.140319
0.810052
0.840243
0.806586
0.145629
0.625574
0.647152
0.653665
0.574147
0.401159
0.156690
0.758482
0.412682
0.912657
0.323331
0.950780
0.429232
0.079598
0.066939
0.972300
0.165412
0.654023
0.165242
0.851805
0.980373
0.484190
0.511803
0.823479
0.276578
0.649606
0.963384
0.389942
0.880400
0.299747
0.412362
0.223622
0.335830
0.487213
0.220388
0.278819
0.823372
0.755909
0.925369
0.582544
0.123308
0.486832
0.605929
0.063154
0.197339
0.200787
0.576221
0.595535
0.996392
0.271401
0.061542
0.996392
0.088444
0.609376
0.139690
0.422333
0.792050
0.448743
0.328589
0.841854
0.891707
0.006800
0.753393
0.506973
0.991103
0.406568
0.142714
0.461841
0.556422
0.000330
0.191262
0.486619
0.535493
0.972569
0.656574
0.802994
0.691231
0.921739
0.911455
0.142352
0.525403
0.396360
0.651179
0.406577
0.529421
0.482909
0.591492
0.425722
0.227027
0.565717
0.319943
0.070774
0.663883
0.342733
0.290095
0.499305
0.740660
0.642024
0.832124
0.363606
0.308270
0.572222
0.786007
0.545812
0.230501
0.847579
0.948320
0.245467
0.616899
0.687342
0.737345
0.147822
0.662107
0.604346
0.877469
0.417337
0.910096
0.695471
0.803241
0.659201
0.065279
0.425027
0.667881
0.587316
0.079223
0.471489
0.463147
0.042740
0.892743
0.280173
0.908868
0.038200
0.454011
0.493368
0.431805
0.431740
0.714723
0.536314
0.315475
0.873462
0.319561
0.675044
0.695174
0.406994
0.684807
0.905460
0.283406
0.069677
0.113558
0.983540
0.116881
0.693092
0.635557
0.264003
0.734709
0.595873
0.453651
0.979927
0.188014
0.687108
0.587521
0.427164
0.526863
0.154452
0.214948
0.847655
0.271813
0.259518
0.148699
0.461966
0.368855
0.918257
0.464241
0.423016
0.725196
0.728876
0.529876
0.537338
0.322736
0.264065
0.884608
0.853992
0.495315
0.925238
0.508540
0.102622
0.115405
0.559895
0.038129
0.284806
0.382938
0.698740
0.626027
0.093634
0.179983
0.380011
0.746675
0.677157
0.513275
0.728504
0.055579
0.405816
0.467806
0.986682
0.203068
0.755259
0.054908
0.062567
0.480731
0.500438
0.019942
0.222199
0.727395
0.134595
0.200558
0.408587
0.744783
0.064792
0.234506
0.341385
0.886466
0.671678
0.656011
0.899978
0.168242
0.374863
0.937936
0.827315
0.518315
0.546195
0.920390
0.466408
0.668267
0.385784
0.016684
0.238859
0.350744
0.492283
0.994693
0.483327
0.440740
0.259140
0.704484
0.994693
0.704484
0.606768
0.456092
0.206303
0.103018
0.329134
0.439101
0.414612
0.371552
0.279385
0.654118
0.547592
0.231671
0.392272
0.460145
0.431659
0.791238
0.523362
0.973249
0.119661
0.666803
0.377045
0.013071
0.324252
0.454256
0.971282
0.055837
0.053491
0.445357
0.549281
0.616350
0.360368
0.962150
0.404219
0.927453
0.136852
0.380791
0.875152
0.087910
0.654048
0.880002
0.507346
0.976217
0.560503
0.293295
0.215391
0.880732
0.334778
0.393988
0.331515
0.162282
0.327123
0.582725
0.425218
0.764777
0.396484
0.973142
0.926318
0.148041
0.337004
0.271401
0.996392
0.384490
0.275522
0.429823
0.348343
0.652430
0.159350
0.934114
0.414981
0.136458
0.196514
0.155218
0.368449
0.089822
0.068534
0.251873
0.692789
0.286860
0.991103
0.614706
0.128778
0.036807
0.714263
0.139699
0.860378
0.664819
0.886462
0.844098
0.353562
0.511329
0.739990
0.468347
0.596774
0.070072
0.587283
0.296789
0.084163
0.968964
0.391004
0.829457
0.120520
0.718344
0.877559
0.006865
0.473853
0.553239
0.099157
0.900195
0.692490
0.734545
0.526163
0.811071
0.679284
0.062184
0.088469
0.224231
0.184612
0.484620
0.826081
0.925045
0.138138
0.718726
0.379870
0.635837
0.791230
0.611717
0.925140
0.653255
0.263874
0.956579
0.591916
0.956089
0.980071
0.222601
0.742042
0.480764
0.754276
0.776029
0.796578
0.471389
0.250326
0.969623
0.786910
0.853420
0.130674
0.986330
0.413446
0.430486
0.314508
0.278862
0.154922
0.662036
0.084713
0.001754
0.986480
0.724202
0.242434
0.564765
0.729713
0.332171
0.130647
0.068922
0.689834
0.739425
0.506435
0.367155
0.128945
0.618621
0.474241
0.713071
0.402541
0.411892
0.128798
0.574402
0.017650
0.874923
0.489465
0.560154
0.999133
0.082395
0.087065
0.222693
0.172204
0.258462
0.149570
0.443151
0.341674
0.074321
0.582209
0.526823
0.677301
0.459523
0.760840
0.324894
0.691618
0.256718
0.550482
0.768374
0.511508
0.673684
0.995185
0.676651
0.379971
0.275973
0.283877
0.819455
0.227902
0.854951
0.608333
0.078293
0.350424
0.147854
0.573347
0.065536
0.003737
0.277955
0.939141
0.676512
0.617334
0.531258
0.768433
0.664634
0.083751
0.085897
0.999318
0.714099
0.492890
0.475136
0.147530
0.506708
0.824924
0.719815
0.096224
0.975546
0.011625
0.595179
0.741285
0.052902
0.812393
0.919935
0.948624
0.962824
0.539816
0.380410
0.197023
0.763112
0.002882
0.795329
0.521499
0.742602
0.436371
0.167238
0.347195
0.069069
0.704484
0.400252
0.024343
0.226540
0.005639
0.571930
0.905143
0.188431
0.084909
0.841445
0.426156
0.254194
0.477231
0.320713
0.381740
0.683035
0.236456
0.066980
0.372255
0.417286
0.988879
0.234157
0.845923
0.947655
0.574036
0.731220
0.596424
0.101835
0.738971
0.044682
0.517535
0.508773
0.874571
0.354709
0.780867
0.276783
0.844446
0.457588
0.406516
0.003466
0.958277
0.591997
0.130745
0.076804
0.069991
0.669082
0.706678
0.032054
0.670638
0.352302
0.392236
0.434608
0.527593
0.757294
0.144987
0.285800
0.273483
0.189029
0.138767
0.151138
0.413868
0.066791
0.395585
0.077831
0.282463
0.321385
0.872871
0.572210
0.170226
0.800467
0.172509
0.279316
0.624400
0.033185
0.611234
0.211548
0.891565
0.360834
0.399512
0.406531
0.048588
0.704140
0.520814
0.064414
0.108558
0.007719
0.865713
0.743620
0.581877
0.271294
0.990042
0.082908
0.689254
0.155279
0.021023
0.505496
0.255993
0.175725
0.140663
0.375746
0.592594
0.754423
0.639266
0.031078
0.124212
0.167743
0.840530
0.741751
0.022074
0.413261
0.976893
0.965108
0.229838
0.242794
0.916983
0.238918
0.907908
0.043183
0.477922
0.217077
0.540583
0.735915
0.512719
0.595400
0.189698
0.717263
0.151641
0.145321
0.105556
0.735002
0.522562
0.392829
0.390180
0.268523
0.677247
0.007556
0.464556
0.828063
0.428233
0.295115
0.832933
0.357051
0.646626
0.641947
0.222613
0.459796
0.212237
0.729557
0.700084
0.052826
0.397896
0.687054
0.340537
0.409600
0.986480
0.084915
0.316622
0.244756
0.876625
0.269982
0.701146
0.731637
0.986408
0.617927
0.379136
0.019140
0.143089
0.733467
0.296735
0.154683
0.978641
0.206520
0.061406
0.026410
0.844465
0.028395
0.874774
0.419536
0.993068
0.729370
0.046566
0.138333
0.377208
0.830242
0.925835
0.936835
0.140769
0.060758
0.421952
0.840673
0.352844
0.149973
0.720399
0.258046
0.172550
0.268272
0.418348
0.994397
0.286912
0.047740
0.379069
0.673329
0.383460
0.068658
0.735922
0.247612
0.977574
0.310400
0.624804
0.320022
0.454267
0.576090
0.678194
0.116277
0.831790
0.101720
0.195280
0.629514
0.333617
0.368380
0.846096
0.737788
0.376451
0.352083
0.984184
0.120021
0.676934
0.702735
0.274150
0.686499
0.742268
0.069624
0.074636
0.909519
0.557033
0.490930
0.078856
0.984657
0.007975
0.003162
0.357669
0.810773
0.326511
0.090999
0.228911
0.449572
0.985596
0.042350
0.829830
0.808655
0.364278
0.729343
0.423456
0.439211
0.374427
0.642931
0.352823
0.691139
0.451381
0.506069
0.785114
0.203143
0.008625
0.070609
0.252121
0.723716
0.090671
0.605231
0.006661
0.495151
0.331545
0.902515
0.683972
0.935171
0.364651
0.808507
0.169964
0.138761
0.521550
0.380735
0.467996
0.996774
0.310648
0.620802
0.017231
0.506173
0.634914
0.113712
0.528092
0.909073
0.864627
0.031786
0.505155
0.364421
0.696628
0.818136
0.359739
0.062053
0.365107
0.420949
0.860875
0.149955
0.887483
0.907407
0.168307
0.787652
0.221459
0.831466
0.415884
0.146498
0.736458
0.283858
0.395973
0.945782
0.197054
0.269161
0.413325
0.996835
0.714531
0.720162
0.191762
0.375848
0.448467
0.070118
0.027894
0.341213
0.585758
0.781141
0.827516
0.427600
0.582052
0.926833
0.236481
0.289107
0.991103
0.160663
0.683425
0.008044
0.203084
0.067224
0.310568
0.377776
0.513829
0.478417
0.696900
0.922114
0.240271
0.494943
0.217647
0.056472
0.716669
0.990127
0.172118
0.497087
0.729807
0.541397
0.289336
0.279056
0.944756
0.807393
0.579513
0.889206
0.238268
0.401155
0.287734
0.378490
0.939955
0.377716
0.654148
0.256988
0.692489
0.022272
0.107886
0.340890
0.234575
0.811087
0.432673
0.040445
0.304451
0.098079
0.337481
0.566967
0.039175
0.930755
0.288674
0.002672
0.157697
0.259397
0.670626
0.841111
0.844609
0.706637
0.012284
0.688884
0.534348
0.109674
0.384741
0.455855
0.243262
0.754230
0.899153
0.240583
0.740847
0.334130
0.367812
0.986330
0.115516
0.621024
0.069201
0.986480
0.027296
0.967126
0.432376
0.942536
0.264535
0.150793
0.305282
0.380363
0.422068
0.501370
0.960303
0.359007
0.554140
0.261553
0.267191
0.439047
0.076473
0.937197
0.281770
0.879072
0.724696
0.516819
0.583809
0.754042
0.076913
0.539968
0.064898
0.311600
0.443711
0.844935
0.835560
0.900436
0.477896
0.191957
0.079321
0.073256
0.455522
0.567119
0.380429
0.346970
0.133438
0.136675
0.203263
0.386038
0.041084
0.734806
0.576928
0.119367
0.037834
0.170791
0.265453
0.645561
0.748473
0.758309
0.610706
0.274563
0.784359
0.583455
0.162371
0.672475
0.745765
0.017539
0.528972
0.951439
0.517213
0.717525
0.516884
0.738079
0.127428
0.450414
0.340960
0.355208
0.099022
0.814009
0.936451
0.065636
0.431030
0.718943
0.999318
0.124436
0.612793
0.908254
0.755628
0.071537
0.968775
0.196819
0.300373
0.785294
0.897082
0.557365
0.629264
0.727059
0.431784
0.985596
0.111727
0.848195
0.403984
0.663328
0.356462
0.994693
0.470303
0.423885
0.333541
0.659074
0.052847
0.707221
0.311265
0.424541
0.457376
0.401852
0.347016
0.730174
0.264600
0.671012
0.940595
0.234843
0.802495
0.938674
0.330552
0.936443
0.162480
0.184397
0.704050
0.270842
0.023177
0.518115
0.058174
0.713149
0.808445
0.465130
0.957814
0.207576
0.722536
0.123267
0.082539
0.320598
0.338606
0.319727
0.602680
0.262453
0.802911
0.029653
0.887222
0.748925
0.931963
0.589498
0.810500
0.695144
0.882458
0.848245
0.025121
0.671214
0.722692
0.534747
0.836229
0.491026
0.081943
0.700958
0.124957
0.694772
0.173967
0.533789
0.252178
0.714531
0.111308
0.417731
0.996835
0.445128
0.148254
0.847516
0.605091
0.685165
0.498646
0.930560
0.854551
0.528541
0.029167
0.792967
0.225136
0.491447
0.135848
0.718787
0.306287
0.816605
0.463816
0.480911
0.639503
0.325399
0.496973
0.156799
0.073368
0.471436
0.602206
0.302708
0.383727
0.727164
0.492021
0.227538
0.472996
0.286064
0.111606
0.600751
0.414881
0.734195
0.214287
0.736184
0.733919
0.077032
0.738938
0.424555
0.434371
0.916976
0.974638
0.684671
0.044035
0.139037
0.783087
0.961080
0.154461
0.762097
0.503631
0.217528
0.997338
0.365006
0.408179
0.110606
0.691358
0.147161
0.943169
0.716395
0.557514
0.872934
0.413057
0.983963
0.099692
0.441094
0.539698
0.018382
0.739332
0.669076
0.764976
0.808001
0.578492
0.571389
0.137664
0.868263
0.468091
0.364832
0.524027
0.301134
0.426978
0.683884
0.071534
0.715876
0.245391
0.643495
0.899152
0.781759
0.825842
0.705536
0.373405
0.589661
0.744031
0.850657
0.682599
0.534839
0.754436
0.197046
0.224257
0.268971
0.679943
0.762012
0.377451
0.547962
0.950257
0.190335
0.041124
0.993632
0.709354
0.358899
0.579565
0.845224
0.079515
0.338490
0.689881
0.247356
0.716974
0.141358
0.998804
0.473759
0.998804
0.460877
0.382267
0.944360
0.630767
0.995433
0.728807
0.271602
0.444003
0.774807
0.521666
0.375522
0.900328
0.001663
0.251479
0.063909
0.518665
0.252357
0.243565
0.752070
0.416027
0.108084
0.663125
0.144952
0.740817
0.575084
0.966015
0.596544
0.995345
0.156401
0.407319
0.997483
0.478784
0.754845
0.085041
0.748649
0.855383
0.143482
0.789534
0.598987
0.257857
0.999318
0.117812
0.416952
0.213108
0.818010
0.598559
0.057635
0.214452
0.113142
0.365767
0.400374
0.043163
0.259065
0.747682
0.957142
0.650090
0.576227
0.043900
0.314995
0.241513
0.972007
0.168650
0.388784
0.761258
0.223300
0.187976
0.586162
0.219150
0.006629
0.201193
0.022814
0.900432
0.092723
0.298688
0.013021
0.397039
0.110710
0.090983
0.414340
0.477301
0.417107
0.178642
0.845002
0.672971
0.618265
0.672786
0.800210
0.119573
0.886837
0.387045
0.517744
0.180793
0.818166
0.623174
0.923737
0.711321
0.595842
0.988290
0.634681
0.927449
0.228979
0.318530
0.923143
0.545522
0.616556
0.387277
0.525398
0.541194
0.524454
0.079208
0.037324
0.564768
0.536336
0.014497
0.304419
0.753848
0.855998
0.419558
0.819116
0.245166
0.772781
0.855747
0.306257
0.480618
0.237953
0.856159
0.701476
0.103261
0.135645
0.273272
0.476847
0.302480
0.265161
0.852971
0.136038
0.074359
0.139847
0.734587
0.280848
0.100868
0.510940
0.602208
0.116261
0.122934
0.256987
0.678767
0.268186
0.300827
0.230006
0.553650
0.708925
0.401877
0.042330
0.674388
0.768504
0.587298
0.819728
0.912673
0.247999
0.077108
0.807550
0.416127
0.342203
0.173897
0.262185
0.728690
0.093914
0.577683
0.504391
0.979644
0.645993
0.799569
0.800081
0.690781
0.329076
0.518773
0.172272
0.422147
0.456675
0.709875
0.806160
0.336179
0.446951
0.875997
0.942758
0.876143
0.131099
0.254668
0.699423
0.997338
0.393443
0.997338
0.691358
0.175017
0.546511
0.748023
0.331797
0.090034
0.274480
0.393621
0.764425
0.549552
0.655979
0.096486
0.412575
0.463839
0.477414
0.434233
0.404702
0.750505
0.279233
0.021419
0.508430
0.002626
0.040961
0.736291
0.419514
0.398033
0.986291
0.420534
0.513745
0.342315
0.956325
0.075428
0.090618
0.681219
0.916728
0.584288
0.394017
0.226898
0.708281
0.257440
0.774984
0.742599
0.962927
0.646298
0.073928
0.247063
0.055697
0.222043
0.660256
0.993632
0.138853
0.686994
0.045309
0.709705
0.841190
0.228108
0.446513
0.811018
0.345234
0.544848
0.261143
0.739234
0.157562
0.110423
0.214207
0.510842
0.493693
0.014221
0.659507
0.668086
0.044823
0.338010
0.432587
0.916818
0.280487
0.833199
0.688039
0.108084
0.253782
0.523237
0.368985
0.183082
0.363971
0.461614
0.466931
0.650200
0.772914
0.838698
0.198950
0.560278
0.554545
0.112506
0.560323
0.510195
0.418313
0.911938
0.595765
0.573712
0.956711
0.356687
0.426540
0.692627
0.677306
0.357859
0.383804
0.425465
0.999318
0.605225
0.424521
0.625755
0.893210
0.646394
0.139257
0.389279
0.738726
0.243394
0.988930
0.275036
0.228327
0.453277
0.541561
0.688006
0.136035
0.883703
0.838737
0.970500
0.852167
0.403840
0.412945
0.777468
0.358149
0.566172
0.093414
0.509070
0.425937
0.418760
0.492995
0.809341
0.249629
0.026315
0.653302
0.533980
0.797047
0.208601
0.316722
0.667280
0.908385
0.148436
0.534944
0.047734
0.878975
0.182277
0.359397
0.066389
0.489721
0.956256
0.975229
0.627061
0.722063
0.509406
0.015902
0.538472
0.979113
0.080287
0.218243
0.352742
0.279847
0.666991
0.195314
0.716133
0.582403
0.293804
0.673565
0.581109
0.093320
0.538131
0.177681
0.804737
0.834178
0.182684
0.076853
0.455797
0.052011
0.711538
0.214876
0.524166
0.696059
0.142319
0.727867
0.744153
0.546076
0.055447
0.161156
0.304031
0.806224
0.366488
0.794191
0.250976
0.697594
0.908043
0.191496
0.096486
0.649928
0.005282
0.999523
0.199299
0.638186
0.037875
0.094648
0.701807
0.435564
0.254186
0.275720
0.404778
0.122489
0.891507
0.836520
0.072306
0.005417
0.148887
0.843041
0.097365
0.009138
0.018457
0.022788
0.318777
0.129492
0.668021
0.839312
0.206307
0.966267
0.061002
0.027906
0.127106
0.505014
0.710280
0.290301
0.718402
0.255871
0.116285
0.310393
0.571928
0.122826
0.027472
0.807415
0.869286
0.714265
0.463165
0.510039
0.485155
0.073636
0.295728
0.656675
0.412617
0.122839
0.691358
0.131027
0.436594
0.511276
0.138011
0.934602
0.547642
0.119176
0.318461
0.435768
0.390699
0.347262
0.381211
0.601401
0.626028
0.704253
0.865563
0.554304
0.825699
0.015726
0.091555
0.854099
0.076368
0.209491
0.128125
0.553916
0.461805
0.173277
0.528354
0.227042
0.850324
0.559526
0.078314
0.187930
0.176705
0.376341
0.039181
0.476901
0.199388
0.912143
0.390027
0.138262
0.802818
0.440275
0.496211
0.991903
0.738870
0.580717
0.520861
0.932803
0.038851
0.029964
0.488784
0.027042
0.796133
0.066692
0.510671
0.604386
0.794415
0.773449
0.453135
0.272162
0.190297
0.674861
0.998804
0.337082
0.104755
0.473013
0.976772
0.146638
0.368562
0.358384
0.632534
0.309967
0.644189
0.524950
0.415926
0.004011
0.567626
0.577202
0.666728
0.662070
0.360500
0.149699
0.358744
0.254286
0.800334
0.447453
0.368485
0.535130
0.263281
0.309504
0.360406
0.989855
0.098630
0.876597
0.827539
0.653477
0.178601
0.455420
0.552037
0.090411
0.149858
0.321982
0.285481
0.351942
0.379982
0.725399
0.079736
0.162835
0.582169
0.493143
0.011075
0.702128
0.427877
0.695175
0.090347
0.367799
0.712487
0.401686
0.790794
0.636155
0.392345
0.107126
0.393751
0.707614
0.814205
0.174482
0.281086
0.552207
0.824580
0.336833
0.048933
0.318424
0.548690
0.669955
0.282199
0.339376
0.495611
0.971835
0.455650
0.051708
0.997821
0.192727
0.119874
0.605928
0.298944
0.649110
0.134582
0.247619
0.684605
0.861496
0.645208
0.427381
0.931437
0.496293
0.539144
0.323331
0.781198
0.022070
0.664777
0.553121
0.244239
0.564096
0.186450
0.816757
0.422202
0.482924
0.225199
0.071024
0.660377
0.867344
0.088879
0.894272
0.738295
0.960405
0.913599
0.395790
0.972556
0.104170
0.455256
0.950460
0.595268
0.693644
0.916492
0.281635
0.345487
0.293819
0.448600
0.667640
0.052338
0.901304
0.004434
0.363709
0.451535
0.463155
0.259077
0.874486
0.838243
0.824366
0.878296
0.505058
0.366741
0.120373
0.302068
0.696292
0.735378
0.348917
0.999523
0.376915
0.991103
0.292251
0.623640
0.110346
0.944511
0.060598
0.389519
0.132133
0.883951
0.261573
0.702513
0.643012
0.670793
0.450969
0.759497
0.182998
0.540506
0.805676
0.476495
0.125644
0.352320
0.568463
0.822901
0.796714
0.897446
0.421087
0.121551
0.942728
0.722775
0.970113
0.320803
0.519814
0.661671
0.970622
0.438059
0.323693
0.270044
0.840179
0.468938
0.082317
0.005704
0.310798
0.180594
0.441128
0.633639
0.614274
0.499969
0.458846
0.183220
0.420232
0.729184
0.494960
0.702508
0.786550
0.690063
0.008496
0.309158
0.584717
0.987652
0.705661
0.897998
0.573882
0.679637
0.516165
0.430402
0.839728
0.651351
0.091400
0.390092
0.853807
0.635567
0.418031
0.659411
0.952514
0.544542
0.316718
0.178705
0.596586
0.312736
0.922580
0.359331
0.383743
0.193071
0.724844
0.422337
0.192149
0.497711
0.136030
0.203060
0.687517
0.043449
0.058742
0.721311
0.449727
0.538996
0.667228
0.340352
0.618003
0.371107
0.460418
0.037765
0.653328
0.039505
0.522040
0.919356
0.494029
0.734967
0.399158
0.481665
0.132959
0.101544
0.400974
0.313254
0.186115
0.533837
0.451205
0.871644
0.144605
0.874629
0.786249
0.321836
0.603905
0.535574
0.272958
0.658152
0.838038
0.698433
0.445698
0.642537
0.148337
0.909126
0.630168
0.663398
0.616450
0.729953
0.190894
0.476747
0.231528
0.691514
0.417518
0.030074
0.205442
0.567838
0.905579
0.745613
0.546495
0.776525
0.215463
0.185399
0.711305
0.104439
0.423187
0.655078
0.035823
0.374105
0.634528
0.131960
0.059618
0.286668
0.626459
0.318372
0.111417
0.269699
0.988930
0.344457
0.850762
0.021766
0.854138
0.486485
0.578791
0.993169
0.128480
0.668305
0.766837
0.550065
0.499386
0.232302
0.202731
0.774801
0.025395
0.640489
0.288504
0.456503
0.774598
0.093263
0.554447
0.200467
0.644565
0.410564
0.705659
0.333038
0.354427
0.927412
0.820860
0.949472
0.324268
0.225796
0.406348
0.498718
0.195861
0.269407
0.551857
0.368220
0.227048
0.385546
0.422247
0.571198
0.440844
0.875155
0.281077
0.519265
0.497220
0.940486
0.280733
0.403065
0.619691
0.695399
0.436550
0.841925
0.297672
0.377767
0.715520
0.642736
0.239733
0.435575
0.889442
0.030618
0.975340
0.221945
0.297001
0.153482
0.678593
0.369992
0.350138
0.397185
0.910986
0.708969
0.912400
0.752555
0.105211
0.182903
0.710476
0.871673
0.901474
0.918365
0.338808
0.057072
0.924190
0.307240
0.039402
0.309371
0.301370
0.363859
0.369049
0.337935
0.413265
0.234523
0.266422
0.931109
0.647321
0.095276
0.830022
0.164338
0.469542
0.469540
0.633155
0.226733
0.014491
0.986722
0.374812
0.683006
0.183258
0.182589
0.757921
0.498378
0.923717
0.157211
0.656430
0.496250
0.356497
0.885927
0.641700
0.410558
0.315479
0.881239
0.860998
0.744780
0.011472
0.877306
0.145959
0.448299
0.167722
0.796209
0.744621
0.808593
0.269179
0.654817
0.393723
0.062446
0.001436
0.974073
0.481449
0.475944
0.407121
0.996758
0.478994
0.996758
0.372516
0.028879
0.825376
0.374084
0.964695
0.280442
0.875476
0.656634
0.233549
0.577574
0.670690
0.577163
0.683717
0.955015
0.246622
0.114085
0.416726
0.333754
0.658907
0.012719
0.542163
0.542172
0.687081
0.945365
0.010143
0.921852
0.009256
0.837985
0.054638
0.239308
0.525077
0.258249
0.207713
0.650630
0.749294
0.350813
0.421150
0.845959
0.580804
0.055259
0.203835
0.479944
0.739905
0.237289
0.466697
0.739841
0.961993
0.188895
0.687514
0.753635
0.325469
0.039214
0.650613
0.757118
0.796149
0.842654
0.575553
0.704011
0.095249
0.649378
0.478181
0.171332
0.982690
0.937135
0.769932
0.259733
0.116076
0.411151
0.640360
0.653886
0.998787
0.308530
0.606344
0.809079
0.089184
0.011197
0.681416
0.969151
0.882369
0.104896
0.011429
0.284375
0.195562
0.810182
0.389719
0.269388
0.335423
0.998967
0.388847
0.223767
0.674477
0.556139
0.914632
0.381396
0.452553
0.243175
0.076400
0.506040
0.677480
0.999318
0.142114
0.704690
0.617010
0.289259
0.104264
0.715650
0.918845
0.469905
0.259419
0.345816
0.187547
0.858419
0.637586
0.151351
0.791870
0.367625
0.425703
0.083452
0.695673
0.683193
0.241665
0.465206
0.601865
0.073901
0.319849
0.225809
0.160759
0.839976
0.318010
0.162523
0.595495
0.457232
0.370099
0.567556
0.886922
0.303696
0.396869
0.102079
0.997821
0.099456
0.029381
0.229705
0.410718
0.851602
0.339703
0.558822
0.389881
0.970463
0.136118
0.784511
0.622956
0.166424
0.526545
0.078932
0.957602
0.703487
0.981620
0.087556
0.426649
0.979986
0.676671
0.753789
0.076906
0.308309
0.521032
0.901083
0.735995
0.440131
0.407950
0.852889
0.309630
0.445660
0.031043
0.309656
0.073438
0.683257
0.531846
0.339921
0.507839
0.328263
0.352495
0.439954
0.942766
0.644973
0.662203
0.356169
0.036127
0.558197
0.659770
0.100999
0.045829
0.832460
0.089924
0.602550
0.593650
0.816131
0.471261
0.659366
0.018885
0.320072
0.163848
0.999523
0.093923
0.428981
0.657125
0.166403
0.691706
0.388946
0.556917
0.774617
0.705303
0.471699
0.505332
0.356284
0.918494
0.184260
0.630588
0.195811
0.518703
0.002814
0.003609
0.107043
0.794295
0.010658
0.730401
0.794079
0.391367
0.388723
0.306651
0.042303
0.553991
0.676159
0.129762
0.647503
0.941749
0.519223
0.018765
0.353007
0.653131
0.630286
0.784065
0.075650
0.190293
0.759715
0.671424
0.191516
0.450699
0.018538
0.865225
0.963548
0.329589
0.804334
0.746728
0.088589
0.288186
0.530673
0.700138
0.558619
0.064703
0.285987
0.715161
0.009557
0.241319
0.225661
0.231344
0.613947
0.078088
0.152407
0.347853
0.113178
0.465189
0.333467
0.533308
0.042428
0.735027
0.523423
0.023544
0.923044
0.715010
0.720855
0.260272
0.257702
0.675806
0.294408
0.179135
0.337589
0.557383
0.574934
0.439714
0.571770
0.939846
0.144457
0.450194
0.488646
0.885937
0.782702
0.032273
0.115206
0.484820
0.845138
0.413971
0.870165
0.874580
0.276989
0.154603
0.382894
0.400262
0.846708
0.182459
0.170970
0.296134
0.076912
0.305939
0.068188
0.770492
0.043506
0.396734
0.599721
0.258331
0.941316
0.352254
0.672845
0.015664
0.388764
0.165063
0.461368
0.381429
0.998787
0.631263
0.851188
0.632557
0.641426
0.978231
0.353545
0.357675
0.128620
0.071761
0.203370
0.568217
0.983558
0.971298
0.118094
0.038226
0.408917
0.193648
0.989855
0.438082
0.296801
0.828157
0.453336
0.317109
0.042939
0.142259
0.501187
0.658550
0.443697
0.183022
0.382618
0.172466
0.688565
0.499791
0.550132
0.521056
0.576070
0.470634
0.243503
0.482059
0.431573
0.291205
0.166358
0.784099
0.912107
0.072255
0.338262
0.819704
0.543479
0.928230
0.101183
0.213722
0.421772
0.538924
0.666020
0.211734
0.593591
0.369288
0.550463
0.685111
0.349750
0.126031
0.113241
0.373366
0.106942
0.470079
0.997821
0.381571
0.690618
0.495412
0.706084
0.639164
0.039896
0.875574
0.816316
0.906217
0.525404
0.085646
0.597952
0.628283
0.940878
0.537569
0.839051
0.099671
0.617518
0.812961
0.282766
0.968300
0.097798
0.716483
0.140922
0.930348
0.973460
0.758475
0.961803
0.601302
0.742363
0.162376
0.043395
0.303398
0.561045
0.078232
0.908904
0.648001
0.503088
0.611949
0.306505
0.064691
0.958898
0.491300
0.189636
0.976601
0.508047
0.476177
0.349930
0.040772
0.135803
0.511455
0.194426
0.512754
0.772553
0.473937
0.809624
0.471894
0.827040
0.347350
0.143991
0.935339
0.727080
0.647064
0.426601
0.732176
0.398171
0.491332
0.637953
0.126257
0.508500
0.266241
0.895196
0.928759
0.554637
0.012298
0.238382
0.350375
0.986722
0.440181
0.320308
0.048376
0.763810
0.709053
0.936628
0.143761
0.668253
0.736904
0.618638
0.339750
0.482796
0.300282
0.670824
0.684747
0.738890
0.269867
0.751642
0.849609
0.293694
0.797551
0.171190
0.354831
0.621542
0.249123
0.106358
0.782670
0.962191
0.881061
0.916814
0.187163
0.248494
0.305583
0.914186
0.869707
0.318619
0.107408
0.219170
0.626678
0.488859
0.818858
0.881206
0.613849
0.391036
0.599402
0.930998
0.718677
0.878917
0.783410
0.607675
0.378509
0.893186
0.696927
0.941774
0.457610
0.603635
0.651214
0.396304
0.910178
0.876293
0.507770
0.256727
0.556070
0.395223
0.740326
0.724615
0.155709
0.903403
0.726062
0.685870
0.408602
0.611278
0.379388
0.805879
0.275348
0.498572
0.233446
0.992740
0.008363
0.695485
0.815901
0.915606
0.821471
0.860491
0.364275
0.769550
0.526805
0.508018
0.689793
0.484810
0.537625
0.911201
0.051139
0.316173
0.298927
0.990250
0.634716
0.412121
0.015118
0.675338
0.370684
0.404898
0.454524
0.803957
0.766942
0.558617
0.616508
0.488932
0.153409
0.438359
0.425831
0.143593
0.852721
0.016631
0.019099
0.269075
0.592613
0.882162
0.063537
0.353296
0.741688
0.455603
0.585620
0.111769
0.132714
0.986479
0.454177
0.989855
0.073184
0.189666
0.418063
0.058712
0.378636
0.589567
0.204577
0.144701
0.076416
0.242867
0.459166
0.106205
0.416483
0.454085
0.695550
0.103587
0.411944
0.628663
0.440507
0.639002
0.652195
0.192971
0.911845
0.094794
0.570781
0.257919
0.479311
0.601250
0.006408
0.447924
0.129871
0.433408
0.409724
0.436375
0.698086
0.868911
0.141901
0.049598
0.152369
0.637707
0.421582
0.297598
0.431811
0.749224
0.471259
0.154561
0.403558
0.997821
0.402510
0.278583
0.896910
0.046645
0.014606
0.680054
0.960079
0.653706
0.520366
0.376027
0.267253
0.865808
0.248148
0.247925
0.438678
0.982882
0.051456
0.982464
0.756510
0.950217
0.907339
0.872852
0.544421
0.029818
0.922363
0.813314
0.555239
0.355848
0.619160
0.166425
0.257745
0.579168
0.911306
0.091059
0.996119
0.141448
0.697356
0.460187
0.713373
0.625236
0.713738
0.714099
0.531963
0.175753
0.524173
0.045297
0.183691
0.961667
0.258378
0.760108
0.006146
0.655868
0.354296
0.837531
0.700688
0.325995
0.906951
0.266031
0.386816
0.061167
0.932248
0.461484
0.929930
0.005839
0.195529
0.999523
0.195445
0.476450
0.637953
0.399140
0.236857
0.999523
0.567805
0.364792
0.710478
0.643495
0.879448
0.977030
0.934511
0.374671
0.986722
0.707876
0.540143
0.841933
0.449553
0.054847
0.456185
0.504010
0.828768
0.169223
0.473324
0.435753
0.044206
0.430229
0.700401
0.140967
0.783172
0.200097
0.845846
0.236310
0.626149
0.362513
0.972150
0.125020
0.271131
0.256439
0.970001
0.418213
0.481312
0.673716
0.885697
0.361121
0.409378
0.293059
0.603244
0.772060
0.079620
0.342160
0.223692
0.928352
0.398274
0.143740
0.862409
0.704304
0.885634
0.208755
0.108626
0.897267
0.762198
0.810683
0.653413
0.180875
0.816752
0.800929
0.919462
0.659159
0.487346
0.020691
0.730142
0.517248
0.506651
0.914913
0.182174
0.276858
0.099367
0.995649
0.695219
0.467427
0.960374
0.826588
0.177571
0.963360
0.429611
0.905692
0.422616
0.457893
0.584900
0.574356
0.243178
0.734992
0.236619
0.925428
0.010882
0.049856
0.945293
0.174464
0.698109
0.570043
0.503029
0.488767
0.706088
0.267998
0.674636
0.312226
0.596649
0.679473
0.306380
0.787601
0.189698
0.568401
0.324039
0.279079
0.058660
0.285568
0.902102
0.672299
0.457016
0.998787
0.733783
0.684622
0.448741
0.508465
0.929071
0.938924
0.048772
0.217657
0.428491
0.714688
0.972630
0.342348
0.208572
0.571410
0.245817
0.253870
0.722527
0.555561
0.270912
0.343157
0.989855
0.024299
0.433477
0.613890
0.335725
0.678959
0.100270
0.395273
0.736582
0.485719
0.664788
0.999318
0.406603
0.144716
0.729145
0.083051
0.094643
0.720869
0.375477
0.711095
0.718650
0.823998
0.752195
0.208749
0.435865
0.604199
0.872142
0.243401
0.931989
0.651440
0.572331
0.851354
0.198308
0.294790
0.712161
0.396607
0.574030
0.508945
0.575277
0.827316
0.786584
0.954835
0.490324
0.820629
0.263353
0.095250
0.454471
0.162991
0.422882
0.684871
0.259609
0.412852
0.246507
0.298361
0.060739
0.772818
0.869398
0.860822
0.002658
0.931244
0.193539
0.689619
0.877133
0.867917
0.335127
0.164600
0.272700
0.419567
0.572187
0.280622
0.464297
0.561090
0.544357
0.537520
0.061787
0.337611
0.693935
0.408310
0.320244
0.752770
0.418183
0.721327
0.176742
0.697356
0.996119
0.231772
0.478194
0.310554
0.984320
0.446839
0.384432
0.721499
0.121495
0.225186
0.123232
0.640274
0.264864
0.370428
0.323582
0.744946
0.092283
0.790404
0.744970
0.129760
0.061741
0.505831
0.281964
0.789688
0.784455
0.291700
0.408471
0.978472
0.128895
0.168767
0.061768
0.741299
0.134025
0.327994
0.099805
0.608092
0.218573
0.086299
0.228323
0.955920
0.111999
0.600413
0.772593
0.796964
0.362248
0.290002
0.196700
0.944180
0.460030
0.605943
0.802326
0.928706
0.585873
0.166783
0.169112
0.579682
0.298950
0.333750
0.407036
0.146287
0.880141
0.275678
0.815751
0.033742
0.805339
0.905874
0.084578
0.909101
0.190162
0.264114
0.043309
0.492279
0.046606
0.847219
0.406035
0.374403
0.364062
0.031111
0.093164
0.123972
0.963594
0.283024
0.460246
0.223181
0.409743
0.050935
0.480252
0.290665
0.770787
0.736309
0.226894
0.408253
0.078245
0.126264
0.483281
0.290401
0.690604
0.374011
0.279724
0.675036
0.265443
0.286015
0.458475
0.629510
0.398209
0.186285
0.017388
0.958333
0.514244
0.019291
0.029313
0.369988
0.981982
0.812923
0.134026
0.355189
0.437597
0.356564
0.203738
0.491958
0.622262
0.554097
0.275128
0.314291
0.889410
0.965323
0.688099
0.448290
0.557171
0.519618
0.776333
0.966554
0.186093
0.660107
0.714037
0.733460
0.711482
0.014185
0.374431
0.320398
0.337684
0.460285
0.466328
0.702271
0.890771
0.800225
0.604022
0.649587
0.965175
0.076761
0.165885
0.166843
0.622377
0.510317
0.430749
0.502482
0.396578
0.652952
0.770564
0.454239
0.037255
0.084053
0.541034
0.849633
0.916612
0.005318
0.990684
0.669755
0.362672
0.950694
0.701830
0.557525
0.122604
0.989855
0.053231
0.420034
0.989855
0.590972
0.910399
0.519396
0.174803
0.667004
0.143354
0.382683
0.409640
0.154253
0.999318
0.693385
0.464895
0.372744
0.148270
0.863297
0.107011
0.214605
0.636798
0.699534
0.667444
0.253480
0.300000
0.509208
0.044033
0.229803
0.920392
0.894890
0.156728
0.464305
0.474673
0.692203
0.740523
0.812206
0.868967
0.270337
0.845318
0.130696
0.295656
0.278742
0.788600
0.312402
0.997821
0.741686
0.703815
0.035578
0.967147
0.135943
0.248120
0.530995
0.861821
0.417443
0.524828
0.138684
0.859876
0.898588
0.857945
0.295213
0.718783
0.455643
0.131089
0.379755
0.429344
0.824606
0.449899
0.939627
0.708115
0.104587
0.399355
0.987438
0.609947
0.207046
0.877362
0.185308
0.793368
0.037077
0.859533
0.600055
0.686141
0.392153
0.337966
0.172339
0.259504
0.596331
0.274911
0.260756
0.588253
0.951111
0.194854
0.739544
0.181567
0.837487
0.102276
0.678483
0.695936
0.485643
0.839368
0.198874
0.326835
0.823750
0.430418
0.870701
0.631162
0.583580
0.641185
0.293991
0.041426
0.235055
0.728047
0.365758
0.720739
0.688958
0.284652
0.999523
0.121682
0.641412
0.537829
0.957733
0.627932
0.696862
0.831379
0.303709
0.463454
0.048788
0.868226
0.288781
0.329727
0.608602
0.060371
0.494902
0.673845
0.731049
0.282432
0.514885
0.209407
0.921475
0.878754
0.749112
0.750383
0.740424
0.934323
0.537561
0.268638
0.891215
0.658363
0.728418
0.130003
0.807598
0.978122
0.237725
0.136388
0.911191
0.142588
0.364313
0.185057
0.715507
0.457676
0.523149
0.963955
0.539725
0.019524
0.752780
0.747801
0.232731
0.393960
0.865122
0.417517
0.264801
0.380502
0.136634
0.653855
0.636098
0.680174
0.109078
0.947617
0.390247
0.199220
0.667630
0.700770
0.266694
0.716079
0.307816
0.076508
0.133606
0.426673
0.276519
0.937922
0.816396
0.782475
0.383560
0.224575
0.575652
0.725761
0.208796
0.718602
0.638706
0.694893
0.576467
0.596078
0.495110
0.016948
0.607063
0.678605
0.318127
0.282348
0.882309
0.862195
0.359410
0.372515
0.937964
0.757712
0.016468
0.712599
0.020934
0.531761
0.268401
0.437044
0.425758
0.136506
0.990250
0.353487
0.909700
0.828627
0.012584
0.414812
0.432039
0.669797
0.662382
0.482942
0.142489
0.812064
0.636544
0.979396
0.814011
0.639100
0.886083
0.307135
0.594967
0.482486
0.589442
0.617759
0.296425
0.708221
0.819436
0.316840
0.689248
0.384696
0.700744
0.201262
0.014635
0.468843
0.180371
0.200552
0.417109
0.696555
0.444446
0.079110
0.576436
0.462074
0.119742
0.637463
0.906596
0.417589
0.703226
0.716476
0.999318
0.375129
0.580032
0.102791
0.906646
0.705212
0.185112
0.776749
0.891055
0.557742
0.058678
0.178346
0.124160
0.443069
0.931626
0.028790
0.505998
0.024509
0.320772
0.748317
0.696661
0.765871
0.149094
0.006553
0.363270
0.217850
0.327621
0.048149
0.491322
0.063083
0.388146
0.761995
0.937142
0.697488
0.418999
0.683186
0.416981
0.973540
0.956178
0.473912
0.171186
0.517400
0.548224
0.095648
0.322715
0.804124
0.182019
0.543703
0.853880
0.690916
0.889900
0.657435
0.961093
0.444071
0.045424
0.517830
0.294161
0.926958
0.701214
0.472588
0.609947
0.182837
0.693448
0.108314
0.599764
0.071334
0.177673
0.824971
0.976771
0.330521
0.570070
0.523990
0.778152
0.482737
0.292677
0.329713
0.850710
0.769950
0.831871
0.897051
0.390604
0.572189
0.506106
0.727844
0.895732
0.137590
0.416619
0.919464
0.594517
0.673416
0.050799
0.324427
0.509937
0.438505
0.313629
0.418359
0.107200
0.454972
0.711097
0.372302
0.244910
0.546155
0.691507
0.867062
0.616182
0.633531
0.417666
0.132233
0.872222
0.022714
0.058578
0.275227
0.173300
0.996681
0.307865
0.899888
0.456264
0.420014
0.204304
0.655419
0.387454
0.983301
0.077673
0.886997
0.299715
0.781777
0.142828
0.651567
0.398531
0.815822
0.630635
0.482354
0.821290
0.337846
0.532512
0.530923
0.705527
0.404712
0.719751
0.238755
0.655728
0.225809
0.764054
0.326109
0.693980
0.236794
0.220776
0.078845
0.627850
0.901628
0.390744
0.467562
0.598184
0.793714
0.569319
0.460954
0.406252
0.904619
0.791195
0.769128
0.512195
0.984531
0.651706
0.554694
0.965153
0.624951
0.542450
0.120796
0.011637
0.078375
0.489992
0.076665
0.946756
0.283343
0.687368
0.702486
0.308284
0.272138
0.761977
0.505981
0.074134
0.112930
0.630036
0.961548
0.088873
0.542833
0.793778
0.937386
0.915989
0.732271
0.242897
0.703691
0.262842
0.667652
0.102925
0.836587
0.549772
0.916261
0.355384
0.336392
0.260698
0.246884
0.854136
0.438002
0.008500
0.408222
0.400056
0.680799
0.422056
0.208117
0.370237
0.209865
0.829239
0.071736
0.391027
0.950056
0.523964
0.881067
0.593250
0.301514
0.547586
0.554789
0.012716
0.280174
0.773648
0.066273
0.723090
0.500724
0.602587
0.731572
0.877443
0.016313
0.731218
0.581964
0.386473
0.117127
0.580412
0.197394
0.177370
0.144397
0.076867
0.653838
0.109111
0.283986
0.989855
0.470739
0.115794
0.734235
0.163879
0.503301
0.676912
0.565280
0.006988
0.370516
0.661010
0.377525
0.581263
0.344349
0.929338
0.251512
0.421305
0.116651
0.784598
0.209797
0.827855
0.865512
0.343134
0.013231
0.004755
0.324303
0.905913
0.063717
0.845004
0.812285
0.794934
0.036992
0.707467
0.927528
0.866735
0.197252
0.201766
0.602233
0.362948
0.612573
0.481709
0.522108
0.963228
0.327244
0.793274
0.284182
0.093358
0.198091
0.935810
0.231827
0.007373
0.775812
0.835408
0.414949
0.066235
0.197687
0.771133
0.018391
0.433022
0.919360
0.571783
0.472967
0.598708
0.607844
0.580643
0.971032
0.043168
0.088296
0.799257
0.442809
0.019805
0.572511
0.189690
0.111309
0.989141
0.372979
0.358512
0.938009
0.891824
0.317197
0.363044
0.874178
0.977271
0.009491
0.653290
0.681731
0.337236
0.446245
0.728976
0.381923
0.943362
0.622098
0.772594
0.335738
0.258111
0.449382
0.947500
0.974447
0.532590
0.866445
0.894646
0.557745
0.456668
0.874551
0.380451
0.238363
0.150422
0.210612
0.349661
0.491248
0.706827
0.452261
0.340565
0.433311
0.134925
0.795903
0.010460
0.494408
0.179529
0.736073
0.718014
0.493853
0.220629
0.797395
0.315712
0.135574
0.996681
0.096155
0.316422
0.531721
0.931446
0.734982
0.710069
0.064151
0.513147
0.062454
0.790073
0.479064
0.600243
0.539050
0.358716
0.828381
0.245854
0.223955
0.238776
0.780736
0.199966
0.791182
0.660828
0.063390
0.610233
0.207641
0.366699
0.130914
0.502282
0.145235
0.847193
0.152423
0.135735
0.716778
0.667756
0.653719
0.254507
0.487821
0.801740
0.601243
0.598188
0.290092
0.051889
0.452247
0.084138
0.919728
0.694950
0.078596
0.622659
0.726598
0.551881
0.592834
0.702603
0.130992
0.059127
0.041711
0.841216
0.091447
0.808610
0.495858
0.685934
0.202301
0.061569
0.800544
0.490185
0.741234
0.828511
0.191790
0.659815
0.294138
0.038559
0.389149
0.928204
0.345294
0.658338
0.606627
0.994084
0.700483
0.615123
0.345958
0.496790
0.886371
0.867465
0.607416
0.276936
0.166331
0.017256
0.456883
0.429335
0.099588
0.066820
0.504286
0.035142
0.353376
0.990250
0.071687
0.717160
0.409276
0.126161
0.802322
0.685343
0.260357
0.311187
0.908813
0.214419
0.586343
0.277774
0.318566
0.505854
0.647864
0.401515
0.919354
0.674007
0.605409
0.914799
0.313880
0.215971
0.726691
0.251004
0.995445
0.560784
0.782177
0.606235
0.880082
0.345827
0.163797
0.625047
0.744111
0.443149
0.999597
0.087186
0.129879
0.989855
0.729858
0.215974
0.702987
0.549438
0.593308
0.453292
0.768287
0.779804
0.707403
0.689531
0.185056
0.926250
0.817320
0.791813
0.576963
0.788368
0.410548
0.447750
0.268993
0.175291
0.348597
0.553900
0.309432
0.689634
0.817485
0.653791
0.288473
0.892491
0.687258
0.176201
0.862942
0.650630
0.597715
0.003067
0.548322
0.690827
0.406677
0.993028
0.714265
0.102131
0.056763
0.708639
0.000957
0.111602
0.078950
0.670753
0.694074
0.816896
0.403208
0.963376
0.175339
0.812977
0.453608
0.087272
0.903442
0.540387
0.019674
0.072080
0.696518
0.294265
0.151581
0.249305
0.100901
0.860039
0.808574
0.920694
0.248548
0.357124
0.246128
0.082067
0.436411
0.695151
0.074582
0.772881
0.566906
0.868474
0.751996
0.796811
0.386241
0.018620
0.321990
0.301312
0.498719
0.712503
0.448293
0.490468
0.719344
0.477475
0.005217
0.271730
0.340004
0.364661
0.925291
0.472982
0.843934
0.284326
0.424144
0.402321
0.298753
0.690051
0.030907
0.246771
0.095379
0.564353
0.291290
0.619202
0.252433
0.995519
0.706827
0.020878
0.222634
0.606790
0.588752
0.220813
0.605125
0.631883
0.595843
0.378475
0.090305
0.349879
0.867943
0.041082
0.430806
0.124470
0.340127
0.298485
0.996681
0.528373
0.873826
0.649960
0.670750
0.959965
0.166025
0.437379
0.299381
0.325027
0.516572
0.060869
0.152737
0.736697
0.021933
0.178297
0.978693
0.654468
0.829765
0.366191
0.119119
0.509143
0.752196
0.589330
0.513819
0.939588
0.139240
0.376918
0.100271
0.115089
0.961274
0.429279
0.029285
0.914550
0.220377
0.481689
0.219543
0.437513
0.130076
0.737219
0.851360
0.407724
0.744075
0.746350
0.810368
0.313219
0.258767
0.378025
0.427841
0.719853
0.802926
0.786437
0.953348
0.257084
0.011509
0.244273
0.585132
0.008981
0.209531
0.995821
0.239874
0.230311
0.520292
0.952023
0.895092
0.372718
0.163289
0.154002
0.210881
0.277712
0.543176
0.019335
0.543130
0.340995
0.324381
0.523660
0.706862
0.799507
0.679029
0.761506
0.066799
0.233346
0.352322
0.435317
0.209143
0.507274
0.816484
0.225866
0.723786
0.740250
0.341984
0.130463
0.690544
0.439014
0.666064
0.921593
0.438573
0.699331
0.819529
0.914638
0.469915
0.801045
0.822215
0.626389
0.058175
0.861252
0.313112
0.660183
0.920074
0.246015
0.037343
0.171955
0.274492
0.146314
0.615149
0.716632
0.680341
0.524441
0.033532
0.324078
0.836542
0.587597
0.697687
0.813827
0.428186
0.999597
0.324234
0.680768
0.631873
0.175228
0.525986
0.785872
0.650937
0.973780
0.550938
0.413234
0.252623
0.431200
0.651558
0.167958
0.509766
0.707222
0.369566
0.669632
0.404542
0.341588
0.905857
0.621732
0.585467
0.742963
0.492777
0.300344
0.106960
0.402656
0.449974
0.381320
0.534974
0.097737
0.964205
0.746206
0.036931
0.012342
0.952997
0.078286
0.378221
0.029911
0.719738
0.110034
0.419882
0.199125
0.951683
0.484433
0.110594
0.955339
0.303297
0.581255
0.311366
0.305673
0.002950
0.818047
0.652841
0.570382
0.492914
0.119587
0.077812
0.630206
0.245616
0.144919
0.945302
0.972950
0.933496
0.316841
0.360875
0.619294
0.660902
0.134992
0.007955
0.637862
0.140276
0.628526
0.422298
0.040864
0.993670
0.502445
0.521188
0.768249
0.958241
0.842374
0.809862
0.562673
0.962709
0.424018
0.684333
0.716399
0.770901
0.100215
0.170160
0.238404
0.922842
0.066224
0.279924
0.756095
0.164556
0.532624
0.695002
0.578653
0.257051
0.542320
0.462584
0.143259
0.266159
0.375776
0.604469
0.325620
0.112447
0.493140
0.789329
0.002964
0.677576
0.132715
0.568685
0.369945
0.335576
0.735053
0.972052
0.788889
0.436503
0.732085
0.828801
0.600499
0.073144
0.407783
0.996681
0.345409
0.591354
0.996681
0.239163
0.735962
0.731680
0.155082
0.978352
0.718553
0.249270
0.875669
0.646117
0.023290
0.613218
0.290682
0.293213
0.975457
0.902182
0.304497
0.937125
0.175462
0.059755
0.541725
0.443383
0.512013
0.110567
0.599512
0.879414
0.251995
0.838611
0.378115
0.825812
0.222720
0.502715
0.162695
0.898908
0.360461
0.765264
0.642018
0.698892
0.708399
0.798943
0.955041
0.173195
0.075852
0.082651
0.457335
0.318816
0.584328
0.252169
0.603713
0.205571
0.336901
0.607178
0.493145
0.909256
0.114742
0.594767
0.086185
0.634966
0.445369
0.482726
0.180117
0.995821
0.449205
0.600798
0.588867
0.593294
0.057526
0.843719
0.042094
0.132258
0.205961
0.599923
0.147421
0.259435
0.662720
0.477137
0.210339
0.633351
0.782540
0.374975
0.184384
0.799577
0.602445
0.156813
0.440803
0.933494
0.668591
0.089649
0.366705
0.992807
0.279680
0.029067
0.690544
0.699666
0.990250
0.046505
0.550529
0.210203
0.192842
0.811348
0.340986
0.327152
0.131216
0.813251
0.194387
0.758668
0.366956
0.991720
0.734664
0.304813
0.792977
0.000765
0.415776
0.907511
0.853310
0.038917
0.720465
0.460230
0.331532
0.599569
0.484981
0.493825
0.460560
0.515444
0.964849
0.100420
0.025399
0.009981
0.422738
0.272313
0.328276
0.436975
0.862138
0.857854
0.064328
0.461896
0.737159
0.054549
0.099684
0.187018
0.387328
0.017627
0.630388
0.140687
0.482592
0.041809
0.607981
0.745040
0.419032
0.990615
0.549396
0.885941
0.642954
0.768162
0.027153
0.612276
0.518547
0.710836
0.804145
0.733508
0.024694
0.475839
0.169487
0.468114
0.374281
0.709933
0.768933
0.140485
0.685931
0.993028
0.566391
0.441840
0.151344
0.134384
0.408850
0.116141
0.778129
0.033815
0.788181
0.619348
0.485621
0.935122
0.060812
0.951939
0.961645
0.377813
0.065879
0.114366
0.997442
0.505197
0.915323
0.074026
0.471885
0.714676
0.525241
0.962479
0.929412
0.055708
0.078944
0.736645
0.401298
0.376226
0.200077
0.737424
0.586253
0.753668
0.223451
0.177889
0.590405
0.962217
0.246541
0.705326
0.921451
0.097604
0.962279
0.730947
0.143365
0.215090
0.642649
0.492616
0.126277
0.677585
0.021931
0.234138
0.991651
0.495513
0.489144
0.987322
0.109869
0.728013
0.690531
0.682053
0.987322
0.585553
0.504224
0.304852
0.528288
0.513986
0.106192
0.215006
0.581254
0.515079
0.556006
0.273799
0.313941
0.334956
0.076764
0.739847
0.652445
0.693844
0.113963
0.115480
0.539564
0.637224
0.246528
0.187386
0.353660
0.292233
0.368931
0.053232
0.934133
0.583109
0.467266
0.058083
0.921595
0.327934
0.075948
0.911780
0.188340
0.893784
0.556108
0.053680
0.558390
0.285463
0.560948
0.916699
0.855784
0.766061
0.268700
0.408770
0.991560
0.262444
0.977826
0.765045
0.487733
0.651669
0.931692
0.132071
0.582149
0.194693
0.787883
0.182480
0.127679
0.993667
0.490105
0.684069
0.755774
0.769258
0.452226
0.704653
0.098341
0.757558
0.143608
0.845854
0.040442
0.500646
0.190003
0.911789
0.802071
0.738803
0.231767
0.105977
0.605331
0.995821
0.634966
0.708940
0.420586
0.130645
0.456995
0.132370
0.443264
0.309427
0.584079
0.445107
0.820468
0.448406
0.204538
0.028763
0.123654
0.219150
0.985453
0.068663
0.913112
0.898060
0.689033
0.047710
0.114952
0.684935
0.030623
0.614717
0.657878
0.668167
0.309354
0.801880
0.066605
0.675513
0.645316
0.753686
0.510181
0.032219
0.373042
0.106709
0.561833
0.158446
0.881783
0.129551
0.199649
0.031377
0.485948
0.682910
0.890340
0.435373
0.139038
0.165915
0.567681
0.074601
0.515433
0.487997
0.089350
0.756065
0.165355
0.378421
0.339927
0.702399
0.483533
0.215502
0.085101
0.445323
0.724845
0.002658
0.066749
0.101790
0.803265
0.736264
0.295759
0.758026
0.910382
0.647747
0.414459
0.755339
0.813403
0.544245
0.958030
0.310364
0.128572
0.548433
0.290070
0.047438
0.275563
0.026204
0.434888
0.055207
0.769824
0.499872
0.357125
0.268518
0.663264
0.100093
0.850716
0.687088
0.407602
0.446693
0.598417
0.052257
0.314368
0.461429
0.582743
0.767533
0.045736
0.808044
0.473650
0.957360
0.162826
0.839929
0.127698
0.178420
0.451249
0.385787
0.969552
0.108268
0.853098
0.300578
0.523553
0.810553
0.972454
0.694173
0.875541
0.343250
0.947058
0.473856
0.952135
0.857528
0.448108
0.509315
0.503780
0.614234
0.686121
0.169194
0.741936
0.562549
0.613247
0.365463
0.801957
0.397382
0.617227
0.987438
0.413771
0.450646
0.048564
0.372597
0.130374
0.606803
0.838066
0.065983
0.657940
0.534506
0.475890
0.595985
0.891895
0.705961
0.378924
0.527145
0.825180
0.427627
0.719013
0.073396
0.214084
0.882222
0.410868
0.472035
0.408941
0.445304
0.399928
0.408554
0.681125
0.083227
0.327411
0.631800
0.274855
0.609904
0.469974
0.677981
0.260950
0.973449
0.076499
0.621604
0.894101
0.854457
0.440147
0.788308
0.291478
0.417005
0.612157
0.744506
0.008269
0.637712
0.019052
0.813647
0.172638
0.697534
0.133361
0.743044
0.231192
0.254758
0.244527
0.668132
0.456552
0.502073
0.262390
0.032693
0.574429
0.558765
0.538721
0.548762
0.248522
0.738072
0.794305
0.828493
0.157355
0.277164
0.127481
0.858604
0.924964
0.425433
0.723176
0.993049
0.408770
0.498169
0.017714
0.431448
0.884715
0.477615
0.124249
0.740895
0.865654
0.910269
0.598514
0.491983
0.598466
0.574321
0.293918
0.742162
0.747452
0.271333
0.641537
0.307984
0.669295
0.044858
0.795360
0.216963
0.151073
0.386713
0.808970
0.982262
0.659280
0.004753
0.866164
0.316729
0.679812
0.501464
0.296696
0.735490
0.444642
0.366916
0.391773
0.716975
0.711869
0.995821
0.119315
0.912093
0.117497
0.625350
0.892961
0.787262
0.668891
0.721756
0.694548
0.492054
0.684029
0.163274
0.233810
0.683821
0.558432
0.976085
0.182823
0.533406
0.408948
0.059790
0.641059
0.217808
0.408827
0.898989
0.767699
0.963979
0.687985
0.681058
0.233680
0.258466
0.468231
0.136063
0.438118
0.094841
0.991930
0.708934
0.391362
0.873985
0.930438
0.133889
0.551040
0.722426
0.039116
0.495115
0.460605
0.279449
0.037131
0.612307
0.554398
0.223050
0.647893
0.301870
0.986291
0.620622
0.615713
0.752199
0.627883
0.161128
0.525154
0.729106
0.823370
0.105992
0.300231
0.910401
0.246451
0.411053
0.417646
0.695893
0.091254
0.210384
0.291424
0.061640
0.035987
0.524161
0.673109
0.577645
0.444241
0.584725
0.507083
0.135204
0.027948
0.264592
0.901726
0.561652
0.218673
0.839076
0.062732
0.600561
0.250786
0.586739
0.195870
0.872583
0.840239
0.214817
0.955298
0.061404
0.270813
0.097723
0.594734
0.080301
0.647608
0.247752
0.098786
0.241661
0.813696
0.070782
0.428730
0.582837
0.265724
0.177789
0.231074
0.589739
0.960082
0.066659
0.720491
0.181690
0.832341
0.708674
0.674861
0.788814
0.614902
0.180065
0.955060
0.962589
0.134263
0.040608
0.493360
0.491261
0.999731
0.606977
0.261375
0.709453
0.513060
0.481196
0.381964
0.664564
0.524739
0.126009
0.370349
0.812704
0.187756
0.690654
0.188386
0.091951
0.424939
0.953287
0.631877
0.585232
0.210546
0.240045
0.971042
0.474038
0.108605
0.265246
0.883832
0.070216
0.830783
0.521054
0.991651
0.009959
0.051267
0.077073
0.987322
0.412668
0.389939
0.142252
0.227308
0.947448
0.892482
0.220023
0.206920
0.690721
0.798137
0.955660
0.241396
0.128482
0.441094
0.411451
0.574909
0.924764
0.202147
0.445949
0.663392
0.580456
0.431848
0.102548
0.927653
0.538517
0.073522
0.530226
0.368372
0.114585
0.718183
0.490991
0.952520
0.173191
0.538138
0.307668
0.016058
0.957820
0.142135
0.714380
0.320397
0.499346
0.445838
0.741771
0.595138
0.789704
0.710168
0.365938
0.314102
0.322323
0.741560
0.425835
0.357481
0.562830
0.634591
0.091942
0.289997
0.780569
0.091814
0.321330
0.655088
0.100787
0.400107
0.673689
0.081267
0.889999
0.615407
0.499268
0.095727
0.282656
0.997606
0.210445
0.899614
0.113630
0.440564
0.580718
0.049837
0.436439
0.617168
0.981559
0.334077
0.003273
0.716370
0.505448
0.821994
0.478455
0.791933
0.625978
0.052552
0.995821
0.413376
0.019055
0.325545
0.125801
0.547040
0.024279
0.072301
0.300015
0.018676
0.277319
0.339619
0.442637
0.453500
0.713079
0.679634
0.980925
0.603375
0.182980
0.546412
0.050261
0.722363
0.242713
0.714660
0.363390
0.371975
0.706225
0.172830
0.558926
0.815978
0.613332
0.924334
0.599422
0.473345
0.403398
0.996319
0.557335
0.489861
0.869862
0.377264
0.734106
0.657806
0.148607
0.838486
0.930090
0.804532
0.314406
0.786568
0.596681
0.522394
0.943618
0.229740
0.517411
0.135943
0.560285
0.486439
0.074077
0.616016
0.322088
0.063210
0.943391
0.904411
0.608865
0.412682
0.980409
0.867436
0.891214
0.025419
0.237347
0.732441
0.308984
0.107252
0.952913
0.646060
0.067046
0.635539
0.255220
0.514857
0.456275
0.187860
0.226341
0.159594
0.037945
0.456108
0.096290
0.601739
0.655897
0.966795
0.620895
0.915157
0.938566
0.288220
0.588177
0.125791
0.157137
0.927836
0.562308
0.502772
0.661105
0.641173
0.068364
0.180500
0.922052
0.591615
0.834455
0.354636
0.893613
0.244548
0.314503
0.074044
0.212800
0.248043
0.623328
0.221048
0.357041
0.465606
0.318554
0.246205
0.973498
0.326396
0.687319
0.010311
0.313236
0.958743
0.661302
0.641573
0.242430
0.309399
0.192587
0.142845
0.985463
0.181390
0.524105
0.132167
0.759101
0.827154
0.339293
0.410971
0.987438
0.731990
0.275302
0.476130
0.828152
0.889967
0.493125
0.819866
0.533116
0.851514
0.073798
0.036464
0.368296
0.636166
0.919643
0.016788
0.832034
0.026451
0.113362
0.064837
0.909445
0.481700
0.245100
0.848735
0.205429
0.258473
0.545333
0.987322
0.142900
0.389178
0.061010
0.458670
0.987322
0.551678
0.619467
0.741163
0.097879
0.861487
0.453450
0.213347
0.304712
0.694644
0.627839
0.121128
0.823037
0.644723
0.548195
0.344242
0.596478
0.476764
0.409899
0.455741
0.033301
0.335723
0.640810
0.815865
0.203520
0.179227
0.347885
0.976387
0.521381
0.412962
0.455313
0.106656
0.711910
0.610987
0.549581
0.291519
0.652559
0.357626
0.708981
0.990525
0.190209
0.641854
0.324588
0.662673
0.941629
0.536277
0.899362
0.467883
0.425068
0.939789
0.763546
0.203697
0.991855
0.716504
0.614601
0.534988
0.966101
0.056197
0.882923
0.006471
0.667480
0.667811
0.655927
0.632171
0.050770
0.523871
0.650796
0.688789
0.622604
0.248210
0.911437
0.076882
0.190430
0.502332
0.721517
0.931517
0.970104
0.419007
0.763925
0.921250
0.457398
0.469212
0.674773
0.046255
0.740389
0.765992
0.105632
0.686760
0.683613
0.263896
0.522624
0.628398
0.396227
0.334737
0.280223
0.457060
0.345171
0.691066
0.994118
0.414230
0.082654
0.160961
0.792593
0.455909
0.357946
0.136847
0.388543
0.992541
0.574753
0.293904
0.123734
0.989173
0.298546
0.120019
0.989173
0.165903
0.788625
0.871389
0.629122
0.904268
0.003126
0.336562
0.648070
0.621084
0.629249
0.409753
0.329456
0.051614
0.588240
0.445910
0.930123
0.643833
0.080165
0.670070
0.924273
0.441381
0.277821
0.990773
0.486374
0.669051
0.768664
0.254077
0.860455
0.384559
0.567348
0.909100
0.015610
0.776468
0.580090
0.468946
0.055883
0.000448
0.589562
0.649458
0.933300
0.095370
0.508592
0.979571
0.720697
0.103932
0.915301
0.571187
0.743224
0.432914
0.240554
0.340231
0.251270
0.666476
0.270643
0.815260
0.876978
0.729138
0.812947
0.664532
0.555521
0.767680
0.366077
0.406517
0.072307
0.464010
0.773824
0.453239
0.589074
0.332158
0.068312
0.103046
0.060851
0.816630
0.325890
0.954120
0.520502
0.414832
0.532560
0.978419
0.161505
0.895312
0.956522
0.126148
0.558397
0.339581
0.662559
0.693430
0.943200
0.719523
0.048845
0.521438
0.988305
0.414063
0.951222
0.877821
0.182397
0.840739
0.928433
0.941907
0.648702
0.879146
0.026538
0.600128
0.620896
0.539086
0.728878
0.029523
0.305173
0.512195
0.605174
0.243063
0.528557
0.426164
0.356987
0.627510
0.159472
0.253417
0.487671
0.843463
0.793317
0.021793
0.704537
0.597774
0.001818
0.672721
0.147333
0.057021
0.197414
0.453428
0.088481
0.145859
0.237554
0.690960
0.666785
0.315959
0.693982
0.053917
0.987322
0.330862
0.987322
0.347308
0.731797
0.650645
0.872243
0.285240
0.657158
0.699430
0.313936
0.611049
0.044386
0.226718
0.392240
0.186087
0.850336
0.554646
0.960660
0.226380
0.404867
0.052454
0.701489
0.181425
0.773231
0.094957
0.930675
0.817460
0.248354
0.761326
0.617355
0.036683
0.843835
0.339544
0.628183
0.158016
0.768656
0.906338
0.763802
0.067008
0.660937
0.668365
0.414177
0.154359
0.859759
0.343984
0.007340
0.857214
0.111067
0.052811
0.432470
0.009398
0.295143
0.551466
0.113001
0.462577
0.617728
0.719156
0.610926
0.563554
0.868521
0.638595
0.184876
0.437466
0.373196
0.040794
0.991424
0.729962
0.061385
0.312768
0.433373
0.726396
0.363515
0.903486
0.400489
0.798654
0.337496
0.925522
0.812663
0.962492
0.905782
0.829863
0.049670
0.060099
0.464675
0.443063
0.892564
0.155870
0.916224
0.785123
0.450648
0.266062
0.083602
0.240733
0.530544
0.841398
0.477459
0.065408
0.544693
0.211419
0.281390
0.772805
0.507107
0.977395
0.019291
0.493537
0.929508
0.921277
0.934562
0.414062
0.426747
0.391117
0.388216
0.310130
0.178060
0.363182
0.405445
0.339900
0.395716
0.263487
0.317952
0.188318
0.639412
0.207275
0.869861
0.893289
0.945597
0.371913
0.389576
0.051631
0.965485
0.373345
0.593686
0.891749
0.270407
0.613067
0.579670
0.779149
0.787515
0.520761
0.990773
0.431508
0.634021
0.556333
0.874189
0.916154
0.453823
0.430766
0.621715
0.130009
0.433339
0.953402
0.925235
0.100550
0.357865
0.821566
0.424258
0.939349
0.879217
0.393308
0.761890
0.791642
0.114440
0.968907
0.750557
0.361800
0.283044
0.832694
0.326492
0.490623
0.549824
0.431419
0.830686
0.894205
0.539805
0.666641
0.397361
0.555379
0.583204
0.356635
0.220957
0.167078
0.818094
0.559138
0.543946
0.472994
0.497675
0.267770
0.305044
0.461423
0.872825
0.927094
0.814058
0.556900
0.988980
0.738065
0.735613
0.235093
0.020407
0.490326
0.625342
0.489636
0.429768
0.354298
0.991194
0.209065
0.408906
0.662288
0.324316
0.660989
0.523524
0.621066
0.293149
0.751250
0.277276
0.762322
0.836311
0.394685
0.627556
0.294622
0.662201
0.382540
0.177971
0.080070
0.758311
0.409456
0.296264
0.036073
0.642907
0.614713
0.636326
0.716182
0.644184
0.125750
0.712799
0.979112
0.861707
0.886741
0.437801
0.860811
0.097994
0.407954
0.232780
0.368846
0.912001
0.748485
0.670778
0.752401
0.126052
0.806473
0.705406
0.242875
0.307723
0.019697
0.557817
0.676097
0.422737
0.692162
0.275518
0.326336
0.690982
0.013670
0.482334
0.093737
0.422183
0.175023
0.589126
0.626844
0.838391
0.711857
0.210418
0.485360
0.468077
0.931651
0.818920
0.426563
0.989645
0.409131
0.989645
0.406747
0.605877
0.070455
0.036520
0.569561
0.375739
0.301101
0.772213
0.747668
0.377846
0.994673
0.142447
0.260223
0.695481
0.631849
0.435512
0.223540
0.090861
0.415258
0.112517
0.894414
0.910200
0.024376
0.587508
0.684565
0.422103
0.023268
0.989370
0.056227
0.231225
0.568927
0.172724
0.011078
0.447312
0.894866
0.977911
0.696475
0.322488
0.185763
0.996368
0.669009
0.650637
0.018654
0.266935
0.047462
0.765166
0.300922
0.227932
0.435531
0.472524
0.533338
0.557645
0.796900
0.351396
0.387739
0.779617
0.814123
0.643939
0.805674
0.356868
0.152642
0.326215
0.310263
0.290893
0.414352
0.312881
0.114447
0.888714
0.682868
0.766130
0.962305
0.423115
0.961151
0.552460
0.935657
0.243047
0.412990
0.820883
0.847236
0.176722
0.317339
0.481517
0.147383
0.612547
0.601021
0.551760
0.488746
0.353644
0.153502
0.744435
0.715781
0.690788
0.722614
0.998119
0.058881
0.989173
0.638729
0.770619
0.826281
0.826694
0.222373
0.666398
0.534697
0.798769
0.238529
0.594385
0.157019
0.188186
0.668664
0.885084
0.622662
0.117636
0.056161
0.051597
0.682822
0.260677
0.046666
0.394606
0.257275
0.672994
0.843959
0.550319
0.511265
0.627639
0.855978
0.754583
0.197683
0.128836
0.631863
0.110944
0.381089
0.490838
0.464132
0.344107
0.250960
0.642578
0.015378
0.405853
0.561243
0.170236
0.622954
0.762554
0.953425
0.537345
0.931539
0.717292
0.853928
0.659041
0.142636
0.929024
0.778973
0.271333
0.689297
0.593222
0.648023
0.280015
0.827847
0.734391
0.189471
0.933454
0.567177
0.065860
0.730009
0.910047
0.158159
0.534452
0.988129
0.308871
0.604306
0.351338
0.914012
0.128734
0.663360
0.156595
0.006883
0.909220
0.621715
0.721037
0.991194
0.740867
0.730257
0.234109
0.250913
0.659924
0.750306
0.228985
0.117741
0.846819
0.343299
0.016369
0.143303
0.088889
0.193548
0.930509
0.626828
0.377921
0.624911
0.116404
0.500464
0.778194
0.695758
0.174365
0.518668
0.672634
0.558254
0.500046
0.576299
0.429755
0.325976
0.925123
0.531953
0.443808
0.459334
0.375696
0.230220
0.068567
0.801957
0.957114
0.156202
0.121950
0.611094
0.733931
0.406694
0.570817
0.052083
0.587068
0.185697
0.133632
0.049078
0.591329
0.009916
0.268545
0.526266
0.110852
0.331638
0.485422
0.157428
0.501157
0.283560
0.756569
0.035487
0.095985
0.722030
0.860615
0.243012
0.638525
0.925669
0.620129
0.011894
0.798452
0.975952
0.763133
0.414682
0.317786
0.132640
0.333117
0.037460
0.930987
0.294308
0.288904
0.597599
0.522275
0.073857
0.848203
0.788994
0.127870
0.651501
0.869647
0.359210
0.404295
0.699878
0.805014
0.190859
0.347390
0.115446
0.817408
0.413935
0.790571
0.032245
0.438666
0.054053
0.445048
0.555455
0.450335
0.207760
0.428391
0.171800
0.347019
0.811356
0.199572
0.382535
0.501069
0.861891
0.722488
0.945049
0.618644
0.883073
0.319566
0.055573
0.148802
0.976284
0.643570
0.270671
0.677126
0.452451
0.997606
0.278536
0.374412
0.359319
0.599700
0.608681
0.191142
0.483994
0.937380
0.908715
0.915278
0.659034
0.347786
0.382641
0.746597
0.852580
0.702909
0.046555
0.892232
0.124295
0.120017
0.694881
0.126460
0.343823
0.490674
0.127571
0.695800
0.320939
0.142896
0.841120
0.206590
0.501257
0.981567
0.697008
0.952237
0.568362
0.761556
0.497956
0.562739
0.568104
0.671521
0.436578
0.098059
0.690788
0.280114
0.609562
0.101209
0.643937
0.457140
0.028429
0.714521
0.948749
0.656117
0.342851
0.117962
0.673166
0.397180
0.932783
0.331625
0.236165
0.501906
0.392925
0.668779
0.116850
0.413336
0.429601
0.182678
0.447524
0.280381
0.540765
0.165764
0.221652
0.117977
0.151244
0.638763
0.699207
0.492182
0.078980
0.502133
0.495806
0.220071
0.051152
0.261434
0.595669
0.023501
0.529028
0.477388
0.681761
0.362416
0.566896
0.845076
0.325971
0.335371
0.974726
0.074066
0.121594
0.969868
0.499531
0.755610
0.710018
0.439696
0.331964
0.382145
0.090711
0.107070
0.399390
0.580425
0.892569
0.269401
0.963386
0.869078
0.506432
0.429133
0.009182
0.525281
0.761058
0.483556
0.682088
0.365719
0.988129
0.000943
0.669760
0.133605
0.634917
0.998461
0.593720
0.626231
0.601914
0.675406
0.291841
0.501033
0.525761
0.862814
0.269970
0.639527
0.052939
0.589391
0.041576
0.822744
0.187120
0.805069
0.863369
0.977962
0.158948
0.541684
0.014421
0.100714
0.139828
0.088685
0.014600
0.440948
0.157844
0.638965
0.919616
0.465250
0.026868
0.958452
0.207950
0.796849
0.160143
0.738897
0.597876
0.032847
0.128145
0.163198
0.649142
0.620954
0.862225
0.962805
0.130255
0.287149
0.220826
0.102854
0.957614
0.027663
0.055104
0.277651
0.797680
0.834358
0.313344
0.331277
0.350614
0.517304
0.783582
0.589140
0.257802
0.361662
0.512971
0.059349
0.772793
0.532053
0.279124
0.560309
0.753706
0.974646
0.788511
0.684669
0.545128
0.908154
0.902190
0.111113
0.461003
0.416856
0.548871
0.224774
0.320859
0.223217
0.285722
0.264522
0.965601
0.720532
0.461185
0.850146
0.443762
0.067591
0.671368
0.683321
0.343920
0.602225
0.778840
0.501344
0.205398
0.517882
0.073514
0.889295
0.390558
0.400364
0.640197
0.581451
0.993175
0.308409
0.393559
0.772675
0.205420
0.554032
0.332965
0.440583
0.909833
0.882964
0.937867
0.584679
0.613061
0.543062
0.397123
0.563591
0.127667
0.414475
0.967683
0.159706
0.741474
0.849266
0.339036
0.735906
0.320214
0.363146
0.030738
0.379580
0.535809
0.856948
0.870291
0.488062
0.959415
0.115023
0.863243
0.436375
0.024503
0.688055
0.479858
0.341995
0.428061
0.854288
0.238737
0.725072
0.791029
0.763194
0.429326
0.207597
0.293595
0.503226
0.413399
0.712211
0.333977
0.394369
0.322360
0.871007
0.363834
0.687356
0.521149
0.835390
0.821417
0.948752
0.368204
0.029051
0.605116
0.551384
0.102716
0.690263
0.395905
0.341737
0.147830
0.421761
0.593175
0.737954
0.836274
0.429242
0.329905
0.153590
0.544769
0.952985
0.363684
0.625077
0.084115
0.661423
0.471530
0.525769
0.877373
0.802963
0.264429
0.151074
0.738670
0.260983
0.547487
0.157088
0.134699
0.418576
0.343903
0.648621
0.022689
0.545545
0.021167
0.227450
0.189895
0.617575
0.235880
0.421034
0.716490
0.951681
0.518320
0.678434
0.417877
0.612417
0.307153
0.324176
0.443692
0.138474
0.347864
0.016851
0.215787
0.047423
0.736987
0.366419
0.969812
0.194846
0.351307
0.655868
0.265138
0.899826
0.191944
0.306849
0.183043
0.167909
0.714650
0.777301
0.827482
0.320842
0.848627
0.418430
0.257515
0.214546
0.137407
0.119612
0.743375
0.687238
0.188594
0.437289
0.626600
0.466182
0.107853
0.235739
0.526089
0.046972
0.353148
0.749997
0.293160
0.846994
0.981855
0.623339
0.006945
0.774288
0.911114
0.290013
0.033104
0.629531
0.104631
0.707139
0.398327
0.350273
0.965957
0.522992
0.920360
0.366704
0.350544
0.949005
0.393369
0.504168
0.324518
0.622143
0.319075
0.148998
0.185499
0.375976
0.017977
0.488873
0.710353
0.280890
0.048086
0.928308
0.679770
0.549918
0.391287
0.770858
0.445114
0.904326
0.827161
0.068434
0.816094
0.454594
0.334831
0.390334
0.947330
0.264223
0.076404
0.245131
0.948559
0.946858
0.898629
0.691828
0.819656
0.306756
0.017375
0.356331
0.372377
0.308301
0.344081
0.788432
0.322071
0.176163
0.293088
0.875608
0.662802
0.042113
0.938982
0.504793
0.148575
0.110297
0.436301
0.823175
0.733503
0.387045
0.079150
0.394538
0.638839
0.675588
0.471595
0.238652
0.450411
0.066260
0.754110
0.747123
0.863851
0.839166
0.736551
0.718575
0.116565
0.553520
0.220906
0.287210
0.426000
0.624966
0.650858
0.229055
0.216717
0.622545
0.940613
0.526507
0.059114
0.568356
0.649521
0.020217
0.477453
0.147529
0.366241
0.453573
0.702888
0.870407
0.827374
0.054019
0.559331
0.043703
0.048674
0.441453
0.408700
0.058151
0.016921
0.910742
0.552020
0.876468
0.487288
0.997606
0.462183
0.050834
0.694147
0.345222
0.891680
0.026055
0.810875
0.210220
0.462374
0.118070
0.736566
0.688651
0.361795
0.371756
0.956129
0.029381
0.992941
0.387263
0.078312
0.884344
0.474444
0.255742
0.919047
0.816786
0.452451
0.089348
0.996506
0.733271
0.758446
0.001069
0.932279
0.073133
0.957375
0.614936
0.793818
0.162644
0.304106
0.491915
0.017126
0.732434
0.000020
0.190955
0.493617
0.080666
0.641584
0.407608
0.065403
0.247494
0.333670
0.578516
0.746471
0.479862
0.557846
0.321751
0.327979
0.521556
0.856993
0.853537
0.835720
0.960538
0.751613
0.946482
0.896741
0.466399
0.606684
0.822036
0.664965
0.869350
0.043977
0.552122
0.082169
0.390266
0.570712
0.656882
0.223902
0.448868
0.379353
0.617355
0.747912
0.170664
0.625477
0.221117
0.952481
0.621051
0.857164
0.952766
0.416636
0.736419
0.190578
0.548571
0.389189
0.534233
0.704154
0.484351
0.308158
0.671458
0.234107
0.792890
0.217947
0.056562
0.187628
0.815799
0.161248
0.509623
0.774048
0.604075
0.297007
0.527202
0.947215
0.521912
0.474701
0.515408
0.075117
0.717747
0.563339
0.494087
0.983567
0.546426
0.681204
0.939847
0.716892
0.398127
0.516006
0.805079
0.896830
0.217143
0.489181
0.903858
0.950333
0.639352
0.107498
0.774364
0.916001
0.249674
0.693257
0.693212
0.647463
0.552704
0.547271
0.970865
0.802285
0.688259
0.163148
0.349841
0.750691
0.520250
0.976922
0.468647
0.845267
0.028008
0.223711
0.763563
0.168655
0.214212
0.113254
0.036310
0.900258
0.777577
0.735571
0.506392
0.716810
0.080432
0.744010
0.639872
0.738377
0.454666
0.626180
0.158408
0.446113
0.602070
0.250871
0.499831
0.897940
0.458903
0.405331
0.849775
0.542044
0.596178
0.043221
0.778052
0.736469
0.437554
0.327070
0.187828
0.908775
0.701086
0.945017
0.773842
0.487116
0.649153
0.331677
0.651217
0.579711
0.586550
0.845625
0.281048
0.821558
0.438556
0.716742
0.914949
0.215720
0.011386
0.037838
0.499210
0.713391
0.264054
0.645606
0.420761
0.166231
0.664845
0.622296
0.601758
0.281805
0.763091
0.104345
0.826562
0.876029
0.758242
0.157361
0.742972
0.774812
0.107771
0.765129
0.756811
0.821891
0.582388
0.377049
0.932863
0.924538
0.384761
0.404274
0.532493
0.658381
0.714150
0.286930
0.825368
0.574087
0.936294
0.057413
0.284973
0.590947
0.241975
0.278946
0.050188
0.736225
0.519948
0.972223
0.052317
0.677097
0.285490
0.080922
0.272317
0.098621
0.784446
0.352857
0.735906
0.709720
0.420425
0.997606
0.382340
0.438630
0.917188
0.508809
0.998001
0.541358
0.266116
0.782210
0.139398
0.452593
0.396334
0.559475
0.992941
0.085909
0.713687
0.364098
0.551907
0.140365
0.576167
0.698723
0.711087
0.704320
0.410226
0.083597
0.419162
0.115291
0.349111
0.793651
0.261526
0.096354
0.140521
0.160875
0.886698
0.033064
0.361197
0.003391
0.162979
0.898824
0.447981
0.994877
0.444099
0.697676
0.472967
0.094859
0.640076
0.432307
0.894603
0.732921
0.143148
0.831381
0.723999
0.775104
0.176967
0.296446
0.148289
0.248381
0.577911
0.637124
0.815526
0.101652
0.489696
0.096818
0.969453
0.438880
0.191957
0.406057
0.500646
0.110594
0.280550
0.276586
0.974885
0.445679
0.091250
0.557364
0.515531
0.983560
0.448186
0.699984
0.705733
0.349648
0.159667
0.809249
0.497508
0.063229
0.472729
0.999826
0.732596
0.465458
0.705557
0.404863
0.967263
0.496773
0.174562
0.142601
0.637237
0.782559
0.773062
0.641352
0.331038
0.973277
0.132382
0.269774
0.956479
0.781873
0.458875
0.898738
0.823922
0.241767
0.611628
0.742895
0.246039
0.029126
0.830959
0.458539
0.736256
0.059814
0.373797
0.527598
0.720267
0.194375
0.385842
0.340967
0.404803
0.676057
0.240184
0.108056
0.433401
0.006776
0.174465
0.670218
0.308754
0.649544
0.245454
0.103500
0.367945
0.845467
0.632313
0.453161
0.187757
0.608243
0.508469
0.762311
0.983782
0.065082
0.276805
0.125652
0.395089
0.753208
0.743167
0.624315
0.546109
0.555238
0.967709
0.658577
0.713714
0.011567
0.370431
0.293242
0.049301
0.926927
0.323811
0.338930
0.596387
0.181927
0.698663
0.006480
0.271595
0.456010
0.755286
0.258259
0.243090
0.199973
0.616413
0.528074
0.431982
0.495104
0.406168
0.051534
0.100015
0.779982
0.684708
0.823570
0.076003
0.489934
0.105039
0.533982
0.253929
0.159607
0.429855
0.001649
0.191137
0.004782
0.194505
0.581707
0.804164
0.490790
0.019280
0.127637
0.145270
0.273966
0.851255
0.893850
0.315742
0.578754
0.353599
0.727809
0.853227
0.752347
0.218434
0.159845
0.950175
0.174040
0.927407
0.111067
0.606655
0.937667
0.082846
0.634782
0.070115
0.869163
0.599400
0.035897
0.251544
0.381049
0.620620
0.199129
0.727468
0.841950
0.669247
0.745660
0.865458
0.289332
0.848285
0.646098
0.234191
0.221740
0.134229
0.716228
0.230526
0.453954
0.006991
0.200616
0.065907
0.732632
0.193010
0.285674
0.643831
0.415876
0.904039
0.128424
0.423135
0.489564
0.439074
0.337677
0.265172
0.491193
0.764156
0.742014
0.580446
0.388513
0.371318
0.271536
0.124018
0.571978
0.131266
0.152138
0.925141
0.441216
0.271102
0.992941
0.243864
0.826193
0.965159
0.749353
0.382907
0.657800
0.629588
0.420939
0.348372
0.963932
0.238191
0.629566
0.442609
0.677361
0.392773
0.188000
0.570575
0.888732
0.734632
0.000769
0.225718
0.286939
0.525046
0.544056
0.778489
0.223972
0.430285
0.046976
0.124754
0.728550
0.033499
0.610465
0.266056
0.266323
0.694459
0.561629
0.192479
0.522051
0.584945
0.369575
0.364716
0.316359
0.506889
0.877897
0.400562
0.802420
0.189671
0.719574
0.661385
0.403369
0.861036
0.600207
0.900173
0.887311
0.962609
0.918284
0.635993
0.951961
0.383456
0.960002
0.112430
0.697570
0.003712
0.406729
0.146007
0.541164
0.115228
0.783133
0.319449
0.693419
0.436630
0.286989
0.105165
0.999826
0.435228
0.009655
0.106172
0.553247
0.718158
0.821604
0.088494
0.755014
0.116106
0.199834
0.936866
0.497838
0.294486
0.646992
0.170737
0.005463
0.759313
0.819115
0.051396
0.101651
0.499866
0.822118
0.825091
0.122399
0.279573
0.515190
0.696783
0.273655
0.461212
0.341343
0.407650
0.395582
0.739040
0.380285
0.921605
0.241514
0.796351
0.356715
0.051523
0.502647
0.192957
0.508899
0.983004
0.223564
0.594969
0.055076
0.675103
0.571272
0.030254
0.199122
0.860685
0.800699
0.537688
0.790678
0.145405
0.158588
0.586677
0.235755
0.059760
0.388397
0.794860
0.107669
0.383314
0.740940
0.944965
0.065882
0.898949
0.305818
0.384743
0.938189
0.696600
0.200654
0.734063
0.651156
0.214025
0.379307
0.177528
0.006925
0.344336
0.533791
0.605550
0.977757
0.858568
0.801839
0.707322
0.311857
0.272863
0.583901
0.900443
0.575869
0.554962
0.097859
0.398486
0.483508
0.118738
0.031609
0.823248
0.830682
0.538241
0.514650
0.725830
0.851439
0.948123
0.138416
0.212567
0.274475
0.043775
0.976805
0.210010
0.166771
0.544823
0.855402
0.738805
0.035410
0.990517
0.298095
0.000041
0.143460
0.870744
0.863574
0.069482
0.951585
0.468814
0.659525
0.114185
0.288601
0.352764
0.644435
0.997347
0.200555
0.666586
0.368590
0.198568
0.893460
0.899104
0.466625
0.965942
0.080089
0.830774
0.786092
0.919692
0.552001
0.515968
0.158830
0.771582
0.792501
0.213483
0.739908
0.564743
0.691572
0.984108
0.583538
0.349446
0.551368
0.352835
0.303939
0.760947
0.051116
0.742036
0.484029
0.425474
0.524323
0.938370
0.201713
0.387678
0.630244
0.510117
0.210315
0.882000
0.096682
0.080581
0.471085
0.888166
0.879441
0.755656
0.571228
0.904367
0.638916
0.854926
0.334207
0.036585
0.586399
0.819211
0.432000
0.227704
0.178958
0.786549
0.469904
0.286966
0.812913
0.775762
0.340601
0.007777
0.037068
0.456570
0.482221
0.867799
0.572160
0.366837
0.668608
0.237239
0.304195
0.644246
0.299391
0.936080
0.204609
0.339320
0.079985
0.102323
0.670011
0.728550
0.994877
0.045920
0.709636
0.865489
0.929680
0.150366
0.451703
0.886484
0.363903
0.261799
0.411719
0.997509
0.696421
0.168585
0.109510
0.015151
0.812288
0.202477
0.517314
0.996167
0.451187
0.187530
0.072397
0.412864
0.926338
0.097714
0.353931
0.922592
0.650246
0.883714
0.065314
0.081902
0.881101
0.647652
0.188161
0.280838
0.647508
0.651642
0.544708
0.996657
0.383688
0.438960
0.441401
0.359602
0.726879
0.052673
0.999826
0.094030
0.127128
0.658004
0.312867
0.240967
0.401480
0.411161
0.204920
0.008214
0.753220
0.185401
0.649937
0.177552
0.354156
0.747364
0.406485
0.930796
0.592757
0.202323
0.153060
0.619460
0.172988
0.385551
0.148382
0.512838
0.626358
0.274797
0.331745
0.474899
0.075880
0.589219
0.590547
0.686333
0.593277
0.132096
0.284326
0.193371
0.656569
0.113502
0.996551
0.396098
0.090115
0.130293
0.178170
0.412571
0.761820
0.978532
0.005274
0.595491
0.748034
0.155865
0.870767
0.454712
0.468496
0.559975
0.636623
0.983682
0.819991
0.746112
0.373755
0.927829
0.847325
0.304808
0.738341
0.718739
0.706100
0.797422
0.582804
0.186702
0.093810
0.928275
0.449273
0.936173
0.510781
0.793991
0.854525
0.125750
0.343982
0.093834
0.335382
0.465150
0.609437
0.021412
0.669945
0.712820
0.073770
0.273052
0.783583
0.250261
0.530377
0.610102
0.521924
0.828047
0.405577
0.611758
0.080663
0.463596
0.086512
0.959965
0.200249
0.345978
0.914184
0.110531
0.210579
0.326874
0.237145
0.167453
0.266931
0.991945
0.386422
0.168817
0.166679
0.095521
0.990517
0.628364
0.228189
0.315181
0.945107
0.251917
0.691068
0.862455
0.291310
0.677011
0.217138
0.151454
0.451686
0.729385
0.701505
0.239300
0.476919
0.632239
0.402640
0.197009
0.112350
0.696151
0.961509
0.014433
0.490831
0.429840
0.334824
0.783393
0.916077
0.300337
0.060558
0.904831
0.558033
0.343277
0.508834
0.336721
0.431290
0.493781
0.929338
0.629137
0.069364
0.754128
0.253973
0.250493
0.953679
0.416150
0.304949
0.771886
0.436379
0.321344
0.331154
0.834096
0.583435
0.953058
0.526973
0.496990
0.874301
0.394631
0.242977
0.723933
0.138872
0.596272
0.414654
0.815840
0.650998
0.822329
0.473006
0.228072
0.886225
0.309361
0.223723
0.349829
0.592838
0.373480
0.929713
0.237660
0.319333
0.141425
0.584337
0.736904
0.234977
0.531862
0.521298
0.146317
0.616526
0.729019
0.144807
0.065199
0.944047
0.426615
0.175742
0.776812
0.376205
0.696099
0.646248
0.045262
0.359062
0.139655
0.691433
0.458290
0.418300
0.268650
0.496708
0.292456
0.254925
0.309452
0.737744
0.180507
0.136851
0.572845
0.853282
0.018749
0.447429
0.483604
0.840016
0.062373
0.274896
0.161092
0.748092
0.465530
0.588374
0.135219
0.843023
0.366091
0.091583
0.797711
0.424586
0.581196
0.715745
0.447250
0.981843
0.316897
0.276464
0.549029
0.765484
0.304223
0.712030
0.397681
0.341000
0.712889
0.093200
0.100788
0.323512
0.208519
0.745892
0.544192
0.340758
0.094234
0.162933
0.537408
0.852946
0.559660
0.979393
0.389882
0.799209
0.031647
0.232885
0.264334
0.807228
0.546982
0.818914
0.873035
0.446111
0.136476
0.373026
0.185728
0.394967
0.346400
0.330731
0.487845
0.636287
0.248165
0.631597
0.120889
0.183257
0.413669
0.392000
0.876493
0.536521
0.338871
0.079803
0.556261
0.705843
0.741505
0.713860
0.475669
0.996551
0.266523
0.847803
0.688449
0.659965
0.514024
0.398195
0.088206
0.282672
0.579066
0.443165
0.724622
0.206295
0.080666
0.022885
0.899976
0.516479
0.818181
0.132416
0.718929
0.302864
0.229443
0.928123
0.800894
0.590860
0.339256
0.059822
0.267802
0.111993
0.781072
0.840489
0.160126
0.482725
0.795317
0.514903
0.535811
0.808326
0.331047
0.336705
0.089429
0.999008
0.188629
0.341169
0.777383
0.940778
0.210928
0.700726
0.733420
0.000356
0.514209
0.903428
0.363817
0.373117
0.537402
0.567832
0.372415
0.926866
0.403447
0.299550
0.842406
0.680229
0.087597
0.680846
0.860006
0.263295
0.267554
0.614854
0.016969
0.990517
0.450749
0.694966
0.184855
0.792118
0.752098
0.973383
0.978965
0.329333
0.376696
0.834085
0.131586
0.794050
0.344131
0.940098
0.346510
0.390752
0.520543
0.785593
0.672676
0.754113
0.222476
0.471600
0.592284
0.591974
0.737848
0.931977
0.508787
0.627914
0.409471
0.100285
0.162089
0.445768
0.197296
0.687662
0.261141
0.596941
0.719026
0.367886
0.847435
0.017375
0.720366
0.821308
0.271139
0.638664
0.901110
0.699182
0.415556
0.624681
0.661314
0.605681
0.316699
0.013571
0.506793
0.925175
0.819766
0.786721
0.923719
0.562620
0.774881
0.641411
0.090776
0.527378
0.242016
0.304321
0.171430
0.934750
0.099901
0.302764
0.929829
0.380880
0.046157
0.595185
0.087631
0.268586
0.554979
0.659678
0.215853
0.323677
0.603306
0.028653
0.800417
0.090302
0.674559
0.240495
0.681299
0.273314
0.348187
0.828560
0.826641
0.595888
0.940267
0.779085
0.832455
0.849172
0.528417
0.230875
0.837975
0.285917
0.314468
0.637585
0.402619
0.539794
0.548302
0.983742
0.223985
0.308562
0.480545
0.741910
0.206041
0.706536
0.158058
0.516276
0.816714
0.526945
0.307876
0.305242
0.998306
0.256861
0.141666
0.032248
0.249630
0.080796
0.312565
0.046420
0.746922
0.470580
0.978594
0.662349
0.250957
0.573520
0.726587
0.220455
0.928630
0.523120
0.203721
0.926026
0.432688
0.996657
0.432107
0.001450
0.827938
0.315183
0.692045
0.999826
0.370441
0.814944
0.121152
0.312261
0.553149
0.655150
0.927739
0.194743
0.245431
0.082687
0.991841
0.123982
0.911772
0.065138
0.673992
0.615967
0.343215
0.449384
0.797875
0.281780
0.226244
0.776953
0.208148
0.333791
0.436595
0.508765
0.374237
0.356323
0.615117
0.165113
0.978518
0.005664
0.614195
0.551270
0.727951
0.816550
0.748224
0.933417
0.553323
0.741505
0.421145
0.382380
0.315304
0.371291
0.927120
0.653463
0.768769
0.774786
0.971532
0.639561
0.066748
0.551602
0.403608
0.768260
0.974751
0.239803
0.216670
0.256154
0.035092
0.968613
0.129419
0.935287
0.193979
0.397104
0.158316
0.315526
0.531923
0.758747
0.629182
0.476920
0.417716
0.622518
0.156610
0.604252
0.301096
0.351334
0.406541
0.443432
0.519616
0.072021
0.832866
0.013013
0.323953
0.565836
0.229837
0.374863
0.908032
0.105547
0.289128
0.030962
0.679910
0.583892
0.799027
0.272808
0.182633
0.182976
0.812965
0.654176
0.022675
0.717696
0.669548
0.561782
0.540913
0.953127
0.024726
0.063627
0.544153
0.392407
0.901597
0.932080
0.171362
0.006753
0.458126
0.492600
0.643443
0.640488
0.714825
0.912141
0.330061
0.984409
0.709281
0.086719
0.219195
0.005575
0.458726
0.818195
0.174373
0.741712
0.532815
0.263983
0.786476
0.321173
0.457996
0.372556
0.489087
0.074559
0.600070
0.807019
0.628715
0.241424
0.759960
0.769218
0.106836
0.891877
0.838335
0.205771
0.563009
0.763834
0.497639
0.296454
0.809060
0.040320
0.029222
0.761348
0.511153
0.413474
0.487321
0.800946
0.923141
0.773636
0.640183
0.874671
0.731821
0.534554
0.803544
0.296506
0.253271
0.359251
0.469464
0.597179
0.701173
0.005382
0.417136
0.882768
0.774092
0.456128
0.018641
0.169055
0.229758
0.656573
0.543508
0.845281
0.140331
0.921870
0.466987
0.523314
0.472893
0.730015
0.128653
0.358235
0.192553
0.638040
0.334813
0.330800
0.029821
0.867449
0.899342
0.604605
0.036666
0.765905
0.156286
0.101572
0.333740
0.362631
0.621767
0.365818
0.640966
0.261775
0.158735
0.679992
0.995074
0.434857
0.649411
0.214081
0.229525
0.491892
0.821809
0.797438
0.571917
0.745549
0.706536
0.369807
0.663761
0.082772
0.860300
0.372867
0.019456
0.697493
0.388306
0.378830
0.998306
0.500892
0.721271
0.457660
0.655281
0.026350
0.094542
0.625395
0.926975
0.476374
0.215233
0.016876
0.066579
0.831796
0.258254
0.969868
0.628259
0.412516
0.885461
0.068207
0.737615
0.996657
0.502274
0.277680
0.649237
0.269712
0.264949
0.617621
0.327650
0.316981
0.427838
0.668716
0.568754
0.135634
0.071881
0.991841
0.436519
0.194668
0.120697
0.292957
0.862568
0.875566
0.121151
0.718857
0.394552
0.110693
0.081643
0.301511
0.472067
0.085691
0.099701
0.191627
0.808437
0.557070
0.024951
0.484866
0.266537
0.540757
0.594390
0.237599
0.454214
0.885281
0.461900
0.928283
0.106914
0.395772
0.096508
0.090588
0.442326
0.082093
0.576102
0.396601
0.225715
0.784569
0.263186
0.022573
0.552320
0.197885
0.031248
0.366749
0.570708
0.449170
0.209799
0.063052
0.405685
0.501797
0.373115
0.676071
0.071571
0.669455
0.903512
0.839876
0.071610
0.315472
0.186675
0.648137
0.346794
0.568543
0.860327
0.009568
0.655146
0.446532
0.886950
0.294999
0.905844
0.000144
0.455616
0.983157
0.519402
0.257331
0.958765
0.775922
0.400809
0.127974
0.664174
0.593737
0.986390
0.642908
0.615825
0.717417
0.381379
0.370915
0.889488
0.044041
0.789573
0.066759
0.223572
0.267952
0.517482
0.278467
0.101692
0.487884
0.764464
0.792179
0.423040
0.623039
0.732093
0.689406
0.274331
0.643015
0.350929
0.573655
0.704469
0.712428
0.500853
0.191318
0.260106
0.882260
0.906711
0.926821
0.209691
0.540964
0.633658
0.997347
0.390258
0.259389
0.134573
0.659731
0.791329
0.318204
0.275018
0.866833
0.339800
0.535128
0.424892
0.261876
0.824645
0.499196
0.907038
0.290869
0.433807
0.254764
0.857505
0.788078
0.954361
0.189890
0.768515
0.765006
0.535557
0.500245
0.773927
0.250555
0.864082
0.545436
0.398317
0.177673
0.037924
0.161326
0.494121
0.308778
0.279958
0.808201
0.953432
0.457380
0.257569
0.135794
0.883847
0.916891
0.762985
0.244618
0.022456
0.341530
0.187817
0.777936
0.079193
0.552317
0.405906
0.946051
0.160333
0.749298
0.407079
0.167365
0.744243
0.456798
0.048137
0.008666
0.543259
0.191264
0.198698
0.367002
0.775916
0.472476
0.883277
0.000835
0.540091
0.471783
0.171496
0.779439
0.376825
0.050742
0.634285
0.863927
0.362834
0.357002
0.372451
0.719387
0.327555
0.350456
0.742374
0.473381
0.293734
0.892240
0.553816
0.153356
0.504703
0.019142
0.306767
0.663761
0.997509
0.323135
0.646661
0.810157
0.281838
0.286157
0.178180
0.397227
0.308533
0.126230
0.601208
0.619704
0.976977
0.246409
0.687431
0.037746
0.790922
0.387676
0.081466
0.798693
0.304978
0.238782
0.915762
0.686405
0.451395
0.968472
0.047599
0.343138
0.477311
0.633724
0.945739
0.374981
0.713415
0.263543
0.524081
0.315188
0.296788
0.127135
0.433701
0.169019
0.000766
0.435431
0.315977
0.398908
0.369900
0.391945
0.085218
0.376938
0.238751
0.077133
0.040847
0.427455
0.212608
0.253592
0.238322
0.725749
0.487951
0.813495
0.729139
0.319668
0.265495
0.267615
0.488385
0.105347
0.549337
0.907266
0.456633
0.870432
0.892364
0.561197
0.300648
0.325077
0.361064
0.703032
0.423515
0.996551
0.413352
0.716992
0.149194
0.688571
0.462975
0.653918
0.986966
0.693495
0.708603
0.708919
0.532672
0.398906
0.139046
0.963412
0.830310
0.021011
0.491568
0.226538
0.497366
0.855953
0.028279
0.779054
0.534085
0.100671
0.445388
0.922658
0.797203
0.801315
0.327528
0.142256
0.079408
0.235617
0.073609
0.280864
0.038094
0.003590
0.827549
0.664611
0.792702
0.907366
0.352030
0.830516
0.590508
0.757721
0.232731
0.650137
0.342525
0.221639
0.016000
0.112400
0.209454
0.897010
0.483185
0.183350
0.912074
0.438855
0.371274
0.275694
0.675084
0.284940
0.262256
0.884936
0.546576
0.402694
0.353596
0.251891
0.109874
0.866223
0.058058
0.995113
0.591772
0.381213
0.159513
0.387093
0.189908
0.312592
0.303199
0.652074
0.631210
0.087937
0.386591
0.721761
0.498005
0.098604
0.235846
0.331315
0.534974
0.497041
0.572236
0.508316
0.515514
0.486335
0.892243
0.780856
0.835385
0.257151
0.695673
0.052155
0.217331
0.385094
0.357616
0.482973
0.447966
0.042478
0.385092
0.550472
0.921229
0.383393
0.106872
0.500260
0.796368
0.057936
0.459804
0.285927
0.947874
0.425169
0.260454
0.398397
0.479862
0.136556
0.100350
0.308537
0.771919
0.620839
0.548819
0.023416
0.426024
0.432963
0.071331
0.609311
0.687322
0.546059
0.714523
0.755223
0.242701
0.625844
0.022335
0.753001
0.571596
0.087115
0.540824
0.539982
0.279235
0.795261
0.711633
0.712208
0.994966
0.158925
0.124479
0.977833
0.421571
0.737372
0.535446
0.058507
0.871209
0.277245
0.157809
0.565626
0.879281
0.419509
0.502396
0.994148
0.483574
0.286760
0.351380
0.611374
0.174669
0.312785
0.268335
0.881219
0.817988
0.462223
0.463553
0.347861
0.215040
0.467300
0.995389
0.064693
0.174572
0.012403
0.373158
0.377330
0.718848
0.166708
0.292078
0.998306
0.303801
0.360797
0.998306
0.396066
0.374845
0.314345
0.879354
0.571560
0.053091
0.832901
0.115967
0.990512
0.690498
0.862279
0.536373
0.359446
0.728920
0.229735
0.918094
0.004405
0.031844
0.597588
0.752527
0.346627
0.500444
0.926399
0.193809
0.311681
0.621593
0.946840
0.356003
0.197562
0.191411
0.296252
0.317800
0.453646
0.741841
0.157092
0.712666
0.995557
0.076978
0.796235
0.733695
0.160017
0.620757
0.940726
0.933426
0.901337
0.574707
0.691019
0.257478
0.722026
0.795484
0.742414
0.821050
0.480911
0.577661
0.247101
0.851270
0.859665
0.099198
0.122143
0.948818
0.720401
0.865487
0.934280
0.173738
0.394622
0.704242
0.712915
0.420219
0.161646
0.329905
0.534280
0.281693
0.344563
0.337865
0.622734
0.424471
0.179408
0.196339
0.262309
0.672533
0.328538
0.550606
0.741646
0.998137
0.342211
0.886791
0.057172
0.075639
0.395780
0.789985
0.325339
0.369729
0.383367
0.901508
0.089096
0.936119
0.140336
0.390687
0.433257
0.820904
0.893243
0.535548
0.271745
0.403181
0.335583
0.545928
0.761298
0.129925
0.662530
0.182933
0.145937
0.622030
0.106107
0.907793
0.293771
0.506831
0.528568
0.136286
0.927397
0.221142
0.252442
0.571724
0.542972
0.285278
0.453757
0.163922
0.779426
0.444087
0.980711
0.852105
0.603814
0.432289
0.462187
0.739116
0.483680
0.021577
0.275499
0.289601
0.131746
0.417200
0.871394
0.607794
0.638288
0.665169
0.485683
0.126787
0.605158
0.076881
0.643237
0.411168
0.312370
0.704834
0.612655
0.253261
0.080099
0.649070
0.788073
0.328861
0.729544
0.336643
0.733180
0.104823
0.835618
0.402497
0.251516
0.175850
0.040341
0.275953
0.256659
0.203465
0.592177
0.018068
0.301936
0.073055
0.574469
0.196416
0.096897
0.945801
0.863539
0.069716
0.119478
0.716701
0.138718
0.888885
0.133151
0.887223
0.224199
0.616591
0.063740
0.395584
0.944803
0.596713
0.729163
0.127471
0.839862
0.050139
0.967378
0.248166
0.613777
0.475170
0.815143
0.480435
0.017659
0.940151
0.766744
0.812923
0.409703
0.582677
0.673425
0.906934
0.785707
0.693253
0.588328
0.422899
0.405052
0.240227
0.797996
0.203835
0.108302
0.375352
0.561093
0.256516
0.423884
0.992876
0.521361
0.176301
0.283480
0.056416
0.619945
0.157218
0.846136
0.773352
0.519171
0.472079
0.103834
0.511534
0.904424
0.605510
0.437435
0.202817
0.313819
0.396168
0.416130
0.229115
0.705006
0.993618
0.005012
0.267525
0.502666
0.665812
0.273339
0.418257
0.712527
0.006404
0.702107
0.245053
0.134818
0.292236
0.135677
0.752196
0.268131
0.968049
0.779685
0.095103
0.202379
0.366571
0.341373
0.112188
0.356936
0.993266
0.394162
0.889529
0.597815
0.868461
0.939603
0.814346
0.024269
0.231195
0.293714
0.735511
0.868591
0.644360
0.429702
0.027067
0.665714
0.226914
0.365412
0.167589
0.173465
0.997835
0.468799
0.175694
0.716383
0.358343
0.048552
0.801010
0.511809
0.737735
0.189651
0.370220
0.114904
0.311996
0.700978
0.273536
0.058098
0.846455
0.218574
0.151323
0.153779
0.426544
0.836728
0.656649
0.788171
0.216262
0.918036
0.599327
0.296610
0.537710
0.116177
0.582630
0.701198
0.117883
0.093552
0.712928
0.261275
0.300768
0.332192
0.880479
0.880650
0.465171
0.199644
0.322982
0.280888
0.028481
0.591841
0.530147
0.507548
0.795238
0.370749
0.356377
0.387056
0.362535
0.943023
0.560144
0.200254
0.082062
0.115935
0.990671
0.737369
0.009043
0.326779
0.052479
0.963955
0.760649
0.725028
0.574535
0.848949
0.928910
0.009084
0.987321
0.194394
0.525497
0.836039
0.043013
0.500630
0.886683
0.378555
0.028147
0.721943
0.770735
0.571365
0.236609
0.114430
0.264217
0.380441
0.538306
0.596091
0.105338
0.063680
0.868424
0.517821
0.360198
0.217898
0.910538
0.753464
0.775657
0.233678
0.409373
0.015083
0.836802
0.441011
0.110274
0.909851
0.154659
0.748567
0.228832
0.562266
0.110412
0.303020
0.381042
0.978143
0.503174
0.369511
0.621210
0.032956
0.223203
0.834568
0.570242
0.755754
0.973077
0.489653
0.609017
0.602764
0.334951
0.575232
0.407808
0.994850
0.055759
0.854737
0.669891
0.775582
0.562054
0.596920
0.501891
0.348640
0.631358
0.992556
0.010569
0.663505
0.927425
0.822927
0.109812
0.697729
0.695153
0.755353
0.205177
0.814960
0.210088
0.590713
0.622905
0.215023
0.477132
0.601024
0.678266
0.661915
0.547382
0.040282
0.583104
0.975913
0.529198
0.804346
0.644869
0.527199
0.002562
0.168013
0.826736
0.962472
0.931557
0.698693
0.220441
0.596786
0.359821
0.792351
0.452973
0.446124
0.565800
0.301585
0.482880
0.319559
0.270463
0.227597
0.029479
0.962747
0.916787
0.274115
0.806908
0.848401
0.587849
0.855602
0.202060
0.917405
0.848862
0.104730
0.797931
0.381597
0.516827
0.022427
0.567957
0.272915
0.504082
0.692022
0.378077
0.102387
0.426966
0.768155
0.716574
0.255675
0.989433
0.166885
0.678703
0.336825
0.115913
0.822775
0.645111
0.868664
0.122400
0.463801
0.016062
0.399270
0.406356
0.440266
0.232871
0.317841
0.368080
0.524478
0.773374
0.003820
0.457854
0.290477
0.068783
0.014019
0.417324
0.259200
0.390683
0.889521
0.722112
0.461300
0.843087
0.493198
0.789864
0.446861
0.324113
0.936834
0.630277
0.169762
0.279987
0.341703
0.600155
0.558828
0.026091
0.351664
0.971431
0.866303
0.751580
0.602931
0.741841
0.163358
0.108550
0.243736
0.640655
0.362311
0.116794
0.968342
0.627031
0.670639
0.468043
0.825388
0.014160
0.121589
0.520226
0.110516
0.506923
0.416036
0.533123
0.206906
0.730323
0.506884
0.909747
0.718741
0.297897
0.436342
0.888982
0.281162
0.478884
0.780860
0.556710
0.100829
0.992087
0.126400
0.047275
0.560439
0.243339
0.874326
0.855400
0.283451
0.115190
0.637725
0.752383
0.292204
0.253104
0.259690
0.437074
0.880434
0.440908
0.838293
0.972856
0.738182
0.182262
0.257856
0.163253
0.883839
0.492063
0.465652
0.465322
0.145955
0.990671
0.695290
0.598081
0.618776
0.545423
0.205147
0.425092
0.239629
0.367391
0.654456
0.700254
0.131698
0.650009
0.738106
0.163056
0.712189
0.945172
0.505863
0.151733
0.515702
0.169257
0.168355
0.532521
0.500389
0.772666
0.284061
0.587689
0.617941
0.295713
0.711192
0.276883
0.192375
0.464296
0.366647
0.687885
0.370358
0.339256
0.781404
0.981759
0.403957
0.677995
0.597373
0.919039
0.389541
0.666991
0.776060
0.206088
0.473795
0.990534
0.738393
0.061854
0.332445
0.218858
0.350764
0.888794
0.321493
0.394659
0.148563
0.191017
0.179046
0.287645
0.584722
0.390354
0.238770
0.042643
0.225602
0.959039
0.441403
0.735486
0.620397
0.785466
0.816341
0.861821
0.705369
0.897733
0.443870
0.521095
0.647738
0.248562
0.626333
0.844695
0.260055
0.987558
0.696730
0.082866
0.980855
0.568290
0.899996
0.529087
0.891834
0.761767
0.612842
0.762611
0.196728
0.490132
0.748206
0.904017
0.217267
0.922696
0.894452
0.813143
0.870951
0.718207
0.476245
0.006578
0.822562
0.189019
0.961632
0.360006
0.854686
0.507842
0.731294
0.991479
0.590713
0.185006
0.071568
0.983610
0.289958
0.849876
0.360200
0.909284
0.819195
0.466173
0.293818
0.102625
0.157061
0.785726
0.721215
0.569134
0.912054
0.745839
0.936668
0.572920
0.088318
0.399075
0.008934
0.798035
0.564560
0.446865
0.763373
0.868479
0.216580
0.005643
0.277539
0.197160
0.935823
0.951081
0.056973
0.069368
0.720464
0.708700
0.539719
0.869430
0.799983
0.222660
0.196838
0.769361
0.319822
0.998306
0.429205
0.998306
0.684158
0.467980
0.608395
0.381727
0.432052
0.908844
0.597692
0.541464
0.421211
0.024920
0.739414
0.332852
0.986953
0.686011
0.360583
0.396545
0.700063
0.872364
0.102040
0.230615
0.731220
0.388839
0.684330
0.876499
0.578433
0.353664
0.399186
0.417652
0.007202
0.263520
0.758100
0.761455
0.213530
0.824929
0.040286
0.690980
0.409841
0.444376
0.424652
0.088135
0.691599
0.729259
0.513716
0.882296
0.161660
0.011644
0.834001
0.587945
0.181118
0.472856
0.210079
0.478904
0.911867
0.843845
0.524848
0.745810
0.596279
0.014801
0.313076
0.630075
0.108227
0.932207
0.723008
0.630849
0.388223
0.432700
0.037391
0.319693
0.924308
0.022951
0.860765
0.088197
0.346253
0.199985
0.104010
0.055273
0.496297
0.486355
0.146505
0.061986
0.375347
0.484715
0.244181
0.316464
0.329960
0.979731
0.111565
0.040164
0.827075
0.901382
0.148641
0.772636
0.475800
0.333737
0.429916
0.334288
0.728520
0.485710
0.714957
0.490791
0.939512
0.876253
0.683297
0.721864
0.420179
0.079481
0.703293
0.642140
0.389446
0.443649
0.284696
0.694588
0.190453
0.934652
0.297428
0.168415
0.857853
0.765858
0.030719
0.152577
0.122231
0.732267
0.107379
0.471546
0.198656
0.486165
0.009528
0.206876
0.291770
0.981113
0.978048
0.829575
0.082786
0.134449
0.023559
0.286780
0.955477
0.350452
0.984332
0.700268
0.199036
0.452884
0.421329
0.425690
0.365565
0.319970
0.918572
0.434477
0.552864
0.974435
0.028293
0.572605
0.568772
0.011068
0.806072
0.211087
0.602255
0.625695
0.165087
0.366066
0.557664
0.397348
0.302868
0.830946
0.160165
0.199921
0.842149
0.185051
0.534783
0.348244
0.175545
0.020525
0.027278
0.749856
0.551688
0.027998
0.542753
0.272328
0.443177
0.724533
0.196702
0.961741
0.366073
0.836271
0.358819
0.564686
0.431179
0.552581
0.693940
0.826281
0.525375
0.422466
0.835558
0.958901
0.345059
0.175890
0.680892
0.170924
0.653356
0.815303
0.084774
0.879279
0.900287
0.263118
0.111808
0.953827
0.694298
0.220600
0.938490
0.678282
0.680237
0.340286
0.482067
0.289190
0.720661
0.659571
0.670775
0.359207
0.123688
0.474444
0.807323
0.711753
0.912935
0.059570
0.357701
0.638405
0.866552
0.914080
0.910980
0.195068
0.258154
0.360496
0.490016
0.894206
0.579552
0.771468
0.382171
0.913747
0.352429
0.423664
0.534185
0.593806
0.204260
0.234048
0.989433
0.104535
0.125461
0.755588
0.062247
0.093127
0.094446
0.333339
0.945872
0.176763
0.523741
0.333808
0.295699
0.656639
0.455972
0.177653
0.989478
0.071831
0.739292
0.994909
0.365759
0.058768
0.765791
0.040417
0.164588
0.022932
0.668626
0.215424
0.866674
0.687167
0.502820
0.827423
0.938717
0.841117
0.455635
0.835194
0.874673
0.067930
0.969951
0.946418
0.325738
0.844134
0.070327
0.588753
0.741741
0.194503
0.183917
0.404880
0.721475
0.991841
0.664293
0.565581
0.441417
0.991576
0.213982
0.171708
0.984929
0.701060
0.519931
0.282868
0.970137
0.097949
0.729576
0.541566
0.192314
0.561469
0.956025
0.291341
0.149678
0.836005
0.868618
0.294666
0.617781
0.912762
0.728719
0.715719
0.947966
0.962776
0.937415
0.667097
0.071899
0.741611
0.740338
0.764944
0.327101
0.305225
0.434858
0.996745
0.437567
0.683981
0.996745
0.551918
0.285611
0.130679
0.812765
0.674433
0.996120
0.456273
0.312049
0.066954
0.557139
0.125910
0.707508
0.347325
0.388828
0.546103
0.406694
0.016294
0.366750
0.478491
0.467144
0.732181
0.965702
0.844780
0.324335
0.090769
0.369582
0.412877
0.699621
0.266234
0.027436
0.720227
0.825762
0.563893
0.707223
0.559979
0.669161
0.660411
0.072150
0.658497
0.763556
0.206415
0.834978
0.544977
0.239531
0.507430
0.242145
0.291113
0.309004
0.848870
0.359168
0.173919
0.702680
0.797938
0.320300
0.140527
0.170002
0.436264
0.661589
0.590813
0.698036
0.497820
0.692738
0.114117
0.726570
0.370061
0.990534
0.012531
0.273498
0.012814
0.013938
0.198520
0.761663
0.590638
0.240669
0.559261
0.321116
0.178421
0.157130
0.641987
0.033329
0.624624
0.123233
0.183457
0.413767
0.168731
0.223289
0.527039
0.597731
0.265668
0.772808
0.760650
0.125106
0.135895
0.916160
0.164091
0.170958
0.523239
0.945264
0.204491
0.083373
0.312893
0.468731
0.288805
0.668548
0.058876
0.224020
0.000839
0.910347
0.951860
0.528217
0.030141
0.753801
0.339978
0.304755
0.963844
0.917504
0.578675
0.972066
0.941877
0.548739
0.482854
0.355554
0.112237
0.189344
0.871627
0.536659
0.716705
0.193830
0.103586
0.145576
0.698516
0.319605
0.267900
0.393335
0.271356
0.000219
0.495298
0.854326
0.352439
0.295574
0.916239
0.403010
0.429272
0.089581
0.073628
0.131810
0.697657
0.848952
0.327594
0.721136
0.434215
0.661822
0.937892
0.084834
0.166570
0.008701
0.027647
0.708885
0.003741
0.369725
0.206829
0.269289
0.073430
0.602071
0.186055
0.465435
0.575848
0.712251
0.146229
0.402624
0.059428
0.054486
0.586878
0.419631
0.815169
0.884578
0.722115
0.711053
0.731814
0.305670
0.633366
0.398659
0.390024
0.452593
0.733860
0.407010
0.984016
0.013493
0.145027
0.752633
0.877387
0.457267
0.845381
0.954657
0.613515
0.441009
0.419147
0.749569
0.239129
0.028491
0.058218
0.744482
0.119134
0.243654
0.956925
0.943280
0.067051
0.156268
0.095601
0.709032
0.732115
0.465305
0.082247
0.691798
0.390766
0.928575
0.017323
0.423635
0.152376
0.661221
0.062054
0.397856
0.692790
0.031248
0.691221
0.441522
0.853236
0.083791
0.551223
0.652804
0.764563
0.312728
0.746773
0.917899
0.697516
0.318552
0.169438
0.902027
0.083744
0.462483
0.235881
0.019594
0.008420
0.465221
0.337754
0.043423
0.574718
0.640049
0.202207
0.789552
0.959571
0.318788
0.403950
0.550882
0.381523
0.157121
0.288516
0.574582
0.198789
0.217157
0.536120
0.717650
0.273967
0.181392
0.512648
0.178281
0.239274
0.029724
0.036171
0.821811
0.345256
0.316149
0.347110
0.990671
0.560823
0.694478
0.794670
0.292973
0.660520
0.833492
0.044206
0.103312
0.987321
0.696905
0.417497
0.204880
0.710057
0.563109
0.074823
0.943375
0.451997
0.024930
0.364598
0.902719
0.282900
0.470909
0.048172
0.818387
0.808714
0.575269
0.823860
0.560665
0.305909
0.238144
0.181482
0.234545
0.828710
0.649895
0.060314
0.023100
0.561166
0.040770
0.648580
0.005531
0.269493
0.697774
0.581987
0.122839
0.600918
0.410486
0.446935
0.333467
0.736551
0.101191
0.518802
0.806292
0.107025
0.218782
0.468873
0.140779
0.449429
0.169203
0.045566
0.242156
0.460517
0.677729
0.542995
0.148926
0.581800
0.963112
0.465078
0.280696
0.543690
0.104175
0.461619
0.625648
0.064638
0.822233
0.481852
0.164797
0.522746
0.585648
0.219097
0.267442
0.326591
0.718925
0.117837
0.271958
0.553341
0.429782
0.999363
0.383339
0.708923
0.176403
0.361167
0.888045
0.014478
0.751479
0.174079
0.084266
0.138361
0.681050
0.997379
0.329045
0.008009
0.303967
0.277814
0.679361
0.000074
0.562953
0.149668
0.636269
0.461622
0.973783
0.430353
0.299909
0.877634
0.954136
0.850671
0.323364
0.242494
0.637017
0.326965
0.022887
0.924689
0.163438
0.482902
0.250165
0.226902
0.849788
0.781054
0.598448
0.295206
0.130255
0.158364
0.138881
0.277907
0.778872
0.637926
0.903602
0.293009
0.036311
0.060011
0.532244
0.558810
0.492210
0.239775
0.959491
0.559841
0.165430
0.438640
0.621216
0.554428
0.864759
0.936104
0.570223
0.634441
0.455699
0.348422
0.341520
0.585312
0.881497
0.005750
0.989478
0.390616
0.086075
0.350864
0.017130
0.989478
0.140096
0.105487
0.495728
0.589010
0.636597
0.938858
0.980382
0.435922
0.865241
0.170822
0.444842
0.593637
0.329071
0.046794
0.378172
0.866640
0.769508
0.783950
0.204914
0.788587
0.670692
0.140538
0.166600
0.425724
0.566462
0.061133
0.732039
0.298877
0.295932
0.986879
0.316527
0.023738
0.975037
0.889241
0.001006
0.661221
0.700187
0.991576
0.092061
0.450886
0.462480
0.748071
0.410453
0.687661
0.729498
0.441338
0.597943
0.132278
0.371113
0.053491
0.357816
0.383453
0.231804
0.928059
0.150916
0.767586
0.146104
0.473995
0.712416
0.859820
0.929819
0.955264
0.346796
0.143257
0.152155
0.327634
0.099843
0.348934
0.931303
0.490812
0.510954
0.123009
0.530849
0.178588
0.063667
0.879075
0.505317
0.116287
0.698869
0.719245
0.425587
0.735529
0.414045
0.166014
0.718405
0.992808
0.495352
0.278832
0.324748
0.669618
0.072367
0.307517
0.820593
0.592983
0.902262
0.066408
0.407884
0.751892
0.811680
0.375920
0.317762
0.763464
0.790015
0.012246
0.344581
0.841885
0.398417
0.276202
0.550759
0.827476
0.100211
0.062117
0.638649
0.103359
0.924593
0.516337
0.061204
0.387227
0.876150
0.964068
0.751908
0.526192
0.883414
0.686605
0.904824
0.697322
0.067021
0.245623
0.734710
0.194884
0.420676
0.299586
0.190427
0.844765
0.045440
0.244168
0.523186
0.088477
0.065674
0.203524
0.272610
0.219523
0.036412
0.471507
0.185693
0.413953
0.076685
0.380360
0.556100
0.089338
0.228072
0.796905
0.115133
0.251128
0.536169
0.910523
0.244411
0.575876
0.524993
0.189830
0.658940
0.754876
0.818059
0.212355
0.744850
0.531439
0.439031
0.489135
0.267379
0.847023
0.380622
0.249004
0.702604
0.736400
0.490580
0.572997
0.354505
0.403168
0.432162
0.106210
0.491144
0.477118
0.714842
0.261392
0.394023
0.722565
0.683302
0.611996
0.434450
0.672535
0.433085
0.384349
0.427431
0.994208
0.709657
0.302433
0.078504
0.794772
0.358097
0.110558
0.262979
0.540073
0.966548
0.713773
0.465287
0.624968
0.355933
0.624311
0.908067
0.001593
0.410554
0.389739
0.591983
0.400224
0.782758
0.837599
0.724810
0.506867
0.546492
0.606376
0.061338
0.640938
0.255994
0.550622
0.194601
0.942323
0.769468
0.075035
0.346117
0.899955
0.003196
0.243978
0.002784
0.808399
0.535450
0.964143
0.101357
0.345847
0.559969
0.343315
0.050791
0.831488
0.270210
0.041004
0.562569
0.482309
0.559940
0.210327
0.805875
0.272762
0.384991
0.384476
0.405588
0.071787
0.730258
0.665292
0.215442
0.855484
0.786665
0.093460
0.121688
0.896541
0.425094
0.840977
0.276403
0.543927
0.055365
0.185973
0.246460
0.953520
0.573102
0.733005
0.634165
0.937294
0.604079
0.942559
0.962201
0.109523
0.180402
0.607942
0.534069
0.526596
0.996506
0.230449
0.914600
0.464450
0.072406
0.802132
0.134686
0.145960
0.265351
0.184077
0.122904
0.688595
0.246685
0.984929
0.063816
0.731255
0.554416
0.041378
0.165463
0.222522
0.241517
0.944353
0.871204
0.714399
0.632358
0.137893
0.813044
0.040094
0.807332
0.356055
0.059004
0.492995
0.685546
0.235880
0.869709
0.392484
0.086612
0.606302
0.020281
0.067899
0.017765
0.056689
0.398173
0.224270
0.419634
0.329646
0.182388
0.597771
0.811577
0.727780
0.142198
0.019719
0.167370
0.126783
0.690858
0.057709
0.737975
0.992808
0.483670
0.360999
0.000835
0.701402
0.990671
0.705389
0.582513
0.956465
0.873613
0.431493
0.746186
0.218465
0.770993
0.007564
0.226510
0.357180
0.538780
0.185657
0.966505
0.107733
0.638137
0.572363
0.184159
0.939302
0.224663
0.422692
0.074456
0.769782
0.466517
0.109014
0.461791
0.870665
0.029690
0.709821
0.913462
0.518444
0.612871
0.734752
0.571088
0.667432
0.532091
0.054230
0.674577
0.331240
0.252040
0.095353
0.483956
0.457578
0.978630
0.877484
0.457073
0.963972
0.429923
0.552723
0.322011
0.230510
0.825707
0.084205
0.844966
0.289113
0.537307
0.819042
0.687024
0.135806
0.448317
0.007453
0.863544
0.061109
0.545009
0.284247
0.861188
0.541482
0.905659
0.496660
0.870467
0.568500
0.835851
0.751432
0.593353
0.178409
0.319122
0.616101
0.470136
0.358406
0.057889
0.981243
0.518441
0.282491
0.679172
0.342770
0.131176
0.999363
0.391427
0.404719
0.426834
0.680127
0.228127
0.005309
0.702954
0.822319
0.114663
0.063506
0.660880
0.443008
0.205953
0.859320
0.562119
0.124012
0.217092
0.380394
0.381666
0.676417
0.116631
0.237868
0.090031
0.092329
0.785361
0.229505
0.447858
0.571283
0.394867
0.309216
0.109005
0.551601
0.929246
0.302728
0.832478
0.896329
0.956655
0.064894
0.562688
0.438652
0.178515
0.731359
0.189620
0.610200
0.097573
0.899515
0.385929
0.989922
0.270677
0.706835
0.774132
0.086624
0.320096
0.187270
0.088124
0.106103
0.304466
0.791369
0.040130
0.938646
0.908864
0.319898
0.415084
0.516439
0.952022
0.350179
0.163805
0.211916
0.525322
0.898781
0.426220
0.477736
0.949097
0.687426
0.254522
0.147925
0.098854
0.410987
0.446282
0.470785
0.989478
0.016763
0.380534
0.691730
0.189082
0.976105
0.553513
0.241828
0.569722
0.534649
0.991665
0.315174
0.939624
0.584629
0.617115
0.573161
0.166807
0.129675
0.621139
0.032283
0.090065
0.397044
0.047319
0.495829
0.974860
0.540595
0.127829
0.722284
0.627415
0.051494
0.357163
0.113235
0.244532
0.580483
0.843190
0.118863
0.192309
0.513784
0.472960
0.206596
0.299590
0.261385
0.413201
0.845751
0.932447
0.982535
0.706493
0.081113
0.516890
0.793927
0.610508
0.664877
0.902683
0.771007
0.567084
0.310257
0.538221
0.136089
0.147902
0.284212
0.052884
0.036917
0.964144
0.661009
0.139419
0.348699
0.696664
0.063670
0.386651
0.808712
0.760027
0.086090
0.646002
0.826711
0.114328
0.417359
0.009746
0.052633
0.385923
0.036490
0.019176
0.151069
0.008898
0.737975
0.268338
0.448612
0.728993
0.410146
0.436284
0.320075
0.739930
0.776476
0.486154
0.004224
0.749042
0.685795
0.172670
0.478984
0.489197
0.041746
0.776599
0.540767
0.233447
0.359296
0.531854
0.066311
0.024719
0.589215
0.816648
0.351046
0.894466
0.530118
0.868121
0.113696
0.194226
0.284477
0.198826
0.849830
0.400398
0.041225
0.391227
0.189188
0.862688
0.869733
0.281575
0.740952
0.414961
0.243448
0.494344
0.119191
0.915856
0.667420
0.154199
0.004875
0.044699
0.163022
0.156471
0.282478
0.252084
0.425266
0.965424
0.784228
0.406798
0.782575
0.237404
0.263828
0.441486
0.584480
0.573108
0.918522
0.275170
0.357421
0.349440
0.582851
0.375016
0.900241
0.949349
0.362615
0.953084
0.945829
0.485099
0.681305
0.713397
0.959870
0.919457
0.925677
0.054814
0.057547
0.169035
0.038755
0.276841
0.729020
0.835384
0.688280
0.493860
0.712565
0.736530
0.073568
0.680127
0.999363
0.108681
0.720640
0.012738
0.318031
0.904247
0.555248
0.367797
0.319560
0.753296
0.077563
0.090762
0.318199
0.914973
0.289406
0.816856
0.176592
0.381209
0.643286
0.660391
0.342589
0.009985
0.013183
0.783505
0.424080
0.984720
0.475106
0.174901
0.694087
0.392803
0.950440
0.684863
0.428163
0.143640
0.044501
0.279785
0.651689
0.607392
0.090096
0.166317
0.089422
0.798823
0.947942
0.313824
0.496456
0.395134
0.161234
0.277850
0.674208
0.038464
0.170147
0.568835
0.573881
0.920391
0.660128
0.628800
0.876875
0.378952
0.100165
0.210161
0.498312
0.463993
0.821499
0.868281
0.789939
0.379925
0.553974
0.794617
0.494394
0.910164
0.300332
0.099006
0.425127
0.691508
0.738003
0.384611
0.263068
0.363132
0.423341
0.444598
0.296621
0.342215
0.618979
0.022818
0.044586
0.119286
0.180715
0.196486
0.522102
0.822004
0.587573
0.327148
0.847633
0.500645
0.659044
0.266315
0.093951
0.286905
0.457165
0.707912
0.165847
0.487229
0.365338
0.313355
0.597879
0.294349
0.210930
0.905176
0.429717
0.917948
0.859841
0.903670
0.790510
0.437717
0.501820
0.973947
0.731550
0.648973
0.301848
0.388903
0.273358
0.613201
0.886287
0.025016
0.023467
0.975931
0.918028
0.867304
0.128404
0.976874
0.182159
0.378914
0.160632
0.978413
0.026757
0.858208
0.581138
0.476829
0.790714
0.277346
0.542622
0.555928
0.094753
0.683440
0.748170
0.387234
0.400163
0.705666
0.206413
0.388306
0.363828
0.255240
0.986476
0.156899
0.783643
0.632881
0.793813
0.611171
0.260277
0.482564
0.010802
0.731193
0.418246
0.399483
0.025456
0.385078
0.142909
0.700906
0.077148
0.895327
0.394845
0.806805
0.450592
0.389132
0.707937
0.219272
0.289807
0.373258
0.506184
0.405364
0.011547
0.733925
0.216558
0.256517
0.615068
0.888714
0.640481
0.288430
0.817929
0.470935
0.477490
0.342200
0.130515
0.672449
0.411341
0.067679
0.423934
0.143092
0.482584
0.317664
0.024005
0.986539
0.337818
0.204048
0.695762
0.007661
0.784623
0.580413
0.000521
0.382192
0.535064
0.185708
0.000850
0.449476
0.424354
0.667290
0.511760
0.063698
0.693118
0.930934
0.400210
0.338628
0.514523
0.640819
0.680056
0.418464
0.362058
0.967478
0.484469
0.093124
0.492710
0.003492
0.466081
0.732461
0.448573
0.130490
0.751029
0.733245
0.398536
0.458613
0.576268
0.868505
0.508407
0.055197
0.145379
0.182789
0.279333
0.614070
0.881775
0.899989
0.101412
0.368475
0.729854
0.106832
0.402880
0.429038
0.673349
0.194029
0.685083
0.433211
0.938637
0.311240
0.578383
0.692136
0.666766
0.014907
0.861741
0.240307
0.096196
0.552667
0.528614
0.418458
0.754981
0.899356
0.908753
0.337924
0.303826
0.151028
0.123412
0.750463
0.138861
0.006641
0.445560
0.984720
0.707489
0.330562
0.601319
0.944970
0.803904
0.549869
0.077531
0.751810
0.542673
0.340544
0.373917
0.539871
0.630497
0.829443
0.689712
0.796494
0.883960
0.482373
0.909318
0.909430
0.956684
0.279684
0.705176
0.042571
0.457842
0.493811
0.478890
0.569033
0.913563
0.594619
0.753167
0.127981
0.564035
0.696112
0.136294
0.956967
0.127792
0.048089
0.449925
0.022320
0.686495
0.595697
0.913915
0.324453
0.725738
0.676602
0.183584
0.361141
0.695737
0.872391
0.314537
0.539673
0.178275
0.157767
0.749989
0.680612
0.912199
0.794298
0.487623
0.099877
0.463831
0.974030
0.811952
0.054314
0.742532
0.357758
0.509873
0.880879
0.748717
0.046087
0.664844
0.980673
0.888793
0.352184
0.938698
0.877532
0.752835
0.074632
0.217655
0.059931
0.887335
0.544680
0.775087
0.111490
0.627781
0.611253
0.046530
0.033741
0.959797
0.268246
0.158802
0.495921
0.987984
0.582467
0.175833
0.138410
0.852912
0.879952
0.274178
0.683840
0.152437
0.147512
0.130812
0.444492
0.506956
0.831852
0.568754
0.124991
0.131694
0.368521
0.070678
0.920852
0.024471
0.467534
0.229804
0.918551
0.885946
0.713660
0.388051
0.370513
0.511521
0.121035
0.925315
0.754938
0.090007
0.049587
0.456637
0.138530
0.933025
0.364591
0.992808
0.110366
0.668380
0.682061
0.065987
0.681191
0.412118
0.735238
0.322535
0.187186
0.471793
0.942731
0.076675
0.787131
0.908134
0.722964
0.110232
0.516933
0.996725
0.293448
0.867697
0.612210
0.190934
0.322661
0.008708
0.828279
0.647202
0.794852
0.146092
0.643720
0.458610
0.616302
0.618249
0.028171
0.721118
0.690142
0.544339
0.648959
0.055739
0.671192
0.386307
0.379863
0.321616
0.139282
0.349019
0.002878
0.169672
0.994235
0.101986
0.485223
0.675753
0.900907
0.759576
0.647019
0.073267
0.050701
0.092738
0.366330
0.330170
0.659457
0.886549
0.660579
0.815922
0.982493
0.523861
0.416821
0.461166
0.233124
0.298471
0.822923
0.935220
0.523380
0.764867
0.347257
0.771988
0.966470
0.169015
0.482010
0.576399
0.983215
0.381190
0.627975
0.069594
0.437158
0.270931
0.398846
0.812558
0.051242
0.805521
0.850679
0.025146
0.143726
0.487799
0.226020
0.742585
0.401367
0.069711
0.121428
0.447418
0.407689
0.992585
0.303743
0.173757
0.441724
0.547971
0.408742
0.990941
0.218902
0.510977
0.328727
0.625377
0.528583
0.430825
0.198704
0.011073
0.021433
0.665393
0.831808
0.925365
0.167781
0.510274
0.863009
0.597013
0.713327
0.422959
0.094380
0.288716
0.995476
0.241567
0.171111
0.677177
0.083014
0.073367
0.924450
0.621902
0.639694
0.528934
0.798375
0.623593
0.958281
0.917970
0.062436
0.129255
0.473162
0.928907
0.566238
0.825408
0.520457
0.257345
0.921999
0.950353
0.788096
0.904645
0.240707
0.924655
0.930850
0.672572
0.510503
0.839293
0.721654
0.996932
0.709248
0.288159
0.337265
0.372739
0.719447
0.799566
0.219932
0.360884
0.060182
0.996877
0.288956
0.107717
0.394219
0.090301
0.232092
0.216584
0.870131
0.254293
0.285656
0.777360
0.564932
0.764450
0.959081
0.928648
0.869192
0.413644
0.143127
0.309516
0.683908
0.169553
0.049094
0.353160
0.137160
0.202696
0.121719
0.315943
0.562024
0.129798
0.533350
0.839358
0.147871
0.371994
0.981984
0.680973
0.386593
0.284930
0.290835
0.241296
0.149903
0.308900
0.582932
0.608751
0.237619
0.287158
0.919557
0.481180
0.610960
0.394627
0.256982
0.170379
0.897181
0.251530
0.824444
0.611376
0.047261
0.820897
0.162236
0.270125
0.218419
0.018341
0.608430
0.946107
0.806584
0.369625
0.184431
0.808255
0.385974
0.417972
0.223330
0.676619
0.736004
0.650215
0.502912
0.139430
0.501946
0.579156
0.801040
0.445139
0.871352
0.749040
0.070732
0.267652
0.140459
0.890970
0.643148
0.050589
0.992808
0.114073
0.106349
0.407846
0.117547
0.194973
0.988451
0.365703
0.524265
0.877433
0.074462
0.912683
0.529356
0.866783
0.003118
0.975700
0.152493
0.708835
0.601665
0.519493
0.299370
0.655744
0.996491
0.271135
0.301036
0.557167
0.681047
0.550121
0.006885
0.628138
0.105678
0.601169
0.424490
0.406821
0.606864
0.944709
0.880820
0.116570
0.708002
0.994235
0.450374
0.706772
0.048507
0.703613
0.433932
0.692722
0.474123
0.254810
0.781435
0.059448
0.521886
0.652435
0.675887
0.666708
0.075045
0.369790
0.135210
0.836885
0.458622
0.142346
0.873117
0.929199
0.399379
0.431101
0.732350
0.051408
0.026565
0.109070
0.101893
0.896972
0.570143
0.555642
0.681758
0.404662
0.717343
0.078072
0.808651
0.177327
0.914301
0.731355
0.539015
0.504300
0.844551
0.978283
0.078754
0.881580
0.096601
0.562640
0.669525
0.434739
0.379325
0.330218
0.404063
0.419221
0.258726
0.992585
0.446692
0.209563
0.198400
0.182143
0.990941
0.729598
0.400731
0.081771
0.713039
0.033158
0.684950
0.028199
0.770675
0.111199
0.892500
0.543317
0.813382
0.441814
0.421040
0.277732
0.291652
0.663367
0.764654
0.841621
0.372725
0.547982
0.734627
0.995476
0.270284
0.094755
0.066969
0.995476
0.154386
0.536567
0.161488
0.112295
0.871326
0.844011
0.699180
0.656534
0.854728
0.262585
0.058676
0.315506
0.561823
0.122247
0.084636
0.571845
0.414194
0.944197
0.935728
0.900039
0.435220
0.625616
0.686732
0.187156
0.136005
0.527308
0.054627
0.579198
0.858868
0.300358
0.827763
0.167305
0.360561
0.043682
0.678821
0.999046
0.737218
0.648472
0.304720
0.504222
0.148221
0.709119
0.925919
0.799304
0.969906
0.756635
0.383075
0.645266
0.283897
0.089738
0.449045
0.592717
0.904243
0.777960
0.473074
0.194836
0.159089
0.011036
0.743711
0.334163
0.635407
0.765980
0.185805
0.261200
0.038539
0.246963
0.528650
0.627218
0.026317
0.298332
0.392898
0.551270
0.362222
0.193911
0.884618
0.849837
0.672008
0.084432
0.098893
0.297569
0.720716
0.034548
0.671007
0.007719
0.475899
0.700106
0.235171
0.260687
0.973029
0.389496
0.595472
0.266279
0.061014
0.501990
0.368768
0.240146
0.650770
0.677668
0.404425
0.049156
0.408225
0.433235
0.875653
0.123117
0.311125
0.157387
0.610519
0.449545
0.760705
0.572627
0.323778
0.356988
0.863366
0.611654
0.174217
0.712874
0.738128
0.686882
0.380288
0.075040
0.099717
0.600870
0.020249
0.364872
0.160439
0.580076
0.098840
0.099583
0.136632
0.988451
0.321551
0.164771
0.465473
0.615932
0.288305
0.545913
0.962443
0.514801
0.341105
0.155484
0.844495
0.547991
0.584913
0.468199
0.937478
0.707436
0.833303
0.464157
0.227658
0.046095
0.323959
0.924989
0.848122
0.457725
0.485274
0.361960
0.083654
0.853078
0.079088
0.991479
0.601169
0.678243
0.464008
0.854232
0.502776
0.936920
0.033700
0.121911
0.994235
0.050914
0.703613
0.701662
0.712023
0.152536
0.119444
0.679214
0.460727
0.665399
0.629912
0.077908
0.365805
0.405911
0.611719
0.004014
0.747240
0.104505
0.334103
0.940480
0.880114
0.865118
0.908532
0.562025
0.131314
0.659336
0.569009
0.596061
0.442703
0.251364
0.345963
0.426624
0.957246
0.004515
0.405538
0.869520
0.633096
0.472281
0.482165
0.175142
0.027819
0.967300
0.258059
0.253900
0.153341
0.806773
0.011192
0.338781
0.115770
0.377365
0.961512
0.688599
0.597240
0.101560
0.615260
0.698796
0.419787
0.372644
0.166180
0.013430
0.729598
0.139650
0.672661
0.440778
0.059779
0.016013
0.990941
0.368376
0.077483
0.797208
0.345561
0.912392
0.811833
0.441612
0.095022
0.843690
0.307493
0.480827
0.391174
0.503079
0.268499
0.566345
0.022287
0.397434
0.463248
0.002550
0.995476
0.325613
0.315302
0.705620
0.714448
0.445494
0.793986
0.607971
0.645958
0.013377
0.046633
0.545063
0.108460
0.454762
0.216512
0.415929
0.060298
0.563999
0.887770
0.749331
0.398685
0.315044
0.625761
0.439669
0.193323
0.168959
0.859414
0.079889
0.924921
0.521009
0.833393
0.774087
0.015449
0.222829
0.602400
0.876965
0.437176
0.029331
0.727094
0.367412
0.679535
0.237186
0.634668
0.041875
0.285065
0.277851
0.842455
0.541555
0.408078
0.365392
0.272453
0.897133
0.444341
0.571080
0.117440
0.386183
0.690833
0.445007
0.861531
0.511713
0.604924
0.091939
0.862463
0.606019
0.700718
0.735681
0.634231
0.257556
0.542472
0.736326
0.575832
0.714127
0.998200
0.179591
0.933238
0.510854
0.505238
0.612851
0.924700
0.410854
0.687696
0.107028
0.544294
0.527868
0.641978
0.160681
0.712598
0.989539
0.440531
0.831803
0.683441
0.610012
0.598660
0.937035
0.298772
0.487545
0.036150
0.032533
0.893624
0.726595
0.893202
0.712859
0.974369
0.559423
0.258647
0.844360
0.596555
0.786147
0.562240
0.955292
0.729718
0.624276
0.420705
0.191725
0.421756
0.453178
0.702289
0.455302
0.338345
0.597160
0.055866
0.184531
0.613643
0.342547
0.615043
0.848630
0.004418
0.388357
0.874241
0.554837
0.053513
0.537855
0.907471
0.203335
0.354244
0.675010
0.487530
0.326209
0.676825
0.908339
0.397737
0.447342
0.515243
0.586293
0.350035
0.625606
0.103528
0.924802
0.373560
0.812673
0.473317
0.383944
0.493729
0.484192
0.255177
0.702847
0.937501
0.918146
0.238936
0.010582
0.429146
0.238462
0.144199
0.109607
0.189574
0.060590
0.257267
0.061308
0.533869
0.358139
0.728912
0.062709
0.675687
0.133367
0.708309
0.693207
0.994235
0.390182
0.604479
0.154859
0.183013
0.015294
0.410579
0.300070
0.701692
0.257678
0.708467
0.321843
0.325807
0.463071
0.027313
0.974339
0.918068
0.178938
0.681625
0.051355
0.391417
0.982550
0.861600
0.574367
0.146009
0.344679
0.798779
0.265666
0.806007
0.376788
0.199711
0.542821
0.918836
0.062685
0.449025
0.567968
0.793302
0.579615
0.746458
0.674303
0.857455
0.764810
0.596879
0.111052
0.787003
0.200018
0.852216
0.075129
0.464312
0.690340
0.680250
0.245942
0.804403
0.729235
0.479153
0.148925
0.017799
0.683620
0.011065
0.704001
0.310613
0.860013
0.857163
0.965033
0.240277
0.083375
0.636954
0.302336
0.363467
0.194590
0.909797
0.847579
0.241986
0.598050
0.276520
0.425225
0.731979
0.143343
0.377490
0.361924
0.299579
0.005936
0.403547
0.342844
0.181792
0.495046
0.021907
0.757088
0.539602
0.011395
0.136596
0.272325
0.189958
0.797826
0.420037
0.476380
0.170018
0.005259
0.689996
0.449547
0.480756
0.792542
0.352581
0.730388
0.431591
0.285362
0.127726
0.346369
0.534296
0.873119
0.253579
0.937923
0.499587
0.800443
0.082312
0.980573
0.291525
0.088469
0.272497
0.909924
0.481462
0.483304
0.129707
0.623895
0.499226
0.733840
0.612799
0.079963
0.791202
0.140793
0.701661
0.273531
0.141189
0.570870
0.813847
0.279411
0.462030
0.305755
0.355787
0.225923
0.682368
0.463962
0.311836
0.102027
0.170683
0.985942
0.195138
0.195472
0.699519
0.701822
0.290779
0.277541
0.565563
0.871040
0.448377
0.168797
0.421041
0.498265
0.374875
0.052297
0.552457
0.956821
0.359553
0.034467
0.710584
0.086939
0.446601
0.712598
0.456412
0.871781
0.455814
0.184804
0.059256
0.733298
0.188500
0.692035
0.313684
0.422108
0.881135
0.431481
0.283431
0.302091
0.130241
0.274024
0.440153
0.634682
0.170622
0.975784
0.184540
0.800891
0.041852
0.986464
0.065559
0.100667
0.925847
0.104451
0.993898
0.450933
0.162921
0.237193
0.769976
0.051971
0.695532
0.335667
0.421063
0.243241
0.762525
0.179416
0.162868
0.494901
0.079293
0.923457
0.700071
0.988451
0.711633
0.726764
0.485280
0.574374
0.767322
0.886202
0.503929
0.820170
0.295974
0.029310
0.706538
0.359824
0.362951
0.118794
0.517988
0.784424
0.428020
0.298014
0.236372
0.303192
0.920146
0.887719
0.559688
0.382369
0.496821
0.328384
0.435487
0.092697
0.949544
0.587275
0.244197
0.897360
0.889667
0.793285
0.017204
0.287083
0.435414
0.217567
0.706200
0.415578
0.072025
0.041287
0.148804
0.440796
0.426731
0.336544
0.712455
0.850329
0.168620
0.696561
0.087529
0.443996
0.996439
0.539351
0.640630
0.594389
0.390183
0.563294
0.661536
0.120332
0.430224
0.988679
0.508384
0.912540
0.752759
0.136291
0.448069
0.681945
0.506216
0.935949
0.048193
0.572948
0.474541
0.633589
0.732707
0.368144
0.675829
0.438138
0.514141
0.295660
0.047386
0.202171
0.067950
0.314368
0.882623
0.885035
0.294505
0.078699
0.326626
0.547272
0.538438
0.204257
0.019712
0.281088
0.972414
0.084332
0.576888
0.422382
0.529484
0.369939
0.990941
0.649966
0.392483
0.253701
0.814408
0.934392
0.580528
0.100615
0.625198
0.213317
0.869702
0.895150
0.569461
0.740290
0.256849
0.947707
0.860287
0.418283
0.697351
0.995476
0.398570
0.367997
0.654010
0.621170
0.642752
0.175239
0.514162
0.853928
0.012498
0.579005
0.372301
0.217794
0.311930
0.049382
0.489985
0.696434
0.037612
0.682765
0.210033
0.369541
0.792455
0.026047
0.451613
0.231116
0.290067
0.217482
0.645374
0.564450
0.434433
0.984507
0.648901
0.079389
0.098105
0.319897
0.458924
0.348610
0.153899
0.257033
0.854118
0.825194
0.757093
0.548877
0.155208
0.196380
0.772190
0.611478
0.604216
0.122403
0.728548
0.794847
0.167919
0.715150
0.471391
0.985814
0.219546
0.933906
0.793217
0.404772
0.131457
0.871447
0.199026
0.991038
0.380204
0.141294
0.999322
0.422643
0.735117
0.071739
0.328716
0.606669
0.796867
0.195768
0.629301
0.066341
0.584252
0.973173
0.669904
0.567430
0.063718
0.673978
0.474415
0.459948
0.964755
0.258117
0.923965
0.322408
0.539806
0.543440
0.691646
0.300982
0.542257
0.400647
0.866072
0.483714
0.811964
0.282866
0.217420
0.199886
0.652331
0.403965
0.424668
0.716095
0.865717
0.653604
0.342160
0.523495
0.160532
0.799206
0.090876
0.576689
0.584771
0.445619
0.712111
0.428826
0.418102
0.002674
0.283869
0.347687
0.298296
0.993898
0.050314
0.019083
0.709937
0.115724
0.670779
0.362051
0.366429
0.989014
0.530902
0.292438
0.497101
0.602248
0.586575
0.488178
0.890681
0.506929
0.213935
0.550364
0.209775
0.560252
0.258647
0.580257
0.523743
0.695530
0.912742
0.337750
0.588841
0.456779
0.946606
0.031842
0.510378
0.382022
0.261058
0.658675
0.734634
0.986884
0.601028
0.848732
0.665788
0.745464
0.540576
0.384809
0.399097
0.618227
0.756149
0.612033
0.326926
0.244021
0.148276
0.940393
0.022566
0.702337
0.242841
0.293774
0.665387
0.284474
0.328089
0.410623
0.429485
0.994235
0.640198
0.166629
0.322750
0.338295
0.480973
0.996439
0.380432
0.120427
0.741870
0.664620
0.652461
0.616395
0.992369
0.424483
0.689085
0.711026
0.992369
0.390761
0.803693
0.450935
0.888285
0.901778
0.912544
0.215832
0.054225
0.816907
0.616030
0.570725
0.145309
0.152315
0.708543
0.689700
0.099980
0.732106
0.432678
0.600665
0.310835
0.740215
0.445353
0.303867
0.105077
0.939760
0.464720
0.116015
0.587283
0.527709
0.760773
0.757288
0.457025
0.697278
0.403689
0.731048
0.203553
0.667439
0.412545
0.990941
0.005487
0.135176
0.151692
0.227798
0.750589
0.063087
0.021559
0.507485
0.006570
0.261345
0.580298
0.243487
0.197812
0.642465
0.120643
0.090996
0.220600
0.772107
0.328729
0.128722
0.995476
0.696694
0.301790
0.376918
0.414137
0.252840
0.172940
0.286018
0.351097
0.805700
0.068864
0.355054
0.184752
0.284954
0.299850
0.391973
0.406131
0.327335
0.002947
0.504781
0.435285
0.232491
0.279170
0.137744
0.928038
0.002497
0.198627
0.627077
0.453883
0.648901
0.452238
0.694430
0.504828
0.298624
0.286070
0.877315
0.126819
0.318831
0.361117
0.778760
0.805648
0.626482
0.453094
0.110490
0.204252
0.568499
0.115345
0.163317
0.483996
0.897281
0.575066
0.157859
0.673902
0.722882
0.172429
0.485405
0.045736
0.966228
0.539021
0.704224
0.408631
0.424896
0.192278
0.731214
0.436023
0.999322
0.437381
0.473981
0.362009
0.622067
0.584944
0.988852
0.035189
0.715138
0.128666
0.875111
0.534886
0.660151
0.719449
0.947538
0.896886
0.748077
0.972535
0.546109
0.013556
0.682218
0.240869
0.899723
0.233024
0.244363
0.240091
0.781200
0.352442
0.367795
0.733483
0.290687
0.781938
0.696110
0.466919
0.534719
0.041644
0.964162
0.566411
0.400048
0.329374
0.323626
0.217760
0.423325
0.666475
0.986464
0.688266
0.410103
0.107327
0.710777
0.986464
0.539943
0.797606
0.753805
0.812828
0.605261
0.339058
0.054753
0.058187
0.034049
0.691036
0.670779
0.100072
0.626528
0.802538
0.542196
0.498190
0.995873
0.204474
0.882793
0.490601
0.131364
0.443017
0.370299
0.109327
0.208959
0.100321
0.426079
0.925733
0.884631
0.063281
0.385407
0.457734
0.576419
0.853909
0.120663
0.159735
0.724142
0.724344
0.445526
0.376565
0.734634
0.395015
0.663494
0.361745
0.825416
0.712651
0.108763
0.944523
0.746110
0.289937
0.557107
0.241796
0.525949
0.784325
0.129505
0.581086
0.509516
0.686718
0.260624
0.444261
0.631953
0.531666
0.719144
0.180247
0.706748
0.212963
0.748751
0.691649
0.921107
0.052300
0.696561
0.128644
0.695588
0.094987
0.303436
0.607967
0.161450
0.357758
0.415931
0.419034
0.432678
0.711026
0.156266
0.259197
0.083535
0.418214
0.529811
0.382456
0.129027
0.092274
0.763793
0.347948
0.622491
0.621419
0.669813
0.907471
0.249558
0.631783
0.626630
0.509259
0.551658
0.856944
0.270107
0.162457
0.892493
0.758621
0.506887
0.820339
0.680489
0.610181
0.126745
0.465414
0.698261
0.658210
0.503769
0.967449
0.324983
0.122487
0.309553
0.618283
0.129468
0.384444
0.328391
0.723432
0.169320
0.563758
0.747006
0.577428
0.077323
0.611374
0.430673
0.785068
0.271118
0.146606
0.544444
0.263362
0.284639
0.295563
0.142431
0.091125
0.700780
0.085211
0.104204
0.431012
0.430379
0.417677
0.995476
0.130250
0.726091
0.750971
0.613487
0.486714
0.300930
0.791982
0.191473
0.015353
0.015475
0.334169
0.615425
0.397731
0.632941
0.127179
0.595002
0.629583
0.627805
0.571740
0.568816
0.575424
0.686874
0.054575
0.625337
0.020432
0.049601
0.770786
0.103305
0.587504
0.208068
0.266784
0.488414
0.934428
0.272493
0.295857
0.804281
0.185060
0.415841
0.989984
0.441021
0.027410
0.341012
0.020112
0.386424
0.950848
0.172305
0.078603
0.445904
0.236150
0.533984
0.752016
0.424579
0.019747
0.833998
0.434935
0.706977
0.709875
0.482926
0.191421
0.065839
0.115038
0.686324
0.253818
0.957546
0.023086
0.410000
0.087927
0.988852
0.715138
0.335866
0.155196
0.954070
0.266505
0.497538
0.285634
0.694043
0.400111
0.480015
0.422909
0.926885
0.373240
0.314909
0.506275
0.312319
0.815318
0.719014
0.215457
0.189309
0.742499
0.538856
0.187635
0.466305
0.136144
0.932512
0.955538
0.019370
0.947603
0.969975
0.064063
0.509547
0.467429
0.372710
0.949176
0.241203
0.699670
0.020793
0.442464
0.391036
0.457327
0.166905
0.162395
0.172397
0.357191
0.128963
0.225429
0.212961
0.242280
0.132763
0.989014
0.060722
0.129858
0.980908
0.685601
0.219049
0.126251
0.481294
0.643159
0.813171
0.362582
0.004091
0.313794
0.650168
0.946111
0.100885
0.166666
0.162956
0.782947
0.588331
0.417005
0.459161
0.300370
0.252719
0.271647
0.986884
0.347773
0.314404
0.394021
0.147090
0.455758
0.206958
0.626549
0.650820
0.545497
0.267358
0.014673
0.779742
0.410177
0.328617
0.419646
0.724927
0.178585
0.714417
0.551976
0.806835
0.531511
0.863107
0.311809
0.377803
0.837499
0.400212
0.304053
0.994235
0.719144
0.052049
0.330356
0.334008
0.070148
0.774080
0.364298
0.007461
0.695588
0.996439
0.331001
0.237760
0.674626
0.415975
0.129694
0.040359
0.378610
0.682466
0.024808
0.211010
0.725940
0.717039
0.870509
0.373705
0.883442
0.009487
0.944638
0.685574
0.436864
0.120266
0.033954
0.919984
0.666989
0.893947
0.700095
0.320927
0.652471
0.064068
0.071284
0.405358
0.762173
0.082206
0.699940
0.809284
0.426048
0.717791
0.780493
0.555270
0.137990
0.363414
0.095322
0.399232
0.668656
0.817637
0.557333
0.093521
0.623339
0.379035
0.571173
0.253714
0.467814
0.479929
0.248644
0.127569
0.671141
0.399130
0.984941
0.309757
0.097069
0.742958
0.208029
0.943404
0.860121
0.503130
0.760589
0.819212
0.950902
0.218558
0.995476
0.698998
0.109482
0.467602
0.472755
0.699060
0.868961
0.279820
0.053316
0.623017
0.415894
0.088446
0.595349
0.785082
0.136787
0.587625
0.101978
0.665458
0.269725
0.350005
0.645385
0.412163
0.867249
0.425077
0.341851
0.781658
0.379953
0.550245
0.916515
0.519312
0.477618
0.337009
0.352198
0.813727
0.183572
0.973902
0.795560
0.548192
0.320644
0.675615
0.608348
0.063154
0.191038
0.989984
0.395726
0.039894
0.814704
0.904561
0.324547
0.049523
0.634836
0.537583
0.087734
0.273945
0.900522
0.871655
0.283101
0.497460
0.403777
0.758459
0.891954
0.392103
0.114608
0.439646
0.723491
0.471712
0.325881
0.003971
0.896214
0.913948
0.341153
0.988852
0.717391
0.369325
0.439658
0.024964
0.817511
0.247604
0.984350
0.470050
0.984350
0.236394
0.848162
0.843074
0.965160
0.391857
0.944627
0.008624
0.602578
0.091825
0.120906
0.262435
0.617953
0.791733
0.799695
0.886619
0.649274
0.396654
0.002570
0.277006
0.095881
0.185370
0.207125
0.587831
0.521334
0.733278
0.572752
0.293300
0.751348
0.745546
0.023479
0.986464
0.699268
0.058244
0.986464
0.587591
0.467130
0.558905
0.374027
0.315499
0.598182
0.369300
0.934886
0.102957
0.156412
0.841864
0.549368
0.227552
0.685104
0.088941
0.180269
0.300552
0.193856
0.053583
0.658953
0.985799
0.291269
0.671230
0.601478
0.471692
0.256811
0.833886
0.772923
0.397137
0.615007
0.258976
0.630272
0.620665
0.986884
0.152544
0.106055
0.135749
0.373275
0.986884
0.720588
0.077050
0.548711
0.370737
0.906972
0.543571
0.107449
0.027825
0.536641
0.529542
0.216004
0.377881
0.712809
0.326599
0.208320
0.237930
0.520208
0.447870
0.681280
0.530960
0.960421
0.153108
0.223009
0.128815
0.358229
0.919073
0.657137
0.320959
0.282483
0.055928
0.389248
0.242432
0.071574
0.184873
0.831372
0.115300
0.416963
0.429696
0.379607
0.673556
0.354337
0.483527
0.449104
0.062552
0.538596
0.679044
0.151064
0.481112
0.373757
0.551977
0.610399
0.544924
0.430192
0.595719
0.235679
0.799816
0.600961
0.093119
0.252331
0.036676
0.719145
0.911719
0.404854
0.391311
0.157529
0.717740
0.148023
0.061030
0.888524
0.750739
0.892570
0.124761
0.727996
0.838172
0.175917
0.042295
0.648013
0.456408
0.484664
0.333476
0.024760
0.718667
0.997855
0.192976
0.187498
0.575940
0.896660
0.240699
0.984941
0.146559
0.691684
0.302015
0.452596
0.157319
0.614695
0.843356
0.831148
0.438736
0.028391
0.695117
0.520331
0.276256
0.350169
0.111918
0.517946
0.518650
0.503285
0.546550
0.382682
0.223778
0.227260
0.899276
0.579064
0.905904
0.481381
0.885635
0.268937
0.018751
0.461491
0.508943
0.520633
0.625981
0.035704
0.755017
0.054809
0.861734
0.174478
0.888076
0.336522
0.616364
0.591890
0.804976
0.316988
0.817509
0.864461
0.360263
0.108487
0.619373
0.640968
0.729480
0.990535
0.142196
0.626674
0.703317
0.229074
0.576269
0.586720
0.075568
0.431011
0.867691
0.231633
0.211909
0.117971
0.012644
0.885187
0.633846
0.713315
0.523832
0.200463
0.159342
0.016370
0.443065
0.089953
0.446867
0.607385
0.718932
0.995597
0.713835
0.721712
0.638069
0.216594
0.377074
0.656773
0.615957
0.263653
0.396129
0.265083
0.009342
0.983313
0.658575
0.721948
0.157230
0.059514
0.457563
0.155493
0.542552
0.471998
0.935043
0.410980
0.308893
0.880646
0.769146
0.879941
0.802583
0.585072
0.509750
0.907743
0.270368
0.290797
0.973928
0.372624
0.809390
0.098258
0.225769
0.178554
0.273964
0.676782
0.985721
0.002113
0.611312
0.627960
0.542622
0.492287
0.503658
0.282291
0.323686
0.249498
0.884381
0.194258
0.266234
0.586255
0.906238
0.035148
0.406202
0.053795
0.045087
0.266569
0.399336
0.422430
0.457851
0.312075
0.393402
0.798093
0.382211
0.228842
0.529507
0.465623
0.391025
0.260458
0.345641
0.389394
0.212319
0.094690
0.785579
0.177692
0.291203
0.270060
0.897905
0.487329
0.481339
0.713874
0.686919
0.016537
0.986884
0.105632
0.633099
0.635705
0.570878
0.903078
0.624484
0.928092
0.953485
0.310968
0.521982
0.999441
0.008440
0.988319
0.734253
0.555731
0.425567
0.250757
0.507674
0.001159
0.478838
0.658103
0.784455
0.631557
0.411689
0.141694
0.879524
0.129416
0.288012
0.752479
0.255622
0.726133
0.908762
0.715123
0.746065
0.305561
0.722693
0.931748
0.535939
0.449746
0.459989
0.343271
0.686990
0.216173
0.277234
0.470194
0.770579
0.792580
0.718047
0.543705
0.344021
0.695805
0.994273
0.464972
0.358232
0.229835
0.720166
0.801034
0.369381
0.599618
0.941348
0.754458
0.018017
0.514351
0.726836
0.374082
0.105148
0.631670
0.486601
0.684164
0.467417
0.356436
0.879300
0.149945
0.247281
0.648798
0.269484
0.513610
0.051549
0.181967
0.784590
0.633982
0.912883
0.697184
0.707306
0.104166
0.186527
0.414638
0.888311
0.695894
0.660280
0.382449
0.114517
0.082352
0.970888
0.111190
0.745913
0.039651
0.755148
0.841790
0.501497
0.248989
0.529026
0.871615
0.077451
0.438106
0.402398
0.926826
0.348949
0.421913
0.079266
0.175764
0.005436
0.369859
0.951586
0.631498
0.096878
0.761416
0.116697
0.121081
0.108834
0.636322
0.090475
0.078528
0.804900
0.612493
0.467069
0.953145
0.878350
0.821155
0.516959
0.289555
0.877184
0.471319
0.303042
0.791460
0.829107
0.082152
0.523873
0.610329
0.400559
0.686885
0.267772
0.296364
0.916417
0.737321
0.344321
0.699088
0.268375
0.042335
0.123278
0.309608
0.008773
0.172380
0.986999
0.042557
0.105458
0.717328
0.582267
0.733628
0.999325
0.006006
0.641532
0.677902
0.321052
0.588769
0.192022
0.919310
0.381628
0.180061
0.289002
0.344361
0.146872
0.127104
0.817689
0.537748
0.791199
0.165499
0.554736
0.287157
0.266452
0.288889
0.130976
0.388327
0.695555
0.709750
0.329857
0.984350
0.321489
0.793670
0.936813
0.676493
0.902138
0.014624
0.662379
0.685628
0.073352
0.004260
0.169257
0.111309
0.703645
0.145327
0.285482
0.516605
0.332373
0.304308
0.364140
0.331206
0.844619
0.268704
0.270919
0.791287
0.533234
0.385587
0.222774
0.033490
0.479156
0.967901
0.719938
0.541250
0.500441
0.219782
0.044749
0.540036
0.624590
0.054588
0.212931
0.761913
0.151059
0.695543
0.681580
0.634897
0.437177
0.361722
0.849549
0.206441
0.091362
0.951453
0.902011
0.133415
0.990539
0.519757
0.529890
0.056445
0.868975
0.329040
0.668454
0.883778
0.640334
0.966616
0.902085
0.437798
0.071651
0.307363
0.437110
0.601462
0.392262
0.723994
0.308731
0.588817
0.400333
0.761425
0.454509
0.882769
0.623679
0.604395
0.256058
0.687744
0.452989
0.148691
0.178968
0.511519
0.053938
0.999322
0.007668
0.235962
0.701318
0.405055
0.381361
0.648930
0.961653
0.064549
0.757588
0.492584
0.434575
0.059522
0.831479
0.371819
0.458092
0.314041
0.594473
0.711741
0.857575
0.604730
0.699732
0.417914
0.335952
0.361522
0.738993
0.633867
0.308586
0.093968
0.223337
0.344052
0.003442
0.710185
0.148756
0.318479
0.114676
0.752449
0.195595
0.092190
0.304573
0.026145
0.851838
0.829558
0.156935
0.191000
0.531549
0.791404
0.000041
0.560827
0.055887
0.837857
0.919069
0.251963
0.224946
0.520445
0.780589
0.165331
0.435479
0.777625
0.865821
0.928065
0.005545
0.682707
0.350371
0.158893
0.008375
0.293638
0.229014
0.813580
0.528305
0.410877
0.862652
0.931118
0.285697
0.267717
0.335935
0.409399
0.417153
0.405632
0.173272
0.596371
0.696465
0.302513
0.819228
0.309707
0.946030
0.724102
0.054914
0.843912
0.140990
0.929165
0.215480
0.847728
0.568611
0.263301
0.243163
0.706099
0.733605
0.161092
0.160213
0.171592
0.905543
0.506987
0.547501
0.321762
0.267733
0.897852
0.604817
0.958664
0.164286
0.021382
0.023897
0.848851
0.679035
0.203594
0.917426
0.057728
0.301566
0.195944
0.036954
0.939027
0.936101
0.151046
0.385066
0.273239
0.542195
0.329873
0.722036
0.829705
0.925055
0.169110
0.508375
0.274393
0.140450
0.113261
0.870829
0.424477
0.526298
0.452270
0.573021
0.224073
0.511420
0.093804
0.540345
0.392061
0.432173
0.703868
0.293428
0.178803
0.069702
0.105725
0.231298
0.316802
0.073693
0.292939
0.854705
0.610618
0.291515
0.617067
0.746406
0.280471
0.312547
0.805646
0.427711
0.545331
0.351689
0.984350
0.235886
0.579262
0.552572
0.679240
0.199931
0.798976
0.299998
0.093600
0.833183
0.244084
0.221461
0.001286
0.151408
0.625270
0.087361
0.497050
0.277138
0.155166
0.019257
0.668677
0.210189
0.761725
0.284014
0.770142
0.911939
0.523668
0.990437
0.269007
0.045828
0.380609
0.506856
0.685676
0.245226
0.940933
0.736725
0.239873
0.602220
0.813258
0.042277
0.604771
0.427363
0.115189
0.685591
0.467261
0.532572
0.122288
0.371794
0.489614
0.883052
0.913430
0.650084
0.720900
0.676912
0.646076
0.422100
0.605858
0.722611
0.468224
0.024803
0.781834
0.643145
0.533404
0.436642
0.382195
0.203981
0.260809
0.210738
0.574302
0.794782
0.023517
0.516509
0.902834
0.229026
0.104945
0.837312
0.452911
0.836363
0.807828
0.144472
0.836910
0.507879
0.626078
0.533110
0.726944
0.478506
0.389135
0.426214
0.999441
0.706487
0.432972
0.718080
0.043835
0.390892
0.384715
0.743459
0.790055
0.853343
0.067605
0.208644
0.325726
0.865267
0.164962
0.889470
0.763506
0.812828
0.848548
0.029217
0.263270
0.650264
0.509368
0.257325
0.013277
0.992369
0.412860
0.992369
0.054646
0.889214
0.593829
0.394029
0.809911
0.125523
0.690186
0.275976
0.102481
0.147717
0.600922
0.180821
0.628145
0.299554
0.928811
0.633432
0.733747
0.082202
0.065034
0.866336
0.251860
0.080355
0.612377
0.384379
0.799471
0.388198
0.157322
0.521330
0.613206
0.708871
0.960617
0.302588
0.455575
0.897180
0.445006
0.442796
0.407156
0.997070
0.706062
0.668242
0.720897
0.285654
0.678067
0.557708
0.167355
0.959221
0.983781
0.017069
0.550152
0.436707
0.018733
0.117891
0.691369
0.991947
0.538182
0.191827
0.368897
0.237517
0.835175
0.437431
0.714132
0.527242
0.710540
0.392627
0.134981
0.013115
0.730645
0.852779
0.171129
0.726226
0.588896
0.643328
0.688355
0.750031
0.872856
0.483160
0.344918
0.914028
0.684785
0.811484
0.959410
0.117810
0.925683
0.235094
0.416886
0.455745
0.639960
0.766866
0.163297
0.914589
0.966345
0.829811
0.117341
0.433351
0.528024
0.079079
0.406452
0.452019
0.696018
0.936057
0.064300
0.372923
0.296168
0.703741
0.237167
0.739610
0.020377
0.513222
0.984233
0.511528
0.612293
0.769394
0.292149
0.421351
0.688896
0.460976
0.499427
0.872498
0.741390
0.276244
0.904877
0.728972
0.137760
0.881511
0.552361
0.963799
0.077969
0.043610
0.099202
0.246506
0.981066
0.439239
0.517002
0.178782
0.308030
0.531051
0.292967
0.029805
0.738534
0.950229
0.308045
0.462043
0.864470
0.914982
0.031587
0.592478
0.375270
0.449891
0.462979
0.505247
0.374029
0.028161
0.160354
0.456191
0.060155
0.072381
0.193617
0.158686
0.171794
0.463781
0.026871
0.368596
0.224258
0.128884
0.236162
0.883967
0.680943
0.058979
0.581395
0.916130
0.519209
0.544435
0.429728
0.681646
0.520884
0.604408
0.612948
0.101744
0.637798
0.804105
0.973107
0.504766
0.616073
0.727118
0.822980
0.519102
0.165087
0.519384
0.706416
0.465143
0.330766
0.213295
0.693217
0.995921
0.375451
0.404261
0.407613
0.605858
0.479958
0.575543
0.177378
0.391584
0.206130
0.347987
0.768452
0.131245
0.680449
0.176174
0.515833
0.854788
0.899495
0.137729
0.309497
0.092226
0.683794
0.193616
0.262542
0.977851
0.338669
0.219244
0.648412
0.386960
0.673543
0.663316
0.095808
0.121958
0.999441
0.698720
0.262194
0.158635
0.683722
0.237674
0.051612
0.353412
0.359469
0.471243
0.811937
0.401756
0.573570
0.691324
0.149568
0.835620
0.799050
0.417999
0.018398
0.065275
0.671622
0.048694
0.643317
0.828428
0.292022
0.693430
0.726530
0.054177
0.302465
0.026716
0.849235
0.210132
0.074235
0.340821
0.567801
0.095480
0.901323
0.800678
0.535003
0.868449
0.007156
0.491431
0.803081
0.795371
0.248516
0.263494
0.031518
0.683493
0.398191
0.333898
0.545518
0.175198
0.241451
0.863315
0.910007
0.109815
0.068450
0.535493
0.409363
0.495557
0.966877
0.562430
0.487612
0.695081
0.296207
0.861773
0.912010
0.162726
0.668242
0.397587
0.418840
0.735574
0.032901
0.263656
0.404700
0.652924
0.332011
0.478800
0.758368
0.703369
0.650771
0.192120
0.099400
0.574604
0.761150
0.272588
0.941641
0.319726
0.187326
0.360740
0.395037
0.265176
0.375108
0.993161
0.699622
0.323252
0.601635
0.604926
