#dev
0.010052
0.341074
0.417067
0.692625
0.421241
0.350970
0.118309
0.109626
0.383328
0.378526
0.315282
0.675878
0.010655
0.368334
0.389491
0.991561
0.366538
0.008002
0.419126
0.044349
0.991561
0.044294
0.991561
0.058043
0.375370
0.683592
0.387459
0.694362
0.084001
0.374021
0.362610
0.684013
0.040479
0.350289
0.391787
0.996119
0.073910
0.369995
0.090595
0.417309
0.139623
0.688531
0.090894
0.369643
0.996119
0.042078
0.678601
0.051253
0.054562
0.374579
0.996119
0.083856
0.363889
0.364141
0.370655
0.369287
0.682037
0.045804
0.360998
0.365996
0.055275
0.679425
0.996119
0.361068
0.996119
0.040352
0.678309
0.061512
0.389409
0.060389
0.371584
0.369743
0.682752
0.368267
0.366675
0.050467
0.679824
0.351332
0.354137
0.678947
0.041911
0.372853
0.999316
0.050878
0.368996
0.683594
0.019574
0.353648
0.071354
0.376919
0.688214
0.055821
0.387977
0.389664
0.392628
0.702550
0.999316
0.086026
0.999316
0.085332
0.696418
0.071837
0.377481
0.366287
0.379499
0.380262
0.688859
0.053455
0.685357
0.060169
0.372383
0.685185
0.055613
0.367098
0.999316
0.683480
0.685348
0.683045
0.370877
0.058755
0.686970
0.688620
0.057405
0.683093
0.358282
0.054960
0.372243
0.386876
0.691514
0.061206
0.369278
0.041905
0.678925
0.359394
0.364390
0.364697
0.996748
0.680013
0.046049
0.351147
0.681491
0.055844
0.685077
0.060403
0.995738
0.056630
0.684471
0.365335
0.675728
0.048926
0.991561
0.373646
0.381140
0.078443
0.074862
0.682011
0.367726
0.053618
0.679040
0.053660
0.995738
0.682181
0.044818
0.300961
0.995738
0.058721
0.377148
0.995738
0.057373
0.363711
0.995738
0.332960
0.050359
0.686650
0.067068
0.378097
0.062860
0.997608
0.684955
0.054046
0.678130
0.365425
0.366982
0.071896
0.067955
0.375253
0.373729
0.350251
0.997608
0.669167
0.046190
0.997608
0.044875
0.361653
0.375315
0.365617
0.052464
0.689267
0.047805
0.686020
0.372216
0.070832
0.999486
0.389105
0.080956
0.378130
0.352821
0.661113
0.367320
0.058976
0.683251
0.362796
0.359819
0.358567
0.349662
0.058303
0.692549
0.687559
0.062561
0.383101
0.695928
0.396824
0.100730
0.681287
0.039298
0.384303
0.365837
0.999641
0.368832
0.382358
0.074209
0.367203
0.336061
0.370812
0.116126
0.692311
0.122329
0.999641
0.134004
0.457338
0.368980
0.364688
0.367968
0.076227
0.130880
0.114133
0.999641
0.402363
0.695118
0.999641
0.695118
0.099041
0.676392
0.674164
0.368311
0.393943
0.667082
0.990608
0.679977
0.369181
0.990608
0.672445
0.087420
0.697066
0.395246
0.084720
0.991561
0.378904
0.363383
0.670155
0.370536
0.087609
0.140104
0.991561
0.121898
0.120752
0.676747
0.066066
0.406899
0.366554
0.049018
0.060613
0.299151
0.314866
0.074858
0.400094
0.432894
0.693313
0.038317
0.346727
0.366791
0.736688
0.084680
0.382145
0.380674
0.063816
0.688531
0.386598
0.691413
0.371798
0.674349
0.121741
0.364279
0.330566
0.996119
0.184575
0.119128
0.684513
0.996119
0.055179
0.369670
0.369503
0.683135
0.051018
0.366015
0.368241
0.377726
0.680612
0.366068
0.360487
0.361560
0.045248
0.679633
0.050404
0.399338
0.390287
0.379128
0.373218
0.683215
0.055916
0.680681
0.048347
0.365218
0.678088
0.678947
0.999316
0.063551
0.999316
0.062544
0.056746
0.367520
0.379457
0.371576
0.379542
0.999316
0.064568
0.137923
0.155157
0.399337
0.386207
0.399241
0.405608
0.121579
0.709603
0.072482
0.039917
0.379110
0.056791
0.685608
0.074008
0.699874
0.090477
0.706706
0.064941
0.687258
0.059468
0.685506
0.372591
0.053487
0.682465
0.049009
0.052434
0.686623
0.368037
0.373075
0.065291
0.375957
0.999483
0.059212
0.681667
0.370196
0.065345
0.403082
0.389127
0.999483
0.691514
0.372575
0.367690
0.362117
0.362031
0.362568
0.050558
0.363131
0.364365
0.039821
0.360965
0.683503
0.065570
0.995738
0.084657
0.686389
0.007737
0.672981
0.684471
0.363610
0.055187
0.373646
0.991561
0.361273
0.684641
0.060957
0.372696
0.688039
0.374456
0.373485
0.373494
0.058957
0.071831
0.009894
0.027645
0.682498
0.107062
0.383037
0.374949
0.995738
0.014110
0.010875
0.677969
0.049571
0.997608
0.686650
0.372149
0.057989
0.369620
0.371745
0.682767
0.050884
0.678598
0.359246
0.043054
0.384437
0.373925
0.369710
0.690492
0.350251
0.006414
0.997608
0.365991
0.045744
0.374235
0.997608
0.384808
0.078214
0.693334
0.072614
0.687168
0.376356
0.077809
0.693281
0.692933
0.090728
0.297688
0.084890
0.702617
0.408287
0.057980
0.681194
0.367100
0.364976
0.372153
0.389918
0.056695
0.070040
0.999641
0.062209
0.385253
0.999641
0.695928
0.702850
0.378611
0.037170
0.365809
0.347745
0.681723
0.356771
0.070852
0.999641
0.370807
0.310330
0.361428
0.366225
0.403356
0.126251
0.706659
0.695576
0.400467
0.089864
0.999641
0.686639
0.693399
0.698599
0.085310
0.710279
0.408520
0.391688
0.072013
0.096407
0.382681
0.372352
0.693594
0.686918
0.693594
0.065434
0.064152
0.054644
0.074325
0.066068
0.093021
0.988605
0.106655
0.667578
0.014163
0.686645
0.061241
0.670155
0.680266
0.991561
0.680266
0.377491
0.090573
0.380350
0.065778
0.305253
0.435656
0.079822
0.677312
0.089653
0.665945
0.670813
0.600908
0.617141
0.393542
0.119312
0.620319
0.114760
0.397560
0.441722
0.364824
0.112461
0.996119
0.035947
0.413746
0.091697
0.386577
0.023901
0.403328
0.691718
0.700702
0.128861
0.302949
0.695271
0.403376
0.692314
0.074407
0.370408
0.373901
0.368564
0.371839
0.996119
0.057070
0.372485
0.691082
0.996119
0.377726
0.376690
0.360357
0.361764
0.048877
0.364766
0.075053
0.083018
0.059044
0.070773
0.682795
0.373639
0.055606
0.680528
0.049135
0.363889
0.364713
0.368533
0.375028
0.999316
0.070414
0.999316
0.061622
0.367197
0.380988
0.377320
0.388692
0.375669
0.383756
0.418722
0.694094
0.391776
0.109236
0.472154
0.429929
0.424534
0.398818
0.999316
0.689007
0.084475
0.373282
0.999316
0.093742
0.999316
0.396979
0.402821
0.088983
0.691070
0.687258
0.686425
0.685506
0.685590
0.684000
0.682465
0.049836
0.684137
0.367684
0.064520
0.378591
0.068710
0.063045
0.999483
0.369366
0.370176
0.382966
0.078524
0.692050
0.076532
0.687648
0.381529
0.367711
0.999483
0.682784
0.682588
0.371115
0.053415
0.364520
0.360998
0.048848
0.686946
0.069043
0.090275
0.387821
0.415698
0.099900
0.995738
0.359143
0.369769
0.064737
0.063446
0.071098
0.062933
0.027091
0.009585
0.384182
0.691927
0.378446
0.379432
0.686557
0.381657
0.376511
0.050502
0.482112
0.150086
0.995738
0.393409
0.685769
0.377258
0.365240
0.365936
0.997608
0.679839
0.379750
0.065131
0.368944
0.054627
0.997608
0.367432
0.050342
0.359070
0.615659
0.363165
0.064602
0.380472
0.388252
0.383499
0.997608
0.333502
0.083175
0.683206
0.117400
0.049326
0.363190
0.688633
0.694994
0.088668
0.997608
0.068403
0.997608
0.067762
0.691771
0.388788
0.096311
0.029742
0.169387
0.401599
0.999120
0.409170
0.435293
0.371566
0.045703
0.999030
0.384187
0.373763
0.064284
0.999641
0.071736
0.079316
0.999641
0.068968
0.101033
0.098248
0.704710
0.051893
0.368504
0.295287
0.665131
0.610332
0.386470
0.076565
0.382561
0.366264
0.334798
0.058694
0.687995
0.121040
0.695576
0.095321
0.087198
0.316514
0.686639
0.075883
0.380083
0.064505
0.417104
0.085281
0.699604
0.092306
0.401647
0.600375
0.411883
0.102057
0.361441
0.999641
0.363480
0.991561
0.369194
0.371125
0.378096
0.403905
0.115634
0.110821
0.084742
0.678615
0.152784
0.384534
0.092546
0.348643
0.351143
0.680266
0.058479
0.991561
0.679373
0.689250
0.103937
0.332506
0.015970
0.372037
0.432122
0.066713
0.996119
0.270734
0.323182
0.088856
0.996119
0.027134
0.673306
0.328578
0.133019
0.679794
0.402818
0.021540
0.683058
0.033801
0.381081
0.386227
0.398815
0.388067
0.379973
0.016825
0.164689
0.617175
0.421035
0.033617
0.090004
0.087295
0.386071
0.372413
0.681099
0.996119
0.055665
0.371902
0.376517
0.996119
0.081510
0.691082
0.129322
0.119529
0.041632
0.052131
0.053139
0.374611
0.683250
0.741632
0.106388
0.996119
0.376584
0.056007
0.681641
0.677666
0.051547
0.366740
0.362907
0.069477
0.092711
0.393152
0.088752
0.389162
0.054720
0.374855
0.374116
0.375162
0.444183
0.376763
0.096178
0.628101
0.399663
0.409659
0.711563
0.156360
0.137002
0.411739
0.704294
0.387971
0.092692
0.381295
0.999316
0.048531
0.346938
0.407449
0.068331
0.685813
0.080281
0.694440
0.070347
0.063589
0.056933
0.056031
0.682465
0.364715
0.362720
0.363471
0.368386
0.043786
0.309429
0.687092
0.999483
0.056976
0.687992
0.999483
0.370497
0.386590
0.083673
0.384777
0.074518
0.695251
0.376771
0.373944
0.368517
0.056985
0.996748
0.686639
0.368380
0.056912
0.060353
0.688666
0.378317
0.039095
0.394209
0.371905
0.688653
0.065621
0.391221
0.376987
0.684282
0.378485
0.066368
0.995738
0.373146
0.065597
0.390499
0.431555
0.696547
0.380701
0.073281
0.070920
0.678609
0.109311
0.121207
0.408083
0.089391
0.088671
0.065131
0.068167
0.066213
0.685695
0.679839
0.378795
0.067260
0.997608
0.060319
0.370551
0.059152
0.063055
0.361668
0.311283
0.997608
0.300320
0.066189
0.686026
0.076671
0.383836
0.690492
0.142582
0.151841
0.407314
0.438552
0.137366
0.116056
0.694994
0.086737
0.072861
0.378843
0.682165
0.373785
0.374106
0.999486
0.389764
0.111629
0.407437
0.404031
0.403227
0.401689
0.293091
0.397027
0.377945
0.054432
0.684254
0.059925
0.683464
0.062823
0.383818
0.999641
0.695004
0.390126
0.683813
0.375194
0.100173
0.999641
0.077912
0.684596
0.691967
0.610332
0.078795
0.692463
0.999641
0.692463
0.365178
0.328230
0.454564
0.674526
0.687995
0.406802
0.352277
0.022858
0.999641
0.004523
0.390401
0.380046
0.365036
0.333608
0.434244
0.110635
0.387399
0.307186
0.747891
0.349501
0.009733
0.051543
0.058251
0.700935
0.686800
0.681264
0.370684
0.408036
0.425090
0.991561
0.082543
0.678615
0.428498
0.128569
0.700689
0.034768
0.025380
0.060741
0.070405
0.037854
0.079262
0.391130
0.399583
0.045937
0.991561
0.357779
0.096200
0.388957
0.331606
0.161271
0.128604
0.089076
0.384323
0.105472
0.287129
0.670107
0.314892
0.452117
0.381775
0.008068
0.359860
0.680202
0.677057
0.678885
0.683805
0.388136
0.996119
0.066276
0.364096
0.378761
0.197912
0.284768
0.353546
0.354398
0.371687
0.099435
0.091842
0.044048
0.050372
0.996119
0.062000
0.685838
0.385886
0.098525
0.400770
0.096645
0.688342
0.383368
0.680307
0.063759
0.376659
0.122758
0.722827
0.996119
0.419258
0.442680
0.111315
0.045940
0.685143
0.067272
0.364658
0.372841
0.698186
0.399365
0.697620
0.391212
0.057356
0.044039
0.363173
0.370552
0.388001
0.999316
0.130043
0.628101
0.999316
0.319497
0.084963
0.999316
0.711563
0.119410
0.699771
0.409251
0.096233
0.391498
0.400897
0.686989
0.056167
0.999316
0.043973
0.390448
0.999483
0.380141
0.692818
0.694440
0.691483
0.064706
0.999316
0.371347
0.055903
0.054893
0.057909
0.070503
0.023033
0.670340
0.058313
0.063034
0.052930
0.682718
0.369603
0.072770
0.372438
0.999483
0.085178
0.999483
0.373705
0.386411
0.381285
0.374777
0.079375
0.085398
0.083927
0.074772
0.687714
0.072828
0.995738
0.376780
0.672759
0.995738
0.050111
0.995738
0.688653
0.388256
0.066418
0.067801
0.686777
0.070450
0.684860
0.374622
0.071906
0.113484
0.407637
0.390539
0.995738
0.037195
0.039567
0.681259
0.081815
0.410779
0.105424
0.998173
0.695079
0.393954
0.693114
0.068713
0.373381
0.687565
0.377999
0.376751
0.374173
0.372313
0.061338
0.395186
0.997608
0.074846
0.694086
0.010189
0.172943
0.714818
0.066793
0.687757
0.381667
0.384410
0.104038
0.404846
0.394606
0.997608
0.409384
0.405692
0.142670
0.106628
0.382924
0.372004
0.358242
0.366377
0.999486
0.069029
0.089704
0.104346
0.396336
0.999486
0.407072
0.370882
0.294688
0.302671
0.375010
0.045889
0.362869
0.049652
0.999641
0.083865
0.383369
0.144222
0.125964
0.430514
0.370155
0.379698
0.088431
0.097005
0.120817
0.073770
0.095847
0.111681
0.390595
0.694830
0.389624
0.058357
0.999641
0.675397
0.641021
0.118666
0.334612
0.349178
0.425716
0.125523
0.627023
0.376678
0.381759
0.062056
0.999641
0.080400
0.711253
0.691994
0.101675
0.999641
0.706452
0.052388
0.079402
0.693135
0.394825
0.363364
0.354956
0.025659
0.050730
0.991561
0.688585
0.127837
0.096036
0.076057
0.428166
0.700689
0.991561
0.057453
0.682961
0.085745
0.372423
0.377571
0.383164
0.991561
0.077191
0.382462
0.042815
0.077786
0.419360
0.109450
0.146728
0.430824
0.098760
0.743442
0.096301
0.293533
0.012736
0.996119
0.670107
0.363265
0.486925
0.077647
0.429574
0.061264
0.053228
0.061691
0.072812
0.102256
0.057940
0.685817
0.071210
0.691545
0.000215
0.007657
0.674198
0.345456
0.387657
0.702623
0.679463
0.679540
0.686077
0.681972
0.071303
0.687434
0.079091
0.380630
0.682592
0.065438
0.996119
0.688342
0.374636
0.058265
0.366549
0.067094
0.487743
0.427800
0.178848
0.360355
0.403971
0.168983
0.399144
0.110501
0.092883
0.068890
0.082604
0.400028
0.401446
0.747693
0.086347
0.687906
0.055418
0.687998
0.124927
0.101026
0.375297
0.174714
0.016153
0.999316
0.101738
0.405948
0.416799
0.999316
0.397013
0.088488
0.999316
0.694166
0.400729
0.690782
0.702853
0.031995
0.999316
0.023557
0.380308
0.999483
0.085724
0.082960
0.069633
0.069601
0.078474
0.066354
0.380760
0.688683
0.381435
0.384547
0.081616
0.005346
0.687146
0.686152
0.999483
0.367763
0.369955
0.063561
0.386748
0.392189
0.690376
0.692472
0.375021
0.376590
0.081788
0.384394
0.393777
0.996748
0.402938
0.698289
0.385046
0.079529
0.080650
0.132243
0.081383
0.357196
0.995738
0.064225
0.391233
0.066692
0.995738
0.382446
0.075133
0.380409
0.378249
0.378521
0.381228
0.097424
0.396246
0.392552
0.690295
0.367032
0.297209
0.046015
0.414162
0.399251
0.389021
0.385905
0.407904
0.390089
0.624549
0.073019
0.374432
0.060192
0.056843
0.372448
0.369031
0.053326
0.378127
0.076783
0.105263
0.100841
0.688889
0.355557
0.030186
0.997608
0.008859
0.117959
0.318165
0.387080
0.394534
0.689012
0.059441
0.714168
0.374624
0.376409
0.375871
0.400775
0.046746
0.012490
0.028126
0.050321
0.374866
0.999486
0.092006
0.706769
0.103115
0.698523
0.084567
0.118285
0.176462
0.641918
0.402132
0.052111
0.999030
0.044115
0.060564
0.690923
0.690934
0.417433
0.999641
0.412949
0.055866
0.386995
0.384342
0.381555
0.100919
0.408241
0.385996
0.705738
0.704946
0.402899
0.081487
0.067796
0.043014
0.019156
0.136547
0.382344
0.060616
0.104711
0.421179
0.148549
0.374652
0.376326
0.370062
0.089597
0.087508
0.999641
0.407272
0.113973
0.109296
0.111781
0.137701
0.396343
0.089427
0.687712
0.382681
0.072020
0.344122
0.991561
0.028525
0.056089
0.100811
0.408139
0.697263
0.065402
0.991561
0.169166
0.700689
0.085160
0.991561
0.007785
0.671820
0.072145
0.695693
0.693440
0.695693
0.369710
0.678968
0.051784
0.349417
0.106655
0.996119
0.409162
0.744035
0.425627
0.123645
0.352363
0.355278
0.412736
0.363265
0.996119
0.721679
0.422722
0.067609
0.684139
0.677455
0.055608
0.368938
0.368362
0.375000
0.996119
0.381242
0.996119
0.060544
0.359655
0.027840
0.031720
0.079559
0.120337
0.116258
0.077642
0.070113
0.375375
0.074091
0.082927
0.063850
0.682592
0.996119
0.049925
0.688342
0.064589
0.070220
0.061657
0.063260
0.996119
0.080977
0.621444
0.074904
0.394456
0.689295
0.085512
0.042854
0.530672
0.397556
0.702691
0.698986
0.391616
0.387294
0.141784
0.711002
0.108690
0.687200
0.065149
0.695469
0.132055
0.127320
0.999316
0.166342
0.383533
0.404564
0.402394
0.089851
0.384640
0.693181
0.381879
0.077719
0.400146
0.410886
0.112515
0.124078
0.036208
0.666610
0.057899
0.385476
0.693810
0.696668
0.696439
0.076429
0.690713
0.383343
0.378321
0.372137
0.072721
0.999316
0.380843
0.083969
0.092918
0.375324
0.067406
0.686152
0.055899
0.048602
0.058217
0.404165
0.686402
0.082490
0.375021
0.999483
0.088787
0.425126
0.075366
0.095601
0.098937
0.400531
0.099783
0.092570
0.078483
0.995738
0.690419
0.054323
0.354463
0.371310
0.995738
0.375692
0.072247
0.687122
0.078862
0.995738
0.382391
0.068695
0.074858
0.696014
0.096770
0.385818
0.421978
0.079999
0.494136
0.350994
0.313070
0.064829
0.381901
0.379451
0.383486
0.438998
0.026924
0.998173
0.002465
0.065075
0.368968
0.997608
0.053419
0.682578
0.039968
0.381934
0.361241
0.098632
0.374326
0.683680
0.373818
0.078131
0.023597
0.412377
0.615697
0.411052
0.105209
0.388772
0.687845
0.373721
0.691094
0.369331
0.366076
0.363044
0.364503
0.363835
0.013461
0.681994
0.058861
0.380159
0.391554
0.399817
0.999486
0.112779
0.096040
0.999840
0.387618
0.022121
0.744031
0.032873
0.379281
0.049821
0.053886
0.668340
0.385664
0.999641
0.177886
0.436944
0.076768
0.999641
0.075614
0.668753
0.000422
0.374414
0.356828
0.410461
0.113478
0.094711
0.696018
0.699696
0.377417
0.372683
0.075217
0.395406
0.395364
0.696389
0.703050
0.704884
0.105545
0.387052
0.420580
0.088548
0.094880
0.701634
0.105800
0.127871
0.411276
0.705169
0.109386
0.698029
0.086853
0.075534
0.999641
0.687712
0.372644
0.349929
0.343390
0.679583
0.991561
0.068940
0.991561
0.378518
0.070047
0.064904
0.073066
0.091697
0.060493
0.000588
0.344612
0.367938
0.685455
0.065106
0.073516
0.369678
0.367590
0.069311
0.089547
0.296932
0.351510
0.081612
0.131047
0.722124
0.996119
0.095138
0.365340
0.365083
0.044615
0.091545
0.089694
0.424248
0.111362
0.152901
0.055769
0.674107
0.037960
0.361525
0.369199
0.307187
0.055706
0.079824
0.388382
0.071167
0.366858
0.670817
0.680275
0.996119
0.066933
0.407870
0.693990
0.389431
0.996119
0.685417
0.068126
0.996119
0.050915
0.682592
0.044310
0.373830
0.996119
0.383690
0.082909
0.394473
0.382671
0.314486
0.676738
0.006801
0.690156
0.379131
0.095083
0.999316
0.719938
0.530672
0.012517
0.073227
0.398498
0.441747
0.102122
0.401601
0.400112
0.085487
0.395962
0.701668
0.080875
0.144987
0.070370
0.267807
0.082592
0.143183
0.116444
0.695333
0.077636
0.376859
0.688126
0.375699
0.084091
0.405250
0.685221
0.330388
0.080200
0.070244
0.071746
0.390887
0.696668
0.392484
0.080285
0.999483
0.381503
0.690880
0.690310
0.687995
0.375369
0.379206
0.362768
0.027578
0.381377
0.079460
0.378101
0.372747
0.999483
0.685164
0.067939
0.707518
0.700945
0.102254
0.679367
0.061884
0.999483
0.326423
0.369081
0.687579
0.096496
0.390810
0.693990
0.695941
0.387279
0.078080
0.079230
0.021360
0.021863
0.372786
0.385031
0.069119
0.071992
0.384442
0.695649
0.385385
0.384681
0.073905
0.686511
0.389179
0.089262
0.370400
0.390891
0.414690
0.694087
0.238704
0.372691
0.048768
0.685351
0.379150
0.059623
0.064530
0.380657
0.314857
0.688460
0.065422
0.375136
0.062179
0.060444
0.687643
0.064930
0.374114
0.385199
0.689777
0.074788
0.691415
0.049487
0.689632
0.379798
0.113978
0.092356
0.366088
0.388292
0.384125
0.997608
0.055745
0.044773
0.997608
0.684622
0.682545
0.041460
0.676239
0.045865
0.377227
0.347208
0.059178
0.078090
0.423392
0.127443
0.999486
0.076871
0.697061
0.038529
0.710213
0.372205
0.442019
0.387250
0.086238
0.331693
0.060564
0.359261
0.002437
0.041393
0.448919
0.396448
0.698507
0.696959
0.369140
0.085879
0.690548
0.089134
0.999641
0.014355
0.370519
0.699696
0.066271
0.378253
0.692644
0.999641
0.692644
0.696655
0.097691
0.087640
0.106831
0.101813
0.094567
0.397840
0.709526
0.114537
0.999641
0.106682
0.705054
0.999641
0.409071
0.697383
0.391980
0.698029
0.061911
0.056819
0.060201
0.999641
0.356996
0.349117
0.354230
0.371359
0.683656
0.073522
0.072714
0.379922
0.081357
0.384058
0.377810
0.377644
0.347153
0.673445
0.351388
0.677863
0.387003
0.377943
0.058333
0.069414
0.687303
0.001391
0.312449
0.363395
0.374939
0.375340
0.128576
0.112309
0.054757
0.684124
0.368751
0.045348
0.355218
0.362385
0.996119
0.370203
0.006240
0.075599
0.670289
0.025754
0.358533
0.314098
0.347883
0.996119
0.345181
0.071531
0.688885
0.066397
0.360114
0.411948
0.680275
0.737251
0.680850
0.401211
0.067711
0.364197
0.686741
0.041827
0.358434
0.357302
0.051792
0.356301
0.061417
0.078980
0.996119
0.392600
0.087980
0.379367
0.071551
0.689304
0.689448
0.073183
0.666628
0.041684
0.088084
0.221272
0.075756
0.092984
0.999316
0.068235
0.112201
0.999316
0.114331
0.407047
0.404194
0.404802
0.999316
0.701668
0.046414
0.434016
0.358398
0.398032
0.322591
0.290850
0.018023
0.697308
0.072686
0.076473
0.687894
0.093518
0.999316
0.698541
0.041155
0.691829
0.056669
0.692799
0.692617
0.081857
0.391064
0.387428
0.075689
0.999483
0.381914
0.376837
0.050778
0.031594
0.055646
0.375473
0.029997
0.999483
0.067990
0.348236
0.045014
0.685164
0.370557
0.074730
0.091160
0.099631
0.332266
0.075356
0.043603
0.016128
0.737340
0.324453
0.126630
0.296435
0.082360
0.996748
0.391435
0.695754
0.074953
0.381905
0.065346
0.374682
0.353297
0.380977
0.372750
0.352073
0.010502
0.653053
0.102017
0.400154
0.063261
0.995738
0.387556
0.052823
0.351941
0.341968
0.349728
0.429658
0.690641
0.745738
0.058300
0.062899
0.076168
0.998173
0.691080
0.373688
0.380150
0.998173
0.073076
0.997608
0.690102
0.083343
0.692907
0.059605
0.066673
0.997608
0.373788
0.691147
0.379246
0.384724
0.997608
0.406253
0.112013
0.689662
0.064908
0.365351
0.378605
0.687845
0.691951
0.377481
0.379672
0.068684
0.058606
0.366747
0.040495
0.370479
0.359063
0.359201
0.064390
0.688305
0.093467
0.999486
0.141454
0.092651
0.359178
0.381592
0.397176
0.119719
0.689374
0.385573
0.011320
0.366560
0.374006
0.076652
0.065397
0.380497
0.397213
0.385695
0.388602
0.067783
0.114291
0.086942
0.694038
0.096290
0.314327
0.102466
0.999641
0.370519
0.368716
0.368944
0.060965
0.072994
0.079765
0.089388
0.376009
0.372459
0.058797
0.999641
0.112387
0.107771
0.699252
0.114418
0.094280
0.999641
0.105216
0.408030
0.402911
0.383610
0.692276
0.062076
0.375886
0.685165
0.686905
0.062997
0.357214
0.048902
0.055486
0.061202
0.377012
0.377746
0.991561
0.068346
0.991561
0.070488
0.067511
0.043662
0.680961
0.051145
0.685767
0.064642
0.381223
0.390242
0.377444
0.071398
0.688426
0.049314
0.075500
0.399635
0.386035
0.334255
0.367580
0.686430
0.684124
0.996119
0.369423
0.045217
0.679629
0.033743
0.052717
0.692197
0.685142
0.058611
0.996119
0.028820
0.374564
0.361309
0.996119
0.039145
0.066920
0.383112
0.690016
0.070128
0.420492
0.678726
0.129939
0.278038
0.111601
0.691275
0.081122
0.346427
0.674900
0.050829
0.358826
0.363874
0.679108
0.051422
0.364419
0.996119
0.389262
0.066125
0.365386
0.060390
0.376909
0.370067
0.377801
0.415776
0.383811
0.368515
0.687422
0.372252
0.095518
0.393148
0.356185
0.408511
0.378055
0.087030
0.048300
0.408098
0.403592
0.999316
0.107074
0.110518
0.403290
0.036758
0.103251
0.040192
0.999316
0.613398
0.594964
0.011440
0.401137
0.695683
0.695477
0.106450
0.410441
0.072871
0.999316
0.678229
0.067169
0.687825
0.382078
0.384533
0.387904
0.077452
0.690989
0.057461
0.062127
0.050807
0.671474
0.685327
0.999483
0.074387
0.071596
0.375378
0.674066
0.675855
0.687179
0.045814
0.064396
0.697681
0.407192
0.387661
0.107497
0.701768
0.171014
0.713624
0.073491
0.690678
0.084487
0.110571
0.283576
0.103272
0.391655
0.397298
0.381199
0.078260
0.380925
0.385027
0.059615
0.053948
0.336207
0.278274
0.320715
0.995738
0.653053
0.704420
0.692928
0.049310
0.350107
0.052959
0.348420
0.324964
0.677920
0.999169
0.357766
0.069521
0.031167
0.373236
0.383130
0.384272
0.067036
0.375423
0.369129
0.067603
0.694459
0.690102
0.089657
0.078700
0.997608
0.065914
0.356154
0.045820
0.077230
0.997608
0.080046
0.392725
0.098704
0.682703
0.039835
0.997608
0.025886
0.354332
0.997608
0.378605
0.385553
0.390700
0.385316
0.379810
0.067324
0.683247
0.050297
0.683625
0.053651
0.365563
0.046566
0.999486
0.688305
0.405194
0.402905
0.370470
0.696644
0.705931
0.999840
0.705931
0.402039
0.377229
0.382529
0.070397
0.070333
0.688671
0.999641
0.064672
0.076264
0.071171
0.690140
0.382508
0.069916
0.694038
0.687077
0.017584
0.676160
0.020038
0.360723
0.082722
0.738530
0.344584
0.615477
0.390335
0.378126
0.381134
0.054255
0.688459
0.370888
0.078341
0.408688
0.117220
0.702259
0.691641
0.693935
0.700288
0.082098
0.093435
0.097601
0.698997
0.695289
0.369551
0.063773
0.372023
0.999641
0.373222
0.365336
0.683440
0.684250
0.991561
0.376793
0.991561
0.377746
0.071301
0.069697
0.368279
0.672625
0.363222
0.369661
0.996010
0.061366
0.993915
0.683712
0.362064
0.375512
0.073136
0.381672
0.084480
0.686354
0.098704
0.369008
0.053713
0.364512
0.369615
0.375505
0.369423
0.689115
0.052077
0.996119
0.362144
0.692197
0.996119
0.090307
0.405690
0.053663
0.044887
0.112503
0.336427
0.049699
0.996119
0.377373
0.069294
0.381419
0.373903
0.684343
0.111063
0.377691
0.358810
0.088813
0.996119
0.093794
0.684532
0.112303
0.082173
0.410121
0.058440
0.355169
0.996119
0.351950
0.364419
0.079091
0.056870
0.301122
0.679240
0.016896
0.077283
0.186867
0.439628
0.399570
0.388226
0.382577
0.355602
0.369314
0.685167
0.386353
0.038390
0.675760
0.999316
0.675760
0.083008
0.395707
0.396647
0.090604
0.999316
0.370591
0.353809
0.093907
0.136597
0.613398
0.341860
0.307928
0.104482
0.999316
0.099939
0.695683
0.698117
0.125337
0.126450
0.074426
0.093656
0.079928
0.688762
0.085569
0.383598
0.073569
0.073944
0.381948
0.068236
0.999483
0.681872
0.363508
0.342942
0.366991
0.084341
0.088287
0.091107
0.086507
0.057186
0.999483
0.687179
0.381308
0.079378
0.382890
0.063341
0.388610
0.437201
0.341279
0.999483
0.713624
0.685461
0.078747
0.996748
0.046222
0.675477
0.119063
0.438600
0.380321
0.379884
0.381356
0.076082
0.995738
0.688142
0.008879
0.315796
0.283042
0.336631
0.304126
0.025973
0.022898
0.365239
0.356603
0.034900
0.995738
0.019179
0.034928
0.100870
0.681457
0.349704
0.059777
0.373826
0.380591
0.075925
0.365682
0.368939
0.995738
0.056551
0.097064
0.398390
0.068394
0.379914
0.064424
0.363066
0.358464
0.369863
0.703265
0.392939
0.390621
0.690060
0.682703
0.667737
0.033170
0.032674
0.346023
0.358395
0.684263
0.376484
0.069468
0.067406
0.060862
0.368600
0.054813
0.679750
0.052879
0.997608
0.050202
0.356248
0.055074
0.068401
0.054642
0.196752
0.127122
0.386955
0.345811
0.092496
0.098618
0.405047
0.382239
0.376263
0.072237
0.089276
0.693083
0.076310
0.381236
0.074261
0.379279
0.999641
0.382176
0.384849
0.069297
0.071187
0.690797
0.048321
0.686038
0.362748
0.372596
0.680369
0.070925
0.019407
0.140158
0.488325
0.377399
0.065254
0.379042
0.375065
0.687742
0.097114
0.420467
0.365255
0.036311
0.076467
0.379678
0.693935
0.076045
0.698978
0.698997
0.999641
0.095932
0.093072
0.080324
0.067566
0.077296
0.437894
0.684252
0.376167
0.074795
0.069914
0.064303
0.074879
0.079054
0.377008
0.682168
0.052828
0.045452
0.362806
0.684800
0.683403
0.064362
0.371453
0.058638
0.037680
0.369880
0.373364
0.688221
0.066585
0.074739
0.082391
0.390134
0.686323
0.405651
0.369839
0.384758
0.077300
0.375458
0.996119
0.366778
0.047973
0.382524
0.397795
0.686666
0.381301
0.382413
0.099112
0.360394
0.377643
0.679317
0.687381
0.057856
0.376891
0.377630
0.369831
0.057529
0.996119
0.684391
0.131331
0.128988
0.691275
0.063906
0.437991
0.996119
0.090704
0.098120
0.679528
0.996119
0.035359
0.683587
0.062534
0.047653
0.678226
0.017477
0.029821
0.394280
0.996119
0.063651
0.396282
0.706266
0.103465
0.057303
0.679201
0.367693
0.396453
0.685687
0.090196
0.054380
0.362686
0.059473
0.090329
0.387501
0.382117
0.999316
0.070894
0.357370
0.336698
0.028945
0.292305
0.213574
0.112582
0.423606
0.731143
0.046717
0.086997
0.081653
0.709276
0.691780
0.072155
0.391443
0.393467
0.391240
0.085431
0.692458
0.075399
0.682326
0.366425
0.073718
0.387997
0.366907
0.040499
0.013517
0.070689
0.694753
0.702264
0.086129
0.389634
0.694906
0.999483
0.077916
0.380497
0.080712
0.999483
0.069863
0.385576
0.066029
0.307759
0.735112
0.713624
0.421090
0.395389
0.678392
0.387551
0.097058
0.996748
0.370636
0.383797
0.374105
0.378297
0.377984
0.073994
0.088338
0.039729
0.322716
0.368172
0.609185
0.369817
0.401823
0.391279
0.286475
0.042003
0.995738
0.036944
0.059935
0.387936
0.085817
0.999169
0.745704
0.113416
0.739442
0.058509
0.684183
0.995738
0.301944
0.340576
0.120045
0.091850
0.701540
0.684996
0.376822
0.690874
0.059435
0.370932
0.360508
0.347654
0.073183
0.401447
0.095370
0.022429
0.360188
0.997608
0.029558
0.997608
0.675859
0.675953
0.041028
0.049901
0.047781
0.675722
0.355661
0.036737
0.356830
0.676751
0.046400
0.051215
0.361723
0.372326
0.998025
0.109969
0.116674
0.706970
0.385383
0.375802
0.381046
0.999840
0.084703
0.999840
0.382179
0.374972
0.373821
0.069694
0.071531
0.999641
0.691873
0.079677
0.383171
0.380297
0.382276
0.388592
0.082030
0.690797
0.999641
0.377194
0.999641
0.686038
0.686229
0.062091
0.076963
0.683234
0.710738
0.347363
0.126140
0.380554
0.365030
0.687742
0.364003
0.617446
0.070055
0.309851
0.346404
0.999641
0.108989
0.297285
0.403400
0.087260
0.106798
0.102757
0.407892
0.999641
0.392189
0.125989
0.999641
0.714463
0.677146
0.065440
0.991561
0.378588
0.372544
0.373271
0.058540
0.219154
0.993915
0.684522
0.364737
0.372043
0.070562
0.686895
0.066229
0.367485
0.680452
0.044232
0.053780
0.359453
0.683680
0.071215
0.693806
0.996119
0.106421
0.094342
0.383650
0.086624
0.066854
0.688310
0.683523
0.683268
0.054702
0.362473
0.058715
0.390556
0.996119
0.364932
0.018243
0.403434
0.693363
0.996119
0.059170
0.075410
0.050982
0.060309
0.996119
0.686129
0.061881
0.130494
0.131698
0.996119
0.408322
0.025836
0.311342
0.317804
0.178318
0.327909
0.685784
0.372814
0.059597
0.048101
0.686800
0.374833
0.057577
0.687048
0.050733
0.689907
0.689520
0.096551
0.092237
0.393205
0.697693
0.069074
0.348344
0.365131
0.999316
0.368213
0.695850
0.690731
0.705370
0.386665
0.383307
0.696413
0.080638
0.375229
0.375619
0.364222
0.357740
0.350757
0.032383
0.159339
0.699687
0.393856
0.132888
0.038302
0.675846
0.311153
0.061912
0.362484
0.024234
0.384964
0.695627
0.999316
0.085469
0.999483
0.386029
0.063449
0.682263
0.044716
0.999483
0.371872
0.383476
0.687736
0.667433
0.414191
0.069522
0.071633
0.999483
0.067397
0.079143
0.391682
0.387508
0.999483
0.382533
0.385399
0.379391
0.066570
0.063176
0.999483
0.023526
0.435176
0.419961
0.424965
0.100561
0.038788
0.671314
0.370636
0.996748
0.378573
0.431449
0.067988
0.995738
0.376350
0.689950
0.396333
0.060450
0.288761
0.668373
0.609185
0.100038
0.303546
0.030927
0.682146
0.052584
0.067339
0.384569
0.307212
0.282871
0.045951
0.104546
0.103318
0.631852
0.164357
0.055508
0.061545
0.381774
0.004937
0.698469
0.084396
0.107156
0.097423
0.387314
0.383028
0.376294
0.369077
0.684483
0.039086
0.669026
0.073712
0.393980
0.997608
0.016551
0.361180
0.063316
0.359809
0.043067
0.038161
0.041674
0.678431
0.036484
0.674767
0.351065
0.025075
0.353534
0.676861
0.041123
0.363095
0.365534
0.384639
0.688657
0.094282
0.678296
0.431604
0.380133
0.410515
0.390472
0.390660
0.693459
0.382533
0.691266
0.376872
0.686169
0.063421
0.366780
0.387057
0.389331
0.692948
0.999641
0.692948
0.385606
0.390016
0.088279
0.104591
0.061443
0.094704
0.053937
0.686229
0.071724
0.363572
0.063182
0.687650
0.082366
0.328680
0.003987
0.365400
0.356229
0.348488
0.679250
0.412348
0.309389
0.384428
0.392009
0.076509
0.017000
0.074167
0.291734
0.999641
0.382326
0.110040
0.999641
0.407892
0.406899
0.343110
0.145786
0.492078
0.367084
0.381233
0.378588
0.365513
0.684492
0.673575
0.528547
0.991561
0.219154
0.045364
0.060773
0.695887
0.382295
0.079247
0.687054
0.682547
0.686366
0.051759
0.354389
0.372671
0.996119
0.108737
0.687162
0.004842
0.125850
0.087525
0.395447
0.081494
0.060779
0.069182
0.058138
0.052761
0.053119
0.053864
0.381238
0.068333
0.052318
0.996119
0.042707
0.440411
0.083798
0.066594
0.403930
0.712653
0.092404
0.686250
0.057837
0.684444
0.683725
0.687428
0.693496
0.426270
0.385590
0.039821
0.300066
0.235923
0.310250
0.090947
0.065419
0.049790
0.104945
0.387825
0.996119
0.378644
0.688522
0.068521
0.381818
0.373517
0.317568
0.348289
0.380499
0.195138
0.116926
0.373697
0.287526
0.663639
0.286089
0.385211
0.366468
0.126024
0.695249
0.696381
0.999316
0.393466
0.094339
0.999316
0.372886
0.042552
0.682251
0.049883
0.686606
0.999316
0.102287
0.694135
0.389026
0.369564
0.999316
0.361626
0.999316
0.305364
0.090213
0.393929
0.089094
0.082299
0.386790
0.694036
0.692965
0.064905
0.687205
0.368049
0.361872
0.064270
0.381746
0.347808
0.342347
0.055036
0.371379
0.375846
0.378710
0.058497
0.375140
0.073405
0.069532
0.382533
0.999483
0.379710
0.690537
0.688173
0.409423
0.044160
0.076806
0.328166
0.086350
0.018664
0.999483
0.178645
0.037399
0.043626
0.056551
0.094949
0.377706
0.686985
0.376286
0.683686
0.045134
0.373973
0.069949
0.343756
0.676321
0.056897
0.736843
0.047920
0.362853
0.355548
0.060047
0.684378
0.076201
0.662286
0.995738
0.038242
0.349647
0.338042
0.734223
0.028565
0.718383
0.079089
0.071078
0.997608
0.081864
0.386419
0.997608
0.089617
0.386220
0.382009
0.376860
0.370895
0.683864
0.055352
0.035948
0.696240
0.682622
0.695348
0.086042
0.684000
0.997608
0.052065
0.997608
0.364204
0.042866
0.997608
0.033768
0.997608
0.352075
0.028015
0.356534
0.997608
0.359402
0.362040
0.049152
0.683248
0.091378
0.669317
0.367643
0.051095
0.999486
0.384622
0.390439
0.089529
0.111774
0.384531
0.999840
0.690912
0.073764
0.063274
0.389306
0.690274
0.089492
0.102949
0.089696
0.081416
0.697605
0.693848
0.113496
0.381365
0.710074
0.376928
0.097577
0.375015
0.062016
0.687568
0.051527
0.363773
0.999641
0.676284
0.673078
0.055271
0.367619
0.357409
0.448882
0.707475
0.441571
0.387631
0.056877
0.396078
0.999641
0.700896
0.026525
0.087829
0.999641
0.699840
0.412236
0.124573
0.137000
0.412412
0.042981
0.024369
0.369481
0.362671
0.053695
0.991561
0.046770
0.081113
0.364355
0.216644
0.432032
0.088013
0.399933
0.694202
0.996010
0.088445
0.080586
0.080072
0.373221
0.381443
0.996119
0.062985
0.362695
0.090022
0.006425
0.345622
0.996119
0.736513
0.077370
0.996119
0.068064
0.680207
0.679837
0.364016
0.366161
0.369557
0.691327
0.683505
0.996119
0.050900
0.057667
0.265217
0.131465
0.709059
0.096818
0.996119
0.135068
0.066061
0.379376
0.061696
0.068781
0.080279
0.704284
0.079982
0.392211
0.092842
0.355911
0.377151
0.289498
0.368075
0.358620
0.736872
0.399360
0.385390
0.076330
0.070603
0.379747
0.691541
0.077098
0.308520
0.672896
0.384740
0.392891
0.999316
0.081580
0.364456
0.364788
0.287539
0.052682
0.040284
0.107828
0.158552
0.079998
0.392452
0.397015
0.697344
0.094534
0.073114
0.686420
0.367738
0.365954
0.069099
0.372300
0.379224
0.061038
0.069014
0.693033
0.999316
0.060585
0.070014
0.062930
0.690506
0.079283
0.391467
0.318308
0.693307
0.378965
0.382687
0.384458
0.070505
0.689388
0.378371
0.359726
0.386780
0.070070
0.059745
0.068695
0.380139
0.377724
0.063473
0.066954
0.059060
0.686001
0.689955
0.059822
0.374521
0.054502
0.055504
0.057444
0.017130
0.414936
0.350696
0.272804
0.034427
0.601520
0.664099
0.037002
0.378431
0.373293
0.363117
0.374058
0.373888
0.996748
0.065917
0.372273
0.041647
0.336886
0.321891
0.023322
0.353857
0.995738
0.364739
0.079983
0.423490
0.367030
0.376185
0.031211
0.680750
0.054901
0.073963
0.050196
0.380306
0.022044
0.995738
0.402512
0.345720
0.371269
0.386067
0.379949
0.382979
0.379757
0.382485
0.078158
0.077816
0.691031
0.689950
0.369621
0.683864
0.678699
0.370821
0.059586
0.047346
0.002752
0.025058
0.393458
0.375656
0.369142
0.683905
0.051133
0.048124
0.679853
0.040928
0.356977
0.032384
0.033618
0.997608
0.040108
0.359402
0.365790
0.682519
0.052282
0.056535
0.372867
0.069243
0.353429
0.379630
0.123789
0.415325
0.679492
0.697367
0.104251
0.387704
0.690912
0.379973
0.071869
0.702404
0.694136
0.685932
0.103458
0.999641
0.407243
0.696503
0.388449
0.999641
0.088691
0.333999
0.684889
0.688246
0.373300
0.382519
0.071139
0.690640
0.066260
0.689165
0.676284
0.054828
0.688424
0.388242
0.373809
0.073741
0.408294
0.694947
0.103311
0.999641
0.399596
0.101860
0.390850
0.744242
0.074873
0.411429
0.410090
0.106088
0.129845
0.123082
0.363266
0.999641
0.677279
0.338229
0.371516
0.366876
0.991561
0.050400
0.042134
0.675344
0.100646
0.367425
0.043166
0.380227
0.397898
0.091942
0.694202
0.697613
0.694446
0.078380
0.694406
0.683971
0.368026
0.675133
0.996119
0.342601
0.025532
0.316483
0.736513
0.340552
0.083051
0.689605
0.073308
0.064833
0.079694
0.369890
0.348916
0.365510
0.057079
0.071902
0.683505
0.056751
0.314454
0.678058
0.315582
0.390842
0.421745
0.102204
0.129894
0.060530
0.690796
0.684016
0.686064
0.996119
0.072695
0.378545
0.375107
0.022020
0.428944
0.118762
0.133577
0.363731
0.334574
0.065820
0.391466
0.373991
0.370564
0.684894
0.080765
0.675778
0.008868
0.081728
0.306476
0.387302
0.378727
0.391684
0.689760
0.392861
0.051704
0.684410
0.044305
0.364797
0.364532
0.999316
0.053406
0.062962
0.072762
0.083837
0.385691
0.079188
0.368606
0.683893
0.368782
0.068235
0.388560
0.999316
0.062231
0.690421
0.379903
0.693033
0.073949
0.687076
0.431652
0.689390
0.082998
0.000537
0.676173
0.065179
0.375806
0.999483
0.070882
0.069825
0.688655
0.380108
0.074657
0.388795
0.082524
0.999483
0.692254
0.690560
0.689145
0.688908
0.689781
0.067182
0.375963
0.999483
0.075980
0.999483
0.683588
0.368752
0.370697
0.072838
0.006242
0.094659
0.057491
0.109319
0.330742
0.999483
0.661365
0.372259
0.394116
0.064870
0.996748
0.387327
0.067785
0.064624
0.055738
0.356422
0.340592
0.082588
0.007754
0.682230
0.042276
0.995738
0.684156
0.691316
0.680282
0.368396
0.072985
0.995738
0.038549
0.429641
0.696072
0.086862
0.101352
0.103815
0.046964
0.682128
0.995738
0.061607
0.373438
0.373477
0.687445
0.687477
0.688857
0.688409
0.076870
0.065557
0.997608
0.050712
0.684565
0.997608
0.062576
0.997608
0.047096
0.367908
0.043416
0.056219
0.056162
0.684188
0.053098
0.363944
0.997608
0.361305
0.359000
0.039225
0.680770
0.041116
0.048669
0.048323
0.368024
0.683784
0.055686
0.060514
0.998025
0.067805
0.364555
0.373911
0.311110
0.015217
0.999486
0.376458
0.140614
0.126587
0.069022
0.068373
0.068432
0.088290
0.392183
0.437725
0.745285
0.148774
0.094483
0.063067
0.103159
0.117746
0.302167
0.409830
0.101392
0.688052
0.999641
0.688052
0.067424
0.379771
0.376564
0.060840
0.689165
0.077950
0.083333
0.401397
0.075204
0.133587
0.999641
0.397595
0.394729
0.095970
0.099205
0.102564
0.386961
0.689595
0.082936
0.709891
0.690595
0.699766
0.999641
0.699766
0.402456
0.357246
0.671058
0.366955
0.682339
0.002670
0.119531
0.350956
0.699137
0.381159
0.649146
0.041391
0.034841
0.372970
0.380753
0.381824
0.078992
0.077445
0.076146
0.079336
0.357569
0.394413
0.386534
0.317398
0.342601
0.719827
0.031356
0.290509
0.395172
0.005600
0.370796
0.082260
0.390102
0.397888
0.100921
0.375657
0.677065
0.679260
0.682888
0.996119
0.068200
0.060346
0.684103
0.047813
0.381856
0.688293
0.089576
0.372615
0.370741
0.494806
0.149993
0.088577
0.064820
0.061529
0.996119
0.377033
0.047743
0.376080
0.037934
0.392404
0.339003
0.354576
0.377128
0.393800
0.055574
0.388190
0.431582
0.703597
0.068935
0.689116
0.056077
0.698479
0.087182
0.383329
0.377631
0.377842
0.329346
0.683359
0.085696
0.999316
0.051818
0.365520
0.363218
0.363390
0.371174
0.374224
0.376741
0.377628
0.374442
0.369052
0.368141
0.683130
0.369104
0.062111
0.075394
0.040407
0.065400
0.060779
0.064507
0.064755
0.062959
0.434849
0.710503
0.371790
0.354025
0.694736
0.013323
0.686084
0.687620
0.378280
0.999483
0.066549
0.687786
0.378309
0.381527
0.079792
0.999483
0.081837
0.383446
0.073196
0.073376
0.073656
0.077198
0.037666
0.072479
0.380474
0.072205
0.046002
0.381249
0.355467
0.686137
0.999483
0.388124
0.380091
0.419231
0.102831
0.033497
0.029701
0.070928
0.379148
0.421820
0.106629
0.136897
0.393678
0.996748
0.074583
0.054279
0.680128
0.031806
0.682808
0.430332
0.352029
0.042234
0.054359
0.074790
0.367395
0.361344
0.356731
0.056602
0.429716
0.131004
0.696072
0.215473
0.340713
0.995738
0.085532
0.348266
0.006062
0.371243
0.684120
0.683305
0.997608
0.055898
0.685575
0.056392
0.062531
0.686533
0.997608
0.086417
0.027434
0.678699
0.049398
0.379417
0.065638
0.686818
0.063349
0.374529
0.373146
0.684188
0.683015
0.681699
0.997608
0.047593
0.363204
0.043573
0.681180
0.364554
0.367029
0.055464
0.370359
0.370414
0.684568
0.059039
0.998423
0.064252
0.057104
0.064527
0.372047
0.288983
0.669180
0.275371
0.399488
0.390192
0.312371
0.067337
0.744881
0.681460
0.388314
0.394848
0.384484
0.055196
0.999641
0.693393
0.701334
0.676094
0.711553
0.117298
0.673646
0.053952
0.370406
0.688052
0.058585
0.999641
0.377396
0.064601
0.398248
0.129131
0.999641
0.398082
0.999641
0.083901
0.405530
0.100728
0.699423
0.399045
0.999641
0.404575
0.401697
0.092437
0.690030
0.077101
0.422729
0.058463
0.382490
0.406255
0.698252
0.392117
0.129088
0.122064
0.312184
0.631774
0.232389
0.398317
0.078849
0.098185
0.122267
0.055272
0.089927
0.996119
0.362285
0.365871
0.068785
0.381599
0.387858
0.392111
0.384540
0.071575
0.044337
0.092974
0.143213
0.053295
0.404270
0.390949
0.437530
0.702089
0.996119
0.404421
0.362216
0.394125
0.155931
0.996119
0.021500
0.343183
0.029959
0.044128
0.036807
0.358668
0.374600
0.372697
0.055420
0.375969
0.382818
0.686959
0.066075
0.182148
0.079482
0.383514
0.406529
0.996119
0.381003
0.063495
0.376292
0.046339
0.360544
0.608252
0.092019
0.677752
0.347891
0.680133
0.059432
0.996119
0.674167
0.022799
0.436634
0.318960
0.289057
0.394801
0.385527
0.387777
0.684799
0.069860
0.319393
0.418267
0.999316
0.683359
0.384310
0.051100
0.367711
0.369562
0.050997
0.685581
0.374412
0.688594
0.062096
0.686038
0.055391
0.682365
0.366924
0.367393
0.058093
0.671903
0.352313
0.682286
0.044099
0.374606
0.999316
0.371818
0.295797
0.485589
0.710503
0.112772
0.055806
0.391867
0.068236
0.373164
0.376018
0.066332
0.688454
0.066088
0.999483
0.689137
0.690807
0.386857
0.694407
0.087229
0.081728
0.999483
0.693735
0.392133
0.068982
0.690002
0.691244
0.693060
0.999483
0.693060
0.389397
0.432759
0.367041
0.686316
0.099118
0.695233
0.711040
0.700206
0.296681
0.360371
0.104370
0.432734
0.427017
0.091766
0.996748
0.068674
0.084735
0.067240
0.292682
0.682808
0.996597
0.682808
0.680776
0.676802
0.684332
0.066489
0.056248
0.052184
0.378885
0.094401
0.392783
0.283926
0.009625
0.352210
0.414515
0.407886
0.122043
0.685609
0.063587
0.063351
0.054822
0.057053
0.056817
0.365756
0.680029
0.040429
0.365743
0.377334
0.400816
0.997608
0.039584
0.028596
0.064095
0.375737
0.686818
0.685139
0.373829
0.060562
0.371121
0.371878
0.369728
0.052766
0.050127
0.682149
0.365298
0.364576
0.365140
0.053469
0.685142
0.372228
0.059954
0.371627
0.998025
0.062548
0.686874
0.056941
0.378971
0.382883
0.069994
0.669180
0.692484
0.058268
0.084821
0.607567
0.999030
0.607567
0.695024
0.432107
0.386747
0.107747
0.397358
0.092690
0.386731
0.406399
0.421910
0.321442
0.065411
0.085182
0.372247
0.999641
0.364608
0.373771
0.067703
0.377396
0.999641
0.357140
0.372949
0.110539
0.075083
0.106698
0.129120
0.137709
0.421016
0.398458
0.080352
0.999641
0.399045
0.700839
0.116785
0.085472
0.689893
0.081051
0.118370
0.999641
0.348213
0.114282
0.706130
0.134442
0.999641
0.126321
0.999641
0.123209
0.012800
0.015337
0.111636
0.302358
0.046380
0.413821
0.392605
0.681104
0.417118
0.049528
0.686803
0.377011
0.381325
0.088492
0.690783
0.385338
0.076907
0.996119
0.433918
0.116226
0.669725
0.090980
0.378476
0.124645
0.380539
0.049396
0.375705
0.378673
0.128646
0.106116
0.996119
0.133705
0.314813
0.679005
0.677486
0.056592
0.375308
0.996119
0.059970
0.375994
0.685746
0.063844
0.746119
0.706633
0.998755
0.703997
0.054881
0.070991
0.687763
0.068987
0.685752
0.049352
0.286315
0.743771
0.267003
0.064857
0.680133
0.668823
0.049628
0.096199
0.416947
0.218448
0.625964
0.334169
0.996119
0.017989
0.104310
0.379287
0.684750
0.067985
0.120303
0.406793
0.063452
0.068646
0.049237
0.366976
0.684839
0.685833
0.375601
0.371755
0.688594
0.999316
0.378560
0.374654
0.371672
0.050508
0.682513
0.365648
0.053612
0.050419
0.364259
0.366091
0.999316
0.059114
0.065887
0.056166
0.033438
0.282880
0.143516
0.358380
0.697621
0.692392
0.999316
0.068741
0.375518
0.688454
0.999483
0.688454
0.065271
0.069300
0.076601
0.085699
0.092803
0.093730
0.700433
0.083257
0.096432
0.380990
0.088490
0.077026
0.057086
0.374858
0.061305
0.113791
0.180291
0.345583
0.029672
0.701469
0.125339
0.564677
0.084326
0.092200
0.059434
0.693729
0.371593
0.394466
0.407085
0.091323
0.088195
0.380458
0.364103
0.378352
0.116717
0.008758
0.682808
0.062063
0.363817
0.056377
0.680066
0.037510
0.368652
0.040501
0.039742
0.366411
0.681405
0.121975
0.166665
0.006583
0.697245
0.995738
0.397123
0.425431
0.079166
0.365203
0.360238
0.682415
0.688125
0.375606
0.371419
0.062461
0.061667
0.062440
0.181629
0.013280
0.145391
0.386900
0.377846
0.375572
0.062754
0.683177
0.369137
0.054001
0.367300
0.055349
0.054431
0.682804
0.682912
0.051441
0.682955
0.367141
0.367724
0.369435
0.371197
0.372835
0.060783
0.372192
0.372006
0.069615
0.382678
0.998423
0.067092
0.073496
0.063837
0.134813
0.999486
0.692028
0.076476
0.373505
0.285667
0.305634
0.744881
0.300002
0.132169
0.109853
0.099040
0.999641
0.397626
0.102332
0.315761
0.430196
0.415161
0.682930
0.688221
0.378510
0.382062
0.378692
0.372222
0.368083
0.357140
0.999641
0.041877
0.691203
0.387517
0.680583
0.704159
0.710299
0.419836
0.999641
0.400838
0.698553
0.399363
0.103224
0.104675
0.383364
0.689361
0.076283
0.407771
0.711276
0.111952
0.707798
0.090711
0.092365
0.707874
0.364999
0.094554
0.053160
0.295970
0.998296
0.621104
0.155011
0.285654
0.052557
0.671435
0.705754
0.369605
0.406250
0.065989
0.063113
0.376951
0.078448
0.074377
0.380126
0.085145
0.690312
0.104540
0.996119
0.097685
0.393292
0.431409
0.996119
0.683655
0.050266
0.379571
0.393875
0.692151
0.093234
0.700362
0.012723
0.081645
0.042419
0.996119
0.062013
0.382596
0.066069
0.686548
0.061718
0.683823
0.059355
0.051266
0.414893
0.332224
0.360419
0.686107
0.687763
0.996119
0.377396
0.996119
0.065280
0.052682
0.241502
0.418201
0.634895
0.332387
0.996119
0.350783
0.074076
0.695859
0.051104
0.140867
0.378100
0.024188
0.425734
0.695045
0.083256
0.380046
0.999316
0.089736
0.391796
0.378436
0.687858
0.686417
0.055591
0.061918
0.063201
0.379045
0.376728
0.074512
0.076042
0.686494
0.999316
0.371340
0.052301
0.682514
0.365214
0.049174
0.363675
0.363869
0.368528
0.055163
0.684976
0.062971
0.625036
0.167649
0.423453
0.693651
0.386951
0.076133
0.385014
0.380327
0.691678
0.066773
0.065094
0.376506
0.066008
0.065606
0.689686
0.382897
0.389738
0.399646
0.105402
0.396998
0.694122
0.063762
0.673817
0.042545
0.689959
0.692618
0.687672
0.386628
0.397475
0.713282
0.021044
0.009920
0.128083
0.001654
0.999483
0.564677
0.687852
0.698792
0.085849
0.999483
0.058624
0.687581
0.996748
0.062704
0.380821
0.375370
0.380262
0.072918
0.406224
0.085061
0.124211
0.065577
0.385108
0.681209
0.044986
0.357217
0.996597
0.356235
0.044009
0.365318
0.427770
0.413922
0.362236
0.346400
0.044633
0.377153
0.091987
0.665495
0.048641
0.364706
0.056569
0.107215
0.034289
0.075784
0.119722
0.692845
0.394547
0.161739
0.700557
0.162314
0.393289
0.381584
0.373643
0.369049
0.681606
0.362748
0.362365
0.363733
0.365596
0.366942
0.052830
0.998423
0.053089
0.368415
0.683492
0.369033
0.057253
0.684728
0.685167
0.060266
0.372989
0.375987
0.391389
0.396006
0.390597
0.697960
0.384681
0.349519
0.380201
0.692028
0.078230
0.360989
0.035371
0.054394
0.058012
0.000732
0.411135
0.109903
0.999641
0.403645
0.379113
0.691608
0.054416
0.409397
0.153931
0.116849
0.074449
0.061409
0.376394
0.376500
0.380869
0.371701
0.347715
0.680337
0.011735
0.691203
0.999641
0.691203
0.099222
0.418856
0.424714
0.435327
0.048907
0.364185
0.021400
0.407976
0.076553
0.064661
0.687366
0.375085
0.066535
0.099958
0.393893
0.078314
0.072597
0.077456
0.625419
0.677732
0.625419
0.040368
0.031761
0.690585
0.621104
0.108869
0.998296
0.031661
0.185865
0.028428
0.369605
0.996119
0.001015
0.996119
0.697885
0.362827
0.363626
0.061904
0.687835
0.072761
0.700397
0.431950
0.099483
0.996119
0.396298
0.101374
0.683655
0.363905
0.662741
0.376678
0.078647
0.691065
0.072429
0.377651
0.431615
0.996119
0.492059
0.068656
0.084202
0.389798
0.693702
0.376161
0.061848
0.369321
0.681552
0.051595
0.036154
0.025295
0.005029
0.058716
0.074538
0.391489
0.081670
0.040977
0.033095
0.996119
0.051997
0.996119
0.418201
0.015576
0.038301
0.682603
0.377819
0.712425
0.644009
0.149942
0.709291
0.121046
0.104995
0.999316
0.698241
0.691191
0.383023
0.691182
0.080543
0.687858
0.999316
0.057086
0.688461
0.688829
0.381533
0.691271
0.381876
0.999316
0.069177
0.063420
0.057782
0.684223
0.050425
0.681798
0.364361
0.045437
0.680262
0.044496
0.363806
0.681552
0.063816
0.319337
0.999316
0.064407
0.121427
0.407896
0.999316
0.064783
0.056384
0.016709
0.058907
0.049044
0.367973
0.684842
0.062960
0.377898
0.689568
0.381689
0.092525
0.405108
0.407489
0.701524
0.391235
0.999483
0.369180
0.673817
0.351892
0.049860
0.374297
0.672371
0.395105
0.142862
0.364206
0.710767
0.691443
0.730986
0.258453
0.137359
0.087344
0.686498
0.699599
0.082983
0.380346
0.370654
0.687581
0.083617
0.384451
0.386162
0.386383
0.104686
0.708730
0.996597
0.390224
0.425220
0.411608
0.385108
0.366602
0.355763
0.033500
0.352663
0.037189
0.361893
0.380163
0.684133
0.056465
0.341602
0.365966
0.667292
0.316618
0.435827
0.036588
0.377955
0.184215
0.253767
0.308403
0.145442
0.697351
0.707320
0.692845
0.408468
0.136067
0.402851
0.391921
0.689596
0.066080
0.366594
0.051644
0.361654
0.360477
0.361910
0.364128
0.365774
0.683465
0.368557
0.369082
0.369300
0.684160
0.369480
0.056750
0.998025
0.058440
0.059492
0.685315
0.066071
0.385821
0.402923
0.400746
0.998423
0.069666
0.389455
0.356237
0.694414
0.028275
0.354300
0.367712
0.999641
0.682306
0.078795
0.075332
0.701667
0.082724
0.063065
0.050566
0.040285
0.036294
0.088160
0.349000
0.386331
0.381891
0.694468
0.070229
0.687815
0.058206
0.064131
0.052314
0.094569
0.347497
0.378011
0.691203
0.393508
0.700094
0.102810
0.717085
0.408440
0.066213
0.999641
0.371451
0.062023
0.050205
0.999641
0.061356
0.073359
0.999641
0.071812
0.999641
0.386612
0.386290
0.067021
0.379128
0.017801
0.007133
0.008234
0.025495
0.421558
0.692761
0.116880
0.673731
0.327675
0.065376
0.383060
0.685912
0.381260
0.077683
0.084429
0.681749
0.371925
0.359216
0.057200
0.365247
0.312093
0.431288
0.103726
0.155178
0.110822
0.996119
0.701477
0.075745
0.662741
0.366525
0.689401
0.383692
0.383088
0.069888
0.035953
0.633501
0.399278
0.038589
0.683313
0.089643
0.695707
0.395205
0.384354
0.051774
0.680214
0.367849
0.048974
0.679482
0.045093
0.996119
0.063211
0.402509
0.098023
0.086630
0.042527
0.080483
0.046343
0.077648
0.676117
0.092513
0.076193
0.373177
0.996119
0.079212
0.343748
0.996119
0.357181
0.402191
0.383285
0.377566
0.076528
0.070858
0.056212
0.054016
0.070230
0.373877
0.069092
0.065615
0.124205
0.077579
0.079845
0.384108
0.075877
0.691271
0.073162
0.379676
0.372658
0.369600
0.683711
0.367462
0.364080
0.043924
0.360312
0.999316
0.040094
0.681552
0.999316
0.049578
0.999316
0.024395
0.686184
0.373357
0.059310
0.093934
0.128394
0.362337
0.999316
0.018186
0.372852
0.372217
0.687105
0.061246
0.377829
0.381688
0.999483
0.068255
0.999483
0.103970
0.999483
0.083128
0.369180
0.999483
0.031829
0.028078
0.999483
0.003313
0.023874
0.085313
0.648538
0.022993
0.999483
0.154068
0.438697
0.113237
0.047177
0.999483
0.388034
0.077307
0.053240
0.046804
0.055657
0.065196
0.086254
0.996597
0.695140
0.089345
0.442449
0.164676
0.708730
0.726002
0.324141
0.400497
0.084373
0.325043
0.354770
0.350507
0.029784
0.356105
0.677720
0.050317
0.995738
0.044773
0.675903
0.368596
0.995738
0.342582
0.022739
0.366955
0.743320
0.995738
0.126404
0.101856
0.129276
0.997608
0.092396
0.099049
0.100239
0.404382
0.445895
0.998423
0.076915
0.373495
0.377872
0.372898
0.365308
0.362380
0.363032
0.364640
0.366048
0.052124
0.368809
0.369116
0.998423
0.369671
0.369852
0.998025
0.056447
0.056446
0.372032
0.685552
0.061954
0.380640
0.401941
0.092637
0.070408
0.071418
0.428034
0.046375
0.373869
0.386321
0.357597
0.374629
0.065248
0.392097
0.064596
0.999641
0.070983
0.999641
0.050754
0.367691
0.684496
0.048686
0.324478
0.367435
0.688376
0.686644
0.693157
0.061674
0.373867
0.370236
0.685261
0.683923
0.608206
0.490613
0.427397
0.401198
0.700094
0.101007
0.068711
0.384726
0.681681
0.088302
0.371451
0.690590
0.056145
0.999641
0.354712
0.025342
0.999641
0.074981
0.691995
0.075959
0.999641
0.375461
0.312304
0.003942
0.406498
0.341508
0.320151
0.055110
0.017191
0.186154
0.106445
0.692115
0.385076
0.049227
0.408791
0.683089
0.131481
0.078505
0.311616
0.070640
0.697606
0.061565
0.353379
0.666020
0.091978
0.078416
0.706227
0.996119
0.706227
0.114369
0.404295
0.060708
0.069753
0.077120
0.075630
0.688155
0.665192
0.042972
0.364462
0.018725
0.691348
0.996119
0.370804
0.382900
0.695302
0.996119
0.396274
0.060220
0.682760
0.365288
0.048086
0.679064
0.045632
0.052327
0.692586
0.391002
0.390641
0.996119
0.148142
0.723473
0.171275
0.330238
0.076062
0.085785
0.386521
0.381489
0.069081
0.123290
0.046960
0.008372
0.122770
0.688318
0.996119
0.056032
0.683164
0.363774
0.365340
0.053853
0.684533
0.999316
0.372063
0.126411
0.701715
0.999316
0.016637
0.691611
0.384180
0.075066
0.082693
0.372314
0.372515
0.369884
0.684007
0.367199
0.045664
0.680624
0.040758
0.360117
0.038562
0.041329
0.037448
0.377977
0.059204
0.050413
0.059862
0.363492
0.682897
0.069509
0.392646
0.620982
0.024839
0.689981
0.059002
0.378648
0.377528
0.689021
0.069822
0.389710
0.437025
0.686932
0.376251
0.389091
0.112915
0.399929
0.369119
0.361153
0.999483
0.681088
0.351791
0.679701
0.278420
0.018624
0.676933
0.078117
0.152520
0.395891
0.102839
0.397050
0.366999
0.055873
0.049526
0.045869
0.999483
0.364657
0.368708
0.376844
0.383171
0.399227
0.093120
0.996597
0.421875
0.996597
0.163995
0.324141
0.681374
0.685756
0.364633
0.350039
0.291238
0.030254
0.675401
0.036559
0.679219
0.364316
0.059353
0.060098
0.371617
0.680911
0.342582
0.995738
0.355565
0.364029
0.051220
0.170996
0.387372
0.015511
0.995738
0.100839
0.409190
0.407124
0.076909
0.439831
0.698350
0.388727
0.998423
0.374100
0.070387
0.377636
0.681137
0.365860
0.681116
0.998423
0.048526
0.367299
0.053461
0.369335
0.369671
0.998423
0.056138
0.056276
0.369877
0.056473
0.373113
0.376705
0.685302
0.059153
0.385712
0.678773
0.055595
0.642233
0.048956
0.667503
0.091330
0.085316
0.061683
0.686003
0.072961
0.999641
0.125406
0.140509
0.022822
0.371058
0.074345
0.374771
0.999641
0.684496
0.361819
0.059150
0.375720
0.059779
0.059636
0.057361
0.061014
0.056527
0.050431
0.369995
0.369177
0.295749
0.435246
0.396595
0.699483
0.086145
0.374779
0.361586
0.692020
0.383342
0.065976
0.999641
0.385938
0.375253
0.342442
0.103866
0.081434
0.079016
0.999641
0.382413
0.069046
0.999641
0.428205
0.361500
0.306825
0.372234
0.403841
0.996119
0.101855
0.411874
0.998296
0.405145
0.395688
0.124429
0.703891
0.113460
0.114739
0.328826
0.129156
0.996119
0.078863
0.680835
0.022183
0.447313
0.708773
0.116713
0.118161
0.040869
0.092383
0.996119
0.084242
0.384440
0.689183
0.686275
0.067869
0.045848
0.996119
0.025806
0.996119
0.041737
0.037809
0.080659
0.679625
0.028954
0.010590
0.107305
0.090131
0.686167
0.057985
0.996119
0.047455
0.361757
0.678802
0.050463
0.065552
0.381611
0.395650
0.404214
0.996119
0.411884
0.049745
0.359628
0.386134
0.996119
0.085221
0.382842
0.382391
0.315484
0.345433
0.364430
0.123547
0.058403
0.062894
0.682945
0.676447
0.353297
0.359843
0.039053
0.040694
0.054326
0.060333
0.300400
0.103647
0.701715
0.668299
0.005138
0.382865
0.693518
0.071262
0.384343
0.379433
0.371521
0.368162
0.683538
0.047307
0.362412
0.360979
0.360622
0.366320
0.367908
0.682595
0.036179
0.360455
0.362219
0.360161
0.682897
0.999316
0.068509
0.355516
0.003443
0.081609
0.999483
0.690148
0.309593
0.381444
0.689337
0.689021
0.377490
0.410209
0.421485
0.010485
0.999483
0.090355
0.100532
0.086305
0.380800
0.052741
0.049073
0.028261
0.051793
0.605550
0.619189
0.390799
0.378003
0.405343
0.109294
0.391460
0.999483
0.061832
0.371002
0.046856
0.681927
0.368753
0.362218
0.366533
0.067897
0.996597
0.079474
0.078735
0.408285
0.106119
0.718401
0.437962
0.411224
0.033908
0.996597
0.366672
0.358187
0.344045
0.034758
0.676454
0.041164
0.680390
0.365912
0.371723
0.071293
0.081597
0.334265
0.361925
0.357423
0.074855
0.362061
0.995738
0.058957
0.684163
0.052452
0.143375
0.085430
0.409815
0.679695
0.114585
0.015171
0.154499
0.004008
0.057847
0.684696
0.376930
0.071153
0.060907
0.681725
0.363772
0.048511
0.366290
0.367315
0.368341
0.998423
0.369335
0.056172
0.057033
0.684434
0.684129
0.058759
0.067466
0.685302
0.686386
0.055326
0.367021
0.367623
0.687197
0.372027
0.642233
0.058767
0.999030
0.386668
0.685392
0.999641
0.123242
0.072848
0.999641
0.094840
0.368564
0.999641
0.071306
0.079381
0.056694
0.054874
0.684220
0.999641
0.061048
0.999641
0.062413
0.688279
0.062336
0.683613
0.999641
0.050830
0.370643
0.373058
0.376256
0.689338
0.380343
0.066565
0.060671
0.052294
0.687013
0.052344
0.688384
0.074709
0.384393
0.081381
0.095199
0.999641
0.077263
0.999641
0.083836
0.389212
0.101712
0.681052
0.419526
0.161593
0.687272
0.999641
0.338670
0.405658
0.395606
0.687965
0.108253
0.092711
0.396569
0.407737
0.125547
0.396618
0.400028
0.380567
0.380084
0.694834
0.076609
0.743824
0.005213
0.395813
0.706939
0.110612
0.330361
0.364530
0.307590
0.062358
0.070622
0.070231
0.068248
0.996119
0.060238
0.288310
0.321683
0.194805
0.039282
0.058580
0.706600
0.088620
0.665737
0.685747
0.355471
0.375865
0.080336
0.684978
0.058142
0.050076
0.362455
0.679176
0.044510
0.046686
0.056860
0.377106
0.380418
0.703237
0.398842
0.392833
0.373818
0.382863
0.395589
0.391758
0.690581
0.687827
0.687829
0.670495
0.679206
0.746119
0.997545
0.179739
0.681367
0.063831
0.996338
0.345356
0.338308
0.042747
0.062884
0.376423
0.064488
0.999316
0.686721
0.060249
0.314439
0.378497
0.999316
0.690209
0.390723
0.408197
0.368315
0.684673
0.999316
0.369383
0.050409
0.364892
0.364168
0.367026
0.368622
0.366976
0.371215
0.687161
0.682409
0.365762
0.047817
0.044862
0.056163
0.365859
0.689303
0.037409
0.701472
0.081653
0.309426
0.999483
0.307923
0.067721
0.066725
0.456997
0.642425
0.053019
0.406331
0.324391
0.383150
0.694593
0.690525
0.025715
0.300078
0.367799
0.089062
0.999483
0.032027
0.343794
0.069801
0.687177
0.392633
0.387310
0.387379
0.073658
0.302889
0.296475
0.268701
0.105663
0.999483
0.050239
0.364518
0.370114
0.071187
0.375766
0.367751
0.071360
0.084909
0.074178
0.383985
0.387180
0.069694
0.685756
0.681643
0.358289
0.035986
0.357915
0.677828
0.043667
0.366664
0.995738
0.369045
0.371506
0.082353
0.100529
0.016978
0.059523
0.371905
0.357825
0.034043
0.362892
0.679612
0.116850
0.072150
0.389771
0.389040
0.171097
0.413133
0.447399
0.345749
0.745407
0.005225
0.380803
0.998423
0.373183
0.062288
0.053848
0.051103
0.367174
0.367049
0.682937
0.052710
0.369039
0.055403
0.370272
0.057408
0.684296
0.057088
0.060740
0.099941
0.073953
0.700378
0.058732
0.375754
0.381134
0.696465
0.687197
0.012916
0.106209
0.088222
0.383607
0.374560
0.373242
0.639329
0.999641
0.092347
0.686646
0.682184
0.064377
0.694181
0.999641
0.388015
0.080457
0.367248
0.065008
0.376141
0.068769
0.379351
0.999641
0.063608
0.368157
0.059328
0.056337
0.684087
0.060192
0.378558
0.380428
0.381345
0.070465
0.685457
0.999641
0.367023
0.042331
0.360822
0.372593
0.381428
0.426347
0.042713
0.687917
0.396540
0.083114
0.695627
0.067278
0.353768
0.712054
0.392347
0.701683
0.701601
0.091291
0.423931
0.064277
0.671126
0.082660
0.691304
0.996119
0.108456
0.102085
0.388770
0.384407
0.689662
0.083234
0.689211
0.391894
0.996119
0.316669
0.097055
0.706939
0.996119
0.706939
0.082197
0.304004
0.343813
0.370473
0.371868
0.681685
0.055955
0.057508
0.365615
0.333137
0.261570
0.654564
0.275491
0.089876
0.703463
0.107941
0.064746
0.378450
0.996119
0.373234
0.064060
0.683245
0.371430
0.051928
0.363162
0.362382
0.682910
0.999483
0.054126
0.683628
0.066520
0.067192
0.138898
0.104726
0.385088
0.694347
0.394605
0.095576
0.086460
0.078480
0.081475
0.072197
0.067532
0.054668
0.432971
0.028375
0.082120
0.674564
0.027913
0.676221
0.031291
0.374895
0.686433
0.378320
0.379600
0.065509
0.061079
0.109884
0.083846
0.071369
0.087497
0.148034
0.407446
0.373977
0.366172
0.371831
0.369383
0.999316
0.052817
0.367258
0.366027
0.364475
0.680959
0.052775
0.374684
0.999316
0.053608
0.685791
0.051322
0.367133
0.374206
0.378723
0.367315
0.360107
0.053576
0.999316
0.086715
0.307923
0.687766
0.999483
0.123302
0.353930
0.670164
0.357784
0.074629
0.131068
0.377087
0.062602
0.053834
0.424392
0.300574
0.295177
0.034334
0.737017
0.336821
0.365085
0.087530
0.597734
0.300611
0.435706
0.093349
0.616029
0.284820
0.261558
0.401282
0.387996
0.374206
0.379500
0.367974
0.369882
0.373987
0.373550
0.049475
0.996597
0.367088
0.368072
0.053947
0.048542
0.046090
0.048031
0.042352
0.360879
0.038900
0.358631
0.360680
0.363671
0.996597
0.366664
0.681873
0.365681
0.366560
0.374283
0.080297
0.376942
0.371736
0.359739
0.355284
0.360179
0.679288
0.365318
0.054993
0.101434
0.394147
0.694725
0.419858
0.998423
0.389191
0.123618
0.691986
0.098917
0.053599
0.358258
0.365797
0.683819
0.684044
0.053451
0.367711
0.998423
0.053210
0.683762
0.369334
0.370171
0.056717
0.684741
0.373299
0.097782
0.393306
0.998423
0.443129
0.085098
0.071849
0.999030
0.693575
0.391471
0.117527
0.691709
0.697852
0.406847
0.088689
0.377323
0.375034
0.021003
0.429084
0.404475
0.999641
0.071894
0.078112
0.388015
0.691957
0.093172
0.373436
0.315341
0.052932
0.384599
0.999641
0.068488
0.688375
0.374638
0.687562
0.369719
0.055585
0.058086
0.688558
0.070574
0.382672
0.689319
0.376776
0.685457
0.056032
0.685545
0.366868
0.372205
0.104540
0.999641
0.124926
0.083309
0.698251
0.386866
0.363911
0.366762
0.372616
0.364544
0.112080
0.417462
0.701683
0.102162
0.092165
0.354576
0.371451
0.689276
0.692499
0.080294
0.093985
0.689816
0.079884
0.378867
0.683383
0.054769
0.048398
0.689211
0.005609
0.415966
0.009969
0.075694
0.116032
0.697355
0.078315
0.684013
0.367962
0.353881
0.054327
0.996119
0.049159
0.363924
0.680275
0.037240
0.058453
0.516243
0.301100
0.069908
0.695247
0.390794
0.688545
0.069964
0.372357
0.370519
0.055102
0.368275
0.682020
0.051703
0.364080
0.363177
0.365551
0.682910
0.052770
0.372140
0.374578
0.685100
0.076645
0.383741
0.378277
0.077053
0.388134
0.081294
0.996119
0.388533
0.397190
0.394730
0.368790
0.083053
0.685331
0.377840
0.083881
0.073486
0.999316
0.045342
0.371874
0.686433
0.999316
0.067988
0.377874
0.687016
0.064867
0.377808
0.383234
0.066167
0.999316
0.421623
0.092574
0.681513
0.683409
0.369112
0.369598
0.369050
0.683938
0.367862
0.365351
0.681316
0.363500
0.363088
0.055069
0.063865
0.062269
0.999316
0.053823
0.369539
0.375532
0.375274
0.687203
0.050503
0.370667
0.069934
0.078972
0.074108
0.068000
0.051896
0.394754
0.708469
0.418340
0.670164
0.415163
0.407923
0.370428
0.684869
0.088377
0.620570
0.424073
0.335333
0.119833
0.040261
0.050156
0.397408
0.220050
0.999483
0.285358
0.293941
0.167786
0.018645
0.999483
0.671623
0.050480
0.368122
0.999483
0.687595
0.368921
0.062164
0.375336
0.688892
0.371683
0.048570
0.340967
0.369872
0.363757
0.363271
0.045896
0.679279
0.361263
0.360536
0.039727
0.359162
0.678333
0.361112
0.047209
0.051011
0.051446
0.362947
0.362052
0.363390
0.057621
0.373184
0.369600
0.361925
0.359132
0.362132
0.680466
0.365466
0.056124
0.064651
0.377662
0.684418
0.096806
0.101895
0.069207
0.377988
0.685404
0.061945
0.356850
0.361773
0.367056
0.054932
0.369334
0.368482
0.367975
0.052634
0.368520
0.368985
0.683382
0.054529
0.368816
0.683084
0.370084
0.071100
0.998423
0.393306
0.302522
0.141345
0.388679
0.692967
0.085401
0.457423
0.416874
0.387356
0.086706
0.403637
0.999030
0.098932
0.374395
0.059221
0.049741
0.037902
0.369497
0.058762
0.377212
0.076445
0.388733
0.409163
0.017222
0.674859
0.695827
0.064068
0.069573
0.063328
0.056841
0.052934
0.055958
0.999641
0.050598
0.384434
0.049290
0.069150
0.075109
0.069551
0.065969
0.687447
0.687983
0.059948
0.066882
0.070062
0.025748
0.145050
0.093776
0.104450
0.697996
0.139337
0.304324
0.365620
0.367029
0.386083
0.389328
0.130747
0.704624
0.400947
0.999641
0.676379
0.736097
0.691192
0.125087
0.685509
0.081905
0.689248
0.067630
0.683276
0.370032
0.364495
0.094944
0.377408
0.400649
0.306149
0.114997
0.375992
0.079767
0.074907
0.371070
0.363346
0.362627
0.678372
0.038625
0.044382
0.679854
0.680275
0.996119
0.090278
0.996119
0.090810
0.364255
0.396261
0.031991
0.366193
0.996119
0.375631
0.371201
0.367336
0.051033
0.996119
0.052399
0.365579
0.680194
0.363481
0.365636
0.682878
0.364753
0.056357
0.685100
0.684355
0.066105
0.374096
0.374590
0.690092
0.689172
0.688650
0.079290
0.694377
0.085310
0.367738
0.370088
0.372604
0.384599
0.996970
0.077843
0.373818
0.366037
0.371725
0.369929
0.046585
0.048406
0.382824
0.687016
0.687145
0.059774
0.376040
0.374409
0.366452
0.057307
0.117325
0.702476
0.369577
0.363636
0.368567
0.056410
0.056226
0.055005
0.368273
0.683475
0.364987
0.999316
0.363693
0.051929
0.684105
0.057826
0.056064
0.999316
0.057420
0.376833
0.376966
0.689352
0.061407
0.374197
0.375370
0.376075
0.375582
0.667784
0.004637
0.057562
0.999483
0.406954
0.109704
0.336989
0.449609
0.367208
0.034229
0.350031
0.661612
0.259924
0.173535
0.999483
0.438603
0.999483
0.002594
0.392117
0.289432
0.054765
0.697335
0.680508
0.081739
0.378587
0.055702
0.999483
0.683023
0.051038
0.366471
0.683025
0.684753
0.687081
0.688404
0.686770
0.366935
0.316612
0.400935
0.430460
0.299481
0.045198
0.360697
0.996597
0.040751
0.677362
0.040401
0.678468
0.361178
0.362980
0.048859
0.995738
0.045797
0.678826
0.362406
0.052695
0.374160
0.370180
0.364923
0.363146
0.365275
0.681985
0.055768
0.372919
0.065472
0.684418
0.440531
0.998423
0.061622
0.684425
0.372744
0.998423
0.041474
0.998423
0.048909
0.369232
0.684129
0.369423
0.368712
0.368186
0.367700
0.682701
0.051961
0.683129
0.050500
0.365528
0.998423
0.367909
0.085181
0.394776
0.082426
0.428740
0.027366
0.387593
0.081868
0.070026
0.068729
0.110565
0.091932
0.085234
0.070164
0.062159
0.072284
0.055125
0.364366
0.364752
0.351537
0.037298
0.371873
0.072987
0.999641
0.691085
0.694471
0.022213
0.316565
0.695451
0.697551
0.074806
0.684552
0.999641
0.366158
0.047169
0.047300
0.698470
0.672262
0.999641
0.114072
0.999641
0.071532
0.687762
0.376245
0.687226
0.687903
0.689369
0.391845
0.999641
0.087096
0.368287
0.122463
0.082334
0.344700
0.126824
0.038284
0.372017
0.112851
0.718035
0.479617
0.104925
0.414455
0.097540
0.069855
0.273400
0.078382
0.051289
0.684162
0.072720
0.687017
0.065979
0.996119
0.683276
0.680827
0.048910
0.679811
0.058217
0.680313
0.690058
0.050933
0.996119
0.054651
0.366463
0.048875
0.361692
0.349909
0.683386
0.029078
0.039948
0.048362
0.067891
0.372027
0.133873
0.384454
0.379380
0.323644
0.352428
0.682359
0.063489
0.996119
0.369011
0.367062
0.050361
0.052019
0.366306
0.365844
0.049782
0.046674
0.365004
0.682653
0.362238
0.053416
0.059129
0.683485
0.057184
0.366567
0.369108
0.379748
0.066111
0.066185
0.694377
0.996119
0.694377
0.391581
0.070227
0.376993
0.691495
0.386542
0.079907
0.372705
0.058042
0.058451
0.681600
0.684175
0.052338
0.684258
0.062242
0.672480
0.051924
0.367914
0.685283
0.367556
0.683718
0.046774
0.057291
0.074056
0.049714
0.053627
0.371149
0.370936
0.684511
0.683475
0.999316
0.365475
0.047154
0.047648
0.682707
0.052582
0.684252
0.055769
0.053859
0.373891
0.378102
0.999483
0.380685
0.069620
0.378064
0.376461
0.375206
0.354798
0.681347
0.020430
0.710534
0.105115
0.999483
0.697968
0.436797
0.999483
0.122884
0.044610
0.999483
0.303620
0.695180
0.638837
0.494196
0.300764
0.079858
0.387184
0.074833
0.365616
0.107376
0.699879
0.090074
0.128801
0.999483
0.419328
0.106953
0.679247
0.679397
0.052193
0.046563
0.074462
0.069980
0.072645
0.077694
0.389633
0.361953
0.324685
0.058737
0.651618
0.298581
0.361211
0.042118
0.040213
0.677288
0.040035
0.679443
0.996597
0.678583
0.679987
0.048963
0.046393
0.679129
0.363168
0.056820
0.373456
0.371391
0.680302
0.366258
0.367108
0.368882
0.370808
0.998423
0.065277
0.117465
0.692408
0.380713
0.060503
0.061339
0.677240
0.685404
0.050713
0.051675
0.370255
0.371862
0.057049
0.370911
0.369819
0.682942
0.682701
0.998423
0.682701
0.682244
0.048909
0.363823
0.050981
0.683173
0.371772
0.380027
0.392305
0.394303
0.070611
0.386321
0.382378
0.687999
0.685901
0.999030
0.081814
0.702390
0.079913
0.999641
0.032009
0.361109
0.364702
0.683282
0.048343
0.369255
0.999641
0.064191
0.072087
0.442753
0.705848
0.496321
0.122720
0.095244
0.388926
0.381487
0.061119
0.053142
0.364671
0.681971
0.040473
0.111612
0.008297
0.079713
0.324675
0.383224
0.999641
0.066018
0.687762
0.375116
0.072510
0.693910
0.397576
0.399865
0.701053
0.679278
0.381678
0.682902
0.114542
0.620753
0.695394
0.073870
0.061326
0.124836
0.072742
0.101610
0.141935
0.426224
0.435879
0.361804
0.666684
0.052846
0.996119
0.375060
0.996119
0.374105
0.058536
0.049802
0.041812
0.041965
0.356005
0.362717
0.680332
0.047912
0.044967
0.367594
0.996119
0.052291
0.996119
0.056649
0.423281
0.996119
0.098993
0.996119
0.010028
0.683731
0.090416
0.383553
0.381172
0.386431
0.370133
0.375880
0.049991
0.369543
0.054923
0.996119
0.366363
0.364770
0.049937
0.996119
0.051315
0.365151
0.999483
0.046797
0.365602
0.367011
0.608615
0.067909
0.424112
0.281567
0.356790
0.345670
0.050071
0.378423
0.685272
0.393741
0.398702
0.391581
0.689099
0.996970
0.689950
0.072547
0.996970
0.073456
0.376614
0.374768
0.372636
0.367981
0.999483
0.057042
0.074130
0.365147
0.689969
0.037231
0.367232
0.054092
0.683718
0.683911
0.683312
0.368745
0.683927
0.055113
0.369912
0.370255
0.685200
0.370696
0.055015
0.052042
0.049492
0.366035
0.682874
0.683778
0.684419
0.999483
0.050278
0.371584
0.688506
0.690479
0.380685
0.999483
0.075392
0.380826
0.377675
0.375016
0.368436
0.365149
0.388720
0.069553
0.999483
0.109021
0.059565
0.048877
0.240438
0.682124
0.388470
0.087126
0.109518
0.028463
0.131795
0.228731
0.079268
0.999483
0.388702
0.999483
0.399861
0.400268
0.999483
0.699879
0.393179
0.086986
0.126778
0.039063
0.040337
0.056700
0.035708
0.998719
0.676271
0.330256
0.398814
0.440308
0.010508
0.688572
0.074523
0.625354
0.372337
0.337750
0.043293
0.359409
0.039240
0.996597
0.677288
0.039968
0.043152
0.046749
0.049008
0.364517
0.046544
0.995738
0.679129
0.056737
0.072039
0.369438
0.053865
0.051133
0.998423
0.374291
0.057411
0.373736
0.064923
0.058069
0.115247
0.367532
0.370717
0.365700
0.044329
0.072814
0.368032
0.998423
0.058641
0.375204
0.373108
0.684828
0.998423
0.053796
0.052525
0.682701
0.052449
0.366465
0.371523
0.367820
0.369151
0.373268
0.687618
0.076591
0.693507
0.080717
0.368442
0.380100
0.385655
0.071028
0.375123
0.069980
0.397207
0.689970
0.379936
0.066369
0.043442
0.364764
0.361899
0.681558
0.053491
0.685797
0.056859
0.065464
0.380775
0.071178
0.127010
0.007827
0.999641
0.404430
0.999641
0.387439
0.378276
0.373010
0.368049
0.999641
0.366162
0.365831
0.011498
0.609145
0.392252
0.009489
0.690497
0.057767
0.686855
0.064133
0.063280
0.382749
0.079300
0.701053
0.362227
0.373840
0.686508
0.370622
0.691576
0.084569
0.096064
0.018419
0.696546
0.093535
0.389083
0.376249
0.001227
0.126103
0.620581
0.080794
0.996119
0.352235
0.370533
0.690202
0.060475
0.996119
0.368294
0.364612
0.359737
0.039200
0.361910
0.680858
0.365858
0.368353
0.052435
0.362544
0.680614
0.054637
0.367333
0.374046
0.106134
0.368871
0.348841
0.094710
0.043241
0.685702
0.376874
0.084856
0.378132
0.691472
0.685652
0.684485
0.682523
0.367162
0.996119
0.052538
0.365691
0.364621
0.049830
0.051573
0.681261
0.687546
0.683373
0.050095
0.363880
0.355525
0.680070
0.299670
0.411430
0.161796
0.354896
0.377000
0.316860
0.366322
0.075740
0.088920
0.116489
0.024842
0.076829
0.368739
0.684232
0.064535
0.071972
0.378030
0.375906
0.999316
0.061865
0.685246
0.058318
0.374041
0.130921
0.111727
0.682957
0.365846
0.683146
0.049598
0.052122
0.368458
0.368527
0.683927
0.683214
0.052308
0.367932
0.684857
0.056055
0.056427
0.684184
0.683731
0.679328
0.050373
0.050974
0.052035
0.054144
0.050206
0.684586
0.060003
0.069018
0.074048
0.384233
0.080307
0.387329
0.383685
0.379506
0.375738
0.372041
0.373982
0.699272
0.692120
0.697644
0.692120
0.712375
0.684029
0.416593
0.429864
0.684050
0.122947
0.698641
0.692578
0.615167
0.999483
0.308557
0.388406
0.392607
0.391789
0.037852
0.080343
0.024049
0.079998
0.122394
0.999483
0.377184
0.370184
0.056599
0.692248
0.383578
0.041395
0.064740
0.734973
0.629248
0.030809
0.735910
0.338788
0.390350
0.030683
0.681963
0.031685
0.996597
0.040571
0.996597
0.357819
0.357674
0.676176
0.359482
0.361414
0.046505
0.678967
0.043997
0.360436
0.044463
0.046355
0.369489
0.373267
0.067299
0.361316
0.374399
0.685960
0.689168
0.372044
0.059477
0.364730
0.364992
0.050119
0.067440
0.369425
0.397213
0.367686
0.349766
0.371258
0.386667
0.382552
0.382432
0.067722
0.061894
0.060972
0.374769
0.038389
0.074186
0.061941
0.375746
0.373748
0.998423
0.371560
0.373242
0.377310
0.379254
0.049287
0.366773
0.383455
0.383256
0.376770
0.372761
0.693848
0.689970
0.999641
0.365795
0.346548
0.104572
0.289794
0.681558
0.999641
0.367714
0.999641
0.373619
0.065335
0.702947
0.067726
0.378728
0.688707
0.405674
0.398267
0.390308
0.077561
0.381627
0.376222
0.369314
0.053358
0.688613
0.042989
0.682084
0.341012
0.303198
0.100221
0.374193
0.364211
0.058848
0.999641
0.689919
0.075330
0.096698
0.122372
0.062420
0.073407
0.079003
0.083177
0.059866
0.382926
0.090559
0.376689
0.689561
0.068129
0.376817
0.379554
0.747345
0.714193
0.060373
0.371801
0.038515
0.048426
0.037411
0.049341
0.053476
0.368294
0.996119
0.365699
0.361893
0.043144
0.365687
0.682145
0.369231
0.376971
0.057208
0.053654
0.051123
0.365765
0.368706
0.660624
0.062073
0.489747
0.368035
0.321051
0.051996
0.689262
0.996119
0.070845
0.684802
0.377902
0.383531
0.372998
0.054872
0.365179
0.366732
0.996119
0.680819
0.049577
0.681110
0.051641
0.052535
0.105864
0.418816
0.398033
0.015326
0.415323
0.722803
0.038833
0.320712
0.462453
0.454324
0.016444
0.358560
0.685159
0.687938
0.085004
0.316028
0.054001
0.422159
0.031044
0.030723
0.064178
0.686099
0.376223
0.374708
0.374904
0.686321
0.686443
0.371815
0.374057
0.379764
0.077924
0.056439
0.683146
0.999483
0.051992
0.368254
0.052328
0.052812
0.051666
0.999483
0.049473
0.366143
0.052975
0.370005
0.369679
0.053179
0.059107
0.377014
0.380415
0.692978
0.058711
0.369075
0.364449
0.296209
0.382861
0.387048
0.073921
0.082198
0.387051
0.389084
0.385850
0.381518
0.376773
0.373539
0.372408
0.053473
0.699272
0.045481
0.060300
0.112509
0.708764
0.679815
0.006951
0.014518
0.748690
0.026832
0.390299
0.074738
0.306577
0.079511
0.080940
0.391359
0.033493
0.682496
0.261903
0.386067
0.117224
0.064050
0.079268
0.384956
0.064130
0.685417
0.063901
0.689468
0.109571
0.691511
0.068965
0.112171
0.113039
0.395315
0.382923
0.079516
0.375307
0.373888
0.365829
0.362360
0.360150
0.037788
0.036878
0.036954
0.038088
0.358815
0.043916
0.678715
0.043044
0.361518
0.680037
0.361297
0.046808
0.383557
0.382126
0.673779
0.382978
0.696811
0.380022
0.091205
0.037694
0.291512
0.083528
0.311473
0.697396
0.998423
0.381677
0.062697
0.338867
0.350409
0.089226
0.399448
0.382804
0.368332
0.375524
0.687951
0.080575
0.681309
0.695295
0.712428
0.080968
0.380572
0.378797
0.056534
0.999030
0.686190
0.373858
0.370550
0.046951
0.067782
0.691662
0.693374
0.067670
0.072516
0.120513
0.073219
0.689970
0.367069
0.106994
0.323849
0.336729
0.031230
0.047990
0.057462
0.062157
0.691325
0.093499
0.702561
0.090536
0.999641
0.073295
0.074339
0.098667
0.388794
0.692112
0.383626
0.693410
0.078072
0.367451
0.627874
0.075071
0.367459
0.689778
0.671619
0.390645
0.057968
0.075896
0.093762
0.080101
0.073559
0.365749
0.010497
0.373450
0.999641
0.397419
0.390354
0.381986
0.076057
0.383531
0.066566
0.373313
0.999641
0.075162
0.697456
0.058298
0.096642
0.681365
0.680069
0.366490
0.682689
0.046630
0.043316
0.064258
0.355149
0.008702
0.114884
0.714008
0.368656
0.053499
0.366666
0.665631
0.368716
0.368701
0.367512
0.049211
0.362528
0.361599
0.342368
0.359763
0.410221
0.686506
0.429213
0.049465
0.368469
0.371124
0.065984
0.056813
0.057492
0.042367
0.062569
0.057681
0.680214
0.680171
0.049347
0.049826
0.365415
0.050627
0.681524
0.052449
0.367761
0.095722
0.999483
0.314764
0.031423
0.999483
0.734736
0.100129
0.418998
0.708045
0.999483
0.708045
0.079245
0.057178
0.381197
0.384484
0.405146
0.377662
0.381727
0.363027
0.053761
0.057321
0.060664
0.373823
0.373130
0.060495
0.059359
0.371982
0.373318
0.375455
0.688843
0.055383
0.365657
0.049530
0.052262
0.369256
0.369621
0.368692
0.367954
0.682666
0.366103
0.681690
0.047929
0.052353
0.999483
0.364891
0.382925
0.378219
0.999483
0.071905
0.999483
0.070783
0.358823
0.295168
0.684882
0.286237
0.080200
0.999483
0.004552
0.695064
0.385935
0.692820
0.076127
0.376130
0.373490
0.373810
0.387882
0.063993
0.417825
0.702608
0.102384
0.085426
0.088517
0.059568
0.086404
0.618801
0.315048
0.127914
0.079204
0.068910
0.362756
0.077098
0.065658
0.075281
0.999483
0.082149
0.374853
0.999483
0.052342
0.369696
0.383697
0.068739
0.685746
0.064209
0.687474
0.379164
0.093816
0.680788
0.076949
0.683401
0.364607
0.071561
0.998719
0.362619
0.060055
0.996597
0.682995
0.360544
0.037651
0.996597
0.356812
0.357494
0.357777
0.042695
0.360653
0.362345
0.998423
0.361595
0.360614
0.056863
0.683236
0.390200
0.085959
0.396654
0.998423
0.109819
0.451525
0.073596
0.114507
0.717811
0.715414
0.049047
0.697396
0.413209
0.039448
0.350883
0.396282
0.400228
0.384481
0.361513
0.041782
0.368660
0.998423
0.056201
0.104159
0.109631
0.314826
0.691224
0.380802
0.367967
0.685264
0.686190
0.373763
0.374230
0.370949
0.053785
0.377513
0.076401
0.384259
0.333760
0.442900
0.138426
0.999641
0.059629
0.999641
0.388366
0.005831
0.673893
0.038159
0.370145
0.062662
0.999641
0.688180
0.065314
0.999641
0.030596
0.033451
0.056860
0.705326
0.999641
0.088602
0.078733
0.999641
0.693123
0.315236
0.394981
0.678480
0.323714
0.999641
0.695481
0.383831
0.395514
0.394838
0.098463
0.705938
0.405987
0.389564
0.378177
0.032725
0.693204
0.373450
0.701377
0.701056
0.393058
0.094034
0.398841
0.999641
0.089224
0.089186
0.400380
0.706240
0.091370
0.999641
0.687459
0.996119
0.369172
0.363584
0.133169
0.996119
0.694143
0.406849
0.353518
0.069362
0.683518
0.421585
0.060253
0.349952
0.682691
0.413025
0.299965
0.343512
0.356921
0.677728
0.041031
0.668609
0.340202
0.364918
0.680275
0.996119
0.040860
0.362373
0.366455
0.369008
0.681064
0.040037
0.362148
0.363773
0.360283
0.046268
0.047959
0.680800
0.681105
0.996119
0.052292
0.996119
0.367256
0.053418
0.261202
0.727389
0.175657
0.332985
0.144082
0.192089
0.298867
0.026161
0.491748
0.038311
0.083806
0.391068
0.372926
0.378170
0.382498
0.100592
0.390043
0.382487
0.388831
0.686400
0.999483
0.074578
0.065683
0.060183
0.118948
0.063146
0.372125
0.359652
0.682180
0.366549
0.052612
0.361899
0.363705
0.368793
0.667540
0.055373
0.684989
0.053155
0.050174
0.047890
0.364253
0.365275
0.683484
0.048677
0.698247
0.999483
0.100191
0.378444
0.099356
0.091307
0.999483
0.074508
0.378024
0.363477
0.999483
0.070555
0.686161
0.047713
0.085829
0.080796
0.383255
0.068590
0.610131
0.374536
0.373648
0.380475
0.393322
0.113877
0.999483
0.396511
0.367897
0.096211
0.698985
0.114380
0.147728
0.239004
0.419889
0.700323
0.395371
0.391235
0.671700
0.698396
0.381262
0.040215
0.406693
0.697760
0.386125
0.687128
0.038307
0.049145
0.378220
0.060046
0.999316
0.686763
0.686878
0.688416
0.055456
0.368914
0.370180
0.681203
0.073101
0.692803
0.389552
0.350479
0.044913
0.046883
0.678740
0.358437
0.037432
0.038020
0.677497
0.358096
0.358968
0.041426
0.362237
0.043273
0.679884
0.040883
0.396680
0.112568
0.379658
0.699030
0.098262
0.397732
0.701894
0.138290
0.124034
0.134374
0.998423
0.052399
0.085672
0.076007
0.302458
0.303756
0.075460
0.070805
0.390106
0.688942
0.063648
0.998423
0.681754
0.055340
0.065896
0.411337
0.324087
0.678070
0.075437
0.999030
0.689228
0.053429
0.373375
0.374837
0.999030
0.061866
0.373478
0.376582
0.703428
0.022773
0.375809
0.686152
0.107555
0.023913
0.043724
0.388366
0.324876
0.673893
0.999641
0.358678
0.999641
0.057886
0.061699
0.051522
0.404681
0.038239
0.654589
0.377997
0.377754
0.114100
0.032108
0.377924
0.078853
0.693123
0.009884
0.999641
0.325038
0.322482
0.142562
0.087238
0.372343
0.032091
0.388309
0.112845
0.705938
0.697550
0.357555
0.457183
0.384046
0.378512
0.677985
0.092911
0.110764
0.406076
0.406565
0.107834
0.394963
0.695055
0.393116
0.095426
0.406261
0.408176
0.400365
0.375121
0.011669
0.060563
0.743399
0.101988
0.135297
0.121569
0.406849
0.680293
0.996119
0.680293
0.399068
0.379054
0.082601
0.616810
0.398328
0.325692
0.322667
0.350797
0.359207
0.679042
0.041685
0.039234
0.357687
0.349609
0.043359
0.036860
0.355869
0.679890
0.365238
0.680101
0.366413
0.042754
0.361897
0.362538
0.362159
0.363686
0.365792
0.051479
0.366545
0.366887
0.996119
0.053428
0.367665
0.053244
0.357495
0.578706
0.261816
0.290447
0.302328
0.331116
0.432658
0.383255
0.320550
0.088367
0.393279
0.693421
0.686561
0.375080
0.025228
0.999483
0.412491
0.410892
0.694675
0.009361
0.118869
0.095866
0.385657
0.419297
0.698296
0.121332
0.043210
0.363615
0.676381
0.364299
0.047651
0.684159
0.049385
0.413906
0.695559
0.351685
0.057151
0.685408
0.052270
0.681905
0.681954
0.365084
0.048775
0.356972
0.043614
0.014761
0.179610
0.401832
0.697501
0.072214
0.076693
0.692625
0.999483
0.392395
0.059537
0.034743
0.683109
0.388648
0.076341
0.692050
0.384292
0.301827
0.668133
0.292023
0.064598
0.999483
0.692761
0.311198
0.095662
0.417741
0.127204
0.332672
0.999483
0.392718
0.424997
0.146516
0.700323
0.693292
0.999483
0.383515
0.404867
0.419761
0.339470
0.361503
0.332563
0.116113
0.118724
0.053496
0.049257
0.999483
0.372140
0.686843
0.055453
0.054377
0.056544
0.057502
0.368371
0.366213
0.370275
0.058028
0.386083
0.700853
0.062579
0.677293
0.357921
0.356129
0.041180
0.359202
0.039185
0.677602
0.039092
0.678977
0.679145
0.679488
0.043905
0.361412
0.680080
0.021769
0.376117
0.355398
0.685308
0.087748
0.375357
0.695864
0.406353
0.328779
0.122797
0.106314
0.121574
0.702038
0.400223
0.105738
0.998423
0.370171
0.626543
0.095993
0.381471
0.120095
0.289085
0.681754
0.042674
0.057817
0.693320
0.077860
0.287799
0.311461
0.367609
0.066470
0.366542
0.670890
0.367433
0.377754
0.067976
0.686341
0.679030
0.031052
0.384023
0.373680
0.378692
0.394269
0.704031
0.136651
0.999641
0.054237
0.740375
0.339594
0.673893
0.068779
0.056519
0.686520
0.060625
0.686877
0.081587
0.440228
0.054240
0.373729
0.360914
0.699653
0.061311
0.007815
0.075308
0.068524
0.132595
0.325038
0.999641
0.083103
0.416390
0.999641
0.680754
0.032683
0.678898
0.072520
0.102206
0.694016
0.372794
0.343625
0.120330
0.677469
0.068527
0.393025
0.085597
0.106473
0.103622
0.098252
0.698493
0.697995
0.398605
0.392955
0.097205
0.698429
0.401611
0.394835
0.371266
0.142280
0.722786
0.996119
0.151457
0.744970
0.094864
0.702862
0.046022
0.080251
0.691655
0.688257
0.068952
0.117716
0.020023
0.687282
0.053452
0.359387
0.365265
0.681314
0.363358
0.046743
0.363290
0.680060
0.040245
0.356581
0.359119
0.042677
0.363536
0.999483
0.680101
0.049412
0.364907
0.364579
0.364625
0.365840
0.367560
0.369096
0.055191
0.053884
0.681901
0.054534
0.681832
0.053054
0.424561
0.675176
0.333622
0.308305
0.401937
0.265997
0.303561
0.379726
0.062504
0.307059
0.377683
0.375677
0.065787
0.008037
0.999483
0.039634
0.411937
0.710068
0.113707
0.160818
0.048486
0.697287
0.671846
0.698296
0.687247
0.683049
0.999483
0.038074
0.681820
0.045025
0.116813
0.614618
0.140706
0.409440
0.999483
0.400065
0.066501
0.369376
0.367371
0.048926
0.047793
0.681669
0.355243
0.680584
0.303271
0.749356
0.030001
0.399186
0.678574
0.078562
0.388098
0.083373
0.051797
0.999483
0.107983
0.406711
0.081570
0.690297
0.076439
0.689369
0.380825
0.048632
0.363917
0.368960
0.382015
0.075681
0.311198
0.692418
0.999483
0.389859
0.079572
0.430526
0.698985
0.686086
0.395168
0.691953
0.411018
0.081724
0.079075
0.093702
0.482118
0.100936
0.358899
0.327347
0.419514
0.419795
0.122033
0.699623
0.372463
0.065638
0.381653
0.054169
0.362725
0.366611
0.046891
0.682373
0.365708
0.366385
0.683489
0.059284
0.683991
0.073548
0.383568
0.364519
0.038435
0.677965
0.359572
0.359558
0.359012
0.358456
0.038929
0.998423
0.041290
0.042497
0.043569
0.361830
0.679937
0.035310
0.347772
0.315375
0.391899
0.357662
0.308280
0.673692
0.107274
0.102117
0.010599
0.998423
0.038885
0.300770
0.460374
0.708626
0.035338
0.037515
0.131381
0.098179
0.441046
0.998423
0.746216
0.289085
0.052671
0.384939
0.358802
0.633587
0.151041
0.111448
0.083411
0.401579
0.064552
0.370806
0.386332
0.080054
0.380107
0.058792
0.686767
0.045542
0.374857
0.999641
0.076952
0.999641
0.384602
0.095541
0.050829
0.006969
0.023290
0.014160
0.079004
0.114176
0.386426
0.999641
0.060876
0.692913
0.380886
0.400423
0.382108
0.382329
0.699653
0.690028
0.009048
0.106458
0.689980
0.388739
0.075033
0.058968
0.393052
0.114874
0.334764
0.082251
0.070176
0.999641
0.380107
0.080577
0.397686
0.999641
0.078087
0.702035
0.385314
0.049987
0.386567
0.082981
0.443585
0.312984
0.415370
0.066815
0.086960
0.103243
0.396536
0.703925
0.075567
0.999641
0.698429
0.699173
0.693076
0.257803
0.081317
0.154556
0.703514
0.116954
0.348031
0.687086
0.013735
0.686384
0.067414
0.996119
0.068807
0.386567
0.378810
0.684578
0.052498
0.680562
0.049691
0.366777
0.366333
0.366546
0.365302
0.680917
0.046344
0.677760
0.361769
0.682169
0.365665
0.052372
0.052529
0.370506
0.053038
0.680801
0.681031
0.365973
0.367288
0.368471
0.367356
0.999483
0.053050
0.053630
0.366321
0.679994
0.052332
0.035759
0.602546
0.355316
0.303403
0.085127
0.332357
0.280425
0.999483
0.010175
0.293446
0.063175
0.069894
0.703974
0.034436
0.999483
0.410549
0.415253
0.029597
0.999483
0.111585
0.116291
0.096845
0.022744
0.058320
0.047666
0.683049
0.365737
0.051858
0.436119
0.999483
0.429668
0.316565
0.101633
0.393030
0.361987
0.081655
0.069197
0.369765
0.053673
0.366301
0.032699
0.357572
0.056923
0.422958
0.441845
0.118157
0.164885
0.695715
0.051452
0.684635
0.356844
0.070234
0.095195
0.696596
0.406520
0.084828
0.690347
0.689369
0.688257
0.999483
0.059965
0.368794
0.377510
0.688938
0.378807
0.378428
0.352965
0.112751
0.476601
0.469521
0.439645
0.325611
0.384537
0.394005
0.394643
0.999483
0.079468
0.317990
0.394706
0.106672
0.999483
0.133917
0.416633
0.006389
0.376290
0.019671
0.999483
0.699623
0.689036
0.382040
0.373055
0.366554
0.363772
0.048488
0.999316
0.365772
0.365999
0.052729
0.366048
0.053987
0.998719
0.368542
0.362767
0.041266
0.679992
0.361810
0.361864
0.360794
0.360450
0.359770
0.040451
0.041969
0.679624
0.042641
0.679537
0.354532
0.351524
0.019660
0.352861
0.381012
0.286243
0.673692
0.998423
0.055728
0.998423
0.093818
0.413988
0.024936
0.472427
0.708626
0.998423
0.440268
0.018840
0.397333
0.693253
0.379724
0.111841
0.287468
0.049018
0.043868
0.058115
0.684417
0.352040
0.061297
0.385286
0.381196
0.388002
0.402319
0.080116
0.063820
0.381616
0.075484
0.690098
0.376922
0.049806
0.689130
0.070513
0.999641
0.075958
0.691800
0.370577
0.353955
0.111445
0.298074
0.099183
0.999641
0.082492
0.689276
0.047097
0.687140
0.376109
0.685223
0.697233
0.999641
0.078568
0.081861
0.699560
0.748047
0.084919
0.692611
0.084794
0.381221
0.380152
0.999641
0.391479
0.079428
0.708865
0.999641
0.013412
0.093641
0.693348
0.399623
0.099477
0.103364
0.392643
0.696332
0.079844
0.094711
0.999641
0.416023
0.202045
0.733715
0.107830
0.453247
0.999641
0.415461
0.698342
0.399416
0.698429
0.394663
0.103097
0.070295
0.667971
0.649254
0.296749
0.996119
0.091775
0.996119
0.348031
0.052306
0.368137
0.687112
0.688257
0.377949
0.381523
0.376826
0.685337
0.054868
0.681812
0.366882
0.054925
0.367855
0.682282
0.052030
0.365990
0.364908
0.361451
0.678806
0.999483
0.051995
0.999483
0.371669
0.059911
0.054624
0.050939
0.049604
0.684232
0.369001
0.369374
0.368750
0.049982
0.683100
0.368601
0.052649
0.683503
0.052121
0.384472
0.611766
0.393148
0.744980
0.250437
0.302693
0.358108
0.100937
0.999483
0.028263
0.369697
0.074503
0.059373
0.394130
0.704031
0.403689
0.139401
0.110560
0.407423
0.405246
0.703550
0.400013
0.362197
0.681470
0.999483
0.359901
0.053276
0.381139
0.381642
0.117641
0.394878
0.406377
0.395447
0.369564
0.358584
0.999483
0.050731
0.372380
0.684190
0.364457
0.352243
0.622543
0.416732
0.161382
0.999483
0.170791
0.695715
0.999483
0.000353
0.036892
0.348725
0.678340
0.053710
0.687633
0.385737
0.071527
0.062975
0.063129
0.062530
0.060896
0.372649
0.374863
0.374193
0.066419
0.381412
0.125841
0.103836
0.696173
0.137828
0.434968
0.395076
0.056120
0.330107
0.396635
0.385108
0.384066
0.406441
0.747149
0.291621
0.042335
0.231903
0.095840
0.393361
0.651939
0.301523
0.652113
0.319907
0.064863
0.692340
0.691061
0.689182
0.369319
0.367351
0.049381
0.365900
0.365640
0.365311
0.364691
0.046232
0.680619
0.051054
0.045524
0.680074
0.042709
0.998423
0.679992
0.043633
0.679429
0.041060
0.679219
0.679000
0.041207
0.360003
0.359574
0.348703
0.672847
0.347323
0.025999
0.103932
0.673826
0.998423
0.035434
0.086003
0.075621
0.687385
0.087208
0.382465
0.727794
0.301091
0.431924
0.708626
0.002275
0.348586
0.080235
0.385559
0.673002
0.355717
0.998423
0.680080
0.080790
0.699442
0.077481
0.380668
0.072615
0.137437
0.094016
0.343698
0.998423
0.375157
0.065296
0.375341
0.378197
0.685972
0.999030
0.054818
0.039773
0.376072
0.072147
0.999641
0.381311
0.368789
0.354019
0.048701
0.684258
0.042511
0.052976
0.363621
0.018669
0.357519
0.056613
0.060039
0.058066
0.048638
0.000796
0.999641
0.386586
0.065674
0.090572
0.384504
0.690124
0.075701
0.690311
0.693402
0.077959
0.072049
0.321324
0.074165
0.104487
0.414533
0.316001
0.393816
0.391208
0.397125
0.397208
0.092639
0.696732
0.394553
0.093128
0.111906
0.105834
0.040709
0.058624
0.398829
0.081138
0.095629
0.999641
0.415108
0.103381
0.009404
0.104253
0.418950
0.412567
0.684522
0.261206
0.029438
0.408085
0.081611
0.082566
0.069652
0.703071
0.393568
0.066003
0.687112
0.071468
0.385227
0.379545
0.686663
0.058413
0.368916
0.682716
0.054365
0.996119
0.369343
0.053867
0.681813
0.051341
0.050261
0.047799
0.050832
0.370619
0.057788
0.076145
0.697868
0.064276
0.684505
0.052235
0.051382
0.053111
0.052113
0.361230
0.364141
0.062089
0.089437
0.113663
0.399998
0.053103
0.370395
0.069616
0.097087
0.043104
0.103220
0.428506
0.061869
0.366213
0.746602
0.023671
0.049238
0.678960
0.358168
0.055497
0.700731
0.405389
0.999483
0.110809
0.108812
0.097071
0.104171
0.365282
0.679336
0.023927
0.045572
0.367408
0.363181
0.065133
0.380839
0.385236
0.394134
0.395275
0.392990
0.693002
0.063809
0.680493
0.055010
0.376980
0.068605
0.365352
0.327660
0.416739
0.288335
0.389615
0.098549
0.347537
0.049879
0.695715
0.052487
0.324421
0.361690
0.684803
0.050476
0.373898
0.684871
0.058156
0.369055
0.369749
0.684281
0.056108
0.060731
0.999483
0.374440
0.376960
0.380368
0.999483
0.092863
0.437016
0.417213
0.999483
0.045828
0.397642
0.748677
0.090903
0.096797
0.085835
0.123711
0.302772
0.097813
0.999483
0.103814
0.999483
0.030077
0.291984
0.341074
0.306329
0.366873
0.374810
0.068151
0.063470
0.060218
0.372832
0.370119
0.052133
0.683332
0.366294
0.364782
0.364184
0.044538
0.681503
0.363244
0.045768
0.998423
0.680596
0.043796
0.044511
0.045040
0.998423
0.360174
0.360318
0.040654
0.040353
0.358628
0.354003
0.672847
0.998423
0.349469
0.037564
0.379626
0.005308
0.165575
0.396504
0.301811
0.438442
0.296494
0.024850
0.004351
0.010527
0.998423
0.301091
0.362956
0.060788
0.395079
0.352560
0.040714
0.041274
0.361650
0.345422
0.382766
0.699442
0.718619
0.096392
0.689281
0.998423
0.370923
0.108031
0.071566
0.062567
0.686258
0.058216
0.373278
0.376089
0.378123
0.060552
0.030009
0.376690
0.689883
0.999641
0.070737
0.683881
0.689734
0.363070
0.040532
0.685212
0.032441
0.418812
0.744401
0.066672
0.682017
0.685184
0.366799
0.681642
0.356780
0.014048
0.059697
0.076923
0.688008
0.691534
0.690124
0.999641
0.381667
0.073323
0.073959
0.358690
0.613569
0.410977
0.332233
0.055416
0.999641
0.060653
0.388634
0.694843
0.393853
0.089942
0.089290
0.694138
0.090936
0.391208
0.400536
0.366418
0.685882
0.999641
0.685882
0.110524
0.696375
0.071143
0.129808
0.380235
0.678247
0.390159
0.104652
0.400611
0.996119
0.293859
0.092014
0.101243
0.388488
0.380981
0.377798
0.384330
0.061305
0.361326
0.066410
0.076852
0.386071
0.380867
0.686809
0.059864
0.368431
0.367163
0.999483
0.368044
0.370660
0.055965
0.996119
0.051226
0.343745
0.298642
0.670459
0.055158
0.698671
0.697868
0.999483
0.398691
0.374599
0.052010
0.369346
0.685697
0.681292
0.690909
0.075318
0.722717
0.999483
0.187046
0.721699
0.103171
0.057937
0.371708
0.162738
0.015355
0.748496
0.691334
0.748496
0.374104
0.689997
0.056926
0.054071
0.999483
0.343154
0.295587
0.067328
0.129290
0.145340
0.161811
0.134332
0.696580
0.683139
0.679336
0.999483
0.056605
0.701906
0.078962
0.236284
0.290586
0.121346
0.384778
0.385869
0.389508
0.088374
0.381819
0.382296
0.683258
0.069368
0.073203
0.999483
0.384351
0.055719
0.192226
0.198824
0.010858
0.718603
0.405904
0.075812
0.403486
0.158475
0.067103
0.369307
0.684351
0.371605
0.053134
0.683475
0.368032
0.051055
0.684281
0.999483
0.053483
0.371355
0.059703
0.374531
0.687524
0.068471
0.074272
0.385128
0.133550
0.408209
0.109215
0.709880
0.389046
0.706543
0.134742
0.079731
0.999483
0.084372
0.377979
0.011939
0.460381
0.320414
0.392860
0.366680
0.385019
0.062280
0.371949
0.373694
0.383143
0.376293
0.377753
0.428431
0.355403
0.295953
0.055624
0.051737
0.683012
0.365720
0.363932
0.046640
0.998719
0.050797
0.998423
0.364137
0.045506
0.998423
0.679970
0.044833
0.360174
0.998423
0.360210
0.360381
0.359806
0.039152
0.357859
0.027282
0.028142
0.678791
0.049381
0.071194
0.998423
0.107175
0.697796
0.117865
0.306990
0.437761
0.998423
0.391506
0.013504
0.624907
0.374574
0.372341
0.394955
0.091013
0.083501
0.061153
0.290782
0.677746
0.362538
0.410528
0.044373
0.699756
0.394472
0.069907
0.689281
0.687423
0.680065
0.042805
0.371701
0.685007
0.685179
0.373808
0.687055
0.687436
0.377142
0.079379
0.394104
0.087521
0.385541
0.388361
0.689734
0.068738
0.355821
0.049975
0.999641
0.174828
0.174434
0.432899
0.395956
0.109060
0.062300
0.681642
0.999641
0.681642
0.675603
0.352329
0.688095
0.378314
0.066003
0.379823
0.377624
0.376938
0.688267
0.371968
0.294381
0.999641
0.613569
0.446706
0.999641
0.384551
0.701497
0.077876
0.999641
0.407204
0.081475
0.694138
0.693629
0.078517
0.403799
0.371331
0.679742
0.041087
0.074066
0.094884
0.139750
0.999641
0.388767
0.376980
0.044967
0.999641
0.678247
0.389140
0.405950
0.684522
0.079041
0.996119
0.097128
0.386655
0.996119
0.377800
0.996119
0.683238
0.052825
0.378097
0.996119
0.382556
0.686809
0.370296
0.685197
0.370158
0.685084
0.685077
0.054792
0.371597
0.057705
0.053103
0.410756
0.339053
0.358866
0.684853
0.045896
0.103468
0.412707
0.400836
0.418366
0.075424
0.115740
0.419945
0.093456
0.086779
0.396176
0.395192
0.151168
0.192439
0.428809
0.702843
0.108034
0.686217
0.355800
0.137333
0.360466
0.364322
0.999483
0.377118
0.060361
0.688321
0.025121
0.414499
0.370333
0.381743
0.077875
0.682123
0.107361
0.428524
0.705300
0.110543
0.389798
0.402113
0.046903
0.301886
0.101009
0.695951
0.380550
0.088487
0.091663
0.728675
0.124527
0.080861
0.999483
0.085348
0.386331
0.689777
0.382296
0.055821
0.070124
0.692793
0.422664
0.395788
0.160513
0.420803
0.705670
0.697871
0.034071
0.999483
0.362825
0.999483
0.066193
0.431193
0.696657
0.372816
0.054200
0.682967
0.366169
0.048437
0.050448
0.368597
0.683766
0.369632
0.685940
0.999483
0.375330
0.690334
0.688128
0.097863
0.403267
0.692775
0.109409
0.688830
0.999483
0.159263
0.304929
0.097424
0.694572
0.084045
0.115964
0.181913
0.636562
0.999483
0.012206
0.117172
0.436789
0.694230
0.377207
0.382004
0.064252
0.999483
0.430554
0.396530
0.111990
0.668571
0.609027
0.053464
0.999316
0.366092
0.364695
0.363768
0.049183
0.372035
0.057668
0.367903
0.051722
0.047203
0.044197
0.045222
0.043672
0.360897
0.361054
0.041719
0.679554
0.360598
0.040859
0.358821
0.998423
0.046104
0.047216
0.069834
0.105092
0.388175
0.673798
0.439099
0.018724
0.711256
0.437761
0.240353
0.084416
0.393771
0.397360
0.396652
0.394880
0.097062
0.389961
0.322661
0.415091
0.053292
0.050413
0.000054
0.492616
0.122276
0.691721
0.073981
0.372617
0.680065
0.040588
0.681205
0.056135
0.065013
0.061474
0.686399
0.375127
0.689117
0.689417
0.093416
0.704723
0.072536
0.057718
0.387523
0.692926
0.053972
0.999641
0.057979
0.374894
0.145103
0.411090
0.999641
0.398685
0.107228
0.381976
0.051694
0.681642
0.047258
0.040864
0.061454
0.061082
0.063405
0.375864
0.376663
0.062233
0.059690
0.373995
0.680454
0.999641
0.294381
0.404980
0.065170
0.411440
0.701497
0.086188
0.999641
0.110432
0.083045
0.358914
0.390696
0.999641
0.082750
0.360557
0.356927
0.676227
0.052524
0.396922
0.694989
0.098399
0.388767
0.999641
0.692033
0.391173
0.043910
0.085034
0.999641
0.092354
0.086714
0.399303
0.086202
0.084318
0.996119
0.386655
0.382001
0.061721
0.389889
0.073464
0.075292
0.086160
0.085195
0.068310
0.999483
0.058886
0.370963
0.056060
0.057175
0.685553
0.056297
0.369514
0.113882
0.724202
0.398606
0.380400
0.999483
0.056965
0.388564
0.131863
0.629703
0.095752
0.480674
0.452081
0.396128
0.698083
0.412095
0.108556
0.999483
0.388669
0.105849
0.390336
0.691902
0.089897
0.300918
0.508809
0.411945
0.705972
0.052695
0.691334
0.059997
0.392076
0.384455
0.107267
0.354236
0.044785
0.379949
0.428759
0.104360
0.999483
0.407593
0.999483
0.333050
0.108705
0.026190
0.622032
0.999483
0.052378
0.073094
0.421571
0.999483
0.026957
0.999483
0.728675
0.076701
0.081658
0.387738
0.384184
0.381584
0.381608
0.036854
0.429362
0.422664
0.392146
0.451282
0.370925
0.388052
0.692058
0.111191
0.084312
0.113168
0.705093
0.107934
0.318866
0.088514
0.378191
0.999483
0.055909
0.682854
0.682967
0.363752
0.046968
0.049627
0.050844
0.368210
0.053769
0.372004
0.060892
0.064045
0.376089
0.372637
0.378788
0.353183
0.695688
0.088814
0.380759
0.090456
0.712164
0.999483
0.124587
0.129937
0.371650
0.387616
0.434882
0.335234
0.999483
0.098508
0.109224
0.134067
0.065234
0.064048
0.070063
0.067570
0.116955
0.743565
0.011478
0.293250
0.060717
0.680214
0.052682
0.049598
0.682000
0.363212
0.363858
0.370758
0.376988
0.061069
0.055361
0.683316
0.049440
0.047135
0.681194
0.044224
0.680373
0.043179
0.998423
0.044392
0.682029
0.045311
0.041589
0.362670
0.693694
0.687757
0.385692
0.695602
0.129721
0.626901
0.401810
0.322528
0.050574
0.470116
0.013552
0.095814
0.097147
0.619579
0.083488
0.102404
0.998842
0.700622
0.710842
0.131347
0.690945
0.379385
0.699739
0.054190
0.683398
0.060912
0.083595
0.683617
0.055048
0.998423
0.056652
0.377484
0.374082
0.061705
0.062109
0.377823
0.698240
0.704723
0.381613
0.370303
0.374974
0.069196
0.076221
0.310288
0.343075
0.312633
0.105840
0.393443
0.090121
0.103336
0.418736
0.401199
0.695379
0.067742
0.057406
0.687276
0.375996
0.378237
0.062986
0.371811
0.999641
0.063078
0.685909
0.999641
0.372190
0.054354
0.361855
0.666202
0.303565
0.401580
0.085638
0.402286
0.101338
0.399124
0.121395
0.400936
0.700234
0.358914
0.076868
0.068102
0.363247
0.370310
0.999641
0.364131
0.694989
0.999641
0.397811
0.080631
0.692033
0.112746
0.685375
0.040982
0.999641
0.388718
0.695025
0.391716
0.088441
0.387608
0.996119
0.082661
0.396783
0.401384
0.074405
0.089838
0.996119
0.395442
0.695762
0.083928
0.074631
0.060028
0.371018
0.684651
0.685446
0.685553
0.999483
0.057517
0.369961
0.069750
0.147924
0.695029
0.692852
0.065975
0.063555
0.395390
0.629703
0.999483
0.002065
0.124888
0.689399
0.131103
0.390115
0.999483
0.098322
0.698231
0.086382
0.688414
0.077169
0.695075
0.075496
0.075056
0.000517
0.074823
0.064784
0.383056
0.088142
0.999483
0.375646
0.412430
0.326334
0.384013
0.600088
0.049390
0.077580
0.117713
0.701776
0.099162
0.373142
0.150144
0.999483
0.132117
0.359501
0.325723
0.123343
0.176517
0.077741
0.687152
0.156508
0.125881
0.386391
0.999483
0.077410
0.086814
0.382103
0.614594
0.372090
0.033937
0.302006
0.121647
0.397784
0.352211
0.371723
0.363033
0.680168
0.054164
0.373713
0.692645
0.134596
0.076935
0.689057
0.066046
0.372452
0.058092
0.683957
0.367208
0.047563
0.044869
0.363729
0.681752
0.048570
0.367516
0.368073
0.054220
0.371128
0.372672
0.359848
0.368061
0.327050
0.400210
0.702520
0.695688
0.094681
0.078596
0.420595
0.414754
0.443928
0.073635
0.355877
0.374752
0.083402
0.380055
0.090969
0.697545
0.400209
0.688653
0.690918
0.697344
0.999483
0.057277
0.409149
0.142234
0.999483
0.081083
0.068289
0.692719
0.058447
0.365614
0.681476
0.363253
0.045621
0.048206
0.373371
0.062837
0.684989
0.052843
0.999316
0.364115
0.045721
0.680765
0.362988
0.045476
0.045815
0.682320
0.049839
0.050902
0.067729
0.114607
0.115095
0.308830
0.665845
0.066068
0.001435
0.353879
0.998423
0.365634
0.705272
0.362366
0.122229
0.395492
0.619579
0.683623
0.012661
0.119477
0.700202
0.415934
0.075150
0.391670
0.380431
0.998423
0.138766
0.101964
0.698251
0.081642
0.998423
0.096555
0.425064
0.046570
0.055142
0.063017
0.685976
0.687100
0.061224
0.059320
0.069134
0.083835
0.691282
0.072112
0.393018
0.999641
0.072863
0.365966
0.611115
0.063676
0.398626
0.385778
0.084481
0.999641
0.107725
0.391989
0.691806
0.695379
0.687918
0.373815
0.376719
0.689224
0.061914
0.999641
0.058471
0.374430
0.373110
0.685909
0.370411
0.048836
0.369090
0.681043
0.356825
0.328923
0.127854
0.999641
0.080635
0.999641
0.429152
0.423532
0.685224
0.394023
0.734301
0.689091
0.082181
0.375696
0.040993
0.047903
0.374472
0.694989
0.072511
0.999641
0.388433
0.091713
0.116106
0.148813
0.133902
0.129075
0.377747
0.392173
0.996119
0.693788
0.082408
0.084934
0.092365
0.094319
0.415655
0.422864
0.114237
0.395029
0.390347
0.686958
0.073742
0.377717
0.373905
0.061338
0.058833
0.371289
0.056468
0.999483
0.054914
0.375761
0.394941
0.403568
0.689822
0.379024
0.054682
0.435594
0.408078
0.314568
0.074389
0.687740
0.380985
0.070072
0.384645
0.096966
0.378600
0.695708
0.079547
0.378471
0.387026
0.118829
0.376534
0.701968
0.066091
0.999483
0.121731
0.718229
0.106703
0.382317
0.057748
0.612007
0.055331
0.600088
0.413926
0.399188
0.696637
0.095127
0.077717
0.076689
0.084212
0.072847
0.749140
0.083308
0.096763
0.424094
0.430726
0.999483
0.080207
0.413527
0.710527
0.382356
0.380283
0.097283
0.182851
0.090962
0.333958
0.661740
0.299526
0.074198
0.364567
0.397679
0.999483
0.087051
0.328250
0.364898
0.366378
0.686648
0.999483
0.686648
0.392745
0.083856
0.999483
0.063161
0.371183
0.683957
0.683535
0.366960
0.364577
0.044502
0.363299
0.681593
0.047996
0.367064
0.367980
0.068668
0.374783
0.372549
0.365044
0.348351
0.389092
0.702520
0.710418
0.390926
0.408435
0.094866
0.079738
0.386319
0.999483
0.060908
0.361582
0.369363
0.375772
0.394543
0.389127
0.390616
0.124068
0.702616
0.146253
0.690918
0.408584
0.098946
0.381991
0.415528
0.123998
0.136966
0.126545
0.999483
0.692552
0.377834
0.046582
0.366161
0.682531
0.999483
0.051900
0.059878
0.369035
0.365571
0.682677
0.363041
0.680753
0.362469
0.362837
0.363978
0.048543
0.682826
0.051787
0.998423
0.384589
0.998804
0.700786
0.412057
0.389157
0.998804
0.374989
0.349711
0.042196
0.369626
0.065001
0.405757
0.021793
0.426099
0.086061
0.998423
0.052020
0.405066
0.120632
0.025836
0.679145
0.310379
0.081811
0.079253
0.395172
0.415035
0.449062
0.087122
0.699997
0.690564
0.379005
0.363127
0.052139
0.372271
0.374142
0.999030
0.064130
0.687889
0.065585
0.380820
0.670193
0.007185
0.999641
0.083710
0.368757
0.239091
0.748847
0.318633
0.086771
0.381110
0.378888
0.090269
0.385947
0.381648
0.688194
0.380082
0.373985
0.686127
0.687705
0.066299
0.376040
0.054220
0.055033
0.373912
0.375244
0.685896
0.371950
0.048908
0.366911
0.684728
0.370974
0.048484
0.381001
0.698773
0.398289
0.120125
0.400191
0.147960
0.999641
0.419884
0.056901
0.070024
0.999641
0.089045
0.999641
0.076654
0.064390
0.371606
0.365819
0.688402
0.070468
0.706185
0.704247
0.999641
0.383257
0.112903
0.165775
0.996119
0.088046
0.091813
0.087041
0.695758
0.353546
0.612806
0.363599
0.127521
0.407093
0.092092
0.372426
0.372912
0.374535
0.392557
0.379664
0.364966
0.999483
0.059118
0.684986
0.054867
0.054305
0.380517
0.383686
0.393437
0.674165
0.316300
0.063790
0.681119
0.113567
0.362655
0.371537
0.687574
0.687740
0.054771
0.377731
0.354470
0.390983
0.695524
0.090440
0.383237
0.128569
0.999483
0.749004
0.083566
0.394175
0.387166
0.140710
0.412022
0.447813
0.139360
0.710319
0.086868
0.063692
0.057122
0.696318
0.696637
0.999483
0.061713
0.304048
0.672387
0.437979
0.022964
0.102377
0.999483
0.700532
0.406888
0.398388
0.430726
0.071404
0.368747
0.424770
0.999483
0.679801
0.183707
0.728327
0.496984
0.066608
0.695648
0.059357
0.358254
0.381859
0.070149
0.094143
0.657275
0.684213
0.357942
0.999483
0.050511
0.061949
0.082281
0.396934
0.085060
0.379681
0.062405
0.369376
0.053477
0.682486
0.999483
0.046055
0.362992
0.363437
0.681682
0.048050
0.366972
0.305069
0.688895
0.397990
0.375350
0.367788
0.369211
0.436556
0.049841
0.747791
0.119370
0.391073
0.404081
0.999483
0.084601
0.074840
0.371604
0.369876
0.380845
0.384615
0.384586
0.392499
0.075656
0.078266
0.172535
0.006455
0.127634
0.224352
0.289600
0.377900
0.699652
0.393862
0.705266
0.136990
0.441170
0.099702
0.427799
0.048960
0.696227
0.368687
0.682531
0.051924
0.056338
0.427835
0.699494
0.366464
0.362979
0.043220
0.043287
0.999316
0.046309
0.048766
0.678248
0.014653
0.082539
0.082772
0.099935
0.745016
0.018742
0.696774
0.683691
0.381961
0.383803
0.097552
0.362909
0.005876
0.998423
0.661878
0.098625
0.998423
0.069517
0.058252
0.151785
0.699109
0.998423
0.089341
0.393853
0.391216
0.396293
0.692743
0.089295
0.682760
0.083930
0.690564
0.387921
0.096346
0.090474
0.373212
0.380564
0.376144
0.067611
0.380430
0.378494
0.999555
0.048066
0.683134
0.167264
0.110896
0.060851
0.999641
0.355585
0.040146
0.394353
0.385211
0.377720
0.374758
0.375398
0.374067
0.688194
0.999641
0.063732
0.686127
0.375010
0.065722
0.999641
0.053773
0.051017
0.687963
0.376927
0.383756
0.688489
0.049219
0.368466
0.361928
0.684018
0.367399
0.076218
0.359652
0.065851
0.411489
0.089842
0.999641
0.076716
0.685224
0.043743
0.023220
0.999641
0.078935
0.999641
0.391989
0.395436
0.384155
0.376051
0.374689
0.371851
0.684237
0.097150
0.706185
0.132290
0.673155
0.385645
0.723767
0.070946
0.081990
0.693656
0.388064
0.067247
0.317953
0.684102
0.036214
0.702981
0.097511
0.999483
0.692874
0.684950
0.074576
0.999483
0.070149
0.999483
0.051689
0.058839
0.686109
0.370033
0.057598
0.382238
0.384075
0.049735
0.999483
0.674165
0.028535
0.062919
0.371209
0.369651
0.999483
0.368905
0.060037
0.051538
0.351473
0.377233
0.393181
0.390013
0.089756
0.390212
0.372966
0.749004
0.069018
0.072570
0.387486
0.699816
0.117450
0.999483
0.707455
0.100733
0.694005
0.676101
0.709351
0.087731
0.065327
0.007503
0.696637
0.388399
0.024124
0.176619
0.395236
0.118033
0.420851
0.404933
0.406888
0.395785
0.692242
0.088741
0.373863
0.055193
0.084498
0.101185
0.010832
0.130342
0.396490
0.098847
0.134765
0.377082
0.999483
0.127645
0.045534
0.077535
0.327633
0.062035
0.030424
0.374253
0.055579
0.381325
0.692862
0.083513
0.694708
0.080947
0.689806
0.060737
0.683758
0.683196
0.366401
0.364670
0.681446
0.999483
0.681446
0.681327
0.049229
0.289056
0.744520
0.406538
0.692355
0.357189
0.684124
0.688747
0.634383
0.747791
0.999483
0.129320
0.677254
0.098873
0.394464
0.999882
0.448512
0.688004
0.063290
0.382258
0.694793
0.084425
0.389523
0.388595
0.697015
0.409318
0.719162
0.693751
0.719162
0.103962
0.389154
0.395105
0.387173
0.115173
0.396689
0.130701
0.440499
0.386525
0.052058
0.423148
0.696227
0.425506
0.357180
0.093576
0.405946
0.747029
0.066631
0.347022
0.330042
0.022295
0.681388
0.364225
0.365388
0.061328
0.082575
0.394685
0.388118
0.680709
0.383334
0.100885
0.399380
0.696774
0.378130
0.108170
0.706309
0.485764
0.329689
0.009027
0.057836
0.072620
0.081039
0.391196
0.698210
0.100205
0.414889
0.101864
0.998423
0.393276
0.998423
0.089294
0.998423
0.053938
0.684681
0.085342
0.105051
0.401353
0.432544
0.100578
0.041896
0.689672
0.069779
0.690661
0.074086
0.379686
0.688168
0.060954
0.436443
0.702998
0.446872
0.083629
0.045513
0.686439
0.069128
0.384412
0.379148
0.374850
0.372215
0.999641
0.054409
0.058732
0.372553
0.371844
0.372380
0.375818
0.065145
0.373700
0.056470
0.686929
0.683687
0.070563
0.397397
0.373431
0.411542
0.389881
0.695427
0.400495
0.008991
0.066232
0.999641
0.686459
0.373060
0.384731
0.711487
0.418679
0.061126
0.999641
0.008468
0.681567
0.107916
0.699953
0.087845
0.076418
0.999641
0.076170
0.391494
0.091130
0.379465
0.116656
0.116987
0.999641
0.395992
0.704195
0.447562
0.386443
0.382022
0.084253
0.694672
0.096619
0.366379
0.996119
0.082831
0.101162
0.089751
0.692874
0.066959
0.431542
0.299174
0.082702
0.119596
0.426781
0.001848
0.686109
0.999483
0.373101
0.059004
0.375450
0.361250
0.371761
0.109391
0.341086
0.999483
0.331712
0.381548
0.377292
0.056538
0.369427
0.368757
0.043064
0.365325
0.377415
0.999483
0.380547
0.083485
0.683395
0.066465
0.382592
0.694522
0.027014
0.408880
0.999483
0.100065
0.085928
0.383328
0.075087
0.079639
0.403873
0.999483
0.126721
0.295224
0.490852
0.023271
0.293062
0.493019
0.665837
0.743567
0.176214
0.132734
0.128204
0.104754
0.398401
0.675805
0.376942
0.054883
0.683732
0.048478
0.999483
0.366310
0.096698
0.999483
0.693487
0.017033
0.689134
0.377082
0.081030
0.999483
0.002483
0.633418
0.017195
0.373845
0.378164
0.999483
0.074735
0.693814
0.083351
0.999483
0.387710
0.383136
0.058589
0.050401
0.367153
0.050318
0.049136
0.047868
0.364938
0.047167
0.047663
0.052480
0.370523
0.292211
0.136828
0.081271
0.364403
0.050103
0.369459
0.383994
0.063187
0.123555
0.007879
0.683230
0.070549
0.408707
0.698911
0.711878
0.436842
0.690397
0.383863
0.081136
0.693742
0.383528
0.378376
0.077794
0.440128
0.088359
0.999483
0.436684
0.288817
0.098243
0.081264
0.391156
0.697514
0.101733
0.384666
0.374520
0.371044
0.369152
0.000416
0.149960
0.677830
0.025337
0.060442
0.688144
0.705767
0.115678
0.354362
0.359631
0.394484
0.086777
0.377624
0.125714
0.998423
0.087230
0.353620
0.998804
0.076586
0.998804
0.075473
0.052599
0.078056
0.694243
0.081363
0.690530
0.706309
0.106872
0.653519
0.677026
0.366089
0.084300
0.397876
0.402116
0.702990
0.094672
0.391184
0.398386
0.099826
0.096019
0.691039
0.692743
0.377297
0.685437
0.078505
0.998423
0.701122
0.401694
0.998423
0.066050
0.381014
0.382017
0.388449
0.308215
0.673972
0.070732
0.065283
0.393753
0.390807
0.999641
0.078493
0.376987
0.382026
0.689620
0.692741
0.067191
0.373184
0.999641
0.055936
0.367627
0.367350
0.999641
0.053502
0.058070
0.063121
0.061973
0.999641
0.372820
0.056549
0.686929
0.078038
0.694953
0.404403
0.372210
0.081408
0.090711
0.292009
0.375818
0.382585
0.043038
0.043526
0.361201
0.375247
0.704485
0.381566
0.068880
0.369721
0.357263
0.038286
0.341392
0.361370
0.390021
0.692281
0.692629
0.092956
0.116266
0.692348
0.697361
0.052529
0.428105
0.123087
0.704195
0.109443
0.098743
0.375793
0.612280
0.386692
0.087212
0.373029
0.395708
0.137936
0.106328
0.401345
0.068643
0.062030
0.120907
0.695959
0.412418
0.281211
0.394336
0.060899
0.438339
0.080321
0.060397
0.999483
0.058748
0.357265
0.377912
0.432485
0.320463
0.480666
0.714609
0.731092
0.309556
0.690648
0.688346
0.686370
0.369034
0.048048
0.370920
0.371568
0.375229
0.058422
0.424589
0.392335
0.999483
0.075083
0.366528
0.396575
0.709554
0.699816
0.097903
0.374399
0.058837
0.062004
0.375443
0.115579
0.070335
0.110414
0.150931
0.351651
0.031867
0.122495
0.395746
0.744494
0.052088
0.104915
0.408803
0.408050
0.999483
0.078347
0.688285
0.344387
0.684182
0.682114
0.067039
0.366310
0.705660
0.691467
0.038099
0.393643
0.594878
0.372649
0.092457
0.133114
0.689256
0.014728
0.442269
0.070311
0.067176
0.385561
0.074400
0.999483
0.081851
0.388200
0.387657
0.075389
0.688776
0.376102
0.053650
0.051770
0.683629
0.999483
0.367121
0.683430
0.050679
0.368753
0.079284
0.377297
0.385033
0.408113
0.394710
0.999483
0.058605
0.024667
0.023226
0.408050
0.097430
0.376491
0.999483
0.683230
0.392777
0.040331
0.749483
0.311361
0.073937
0.383324
0.382578
0.075600
0.380182
0.057169
0.999483
0.371339
0.375437
0.074182
0.060446
0.170296
0.714344
0.748249
0.085038
0.999483
0.390737
0.075441
0.374501
0.372211
0.083668
0.999483
0.713381
0.103829
0.364160
0.053035
0.692163
0.435858
0.039540
0.701572
0.675449
0.368602
0.442833
0.443419
0.139612
0.082738
0.393193
0.022791
0.016619
0.037307
0.061111
0.402614
0.698970
0.081926
0.697098
0.387405
0.388603
0.127059
0.414486
0.040752
0.022422
0.068694
0.390987
0.700905
0.111942
0.080018
0.372377
0.375258
0.090705
0.122171
0.059276
0.069542
0.086654
0.060117
0.685520
0.058135
0.701122
0.098713
0.434685
0.117208
0.004207
0.071533
0.128639
0.324980
0.347288
0.682191
0.364601
0.071644
0.385905
0.309086
0.061093
0.382810
0.380033
0.999641
0.377888
0.381184
0.062611
0.372652
0.371553
0.368419
0.999641
0.683877
0.050027
0.365992
0.368896
0.685632
0.059844
0.685899
0.057080
0.053376
0.069536
0.075635
0.063989
0.055699
0.129904
0.002169
0.091630
0.057215
0.103646
0.687841
0.093112
0.103564
0.367591
0.057140
0.687674
0.383679
0.083074
0.999641
0.017671
0.122942
0.061293
0.009051
0.072892
0.392591
0.388932
0.096632
0.999641
0.121971
0.681634
0.054814
0.999641
0.379935
0.096200
0.110723
0.368062
0.999483
0.363943
0.311300
0.393870
0.088856
0.493507
0.999483
0.419224
0.086404
0.999483
0.073356
0.385392
0.691339
0.437545
0.366140
0.349083
0.404118
0.129919
0.444879
0.070750
0.055401
0.054945
0.388324
0.448055
0.420620
0.374491
0.302893
0.120971
0.006607
0.999483
0.381316
0.066478
0.062813
0.053961
0.366684
0.052162
0.684072
0.054522
0.366634
0.600949
0.044375
0.436741
0.095006
0.384688
0.434231
0.121731
0.103251
0.366921
0.056520
0.685706
0.378307
0.382825
0.418551
0.403929
0.411390
0.999483
0.196076
0.412025
0.608569
0.374509
0.436169
0.414606
0.386184
0.094555
0.391551
0.396555
0.381308
0.697179
0.386036
0.037778
0.058255
0.070937
0.079892
0.081168
0.637918
0.999483
0.233313
0.371965
0.372152
0.073440
0.690147
0.384135
0.110127
0.026235
0.400894
0.693600
0.693194
0.080857
0.080085
0.386813
0.384915
0.999483
0.382465
0.379532
0.375937
0.057494
0.371189
0.055158
0.054391
0.051415
0.683453
0.683624
0.070008
0.999483
0.391038
0.114549
0.409072
0.399333
0.074922
0.059703
0.334117
0.429807
0.403570
0.395534
0.683268
0.683230
0.076982
0.117221
0.411898
0.327800
0.074758
0.381952
0.071697
0.688806
0.378379
0.376079
0.035365
0.682848
0.045608
0.066833
0.382162
0.142298
0.421685
0.999483
0.403654
0.078880
0.390737
0.999483
0.072698
0.378242
0.376614
0.113856
0.713381
0.490095
0.396773
0.098825
0.372682
0.382384
0.080241
0.086862
0.999316
0.140034
0.318362
0.343212
0.384386
0.081245
0.384790
0.998423
0.080647
0.353143
0.700466
0.088784
0.090894
0.690954
0.094033
0.691966
0.998804
0.399888
0.446051
0.314345
0.492726
0.374420
0.063685
0.611803
0.387210
0.093793
0.681593
0.680454
0.368276
0.414832
0.716085
0.998423
0.716085
0.046632
0.376044
0.690493
0.059525
0.066975
0.742957
0.150274
0.352123
0.069780
0.422485
0.433501
0.999030
0.089434
0.381110
0.689189
0.071776
0.311378
0.344217
0.999641
0.054725
0.380397
0.378787
0.689458
0.064813
0.374604
0.061064
0.060635
0.056856
0.683877
0.050142
0.999641
0.050504
0.684935
0.371896
0.062340
0.064273
0.687582
0.058887
0.686811
0.999641
0.378299
0.368427
0.999641
0.684403
0.106381
0.999641
0.740106
0.150220
0.479430
0.058541
0.414711
0.999641
0.072398
0.085284
0.076769
0.381106
0.694536
0.071881
0.999641
0.690834
0.398449
0.999641
0.099657
0.416607
0.411385
0.097750
0.999641
0.035317
0.383163
0.062950
0.999641
0.690095
0.398042
0.363943
0.682833
0.372740
0.388745
0.389510
0.400189
0.164818
0.999483
0.068898
0.697850
0.083131
0.378513
0.433215
0.322721
0.707064
0.436247
0.378518
0.702326
0.089952
0.365373
0.361706
0.684245
0.359045
0.393004
0.416126
0.097818
0.999483
0.080224
0.695545
0.388519
0.076789
0.377329
0.063649
0.370543
0.368926
0.999483
0.049398
0.367474
0.048736
0.036694
0.361104
0.026477
0.379942
0.084414
0.067481
0.074521
0.019031
0.354181
0.685552
0.378863
0.696132
0.100749
0.710503
0.999483
0.404099
0.106564
0.123043
0.291335
0.663019
0.706260
0.701992
0.091160
0.687829
0.366560
0.069728
0.366063
0.684020
0.053097
0.375480
0.385320
0.067792
0.694684
0.692466
0.079771
0.121536
0.363642
0.130602
0.385835
0.382121
0.070024
0.692449
0.068209
0.055240
0.700668
0.382648
0.393420
0.999483
0.385438
0.077993
0.383480
0.381797
0.382465
0.999483
0.689515
0.374261
0.059021
0.371049
0.684242
0.053806
0.365112
0.049203
0.685918
0.092360
0.417967
0.104630
0.406684
0.702311
0.400587
0.084534
0.999483
0.368493
0.121020
0.999483
0.702505
0.086718
0.073545
0.101717
0.999483
0.110944
0.392141
0.385793
0.381812
0.690596
0.379365
0.378624
0.380721
0.686150
0.346944
0.629187
0.380287
0.085632
0.114157
0.622374
0.421685
0.360617
0.322719
0.076201
0.064508
0.380190
0.072940
0.376173
0.281332
0.160015
0.396773
0.339035
0.712051
0.421245
0.387680
0.400494
0.115837
0.089892
0.322357
0.471268
0.280198
0.349638
0.380130
0.106629
0.063024
0.678671
0.361496
0.359081
0.073373
0.055971
0.686227
0.018632
0.043278
0.072743
0.998804
0.131079
0.234267
0.411618
0.389379
0.304830
0.998423
0.611803
0.103312
0.071774
0.053770
0.368141
0.298640
0.145517
0.716085
0.400195
0.015596
0.691853
0.377799
0.051802
0.408436
0.413951
0.701401
0.084974
0.031173
0.434200
0.425443
0.414802
0.105924
0.700810
0.394584
0.075804
0.357186
0.374068
0.363619
0.690581
0.999641
0.690581
0.066406
0.375363
0.061420
0.686728
0.999641
0.056273
0.049320
0.046090
0.047599
0.368707
0.999641
0.061410
0.999641
0.384099
0.377569
0.065350
0.065114
0.378299
0.999641
0.058646
0.684403
0.088183
0.096527
0.471843
0.438941
0.999641
0.095574
0.085379
0.031888
0.380177
0.386407
0.694689
0.999641
0.076239
0.693338
0.080881
0.088499
0.390449
0.025244
0.137788
0.034352
0.379147
0.069617
0.686268
0.374434
0.028735
0.999641
0.394132
0.392622
0.386653
0.352325
0.395158
0.999483
0.049152
0.999483
0.693088
0.691772
0.304145
0.045569
0.084091
0.083997
0.064183
0.999483
0.012670
0.147254
0.999483
0.408353
0.999483
0.135580
0.005671
0.694147
0.059876
0.673793
0.671666
0.065036
0.406293
0.701332
0.068680
0.069450
0.695549
0.085480
0.392355
0.303263
0.070551
0.062280
0.289952
0.049683
0.381249
0.999483
0.055815
0.687327
0.999483
0.372519
0.017971
0.365746
0.687594
0.436747
0.999483
0.067677
0.374322
0.382202
0.410595
0.709578
0.414914
0.404099
0.999483
0.386629
0.682248
0.691741
0.608569
0.057787
0.999483
0.085167
0.999483
0.057412
0.369668
0.372057
0.681539
0.370841
0.370942
0.395078
0.050377
0.385209
0.694400
0.072514
0.426889
0.392481
0.701649
0.386639
0.024075
0.388022
0.693410
0.380545
0.035198
0.377044
0.438642
0.387004
0.079068
0.381589
0.381095
0.689278
0.379989
0.069881
0.066328
0.062658
0.058141
0.368773
0.368303
0.999483
0.048769
0.361811
0.366191
0.999483
0.096865
0.113320
0.385254
0.092286
0.114397
0.396572
0.389674
0.309012
0.398949
0.411947
0.137234
0.095357
0.108645
0.393756
0.999483
0.095511
0.391551
0.086291
0.999483
0.690951
0.071383
0.379935
0.380908
0.387283
0.368838
0.332940
0.094241
0.680554
0.362565
0.012377
0.999483
0.300371
0.322726
0.384453
0.691469
0.685124
0.371399
0.376366
0.299887
0.053601
0.370006
0.045872
0.999483
0.619998
0.102019
0.393929
0.396525
0.385778
0.703237
0.412678
0.999316
0.408519
0.999316
0.034898
0.076408
0.361920
0.361469
0.678401
0.040599
0.358798
0.998804
0.006674
0.410339
0.068526
0.683216
0.058961
0.098662
0.125125
0.698445
0.998804
0.393555
0.000038
0.066174
0.392349
0.079918
0.687931
0.059185
0.712701
0.009903
0.215478
0.053189
0.389769
0.998423
0.381609
0.039704
0.381463
0.701401
0.998423
0.074095
0.097014
0.411670
0.410218
0.999030
0.088976
0.686929
0.398202
0.073359
0.371312
0.381004
0.381154
0.074584
0.690581
0.380842
0.064186
0.999641
0.060598
0.373747
0.686728
0.055821
0.366469
0.365477
0.683414
0.999641
0.368707
0.062258
0.377380
0.691243
0.385140
0.077777
0.379867
0.112457
0.024144
0.375828
0.391840
0.381358
0.134575
0.749527
0.149425
0.717637
0.386691
0.378747
0.013156
0.373469
0.080827
0.388591
0.694689
0.082383
0.999641
0.693338
0.692901
0.394617
0.080935
0.999641
0.090373
0.066677
0.374210
0.999641
0.080249
0.408003
0.392871
0.105690
0.108268
0.705286
0.118199
0.361227
0.046222
0.999483
0.365802
0.072637
0.032503
0.297014
0.684819
0.390968
0.446127
0.284717
0.077765
0.999483
0.128588
0.030674
0.073760
0.438787
0.161487
0.999483
0.391486
0.079858
0.039946
0.691421
0.363278
0.068789
0.693691
0.393825
0.066359
0.371705
0.388915
0.000758
0.999483
0.610608
0.007837
0.094250
0.708824
0.075781
0.683996
0.074972
0.088825
0.080161
0.999483
0.066847
0.320693
0.143409
0.633853
0.134235
0.378056
0.100327
0.072599
0.999483
0.410595
0.414962
0.096246
0.693079
0.035492
0.375799
0.361161
0.382580
0.093337
0.396821
0.999483
0.071845
0.064220
0.688884
0.058012
0.373267
0.681709
0.369948
0.375810
0.060667
0.384737
0.699371
0.999483
0.699371
0.403331
0.999483
0.126625
0.417816
0.008401
0.381720
0.689465
0.020027
0.100677
0.417215
0.077116
0.690058
0.071584
0.999483
0.066567
0.999483
0.374987
0.372949
0.370730
0.051262
0.368405
0.685813
0.052410
0.045946
0.360727
0.361249
0.064879
0.396597
0.366491
0.383794
0.999483
0.100038
0.404398
0.310097
0.667953
0.294152
0.139666
0.425840
0.705983
0.415027
0.093926
0.391492
0.385228
0.379132
0.072120
0.073538
0.690464
0.381292
0.380527
0.379933
0.398497
0.095125
0.163325
0.125833
0.999483
0.680554
0.419813
0.314467
0.079916
0.357705
0.384909
0.374091
0.071676
0.309021
0.045222
0.602213
0.294714
0.060278
0.377908
0.619998
0.093815
0.080491
0.685375
0.374448
0.376621
0.699764
0.019496
0.125865
0.054866
0.039145
0.353166
0.048679
0.364111
0.359495
0.355704
0.354457
0.366514
0.682332
0.184006
0.358404
0.998804
0.004259
0.669338
0.675971
0.354220
0.094195
0.072275
0.385299
0.066949
0.680553
0.055904
0.375114
0.364702
0.392011
0.283264
0.745913
0.104883
0.078818
0.691664
0.075231
0.690797
0.057358
0.681373
0.063649
0.058783
0.067575
0.383915
0.097381
0.999030
0.086058
0.080815
0.691071
0.059302
0.365677
0.371100
0.379327
0.384146
0.690242
0.690981
0.067889
0.062740
0.373840
0.059917
0.372936
0.372902
0.057188
0.685578
0.684375
0.049832
0.683414
0.369449
0.685998
0.380871
0.388046
0.396044
0.109466
0.999641
0.035782
0.686744
0.038824
0.402142
0.999641
0.155936
0.091888
0.430344
0.386691
0.999641
0.684987
0.072260
0.384168
0.999641
0.079271
0.388202
0.386273
0.693338
0.095543
0.700775
0.135245
0.414878
0.685516
0.710760
0.084011
0.999641
0.374210
0.080290
0.999641
0.101251
0.109467
0.409496
0.702652
0.410399
0.694266
0.063828
0.348981
0.308327
0.696185
0.305999
0.381963
0.082142
0.149834
0.698967
0.410140
0.268306
0.058008
0.999483
0.022475
0.144018
0.298762
0.273239
0.391486
0.999483
0.075543
0.101210
0.398502
0.700837
0.082722
0.392742
0.383811
0.999483
0.382938
0.392400
0.084401
0.610608
0.386287
0.705353
0.054862
0.387730
0.381701
0.690502
0.091042
0.999483
0.105315
0.077654
0.394371
0.082742
0.999483
0.716408
0.633853
0.107843
0.679041
0.999483
0.073786
0.704867
0.104308
0.748870
0.032222
0.090124
0.381649
0.075000
0.367160
0.686151
0.392490
0.067140
0.378168
0.379156
0.999483
0.378831
0.053279
0.362518
0.681295
0.366725
0.685508
0.059811
0.400482
0.699371
0.107452
0.113052
0.103652
0.061642
0.999483
0.388511
0.076971
0.409726
0.688656
0.999483
0.386785
0.088688
0.688578
0.065946
0.064495
0.999483
0.062260
0.057041
0.683341
0.049121
0.368007
0.684159
0.371668
0.057075
0.366318
0.363488
0.364502
0.682190
0.046586
0.370119
0.386597
0.696974
0.105822
0.105535
0.698289
0.378170
0.351207
0.075863
0.705983
0.999483
0.705983
0.390135
0.380072
0.378783
0.688206
0.686774
0.381500
0.072635
0.999483
0.071019
0.397767
0.373914
0.712912
0.693390
0.401867
0.362005
0.105963
0.999483
0.120201
0.374626
0.383643
0.380403
0.075829
0.031934
0.689854
0.339355
0.422236
0.297452
0.056805
0.372724
0.691213
0.384525
0.058306
0.999316
0.369234
0.362801
0.074111
0.356748
0.374478
0.364050
0.049255
0.998423
0.048295
0.679517
0.678359
0.677992
0.685597
0.057791
0.372526
0.012762
0.391837
0.720369
0.126588
0.355351
0.370436
0.370057
0.684751
0.068182
0.690417
0.381823
0.378180
0.053317
0.678898
0.998423
0.023775
0.478847
0.029468
0.342334
0.309313
0.389961
0.690797
0.998423
0.386831
0.381006
0.370980
0.366718
0.049225
0.375971
0.694817
0.067808
0.392587
0.388057
0.378265
0.686434
0.050262
0.680601
0.059069
0.070801
0.068638
0.378264
0.999641
0.060910
0.686050
0.059028
0.058970
0.686174
0.058887
0.686502
0.369131
0.053023
0.683997
0.371577
0.376800
0.075447
0.084302
0.088928
0.096484
0.089553
0.686744
0.999641
0.387993
0.393714
0.125685
0.109596
0.393443
0.347567
0.361918
0.378406
0.688229
0.385505
0.080629
0.692556
0.381861
0.054453
0.086682
0.691527
0.072223
0.418896
0.490359
0.085505
0.406008
0.412724
0.370058
0.082291
0.386913
0.381023
0.078129
0.095741
0.107310
0.700612
0.110621
0.999641
0.999483
0.694266
0.005734
0.083600
0.093278
0.397258
0.093499
0.698409
0.698967
0.999483
0.698967
0.289457
0.434387
0.025902
0.749083
0.999483
0.749083
0.587688
0.273239
0.343286
0.354783
0.680188
0.409320
0.999483
0.117022
0.693922
0.693711
0.689372
0.388803
0.388224
0.084787
0.118622
0.088533
0.345521
0.687023
0.382550
0.385668
0.691302
0.072614
0.696067
0.352231
0.023358
0.695520
0.611180
0.389520
0.307522
0.696970
0.166576
0.420186
0.161773
0.080781
0.372403
0.007725
0.376701
0.072378
0.052884
0.400650
0.685032
0.059623
0.029980
0.044730
0.688830
0.689755
0.999483
0.067247
0.379557
0.052758
0.362376
0.681973
0.681295
0.057960
0.055380
0.081084
0.095101
0.394335
0.391470
0.386156
0.382113
0.074045
0.404264
0.404237
0.059018
0.131492
0.386785
0.999483
0.384041
0.372810
0.062123
0.685353
0.059482
0.685873
0.052773
0.682048
0.049139
0.367395
0.684210
0.369451
0.058075
0.369596
0.684571
0.048863
0.681885
0.048560
0.691203
0.679137
0.694877
0.054588
0.389032
0.685367
0.999483
0.060328
0.387165
0.098711
0.085992
0.077767
0.686012
0.374876
0.375040
0.060043
0.064517
0.380159
0.072269
0.690228
0.690215
0.370697
0.712912
0.999483
0.440242
0.086192
0.396947
0.022410
0.179583
0.071594
0.392491
0.388837
0.074043
0.095666
0.708391
0.383737
0.387535
0.393342
0.368652
0.059996
0.682689
0.061857
0.687064
0.078974
0.373508
0.362624
0.683175
0.679488
0.374700
0.362627
0.372530
0.374262
0.049359
0.049180
0.047396
0.041470
0.049288
0.359665
0.363916
0.366306
0.357069
0.386693
0.426138
0.085534
0.051073
0.428948
0.617752
0.041123
0.680882
0.064890
0.375293
0.689576
0.063944
0.043808
0.065517
0.155576
0.062772
0.998423
0.325529
0.070762
0.699916
0.063608
0.075177
0.693747
0.080647
0.685337
0.373655
0.354847
0.045360
0.063786
0.381988
0.384394
0.690097
0.690213
0.375263
0.049295
0.366024
0.370376
0.684599
0.059361
0.375695
0.687664
0.058549
0.371766
0.371737
0.999641
0.372806
0.686502
0.999641
0.371511
0.057846
0.373138
0.687172
0.378097
0.689349
0.383590
0.387033
0.083518
0.999641
0.387529
0.052951
0.437130
0.060726
0.690398
0.119419
0.438459
0.289601
0.339130
0.680282
0.075378
0.381724
0.376721
0.689982
0.044844
0.999641
0.057562
0.077917
0.393479
0.437850
0.042437
0.999641
0.396934
0.111187
0.393555
0.392032
0.069524
0.372563
0.362541
0.081846
0.700612
0.999641
0.700612
0.404795
0.089552
0.047679
0.371241
0.698160
0.387412
0.999483
0.112077
0.404233
0.383302
0.075948
0.024909
0.370987
0.169677
0.306294
0.025635
0.148552
0.587688
0.278792
0.313960
0.338241
0.667029
0.078614
0.400221
0.425659
0.124660
0.088929
0.076158
0.693711
0.388355
0.074599
0.999483
0.070175
0.405221
0.110661
0.041405
0.377159
0.695899
0.090113
0.128906
0.352231
0.691367
0.021485
0.093185
0.088987
0.310456
0.381488
0.673151
0.106425
0.999483
0.016086
0.625289
0.350632
0.999483
0.037152
0.685427
0.999483
0.044482
0.391175
0.672242
0.674421
0.683157
0.373977
0.379437
0.689755
0.381249
0.369552
0.372304
0.049190
0.683050
0.050736
0.370891
0.070922
0.383505
0.382904
0.381897
0.690079
0.073991
0.686412
0.077817
0.999483
0.012438
0.999483
0.298016
0.080443
0.069910
0.999483
0.685912
0.058908
0.684882
0.370143
0.054558
0.050213
0.682671
0.048353
0.687427
0.371437
0.054659
0.684249
0.055452
0.684890
0.052487
0.682975
0.050392
0.060745
0.006542
0.093895
0.690226
0.698020
0.078634
0.373055
0.373666
0.373880
0.373549
0.687114
0.999483
0.687114
0.686012
0.685659
0.371252
0.371312
0.377574
0.070225
0.379896
0.074405
0.690678
0.373840
0.120948
0.170230
0.086514
0.077002
0.373739
0.400541
0.091396
0.396030
0.061446
0.087070
0.108430
0.681698
0.999483
0.078298
0.697163
0.387311
0.059186
0.364285
0.687058
0.080854
0.158288
0.999316
0.687448
0.359156
0.363899
0.073852
0.356343
0.386536
0.384049
0.370667
0.050889
0.364255
0.363594
0.355418
0.353836
0.045391
0.998804
0.397020
0.697030
0.002699
0.288142
0.094688
0.998804
0.412529
0.680882
0.998804
0.056281
0.689576
0.998804
0.075733
0.369045
0.431571
0.412909
0.698004
0.422226
0.415618
0.004598
0.070336
0.693029
0.998423
0.389063
0.694842
0.390349
0.383184
0.054890
0.364094
0.362916
0.368744
0.383017
0.076113
0.687033
0.375500
0.050653
0.366457
0.368052
0.683640
0.054218
0.056861
0.372140
0.685488
0.684758
0.685488
0.371737
0.372052
0.060393
0.686502
0.374231
0.062314
0.373655
0.687558
0.376577
0.379497
0.689358
0.388315
0.076725
0.070328
0.049296
0.073094
0.066274
0.115729
0.071884
0.359503
0.411513
0.052474
0.597032
0.109017
0.407908
0.335344
0.684987
0.316572
0.044070
0.365678
0.697868
0.700455
0.999641
0.378301
0.327183
0.086988
0.125075
0.384418
0.080567
0.080877
0.377204
0.357803
0.359386
0.366444
0.080942
0.082283
0.094495
0.091927
0.075727
0.039993
0.039825
0.373136
0.693602
0.443358
0.423110
0.402942
0.063675
0.675929
0.364087
0.253297
0.259282
0.310994
0.118479
0.713064
0.357788
0.353903
0.325135
0.343625
0.345927
0.379082
0.422986
0.125708
0.412767
0.080260
0.419673
0.692424
0.088319
0.111371
0.092566
0.999483
0.697553
0.391989
0.089574
0.392140
0.692581
0.085457
0.386749
0.074536
0.682901
0.688479
0.076188
0.389780
0.361479
0.422830
0.708376
0.065363
0.067224
0.388044
0.406181
0.024838
0.038536
0.059378
0.389467
0.371149
0.030411
0.418126
0.030070
0.027442
0.359362
0.374940
0.380117
0.690090
0.689264
0.690641
0.364741
0.999483
0.682763
0.683050
0.060681
0.686893
0.067042
0.378463
0.687981
0.377792
0.374757
0.064104
0.686701
0.075250
0.081961
0.619334
0.090084
0.370450
0.684512
0.371781
0.063388
0.057876
0.685476
0.054734
0.367993
0.684863
0.369556
0.060879
0.383022
0.691970
0.058215
0.368698
0.368470
0.654950
0.349775
0.366028
0.290975
0.115248
0.364852
0.301629
0.013796
0.054646
0.686334
0.065852
0.685111
0.684383
0.683368
0.688648
0.371000
0.370000
0.370585
0.054963
0.999483
0.684900
0.374527
0.067246
0.688974
0.069259
0.075452
0.395306
0.383488
0.999483
0.067845
0.075595
0.999483
0.085915
0.999483
0.050650
0.711665
0.372824
0.103679
0.449055
0.147106
0.308305
0.060884
0.374055
0.381687
0.054763
0.679790
0.686891
0.351766
0.100106
0.043980
0.022122
0.339368
0.745442
0.387587
0.413864
0.425601
0.369055
0.048869
0.045668
0.998804
0.679459
0.351810
0.063553
0.372410
0.376373
0.405579
0.023052
0.352390
0.413447
0.205441
0.343087
0.153440
0.062940
0.065660
0.076507
0.383811
0.688871
0.367146
0.399304
0.390934
0.998804
0.430637
0.066142
0.707957
0.070195
0.073485
0.084440
0.093525
0.390349
0.998423
0.376008
0.003985
0.375609
0.364587
0.362341
0.369863
0.371973
0.685205
0.371466
0.052426
0.366438
0.683640
0.999641
0.367003
0.052242
0.054040
0.054518
0.683807
0.054915
0.370747
0.056997
0.686777
0.061410
0.688140
0.062998
0.372955
0.373113
0.060352
0.064884
0.380174
0.385743
0.695946
0.383054
0.429530
0.287020
0.157624
0.699472
0.999641
0.053167
0.299190
0.411705
0.077903
0.436466
0.414264
0.702841
0.042315
0.407645
0.415643
0.106923
0.097621
0.402476
0.700455
0.102302
0.121978
0.434684
0.381133
0.070180
0.083695
0.692118
0.380446
0.055135
0.045634
0.379309
0.379341
0.686173
0.372384
0.385969
0.115873
0.694905
0.999483
0.044874
0.378179
0.057490
0.153155
0.101053
0.999483
0.030021
0.683551
0.357275
0.099804
0.715626
0.426710
0.444798
0.127668
0.999483
0.369215
0.372209
0.072786
0.999483
0.105287
0.384787
0.397061
0.381473
0.067458
0.094930
0.999483
0.407691
0.110618
0.095328
0.391989
0.691214
0.080519
0.399991
0.999483
0.382346
0.079977
0.372070
0.072749
0.376899
0.369113
0.394176
0.374669
0.408160
0.413776
0.141468
0.045884
0.100475
0.105441
0.694863
0.399962
0.134649
0.111904
0.140046
0.363128
0.309512
0.674100
0.378467
0.051823
0.046425
0.068693
0.066308
0.364598
0.069320
0.051603
0.052180
0.051713
0.054261
0.058009
0.685697
0.062048
0.375168
0.999483
0.687981
0.054607
0.371719
0.999483
0.371702
0.069082
0.076010
0.065083
0.368310
0.684638
0.060192
0.372713
0.058766
0.686742
0.057584
0.366800
0.684555
0.373199
0.072940
0.388373
0.689310
0.058636
0.423128
0.328467
0.705199
0.147614
0.309688
0.174476
0.320922
0.349629
0.676032
0.031065
0.367315
0.054678
0.686004
0.056524
0.368908
0.051969
0.683368
0.048378
0.054677
0.370585
0.052615
0.684900
0.370262
0.371586
0.064029
0.689501
0.380113
0.069436
0.999483
0.083639
0.379869
0.070313
0.395097
0.393864
0.384192
0.695889
0.091346
0.380248
0.999483
0.696737
0.660893
0.740147
0.101273
0.052368
0.682390
0.369045
0.049544
0.685446
0.060695
0.024493
0.696635
0.354682
0.354197
0.417439
0.376518
0.107430
0.229081
0.284367
0.368141
0.062546
0.373082
0.043590
0.039207
0.369752
0.056465
0.998804
0.682511
0.431866
0.742875
0.349938
0.115866
0.692862
0.346828
0.361505
0.139648
0.387589
0.386038
0.074785
0.064134
0.379750
0.298830
0.998804
0.072895
0.098076
0.443544
0.092233
0.380178
0.377668
0.682247
0.069038
0.088103
0.045435
0.998423
0.418834
0.002751
0.684483
0.046219
0.367033
0.685119
0.999641
0.368460
0.048764
0.364769
0.048911
0.049583
0.682078
0.049125
0.683626
0.366655
0.999641
0.683807
0.369110
0.052964
0.685668
0.056465
0.687717
0.059884
0.372374
0.999641
0.061841
0.687873
0.078415
0.392516
0.689420
0.743931
0.999641
0.743931
0.617975
0.151747
0.305788
0.057161
0.059013
0.058484
0.049634
0.367364
0.082765
0.407628
0.407307
0.999641
0.401193
0.053042
0.072927
0.086976
0.005016
0.702989
0.999641
0.391096
0.378537
0.383850
0.082810
0.688880
0.378384
0.065098
0.999641
0.068228
0.371124
0.999641
0.684557
0.683152
0.044443
0.179478
0.134279
0.009594
0.102139
0.299961
0.347681
0.145368
0.015666
0.683551
0.999483
0.054804
0.719032
0.074832
0.182749
0.149623
0.403553
0.110759
0.087342
0.097812
0.701771
0.406471
0.383477
0.078201
0.747249
0.396212
0.075033
0.402572
0.107853
0.682663
0.035399
0.366214
0.082351
0.693999
0.093577
0.384279
0.069988
0.374780
0.999483
0.392891
0.061928
0.684732
0.070237
0.370199
0.401158
0.069958
0.139135
0.999483
0.097293
0.999483
0.086943
0.674690
0.388580
0.094716
0.187917
0.703553
0.092638
0.056337
0.004877
0.364446
0.345795
0.386031
0.371870
0.669761
0.368752
0.327294
0.380684
0.059864
0.685106
0.369679
0.056212
0.372180
0.685775
0.373062
0.375168
0.061939
0.057833
0.372832
0.060841
0.688325
0.055717
0.368752
0.367893
0.369895
0.372383
0.999483
0.373849
0.061960
0.684032
0.047311
0.367216
0.388093
0.675057
0.375132
0.075346
0.371591
0.085898
0.722115
0.148510
0.742848
0.999483
0.482227
0.286912
0.111949
0.676032
0.676100
0.680661
0.681248
0.681559
0.054752
0.683280
0.999483
0.047667
0.368023
0.681497
0.681985
0.057212
0.684051
0.057864
0.057100
0.370455
0.064330
0.999483
0.689501
0.075363
0.073414
0.999483
0.070145
0.699982
0.999483
0.699982
0.394755
0.096976
0.439054
0.010631
0.390199
0.059800
0.098193
0.164439
0.366865
0.045467
0.681902
0.366579
0.056664
0.691991
0.685279
0.685922
0.692936
0.383612
0.359069
0.366552
0.379021
0.035837
0.679083
0.426454
0.362698
0.058766
0.353029
0.354554
0.379876
0.374525
0.353272
0.036715
0.304563
0.425111
0.349938
0.395832
0.394683
0.998804
0.441662
0.303964
0.021339
0.383623
0.688740
0.066735
0.367891
0.290199
0.337504
0.049419
0.409757
0.379740
0.998804
0.071011
0.685734
0.372800
0.998423
0.075118
0.679499
0.092057
0.379598
0.104084
0.049780
0.689437
0.374461
0.043676
0.053131
0.371065
0.371386
0.046511
0.364272
0.364685
0.364383
0.363972
0.363742
0.047489
0.682893
0.683807
0.050698
0.683818
0.366792
0.366538
0.365745
0.365522
0.052791
0.371917
0.685885
0.685702
0.686377
0.078866
0.696728
0.393177
0.389760
0.121139
0.004258
0.743306
0.360958
0.035722
0.385678
0.064291
0.381238
0.696938
0.085147
0.053253
0.067137
0.081660
0.071261
0.058009
0.056067
0.684929
0.292987
0.665635
0.300408
0.071335
0.999641
0.687748
0.381859
0.072863
0.999641
0.688880
0.385883
0.381675
0.073262
0.107541
0.121402
0.056906
0.036309
0.690092
0.999483
0.097032
0.677821
0.629078
0.347088
0.407616
0.368614
0.702908
0.023665
0.361057
0.090385
0.115616
0.142406
0.408073
0.344631
0.415056
0.691112
0.388569
0.397961
0.402666
0.383477
0.695042
0.999483
0.103852
0.383168
0.375858
0.685348
0.064397
0.999483
0.037372
0.684895
0.067400
0.690960
0.083483
0.690422
0.694036
0.354847
0.035257
0.386522
0.070325
0.677313
0.043196
0.356187
0.390814
0.999483
0.099829
0.092493
0.999483
0.090175
0.999483
0.384010
0.351267
0.135227
0.340528
0.999483
0.064636
0.379970
0.376446
0.377228
0.373811
0.435387
0.371402
0.999483
0.413737
0.352182
0.251862
0.037177
0.365508
0.683657
0.056480
0.685446
0.371688
0.372653
0.061224
0.375110
0.061767
0.377069
0.689370
0.063040
0.684514
0.684094
0.684740
0.685968
0.686975
0.060679
0.375243
0.059549
0.683600
0.047600
0.380508
0.351637
0.674439
0.675057
0.066638
0.352248
0.404630
0.702729
0.442497
0.030313
0.157590
0.338907
0.999483
0.013562
0.040775
0.041830
0.043514
0.680661
0.049726
0.999483
0.054415
0.683280
0.051037
0.999483
0.368121
0.067824
0.072095
0.372995
0.686493
0.999483
0.372764
0.376931
0.070663
0.690621
0.387436
0.385529
0.077610
0.060171
0.690124
0.097294
0.397500
0.700324
0.697686
0.706540
0.416953
0.318301
0.389558
0.379210
0.308229
0.367593
0.045729
0.999483
0.681902
0.063474
0.687484
0.061379
0.020517
0.074560
0.376739
0.120767
0.047451
0.061248
0.072302
0.605906
0.363309
0.359670
0.022579
0.023558
0.035389
0.122350
0.104398
0.709425
0.116464
0.047028
0.006113
0.064930
0.689492
0.381425
0.092986
0.424133
0.122195
0.686216
0.066889
0.685969
0.061672
0.368715
0.663647
0.674527
0.376079
0.346782
0.670335
0.051458
0.066414
0.054819
0.405295
0.072573
0.679499
0.687113
0.998423
0.066574
0.998423
0.066324
0.684830
0.375030
0.116795
0.299321
0.667858
0.373568
0.054124
0.366684
0.365614
0.364513
0.363649
0.681333
0.044077
0.364819
0.682893
0.365485
0.049507
0.050865
0.049318
0.361972
0.359512
0.051208
0.371631
0.372058
0.058932
0.062170
0.070888
0.696872
0.393636
0.120985
0.107670
0.106425
0.049617
0.052479
0.701645
0.999641
0.023164
0.999641
0.686939
0.389952
0.054040
0.050827
0.379579
0.999641
0.378121
0.062259
0.057600
0.665635
0.999641
0.345874
0.058351
0.687748
0.067832
0.690894
0.373405
0.054799
0.367973
0.058658
0.999641
0.096784
0.998025
0.410132
0.686994
0.379932
0.052290
0.071964
0.999483
0.406422
0.059069
0.697305
0.703133
0.999483
0.703133
0.064120
0.067973
0.376259
0.710493
0.692220
0.999483
0.383569
0.396763
0.390708
0.690870
0.999483
0.397961
0.092816
0.353971
0.085827
0.382350
0.370811
0.369184
0.683951
0.065498
0.045866
0.378256
0.690060
0.063574
0.686351
0.068943
0.999483
0.057901
0.360766
0.353121
0.025881
0.677313
0.680427
0.672486
0.061661
0.381105
0.399951
0.397411
0.407812
0.698096
0.074991
0.384010
0.673820
0.062309
0.310985
0.344131
0.381758
0.691050
0.693622
0.330190
0.367833
0.443769
0.412386
0.297162
0.089285
0.395276
0.137214
0.070505
0.079338
0.367346
0.999483
0.055526
0.685607
0.371923
0.372888
0.373662
0.062201
0.375225
0.680784
0.361097
0.055996
0.054275
0.370594
0.370643
0.059868
0.687345
0.375375
0.376333
0.058844
0.683868
0.046328
0.681143
0.035469
0.999483
0.048238
0.052520
0.370414
0.744056
0.139016
0.999483
0.064094
0.377572
0.687595
0.025687
0.058101
0.368967
0.367719
0.683597
0.366896
0.054334
0.371861
0.374247
0.373649
0.683931
0.374031
0.069810
0.999483
0.070428
0.063078
0.686426
0.373654
0.375414
0.067125
0.379894
0.074093
0.387008
0.086903
0.070422
0.999483
0.368493
0.071649
0.709649
0.408950
0.068921
0.144328
0.417947
0.079210
0.688603
0.689916
0.088298
0.385294
0.364945
0.045696
0.048166
0.058084
0.999483
0.378363
0.032670
0.691025
0.103285
0.698259
0.449280
0.684648
0.321620
0.459179
0.314950
0.369680
0.037318
0.685825
0.708466
0.998804
0.031770
0.998804
0.028106
0.040922
0.379787
0.381170
0.311756
0.370435
0.390040
0.290092
0.660230
0.052391
0.370557
0.371027
0.699189
0.114274
0.061902
0.028221
0.347478
0.345574
0.675047
0.027794
0.369393
0.104169
0.077027
0.411639
0.044844
0.060606
0.045997
0.369226
0.053499
0.999030
0.298196
0.178446
0.332572
0.303395
0.667059
0.351788
0.059078
0.369891
0.367739
0.681982
0.999641
0.681982
0.363198
0.043920
0.681971
0.047519
0.999641
0.367457
0.999641
0.363200
0.364524
0.378338
0.061383
0.999641
0.685998
0.369838
0.057881
0.129421
0.420560
0.606100
0.097945
0.999641
0.375872
0.999641
0.371291
0.031312
0.999641
0.321160
0.062921
0.999641
0.086792
0.688949
0.690452
0.688656
0.378237
0.373691
0.999641
0.058233
0.037984
0.057091
0.685712
0.374577
0.371745
0.062807
0.687219
0.373820
0.032411
0.023395
0.060216
0.400069
0.098681
0.383878
0.105371
0.440312
0.684768
0.682276
0.065702
0.079049
0.075509
0.372845
0.400348
0.396457
0.012704
0.083271
0.362230
0.999483
0.053112
0.077243
0.067462
0.038592
0.057353
0.080727
0.039746
0.690870
0.070289
0.387592
0.080390
0.385032
0.378859
0.373015
0.683951
0.999483
0.683951
0.124566
0.321561
0.999483
0.065217
0.687837
0.375922
0.073737
0.391839
0.374225
0.351129
0.070922
0.062942
0.021681
0.689777
0.044632
0.374819
0.104084
0.415482
0.408919
0.696538
0.114664
0.034884
0.690750
0.337355
0.347676
0.046636
0.050392
0.384504
0.030459
0.348805
0.999483
0.026024
0.999483
0.003800
0.413088
0.999483
0.684201
0.071955
0.999483
0.415705
0.052323
0.055528
0.999483
0.372157
0.060266
0.686267
0.060241
0.365427
0.680749
0.355583
0.037210
0.367352
0.058208
0.059301
0.374558
0.999483
0.687345
0.062437
0.370418
0.684665
0.049136
0.999483
0.681143
0.354719
0.369505
0.066522
0.379888
0.062874
0.129514
0.078475
0.687255
0.062827
0.999483
0.374297
0.057880
0.684193
0.999483
0.684193
0.368110
0.367209
0.056632
0.377619
0.378696
0.687895
0.379736
0.383517
0.384634
0.692460
0.062488
0.058924
0.060502
0.063391
0.067157
0.999483
0.689695
0.691655
0.694290
0.395175
0.379817
0.335383
0.116758
0.083595
0.361864
0.704493
0.701931
0.117649
0.361490
0.386530
0.999483
0.067453
0.366365
0.364325
0.681864
0.999483
0.048159
0.060215
0.050357
0.745436
0.083333
0.085853
0.704530
0.999316
0.026835
0.733018
0.999316
0.110990
0.411345
0.113300
0.003163
0.685825
0.424620
0.423381
0.029878
0.110503
0.397233
0.392173
0.618662
0.672132
0.372470
0.605802
0.660230
0.998804
0.092183
0.699317
0.063773
0.682855
0.104097
0.613730
0.073008
0.745895
0.047806
0.353986
0.378001
0.047662
0.419015
0.998804
0.048796
0.080416
0.427097
0.051543
0.364145
0.041258
0.676982
0.342789
0.059142
0.691705
0.056243
0.359958
0.370635
0.373068
0.372979
0.369985
0.050453
0.048290
0.046861
0.999641
0.362274
0.362186
0.046425
0.683173
0.054251
0.683925
0.370098
0.378100
0.376821
0.373974
0.373444
0.055636
0.999641
0.683644
0.053601
0.025109
0.999641
0.606100
0.075574
0.368017
0.372086
0.060607
0.161168
0.256671
0.415689
0.306463
0.023991
0.066972
0.071957
0.069982
0.066390
0.062230
0.999641
0.060193
0.686209
0.999641
0.059455
0.059573
0.687543
0.686212
0.060021
0.999641
0.064719
0.999641
0.680808
0.678379
0.385982
0.407989
0.390114
0.083135
0.704283
0.048571
0.999483
0.682276
0.373782
0.073257
0.385910
0.387437
0.999483
0.035388
0.675345
0.679721
0.686367
0.035466
0.689718
0.683239
0.057656
0.697416
0.357343
0.740732
0.019078
0.367032
0.076390
0.999483
0.693273
0.384357
0.689341
0.063192
0.051425
0.178643
0.630983
0.999483
0.009849
0.687837
0.999483
0.687837
0.385483
0.393174
0.064962
0.672716
0.346730
0.051828
0.383698
0.700682
0.124426
0.413903
0.092676
0.709797
0.703082
0.397111
0.070314
0.397554
0.699958
0.378926
0.356942
0.070511
0.397988
0.111083
0.365104
0.392670
0.007804
0.677457
0.032451
0.091000
0.352322
0.684201
0.149386
0.162440
0.124474
0.999483
0.699010
0.684460
0.056650
0.372203
0.059725
0.686124
0.057259
0.366895
0.683922
0.045541
0.365195
0.683957
0.999483
0.057333
0.686506
0.061776
0.062991
0.061182
0.684665
0.999483
0.684665
0.364751
0.363396
0.053738
0.072224
0.380010
0.396376
0.689276
0.999483
0.377048
0.999483
0.374833
0.687595
0.373398
0.999483
0.056343
0.684193
0.368840
0.053369
0.683274
0.059491
0.378445
0.069625
0.689880
0.067755
0.067903
0.070159
0.076512
0.063156
0.685751
0.059046
0.684961
0.375452
0.068833
0.691655
0.385365
0.389934
0.391637
0.385148
0.384707
0.051718
0.670582
0.411465
0.069948
0.703940
0.681693
0.999483
0.103596
0.306719
0.693531
0.373218
0.999483
0.364325
0.363249
0.680760
0.368510
0.745466
0.703683
0.999345
0.703653
0.394144
0.101639
0.393732
0.327536
0.417052
0.392609
0.382299
0.100918
0.155398
0.714958
0.490647
0.380639
0.105369
0.710612
0.998804
0.084965
0.082778
0.002213
0.686442
0.368054
0.278768
0.660230
0.372283
0.998804
0.081832
0.092176
0.313919
0.682221
0.290191
0.082005
0.684730
0.046108
0.052531
0.999483
0.707681
0.108169
0.099931
0.999483
0.457300
0.455408
0.072753
0.055576
0.028119
0.999030
0.066218
0.359909
0.360884
0.999641
0.362873
0.999641
0.060418
0.371669
0.683816
0.683305
0.999641
0.050420
0.363903
0.362968
0.046678
0.364771
0.050638
0.370325
0.372837
0.374492
0.372022
0.371292
0.373881
0.049932
0.369108
0.682432
0.372844
0.301159
0.298974
0.389751
0.385312
0.069240
0.999641
0.432278
0.699829
0.175726
0.288461
0.003643
0.998025
0.022759
0.688889
0.689939
0.057763
0.684607
0.060372
0.062011
0.686144
0.061211
0.999641
0.374872
0.374025
0.041906
0.375772
0.383552
0.686610
0.353682
0.679995
0.028738
0.028715
0.395238
0.388773
0.401741
0.696253
0.678584
0.682276
0.362932
0.673116
0.070188
0.382696
0.381745
0.072600
0.371012
0.097282
0.675345
0.356781
0.349252
0.363712
0.999483
0.091611
0.057989
0.444139
0.700408
0.082037
0.354407
0.370017
0.387638
0.074773
0.381385
0.999483
0.689341
0.121444
0.698810
0.494820
0.254377
0.089805
0.376460
0.687837
0.074172
0.999483
0.076286
0.686542
0.365720
0.347512
0.041477
0.386089
0.389277
0.374076
0.111386
0.671776
0.416075
0.114792
0.105776
0.999483
0.104856
0.386068
0.694290
0.379828
0.063914
0.329992
0.690331
0.081206
0.376367
0.677457
0.999483
0.677457
0.436281
0.050698
0.355704
0.457491
0.167161
0.999483
0.152175
0.063964
0.055918
0.056586
0.999483
0.059927
0.372108
0.371882
0.683922
0.999483
0.371239
0.052725
0.054690
0.369092
0.056890
0.373456
0.999483
0.373122
0.373120
0.059561
0.058133
0.369276
0.367244
0.049290
0.065105
0.689306
0.088667
0.366958
0.059490
0.058721
0.059605
0.687255
0.057358
0.374233
0.378490
0.374006
0.058312
0.684726
0.056674
0.371398
0.684861
0.062603
0.377440
0.999483
0.379276
0.687918
0.685729
0.365480
0.371141
0.064706
0.999483
0.056038
0.999483
0.373023
0.063031
0.690558
0.069154
0.072230
0.065456
0.030804
0.057517
0.064505
0.362984
0.025699
0.687507
0.701931
0.391964
0.358254
0.698364
0.112811
0.377329
0.367122
0.365993
0.363440
0.042736
0.682918
0.048924
0.058452
0.413170
0.326545
0.071874
0.394360
0.420557
0.100023
0.078995
0.689114
0.999316
0.088827
0.378231
0.059402
0.115296
0.376785
0.380817
0.108359
0.421015
0.135715
0.432953
0.376854
0.366931
0.372548
0.429235
0.681441
0.097255
0.038035
0.082594
0.374487
0.095223
0.697736
0.064447
0.372667
0.368529
0.678498
0.039530
0.117027
0.707681
0.482937
0.300099
0.999483
0.417734
0.064154
0.686516
0.709421
0.059133
0.354123
0.069502
0.380006
0.999555
0.057485
0.046169
0.371986
0.059762
0.999641
0.687005
0.056964
0.368936
0.683305
0.684761
0.054552
0.366365
0.368647
0.049836
0.366206
0.052104
0.055976
0.051877
0.038890
0.038403
0.375300
0.042238
0.367766
0.685105
0.390966
0.380169
0.385844
0.080153
0.693072
0.384329
0.377472
0.071136
0.686683
0.999641
0.021241
0.042575
0.640043
0.125018
0.999641
0.059739
0.684607
0.999641
0.058273
0.374360
0.686945
0.064267
0.066357
0.376116
0.063738
0.348017
0.670422
0.075880
0.373242
0.373424
0.348798
0.382701
0.998025
0.693499
0.396888
0.998025
0.695484
0.681709
0.361807
0.346953
0.027775
0.083855
0.084806
0.004686
0.083370
0.382131
0.078384
0.044312
0.349464
0.354993
0.359910
0.683239
0.056833
0.702890
0.380165
0.716194
0.003828
0.066431
0.062622
0.371078
0.999483
0.065391
0.689341
0.069678
0.383972
0.999483
0.026653
0.705605
0.092252
0.379271
0.385461
0.391509
0.695912
0.078630
0.999483
0.371929
0.031531
0.368674
0.379269
0.385199
0.384723
0.618716
0.035782
0.055143
0.392753
0.395059
0.404380
0.393694
0.682419
0.357004
0.000997
0.677024
0.056337
0.368153
0.367750
0.368020
0.383593
0.069984
0.386997
0.006211
0.306167
0.664255
0.332657
0.156082
0.405152
0.143894
0.384328
0.999483
0.057959
0.058772
0.059646
0.373213
0.299640
0.121037
0.387957
0.064363
0.687506
0.377236
0.381761
0.057824
0.999483
0.059877
0.999483
0.372392
0.999483
0.371582
0.055573
0.050755
0.043351
0.373043
0.376421
0.691851
0.061486
0.367190
0.383591
0.687794
0.055219
0.370757
0.067482
0.066207
0.063548
0.060362
0.685475
0.059028
0.061553
0.376768
0.066848
0.376413
0.688484
0.059970
0.051174
0.046808
0.999483
0.681248
0.685480
0.058088
0.999483
0.369770
0.051141
0.685764
0.058745
0.999483
0.687640
0.385733
0.383485
0.340229
0.348265
0.350517
0.302997
0.361720
0.062340
0.033806
0.062834
0.420681
0.053129
0.040861
0.055695
0.053440
0.049652
0.046045
0.047745
0.061936
0.687494
0.007946
0.080281
0.296319
0.072668
0.082290
0.382336
0.690505
0.059874
0.044643
0.295878
0.119795
0.055005
0.374466
0.380297
0.311222
0.704032
0.445458
0.301983
0.320066
0.394028
0.084186
0.038519
0.054243
0.102307
0.309874
0.061335
0.376221
0.372038
0.392644
0.687797
0.378753
0.371222
0.683700
0.040491
0.395153
0.387518
0.433557
0.604352
0.073894
0.088841
0.354216
0.687194
0.999483
0.380124
0.037240
0.383699
0.371112
0.393189
0.378189
0.371624
0.050243
0.056966
0.683809
0.057236
0.057293
0.057568
0.684936
0.370467
0.371320
0.686980
0.055900
0.999555
0.368220
0.999555
0.683312
0.685038
0.685361
0.682368
0.673970
0.037026
0.041086
0.371291
0.390880
0.999641
0.102296
0.077680
0.074379
0.070701
0.381706
0.379236
0.054785
0.382406
0.048173
0.303871
0.424524
0.376869
0.292689
0.044825
0.052084
0.366536
0.373991
0.059848
0.999641
0.372744
0.689073
0.687550
0.076820
0.063815
0.057197
0.038893
0.374522
0.131250
0.371342
0.375658
0.382643
0.078713
0.093588
0.025633
0.695484
0.083490
0.051214
0.101838
0.030008
0.083777
0.392404
0.319768
0.063616
0.692047
0.091289
0.384903
0.417409
0.044194
0.051631
0.108978
0.682391
0.045954
0.057893
0.999483
0.679240
0.140078
0.689838
0.999483
0.057084
0.351497
0.353400
0.083150
0.375069
0.088351
0.399664
0.062905
0.392337
0.381871
0.692980
0.071220
0.391140
0.084182
0.383354
0.064231
0.685976
0.048841
0.999483
0.120574
0.383325
0.420427
0.084778
0.383834
0.386235
0.390447
0.371409
0.079260
0.064772
0.999483
0.390589
0.014758
0.382518
0.674842
0.375049
0.999483
0.063777
0.999483
0.377801
0.057543
0.146023
0.730291
0.089753
0.749079
0.407104
0.400291
0.076334
0.999483
0.384328
0.054716
0.372026
0.061591
0.299402
0.418183
0.403653
0.999483
0.391556
0.688054
0.687506
0.688725
0.692918
0.058679
0.686222
0.371894
0.371242
0.056823
0.999483
0.363028
0.371297
0.050052
0.371677
0.376686
0.371603
0.375991
0.382119
0.365593
0.999483
0.372274
0.372097
0.061081
0.686738
0.374715
0.060868
0.059965
0.686448
0.064428
0.999483
0.071450
0.068693
0.371535
0.999483
0.683718
0.035108
0.681248
0.366193
0.375383
0.055535
0.684292
0.366988
0.362465
0.045611
0.373051
0.687640
0.074727
0.690279
0.380983
0.382032
0.362139
0.281899
0.376043
0.370021
0.703038
0.684834
0.683807
0.349882
0.674986
0.381701
0.374107
0.686322
0.685643
0.371339
0.369773
0.057344
0.685037
0.370989
0.045712
0.999316
0.074457
0.691822
0.076522
0.999316
0.374201
0.347146
0.155545
0.730895
0.208515
0.074240
0.306723
0.672752
0.303410
0.404751
0.127077
0.344178
0.313600
0.064989
0.703249
0.335893
0.065876
0.352413
0.002300
0.674647
0.680978
0.064400
0.107539
0.389877
0.380142
0.688495
0.069709
0.393330
0.390300
0.072890
0.383284
0.379596
0.695322
0.426000
0.343624
0.402388
0.394338
0.080838
0.366994
0.674853
0.046057
0.362896
0.363029
0.365140
0.366458
0.999641
0.051890
0.683230
0.053747
0.054122
0.057351
0.061696
0.064274
0.063517
0.059146
0.369360
0.054719
0.685038
0.373381
0.046176
0.673970
0.041935
0.083253
0.682158
0.678864
0.375324
0.129684
0.693893
0.383350
0.690460
0.065861
0.064174
0.059603
0.365858
0.043287
0.998025
0.422973
0.303541
0.246026
0.333627
0.046858
0.998025
0.055298
0.371541
0.346601
0.683805
0.045681
0.380113
0.689073
0.396892
0.372898
0.072215
0.355198
0.104261
0.165913
0.393039
0.382503
0.689298
0.687177
0.629919
0.998025
0.032663
0.062259
0.363097
0.699588
0.400357
0.999483
0.085533
0.345974
0.427685
0.416217
0.384225
0.343549
0.369439
0.380852
0.109881
0.430665
0.058687
0.670625
0.049706
0.348771
0.716194
0.102308
0.388787
0.373008
0.364058
0.357719
0.358838
0.678936
0.999483
0.067288
0.689942
0.080383
0.379455
0.058052
0.053924
0.058416
0.071948
0.999483
0.078435
0.999483
0.691785
0.375718
0.037172
0.392280
0.146296
0.424750
0.400658
0.388443
0.693639
0.350121
0.359002
0.368707
0.385862
0.682419
0.058059
0.687497
0.080397
0.001761
0.368156
0.059840
0.315612
0.382045
0.383834
0.120408
0.160788
0.723123
0.698596
0.155464
0.393793
0.390209
0.373631
0.071222
0.370997
0.372370
0.061291
0.064019
0.360326
0.386146
0.384203
0.703518
0.691644
0.375544
0.046007
0.046548
0.072439
0.056768
0.371364
0.052687
0.368489
0.369286
0.047429
0.999483
0.238129
0.115485
0.368383
0.682446
0.378797
0.382896
0.694254
0.056708
0.372274
0.686250
0.370045
0.060879
0.999483
0.686738
0.372906
0.999483
0.373124
0.064831
0.068713
0.689638
0.069807
0.061589
0.683718
0.047419
0.041260
0.680196
0.373935
0.368936
0.055724
0.369397
0.052023
0.362257
0.363591
0.058351
0.688477
0.078096
0.684578
0.688426
0.687353
0.999483
0.096246
0.062397
0.093261
0.373031
0.370910
0.044812
0.040026
0.071874
0.376121
0.367390
0.061305
0.060211
0.373347
0.056467
0.371419
0.999483
0.685037
0.682840
0.058340
0.065512
0.690180
0.078924
0.078637
0.691696
0.110435
0.430265
0.438678
0.708512
0.094515
0.672752
0.999316
0.074275
0.402997
0.999316
0.116364
0.127922
0.998804
0.374293
0.398440
0.396075
0.367912
0.068334
0.049447
0.690405
0.378897
0.085583
0.381394
0.377036
0.687432
0.071854
0.690140
0.078336
0.694699
0.388142
0.073660
0.080812
0.441527
0.150356
0.708588
0.418114
0.056588
0.685693
0.367410
0.035361
0.362005
0.363935
0.999555
0.048079
0.050560
0.682970
0.683143
0.683144
0.366773
0.056882
0.686247
0.687303
0.688212
0.687946
0.052498
0.042524
0.043271
0.074948
0.387763
0.054869
0.353545
0.084330
0.085940
0.052404
0.048638
0.169652
0.014097
0.386282
0.999555
0.688930
0.375136
0.374378
0.370477
0.041365
0.042570
0.037427
0.332168
0.333911
0.351436
0.363627
0.070508
0.074535
0.361526
0.998025
0.025406
0.009317
0.066600
0.071725
0.697384
0.114429
0.998025
0.091732
0.693248
0.066757
0.366976
0.382938
0.070399
0.367684
0.396949
0.331804
0.998025
0.699911
0.680190
0.387268
0.382932
0.389780
0.363472
0.999483
0.041861
0.131562
0.317991
0.430031
0.383501
0.373215
0.713392
0.686791
0.386588
0.071622
0.378688
0.072168
0.355896
0.373890
0.371778
0.368732
0.364730
0.045478
0.037584
0.314010
0.009795
0.698582
0.041342
0.378003
0.374307
0.683339
0.683546
0.686599
0.999483
0.075478
0.089313
0.691785
0.072834
0.673201
0.387516
0.999483
0.380931
0.079030
0.391971
0.386654
0.056500
0.673795
0.682994
0.368741
0.403293
0.379436
0.687497
0.999483
0.009827
0.429748
0.686613
0.313238
0.999483
0.626077
0.069993
0.691606
0.030596
0.114753
0.999483
0.102569
0.391251
0.646851
0.453934
0.304103
0.375561
0.062397
0.999483
0.376857
0.063340
0.366505
0.377976
0.383022
0.064067
0.054988
0.360001
0.351342
0.357254
0.368669
0.052096
0.365520
0.049352
0.050772
0.052943
0.051374
0.395165
0.286800
0.122694
0.116543
0.700100
0.398469
0.681569
0.007602
0.071474
0.999483
0.373270
0.372116
0.373621
0.056797
0.054969
0.370805
0.062170
0.690247
0.999483
0.069742
0.999483
0.056918
0.367198
0.999483
0.050985
0.685562
0.365579
0.051476
0.683533
0.055148
0.371109
0.054952
0.059230
0.060658
0.060162
0.064482
0.690279
0.371639
0.075362
0.687353
0.704997
0.709784
0.406418
0.064565
0.111629
0.358952
0.041384
0.700275
0.681916
0.064314
0.368272
0.060169
0.999483
0.058805
0.999483
0.371419
0.369503
0.054685
0.685148
0.087672
0.999316
0.385614
0.999316
0.081445
0.387361
0.383863
0.121436
0.999316
0.115035
0.093535
0.076343
0.393193
0.394330
0.101057
0.698416
0.083568
0.386795
0.379366
0.363039
0.093718
0.998804
0.080526
0.684364
0.068271
0.389762
0.375219
0.368968
0.372515
0.998804
0.375234
0.069108
0.690641
0.387729
0.074941
0.126560
0.306387
0.408662
0.421233
0.999483
0.083253
0.092561
0.370751
0.999030
0.048485
0.365505
0.365686
0.048898
0.682891
0.366684
0.999641
0.366473
0.049010
0.050925
0.686247
0.999555
0.061728
0.376160
0.062307
0.687608
0.682645
0.369497
0.999555
0.388477
0.376268
0.047001
0.685560
0.381980
0.691330
0.677786
0.386676
0.060845
0.999555
0.384751
0.068121
0.687940
0.998025
0.687940
0.055987
0.685606
0.373316
0.044403
0.044798
0.370366
0.369063
0.075308
0.698361
0.381885
0.351101
0.690386
0.998025
0.396667
0.998025
0.122557
0.998025
0.109640
0.693248
0.998025
0.396364
0.080653
0.078869
0.071431
0.079634
0.368323
0.707797
0.090319
0.016932
0.050331
0.071177
0.448293
0.002924
0.364362
0.365218
0.025941
0.370507
0.096089
0.700164
0.686612
0.368332
0.056602
0.392233
0.682411
0.700001
0.088196
0.375599
0.061117
0.055204
0.053879
0.054138
0.366449
0.681774
0.682715
0.347265
0.999483
0.008744
0.369591
0.373772
0.056773
0.368757
0.049503
0.049772
0.062724
0.069748
0.069032
0.136472
0.108849
0.089485
0.677616
0.071005
0.689073
0.077681
0.388207
0.688128
0.072642
0.036474
0.042501
0.685857
0.416037
0.410144
0.113315
0.386371
0.445841
0.342566
0.061817
0.748606
0.626077
0.110577
0.067399
0.999483
0.068170
0.687991
0.084944
0.999483
0.700482
0.367713
0.366861
0.493172
0.302965
0.058935
0.687693
0.066521
0.350750
0.381877
0.314659
0.999483
0.690860
0.685841
0.047970
0.999483
0.050359
0.999483
0.368077
0.049719
0.999483
0.682799
0.683703
0.119694
0.426359
0.999483
0.026527
0.102619
0.085396
0.681569
0.999483
0.681569
0.315000
0.686250
0.688821
0.686502
0.372464
0.684533
0.683453
0.368912
0.371348
0.068163
0.690247
0.068365
0.687556
0.369581
0.046905
0.362973
0.049627
0.681922
0.365197
0.682445
0.053592
0.684168
0.370490
0.372951
0.373534
0.686047
0.685485
0.370141
0.049477
0.040639
0.351860
0.027593
0.425650
0.118244
0.689968
0.999483
0.068812
0.740626
0.066165
0.689251
0.081603
0.999483
0.024190
0.367827
0.057985
0.685830
0.372317
0.064696
0.073882
0.695841
0.107004
0.081324
0.066168
0.052638
0.084661
0.092075
0.999316
0.692842
0.699340
0.422067
0.711224
0.104389
0.999316
0.397134
0.695412
0.999316
0.061892
0.682984
0.062224
0.680839
0.349752
0.001146
0.387326
0.070757
0.374274
0.376007
0.375957
0.683217
0.059948
0.686344
0.687432
0.374287
0.063344
0.691258
0.067688
0.433906
0.714039
0.234579
0.106022
0.714172
0.170492
0.082009
0.379119
0.999030
0.062175
0.057518
0.367136
0.682793
0.050797
0.050868
0.367283
0.366884
0.049683
0.049099
0.999555
0.053668
0.686247
0.685053
0.061777
0.687526
0.060522
0.363594
0.359675
0.071232
0.072632
0.372684
0.042134
0.686312
0.375972
0.064119
0.088028
0.381207
0.077264
0.090682
0.088251
0.088146
0.072529
0.087205
0.093042
0.402062
0.370846
0.061433
0.688671
0.372090
0.054852
0.056070
0.383662
0.095343
0.085749
0.690276
0.368368
0.382875
0.085490
0.704306
0.116083
0.709971
0.027617
0.082900
0.087669
0.098584
0.392152
0.688603
0.998025
0.067094
0.407853
0.388433
0.998025
0.695110
0.693105
0.389877
0.379185
0.158451
0.085302
0.712929
0.395274
0.000160
0.150360
0.126693
0.070339
0.683336
0.999483
0.046615
0.358194
0.372725
0.687605
0.999483
0.371561
0.999483
0.050446
0.999483
0.052735
0.051694
0.052327
0.054278
0.041967
0.055907
0.060325
0.370428
0.366505
0.051451
0.048175
0.366002
0.369695
0.368706
0.694341
0.999483
0.100003
0.395655
0.073163
0.375438
0.689587
0.080831
0.378482
0.999483
0.082167
0.999483
0.063108
0.025286
0.692708
0.999483
0.054235
0.086504
0.296616
0.692807
0.656128
0.686644
0.075727
0.691577
0.046091
0.376217
0.064201
0.685867
0.083804
0.078776
0.064326
0.392047
0.683439
0.719493
0.113412
0.367862
0.372066
0.054124
0.385560
0.312963
0.675048
0.314659
0.386500
0.052566
0.999483
0.051068
0.999483
0.054026
0.999483
0.683865
0.051248
0.053961
0.059872
0.379037
0.385993
0.426359
0.059991
0.373944
0.703995
0.094228
0.373145
0.024595
0.094579
0.060721
0.686502
0.058851
0.053580
0.050169
0.048651
0.053203
0.057751
0.379987
0.382890
0.066098
0.057867
0.048112
0.999483
0.055283
0.373504
0.051185
0.048955
0.052191
0.999483
0.054171
0.684639
0.372411
0.686837
0.055996
0.684412
0.366290
0.361895
0.999483
0.002924
0.999483
0.091469
0.425820
0.080248
0.379160
0.683254
0.045033
0.046631
0.999483
0.133358
0.035816
0.029728
0.693633
0.365856
0.057277
0.060540
0.376580
0.383606
0.090281
0.403301
0.382596
0.390850
0.364353
0.059850
0.688132
0.065699
0.072706
0.107574
0.108856
0.126721
0.017556
0.104665
0.076420
0.096620
0.114721
0.385239
0.999316
0.048474
0.686446
0.361103
0.025184
0.375837
0.374922
0.372952
0.685213
0.055900
0.369490
0.369513
0.055734
0.060943
0.686768
0.059888
0.372917
0.374699
0.398874
0.691456
0.109938
0.396588
0.692116
0.145761
0.187930
0.380563
0.377965
0.066523
0.369122
0.366723
0.682715
0.050475
0.367893
0.683843
0.367943
0.050689
0.999555
0.366031
0.366575
0.368645
0.371088
0.685357
0.059581
0.374967
0.058614
0.078909
0.695606
0.045218
0.360769
0.681786
0.369845
0.999555
0.689968
0.077107
0.690671
0.076879
0.390100
0.998423
0.102368
0.418127
0.373254
0.400704
0.401376
0.391442
0.069021
0.690517
0.378529
0.371796
0.378702
0.093373
0.380724
0.379132
0.372998
0.366975
0.084128
0.394134
0.691997
0.398250
0.027136
0.465244
0.218137
0.392424
0.101594
0.702224
0.083350
0.688603
0.068869
0.378112
0.395255
0.137832
0.034288
0.999483
0.693105
0.392579
0.034063
0.691121
0.400507
0.050389
0.481438
0.999483
0.402999
0.058598
0.052755
0.045427
0.085968
0.088807
0.118465
0.001821
0.687605
0.051105
0.365972
0.999483
0.051883
0.056293
0.999483
0.059558
0.686157
0.054553
0.396920
0.379631
0.054364
0.364683
0.364001
0.681778
0.365047
0.365922
0.369052
0.057355
0.075791
0.086811
0.690609
0.070381
0.376382
0.686092
0.066455
0.359052
0.366885
0.059932
0.068741
0.999483
0.683967
0.014142
0.375794
0.058382
0.283296
0.999483
0.043417
0.318516
0.043973
0.000612
0.371471
0.999483
0.368878
0.054352
0.999483
0.685867
0.687028
0.687290
0.689875
0.419943
0.128555
0.050598
0.999483
0.683050
0.057302
0.382641
0.694368
0.377762
0.066577
0.062539
0.369380
0.062712
0.065894
0.065197
0.061780
0.057841
0.054441
0.056463
0.686869
0.374720
0.071097
0.999483
0.054026
0.053952
0.355150
0.050261
0.999483
0.686832
0.379764
0.383915
0.062873
0.060538
0.372774
0.368501
0.682930
0.682101
0.372539
0.686160
0.379494
0.066047
0.999483
0.685156
0.363496
0.053219
0.999483
0.056181
0.999483
0.683066
0.366003
0.365095
0.051207
0.999483
0.684639
0.061282
0.057129
0.050450
0.044010
0.037350
0.041777
0.067493
0.379643
0.999483
0.378529
0.690035
0.367399
0.359625
0.665341
0.683307
0.071155
0.694681
0.694535
0.362935
0.365074
0.364157
0.368430
0.369932
0.370656
0.368365
0.057463
0.290324
0.999483
0.049967
0.382952
0.057295
0.688403
0.063948
0.391452
0.694733
0.397395
0.048100
0.735718
0.018998
0.400473
0.628846
0.132401
0.356630
0.052329
0.383502
0.999316
0.376627
0.059216
0.384195
0.377727
0.685213
0.998804
0.370106
0.370817
0.998804
0.056518
0.686768
0.687147
0.423767
0.369500
0.370026
0.377629
0.684098
0.379063
0.381261
0.377616
0.400376
0.440321
0.132926
0.689521
0.061183
0.368487
0.682715
0.682959
0.050418
0.368076
0.683745
0.999555
0.683745
0.050840
0.365956
0.366529
0.367886
0.054881
0.372056
0.999555
0.685418
0.686797
0.688659
0.055757
0.044670
0.999555
0.680891
0.054154
0.064230
0.073168
0.074689
0.999555
0.689538
0.690691
0.390100
0.388503
0.407558
0.405489
0.065940
0.379173
0.688711
0.071877
0.688878
0.382450
0.380658
0.377629
0.390404
0.693984
0.043947
0.056998
0.072451
0.084430
0.066072
0.075463
0.094777
0.668069
0.253589
0.998025
0.616175
0.398834
0.700771
0.099090
0.383269
0.688934
0.380751
0.081080
0.385907
0.398636
0.693105
0.094056
0.999483
0.071690
0.706355
0.999483
0.406168
0.041077
0.076531
0.680467
0.366949
0.361261
0.407268
0.280268
0.999483
0.349620
0.673395
0.684275
0.036921
0.043765
0.048323
0.053216
0.686925
0.373480
0.373888
0.999483
0.078904
0.389051
0.354148
0.356584
0.359985
0.362380
0.682346
0.682645
0.053896
0.374751
0.999483
0.069269
0.379480
0.690920
0.067748
0.372299
0.683172
0.049473
0.678894
0.362157
0.049682
0.387825
0.066477
0.092024
0.019787
0.344022
0.999483
0.270522
0.103709
0.014725
0.095655
0.376411
0.685160
0.682146
0.368878
0.999483
0.365350
0.054177
0.370123
0.372194
0.374689
0.129507
0.060148
0.683585
0.999483
0.055822
0.055613
0.061873
0.390751
0.382921
0.999483
0.688080
0.378866
0.062118
0.379476
0.071069
0.690278
0.378870
0.376142
0.373718
0.060108
0.687363
0.375454
0.377131
0.070982
0.376161
0.048506
0.344959
0.346260
0.362150
0.055876
0.999483
0.688188
0.062588
0.686414
0.372999
0.370139
0.048919
0.049459
0.368932
0.065364
0.069592
0.058016
0.052867
0.051760
0.054373
0.057622
0.064380
0.082481
0.367444
0.366359
0.044563
0.681469
0.047598
0.367046
0.055556
0.372124
0.687406
0.367164
0.681895
0.679706
0.677554
0.052496
0.691872
0.371138
0.061014
0.054329
0.046023
0.039869
0.061507
0.071707
0.691621
0.074439
0.053489
0.367072
0.372672
0.356964
0.322787
0.378223
0.351102
0.375312
0.002753
0.999483
0.290324
0.359054
0.362110
0.373059
0.062264
0.366528
0.325936
0.409759
0.103849
0.393794
0.114458
0.373293
0.318864
0.999316
0.311904
0.088874
0.689226
0.081893
0.073353
0.999316
0.072764
0.079329
0.379164
0.061311
0.058484
0.058288
0.684949
0.055862
0.369827
0.057817
0.436445
0.637392
0.674769
0.009462
0.374576
0.373617
0.691053
0.074965
0.999483
0.373666
0.333255
0.093219
0.999030
0.063121
0.369711
0.051465
0.683119
0.367349
0.368249
0.368349
0.683745
0.052850
0.684003
0.367088
0.051277
0.051409
0.051741
0.050996
0.051468
0.370661
0.058446
0.057695
0.679335
0.685086
0.365095
0.049147
0.683414
0.685167
0.375578
0.380379
0.379524
0.380199
0.384045
0.091910
0.364123
0.066279
0.081927
0.379223
0.379982
0.689887
0.380316
0.073699
0.998025
0.382712
0.998025
0.399017
0.060160
0.426220
0.071062
0.079621
0.998025
0.064674
0.448073
0.704648
0.029876
0.468378
0.307140
0.078854
0.998025
0.097431
0.700802
0.017002
0.380284
0.379668
0.690923
0.385655
0.375779
0.094014
0.044149
0.080740
0.999483
0.084975
0.406168
0.999483
0.067057
0.298089
0.098386
0.680288
0.665610
0.999483
0.665610
0.280268
0.178203
0.314571
0.357208
0.045974
0.363755
0.999483
0.681696
0.057235
0.374656
0.687930
0.686157
0.074132
0.336607
0.344657
0.353248
0.680085
0.681256
0.047001
0.685410
0.686102
0.375246
0.354746
0.058572
0.378124
0.377328
0.372829
0.683172
0.999483
0.040718
0.678523
0.361276
0.056694
0.074854
0.373658
0.692664
0.394142
0.393210
0.360112
0.058069
0.999483
0.139353
0.379010
0.999483
0.073978
0.056725
0.363336
0.365350
0.999483
0.682266
0.368822
0.058850
0.059238
0.051241
0.370397
0.054232
0.057422
0.377952
0.071508
0.999483
0.078771
0.386085
0.379317
0.072647
0.688619
0.687996
0.687987
0.689991
0.381734
0.068520
0.688521
0.375773
0.062474
0.687229
0.375285
0.688067
0.688411
0.373753
0.369086
0.031343
0.349744
0.676204
0.040615
0.053629
0.059404
0.060193
0.999483
0.686414
0.685848
0.684237
0.367558
0.374480
0.359092
0.373448
0.064095
0.686151
0.370785
0.061216
0.999483
0.376110
0.374286
0.073489
0.053611
0.042015
0.679899
0.041557
0.999483
0.681889
0.684326
0.370240
0.682098
0.362318
0.041466
0.353526
0.053594
0.051339
0.368761
0.054759
0.999483
0.684664
0.685776
0.067459
0.688557
0.068731
0.377035
0.066429
0.999483
0.689071
0.682795
0.360611
0.331733
0.398188
0.332519
0.379660
0.038310
0.421651
0.057048
0.069598
0.059815
0.999483
0.371024
0.364446
0.038669
0.999483
0.134947
0.382062
0.371401
0.999483
0.021523
0.089188
0.380938
0.381377
0.688167
0.382190
0.075135
0.382016
0.080040
0.380833
0.378229
0.376452
0.685666
0.058313
0.369742
0.368734
0.369284
0.309167
0.485684
0.367017
0.120152
0.389282
0.383684
0.692512
0.381509
0.083273
0.149686
0.144559
0.020119
0.066404
0.373367
0.999030
0.055561
0.366447
0.683708
0.684235
0.368935
0.684062
0.684393
0.368528
0.052354
0.051158
0.999555
0.682987
0.365036
0.999555
0.050755
0.999555
0.685077
0.061967
0.059159
0.052481
0.999555
0.054446
0.687058
0.685563
0.688076
0.071291
0.073043
0.076562
0.331834
0.074786
0.998423
0.374877
0.387210
0.383738
0.071091
0.382106
0.688962
0.076327
0.085721
0.383140
0.049007
0.480388
0.423828
0.686742
0.079731
0.378585
0.998025
0.398131
0.998025
0.407714
0.079106
0.373996
0.450572
0.065030
0.017350
0.017827
0.654615
0.312786
0.368192
0.082935
0.391663
0.377922
0.319258
0.152589
0.999483
0.075636
0.699494
0.063651
0.699296
0.296128
0.745418
0.999483
0.107190
0.425138
0.080393
0.265361
0.449592
0.054902
0.689929
0.061239
0.681542
0.999483
0.047749
0.683437
0.057913
0.374710
0.059684
0.062945
0.667058
0.348988
0.351612
0.356315
0.039364
0.044951
0.352720
0.058189
0.063104
0.414756
0.642302
0.409231
0.046194
0.999483
0.056936
0.052330
0.683172
0.040957
0.363406
0.686934
0.078189
0.999483
0.091144
0.065152
0.385106
0.405167
0.375721
0.381088
0.136403
0.999483
0.693890
0.076577
0.999483
0.386292
0.382334
0.046522
0.682266
0.365550
0.061750
0.377470
0.380636
0.377957
0.058806
0.685027
0.068744
0.999483
0.078435
0.076639
0.691330
0.075493
0.688855
0.690719
0.064825
0.064348
0.068915
0.072123
0.380944
0.069485
0.376701
0.687424
0.374881
0.374050
0.373938
0.063106
0.063091
0.373409
0.047060
0.680015
0.033059
0.359145
0.364367
0.682541
0.054582
0.999483
0.372872
0.057723
0.054177
0.367670
0.681683
0.684195
0.387627
0.419269
0.076770
0.694900
0.373256
0.375881
0.066035
0.379061
0.067872
0.689033
0.374691
0.048483
0.039512
0.034777
0.681889
0.366183
0.369162
0.367087
0.355090
0.363755
0.685943
0.052417
0.999483
0.688240
0.046975
0.999483
0.052858
0.370189
0.373423
0.376222
0.999483
0.376236
0.375144
0.374244
0.072235
0.072568
0.040509
0.384658
0.317576
0.376488
0.095631
0.062175
0.140382
0.095914
0.081196
0.999483
0.000638
0.685083
0.373298
0.064618
0.090667
0.695956
0.410615
0.999483
0.408443
0.115465
0.358133
0.094233
0.380781
0.690003
0.064012
0.688676
0.380147
0.383232
0.691654
0.077939
0.382720
0.373978
0.373212
0.684670
0.683609
0.368425
0.368183
0.115345
0.050516
0.999483
0.142956
0.382797
0.999483
0.074136
0.696077
0.403233
0.699585
0.408422
0.104832
0.080943
0.685544
0.059836
0.057348
0.050434
0.050118
0.368173
0.369032
0.684393
0.369248
0.369194
0.684168
0.367053
0.048901
0.048175
0.046908
0.047672
0.363526
0.367772
0.067401
0.693815
0.688870
0.056037
0.682827
0.053438
0.373241
0.686943
0.377794
0.383428
0.385004
0.380903
0.388192
0.037605
0.682965
0.401505
0.390596
0.699889
0.693441
0.688216
0.689479
0.374115
0.691767
0.029083
0.389981
0.109916
0.371181
0.998025
0.686742
0.054542
0.382884
0.423561
0.704648
0.367949
0.357923
0.052052
0.998025
0.741401
0.109505
0.075812
0.998025
0.006059
0.003996
0.693990
0.389127
0.401480
0.386081
0.718117
0.319992
0.386983
0.357702
0.293999
0.054172
0.155381
0.620385
0.174765
0.043067
0.385526
0.707481
0.999483
0.383642
0.085713
0.689719
0.058524
0.364317
0.363879
0.365145
0.051788
0.371373
0.372969
0.999483
0.063191
0.046804
0.676532
0.360550
0.999483
0.045969
0.349990
0.686386
0.688937
0.436364
0.642302
0.661107
0.326446
0.105525
0.054312
0.683556
0.051111
0.045813
0.364572
0.370813
0.687188
0.085350
0.092168
0.394721
0.695285
0.999483
0.074891
0.091332
0.380871
0.384301
0.693890
0.060402
0.077749
0.395763
0.080148
0.374377
0.032089
0.681115
0.365212
0.304400
0.382144
0.379475
0.690019
0.688498
0.062696
0.376253
0.069971
0.074418
0.381405
0.690163
0.377517
0.687229
0.065175
0.063242
0.999483
0.376531
0.068536
0.999483
0.068137
0.375732
0.686533
0.060159
0.999483
0.371678
0.372077
0.372266
0.372022
0.049676
0.681350
0.039477
0.361241
0.681333
0.680558
0.682541
0.370772
0.372094
0.368274
0.684420
0.045073
0.044618
0.069779
0.692917
0.110877
0.694900
0.999483
0.694900
0.059171
0.375337
0.375856
0.069042
0.688626
0.689033
0.686827
0.683527
0.042619
0.049458
0.368749
0.367724
0.357139
0.051376
0.086092
0.106967
0.093827
0.130870
0.042489
0.050843
0.683749
0.682353
0.369302
0.372627
0.064101
0.688557
0.687673
0.373757
0.686966
0.383325
0.382535
0.394769
0.001302
0.667350
0.064253
0.695649
0.117443
0.999483
0.092003
0.133444
0.409074
0.747157
0.299073
0.062271
0.999483
0.066905
0.026587
0.154719
0.104565
0.705112
0.423946
0.119102
0.353621
0.385523
0.056599
0.692821
0.087764
0.083265
0.696559
0.084344
0.083273
0.698048
0.076473
0.055248
0.055785
0.369854
0.998804
0.368416
0.383085
0.685101
0.424657
0.437741
0.373730
0.073248
0.686820
0.085552
0.677560
0.322792
0.086483
0.999483
0.385208
0.375788
0.371110
0.054746
0.682950
0.050363
0.050941
0.052565
0.053372
0.684594
0.368893
0.051588
0.683550
0.681854
0.681774
0.681682
0.682007
0.059195
0.686660
0.377718
0.066467
0.060502
0.057137
0.053771
0.049989
0.051241
0.059265
0.070485
0.998423
0.390640
0.392510
0.399735
0.120364
0.401903
0.688770
0.695735
0.081251
0.379774
0.376065
0.374115
0.998025
0.070092
0.378233
0.044924
0.682464
0.998025
0.046403
0.013099
0.069213
0.055169
0.075091
0.060383
0.001366
0.007163
0.285748
0.121791
0.044363
0.038313
0.070071
0.034221
0.061351
0.998025
0.384745
0.086220
0.388211
0.999483
0.386081
0.292926
0.086688
0.057360
0.095380
0.714373
0.659427
0.746261
0.339813
0.039808
0.040277
0.058191
0.404851
0.101366
0.372831
0.366631
0.363834
0.361475
0.362562
0.365120
0.684037
0.370117
0.369850
0.373589
0.677001
0.361705
0.044048
0.368163
0.048870
0.682189
0.611477
0.104347
0.126519
0.387335
0.119414
0.368475
0.359579
0.361717
0.365657
0.683309
0.052867
0.369004
0.369117
0.372345
0.999483
0.073190
0.690887
0.086053
0.089251
0.100552
0.386838
0.398686
0.139473
0.999483
0.384301
0.050850
0.698196
0.689737
0.999483
0.366528
0.016020
0.371788
0.046572
0.659881
0.311483
0.689723
0.063473
0.061429
0.060272
0.685309
0.063214
0.375801
0.999483
0.070067
0.999483
0.688145
0.687229
0.686579
0.374992
0.374549
0.375927
0.067193
0.065534
0.373804
0.999483
0.686533
0.057652
0.999483
0.684917
0.685368
0.055263
0.365508
0.682305
0.043909
0.681333
0.999483
0.364391
0.367534
0.054409
0.054116
0.683527
0.365285
0.347689
0.301861
0.430862
0.078006
0.047667
0.015417
0.385574
0.686588
0.690157
0.372800
0.368267
0.059872
0.999483
0.375971
0.371087
0.053585
0.999483
0.685818
0.057402
0.364583
0.009387
0.091999
0.434664
0.999483
0.024324
0.999483
0.692560
0.041231
0.045537
0.683409
0.368529
0.058158
0.687976
0.374141
0.060278
0.999483
0.069918
0.382828
0.097750
0.706220
0.046259
0.999483
0.667350
0.113594
0.697892
0.704501
0.091673
0.999483
0.416417
0.027799
0.394065
0.072616
0.376355
0.069486
0.413710
0.096579
0.395574
0.999483
0.705112
0.010259
0.063354
0.683966
0.065916
0.404056
0.999483
0.122823
0.388136
0.332069
0.075141
0.699249
0.398977
0.070832
0.373412
0.059063
0.057039
0.367973
0.368700
0.380629
0.379403
0.062229
0.372251
0.999483
0.079738
0.677560
0.999483
0.677560
0.021438
0.385208
0.692228
0.375941
0.043616
0.359110
0.999483
0.365702
0.366455
0.999483
0.367674
0.684280
0.051679
0.366283
0.048189
0.047753
0.048324
0.050409
0.053851
0.063432
0.377643
0.682996
0.998498
0.367655
0.682298
0.683157
0.682648
0.057648
0.688224
0.075285
0.386900
0.694922
0.105531
0.707148
0.127435
0.093496
0.998423
0.389031
0.062211
0.053827
0.044741
0.379437
0.359983
0.076567
0.121080
0.390276
0.387710
0.047403
0.684034
0.374302
0.376086
0.377173
0.381610
0.298803
0.747071
0.077457
0.380091
0.403648
0.431149
0.047774
0.368604
0.369934
0.998025
0.374445
0.084260
0.694417
0.998025
0.089903
0.574291
0.475606
0.033053
0.999483
0.095284
0.731644
0.000308
0.402756
0.359704
0.172984
0.317993
0.379134
0.999483
0.385720
0.035585
0.039940
0.037598
0.039370
0.361604
0.364286
0.366389
0.369833
0.053824
0.053953
0.371046
0.683137
0.683888
0.999483
0.055173
0.050342
0.107390
0.175220
0.699904
0.407862
0.684330
0.680890
0.679678
0.681584
0.999483
0.051762
0.685784
0.057409
0.371283
0.999483
0.061380
0.690887
0.687283
0.380270
0.385533
0.100671
0.401645
0.398571
0.383836
0.063717
0.039039
0.029183
0.162149
0.039683
0.689737
0.371112
0.309529
0.153739
0.692802
0.426613
0.351815
0.066365
0.368024
0.372186
0.055034
0.999483
0.368977
0.369628
0.061426
0.063241
0.062036
0.687229
0.372878
0.056411
0.057199
0.060457
0.999483
0.374781
0.062401
0.999483
0.373804
0.054386
0.051515
0.051174
0.054342
0.057595
0.056187
0.367148
0.683242
0.365285
0.044894
0.046353
0.049321
0.052647
0.369980
0.369888
0.052075
0.049616
0.370044
0.093977
0.327041
0.416566
0.364095
0.084534
0.399864
0.435748
0.373381
0.373109
0.371745
0.682469
0.061812
0.063316
0.054926
0.061217
0.064918
0.064175
0.368796
0.015737
0.047693
0.402290
0.999483
0.434664
0.101162
0.388322
0.054112
0.361341
0.045698
0.048781
0.052651
0.055618
0.056279
0.054058
0.052184
0.054804
0.380667
0.391514
0.101767
0.032897
0.371266
0.350885
0.030947
0.059804
0.701878
0.100025
0.394036
0.089821
0.094398
0.999483
0.077476
0.708292
0.381246
0.050737
0.377499
0.362235
0.359909
0.381132
0.415186
0.067520
0.429341
0.608718
0.129124
0.414990
0.415562
0.999483
0.331046
0.131141
0.344450
0.416015
0.422041
0.018043
0.058902
0.690062
0.046358
0.054527
0.368575
0.045317
0.043019
0.363737
0.685669
0.437248
0.107446
0.084137
0.384161
0.626298
0.104802
0.386503
0.690670
0.375672
0.032027
0.675430
0.041861
0.999483
0.048964
0.050428
0.051337
0.367214
0.999555
0.365197
0.363285
0.047456
0.681956
0.367694
0.683503
0.374292
0.053604
0.685392
0.363665
0.042956
0.998423
0.366523
0.052126
0.688224
0.998423
0.688224
0.388881
0.392220
0.401854
0.998423
0.408851
0.675735
0.688770
0.035153
0.682901
0.998423
0.372946
0.355426
0.360204
0.086988
0.687673
0.082476
0.072563
0.295234
0.046966
0.371292
0.372535
0.377994
0.310618
0.492533
0.998025
0.102155
0.116089
0.160840
0.602130
0.060814
0.369398
0.998025
0.056095
0.380363
0.386801
0.387088
0.068286
0.053238
0.134132
0.339741
0.053233
0.403375
0.070375
0.400326
0.445654
0.292185
0.999483
0.026115
0.999483
0.003592
0.059598
0.049461
0.049956
0.362904
0.361997
0.362448
0.043532
0.045492
0.047154
0.049202
0.366461
0.366546
0.055586
0.052362
0.369582
0.369655
0.999483
0.052019
0.394156
0.382704
0.394351
0.447719
0.102968
0.367093
0.043896
0.044388
0.050068
0.685784
0.686240
0.686182
0.057594
0.684640
0.055987
0.376318
0.999483
0.067537
0.690495
0.100999
0.412525
0.402495
0.384245
0.361867
0.366013
0.739670
0.340336
0.357664
0.695709
0.356765
0.089508
0.011003
0.381028
0.999483
0.378585
0.386526
0.073703
0.672204
0.375026
0.049593
0.051912
0.683433
0.055263
0.999483
0.059073
0.058957
0.057263
0.050728
0.681756
0.367016
0.061192
0.373830
0.373594
0.060608
0.057839
0.051890
0.683224
0.366244
0.368265
0.371292
0.372611
0.054946
0.999483
0.683242
0.682463
0.682335
0.682810
0.683679
0.057077
0.999483
0.371738
0.370978
0.071573
0.695017
0.394068
0.386631
0.354464
0.058468
0.688897
0.383333
0.373962
0.377534
0.375663
0.060496
0.375662
0.687822
0.686448
0.053381
0.999483
0.375647
0.369715
0.351525
0.305197
0.687519
0.092774
0.132514
0.096809
0.125119
0.999483
0.681634
0.365844
0.682642
0.683296
0.368800
0.369062
0.367315
0.365316
0.370361
0.076069
0.700720
0.400141
0.081154
0.027029
0.630826
0.396725
0.183161
0.428811
0.143789
0.698362
0.696472
0.082855
0.706674
0.388290
0.079031
0.404941
0.068566
0.671772
0.657977
0.675503
0.999483
0.036678
0.371983
0.375136
0.109033
0.078865
0.108425
0.398591
0.435194
0.748722
0.619097
0.376112
0.124469
0.233925
0.282928
0.999483
0.099157
0.390735
0.340638
0.374035
0.999483
0.051768
0.682640
0.059152
0.078716
0.695137
0.642939
0.428631
0.430675
0.186490
0.390681
0.999483
0.690670
0.036437
0.675795
0.037513
0.044204
0.367323
0.683559
0.051195
0.366360
0.365124
0.999555
0.681741
0.681496
0.681914
0.681956
0.057144
0.058634
0.058211
0.046455
0.035607
0.037099
0.048590
0.370019
0.051691
0.374430
0.688224
0.080582
0.088290
0.384117
0.381723
0.109843
0.110990
0.396166
0.675735
0.016676
0.374407
0.083374
0.998025
0.053015
0.372767
0.684662
0.076566
0.372235
0.290635
0.998025
0.605940
0.683496
0.058259
0.998025
0.688701
0.099291
0.115898
0.408576
0.998025
0.014566
0.074955
0.377854
0.367565
0.054274
0.368975
0.065229
0.074708
0.066419
0.368645
0.679626
0.430251
0.087140
0.410772
0.119139
0.384432
0.073356
0.083303
0.085984
0.013937
0.037809
0.308878
0.381068
0.055486
0.684869
0.682227
0.362945
0.680918
0.044914
0.363452
0.363697
0.681765
0.682256
0.682539
0.682624
0.683724
0.999483
0.054802
0.371123
0.369712
0.682158
0.692459
0.999483
0.054369
0.024933
0.366709
0.383179
0.681850
0.999483
0.367712
0.057774
0.372483
0.999483
0.686182
0.370837
0.053012
0.369899
0.374491
0.690495
0.999483
0.077850
0.103274
0.698086
0.396602
0.999483
0.692994
0.061605
0.685226
0.999483
0.055993
0.712101
0.389679
0.093573
0.693666
0.684441
0.382761
0.384319
0.046729
0.674868
0.344771
0.372607
0.360186
0.368271
0.368994
0.056741
0.371706
0.371864
0.052522
0.362662
0.682250
0.366122
0.057919
0.687634
0.374300
0.373186
0.373041
0.372126
0.370260
0.055027
0.686097
0.372108
0.372781
0.056159
0.368457
0.051650
0.050825
0.051418
0.053176
0.055651
0.058981
0.373267
0.376919
0.390652
0.081033
0.999483
0.695017
0.695605
0.369643
0.062110
0.999483
0.066608
0.066779
0.999483
0.688614
0.378488
0.999483
0.072068
0.368126
0.678286
0.369798
0.689307
0.686530
0.682606
0.674365
0.070025
0.365091
0.367673
0.393985
0.089958
0.032142
0.046729
0.682354
0.051354
0.052609
0.683942
0.684243
0.368961
0.056941
0.690287
0.383816
0.119762
0.999483
0.704199
0.041105
0.688695
0.330833
0.138054
0.682766
0.112720
0.999483
0.084859
0.999483
0.078499
0.045843
0.389418
0.396201
0.091320
0.003350
0.255916
0.317107
0.093417
0.374103
0.345329
0.318395
0.999483
0.388634
0.125529
0.685610
0.437492
0.006563
0.076559
0.355121
0.361887
0.375655
0.352371
0.282928
0.130053
0.688736
0.379764
0.016088
0.369371
0.059547
0.057698
0.383761
0.387672
0.080917
0.132187
0.063437
0.695672
0.133388
0.393480
0.395817
0.050655
0.999483
0.677046
0.675795
0.046287
0.683559
0.999483
0.050796
0.683111
0.046904
0.681741
0.362931
0.046926
0.683016
0.054531
0.998423
0.374525
0.686811
0.685044
0.683565
0.684555
0.684729
0.374143
0.065442
0.050622
0.373102
0.376766
0.394974
0.383103
0.384732
0.103244
0.998423
0.081643
0.383692
0.379314
0.092582
0.057181
0.127447
0.679266
0.367524
0.393981
0.674485
0.684876
0.684111
0.290635
0.366259
0.050319
0.998025
0.372595
0.386220
0.687822
0.388176
0.370641
0.048524
0.437594
0.681591
0.388721
0.341978
0.365561
0.058375
0.686334
0.377414
0.374908
0.366560
0.051421
0.370676
0.394050
0.121360
0.081227
0.385881
0.371107
0.377257
0.316792
0.411451
0.368153
0.046657
0.052234
0.683871
0.368817
0.046548
0.361118
0.680051
0.044010
0.363341
0.363712
0.363622
0.363884
0.046646
0.364859
0.047299
0.048798
0.049405
0.051075
0.050372
0.366199
0.044617
0.692459
0.055972
0.999483
0.360336
0.046157
0.364809
0.681850
0.052254
0.687368
0.060542
0.370400
0.050997
0.045964
0.044694
0.366531
0.369848
0.374840
0.690495
0.067706
0.999483
0.390448
0.139253
0.394636
0.107136
0.018152
0.082455
0.382105
0.396636
0.385213
0.383481
0.078846
0.082282
0.071668
0.688129
0.375750
0.051527
0.681094
0.352152
0.348846
0.365622
0.363359
0.372254
0.372231
0.370788
0.368949
0.046472
0.364409
0.684448
0.369730
0.062993
0.999483
0.687634
0.686876
0.374630
0.064684
0.374254
0.060104
0.999483
0.686097
0.686415
0.057444
0.685337
0.054913
0.684794
0.369501
0.369919
0.370953
0.060587
0.999483
0.384174
0.372414
0.025813
0.385222
0.084396
0.061229
0.069806
0.690443
0.064940
0.688381
0.069799
0.380135
0.380013
0.380937
0.070611
0.060674
0.042742
0.038430
0.055114
0.067994
0.373066
0.055195
0.069098
0.081501
0.677911
0.690714
0.055423
0.386574
0.378163
0.363827
0.047916
0.366473
0.359444
0.037796
0.060618
0.353570
0.065494
0.700500
0.387240
0.111623
0.400332
0.423775
0.047813
0.377669
0.694386
0.394639
0.384906
0.061925
0.106313
0.397412
0.689422
0.367352
0.999483
0.057977
0.381397
0.062334
0.111395
0.245967
0.325930
0.703314
0.097079
0.257170
0.412583
0.691720
0.371251
0.057105
0.687146
0.073077
0.999483
0.071210
0.363677
0.372569
0.999483
0.682239
0.162136
0.078449
0.358381
0.682592
0.039018
0.686197
0.062271
0.999483
0.073894
0.383811
0.383576
0.692303
0.077695
0.392693
0.385978
0.688552
0.070249
0.049547
0.677046
0.036837
0.359952
0.048817
0.367842
0.683559
0.050379
0.682583
0.044869
0.680918
0.044081
0.365173
0.366255
0.052227
0.057220
0.373900
0.066014
0.070846
0.380434
0.074402
0.078716
0.077363
0.074411
0.707319
0.056338
0.346787
0.001002
0.061748
0.077858
0.392278
0.070616
0.998423
0.377048
0.369762
0.373347
0.677396
0.630527
0.063149
0.056996
0.042589
0.058282
0.053256
0.682721
0.045811
0.680762
0.363619
0.363262
0.364008
0.052642
0.070845
0.683562
0.685260
0.357556
0.335138
0.081436
0.084375
0.631608
0.359566
0.359928
0.371778
0.375153
0.375425
0.367092
0.388331
0.430081
0.118153
0.999483
0.701392
0.380239
0.383103
0.374498
0.381676
0.094887
0.365033
0.361849
0.360531
0.042477
0.042477
0.358217
0.680051
0.999483
0.042073
0.681624
0.999483
0.045886
0.363640
0.681540
0.045982
0.364022
0.364575
0.365076
0.682176
0.999483
0.046216
0.680206
0.680902
0.041286
0.039401
0.364389
0.681317
0.364016
0.366571
0.369842
0.372704
0.999483
0.057152
0.999483
0.044212
0.359577
0.044001
0.049160
0.055781
0.376146
0.999483
0.063655
0.372091
0.369303
0.486632
0.629105
0.220092
0.693620
0.149155
0.000188
0.999483
0.377064
0.074507
0.381203
0.397669
0.681630
0.303844
0.057407
0.999483
0.364311
0.353303
0.037225
0.685108
0.370266
0.376062
0.373340
0.368297
0.046320
0.684448
0.999483
0.684448
0.379251
0.069173
0.062459
0.063161
0.064364
0.999483
0.379571
0.375363
0.061992
0.061523
0.060429
0.058496
0.371254
0.370766
0.685210
0.684794
0.684812
0.685043
0.372949
0.064889
0.069591
0.999483
0.409632
0.303323
0.386154
0.402175
0.122108
0.999483
0.690443
0.378697
0.072527
0.999483
0.382276
0.073186
0.999483
0.376335
0.371901
0.369069
0.372837
0.381156
0.070566
0.063140
0.380124
0.064338
0.692070
0.033753
0.330399
0.071072
0.682044
0.682488
0.361683
0.036485
0.682154
0.059575
0.745727
0.053507
0.669978
0.088618
0.999483
0.064858
0.699204
0.415147
0.000181
0.368113
0.697565
0.370837
0.384649
0.085277
0.403151
0.400984
0.071068
0.311353
0.672852
0.306219
0.377690
0.074922
0.094633
0.100702
0.326754
0.999483
0.022528
0.332523
0.710943
0.061721
0.999483
0.064234
0.999483
0.064286
0.379761
0.399841
0.087636
0.363721
0.682239
0.144189
0.102770
0.076601
0.365434
0.682594
0.682592
0.046007
0.373626
0.374825
0.070063
0.130361
0.411997
0.382313
0.070580
0.377920
0.688552
0.999483
0.688552
0.053232
0.361450
0.681412
0.363222
0.050466
0.683969
0.369394
0.051563
0.045793
0.680782
0.041914
0.362901
0.364981
0.999483
0.366831
0.372794
0.999483
0.688014
0.385234
0.086585
0.080059
0.998423
0.382394
0.079520
0.686918
0.674144
0.690956
0.998423
0.690956
0.357870
0.061179
0.057052
0.370442
0.369743
0.052918
0.998423
0.004579
0.391865
0.369288
0.684197
0.684882
0.372900
0.054612
0.050517
0.044684
0.680065
0.046596
0.043973
0.041930
0.998025
0.681701
0.061219
0.055448
0.377560
0.376628
0.404608
0.053369
0.386410
0.998025
0.667183
0.677343
0.685932
0.686844
0.685664
0.999483
0.407974
0.380719
0.079910
0.075642
0.383349
0.388228
0.386711
0.395180
0.690918
0.066549
0.679835
0.999483
0.037734
0.356746
0.356820
0.037607
0.360357
0.999483
0.043845
0.364205
0.046711
0.046080
0.363613
0.681656
0.681903
0.682188
0.682495
0.048022
0.682176
0.043997
0.360389
0.359882
0.359585
0.360359
0.361873
0.363354
0.364655
0.366830
0.369830
0.372434
0.686395
0.056574
0.364462
0.999483
0.361060
0.999483
0.045401
0.368871
0.059479
0.061962
0.057070
0.049778
0.046095
0.045433
0.118186
0.233508
0.127978
0.009068
0.398708
0.053497
0.695972
0.122702
0.402659
0.681630
0.999483
0.681630
0.615198
0.060713
0.687291
0.368299
0.354224
0.371457
0.078964
0.999483
0.379468
0.373207
0.051044
0.055126
0.373361
0.066123
0.380995
0.381683
0.369598
0.039198
0.312685
0.379571
0.700920
0.689409
0.376380
0.374419
0.373470
0.372739
0.058322
0.371585
0.999483
0.370540
0.055922
0.056657
0.372211
0.376019
0.074873
0.081989
0.134048
0.179496
0.384526
0.378266
0.105837
0.071199
0.063505
0.068824
0.072279
0.074811
0.073984
0.070211
0.377204
0.376311
0.061903
0.687956
0.066116
0.378276
0.379166
0.693840
0.084873
0.692070
0.677618
0.999483
0.067330
0.395262
0.687654
0.045180
0.361734
0.045119
0.687104
0.378174
0.093433
0.426516
0.373247
0.417546
0.110649
0.137074
0.999483
0.110601
0.144230
0.330973
0.999483
0.091548
0.747372
0.397483
0.396036
0.999483
0.041193
0.367758
0.322142
0.368298
0.364187
0.688037
0.380316
0.079714
0.380811
0.083984
0.598808
0.344370
0.423668
0.685195
0.068215
0.066725
0.076958
0.394179
0.697960
0.385248
0.052198
0.392556
0.692158
0.408617
0.096847
0.999483
0.069250
0.999483
0.044324
0.047752
0.359789
0.371808
0.493778
0.448131
0.999483
0.420166
0.066671
0.999483
0.062704
0.688552
0.369266
0.683544
0.364743
0.364332
0.052496
0.053626
0.057845
0.055957
0.999483
0.364014
0.041344
0.361235
0.680546
0.046992
0.366831
0.999483
0.369934
0.064890
0.077824
0.999483
0.386840
0.695670
0.071698
0.369050
0.182657
0.396922
0.112147
0.367860
0.012756
0.166778
0.388158
0.372881
0.684857
0.368582
0.367952
0.053460
0.058432
0.684489
0.054053
0.685627
0.374224
0.066799
0.686917
0.685059
0.683674
0.050253
0.051650
0.371555
0.683196
0.361273
0.052831
0.374608
0.377330
0.067156
0.684699
0.363871
0.316491
0.707443
0.419686
0.386410
0.045782
0.353616
0.376440
0.061223
0.053178
0.700293
0.132627
0.330192
0.694885
0.697214
0.395884
0.088474
0.693156
0.999483
0.382561
0.056947
0.043167
0.040312
0.358536
0.357973
0.679750
0.036623
0.035745
0.040014
0.045566
0.047765
0.363757
0.362031
0.040269
0.363682
0.364150
0.364582
0.365263
0.682599
0.682058
0.043874
0.359383
0.359014
0.040135
0.042677
0.363427
0.050177
0.052443
0.054196
0.056479
0.059206
0.373140
0.055981
0.047855
0.041820
0.359074
0.361363
0.682648
0.999483
0.052364
0.999483
0.055488
0.684246
0.052402
0.366888
0.433544
0.396981
0.325446
0.089659
0.999483
0.434817
0.999483
0.401449
0.190824
0.423710
0.382209
0.615198
0.389203
0.693231
0.373178
0.379424
0.366675
0.677688
0.381334
0.027672
0.060103
0.999483
0.058483
0.686309
0.374224
0.069495
0.379319
0.999483
0.067335
0.380022
0.158399
0.117626
0.695708
0.073944
0.371943
0.374863
0.372733
0.372725
0.059198
0.686346
0.058344
0.057529
0.057044
0.686292
0.373293
0.390737
0.387741
0.389809
0.397308
0.411349
0.102259
0.093867
0.393746
0.746008
0.297360
0.374011
0.378865
0.070244
0.070250
0.376893
0.687451
0.062875
0.687666
0.066192
0.380652
0.999483
0.382026
0.384283
0.084481
0.393165
0.073259
0.370839
0.127734
0.364535
0.057927
0.364003
0.046575
0.372268
0.686551
0.388265
0.695502
0.408312
0.999483
0.415006
0.141394
0.101859
0.095158
0.999483
0.338652
0.411476
0.034940
0.999483
0.411433
0.999483
0.132971
0.088584
0.100902
0.121461
0.999483
0.702474
0.367396
0.369721
0.687005
0.065054
0.377855
0.687757
0.043250
0.365216
0.045663
0.999483
0.369926
0.074414
0.105005
0.394544
0.693602
0.694085
0.084295
0.392987
0.408617
0.701017
0.388272
0.690860
0.053923
0.044997
0.677836
0.359822
0.034517
0.490571
0.081926
0.297662
0.720540
0.696017
0.072467
0.057953
0.053994
0.684267
0.368256
0.366712
0.048923
0.051407
0.372048
0.999483
0.686255
0.057105
0.051720
0.363702
0.042966
0.679772
0.362737
0.049694
0.367006
0.683513
0.055309
0.378808
0.690849
0.078369
0.999483
0.072506
0.682735
0.494014
0.396784
0.676970
0.999483
0.124149
0.391644
0.700925
0.689837
0.700925
0.370786
0.368865
0.056674
0.685244
0.684602
0.370817
0.998423
0.061316
0.069598
0.380763
0.063747
0.371127
0.368588
0.683361
0.683858
0.685822
0.371101
0.067845
0.060696
0.998025
0.379261
0.065873
0.998025
0.684699
0.674192
0.065251
0.296881
0.131048
0.685215
0.044043
0.086733
0.373744
0.684625
0.084153
0.037991
0.686341
0.082914
0.679137
0.088397
0.396250
0.087925
0.079159
0.378621
0.687283
0.050151
0.362394
0.361086
0.679750
0.999483
0.038123
0.357356
0.364375
0.682876
0.681453
0.679941
0.999483
0.679941
0.040198
0.364169
0.364117
0.365163
0.682558
0.365600
0.047240
0.359928
0.360285
0.999483
0.047814
0.051859
0.685146
0.372485
0.372734
0.372911
0.372999
0.059689
0.369687
0.366169
0.679629
0.359065
0.360631
0.363322
0.366288
0.999483
0.054294
0.684246
0.999483
0.053110
0.687194
0.999483
0.110814
0.379542
0.333061
0.071234
0.351475
0.045434
0.098322
0.219758
0.146110
0.342044
0.400703
0.084106
0.071046
0.065623
0.380508
0.688785
0.052800
0.684449
0.041492
0.689822
0.058403
0.063101
0.685625
0.372837
0.065609
0.689606
0.689395
0.381950
0.388459
0.124116
0.695708
0.686922
0.695708
0.684552
0.685678
0.372077
0.059471
0.373524
0.999483
0.373824
0.373584
0.373426
0.374592
0.084093
0.404541
0.999483
0.396456
0.402668
0.679257
0.999483
0.077737
0.689588
0.402314
0.413869
0.295399
0.372902
0.127762
0.688516
0.378712
0.999483
0.374884
0.064893
0.686800
0.066895
0.689714
0.385379
0.389461
0.397182
0.404103
0.387159
0.383951
0.050949
0.682033
0.058279
0.047374
0.368497
0.366568
0.999483
0.375870
0.113580
0.173572
0.081959
0.409474
0.111573
0.376678
0.999483
0.395437
0.670985
0.630288
0.075850
0.025317
0.089454
0.103728
0.089650
0.690657
0.369243
0.165565
0.129530
0.377834
0.373600
0.370263
0.062989
0.056039
0.686443
0.059455
0.371138
0.368976
0.999483
0.052029
0.058699
0.685932
0.119031
0.097597
0.392563
0.999483
0.389130
0.072363
0.092250
0.093401
0.683161
0.059991
0.362399
0.363377
0.364749
0.681297
0.093159
0.024695
0.999483
0.205839
0.408207
0.117931
0.039592
0.367871
0.683006
0.051919
0.050104
0.048609
0.364704
0.365340
0.371167
0.372778
0.058091
0.370086
0.369136
0.048932
0.048585
0.050617
0.052773
0.054613
0.368563
0.683294
0.053469
0.377986
0.999483
0.086244
0.080976
0.070052
0.124966
0.421692
0.999483
0.395724
0.337569
0.094023
0.287144
0.111805
0.998423
0.376704
0.075607
0.077784
0.433454
0.058499
0.059939
0.059765
0.370939
0.375430
0.376571
0.998025
0.688152
0.056838
0.053059
0.053075
0.062910
0.368817
0.063557
0.698534
0.077057
0.379261
0.998025
0.689013
0.375202
0.054069
0.312087
0.696974
0.476222
0.998025
0.136853
0.644462
0.344328
0.701258
0.369210
0.704495
0.118932
0.027706
0.357830
0.385604
0.999483
0.085592
0.404154
0.698210
0.077039
0.687149
0.054054
0.364506
0.680714
0.047975
0.044528
0.683185
0.045341
0.685289
0.367700
0.362428
0.362191
0.341753
0.353772
0.103236
0.041432
0.054774
0.363527
0.682484
0.054304
0.052027
0.362521
0.361929
0.364383
0.371702
0.373626
0.059209
0.686394
0.999483
0.373135
0.686104
0.685488
0.999483
0.685488
0.047780
0.043927
0.043241
0.044656
0.047007
0.683123
0.050955
0.369072
0.368856
0.368942
0.054300
0.064567
0.399824
0.670541
0.664786
0.353128
0.681342
0.999483
0.681342
0.422991
0.676655
0.382517
0.091939
0.999483
0.380104
0.999483
0.687951
0.052431
0.677087
0.049782
0.381934
0.363517
0.378780
0.064725
0.686010
0.371448
0.374409
0.375361
0.067408
0.375825
0.367360
0.007287
0.402689
0.999483
0.371991
0.052022
0.056550
0.056945
0.373572
0.686930
0.061442
0.062335
0.999483
0.686825
0.687005
0.380921
0.094616
0.396456
0.999483
0.082722
0.391897
0.041856
0.334377
0.082593
0.689513
0.380437
0.038432
0.434317
0.410506
0.132941
0.999483
0.378712
0.686495
0.060867
0.684941
0.060569
0.376658
0.378127
0.376800
0.399301
0.408812
0.413207
0.373432
0.686991
0.368485
0.365773
0.049340
0.361966
0.680631
0.044434
0.340430
0.688802
0.705252
0.143036
0.389392
0.080611
0.683070
0.063060
0.051043
0.020511
0.060541
0.341875
0.285252
0.348711
0.091883
0.999483
0.356895
0.336587
0.388100
0.372632
0.381245
0.691485
0.061854
0.999483
0.072660
0.062979
0.685956
0.060112
0.999483
0.368976
0.370893
0.051706
0.686838
0.075614
0.382060
0.081084
0.079405
0.689335
0.688570
0.999483
0.061602
0.071444
0.684574
0.060896
0.374327
0.371012
0.688463
0.042926
0.703388
0.722832
0.415578
0.999483
0.394296
0.046389
0.999483
0.683399
0.683006
0.048527
0.999483
0.364267
0.363664
0.053217
0.686500
0.684001
0.052618
0.684251
0.683804
0.683529
0.056572
0.685812
0.057717
0.371014
0.369006
0.059780
0.377785
0.395494
0.383557
0.999483
0.056508
0.713993
0.999483
0.420632
0.335746
0.144935
0.721792
0.416162
0.321407
0.065953
0.082978
0.998423
0.394099
0.709538
0.180686
0.373157
0.375504
0.061634
0.059629
0.057640
0.059942
0.377505
0.685459
0.682833
0.682097
0.055501
0.998025
0.679869
0.380354
0.392258
0.086063
0.689013
0.378981
0.378202
0.687818
0.074040
0.404684
0.245902
0.434840
0.323327
0.254601
0.676601
0.362890
0.374408
0.999483
0.704495
0.394610
0.088336
0.999483
0.385604
0.375817
0.098903
0.999483
0.077602
0.686775
0.053095
0.682570
0.050542
0.372279
0.384820
0.746440
0.059056
0.065338
0.067113
0.043710
0.358201
0.030820
0.402198
0.386029
0.693095
0.999483
0.050736
0.368779
0.368751
0.999483
0.051203
0.047012
0.052420
0.374479
0.687508
0.375920
0.062064
0.373815
0.060781
0.372799
0.372332
0.685488
0.370591
0.051773
0.681851
0.365314
0.681844
0.999483
0.364619
0.048708
0.367778
0.368732
0.686185
0.688265
0.999483
0.066394
0.092631
0.038747
0.999483
0.037663
0.681342
0.047724
0.363335
0.375055
0.396254
0.078540
0.691635
0.062160
0.687951
0.370674
0.689020
0.048379
0.368070
0.368758
0.366688
0.059927
0.684540
0.052376
0.999483
0.365780
0.370924
0.685438
0.687813
0.375906
0.019777
0.365919
0.044316
0.052959
0.360351
0.054599
0.686394
0.686930
0.999483
0.375152
0.375549
0.062821
0.062144
0.063880
0.378244
0.386517
0.099722
0.105107
0.705858
0.364494
0.693873
0.377699
0.078510
0.687832
0.375461
0.367861
0.368705
0.360025
0.326679
0.124977
0.055218
0.054337
0.055141
0.999483
0.055141
0.999483
0.360066
0.370347
0.363378
0.101662
0.679474
0.034529
0.069722
0.372915
0.370022
0.050302
0.367664
0.999483
0.680631
0.387583
0.047294
0.067573
0.072660
0.370609
0.061922
0.053325
0.662951
0.372994
0.378259
0.374687
0.359610
0.328448
0.319699
0.391245
0.394080
0.345050
0.376709
0.319222
0.381292
0.366636
0.375672
0.072630
0.379397
0.402340
0.380846
0.067782
0.687083
0.072957
0.063050
0.365271
0.077903
0.687241
0.368419
0.056288
0.374504
0.385885
0.077655
0.080842
0.038098
0.359744
0.365658
0.999483
0.373554
0.382622
0.688402
0.376282
0.055840
0.013328
0.076002
0.114793
0.078534
0.682020
0.364332
0.048440
0.048210
0.048934
0.048672
0.365288
0.364587
0.363968
0.048062
0.048793
0.049922
0.051982
0.684800
0.054018
0.369272
0.058641
0.999483
0.685812
0.370892
0.059511
0.374781
0.394336
0.999483
0.403362
0.387186
0.376795
0.371673
0.078220
0.361834
0.389640
0.072915
0.998423
0.357475
0.111817
0.379095
0.121363
0.394099
0.998423
0.186603
0.998423
0.432360
0.685822
0.376826
0.373593
0.054515
0.998025
0.371364
0.367490
0.365843
0.364959
0.364176
0.356844
0.019010
0.042959
0.085479
0.068355
0.064450
0.063307
0.066624
0.066474
0.998025
0.004025
0.686097
0.053844
0.284283
0.351905
0.366645
0.081592
0.071936
0.403042
0.087116
0.999483
0.691999
0.397819
0.427326
0.693863
0.393407
0.389936
0.686775
0.999483
0.051637
0.048689
0.376732
0.999483
0.688373
0.701117
0.111781
0.689866
0.076872
0.013103
0.163347
0.681384
0.310594
0.608821
0.145479
0.320121
0.000610
0.376421
0.033322
0.031102
0.041490
0.683919
0.999483
0.059449
0.063415
0.375420
0.374631
0.061545
0.999483
0.060378
0.372334
0.371839
0.685148
0.055323
0.366557
0.682533
0.364515
0.364923
0.681994
0.049251
0.367578
0.368923
0.380085
0.383098
0.384478
0.382554
0.689603
0.690523
0.367689
0.349558
0.049133
0.999483
0.376872
0.380129
0.052987
0.056349
0.050500
0.037647
0.058720
0.689020
0.057967
0.048065
0.684416
0.369041
0.370066
0.068582
0.368203
0.999483
0.366233
0.680349
0.681304
0.373801
0.062543
0.382357
0.063830
0.687248
0.366697
0.368088
0.373347
0.054457
0.059635
0.373832
0.062087
0.063676
0.687559
0.375386
0.062229
0.377159
0.687639
0.379663
0.385258
0.388571
0.075354
0.078632
0.085018
0.399079
0.067814
0.686842
0.374347
0.371290
0.373594
0.379928
0.096756
0.239247
0.365126
0.042565
0.681580
0.051982
0.053470
0.685856
0.052606
0.688256
0.374506
0.999483
0.691953
0.363004
0.639463
0.388921
0.388832
0.368295
0.368339
0.680631
0.025899
0.339810
0.456429
0.380521
0.015018
0.999483
0.684230
0.427147
0.677615
0.344425
0.352931
0.292707
0.428907
0.366315
0.038815
0.999483
0.406482
0.079610
0.395100
0.433552
0.290146
0.062327
0.063069
0.397429
0.104244
0.706591
0.389005
0.070837
0.690665
0.380884
0.382480
0.367730
0.046106
0.681064
0.677212
0.040530
0.678386
0.054102
0.682782
0.052414
0.357707
0.361161
0.680102
0.086903
0.064559
0.688402
0.999483
0.375079
0.050569
0.684064
0.051752
0.367721
0.682829
0.048291
0.681234
0.681709
0.681649
0.049046
0.999483
0.366292
0.048071
0.682541
0.365084
0.365616
0.366851
0.053827
0.999483
0.371093
0.057847
0.373047
0.372711
0.373556
0.062446
0.376608
0.370806
0.431826
0.401679
0.384165
0.368647
0.686555
0.033630
0.363010
0.379449
0.072535
0.032601
0.009878
0.106818
0.051835
0.066557
0.117425
0.132761
0.690497
0.014600
0.746248
0.054435
0.062594
0.063495
0.998025
0.684920
0.368418
0.049078
0.048027
0.047268
0.362012
0.037943
0.016743
0.022628
0.680332
0.368573
0.366840
0.370135
0.684344
0.685495
0.068151
0.066642
0.072631
0.077160
0.383238
0.094369
0.034445
0.108291
0.401605
0.407415
0.101094
0.084681
0.070638
0.049066
0.113284
0.070677
0.089137
0.092224
0.082924
0.071930
0.377044
0.054603
0.364351
0.366737
0.376449
0.001605
0.101802
0.689866
0.999483
0.101682
0.999483
0.126469
0.066302
0.156122
0.125075
0.698452
0.088663
0.686720
0.031436
0.670017
0.352370
0.356333
0.045865
0.370804
0.687506
0.374510
0.686962
0.686606
0.999483
0.060825
0.059696
0.059211
0.059136
0.059331
0.058593
0.056191
0.053821
0.052489
0.052131
0.682562
0.052008
0.368977
0.370183
0.430708
0.099488
0.109942
0.695696
0.093431
0.999483
0.049529
0.357448
0.047609
0.683693
0.050082
0.042734
0.999483
0.678866
0.678687
0.355465
0.031101
0.020588
0.051134
0.685987
0.371332
0.684416
0.382395
0.069900
0.378661
0.046993
0.034813
0.030996
0.041292
0.063829
0.377085
0.384850
0.387495
0.438522
0.378123
0.371107
0.053899
0.372886
0.999483
0.062216
0.376018
0.687559
0.999483
0.375011
0.061030
0.685718
0.062050
0.999483
0.376488
0.378399
0.376272
0.374924
0.374732
0.378285
0.125870
0.699698
0.299346
0.061272
0.687771
0.056956
0.999483
0.347845
0.620385
0.044120
0.999483
0.681580
0.061853
0.370053
0.376016
0.999483
0.369928
0.082875
0.382099
0.677240
0.093814
0.425250
0.399125
0.409524
0.061253
0.053899
0.367256
0.404257
0.073923
0.631427
0.081357
0.381556
0.685957
0.410547
0.146997
0.284562
0.356566
0.131921
0.690263
0.374896
0.687037
0.080987
0.077948
0.999483
0.693799
0.315831
0.433938
0.674974
0.373138
0.388820
0.400779
0.097205
0.135772
0.375236
0.372898
0.075957
0.688363
0.371360
0.044434
0.044982
0.676468
0.029846
0.999483
0.042014
0.683209
0.049919
0.684392
0.061141
0.077529
0.359873
0.093678
0.122368
0.075344
0.611372
0.369783
0.045694
0.367655
0.366453
0.999483
0.682829
0.681827
0.363401
0.046231
0.048916
0.049896
0.366111
0.365986
0.999483
0.682541
0.367324
0.999483
0.684101
0.056589
0.999483
0.372742
0.373522
0.062528
0.375969
0.066539
0.688205
0.047673
0.682651
0.162893
0.009282
0.062227
0.049846
0.041210
0.064285
0.397211
0.065647
0.998423
0.370149
0.682879
0.681304
0.363417
0.363086
0.425114
0.070658
0.041391
0.046937
0.368783
0.683970
0.686262
0.373872
0.369777
0.050125
0.364673
0.362696
0.363585
0.046195
0.042290
0.679976
0.674710
0.676388
0.050069
0.367089
0.683226
0.057529
0.065167
0.071957
0.367456
0.701890
0.388133
0.374682
0.054363
0.999168
0.633264
0.141407
0.390758
0.380819
0.379823
0.359730
0.354916
0.365734
0.377571
0.387196
0.694699
0.999483
0.393052
0.072743
0.688588
0.051276
0.048488
0.049228
0.365894
0.381475
0.072133
0.093048
0.407222
0.710837
0.407116
0.412013
0.030921
0.067480
0.081805
0.376533
0.026369
0.374853
0.036711
0.356975
0.359815
0.365317
0.054082
0.058791
0.372873
0.060424
0.059323
0.058654
0.058677
0.372004
0.059200
0.999483
0.686252
0.373329
0.372805
0.686301
0.372499
0.057480
0.055940
0.056688
0.057738
0.074623
0.129617
0.316971
0.712480
0.403977
0.396463
0.376623
0.689814
0.067258
0.051769
0.368801
0.683637
0.042825
0.037329
0.678687
0.036736
0.038690
0.999483
0.361704
0.371716
0.685813
0.685987
0.055274
0.072159
0.691188
0.388697
0.370597
0.372833
0.096210
0.358313
0.061220
0.999483
0.691365
0.439401
0.999483
0.050203
0.380811
0.056540
0.686628
0.060696
0.374997
0.376017
0.064634
0.375992
0.374874
0.059344
0.684518
0.685718
0.374837
0.039127
0.692688
0.375624
0.049888
0.665783
0.364176
0.035090
0.295277
0.678773
0.316200
0.377490
0.131193
0.677548
0.078236
0.039297
0.053623
0.369418
0.056318
0.067104
0.060318
0.999483
0.072882
0.697155
0.696348
0.370490
0.091356
0.999483
0.417239
0.097856
0.078080
0.999483
0.381915
0.382596
0.114496
0.337196
0.683417
0.012080
0.365734
0.098332
0.692287
0.713222
0.108167
0.087559
0.390555
0.180619
0.687037
0.999483
0.067664
0.060713
0.384672
0.082530
0.337552
0.289099
0.049626
0.366395
0.066464
0.690677
0.130804
0.636405
0.169204
0.311182
0.396164
0.382233
0.374951
0.048893
0.682039
0.033646
0.354778
0.040887
0.364684
0.684783
0.684110
0.057027
0.378021
0.365985
0.103076
0.999483
0.061921
0.280365
0.741410
0.298200
0.365325
0.050233
0.999483
0.048892
0.046036
0.043833
0.043382
0.045824
0.682161
0.049372
0.682928
0.999483
0.365986
0.050560
0.367218
0.054716
0.057056
0.058586
0.059307
0.373386
0.373996
0.374811
0.064737
0.065574
0.066544
0.391340
0.347579
0.033283
0.999483
0.702865
0.686152
0.684612
0.071909
0.076636
0.998423
0.060897
0.998423
0.366087
0.364557
0.680910
0.680532
0.040032
0.998423
0.678019
0.679396
0.367259
0.371926
0.374950
0.060312
0.054425
0.366644
0.363684
0.362768
0.363295
0.681155
0.681721
0.681177
0.041501
0.047258
0.369499
0.053421
0.998025
0.369695
0.373831
0.045040
0.394719
0.706843
0.096845
0.602202
0.112808
0.041665
0.390189
0.690284
0.691146
0.378947
0.375003
0.358317
0.365027
0.686063
0.691897
0.692817
0.082363
0.084581
0.388157
0.078631
0.691629
0.379161
0.370405
0.051337
0.683905
0.999483
0.386627
0.395808
0.400336
0.403154
0.701156
0.398108
0.059034
0.679701
0.037034
0.362925
0.360428
0.363455
0.361873
0.361745
0.364217
0.367071
0.684043
0.054675
0.685731
0.685505
0.685281
0.370943
0.371057
0.371350
0.685898
0.058988
0.060081
0.060596
0.686301
0.999483
0.373170
0.374583
0.060631
0.373575
0.077186
0.693583
0.408169
0.149322
0.020123
0.403764
0.382589
0.999483
0.052570
0.378169
0.999483
0.373526
0.368518
0.683634
0.359537
0.357317
0.679525
0.373071
0.050761
0.375535
0.377232
0.064047
0.063433
0.060398
0.378972
0.999483
0.381636
0.391030
0.370232
0.403556
0.410633
0.374281
0.073171
0.062824
0.013290
0.163501
0.597313
0.296820
0.065869
0.687538
0.374923
0.376149
0.065592
0.688428
0.064538
0.687649
0.057598
0.999483
0.050560
0.052987
0.071155
0.999483
0.392164
0.132479
0.371339
0.340189
0.059503
0.745441
0.377629
0.392966
0.452953
0.703087
0.693648
0.392812
0.375844
0.065906
0.689194
0.375734
0.055644
0.679318
0.372110
0.059529
0.059809
0.051118
0.369589
0.438809
0.417239
0.999483
0.095989
0.053570
0.070384
0.690096
0.703855
0.705251
0.683417
0.999483
0.119520
0.013711
0.999483
0.687267
0.122416
0.052503
0.999483
0.682693
0.411118
0.115408
0.066042
0.067069
0.381720
0.069200
0.999483
0.363077
0.016195
0.679194
0.366685
0.062042
0.371818
0.691175
0.103203
0.999483
0.136541
0.055519
0.385973
0.069224
0.370977
0.047897
0.681768
0.044440
0.364519
0.366223
0.052498
0.684279
0.054625
0.684114
0.072485
0.111706
0.361656
0.668476
0.434709
0.632621
0.442028
0.373738
0.048853
0.048434
0.681655
0.363229
0.680891
0.043113
0.363886
0.682010
0.048776
0.049966
0.366377
0.050325
0.683330
0.053294
0.056738
0.372415
0.999483
0.373366
0.686639
0.686683
0.687030
0.687485
0.687662
0.376170
0.052019
0.999483
0.675930
0.020408
0.687212
0.060776
0.371143
0.358400
0.053358
0.071379
0.371007
0.053822
0.051623
0.048664
0.046196
0.043176
0.039002
0.039701
0.042812
0.047473
0.053229
0.058400
0.060909
0.370120
0.367933
0.048829
0.998025
0.364303
0.680696
0.047338
0.047378
0.046187
0.363735
0.363122
0.363035
0.362626
0.048346
0.367702
0.374522
0.076033
0.121886
0.116771
0.045546
0.409010
0.999168
0.744174
0.383772
0.016352
0.061942
0.379372
0.360561
0.366576
0.357693
0.052948
0.379397
0.999483
0.692817
0.382016
0.071579
0.691629
0.999483
0.076069
0.690092
0.058674
0.035573
0.050454
0.072637
0.394509
0.395241
0.999483
0.401910
0.400415
0.064248
0.683086
0.043678
0.360490
0.360259
0.362641
0.364010
0.366239
0.368119
0.369364
0.999483
0.055302
0.056970
0.057081
0.056840
0.685275
0.056608
0.370869
0.057157
0.371338
0.372191
0.435368
0.380094
0.061436
0.373440
0.377403
0.071136
0.089473
0.391839
0.705535
0.657720
0.999483
0.007842
0.044366
0.032898
0.046069
0.999483
0.091097
0.068814
0.056627
0.057111
0.052098
0.045194
0.045280
0.055160
0.376598
0.380748
0.069117
0.689875
0.380088
0.065089
0.375426
0.688071
0.378972
0.381772
0.382693
0.400567
0.401133
0.397048
0.356037
0.054221
0.682267
0.352041
0.326203
0.042401
0.374201
0.062327
0.374474
0.999483
0.377069
0.066918
0.688857
0.688428
0.062601
0.372908
0.055192
0.051812
0.698510
0.364552
0.094078
0.696522
0.999483
0.366989
0.301282
0.673889
0.328095
0.447952
0.390631
0.118705
0.448835
0.007535
0.380122
0.128866
0.073322
0.378394
0.374391
0.048681
0.680751
0.046295
0.360738
0.686009
0.376622
0.435972
0.021656
0.120938
0.074496
0.042741
0.675753
0.048168
0.381498
0.690096
0.086347
0.087101
0.377961
0.032143
0.665241
0.026128
0.061495
0.686662
0.364907
0.340467
0.697701
0.335706
0.999483
0.058858
0.690493
0.076939
0.097853
0.069903
0.692012
0.029662
0.670892
0.342891
0.002462
0.691175
0.683067
0.999483
0.122782
0.098186
0.081370
0.999483
0.695911
0.374840
0.050041
0.365622
0.366848
0.683708
0.052811
0.369404
0.684277
0.053158
0.369711
0.373442
0.387704
0.427542
0.341473
0.322507
0.674749
0.010978
0.685438
0.370683
0.047990
0.681678
0.363221
0.042809
0.043040
0.363993
0.365265
0.682617
0.049292
0.682750
0.366364
0.051278
0.368082
0.055847
0.999483
0.372415
0.060402
0.999483
0.374186
0.375010
0.375552
0.061028
0.058787
0.060853
0.675930
0.315694
0.069127
0.375647
0.684826
0.057843
0.685314
0.363158
0.044708
0.998423
0.684703
0.053008
0.998423
0.682136
0.681222
0.364365
0.047630
0.682943
0.681397
0.368878
0.684010
0.370426
0.369299
0.051931
0.683095
0.049717
0.681569
0.048994
0.048466
0.682235
0.047561
0.998025
0.680574
0.357120
0.356302
0.356107
0.361449
0.371930
0.080817
0.704308
0.999168
0.704308
0.422934
0.089561
0.065190
0.402145
0.103464
0.998025
0.372170
0.681192
0.676586
0.684116
0.692865
0.385237
0.401746
0.085965
0.066450
0.684995
0.063046
0.073006
0.084829
0.999483
0.050817
0.347608
0.358342
0.680105
0.067124
0.696970
0.400579
0.698072
0.007866
0.366783
0.373570
0.363405
0.357107
0.359488
0.681037
0.048447
0.684748
0.054902
0.371582
0.056038
0.685702
0.057008
0.685659
0.057156
0.371395
0.371119
0.370717
0.999483
0.056339
0.120414
0.693007
0.687515
0.686270
0.690534
0.999483
0.086057
0.999483
0.094395
0.086172
0.398684
0.028894
0.676954
0.999483
0.033755
0.681764
0.046280
0.378359
0.389918
0.371746
0.372767
0.371694
0.369868
0.368381
0.370914
0.062555
0.376096
0.999483
0.378322
0.380305
0.068958
0.377809
0.689454
0.067760
0.688615
0.395578
0.706524
0.999483
0.141196
0.062889
0.700928
0.397114
0.422290
0.379860
0.395674
0.068055
0.377039
0.376397
0.062609
0.377184
0.067837
0.689212
0.066290
0.062730
0.685621
0.371579
0.068167
0.371034
0.999483
0.079892
0.011919
0.083662
0.410019
0.355839
0.007488
0.015264
0.389402
0.999483
0.695775
0.018466
0.387256
0.103863
0.999483
0.748338
0.360735
0.051498
0.366502
0.999483
0.366356
0.372175
0.367169
0.118200
0.057227
0.131275
0.999483
0.377708
0.047122
0.681554
0.044385
0.081089
0.690711
0.378252
0.999483
0.075421
0.369669
0.369504
0.665241
0.381026
0.055955
0.064777
0.054849
0.002841
0.069949
0.101848
0.341581
0.385686
0.704662
0.075358
0.999483
0.057215
0.020604
0.679360
0.345505
0.028326
0.084409
0.691175
0.378149
0.394072
0.394453
0.375701
0.404434
0.366580
0.708573
0.053692
0.683286
0.999483
0.683286
0.053748
0.684277
0.683730
0.683716
0.999483
0.053634
0.373946
0.386643
0.368763
0.359999
0.681741
0.046725
0.366622
0.682642
0.048133
0.681916
0.363773
0.362915
0.044581
0.364802
0.365894
0.366277
0.999483
0.049439
0.682712
0.366488
0.052607
0.999483
0.056683
0.058594
0.060021
0.686639
0.060075
0.374565
0.060963
0.999483
0.685574
0.070234
0.372226
0.062103
0.374240
0.056574
0.999483
0.371720
0.044179
0.365461
0.067977
0.061399
0.684050
0.369423
0.051476
0.681222
0.364199
0.368373
0.682286
0.682393
0.053983
0.683736
0.057102
0.684197
0.369916
0.054578
0.684370
0.369765
0.053620
0.053999
0.368307
0.998025
0.368115
0.048265
0.042222
0.034025
0.998025
0.353489
0.357883
0.368969
0.064246
0.381065
0.704308
0.427336
0.288617
0.999168
0.052139
0.124968
0.054929
0.678741
0.367784
0.042746
0.049256
0.358301
0.684116
0.083510
0.383964
0.999483
0.065656
0.687235
0.375101
0.380442
0.077643
0.063359
0.353098
0.352364
0.999483
0.675335
0.067635
0.083701
0.104183
0.318749
0.683179
0.399083
0.373772
0.360541
0.364129
0.364790
0.999483
0.366302
0.999483
0.684748
0.059519
0.372817
0.372540
0.372443
0.686253
0.058560
0.999483
0.057579
0.370402
0.054989
0.685238
0.620853
0.399179
0.079741
0.115287
0.379415
0.387774
0.387337
0.385238
0.083209
0.393620
0.088477
0.390778
0.058730
0.052198
0.681764
0.999483
0.681764
0.374522
0.381630
0.372838
0.372829
0.372224
0.056936
0.685103
0.370121
0.370240
0.369987
0.376096
0.687893
0.688862
0.380372
0.070547
0.999483
0.689454
0.384449
0.386772
0.111023
0.118197
0.106179
0.104344
0.423392
0.677813
0.120951
0.432446
0.406043
0.999483
0.072471
0.380187
0.376488
0.066184
0.688979
0.378909
0.689212
0.063380
0.999483
0.364001
0.046325
0.713355
0.073558
0.067295
0.359891
0.381375
0.068085
0.999483
0.376446
0.701208
0.657177
0.007295
0.047942
0.406917
0.385384
0.394772
0.414306
0.304682
0.073367
0.749256
0.310835
0.055644
0.064468
0.692613
0.067120
0.398405
0.390609
0.399114
0.076441
0.381245
0.055251
0.685474
0.369774
0.067068
0.381241
0.069365
0.050070
0.060539
0.687155
0.686211
0.079562
0.355235
0.053494
0.686408
0.687657
0.065501
0.362861
0.999483
0.692436
0.422665
0.442623
0.691239
0.381382
0.378547
0.055927
0.674095
0.999483
0.032981
0.074965
0.694565
0.084585
0.377584
0.694129
0.087586
0.999483
0.417096
0.116119
0.046201
0.054182
0.368441
0.053197
0.054265
0.054786
0.053752
0.052249
0.367774
0.684424
0.999483
0.058731
0.369532
0.683538
0.367749
0.365376
0.051490
0.682298
0.047940
0.682289
0.681916
0.681578
0.681348
0.048309
0.367109
0.682943
0.366678
0.049619
0.366349
0.683045
0.366982
0.053484
0.369940
0.371523
0.059210
0.058891
0.371791
0.373303
0.058539
0.685574
0.070245
0.999483
0.389438
0.052639
0.366700
0.685251
0.684826
0.684191
0.686377
0.375932
0.690418
0.060462
0.369423
0.998423
0.368300
0.051558
0.052806
0.370559
0.368675
0.055478
0.998025
0.057813
0.371573
0.057213
0.057256
0.371427
0.998025
0.684370
0.373443
0.059333
0.998025
0.368307
0.370166
0.369204
0.042039
0.678816
0.034067
0.356089
0.365106
0.377112
0.115330
0.434138
0.381010
0.353603
0.359649
0.055977
0.374022
0.684862
0.685937
0.371275
0.999483
0.379834
0.999483
0.060636
0.681198
0.075274
0.361507
0.380143
0.687235
0.684216
0.072949
0.386171
0.384400
0.369010
0.999483
0.302157
0.021316
0.045411
0.065764
0.999483
0.104511
0.148745
0.012602
0.391228
0.388877
0.431895
0.683236
0.999483
0.049851
0.683318
0.057444
0.061280
0.686598
0.686399
0.999483
0.373169
0.999483
0.060330
0.371907
0.999483
0.370288
0.685002
0.370859
0.426622
0.320954
0.999483
0.028718
0.000643
0.383843
0.713688
0.390563
0.370725
0.076081
0.388852
0.386702
0.999483
0.077268
0.058429
0.681764
0.058330
0.064427
0.999483
0.373917
0.686366
0.686159
0.371408
0.999483
0.054607
0.999483
0.684231
0.372867
0.064800
0.380372
0.999483
0.689942
0.070575
0.072009
0.076700
0.082372
0.334540
0.091521
0.999483
0.128980
0.380652
0.393481
0.696525
0.119238
0.367416
0.385953
0.356010
0.380618
0.070080
0.377362
0.377371
0.378141
0.067346
0.061670
0.685621
0.370797
0.099329
0.702006
0.390044
0.695381
0.371135
0.381296
0.099496
0.376446
0.999483
0.348251
0.026534
0.701559
0.617376
0.365767
0.375284
0.387613
0.061184
0.445577
0.397619
0.005568
0.999483
0.323623
0.380744
0.381597
0.384513
0.386680
0.385403
0.391268
0.378564
0.375664
0.064879
0.689089
0.377251
0.074062
0.376975
0.598730
0.427447
0.052185
0.688773
0.072212
0.449113
0.697788
0.052422
0.704760
0.375759
0.385518
0.159441
0.076137
0.109127
0.179488
0.017369
0.074223
0.069809
0.077838
0.371611
0.366810
0.359997
0.374342
0.689469
0.083257
0.379799
0.377575
0.083601
0.386239
0.417504
0.467437
0.302957
0.073029
0.684638
0.371040
0.368994
0.999483
0.054198
0.369430
0.368811
0.367376
0.052750
0.053965
0.369389
0.368323
0.683247
0.050309
0.682591
0.365893
0.048066
0.999483
0.365639
0.047773
0.047526
0.047973
0.050964
0.368748
0.051825
0.999483
0.050618
0.366707
0.683314
0.367163
0.368259
0.370018
0.371941
0.373461
0.373602
0.685713
0.372703
0.055611
0.684433
0.367733
0.012918
0.116302
0.362032
0.679572
0.053477
0.370665
0.060823
0.065913
0.998423
0.377539
0.372112
0.054707
0.683537
0.051754
0.998025
0.682431
0.683433
0.059031
0.059737
0.059643
0.373505
0.060412
0.685791
0.059625
0.998025
0.371427
0.060870
0.063740
0.998025
0.061058
0.058726
0.371337
0.051943
0.362685
0.680737
0.678816
0.677918
0.360403
0.379131
0.060969
0.062504
0.999168
0.379517
0.349747
0.389371
0.378336
0.067298
0.068869
0.075314
0.385979
0.078144
0.082992
0.397490
0.054691
0.082846
0.999483
0.361507
0.047067
0.999483
0.377313
0.695433
0.688119
0.999483
0.068302
0.024367
0.700458
0.357277
0.076527
0.058590
0.089143
0.380059
0.098849
0.999483
0.699870
0.136391
0.083520
0.369394
0.368958
0.372710
0.374744
0.687521
0.374655
0.374146
0.686399
0.061174
0.686253
0.062047
0.060801
0.056533
0.054737
0.060294
0.059069
0.035669
0.061595
0.377920
0.999483
0.099771
0.121975
0.699820
0.392997
0.089020
0.695453
0.381607
0.066245
0.078330
0.380210
0.377316
0.059290
0.372224
0.999483
0.059221
0.686211
0.373390
0.372859
0.058162
0.369859
0.999483
0.052222
0.050311
0.051289
0.055765
0.063116
0.068442
0.070790
0.071373
0.691106
0.385908
0.383700
0.380049
0.049161
0.704949
0.393256
0.685737
0.696525
0.999483
0.398743
0.073948
0.358963
0.370880
0.377633
0.689616
0.378675
0.377167
0.376911
0.376696
0.058892
0.059844
0.699781
0.362406
0.123716
0.999483
0.702248
0.695381
0.683340
0.691694
0.080788
0.082779
0.039307
0.706256
0.033448
0.102470
0.296157
0.433875
0.306717
0.358247
0.141767
0.459062
0.399381
0.017210
0.090226
0.693057
0.382007
0.381264
0.381158
0.380724
0.055167
0.355485
0.678889
0.365476
0.377925
0.382350
0.073589
0.270490
0.677988
0.325627
0.123008
0.625065
0.054901
0.703363
0.085713
0.018834
0.695467
0.395838
0.110066
0.999483
0.123268
0.137056
0.406786
0.999483
0.089421
0.077175
0.999483
0.310508
0.685709
0.370245
0.689100
0.387748
0.691917
0.379472
0.999483
0.690401
0.050570
0.163596
0.226750
0.419055
0.085382
0.064215
0.999483
0.371544
0.053243
0.053589
0.369582
0.369530
0.053824
0.369515
0.369377
0.368547
0.367627
0.366460
0.365931
0.682688
0.365583
0.048605
0.049178
0.683274
0.366820
0.367255
0.683047
0.683412
0.054968
0.369734
0.683380
0.052326
0.367574
0.999483
0.683314
0.683600
0.684332
0.685339
0.374938
0.375908
0.061771
0.062428
0.053381
0.682899
0.366958
0.659043
0.002002
0.374664
0.682612
0.059579
0.999483
0.683837
0.377067
0.064238
0.060964
0.057171
0.053001
0.048263
0.047335
0.682431
0.366083
0.369009
0.684764
0.686173
0.374404
0.062948
0.374550
0.998025
0.685791
0.372622
0.061868
0.998025
0.686701
0.375572
0.687625
0.061573
0.998025
0.053118
0.998025
0.369209
0.045157
0.046734
0.056192
0.999168
0.390174
0.185031
0.086103
0.661343
0.351219
0.427855
0.378430
0.381315
0.384009
0.386794
0.999483
0.391822
0.384261
0.091800
0.072299
0.365606
0.362211
0.366702
0.360035
0.371361
0.132976
0.034157
0.096692
0.387411
0.379051
0.694717
0.682148
0.389093
0.073549
0.385901
0.999483
0.396984
0.077179
0.071752
0.428746
0.411984
0.685267
0.081669
0.372962
0.056783
0.059296
0.062396
0.063140
0.063347
0.063206
0.063070
0.374729
0.687728
0.061380
0.375341
0.688690
0.062222
0.360520
0.325619
0.009480
0.081059
0.349943
0.708720
0.699820
0.999483
0.024889
0.296026
0.358665
0.683990
0.071058
0.372394
0.374475
0.372996
0.372136
0.999483
0.372224
0.684236
0.372565
0.374110
0.373959
0.373942
0.057817
0.684238
0.684130
0.047527
0.999483
0.367211
0.060146
0.687305
0.067659
0.380404
0.690070
0.077492
0.999483
0.391412
0.401658
0.417915
0.452109
0.393419
0.380136
0.387131
0.389787
0.385529
0.363883
0.054755
0.999483
0.687558
0.378321
0.376606
0.063653
0.686788
0.376581
0.999483
0.044459
0.999483
0.163354
0.347308
0.050502
0.078717
0.073164
0.383652
0.395150
0.331004
0.385781
0.097556
0.073238
0.999483
0.117474
0.631627
0.154311
0.411643
0.632519
0.115744
0.700871
0.999483
0.700871
0.393070
0.382265
0.689887
0.689490
0.376607
0.370296
0.043143
0.680898
0.055366
0.691262
0.379002
0.367842
0.364479
0.346236
0.082165
0.999483
0.691622
0.311009
0.121962
0.061159
0.385871
0.999483
0.079798
0.691422
0.161426
0.286523
0.348630
0.387038
0.152966
0.373739
0.120931
0.324307
0.459519
0.000721
0.067327
0.070932
0.070759
0.064568
0.061567
0.063917
0.077150
0.362515
0.333909
0.096827
0.405979
0.094992
0.377345
0.371544
0.684962
0.053350
0.368785
0.369217
0.999483
0.054925
0.369856
0.369697
0.368794
0.367640
0.366983
0.366418
0.999483
0.366065
0.049726
0.367283
0.683772
0.367851
0.683529
0.367796
0.368865
0.057502
0.684777
0.370094
0.054494
0.684441
0.052130
0.052328
0.054096
0.370430
0.372647
0.376127
0.377454
0.688289
0.687979
0.380580
0.059683
0.044548
0.319891
0.083168
0.023913
0.690237
0.069607
0.684897
0.057349
0.061075
0.686342
0.372363
0.998423
0.684208
0.681911
0.040982
0.041240
0.362187
0.367236
0.372596
0.062860
0.686782
0.686784
0.998025
0.062286
0.372878
0.060313
0.061055
0.062783
0.065168
0.066787
0.066420
0.062937
0.055310
0.684256
0.053775
0.686150
0.378218
0.370524
0.369424
0.063599
0.129644
0.470599
0.717122
0.387449
0.469377
0.605348
0.375043
0.379919
0.385649
0.998025
0.387900
0.381600
0.999483
0.063204
0.999483
0.377456
0.368180
0.078980
0.012545
0.168122
0.354433
0.684954
0.014498
0.081284
0.694717
0.676808
0.026325
0.064735
0.999483
0.078219
0.397613
0.694088
0.010287
0.421929
0.084050
0.395423
0.999483
0.048628
0.365513
0.682672
0.685887
0.367174
0.687466
0.374841
0.375607
0.999483
0.063918
0.687719
0.687990
0.688690
0.999483
0.376841
0.037383
0.401820
0.999483
0.025493
0.043531
0.052266
0.110236
0.024266
0.297816
0.339432
0.380368
0.684148
0.369818
0.053406
0.682511
0.055289
0.685757
0.059194
0.057117
0.060399
0.062984
0.062466
0.064165
0.063447
0.060763
0.054830
0.047126
0.044013
0.046893
0.682371
0.368814
0.685805
0.063736
0.999483
0.688780
0.690070
0.077615
0.696745
0.698091
0.073487
0.071767
0.076424
0.064461
0.089303
0.703637
0.690568
0.683312
0.368097
0.060738
0.069722
0.065691
0.375743
0.374522
0.687075
0.060386
0.055494
0.999483
0.355412
0.649971
0.082052
0.322312
0.381413
0.400408
0.087971
0.382266
0.061049
0.674766
0.379918
0.084736
0.370843
0.017359
0.393577
0.621948
0.063858
0.999483
0.026211
0.104395
0.398751
0.098291
0.701221
0.694057
0.066396
0.065052
0.055722
0.360763
0.362652
0.999483
0.059449
0.378632
0.690030
0.050145
0.684718
0.359716
0.372363
0.105130
0.344559
0.378402
0.372712
0.371539
0.371663
0.078702
0.999483
0.107216
0.999483
0.742342
0.673252
0.673002
0.699210
0.135214
0.017782
0.448558
0.999483
0.406152
0.313926
0.065297
0.064405
0.687338
0.063535
0.686613
0.374094
0.376467
0.075351
0.396176
0.695905
0.391195
0.071107
0.059820
0.999483
0.053962
0.368509
0.368853
0.054306
0.369616
0.369862
0.369904
0.369344
0.368177
0.367851
0.683649
0.050322
0.050591
0.367758
0.683772
0.684325
0.368878
0.368444
0.055430
0.057388
0.059641
0.058526
0.686440
0.056962
0.685378
0.369796
0.369331
0.369947
0.058340
0.062207
0.376734
0.378112
0.066778
0.377378
0.067200
0.688984
0.689196
0.379639
0.400352
0.161078
0.014505
0.060356
0.370763
0.999483
0.371374
0.061107
0.374005
0.055341
0.682309
0.363619
0.042807
0.998025
0.361953
0.055806
0.686481
0.061176
0.061151
0.062168
0.064027
0.373685
0.998025
0.685338
0.684908
0.685151
0.374068
0.065284
0.375032
0.686260
0.058672
0.998025
0.056630
0.999168
0.376373
0.380743
0.062338
0.688645
0.380586
0.114029
0.999168
0.132590
0.605348
0.062885
0.690862
0.999168
0.383724
0.091501
0.999483
0.387889
0.375668
0.029489
0.683216
0.064469
0.088006
0.999483
0.394041
0.132081
0.684954
0.999483
0.076181
0.384836
0.066902
0.999483
0.033743
0.683238
0.055373
0.084614
0.689878
0.126466
0.495798
0.028784
0.323757
0.999483
0.395423
0.030243
0.351820
0.355775
0.363000
0.999483
0.054336
0.687353
0.999483
0.064230
0.065003
0.067092
0.377901
0.380178
0.376841
0.681825
0.693731
0.682095
0.707571
0.682095
0.373378
0.389008
0.367409
0.681307
0.064146
0.686631
0.363439
0.695861
0.057862
0.367746
0.367515
0.369467
0.699437
0.375693
0.375659
0.372901
0.376146
0.373893
0.061039
0.370881
0.683701
0.046990
0.678886
0.679748
0.048847
0.695613
0.365565
0.056782
0.058634
0.374571
0.377752
0.380953
0.689066
0.389838
0.081541
0.355414
0.310370
0.079061
0.748125
0.397449
0.075936
0.051627
0.368097
0.688985
0.688817
0.687919
0.999483
0.687919
0.373732
0.060146
0.372064
0.056282
0.048848
0.015902
0.107109
0.369521
0.355536
0.381713
0.392206
0.410300
0.055611
0.683970
0.354058
0.062913
0.083445
0.683021
0.051015
0.300915
0.740291
0.318453
0.323497
0.030182
0.377850
0.999483
0.387670
0.079077
0.067600
0.375366
0.374299
0.056311
0.365897
0.999483
0.362652
0.681642
0.686253
0.689653
0.381405
0.375700
0.070530
0.999483
0.389121
0.392339
0.068086
0.999483
0.686768
0.379949
0.378009
0.069311
0.387660
0.109210
0.356965
0.345512
0.069927
0.085559
0.016401
0.999483
0.403588
0.120610
0.029576
0.746203
0.610530
0.374411
0.374477
0.687338
0.687110
0.686613
0.685457
0.079289
0.392718
0.999483
0.695905
0.071266
0.375538
0.057370
0.369706
0.368736
0.368502
0.368801
0.369299
0.369730
0.370103
0.370131
0.057800
0.372644
0.701412
0.371755
0.052972
0.368842
0.053448
0.999483
0.370082
0.055613
0.371418
0.059907
0.374371
0.687370
0.374694
0.059806
0.686537
0.371897
0.684837
0.684775
0.371595
0.063924
0.999483
0.688535
0.689038
0.377749
0.688363
0.063958
0.691126
0.381405
0.368559
0.689541
0.999483
0.058450
0.370080
0.685511
0.684011
0.685346
0.055161
0.369286
0.056646
0.053093
0.680807
0.361464
0.050079
0.057590
0.060184
0.059461
0.372327
0.998025
0.375752
0.375045
0.372978
0.371203
0.370576
0.056800
0.061037
0.375373
0.998025
0.374230
0.060697
0.684256
0.072401
0.065722
0.999168
0.068316
0.999168
0.687000
0.688645
0.397612
0.408167
0.075846
0.071198
0.385272
0.379903
0.380029
0.384199
0.398405
0.069930
0.068168
0.056543
0.313027
0.074531
0.096229
0.093771
0.088976
0.395073
0.999483
0.120121
0.079412
0.402627
0.413662
0.697013
0.059347
0.060860
0.377358
0.999483
0.062677
0.402133
0.694793
0.125993
0.301934
0.412271
0.118403
0.000947
0.172181
0.037010
0.050171
0.024457
0.362776
0.371889
0.374309
0.375741
0.376549
0.688625
0.999483
0.065173
0.075877
0.077220
0.053683
0.044981
0.085955
0.054495
0.070467
0.359854
0.347901
0.681307
0.999483
0.068151
0.999483
0.363111
0.034672
0.071323
0.358802
0.341618
0.316588
0.689419
0.387502
0.681970
0.062684
0.370805
0.686135
0.056742
0.368369
0.999483
0.045151
0.999483
0.045361
0.999483
0.686441
0.315114
0.430384
0.384150
0.372649
0.373680
0.375332
0.377816
0.380710
0.684744
0.680877
0.059133
0.999483
0.407890
0.692872
0.999483
0.378991
0.370374
0.376069
0.379272
0.378078
0.376494
0.061603
0.999483
0.372057
0.999483
0.370722
0.369214
0.366561
0.362838
0.043964
0.680996
0.062914
0.681786
0.369699
0.324705
0.432695
0.074818
0.999483
0.689432
0.375586
0.044985
0.740291
0.695987
0.999483
0.124614
0.155155
0.999483
0.074078
0.693223
0.066714
0.687643
0.375578
0.687132
0.057851
0.999483
0.050720
0.365218
0.371240
0.377158
0.381084
0.692996
0.690858
0.374448
0.075432
0.399310
0.384394
0.320064
0.044864
0.377117
0.690300
0.367786
0.696682
0.394010
0.384134
0.039314
0.060236
0.401010
0.071065
0.696384
0.404642
0.332942
0.090184
0.999483
0.312523
0.377753
0.686776
0.370239
0.058661
0.056087
0.047781
0.044626
0.085318
0.693454
0.094931
0.096506
0.074247
0.359524
0.364174
0.369977
0.368582
0.368371
0.368564
0.369067
0.680341
0.053583
0.373654
0.999483
0.098541
0.702791
0.075990
0.372630
0.370658
0.370699
0.370302
0.371395
0.371730
0.059318
0.374416
0.375361
0.999483
0.376141
0.063053
0.999483
0.686537
0.371295
0.057743
0.372371
0.062671
0.688535
0.068630
0.069700
0.069689
0.069162
0.066380
0.068786
0.074801
0.704989
0.386386
0.076111
0.058606
0.369298
0.685071
0.057029
0.372478
0.684356
0.058958
0.374581
0.686103
0.040678
0.364047
0.368530
0.684606
0.684400
0.998025
0.369879
0.057873
0.058882
0.372716
0.370399
0.049673
0.049086
0.365088
0.057058
0.372704
0.060272
0.998025
0.685520
0.372462
0.306559
0.078563
0.379340
0.999168
0.065296
0.687503
0.068231
0.382365
0.082227
0.999168
0.689986
0.691251
0.130667
0.068091
0.082562
0.694599
0.379701
0.382061
0.381448
0.005845
0.371050
0.389041
0.092176
0.999483
0.694417
0.395073
0.068017
0.999483
0.691252
0.116552
0.999483
0.697013
0.373800
0.058082
0.056498
0.368650
0.378134
0.686165
0.068698
0.681454
0.367163
0.353748
0.134263
0.112942
0.999483
0.084281
0.355353
0.037385
0.051362
0.373339
0.063168
0.065176
0.375556
0.020234
0.066173
0.376653
0.686725
0.055164
0.058142
0.999483
0.076416
0.382358
0.060317
0.999483
0.014337
0.121678
0.632275
0.386326
0.691185
0.070676
0.366735
0.333019
0.689205
0.403018
0.109889
0.999483
0.698383
0.681970
0.686266
0.054347
0.052093
0.999483
0.050415
0.999483
0.360933
0.051760
0.686441
0.011768
0.480630
0.699595
0.687438
0.999483
0.057557
0.054843
0.056613
0.055459
0.365544
0.042652
0.999483
0.388995
0.432789
0.025917
0.084942
0.067630
0.065742
0.066770
0.064317
0.062531
0.061490
0.059845
0.059160
0.058619
0.057838
0.371609
0.371026
0.370010
0.367225
0.044348
0.682208
0.045919
0.681608
0.357516
0.086083
0.397222
0.691991
0.689432
0.383454
0.689669
0.684124
0.044478
0.102077
0.036244
0.087783
0.045656
0.679970
0.413986
0.073368
0.063791
0.999483
0.687643
0.061750
0.059049
0.370012
0.370417
0.054777
0.059253
0.067064
0.074967
0.074338
0.066572
0.058789
0.999483
0.387702
0.413961
0.100318
0.681582
0.048525
0.071164
0.082227
0.397458
0.397683
0.359945
0.387725
0.354421
0.375539
0.091333
0.999483
0.102880
0.689069
0.341543
0.092664
0.377921
0.686776
0.051829
0.361880
0.362208
0.366288
0.367873
0.367352
0.066910
0.670248
0.366731
0.337687
0.129215
0.368460
0.681448
0.046385
0.683435
0.052742
0.684083
0.379827
0.999483
0.047059
0.068931
0.688266
0.403952
0.096430
0.690481
0.056474
0.368690
0.371067
0.685356
0.371975
0.685918
0.059833
0.686669
0.374662
0.063986
0.065573
0.999483
0.375050
0.374335
0.373361
0.378136
0.377161
0.067268
0.688753
0.379591
0.999483
0.074039
0.999483
0.691001
0.691684
0.390590
0.072842
0.010529
0.090388
0.374731
0.363927
0.055902
0.999483
0.370245
0.056352
0.706593
0.394911
0.074072
0.696817
0.354577
0.054947
0.684613
0.056516
0.369879
0.683570
0.998025
0.683570
0.052785
0.049226
0.044093
0.679327
0.362996
0.052222
0.998025
0.684493
0.371562
0.371558
0.075814
0.687261
0.324178
0.074592
0.091383
0.067820
0.377067
0.687676
0.066929
0.069040
0.070909
0.070037
0.387608
0.066334
0.367404
0.388585
0.096594
0.999483
0.381419
0.001795
0.354128
0.374060
0.386678
0.999483
0.082673
0.376643
0.373568
0.049823
0.401250
0.108800
0.686077
0.381438
0.373800
0.685900
0.684739
0.054086
0.683102
0.053212
0.683481
0.369346
0.046282
0.681786
0.363063
0.373724
0.068171
0.094331
0.999483
0.055969
0.682455
0.050470
0.059708
0.064174
0.377117
0.012833
0.365547
0.354818
0.681986
0.374793
0.058497
0.077065
0.690108
0.703342
0.080144
0.748871
0.678917
0.079461
0.632275
0.999483
0.014322
0.100924
0.051637
0.360810
0.381761
0.680224
0.017906
0.999483
0.409934
0.045527
0.039652
0.048361
0.364888
0.051166
0.366138
0.045761
0.041411
0.047174
0.057607
0.088541
0.172082
0.999483
0.480630
0.386372
0.371737
0.366489
0.682350
0.683762
0.371964
0.369699
0.068577
0.688023
0.088033
0.618232
0.704148
0.081740
0.378180
0.060814
0.999483
0.371861
0.057643
0.685263
0.058422
0.999483
0.372518
0.685857
0.059275
0.999483
0.373398
0.685354
0.051872
0.685331
0.051608
0.999483
0.681608
0.675212
0.668016
0.089477
0.080096
0.071461
0.060978
0.055641
0.060324
0.679687
0.355561
0.357909
0.066318
0.400618
0.397017
0.079014
0.686547
0.375529
0.062526
0.060956
0.371893
0.685449
0.371142
0.057621
0.999483
0.686565
0.376796
0.377770
0.374924
0.369301
0.049590
0.363204
0.140274
0.078879
0.686298
0.058673
0.689893
0.380539
0.084898
0.068798
0.109119
0.413767
0.398269
0.359556
0.074462
0.085740
1.000000
0.026160
0.418762
0.412088
0.422683
0.129782
0.105366
0.999483
0.676234
0.678478
0.681925
0.375482
0.039614
0.670764
0.343559
0.344299
0.019358
0.366890
0.365935
0.366769
0.683257
0.051719
0.067618
0.345855
0.042428
0.688281
0.376210
0.694225
0.090053
0.999729
0.390562
0.071944
0.378355
0.365393
0.683263
0.371390
0.058868
0.059646
0.999483
0.374126
0.376324
0.999483
0.376912
0.069193
0.377242
0.068346
0.999483
0.690738
0.690556
0.070709
0.381449
0.382521
0.999483
0.383216
0.077632
0.386944
0.066354
0.999483
0.356417
0.611711
0.384641
0.043339
0.062787
0.685372
0.367485
0.068807
0.998025
0.706593
0.703317
0.030437
0.016820
0.054127
0.369823
0.684191
0.053482
0.052301
0.052192
0.683301
0.048524
0.681202
0.044139
0.362696
0.680455
0.363614
0.052208
0.370053
0.367418
0.062493
0.684636
0.012024
0.081892
0.391239
0.392217
0.387363
0.073593
0.072177
0.384363
0.690130
0.691909
0.690482
0.377196
0.672574
0.385832
0.998025
0.389983
0.074450
0.693679
0.382406
0.053365
0.999483
0.377302
0.391424
0.392295
0.380509
0.060790
0.999483
0.048922
0.701388
0.407578
0.366836
0.055758
0.055994
0.999483
0.052743
0.682641
0.683481
0.999483
0.366744
0.048570
0.684007
0.053953
0.686257
0.373314
0.057604
0.061349
0.682455
0.999483
0.055115
0.374224
0.685843
0.375462
0.047295
0.332345
0.681986
0.745020
0.056171
0.372608
0.115546
0.419236
0.696459
0.101155
0.082062
0.128442
0.295750
0.740159
0.315123
0.420926
0.094012
0.097828
0.697015
0.055579
0.686259
0.117216
0.047455
0.055603
0.045962
0.999483
0.685233
0.678620
0.050200
0.999483
0.681470
0.356398
0.677374
0.684464
0.695782
0.332529
0.128484
0.385909
0.031104
0.369014
0.047839
0.052523
0.055655
0.373493
0.061171
0.064513
0.384058
0.426143
0.330464
0.070599
0.999483
0.691161
0.367283
0.058457
0.056061
0.685197
0.371003
0.371721
0.058884
0.372772
0.372362
0.061412
0.061540
0.687645
0.371525
0.060993
0.687872
0.375587
0.062084
0.363062
0.046719
0.380329
0.381812
0.384752
0.072749
0.687001
0.372985
0.052363
0.680823
0.360144
0.359751
0.052972
0.376063
0.685323
0.376731
0.372016
0.060676
0.060231
0.372315
0.371685
0.685273
0.684806
0.372435
0.058554
0.061606
0.373666
0.373577
0.373182
0.370172
0.057892
0.687960
0.688620
0.381737
0.999483
0.374798
0.070167
0.691984
0.384490
0.391022
0.402445
0.399776
0.075057
0.692489
0.067190
0.451258
0.701326
0.701258
0.696544
0.434478
0.080043
0.604564
0.092102
0.425277
0.025705
0.681925
0.055678
0.689125
0.043490
0.354256
0.680407
0.046968
0.371332
0.367100
0.365529
0.366624
0.683591
0.051562
0.099741
0.999483
0.360590
0.043127
0.404128
0.140711
0.385430
0.390808
0.999729
0.091506
0.696903
0.068894
0.999483
0.367284
0.370925
0.058779
0.374126
0.999483
0.064356
0.688399
0.069651
0.999483
0.073415
0.081558
0.385692
0.387617
0.387506
0.384855
0.074208
0.691127
0.384169
0.385425
0.081261
0.083485
0.086531
0.053252
0.699059
0.114837
0.127459
0.699032
0.045239
0.685056
0.071652
0.685618
0.138318
0.404037
0.102388
0.719395
0.356683
0.061402
0.054543
0.367729
0.051504
0.682344
0.998025
0.050357
0.365995
0.998025
0.681202
0.362782
0.998025
0.680455
0.680820
0.365170
0.057809
0.998025
0.395160
0.712334
0.691895
0.694877
0.388244
0.379671
0.686207
0.386808
0.387582
0.083739
0.084282
0.073464
0.050070
0.087957
0.089360
0.389983
0.998025
0.999483
0.383960
0.684426
0.380153
0.063739
0.378135
0.066580
0.070827
0.126089
0.391267
0.064668
0.061539
0.061312
0.388946
0.384353
0.373519
0.371699
0.054558
0.367379
0.049604
0.048468
0.049975
0.683085
0.369725
0.686488
0.058496
0.687790
0.060911
0.372808
0.371692
0.053459
0.055218
0.372405
0.371622
0.372671
0.674414
0.053638
0.999483
0.077882
0.999483
0.745020
0.073421
0.334345
0.171216
0.715377
0.154414
0.449810
0.382538
0.687078
0.043718
0.086274
0.046587
0.999483
0.171521
0.105612
0.694792
0.688620
0.045377
0.677731
0.035285
0.700561
0.036192
0.050476
0.041209
0.360495
0.367917
0.037560
0.999483
0.362241
0.379212
0.396774
0.404208
0.395655
0.029374
0.999483
0.335283
0.372545
0.999483
0.375076
0.999483
0.376301
0.436611
0.064958
0.030353
0.098336
0.019900
0.119392
0.050065
0.372163
0.056910
0.371169
0.999483
0.685197
0.372200
0.372759
0.686184
0.059509
0.061189
0.687645
0.999483
0.062344
0.064825
0.999483
0.687872
0.384863
0.070248
0.386693
0.380597
0.077424
0.689548
0.381056
0.376192
0.372024
0.049993
0.361490
0.679953
0.359653
0.044248
0.365962
0.366914
0.682462
0.368610
0.368558
0.052154
0.351713
0.293401
0.034395
0.999483
0.376368
0.374187
0.372356
0.372378
0.058392
0.687501
0.059197
0.999483
0.377649
0.071939
0.066704
0.057121
0.682675
0.381515
0.382499
0.381116
0.377851
0.065116
0.695612
0.092678
0.999483
0.115343
0.702157
0.378583
0.398701
0.088945
0.124152
0.677020
0.288146
0.749437
0.373033
0.023899
0.022066
0.055852
0.999483
0.044654
0.366212
0.749222
0.367075
0.050140
0.684075
0.050801
0.367435
0.999483
0.058302
0.390611
0.034417
0.054825
0.690604
0.362025
0.087144
0.377972
0.386557
0.072625
0.085624
0.699310
0.072316
0.373252
0.055032
0.999483
0.057528
0.059199
0.372262
0.061999
0.688273
0.065103
0.073254
0.383791
0.999483
0.101829
0.394277
0.695099
0.074457
0.074939
0.384130
0.079702
0.387151
0.693067
0.386877
0.693527
0.084264
0.999483
0.107194
0.999483
0.035597
0.363163
0.681201
0.347302
0.056492
0.448537
0.686250
0.689982
0.044908
0.998025
0.690363
0.048268
0.367100
0.998025
0.051136
0.682344
0.051295
0.998025
0.049567
0.680351
0.045729
0.680455
0.047249
0.052656
0.073394
0.056452
0.055864
0.118329
0.093986
0.090645
0.391631
0.387376
0.390738
0.082457
0.388515
0.998025
0.693818
0.394657
0.395321
0.081942
0.998025
0.085548
0.391693
0.074605
0.080386
0.083886
0.075591
0.074670
0.382324
0.068580
0.388276
0.181408
0.413270
0.999483
0.075092
0.686557
0.068282
0.059969
0.060737
0.372282
0.370328
0.683911
0.051841
0.364845
0.364689
0.366908
0.053820
0.374200
0.688907
0.064933
0.999483
0.065905
0.376612
0.375531
0.063157
0.373137
0.371487
0.684594
0.056231
0.056994
0.374684
0.037344
0.611681
0.120880
0.064706
0.385098
0.105635
0.999483
0.429542
0.365707
0.086722
0.394361
0.686807
0.127569
0.434186
0.436277
0.119515
0.641720
0.394644
0.414773
0.072793
0.034760
0.685664
0.379210
0.366087
0.412703
0.351126
0.357821
0.359315
0.046277
0.041069
0.035410
0.037195
0.045376
0.054220
0.061175
0.048944
0.127962
0.098066
0.158132
0.085292
0.059980
0.072251
0.061487
0.121804
0.999483
0.126600
0.695250
0.698659
0.669623
0.694817
0.369337
0.686253
0.372911
0.372457
0.057931
0.058271
0.372755
0.373043
0.059593
0.372586
0.372465
0.061039
0.061736
0.062074
0.686858
0.064098
0.068760
0.076329
0.999483
0.692714
0.074848
0.071437
0.999483
0.376316
0.373733
0.053844
0.682446
0.044596
0.999483
0.359081
0.357670
0.040283
0.362340
0.680464
0.047848
0.682339
0.365930
0.374996
0.070660
0.391695
0.077814
0.999483
0.440419
0.389303
0.062647
0.060028
0.374669
0.687498
0.062484
0.378251
0.692140
0.372178
0.681909
0.060913
0.378926
0.074812
0.700157
0.108931
0.708914
0.352893
0.084960
0.692489
0.688692
0.099144
1.000000
0.369443
0.690726
0.684301
0.284704
0.440902
0.095818
0.025063
0.057121
0.689382
0.085236
0.109320
0.076678
0.187150
0.999483
0.423553
0.058289
0.684907
0.051697
0.682051
0.052173
0.062550
0.009596
0.999729
0.685530
0.368096
0.382058
0.384529
0.691276
0.074470
0.696456
0.093978
0.389980
0.697507
0.063506
0.685170
0.058684
0.057069
0.685749
0.685511
0.056099
0.375128
0.999483
0.067872
0.999483
0.383791
0.402264
0.108169
0.697281
0.077715
0.689292
0.074534
0.079859
0.386861
0.999483
0.385560
0.078466
0.076555
0.392633
0.694389
0.407617
0.026451
0.351768
0.678041
0.044011
0.035717
0.045478
0.080035
0.998025
0.395710
0.361695
0.049208
0.052622
0.682469
0.366860
0.366864
0.052967
0.056090
0.369502
0.368255
0.681597
0.049631
0.049598
0.998025
0.682198
0.080159
0.680554
0.698451
0.402811
0.092681
0.998025
0.088546
0.383738
0.400725
0.444421
0.116841
0.084017
0.089540
0.395451
0.395646
0.391225
0.074766
0.381299
0.099053
0.401871
0.999483
0.692618
0.387471
0.999483
0.692739
0.692062
0.692720
0.413004
0.690651
0.702407
0.066338
0.686752
0.120521
0.056529
0.682591
0.054040
0.683911
0.999483
0.048785
0.681223
0.046410
0.367917
0.373067
0.377765
0.380673
0.690979
0.070381
0.381914
0.070080
0.378562
0.999483
0.062276
0.370983
0.366937
0.367570
0.369132
0.683326
0.688171
0.377101
0.687669
0.688742
0.689073
0.388455
0.112271
0.424388
0.692636
0.687575
0.366689
0.439580
0.377795
0.395038
0.418488
0.056391
0.999483
0.338540
0.681434
0.033012
0.687495
0.673051
0.042746
0.697726
0.400246
0.421019
0.369457
0.365012
0.366277
0.368834
0.048463
0.999483
0.679159
0.680393
0.682464
0.684234
0.690193
0.132116
0.419961
0.392980
0.392820
0.368112
0.686073
0.608661
0.747227
0.293927
0.072853
0.042614
0.373225
0.044232
0.685335
0.371054
0.686616
0.373924
0.373582
0.373244
0.373163
0.059647
0.685899
0.372258
0.058522
0.999483
0.372083
0.059865
0.686180
0.374132
0.687719
0.377069
0.070330
0.069972
0.373710
0.059649
0.376316
0.999483
0.686251
0.052100
0.682232
0.363803
0.041548
0.358547
0.035866
0.357351
0.359113
0.999483
0.680464
0.681438
0.063591
0.696991
0.121335
0.391499
0.999483
0.076399
0.110287
0.434435
0.701316
0.379977
0.059925
0.999483
0.687498
0.688912
0.061763
0.999483
0.053682
0.371626
0.378234
0.080183
0.999483
0.409589
0.680458
0.999483
0.378405
0.388831
0.366036
0.309252
0.064110
0.373207
0.381154
0.395833
0.392208
0.037498
0.384920
0.404209
0.082821
0.686289
0.057317
0.104044
0.697987
0.028673
0.101472
0.682202
0.047509
0.685674
0.369713
0.052614
0.685466
0.044374
0.669910
0.383280
0.092019
0.070124
0.690774
0.074682
0.999729
0.079294
0.395508
0.391171
0.999729
0.396339
0.078511
0.688280
0.057204
0.999483
0.372963
0.057322
0.052012
0.052581
0.057562
0.082243
0.390779
0.363613
0.391271
0.104736
0.387840
0.689292
0.999483
0.073725
0.078416
0.079563
0.385560
0.999483
0.380838
0.378499
0.092140
0.714492
0.422892
0.055646
0.055026
0.681950
0.056121
0.998025
0.684995
0.359201
0.068255
0.355610
0.371138
0.682540
0.366744
0.052562
0.053803
0.054058
0.369788
0.998025
0.061448
0.065064
0.684071
0.058021
0.998025
0.061251
0.064002
0.048362
0.998025
0.395387
0.702736
0.384672
0.093468
0.402953
0.101241
0.998025
0.129405
0.747172
0.101746
0.089625
0.998025
0.391512
0.073647
0.685844
0.374539
0.086479
0.400451
0.386296
0.388290
0.081719
0.080357
0.076942
0.133034
0.149960
0.427976
0.397165
0.077042
0.380148
0.437417
0.999483
0.114165
0.680770
0.047455
0.049880
0.365554
0.045952
0.999483
0.045198
0.368339
0.373635
0.378960
0.381752
0.691576
0.075544
0.384321
0.073183
0.069954
0.688217
0.063242
0.370654
0.366265
0.683653
0.687526
0.039875
0.381004
0.058431
0.062062
0.061217
0.073637
0.393039
0.706562
0.083737
0.099304
0.390270
0.126632
0.059856
0.377556
0.087870
0.696965
0.390563
0.068601
0.439267
0.139527
0.356590
0.999483
0.016974
0.116549
0.385605
0.708877
0.689400
0.684793
0.684325
0.684967
0.686969
0.060505
0.050192
0.047620
0.049739
0.053926
0.063538
0.083867
0.687633
0.699642
0.101372
0.681373
0.683279
0.369866
0.369982
0.293927
0.685102
0.999483
0.372325
0.360256
0.685958
0.371414
0.052140
0.373924
0.999483
0.373935
0.999483
0.686482
0.059253
0.685671
0.371819
0.685675
0.057658
0.057285
0.685302
0.685777
0.686180
0.063235
0.373509
0.058203
0.999483
0.369174
0.053578
0.056455
0.370788
0.054715
0.050690
0.682196
0.043861
0.679827
0.037381
0.678239
0.034706
0.677923
0.037605
0.039943
0.044502
0.065983
0.999483
0.088668
0.703711
0.384837
0.698669
0.999483
0.400502
0.689568
0.999483
0.061309
0.059900
0.376356
0.377852
0.371482
0.055161
0.999483
0.685485
0.687663
0.689345
0.069405
0.091325
0.037075
0.680458
0.407389
0.388502
0.113198
0.322625
0.344744
0.404988
0.382174
0.019321
0.096497
0.999483
0.688659
0.399264
0.397666
0.387068
0.073584
0.393575
0.692783
0.068552
0.369600
0.670422
0.047662
0.682785
0.371142
0.370141
0.371688
0.064894
0.037035
0.053511
0.372263
0.375244
0.685981
0.074017
0.073773
0.383723
0.381064
0.684870
0.073625
0.377525
0.073988
0.688494
0.374678
0.060078
0.685396
0.686679
0.057592
0.687827
0.684061
0.691111
0.063768
0.074162
0.069242
0.107797
0.076411
0.376949
0.378258
0.075555
0.999483
0.385666
0.077606
0.380838
0.999483
0.688345
0.072806
0.393131
0.688246
0.060737
0.999483
0.056197
0.998025
0.371542
0.055396
0.051353
0.367693
0.368625
0.365590
0.366227
0.052550
0.998025
0.370418
0.056709
0.370861
0.373352
0.377670
0.690052
0.687312
0.065136
0.063585
0.691473
0.676629
0.998025
0.359157
0.335890
0.084014
0.693349
0.694719
0.398048
0.702422
0.090254
0.689225
0.701681
0.129233
0.084257
0.391512
0.998025
0.380759
0.998025
0.685844
0.072067
0.699331
0.078115
0.078783
0.384715
0.386026
0.420096
0.188366
0.453926
0.123480
0.065727
0.692878
0.692879
0.002743
0.748070
0.318917
0.365866
0.043030
0.681126
0.680931
0.999483
0.043895
0.045618
0.682887
0.367739
0.373457
0.074636
0.999483
0.077654
0.999483
0.075428
0.688744
0.688743
0.378759
0.058821
0.367874
0.048226
0.051971
0.622194
0.004644
0.685033
0.063220
0.999483
0.372871
0.706562
0.999483
0.140170
0.999483
0.125714
0.303446
0.690636
0.695988
0.694008
0.392558
0.102716
0.694486
0.399136
0.024812
0.090222
0.047758
0.497165
0.028011
0.999483
0.080566
0.397064
0.375888
0.371198
0.371812
0.999483
0.061408
0.055291
0.682930
0.366519
0.683543
0.368955
0.369868
0.070276
0.398751
0.694874
0.392431
0.040441
0.046464
0.045503
0.363456
0.366111
0.369060
0.062548
0.373731
0.065705
0.370982
0.031189
0.375669
0.375297
0.061773
0.686482
0.059902
0.058655
0.999483
0.685671
0.056792
0.370358
0.056092
0.684952
0.057705
0.058674
0.371546
0.685893
0.370124
0.054748
0.051110
0.683543
0.052417
0.684061
0.368351
0.050286
0.682378
0.364041
0.361847
0.359959
0.358623
0.035852
0.678635
0.356916
0.357488
0.360156
0.681169
0.383123
0.336325
0.690054
0.062961
0.302312
0.698669
0.362946
0.369774
0.375555
0.685475
0.685520
0.374537
0.373719
0.053949
0.370911
0.369325
0.059922
0.377347
0.377794
0.690682
0.681214
0.419608
0.393933
0.383427
0.368304
0.653950
0.150587
0.333089
0.343180
0.062884
0.656762
0.300238
0.048524
0.084575
0.399886
0.404415
0.387160
0.068079
0.368624
0.999483
0.065833
0.348854
0.355296
0.365717
0.999483
0.054239
0.685582
0.061240
0.377099
0.687881
0.061192
0.355777
0.685735
0.692465
0.381002
0.379186
0.375304
0.999729
0.371056
0.365021
0.351418
0.071436
0.999483
0.393872
0.685881
0.375240
0.374865
0.687757
0.686764
0.379455
0.400696
0.067985
0.686660
0.999483
0.378542
0.677215
0.073354
0.690113
0.071577
0.384519
0.385646
0.080222
0.385210
0.379640
0.371774
0.056719
0.053630
0.687250
0.057096
0.057567
0.376841
0.373797
0.054762
0.998025
0.681762
0.363748
0.363780
0.365066
0.366647
0.054322
0.370418
0.998025
0.371570
0.059061
0.059903
0.376875
0.381003
0.690052
0.069917
0.998025
0.378441
0.069455
0.676629
0.327168
0.397355
0.074990
0.998025
0.087490
0.391201
0.082684
0.998025
0.389520
0.409443
0.369357
0.384005
0.092117
0.066390
0.068845
0.066613
0.065582
0.382255
0.072679
0.380050
0.381338
0.382229
0.362201
0.419800
0.041139
0.683428
0.090957
0.375161
0.073635
0.681522
0.123336
0.006800
0.999483
0.695759
0.042727
0.042058
0.046656
0.043321
0.681759
0.365650
0.999483
0.682887
0.378868
0.380671
0.080790
0.382311
0.066091
0.691368
0.072577
0.378431
0.688811
0.120068
0.383756
0.688686
0.049822
0.045413
0.379029
0.059360
0.381164
0.062008
0.684664
0.372071
0.391598
0.434244
0.126013
0.999483
0.367197
0.303446
0.077638
0.696053
0.999483
0.391056
0.999483
0.694486
0.690119
0.637105
0.683654
0.168751
0.747360
0.670463
0.496056
0.372749
0.335464
0.062684
0.062241
0.062743
0.371594
0.052046
0.999483
0.682930
0.367808
0.683005
0.683782
0.683867
0.379443
0.371190
0.044339
0.999483
0.680876
0.363774
0.042628
0.047432
0.056108
0.376275
0.076515
0.691153
0.091753
0.309100
0.062291
0.062422
0.061493
0.060302
0.058741
0.685436
0.371890
0.056701
0.999483
0.684849
0.370165
0.999483
0.684952
0.371004
0.371171
0.056648
0.684719
0.368775
0.052153
0.368633
0.369107
0.999483
0.684061
0.050865
0.682748
0.364739
0.362896
0.041348
0.680492
0.039003
0.679862
0.358873
0.359042
0.360729
0.050468
0.061706
0.074567
0.010911
0.049511
0.011779
0.042041
0.106159
0.070965
0.371373
0.371717
0.058829
0.371746
0.054656
0.683792
0.050549
0.053696
0.684100
0.376824
0.070925
0.681214
0.046067
0.057197
0.056821
0.053005
0.340209
0.434514
0.331698
0.084025
0.036469
0.999483
0.288905
0.038040
0.999483
0.687560
0.696277
0.699850
0.313209
0.129426
0.056962
0.067064
0.999483
0.045589
0.366903
0.686158
0.051261
0.052968
0.999483
0.372260
0.062946
0.999483
0.047041
0.673007
0.684199
0.049326
0.689691
0.687148
0.683461
0.371056
0.999729
0.429737
0.379546
0.055989
0.114368
0.999483
0.393421
0.072749
0.376187
0.060441
0.687827
0.066595
0.381950
0.680962
0.368330
0.079818
0.081596
0.101188
0.072538
0.364584
0.685664
0.383013
0.384778
0.692488
0.067523
0.374735
0.025915
0.107101
0.999483
0.047760
0.686423
0.999483
0.374191
0.057062
0.052402
0.681762
0.364134
0.363421
0.049025
0.051708
0.054199
0.370508
0.371507
0.684796
0.372509
0.059878
0.685032
0.685962
0.064712
0.689935
0.379878
0.374129
0.365441
0.360753
0.364643
0.083846
0.379489
0.378592
0.382701
0.692362
0.381663
0.074444
0.060792
0.045686
0.057960
0.071604
0.386110
0.350764
0.677582
0.360888
0.376374
0.382034
0.385985
0.382307
0.689411
0.689566
0.690240
0.695996
0.315800
0.357914
0.351800
0.680194
0.682460
0.682071
0.049242
0.673006
0.355899
0.695759
0.102541
0.058649
0.306309
0.745462
0.060004
0.045812
0.365609
0.051240
0.065799
0.380475
0.685943
0.691992
0.384925
0.385411
0.075108
0.406347
0.065453
0.379948
0.396795
0.688686
0.999483
0.092865
0.378282
0.691837
0.692598
0.695408
0.072386
0.058432
0.054995
0.057500
0.068847
0.115944
0.367197
0.999483
0.051438
0.687734
0.383334
0.389173
0.078758
0.070583
0.064733
0.024924
0.003784
0.125657
0.027663
0.042829
0.098903
0.677787
0.000084
0.022062
0.688407
0.374353
0.999483
0.052067
0.999483
0.366071
0.364810
0.364795
0.046489
0.050921
0.367554
0.365832
0.369871
0.047135
0.048782
0.048081
0.366529
0.366281
0.999483
0.371520
0.374599
0.376170
0.060273
0.338522
0.432548
0.057639
0.371918
0.999483
0.686167
0.685949
0.371432
0.056773
0.370759
0.370159
0.054045
0.053967
0.369775
0.055613
0.370737
0.371071
0.370994
0.055118
0.054227
0.684790
0.054586
0.370218
0.369640
0.054077
0.052056
0.999483
0.682748
0.045472
0.362806
0.681714
0.042863
0.999483
0.679862
0.361453
0.362592
0.681215
0.683054
0.684739
0.362051
0.348305
0.048564
0.999483
0.701754
0.689544
0.371586
0.059486
0.999483
0.058843
0.685392
0.052587
0.052784
0.685277
0.058109
0.065573
0.067469
0.064476
0.688573
0.377663
0.684062
0.385419
0.123221
0.018662
0.341875
0.305541
0.021220
0.348017
0.354599
0.047768
0.687560
0.385075
0.390776
0.008736
0.747538
0.999483
0.440604
0.378434
0.061449
0.054406
0.686674
0.372193
0.372946
0.056411
0.057821
0.999483
0.059634
0.061400
0.374603
0.347683
0.673007
0.052454
0.070531
0.377437
0.057147
0.053370
0.118703
0.399526
0.999483
0.699149
0.406596
0.133595
0.692555
0.405937
0.124037
0.999483
0.373160
0.366993
0.362346
0.364659
0.372912
0.399848
0.100075
0.693193
0.382022
0.048751
0.048372
0.378859
0.057379
0.049374
0.383804
0.361842
0.084259
0.999483
0.423384
0.036869
0.368758
0.684966
0.056809
0.998025
0.049546
0.364651
0.047378
0.048605
0.367125
0.682684
0.369238
0.057583
0.371968
0.685171
0.059803
0.059144
0.371668
0.058120
0.058645
0.687393
0.374061
0.369545
0.047038
0.043940
0.078899
0.998025
0.071168
0.064305
0.066503
0.078948
0.690342
0.364229
0.047048
0.744573
0.388731
0.076091
0.691245
0.056385
0.375297
0.998025
0.069785
0.388013
0.387078
0.695226
0.060531
0.377689
0.378277
0.380223
0.673969
0.675408
0.999483
0.024498
0.362783
0.376536
0.361470
0.682457
0.037344
0.007830
0.352717
0.103185
0.999483
0.331399
0.422200
0.387389
0.047614
0.999483
0.053545
0.685943
0.685308
0.071386
0.999483
0.089345
0.999483
0.077500
0.686148
0.066976
0.157816
0.010135
0.066156
0.070816
0.703957
0.069935
0.082101
0.693502
0.076619
0.685562
0.684675
0.684587
0.684547
0.684433
0.057972
0.042447
0.063303
0.060632
0.077938
0.383603
0.067127
0.682387
0.685151
0.690472
0.336459
0.312318
0.394203
0.126971
0.999483
0.053448
0.999483
0.701906
0.122345
0.060539
0.368926
0.999483
0.046797
0.363047
0.362103
0.040865
0.359179
0.680271
0.366980
0.369927
0.056008
0.055212
0.999483
0.369532
0.683650
0.051476
0.683934
0.373585
0.374750
0.373082
0.686085
0.344841
0.301464
0.054479
0.999483
0.371918
0.372080
0.371797
0.685445
0.370517
0.055010
0.053715
0.368219
0.683861
0.053622
0.369299
0.056031
0.999483
0.371095
0.056218
0.370603
0.999483
0.370948
0.056772
0.685549
0.370727
0.053281
0.366882
0.048938
0.047873
0.364903
0.682758
0.046311
0.679862
0.043919
0.363416
0.999483
0.049428
0.052433
0.368097
0.683579
0.678046
0.675360
0.381245
0.052204
0.368965
0.060633
0.063799
0.064083
0.687896
0.058034
0.055898
0.371338
0.685942
0.372387
0.374204
0.375628
0.377190
0.065712
0.382167
0.073785
0.371795
0.335858
0.081454
0.700293
0.669205
0.683926
0.029218
0.360050
0.047108
0.364066
0.027202
0.037137
0.359662
0.607451
0.052285
0.999483
0.692549
0.380421
0.064417
0.999483
0.375670
0.060237
0.370799
0.684056
0.055131
0.054868
0.370971
0.374617
0.377135
0.054960
0.393343
0.687797
0.377311
0.685974
0.999483
0.685974
0.065768
0.699149
0.095408
0.999483
0.461366
0.090967
0.745615
0.060145
0.686843
0.371792
0.048183
0.679655
0.366002
0.055102
0.091278
0.386744
0.999483
0.693193
0.686002
0.365775
0.054388
0.420615
0.675914
0.409283
0.360816
0.322593
0.063877
0.059277
0.072121
0.372593
0.373828
0.056143
0.366264
0.048691
0.998025
0.050990
0.683477
0.682635
0.055839
0.057785
0.058421
0.371745
0.372051
0.372163
0.371573
0.998025
0.371124
0.055980
0.370119
0.053354
0.050386
0.369488
0.998025
0.076579
0.071838
0.379531
0.381433
0.378799
0.376948
0.058283
0.369682
0.100590
0.401288
0.679232
0.104157
0.079957
0.998025
0.376670
0.376938
0.692262
0.081616
0.392949
0.998025
0.368457
0.058676
0.059304
0.062870
0.074377
0.338288
0.425408
0.344752
0.001872
0.687947
0.999483
0.053236
0.686460
0.675938
0.400726
0.119553
0.005960
0.999483
0.335728
0.374714
0.065058
0.051976
0.371415
0.057591
0.999483
0.061403
0.068863
0.081094
0.389967
0.076187
0.686761
0.118306
0.403338
0.385265
0.380399
0.320319
0.052564
0.693821
0.693502
0.999483
0.382140
0.062291
0.685562
0.056201
0.054656
0.054849
0.684922
0.999483
0.054927
0.684967
0.999483
0.684967
0.368970
0.999483
0.053438
0.353629
0.680007
0.664654
0.395688
0.999483
0.414361
0.162531
0.019053
0.175364
0.057748
0.056649
0.051469
0.682636
0.681510
0.043477
0.041410
0.679143
0.678737
0.363922
0.369105
0.059790
0.060063
0.999483
0.057001
0.684982
0.369840
0.058194
0.373585
0.999483
0.687724
0.687164
0.045783
0.042423
0.682021
0.364221
0.053902
0.055184
0.056785
0.057030
0.371049
0.370438
0.369639
0.052849
0.683693
0.052306
0.367994
0.684004
0.684481
0.056086
0.056430
0.685125
0.057158
0.371022
0.058046
0.686056
0.371991
0.056391
0.684783
0.369078
0.051137
0.366678
0.683361
0.049681
0.365898
0.681006
0.365568
0.047014
0.047870
0.366048
0.366786
0.050214
0.041449
0.032615
0.030910
0.030970
0.359459
0.052949
0.372722
0.376059
0.376707
0.063923
0.062621
0.373388
0.685942
0.686631
0.685942
0.686593
0.376002
0.687578
0.689223
0.691514
0.389325
0.390254
0.026914
0.685028
0.351542
0.079983
0.055036
0.361511
0.127908
0.691579
0.018487
0.661874
0.016728
0.036374
0.002433
0.087706
0.085069
0.081715
0.385050
0.071301
0.377723
0.380220
0.061461
0.369677
0.683807
0.050596
0.367234
0.370360
0.374307
0.065620
0.378676
0.377983
0.067851
0.064200
0.061659
0.373310
0.375202
0.074147
0.378368
0.132647
0.205855
0.385568
0.045943
0.683832
0.066578
0.687093
0.373598
0.052753
0.360673
0.682947
0.678879
0.678153
0.062132
0.381473
0.373034
0.055248
0.680457
0.738649
0.999483
0.148449
0.999483
0.113949
0.364976
0.078570
0.691700
0.383447
0.069036
0.375004
0.055503
0.366119
0.682318
0.051739
0.683477
0.998025
0.368926
0.684210
0.684821
0.058505
0.058466
0.058845
0.059093
0.372049
0.058184
0.998025
0.684451
0.053186
0.998025
0.367797
0.051660
0.056151
0.064845
0.998025
0.071762
0.381077
0.376291
0.358451
0.374403
0.691120
0.086354
0.998025
0.384497
0.070835
0.395121
0.082844
0.382290
0.076836
0.998025
0.692262
0.693894
0.392949
0.372114
0.374216
0.687678
0.068073
0.398795
0.081561
0.999687
0.384827
0.134527
0.092997
0.376780
0.999483
0.688316
0.087703
0.999483
0.717254
0.069972
0.335728
0.999483
0.319807
0.075007
0.688820
0.058835
0.365154
0.056089
0.686200
0.685769
0.068940
0.375455
0.374674
0.687500
0.077301
0.694255
0.379150
0.376999
0.365016
0.379198
0.069077
0.076459
0.383984
0.380237
0.999483
0.058087
0.055485
0.684684
0.999483
0.055298
0.370171
0.683819
0.367773
0.366756
0.686065
0.363397
0.362978
0.680967
0.360068
0.028702
0.343144
0.012550
0.713202
0.429557
0.376775
0.668393
0.620259
0.049603
0.999483
0.047266
0.363457
0.680503
0.681430
0.365468
0.042369
0.041680
0.363958
0.054974
0.685672
0.686749
0.060895
0.375563
0.062565
0.064272
0.066228
0.067707
0.067902
0.066270
0.061727
0.372591
0.050693
0.683173
0.365856
0.367549
0.368328
0.369607
0.370580
0.056447
0.370514
0.369817
0.053113
0.683817
0.367838
0.683602
0.053042
0.053995
0.054388
0.684119
0.684863
0.057237
0.685774
0.372202
0.058841
0.685917
0.057190
0.999483
0.370089
0.053145
0.368095
0.999483
0.051192
0.999483
0.049726
0.366546
0.365746
0.365184
0.365168
0.365469
0.045488
0.999483
0.679754
0.677322
0.040068
0.999483
0.681670
0.370203
0.061417
0.685943
0.374482
0.064049
0.999483
0.060536
0.999483
0.373741
0.063441
0.999483
0.377969
0.093585
0.389325
0.999483
0.316325
0.026944
0.354886
0.695512
0.687623
0.105379
0.681887
0.413959
0.090634
0.300749
0.031253
0.381258
0.999483
0.083622
0.999483
0.387969
0.386928
0.076777
0.691028
0.690844
0.381417
0.063322
0.370047
0.684214
0.050800
0.367539
0.370599
0.999483
0.063245
0.378460
0.068364
0.377571
0.376109
0.374982
0.999483
0.061199
0.999483
0.078013
0.690680
0.389233
0.062612
0.688104
0.376550
0.377381
0.065486
0.688130
0.383571
0.373014
0.060719
0.359147
0.696398
0.680477
0.054315
0.066721
0.999483
0.058393
0.351678
0.110833
0.288233
0.443071
0.358546
0.068549
0.074840
0.999483
0.690242
0.689684
0.376322
0.057559
0.054285
0.367554
0.998025
0.054656
0.369144
0.370400
0.371617
0.372421
0.059576
0.685308
0.686019
0.060569
0.685086
0.998025
0.371512
0.056830
0.055244
0.054670
0.685421
0.371681
0.373428
0.068439
0.070787
0.998025
0.065857
0.998025
0.063906
0.380054
0.688694
0.071139
0.384497
0.998025
0.079100
0.392034
0.391375
0.088675
0.389943
0.692262
0.086901
0.695748
0.398650
0.687431
0.687678
0.999483
0.079390
0.706523
0.289137
0.415498
0.021820
0.999483
0.087547
0.384863
0.688316
0.055576
0.015833
0.095654
0.164845
0.095512
0.120357
0.009589
0.687846
0.070732
0.687093
0.058797
0.366877
0.682755
0.298549
0.064093
0.074390
0.378288
0.375966
0.687460
0.064294
0.079844
0.687948
0.687533
0.685019
0.999483
0.061991
0.374966
0.065980
0.061972
0.045972
0.053618
0.373796
0.055247
0.055214
0.056522
0.055797
0.370628
0.368785
0.367667
0.366238
0.363253
0.362869
0.361393
0.357241
0.680312
0.024383
0.107700
0.058623
0.047576
0.036010
0.303839
0.366607
0.682222
0.365419
0.045788
0.366476
0.048830
0.681626
0.684201
0.367005
0.364406
0.048731
0.366330
0.056877
0.061128
0.999483
0.687679
0.688425
0.380074
0.689611
0.689811
0.689985
0.689802
0.689042
0.687577
0.054673
0.683663
0.366889
0.051736
0.684033
0.054828
0.684887
0.370564
0.370519
0.370028
0.368830
0.999483
0.683817
0.051958
0.367452
0.051591
0.367627
0.999483
0.054070
0.056290
0.372012
0.685822
0.372351
0.372403
0.372025
0.056747
0.055891
0.369876
0.685128
0.053459
0.052151
0.051112
0.683215
0.049267
0.681902
0.364146
0.363612
0.363562
0.363600
0.043824
0.358667
0.356081
0.680103
0.363396
0.050479
0.054453
0.370728
0.684286
0.370566
0.372706
0.064308
0.064897
0.063870
0.374562
0.064098
0.066924
0.072687
0.095699
0.036997
0.110711
0.050929
0.362451
0.440381
0.695678
0.083049
0.420482
0.052541
0.063035
0.370851
0.380745
0.999483
0.080790
0.087686
0.079081
0.386887
0.076553
0.690160
0.383310
0.999483
0.073321
0.070490
0.374088
0.999483
0.370871
0.052710
0.369075
0.371613
0.373959
0.688669
0.999483
0.067271
0.378233
0.687446
0.375272
0.062352
0.061211
0.687659
0.065104
0.999483
0.065420
0.061978
0.687412
0.060366
0.059262
0.057761
0.057969
0.063918
0.076455
0.078436
0.678705
0.381451
0.354262
0.396415
0.071813
0.377812
0.687113
0.372868
0.047241
0.688080
0.064032
0.064637
0.384709
0.075857
0.691700
0.382148
0.069875
0.686651
0.060584
0.684355
0.369498
0.369831
0.998025
0.370662
0.059085
0.373055
0.685540
0.060990
0.373205
0.686016
0.998025
0.060761
0.685086
0.058897
0.371082
0.684898
0.685421
0.998025
0.685421
0.067140
0.690171
0.074395
0.394312
0.377851
0.065243
0.062996
0.688694
0.998025
0.688694
0.378044
0.080699
0.384172
0.073957
0.687005
0.083141
0.694260
0.085538
0.388291
0.389851
0.396265
0.376235
0.376809
0.065660
0.364323
0.413141
0.060126
0.999483
0.295555
0.084481
0.404347
0.084755
0.063747
0.667661
0.279623
0.019176
0.374874
0.683115
0.690370
0.047324
0.699865
0.389638
0.062817
0.745469
0.065418
0.614054
0.999483
0.047005
0.303434
0.071488
0.688042
0.063460
0.375550
0.375971
0.065216
0.062625
0.061602
0.059026
0.373018
0.372042
0.371022
0.339541
0.353236
0.369695
0.370036
0.367224
0.684798
0.367228
0.368642
0.058064
0.056379
0.999483
0.367314
0.364082
0.361844
0.044569
0.680312
0.367007
0.369818
0.999483
0.688571
0.679643
0.684507
0.365735
0.047167
0.682219
0.364743
0.049722
0.999483
0.369565
0.373155
0.371589
0.685240
0.683164
0.682131
0.682226
0.682906
0.061680
0.687679
0.377695
0.379287
0.690432
0.380674
0.071822
0.072199
0.070629
0.067967
0.064038
0.056492
0.999483
0.683663
0.051491
0.684069
0.054493
0.999483
0.684887
0.685016
0.684916
0.054155
0.053235
0.052404
0.051533
0.999483
0.049915
0.682569
0.050621
0.052126
0.370336
0.371480
0.371847
0.685560
0.371951
0.057651
0.685429
0.056998
0.685128
0.999483
0.685128
0.370715
0.051653
0.366288
0.682240
0.682550
0.362780
0.681257
0.681034
0.361718
0.681019
0.043440
0.362580
0.364629
0.048933
0.365332
0.047555
0.366884
0.999483
0.367614
0.058384
0.688029
0.377428
0.377817
0.065279
0.377481
0.378476
0.381493
0.017688
0.674578
0.321451
0.091479
0.358823
0.695678
0.999483
0.058284
0.370966
0.671553
0.370003
0.063548
0.687791
0.072967
0.089816
0.076005
0.691088
0.999483
0.070761
0.999483
0.071270
0.072023
0.380649
0.068859
0.687432
0.060526
0.371296
0.054681
0.370690
0.372955
0.062204
0.377229
0.066790
0.687045
0.062886
0.999483
0.687446
0.686649
0.374005
0.059502
0.060217
0.377973
0.374464
0.374680
0.059654
0.684389
0.999483
0.368453
0.054091
0.685445
0.373203
0.080381
0.085364
0.093871
0.065217
0.375216
0.407998
0.124808
0.063287
0.375469
0.065257
0.373780
0.999483
0.687608
0.387099
0.078311
0.691947
0.074440
0.378744
0.375646
0.685658
0.373113
0.059098
0.371384
0.684473
0.371837
0.059586
0.685525
0.061331
0.374516
0.374601
0.686019
0.374710
0.062644
0.685500
0.373000
0.372070
0.059561
0.373952
0.375505
0.376537
0.690171
0.998025
0.690171
0.404726
0.104731
0.695147
0.688513
0.374674
0.375902
0.378674
0.389700
0.379973
0.683220
0.062719
0.998025
0.062577
0.998025
0.694260
0.387615
0.079044
0.068174
0.064482
0.061644
0.686625
0.066723
0.039156
0.085176
0.043623
0.393585
0.081943
0.391711
0.389109
0.365018
0.683335
0.013476
0.389397
0.396001
0.063695
0.350034
0.999483
0.675328
0.415493
0.194250
0.422174
0.430598
0.113301
0.614054
0.342506
0.480290
0.304694
0.377951
0.062436
0.374962
0.375834
0.375622
0.374447
0.373250
0.372473
0.371742
0.371016
0.352280
0.351544
0.057591
0.308877
0.668083
0.046941
0.047282
0.362684
0.680345
0.368959
0.683023
0.684134
0.042985
0.028790
0.022645
0.042273
0.361041
0.039113
0.380953
0.688571
0.357435
0.371685
0.367180
0.365028
0.046014
0.047153
0.051034
0.055657
0.058099
0.374206
0.068109
0.374636
0.369501
0.365824
0.364661
0.364633
0.055493
0.687158
0.377609
0.380374
0.381143
0.072708
0.072183
0.690533
0.070265
0.363815
0.689826
0.380110
0.386686
0.036399
0.051180
0.051612
0.369166
0.684418
0.369943
0.370402
0.055753
0.055282
0.369734
0.369236
0.368631
0.368003
0.051077
0.049351
0.999483
0.365405
0.050971
0.684019
0.055569
0.685560
0.685182
0.371271
0.371191
0.057070
0.685074
0.056859
0.057130
0.056847
0.371433
0.052241
0.363217
0.686049
0.048125
0.361636
0.042022
0.041629
0.360276
0.042810
0.362865
0.048509
0.050365
0.369186
0.365493
0.051813
0.692918
0.056760
0.366494
0.057434
0.377281
0.688814
0.688821
0.377756
0.377688
0.069959
0.688934
0.053360
0.680126
0.363480
0.007431
0.999483
0.358823
0.312187
0.360626
0.363442
0.047386
0.364393
0.057109
0.999483
0.377594
0.381080
0.070048
0.691684
0.066074
0.063158
0.065477
0.999483
0.377519
0.689455
0.066396
0.999483
0.687432
0.056313
0.370315
0.371616
0.685794
0.062433
0.063141
0.369298
0.999483
0.372980
0.687446
0.056998
0.054024
0.059041
0.999483
0.685379
0.685914
0.061948
0.374371
0.058223
0.369108
0.368453
0.683655
0.054242
0.999483
0.372817
0.369076
0.366642
0.083926
0.374184
0.684467
0.097930
0.616501
0.687114
0.373890
0.057466
0.361824
0.687608
0.066576
0.116117
0.099992
0.098231
0.074034
0.689184
0.067624
0.686378
0.062581
0.061237
0.060456
0.685073
0.059428
0.372140
0.685366
0.372723
0.062522
0.375889
0.686719
0.376123
0.064216
0.685957
0.060839
0.059594
0.373522
0.375492
0.687079
0.067952
0.379665
0.305442
0.047194
0.403251
0.107430
0.998025
0.073240
0.064001
0.057557
0.051371
0.381521
0.051687
0.998025
0.683220
0.373396
0.678070
0.069486
0.086220
0.081564
0.383040
0.376595
0.372246
0.686625
0.691918
0.999483
0.691918
0.687873
0.065191
0.379651
0.375942
0.074463
0.694344
0.074740
0.999483
0.683335
0.367796
0.695646
0.674189
0.999483
0.029032
0.030407
0.424424
0.148766
0.692117
0.131430
0.999483
0.430029
0.155509
0.693290
0.092664
0.608357
0.118947
0.061447
0.375684
0.375615
0.374032
0.372374
0.371726
0.371214
0.369397
0.364361
0.377888
0.623621
0.668083
0.388914
0.351025
0.356256
0.680345
0.999483
0.048724
0.685831
0.043430
0.999483
0.676747
0.347235
0.357131
0.036828
0.063109
0.671602
0.363472
0.372241
0.368982
0.053989
0.050383
0.050304
0.684509
0.369212
0.060250
0.687505
0.067740
0.377482
0.374620
0.369053
0.365191
0.363105
0.362559
0.059134
0.070277
0.074150
0.073857
0.072925
0.380912
0.380152
0.067924
0.040732
0.999483
0.674116
0.689826
0.374248
0.697526
0.351183
0.367912
0.053192
0.684190
0.054630
0.055169
0.369780
0.684784
0.684643
0.053732
0.684038
0.368265
0.367550
0.366606
0.048970
0.049146
0.367790
0.683827
0.054578
0.056332
0.999483
0.685182
0.685193
0.370695
0.999483
0.685074
0.685209
0.051514
0.363047
0.677845
0.047599
0.680726
0.686049
0.364420
0.361042
0.360363
0.360440
0.042689
0.681395
0.364582
0.368106
0.371755
0.059440
0.689307
0.072755
0.691916
0.064295
0.686931
0.062818
0.688131
0.066631
0.066078
0.687634
0.377326
0.376658
0.374876
0.058286
0.999483
0.688385
0.019979
0.361768
0.379134
0.358476
0.360411
0.362543
0.049443
0.999483
0.058335
0.372990
0.376481
0.062221
0.058707
0.367945
0.683318
0.057721
0.063932
0.999483
0.066205
0.688805
0.062600
0.058830
0.055758
0.370560
0.371321
0.686163
0.058627
0.999483
0.058644
0.687045
0.055944
0.369832
0.999483
0.367816
0.050027
0.369685
0.052573
0.056843
0.060739
0.060010
0.057050
0.684441
0.052314
0.999483
0.683655
0.370178
0.051699
0.679775
0.044479
0.999483
0.373524
0.999483
0.684467
0.360262
0.374606
0.038987
0.034929
0.671833
0.374369
0.701569
0.999483
0.701569
0.708888
0.081811
0.379004
0.688008
0.065383
0.062608
0.685655
0.061216
0.685452
0.372758
0.058892
0.685038
0.372016
0.062155
0.376694
0.687315
0.377120
0.376654
0.062322
0.998025
0.059772
0.374745
0.375416
0.376490
0.377693
0.303672
0.659490
0.998025
0.044767
0.693656
0.085982
0.385251
0.378332
0.063874
0.998025
0.044155
0.029915
0.045581
0.051078
0.678070
0.356336
0.389362
0.386071
0.692770
0.379883
0.371099
0.677765
0.372915
0.070786
0.691918
0.092948
0.066215
0.380135
0.057438
0.685522
0.064455
0.390184
0.691071
0.075351
0.064064
0.080864
0.081816
0.080024
0.059226
0.377061
0.075455
0.400760
0.688185
0.707425
0.298618
0.087434
0.097884
0.080095
0.639761
0.405783
0.093997
0.699131
0.120215
0.686996
0.062153
0.372416
0.361972
0.635315
0.113600
0.693907
0.052197
0.386876
0.439826
0.064729
0.364722
0.354564
0.999483
0.034324
0.680345
0.038098
0.040473
0.041238
0.041431
0.025688
0.999483
0.676955
0.368134
0.038537
0.051385
0.053653
0.056020
0.058014
0.372668
0.056047
0.685585
0.370508
0.371528
0.061107
0.999483
0.687505
0.688277
0.373109
0.367677
0.363367
0.362600
0.033779
0.035956
0.666344
0.064909
0.999483
0.069350
0.689389
0.380214
0.379967
0.378273
0.028255
0.009805
0.067913
0.367277
0.019426
0.295235
0.368350
0.683948
0.684085
0.684190
0.684308
0.684389
0.369576
0.054063
0.053605
0.684066
0.052382
0.683646
0.050499
0.999483
0.050138
0.367739
0.683740
0.053565
0.684209
0.055154
0.055270
0.054946
0.054571
0.370080
0.370229
0.052979
0.044410
0.679050
0.037619
0.678608
0.358445
0.049399
0.053854
0.999483
0.680644
0.362493
0.044420
0.681919
0.364663
0.367603
0.372033
0.374215
0.686699
0.071181
0.692886
0.070390
0.688298
0.061717
0.374542
0.374871
0.374512
0.374321
0.062732
0.372254
0.685243
0.369242
0.051764
0.066790
0.369741
0.096671
0.105856
0.363529
0.046023
0.999483
0.681405
0.048979
0.051618
0.694760
0.353924
0.056208
0.366523
0.366676
0.368563
0.684463
0.058021
0.374840
0.369463
0.062900
0.058805
0.685332
0.056503
0.371980
0.374046
0.999483
0.686163
0.059527
0.999483
0.078853
0.373428
0.054460
0.367816
0.999483
0.683401
0.047839
0.681076
0.364760
0.055623
0.999483
0.055389
0.367693
0.367377
0.683655
0.054024
0.369835
0.999483
0.684109
0.679775
0.050285
0.387082
0.684467
0.364718
0.380916
0.373912
0.683680
0.346686
0.008685
0.024484
0.361961
0.400199
0.417671
0.408743
0.051396
0.378146
0.687914
0.064526
0.685655
0.998025
0.685655
0.060451
0.372836
0.372133
0.371570
0.059471
0.375189
0.687204
0.066079
0.687579
0.375929
0.060392
0.685299
0.059644
0.685613
0.062983
0.066423
0.374954
0.378573
0.238659
0.342844
0.998025
0.378214
0.381958
0.064324
0.690887
0.375412
0.364184
0.687582
0.060450
0.692480
0.077657
0.073689
0.093031
0.078593
0.998025
0.383538
0.689946
0.369639
0.041771
0.041408
0.421899
0.117894
0.380515
0.676209
0.050811
0.375552
0.999483
0.075880
0.999483
0.388346
0.694189
0.693032
0.691690
0.073120
0.375650
0.687401
0.070107
0.381274
0.378831
0.687998
0.063747
0.407484
0.278604
0.378173
0.006164
0.692834
0.033662
0.699131
0.693139
0.074483
0.686623
0.059428
0.675860
0.692153
0.335193
0.018016
0.703631
0.066554
0.448164
0.141743
0.693323
0.367091
0.359110
0.353672
0.354310
0.677551
0.355759
0.039527
0.680777
0.362326
0.036572
0.048684
0.055402
0.375088
0.365388
0.368160
0.370218
0.372287
0.060410
0.687479
0.374264
0.685687
0.685585
0.685950
0.686501
0.374997
0.376342
0.375822
0.371648
0.365505
0.066746
0.057622
0.377027
0.022572
0.050766
0.743897
0.058455
0.373589
0.377649
0.378156
0.379195
0.061175
0.688170
0.368387
0.376878
0.368564
0.360601
0.348720
0.363349
0.052478
0.368579
0.052412
0.052570
0.052802
0.053084
0.053135
0.368627
0.684090
0.368653
0.052233
0.999483
0.050770
0.051123
0.368002
0.368535
0.999483
0.684056
0.684209
0.684289
0.684227
0.684049
0.368864
0.051673
0.365597
0.042779
0.359566
0.680790
0.360690
0.361735
0.049883
0.999483
0.048639
0.046294
0.365385
0.365487
0.365468
0.366409
0.369115
0.684443
0.686795
0.377011
0.052708
0.999483
0.381701
0.687038
0.999483
0.373826
0.058683
0.684740
0.685993
0.372887
0.686875
0.372054
0.370236
0.049943
0.999483
0.369692
0.377665
0.386369
0.074325
0.999483
0.366721
0.053754
0.363553
0.076580
0.697993
0.386704
0.023571
0.365223
0.367695
0.368853
0.684751
0.057181
0.355245
0.999483
0.371862
0.074099
0.353591
0.373134
0.374541
0.061211
0.374957
0.066966
0.071242
0.087715
0.384012
0.079100
0.690359
0.059627
0.683401
0.366725
0.682423
0.047667
0.681372
0.682163
0.055773
0.056259
0.052965
0.683084
0.367631
0.055294
0.685129
0.057538
0.051890
0.354292
0.346298
0.375807
0.377783
0.082484
0.074848
0.062089
0.352764
0.013669
0.057505
0.687134
0.081734
0.708265
0.406944
0.339278
0.067586
0.377062
0.687388
0.062896
0.372913
0.685655
0.059674
0.998025
0.372710
0.059431
0.371756
0.373152
0.686001
0.066622
0.066021
0.371601
0.054453
0.055121
0.684771
0.059341
0.059315
0.051967
0.691017
0.074752
0.379972
0.402173
0.329003
0.681379
0.703641
0.694860
0.375814
0.379591
0.998025
0.064968
0.379212
0.998025
0.385233
0.692480
0.093099
0.389037
0.689679
0.069746
0.063999
0.058491
0.681113
0.683262
0.999483
0.076634
0.084492
0.073636
0.680257
0.038444
0.382733
0.685522
0.064593
0.384364
0.386996
0.389458
0.386396
0.383284
0.999483
0.065929
0.999483
0.063706
0.379210
0.377584
0.688858
0.122049
0.999483
0.106734
0.353135
0.073259
0.688037
0.098454
0.065055
0.999483
0.066831
0.999483
0.063789
0.079026
0.681486
0.056000
0.384744
0.679412
0.110216
0.415095
0.999483
0.128633
0.681587
0.999483
0.035294
0.354425
0.355759
0.999483
0.359958
0.999483
0.363451
0.364206
0.366377
0.368527
0.374433
0.368687
0.057066
0.686800
0.373919
0.063311
0.689588
0.377553
0.062907
0.063448
0.064785
0.063316
0.062095
0.063078
0.061596
0.370738
0.363735
0.358607
0.078553
0.684555
0.062112
0.692861
0.394867
0.410675
0.367887
0.373933
0.374938
0.374592
0.066803
0.999483
0.688170
0.376210
0.367188
0.363516
0.679245
0.679913
0.683615
0.051514
0.999483
0.683259
0.683324
0.367315
0.052439
0.368586
0.684147
0.053274
0.684222
0.052547
0.368536
0.052760
0.369103
0.684678
0.053442
0.053208
0.053102
0.052763
0.368316
0.367905
0.050498
0.365714
0.364694
0.044370
0.680790
0.999483
0.365345
0.681365
0.682610
0.056584
0.373778
0.683505
0.052455
0.999483
0.368642
0.369469
0.683972
0.373159
0.376258
0.124677
0.071305
0.024082
0.065783
0.066787
0.373826
0.999483
0.371780
0.370051
0.056405
0.370921
0.059215
0.686249
0.053857
0.999483
0.051271
0.058866
0.999483
0.689966
0.390752
0.096521
0.068375
0.368096
0.078842
0.389449
0.377572
0.386676
0.059202
0.684066
0.050652
0.683235
0.365421
0.032411
0.680356
0.058934
0.117289
0.999483
0.407859
0.029529
0.059763
0.374298
0.999483
0.076938
0.999483
0.697417
0.107025
0.114215
0.061681
0.695082
0.055073
0.682423
0.366172
0.683083
0.365527
0.367324
0.682725
0.684645
0.054258
0.683470
0.054439
0.058703
0.372912
0.999483
0.686557
0.358235
0.377196
0.368863
0.082189
0.999483
0.695936
0.690345
0.053364
0.999483
0.688748
0.687391
0.066512
0.386077
0.039827
0.054583
0.057333
0.065586
0.686887
0.060753
0.685419
0.052610
0.056885
0.685348
0.372794
0.062247
0.372981
0.374571
0.686488
0.687434
0.067115
0.370286
0.682519
0.998025
0.056263
0.058402
0.671027
0.064040
0.077120
0.401617
0.058565
0.441612
0.130772
0.102634
0.076737
0.072696
0.378361
0.072233
0.071355
0.071731
0.998025
0.070974
0.691706
0.095164
0.399032
0.087929
0.691494
0.377328
0.370260
0.368412
0.051172
0.063241
0.291795
0.013959
0.999483
0.088856
0.417784
0.390856
0.691391
0.687286
0.076280
0.379936
0.394056
0.080271
0.079509
0.999483
0.071536
0.999483
0.064260
0.067561
0.689412
0.377940
0.999483
0.379429
0.120944
0.372002
0.044291
0.368823
0.686425
0.067935
0.999483
0.074594
0.062732
0.059506
0.682593
0.046817
0.365752
0.680596
0.999483
0.680596
0.679412
0.412797
0.413184
0.680823
0.392912
0.385329
0.033868
0.032021
0.037650
0.042631
0.361815
0.046932
0.683137
0.362443
0.367981
0.056029
0.685798
0.371828
0.060027
0.687431
0.372880
0.064056
0.999483
0.689588
0.057098
0.391461
0.620136
0.072409
0.375404
0.372522
0.371840
0.054454
0.036775
0.070855
0.677904
0.062036
0.370827
0.999483
0.692861
0.071734
0.999483
0.369386
0.373988
0.060877
0.689336
0.060302
0.069502
0.374491
0.048805
0.682013
0.044901
0.050061
0.367043
0.049760
0.683259
0.366500
0.049970
0.050891
0.683631
0.368223
0.368734
0.053808
0.684530
0.684222
0.369869
0.055702
0.371315
0.686010
0.370537
0.369825
0.369170
0.368763
0.052236
0.050946
0.049079
0.999483
0.364854
0.046633
0.047132
0.050211
0.685539
0.054929
0.060511
0.376633
0.375699
0.058940
0.373058
0.054103
0.999483
0.684878
0.372027
0.376611
0.089644
0.138655
0.093354
0.383973
0.389476
0.384736
0.687430
0.061211
0.684494
0.999483
0.368641
0.684358
0.371592
0.371514
0.055438
0.052778
0.370927
0.685315
0.063915
0.071059
0.093256
0.726991
0.250592
0.112931
0.065460
0.380372
0.999483
0.379587
0.063225
0.372922
0.683235
0.999483
0.683235
0.039798
0.999483
0.366251
0.120359
0.416302
0.143766
0.999483
0.381403
0.381851
0.068803
0.378520
0.076007
0.408024
0.407445
0.402515
0.089514
0.376569
0.037259
0.371335
0.683083
0.370233
0.049685
0.363021
0.051154
0.684997
0.370120
0.056476
0.057631
0.999483
0.062321
0.686557
0.375351
0.378093
0.070719
0.377500
0.693227
0.063279
0.396282
0.068093
0.383596
0.070429
0.687391
0.377100
0.066325
0.999483
0.685839
0.683493
0.681531
0.060933
0.686523
0.058037
0.365826
0.998025
0.365218
0.364807
0.061806
0.685913
0.064462
0.066374
0.687434
0.379384
0.070095
0.369541
0.366450
0.035715
0.059621
0.357176
0.423149
0.998025
0.376466
0.366871
0.439480
0.105913
0.399189
0.691198
0.080373
0.385923
0.082199
0.998025
0.381162
0.998025
0.070697
0.998025
0.386898
0.694870
0.398628
0.998025
0.696336
0.379100
0.368334
0.367075
0.368495
0.672033
0.288878
0.100489
0.408082
0.429711
0.695409
0.999483
0.082472
0.691391
0.070745
0.385364
0.056462
0.999483
0.387176
0.383558
0.376041
0.687734
0.063053
0.689979
0.381536
0.068992
0.068391
0.379456
0.063403
0.687055
0.371326
0.056281
0.685009
0.058870
0.065199
0.999483
0.045973
0.682593
0.999483
0.056567
0.678274
0.675053
0.359387
0.046944
0.018044
0.106834
0.403555
0.703686
0.085518
0.686949
0.035174
0.679669
0.681569
0.999483
0.046930
0.683137
0.679769
0.999483
0.679769
0.684803
0.686045
0.685798
0.062463
0.371708
0.999483
0.685562
0.064928
0.383358
0.422126
0.297615
0.999483
0.321373
0.386664
0.372598
0.999483
0.367701
0.048487
0.096274
0.327475
0.349943
0.379888
0.390771
0.108114
0.446718
0.062865
0.375977
0.380400
0.072097
0.693455
0.382289
0.060620
0.748450
0.060792
0.684980
0.365061
0.365464
0.048620
0.047836
0.047718
0.048100
0.365450
0.050484
0.683618
0.052945
0.684329
0.054373
0.684817
0.055096
0.371679
0.060010
0.374471
0.999483
0.373157
0.372015
0.372292
0.055465
0.684914
0.368644
0.050509
0.365882
0.365491
0.048938
0.368619
0.371016
0.999483
0.373835
0.376405
0.688345
0.688097
0.065918
0.375480
0.059174
0.059264
0.372117
0.374825
0.057705
0.021286
0.999483
0.053274
0.409979
0.396412
0.693998
0.377081
0.685995
0.059019
0.369508
0.369325
0.370764
0.685786
0.371614
0.054387
0.684509
0.999483
0.369154
0.370251
0.371586
0.690515
0.351776
0.188633
0.999483
0.423295
0.999483
0.380372
0.379936
0.381053
0.067477
0.055906
0.051635
0.043288
0.682822
0.043433
0.363299
0.099604
0.999523
0.146567
0.393746
0.462942
0.017783
0.673941
0.383474
0.385077
0.084598
0.055125
0.999483
0.692760
0.345701
0.309345
0.062971
0.686869
0.057922
0.999483
0.362242
0.362732
0.366827
0.057746
0.371936
0.686567
0.686139
0.374128
0.376814
0.379372
0.067136
0.358406
0.385934
0.038960
0.999483
0.063819
0.379852
0.381796
0.072903
0.689448
0.073010
0.378451
0.686972
0.372631
0.368334
0.369002
0.375108
0.373360
0.374105
0.046243
0.679675
0.041736
0.353710
0.373982
0.076387
0.063612
0.688782
0.688600
0.070035
0.078225
0.070345
0.349397
0.998025
0.037717
0.433010
0.403248
0.053493
0.998025
0.097267
0.703836
0.400222
0.691198
0.688743
0.382058
0.074939
0.384810
0.691342
0.071095
0.377487
0.061504
0.689787
0.380761
0.093559
0.698954
0.397219
0.079347
0.687066
0.370117
0.680685
0.369301
0.999483
0.345318
0.005478
0.130552
0.078820
0.101127
0.092244
0.396210
0.691099
0.032792
0.360996
0.671680
0.028537
0.362284
0.031017
0.378456
0.687342
0.068456
0.999483
0.689979
0.691470
0.689478
0.689153
0.066716
0.999483
0.372721
0.999483
0.374207
0.054434
0.999483
0.369768
0.680811
0.044202
0.365868
0.674427
0.690182
0.035160
0.359883
0.366571
0.999483
0.393749
0.062713
0.695583
0.035842
0.685676
0.042063
0.360160
0.679669
0.048264
0.052054
0.048670
0.100328
0.679769
0.040392
0.686045
0.372394
0.061677
0.685628
0.999483
0.371708
0.056726
0.999483
0.381709
0.434042
0.158369
0.079701
0.099319
0.700731
0.064428
0.050855
0.682034
0.045047
0.013570
0.345984
0.114273
0.323510
0.692066
0.100651
0.383962
0.379955
0.692024
0.076660
0.099900
0.999483
0.088282
0.126609
0.406073
0.382316
0.680105
0.050813
0.365303
0.364924
0.364453
0.364395
0.364673
0.365353
0.366254
0.367260
0.053003
0.684377
0.369514
0.370144
0.371202
0.061514
0.377680
0.687901
0.063395
0.999483
0.374006
0.684452
0.059304
0.686150
0.370130
0.052252
0.683470
0.050005
0.052247
0.369438
0.999483
0.371016
0.686523
0.376643
0.066137
0.064826
0.371335
0.355913
0.296817
0.375532
0.065349
0.067552
0.376593
0.097602
0.054219
0.693715
0.044168
0.068031
0.695305
0.388196
0.068562
0.374489
0.057336
0.057823
0.058860
0.058421
0.056152
0.053575
0.052687
0.053076
0.999483
0.684128
0.367095
0.060770
0.358783
0.054798
0.116633
0.070424
0.068817
0.066601
0.999483
0.376745
0.066031
0.372160
0.685741
0.054769
0.684720
0.060556
0.388680
0.693592
0.110278
0.397970
0.417493
0.409296
0.109852
0.689010
0.999523
0.081551
0.693860
0.083875
0.692760
0.066171
0.028631
0.077175
0.094698
0.388025
0.373892
0.052240
0.040541
0.358523
0.370878
0.056892
0.371671
0.372759
0.686567
0.374712
0.378658
0.077261
0.691620
0.067327
0.999483
0.313729
0.074380
0.999483
0.692596
0.379823
0.380870
0.381766
0.076196
0.689962
0.381224
0.071487
0.683777
0.381021
0.067031
0.069338
0.375064
0.057658
0.047247
0.998025
0.054884
0.698609
0.059041
0.998025
0.374916
0.377219
0.686382
0.364388
0.074507
0.295791
0.665491
0.002569
0.998025
0.689386
0.406249
0.405070
0.410513
0.105528
0.998025
0.090941
0.688885
0.998025
0.688885
0.381170
0.379889
0.998025
0.057051
0.368075
0.362445
0.362115
0.382824
0.100008
0.698271
0.079634
0.998025
0.369221
0.038918
0.677746
0.037048
0.384748
0.385264
0.381275
0.376355
0.999483
0.364296
0.708779
0.051294
0.088254
0.103071
0.067722
0.670670
0.999483
0.404873
0.018235
0.377959
0.999483
0.380032
0.385759
0.383622
0.068905
0.689716
0.689612
0.376483
0.065318
0.685149
0.376323
0.057403
0.368675
0.048447
0.041902
0.339367
0.300800
0.377623
0.378390
0.066134
0.999483
0.048560
0.684629
0.054557
0.126957
0.331145
0.432435
0.052918
0.691109
0.039464
0.367003
0.055493
0.681094
0.747681
0.621061
0.402229
0.306990
0.059553
0.686646
0.375125
0.062714
0.685628
0.367867
0.350155
0.026339
0.434042
0.999483
0.720709
0.429248
0.700731
0.999483
0.069342
0.682034
0.999483
0.043856
0.035288
0.431055
0.999483
0.432215
0.332429
0.380119
0.067034
0.999483
0.690292
0.383504
0.081203
0.693455
0.383595
0.145601
0.408998
0.999483
0.696818
0.045860
0.365179
0.364819
0.046929
0.682024
0.047881
0.999483
0.366249
0.051726
0.683927
0.368828
0.369457
0.370210
0.059519
0.687733
0.068259
0.378181
0.999483
0.065057
0.371126
0.999483
0.684452
0.057847
0.999483
0.052638
0.678961
0.051908
0.999483
0.054176
0.054765
0.058976
0.062952
0.376283
0.063261
0.999483
0.370770
0.364324
0.667627
0.609151
0.060954
0.378637
0.071941
0.073735
0.693375
0.087117
0.044927
0.688108
0.693681
0.081244
0.383813
0.688298
0.062345
0.060395
0.999483
0.372067
0.370903
0.053743
0.367860
0.999483
0.368049
0.051225
0.365690
0.365174
0.366895
0.373477
0.698272
0.692155
0.378618
0.062959
0.063058
0.999483
0.056522
0.685741
0.685445
0.056738
0.999483
0.060126
0.381752
0.999523
0.693592
0.696052
0.702254
0.419079
0.095892
0.673981
0.066690
0.381631
0.086341
0.400326
0.086231
0.382927
0.393358
0.700040
0.700045
0.376759
0.373718
0.690364
0.680942
0.365585
0.368475
0.053099
0.369025
0.370636
0.686328
0.373582
0.378818
0.083266
0.107017
0.438465
0.072974
0.073335
0.087418
0.380425
0.376614
0.377587
0.068040
0.069862
0.075852
0.692263
0.077338
0.081300
0.390053
0.074484
0.998350
0.690255
0.067503
0.688602
0.362781
0.374577
0.103126
0.122506
0.365575
0.060465
0.054034
0.686382
0.369938
0.677987
0.058037
0.378807
0.001897
0.998025
0.391723
0.391244
0.115136
0.091532
0.998025
0.406021
0.400154
0.393452
0.087243
0.383685
0.385274
0.084816
0.080483
0.686690
0.373538
0.050924
0.348830
0.039708
0.397149
0.392523
0.696326
0.080059
0.369221
0.998025
0.680181
0.357774
0.686226
0.692263
0.999483
0.071203
0.999483
0.075552
0.092594
0.374674
0.011283
0.688053
0.999483
0.070470
0.382638
0.030773
0.629618
0.070743
0.078616
0.389191
0.394440
0.092607
0.078608
0.379177
0.066968
0.688911
0.063560
0.382875
0.376323
0.686791
0.059006
0.685784
0.370897
0.371207
0.300648
0.386370
0.061037
0.748104
0.324387
0.272206
0.376191
0.041724
0.999483
0.064035
0.705625
0.060505
0.681622
0.046267
0.358966
0.058912
0.372067
0.373050
0.057770
0.155715
0.705090
0.111252
0.373376
0.375152
0.066234
0.688626
0.376063
0.063747
0.025666
0.093336
0.023879
0.425914
0.126506
0.110444
0.421317
0.385462
0.688193
0.367367
0.047287
0.358558
0.369404
0.069309
0.127506
0.693414
0.682666
0.405975
0.372178
0.047719
0.067178
0.084861
0.334690
0.290688
0.330943
0.111237
0.701612
0.384631
0.680105
0.687295
0.365289
0.364934
0.047132
0.682054
0.364779
0.048458
0.050172
0.367813
0.683747
0.053585
0.684262
0.369609
0.058701
0.375417
0.379640
0.071725
0.059320
0.060466
0.054017
0.046594
0.056756
0.684236
0.054721
0.038612
0.684239
0.060309
0.369936
0.999483
0.369810
0.370619
0.063915
0.066978
0.374125
0.372730
0.386299
0.372973
0.291006
0.374905
0.376199
0.371513
0.687885
0.069916
0.687429
0.068071
0.999483
0.068870
0.106495
0.999483
0.397856
0.379006
0.379459
0.687365
0.060085
0.372327
0.056303
0.369488
0.684526
0.052435
0.050085
0.999483
0.682751
0.051585
0.999483
0.372232
0.070863
0.068126
0.375700
0.370437
0.053881
0.052733
0.367433
0.057278
0.371178
0.684970
0.055178
0.057990
0.999523
0.071340
0.076917
0.082531
0.072505
0.105895
0.388137
0.080289
0.999523
0.376975
0.387115
0.698637
0.397570
0.383632
0.388827
0.404805
0.381122
0.055200
0.029293
0.088590
0.020874
0.365824
0.364466
0.046824
0.364724
0.683539
0.366632
0.369233
0.098081
0.416857
0.999483
0.719461
0.747434
0.691989
0.687629
0.059681
0.373746
0.061999
0.376795
0.999483
0.380384
0.075354
0.998526
0.691062
0.080953
0.082645
0.690580
0.376399
0.687989
0.067996
0.070322
0.086305
0.998025
0.703990
0.376365
0.059226
0.998025
0.365597
0.028818
0.019102
0.371983
0.377665
0.438258
0.327446
0.165410
0.067215
0.076756
0.083794
0.090038
0.392396
0.104474
0.415015
0.388067
0.388013
0.998025
0.694715
0.078679
0.373538
0.998025
0.685817
0.061903
0.371768
0.117904
0.433591
0.380373
0.091148
0.689959
0.064170
0.027290
0.020688
0.380548
0.379379
0.381345
0.690633
0.373966
0.384794
0.999483
0.074652
0.069094
0.686191
0.082883
0.676532
0.999483
0.091666
0.377985
0.295691
0.700021
0.392064
0.999483
0.700151
0.698806
0.067043
0.066493
0.688363
0.377226
0.064644
0.376458
0.999483
0.060078
0.999483
0.685784
0.685967
0.065214
0.382263
0.058043
0.016282
0.592483
0.052005
0.328404
0.688496
0.334079
0.078207
0.999483
0.039129
0.368875
0.359127
0.062141
0.687928
0.688430
0.999483
0.389895
0.024713
0.999483
0.705090
0.379695
0.068065
0.688393
0.068327
0.388373
0.999483
0.061304
0.999483
0.363211
0.094163
0.386252
0.119662
0.033623
0.084618
0.168869
0.047903
0.365137
0.364022
0.357073
0.068494
0.400344
0.702684
0.112325
0.400415
0.445360
0.381302
0.421548
0.100184
0.334403
0.999483
0.299142
0.390461
0.091474
0.065107
0.054284
0.048958
0.365600
0.365187
0.364811
0.364627
0.682054
0.682238
0.049776
0.999483
0.367374
0.052799
0.368942
0.999483
0.368735
0.055519
0.683022
0.369501
0.057853
0.050070
0.999483
0.061526
0.685903
0.370317
0.044642
0.368799
0.999483
0.070149
0.686840
0.384695
0.372618
0.060948
0.999483
0.381657
0.385573
0.088163
0.688562
0.999483
0.074309
0.374540
0.059962
0.999483
0.682120
0.059836
0.373375
0.372916
0.399826
0.403922
0.713916
0.420371
0.419223
0.387773
0.383731
0.064178
0.060625
0.686046
0.057477
0.370561
0.999483
0.369692
0.052209
0.051708
0.050967
0.682989
0.368659
0.684460
0.062664
0.999483
0.370700
0.047954
0.682478
0.999483
0.052744
0.371976
0.371984
0.685720
0.369730
0.371062
0.687722
0.066917
0.999523
0.689796
0.368324
0.364716
0.699868
0.698289
0.080021
0.999483
0.687043
0.101101
0.402699
0.392179
0.690907
0.388141
0.073307
0.373124
0.315764
0.451925
0.694489
0.039381
0.365910
0.042599
0.361836
0.681371
0.363329
0.056371
0.678924
0.061965
0.058047
0.747434
0.297521
0.374198
0.373116
0.685494
0.058962
0.999483
0.375638
0.377088
0.068477
0.379409
0.691238
0.076262
0.689867
0.381573
0.068068
0.064097
0.062864
0.998025
0.687556
0.388096
0.117525
0.434255
0.371534
0.057982
0.682373
0.034070
0.998025
0.326523
0.025850
0.069632
0.625109
0.402238
0.320922
0.370289
0.998025
0.388995
0.083445
0.080819
0.100006
0.701671
0.417850
0.442531
0.083407
0.696430
0.389966
0.066217
0.391979
0.395996
0.707406
0.422771
0.688077
0.090917
0.698972
0.408591
0.087592
0.998025
0.686951
0.675086
0.061930
0.074988
0.369760
0.385316
0.120463
0.010552
0.083824
0.404423
0.060118
0.048131
0.082806
0.435902
0.108878
0.124692
0.090708
0.397193
0.402155
0.403177
0.700151
0.401962
0.075779
0.999483
0.067254
0.381095
0.691518
0.067585
0.374124
0.373777
0.999483
0.372769
0.373108
0.374560
0.375879
0.374137
0.684207
0.053808
0.663572
0.057358
0.306607
0.651370
0.283254
0.099196
0.410491
0.184891
0.316789
0.370786
0.999483
0.065871
0.378596
0.389895
0.999483
0.412419
0.146417
0.370018
0.086008
0.081618
0.378705
0.378791
0.378008
0.387312
0.999483
0.055012
0.999483
0.689219
0.689760
0.374854
0.077745
0.695389
0.403284
0.122008
0.365877
0.042716
0.676881
0.361534
0.083906
0.701217
0.113549
0.422269
0.682328
0.091367
0.139313
0.072043
0.999483
0.041507
0.374196
0.369205
0.402275
0.366311
0.368333
0.366442
0.048884
0.682431
0.365036
0.364743
0.047497
0.048098
0.049288
0.050836
0.999483
0.367489
0.052353
0.368604
0.051385
0.365561
0.680676
0.365380
0.365710
0.001013
0.377401
0.404532
0.999483
0.304891
0.355900
0.373777
0.066586
0.144653
0.699030
0.391984
0.389291
0.077754
0.381657
0.999483
0.319549
0.189176
0.099933
0.077432
0.296930
0.090684
0.408939
0.288955
0.058651
0.055528
0.687264
0.061013
0.422616
0.456943
0.436678
0.999483
0.415820
0.096088
0.082823
0.687496
0.061949
0.686242
0.372350
0.057329
0.055327
0.999483
0.370076
0.369864
0.370088
0.054282
0.056391
0.060297
0.374925
0.060793
0.369014
0.044798
0.046855
0.052854
0.373670
0.686496
0.687946
0.374330
0.372188
0.055157
0.058801
0.071058
0.689796
0.379006
0.688920
0.680149
0.381701
0.155731
0.436622
0.370715
0.369632
0.102568
0.703633
0.411365
0.086581
0.073680
0.364828
0.368378
0.356548
0.354201
0.155246
0.602254
0.378230
0.055771
0.036999
0.060571
0.683144
0.372554
0.076440
0.123822
0.646645
0.297027
0.062622
0.686361
0.372093
0.370961
0.057958
0.374067
0.374069
0.067579
0.066732
0.376874
0.064385
0.067858
0.998350
0.071597
0.998350
0.686367
0.065343
0.687556
0.381476
0.023691
0.744551
0.303636
0.057673
0.062551
0.060169
0.052039
0.043665
0.030219
0.055532
0.055489
0.038988
0.296090
0.422045
0.378079
0.388995
0.998025
0.694140
0.079104
0.077668
0.013309
0.100941
0.383104
0.396649
0.696233
0.081918
0.675379
0.382330
0.108408
0.998025
0.082234
0.103257
0.069848
0.700700
0.094363
0.396905
0.372090
0.366688
0.702331
0.382930
0.387617
0.017285
0.172663
0.339096
0.357898
0.395681
0.395060
0.680589
0.999483
0.130031
0.351864
0.098853
0.678907
0.076945
0.402136
0.394926
0.387722
0.079202
0.067261
0.058799
0.686561
0.061148
0.378087
0.378879
0.062439
0.373897
0.686713
0.059973
0.686624
0.374509
0.064477
0.688696
0.372468
0.368366
0.369166
0.370750
0.107864
0.702306
0.340907
0.019830
0.387239
0.999483
0.095869
0.391615
0.378408
0.689187
0.061354
0.069588
0.364984
0.700948
0.098714
0.296408
0.086920
0.999483
0.386781
0.068895
0.069854
0.689438
0.068051
0.379222
0.374036
0.064809
0.689760
0.061511
0.375540
0.376235
0.377937
0.386553
0.385116
0.052937
0.684492
0.365911
0.062023
0.397810
0.999483
0.079392
0.062971
0.999483
0.147321
0.282065
0.496557
0.725549
0.442587
0.386398
0.312768
0.351570
0.069280
0.683893
0.367439
0.049450
0.682544
0.682431
0.364823
0.364739
0.364884
0.365304
0.049627
0.051025
0.999483
0.051610
0.683189
0.048875
0.999483
0.362597
0.363171
0.000111
0.403963
0.155195
0.408979
0.327841
0.104384
0.686377
0.359136
0.137746
0.162798
0.705488
0.409786
0.356963
0.100671
0.698474
0.095216
0.176528
0.999483
0.266114
0.321457
0.385549
0.294777
0.304076
0.370041
0.049447
0.381077
0.315710
0.608702
0.351931
0.181874
0.189187
0.415820
0.999483
0.082866
0.107537
0.999483
0.061110
0.999483
0.686242
0.057186
0.999483
0.370283
0.055428
0.999483
0.370641
0.371767
0.373131
0.374421
0.374821
0.372765
0.369193
0.049232
0.369123
0.373500
0.376289
0.064051
0.688852
0.687946
0.376113
0.376194
0.685621
0.687568
0.384134
0.063346
0.680109
0.361419
0.094235
0.745804
0.101923
0.018700
0.400967
0.703633
0.999483
0.399005
0.999483
0.074033
0.367342
0.368667
0.366945
0.363772
0.347371
0.136502
0.057911
0.371183
0.377373
0.046470
0.691485
0.072451
0.053449
0.999483
0.385785
0.067054
0.373764
0.372622
0.057140
0.056622
0.058743
0.686741
0.064148
0.066949
0.998526
0.064082
0.688704
0.376203
0.378052
0.381860
0.073270
0.378583
0.077998
0.067736
0.060019
0.415427
0.302404
0.054287
0.998025
0.685980
0.686865
0.685960
0.684579
0.368971
0.056529
0.679361
0.375161
0.490430
0.620798
0.131237
0.089201
0.395404
0.098826
0.392051
0.691245
0.676451
0.690404
0.372673
0.393211
0.089661
0.387980
0.118788
0.383726
0.717185
0.083043
0.998025
0.356179
0.085594
0.092899
0.399891
0.081959
0.381651
0.373320
0.371598
0.690797
0.395099
0.097537
0.705818
0.999483
0.073389
0.710009
0.430489
0.363120
0.385837
0.705450
0.425960
0.678907
0.690051
0.999483
0.071471
0.364221
0.051620
0.070267
0.685312
0.999483
0.371841
0.686669
0.064114
0.073279
0.371693
0.056354
0.685675
0.058441
0.686795
0.374615
0.687290
0.376436
0.052774
0.355957
0.368134
0.356959
0.363882
0.167090
0.634909
0.447450
0.064022
0.075314
0.689034
0.059350
0.365630
0.361954
0.375522
0.706201
0.098645
0.373183
0.694784
0.061383
0.392621
0.382828
0.078327
0.081172
0.690062
0.689842
0.069730
0.066528
0.375176
0.686712
0.373595
0.372070
0.372187
0.686435
0.065871
0.687961
0.379671
0.377046
0.061911
0.689966
0.072864
0.695967
0.098994
0.086242
0.999483
0.086432
0.065465
0.143598
0.335238
0.436324
0.335241
0.440192
0.032679
0.344948
0.357419
0.369204
0.367951
0.049981
0.682661
0.048160
0.047574
0.682164
0.047858
0.682389
0.049125
0.682870
0.050701
0.051106
0.999483
0.047462
0.364010
0.362438
0.060169
0.347310
0.678731
0.093868
0.346156
0.685377
0.347078
0.130129
0.689089
0.386870
0.115554
0.329985
0.356963
0.999483
0.071271
0.100698
0.448519
0.617992
0.173080
0.396389
0.219765
0.621815
0.029292
0.050163
0.365274
0.059954
0.610588
0.419719
0.362253
0.307983
0.999483
0.391237
0.067541
0.045229
0.424459
0.064305
0.123654
0.683883
0.059094
0.057696
0.056511
0.685118
0.054692
0.054270
0.055268
0.684809
0.371292
0.372817
0.373767
0.374039
0.372815
0.370362
0.053232
0.371355
0.374232
0.999483
0.066279
0.999523
0.067804
0.385175
0.367658
0.070586
0.072187
0.100942
0.029459
0.077159
0.074208
0.086470
0.365609
0.054595
0.036023
0.077473
0.105296
0.703633
0.408418
0.386671
0.368377
0.683069
0.683589
0.683759
0.684018
0.364597
0.374394
0.409024
0.367453
0.381244
0.047519
0.033222
0.364918
0.111008
0.387082
0.372374
0.376841
0.061520
0.999483
0.686023
0.684980
0.059071
0.999483
0.064073
0.687190
0.377819
0.066492
0.998526
0.062427
0.061978
0.010164
0.688047
0.074963
0.374150
0.370921
0.998025
0.054930
0.368844
0.370273
0.375029
0.377223
0.375878
0.371584
0.054158
0.998025
0.058505
0.061099
0.998025
0.696277
0.416132
0.319176
0.699288
0.998025
0.102632
0.403631
0.096749
0.082425
0.059865
0.068508
0.075332
0.692585
0.679224
0.396738
0.410067
0.403502
0.121911
0.085239
0.400705
0.099994
0.998025
0.388397
0.381169
0.074376
0.075843
0.090465
0.388218
0.673109
0.689662
0.746689
0.082803
0.999483
0.054333
0.405253
0.048431
0.089102
0.420132
0.405269
0.375982
0.058100
0.378756
0.371990
0.366734
0.683694
0.999483
0.054818
0.685312
0.058466
0.375684
0.999483
0.688459
0.000949
0.048303
0.050954
0.685692
0.371167
0.373549
0.375898
0.377700
0.075245
0.362050
0.999483
0.031021
0.061363
0.047231
0.178222
0.054599
0.370335
0.685193
0.051889
0.047249
0.025816
0.342175
0.383912
0.404311
0.698350
0.698905
0.374925
0.077907
0.097227
0.385070
0.999483
0.064823
0.069389
0.380656
0.378965
0.999483
0.064603
0.373517
0.999483
0.370976
0.370544
0.059112
0.060385
0.999483
0.065812
0.999483
0.071701
0.381305
0.686904
0.366594
0.086822
0.424231
0.403587
0.675619
0.095600
0.081544
0.695064
0.360129
0.433928
0.999483
0.097569
0.353501
0.359982
0.368451
0.368189
0.050332
0.682771
0.365735
0.047927
0.682276
0.682164
0.682231
0.682389
0.682607
0.050601
0.367458
0.049957
0.364940
0.682397
0.046560
0.356805
0.356967
0.683214
0.074096
0.378499
0.687951
0.069330
0.689734
0.090183
0.999483
0.083646
0.408264
0.028756
0.384991
0.109278
0.398774
0.000570
0.345016
0.999483
0.378727
0.999483
0.185255
0.674499
0.607051
0.365055
0.109796
0.059241
0.370721
0.179996
0.084882
0.091796
0.999483
0.017193
0.999483
0.339641
0.421914
0.412730
0.748786
0.369688
0.369959
0.053838
0.053324
0.683041
0.051545
0.368394
0.369926
0.999483
0.371353
0.059108
0.686057
0.373093
0.056901
0.370828
0.685608
0.371810
0.063648
0.999483
0.069386
0.696029
0.363989
0.999523
0.678822
0.440859
0.013231
0.999483
0.630856
0.698701
0.683847
0.073840
0.361230
0.051631
0.999483
0.403102
0.399281
0.378159
0.046694
0.999483
0.048774
0.053179
0.684018
0.053113
0.380367
0.115875
0.678509
0.694207
0.682326
0.680085
0.687201
0.999483
0.093689
0.384826
0.061074
0.063013
0.064079
0.373290
0.060784
0.369353
0.055095
0.060480
0.060556
0.684850
0.062290
0.065924
0.374418
0.998526
0.684064
0.672847
0.000218
0.998025
0.685605
0.373951
0.371174
0.686837
0.373087
0.375689
0.380184
0.075969
0.376600
0.369375
0.048775
0.369074
0.058113
0.059077
0.066242
0.432267
0.679545
0.062188
0.398172
0.699288
0.699794
0.400533
0.088064
0.695833
0.072115
0.694162
0.387507
0.698647
0.084783
0.400933
0.712641
0.115908
0.698186
0.396680
0.098429
0.094510
0.406067
0.056913
0.377892
0.998025
0.079792
0.386510
0.070082
0.007805
0.096267
0.003986
0.073938
0.006956
0.032050
0.064824
0.190362
0.015950
0.112214
0.085426
0.052381
0.056198
0.058058
0.054259
0.060366
0.057766
0.057913
0.115290
0.071793
0.686345
0.372279
0.116195
0.315318
0.724070
0.616266
0.362288
0.050361
0.067950
0.061288
0.071424
0.077287
0.068454
0.389583
0.003922
0.735610
0.671424
0.370187
0.999483
0.054314
0.052831
0.368574
0.052173
0.682228
0.999483
0.015798
0.093330
0.060380
0.411906
0.701092
0.406311
0.374152
0.132637
0.690700
0.691925
0.690700
0.065585
0.381184
0.379096
0.376269
0.374138
0.372010
0.370976
0.685186
0.999483
0.057776
0.685583
0.060125
0.373075
0.066848
0.075597
0.686904
0.999483
0.378813
0.105174
0.337350
0.013813
0.999483
0.675619
0.078926
0.683248
0.695064
0.068416
0.434645
0.290332
0.354709
0.361905
0.366951
0.367517
0.050520
0.366024
0.999483
0.682557
0.682362
0.365024
0.365166
0.365482
0.049212
0.050391
0.683474
0.682951
0.683396
0.365379
0.048846
0.361340
0.364800
0.373237
0.377782
0.374701
0.685669
0.377996
0.393793
0.083181
0.095542
0.392831
0.097582
0.408184
0.405398
0.999483
0.092039
0.371182
0.437360
0.368683
0.130319
0.130403
0.087973
0.037353
0.092411
0.062253
0.103342
0.385235
0.999483
0.682385
0.073123
0.999483
0.392515
0.689664
0.324720
0.060328
0.092361
0.999483
0.091784
0.356858
0.371067
0.683962
0.683775
0.683586
0.048763
0.366606
0.999483
0.054006
0.053976
0.370295
0.684595
0.373093
0.059288
0.372148
0.999483
0.685608
0.064198
0.688898
0.074586
0.375768
0.999523
0.363949
0.330170
0.691574
0.121536
0.004130
0.404135
0.387993
0.012406
0.999483
0.664003
0.681816
0.071391
0.067316
0.049452
0.677799
0.364853
0.046971
0.999483
0.052239
0.685863
0.380069
0.687082
0.694220
0.057226
0.678509
0.036700
0.114814
0.363349
0.067140
0.348885
0.069307
0.376417
0.372166
0.380290
0.375819
0.689400
0.072676
0.073280
0.999483
0.373808
0.998526
0.368773
0.056480
0.373365
0.684241
0.359280
0.016712
0.123808
0.058805
0.372539
0.374614
0.375791
0.376025
0.066402
0.383810
0.386051
0.998025
0.070576
0.049992
0.042706
0.366924
0.686512
0.686469
0.686473
0.690125
0.052115
0.397076
0.103897
0.699794
0.110841
0.059173
0.393350
0.998025
0.058340
0.374327
0.998025
0.692947
0.384339
0.398442
0.412404
0.397436
0.091882
0.395501
0.392718
0.109068
0.679240
0.998025
0.679240
0.377892
0.684354
0.692121
0.374353
0.370330
0.697293
0.999483
0.072418
0.352891
0.360387
0.420153
0.455954
0.384148
0.682148
0.351690
0.362985
0.381872
0.366019
0.369023
0.744805
0.075963
0.490217
0.406297
0.356227
0.055393
0.051350
0.285199
0.207351
0.999483
0.404830
0.360549
0.373562
0.117551
0.322824
0.999483
0.687853
0.696047
0.328644
0.028430
0.685739
0.071789
0.701386
0.338266
0.045667
0.683762
0.999483
0.052163
0.052293
0.052618
0.050516
0.625658
0.732273
0.125672
0.999483
0.075761
0.686401
0.103963
0.093752
0.690700
0.383048
0.378891
0.070453
0.690064
0.067513
0.374498
0.061655
0.058389
0.059879
0.060944
0.685583
0.372220
0.999483
0.685515
0.686051
0.688997
0.383936
0.069293
0.691282
0.117611
0.291651
0.418146
0.357078
0.698602
0.373759
0.373557
0.037524
0.332781
0.029671
0.366877
0.417571
0.060801
0.365915
0.366991
0.050532
0.683228
0.049684
0.049183
0.048844
0.048668
0.048709
0.048933
0.366003
0.050424
0.051808
0.049550
0.362065
0.683469
0.053622
0.368441
0.366080
0.367075
0.369994
0.684049
0.369660
0.374082
0.085786
0.693855
0.701095
0.392075
0.084395
0.397225
0.094364
0.703390
0.079854
0.603988
0.397947
0.430103
0.388291
0.401274
0.109618
0.693878
0.400874
0.112353
0.103939
0.384066
0.390537
0.059367
0.382713
0.080357
0.064433
0.344985
0.028547
0.347486
0.122158
0.408024
0.375608
0.377234
0.358170
0.054989
0.051455
0.049139
0.046732
0.365071
0.683918
0.047881
0.365419
0.999483
0.367892
0.370416
0.060189
0.999483
0.372148
0.372637
0.374332
0.376329
0.074100
0.695109
0.380606
0.060285
0.168926
0.044129
0.376850
0.351313
0.085413
0.094372
0.044047
0.073236
0.035997
0.691466
0.684675
0.683167
0.360498
0.364289
0.364513
0.045432
0.362449
0.364974
0.061156
0.062327
0.999483
0.400206
0.086144
0.625181
0.353555
0.401010
0.370811
0.367296
0.392145
0.670157
0.688834
0.076666
0.697740
0.084516
0.092642
0.397594
0.110663
0.688441
0.083302
0.058898
0.683952
0.051798
0.362758
0.684960
0.373118
0.049798
0.998350
0.687661
0.059245
0.064431
0.687504
0.376490
0.046674
0.689842
0.372586
0.077003
0.998025
0.689420
0.042093
0.365648
0.683535
0.064432
0.070425
0.998025
0.076214
0.089483
0.998025
0.402978
0.069114
0.998025
0.066501
0.695833
0.399120
0.087355
0.692947
0.087730
0.383007
0.106367
0.396452
0.393370
0.998025
0.395003
0.696886
0.404887
0.051096
0.679240
0.317577
0.067697
0.692395
0.382695
0.696886
0.681737
0.065712
0.078297
0.369414
0.681433
0.033983
0.395692
0.391341
0.384491
0.062790
0.075409
0.999483
0.685426
0.403564
0.174697
0.407834
0.131877
0.408944
0.686106
0.706118
0.667883
0.683787
0.106895
0.999483
0.144942
0.359759
0.053119
0.999483
0.328124
0.735935
0.322824
0.379163
0.061589
0.006266
0.033754
0.694682
0.000030
0.651612
0.384124
0.055119
0.683985
0.052088
0.367207
0.683611
0.684517
0.369434
0.054164
0.324529
0.999483
0.399963
0.060625
0.684362
0.075513
0.690672
0.698622
0.379410
0.067038
0.068830
0.069863
0.380305
0.068453
0.687624
0.688175
0.688782
0.999483
0.061946
0.999483
0.372220
0.046742
0.041301
0.067456
0.074782
0.380490
0.068683
0.374137
0.141898
0.324357
0.092100
0.680942
0.053681
0.684392
0.372722
0.372108
0.399501
0.142829
0.377199
0.999483
0.062978
0.366709
0.050917
0.999483
0.367449
0.367408
0.367302
0.367156
0.366978
0.366838
0.050195
0.002162
0.425107
0.392140
0.364597
0.689334
0.372098
0.053529
0.376957
0.373375
0.369995
0.999483
0.056613
0.999483
0.070820
0.999483
0.087748
0.380567
0.074360
0.391990
0.701480
0.398374
0.332893
0.102970
0.394743
0.396101
0.697603
0.999483
0.085959
0.394543
0.999483
0.703083
0.032331
0.999483
0.395032
0.691032
0.689126
0.999483
0.084401
0.063110
0.109131
0.715767
0.107734
0.698693
0.697147
0.688963
0.354292
0.034789
0.999483
0.365504
0.046304
0.363236
0.046355
0.680666
0.046077
0.052038
0.685453
0.370693
0.059894
0.686023
0.372668
0.372567
0.062064
0.064985
0.067541
0.075230
0.099041
0.398327
0.105635
0.371083
0.416587
0.692735
0.016484
0.380951
0.098356
0.456623
0.058921
0.042223
0.062375
0.365552
0.050168
0.051014
0.048153
0.999483
0.047649
0.368825
0.064308
0.999483
0.375845
0.364464
0.001848
0.663384
0.296667
0.999483
0.372999
0.355852
0.357223
0.083125
0.091005
0.401247
0.999483
0.411224
0.701591
0.705779
0.112357
0.108171
0.388345
0.694172
0.062025
0.042486
0.684231
0.359830
0.358858
0.367117
0.372684
0.372201
0.689935
0.376007
0.378467
0.378077
0.056062
0.171849
0.065381
0.034491
0.689420
0.070519
0.053516
0.367275
0.372506
0.082819
0.384126
0.690125
0.385217
0.089471
0.399703
0.408938
0.700570
0.034969
0.366597
0.076105
0.704424
0.097782
0.313370
0.370890
0.005356
0.117787
0.431169
0.395727
0.101243
0.696886
0.074206
0.708886
0.116976
0.303836
0.023381
0.105949
0.361657
0.058380
0.056244
0.076637
0.386309
0.372534
0.681433
0.999483
0.048817
0.105572
0.999483
0.080182
0.114299
0.389164
0.074863
0.701399
0.394331
0.409471
0.384551
0.387489
0.688306
0.702309
0.354506
0.362937
0.047401
0.363255
0.102610
0.042085
0.679039
0.038565
0.047006
0.147141
0.711104
0.419051
0.076384
0.999483
0.383885
0.071569
0.681788
0.070593
0.130944
0.431315
0.371556
0.053697
0.683574
0.048278
0.365693
0.050209
0.367999
0.683813
0.370911
0.070248
0.057708
0.054208
0.999483
0.056078
0.075576
0.378350
0.687914
0.065586
0.999483
0.379230
0.380543
0.689765
0.378820
0.687624
0.071583
0.380615
0.067334
0.058360
0.372291
0.367494
0.350261
0.031549
0.685680
0.687904
0.069708
0.686761
0.371465
0.098024
0.385183
0.054205
0.692566
0.381047
0.373923
0.043469
0.693684
0.679170
0.377412
0.303621
0.363927
0.366063
0.367358
0.051773
0.368477
0.368784
0.369002
0.054403
0.052493
0.999483
0.002737
0.999483
0.085884
0.696772
0.098752
0.379742
0.690142
0.374446
0.055725
0.373332
0.369683
0.369320
0.369715
0.059616
0.065641
0.384248
0.380711
0.380011
0.074269
0.397055
0.999483
0.114612
0.156876
0.409867
0.630881
0.707494
0.078938
0.063283
0.378190
0.092596
0.703083
0.415090
0.099149
0.700812
0.110251
0.140005
0.078986
0.062470
0.389478
0.395736
0.043791
0.714971
0.432463
0.696659
0.388173
0.046766
0.363528
0.043789
0.050684
0.679414
0.046286
0.365186
0.363256
0.365009
0.367212
0.999483
0.059219
0.999483
0.374750
0.062268
0.061042
0.063723
0.063433
0.999483
0.378321
0.074383
0.687496
0.385356
0.395239
0.140686
0.413600
0.999483
0.099124
0.452073
0.705877
0.390969
0.085343
0.295538
0.383992
0.066044
0.684087
0.684517
0.052536
0.682512
0.683884
0.371750
0.378969
0.387097
0.372863
0.063979
0.029037
0.611934
0.041802
0.363291
0.047568
0.364719
0.053906
0.681611
0.370213
0.103686
0.411224
0.999483
0.070415
0.389546
0.999483
0.391953
0.999483
0.390475
0.999483
0.059432
0.361817
0.054245
0.054902
0.059598
0.059130
0.059373
0.998350
0.077941
0.081491
0.394217
0.685069
0.392366
0.697715
0.068942
0.068735
0.998025
0.385802
0.089243
0.075698
0.998025
0.394710
0.691223
0.383526
0.389439
0.396729
0.397034
0.364591
0.026374
0.368235
0.402244
0.685961
0.080603
0.396935
0.689731
0.998025
0.689731
0.108231
0.695934
0.395821
0.087726
0.062925
0.358255
0.358434
0.998025
0.337640
0.633753
0.115462
0.997751
0.374125
0.375233
0.999483
0.068926
0.063007
0.065563
0.409904
0.682898
0.698693
0.067171
0.379623
0.687651
0.701500
0.394331
0.999483
0.127876
0.999483
0.378756
0.999483
0.374929
0.358794
0.365391
0.682174
0.363373
0.363408
0.047085
0.359926
0.999483
0.679410
0.003513
0.999483
0.406825
0.359081
0.373016
0.383673
0.065557
0.680723
0.710353
0.999483
0.007598
0.058502
0.684505
0.047975
0.362592
0.364201
0.683253
0.683813
0.999483
0.368845
0.368289
0.050000
0.047570
0.048333
0.046935
0.685076
0.056864
0.375651
0.377627
0.378707
0.379883
0.070998
0.380690
0.379159
0.379723
0.383988
0.384518
0.688691
0.689680
0.378621
0.379814
0.684529
0.045588
0.999483
0.375824
0.072188
0.691095
0.382287
0.105981
0.630195
0.062632
0.683409
0.372087
0.316379
0.180186
0.703139
0.136273
0.309298
0.742794
0.304319
0.366768
0.682917
0.683639
0.054886
0.685374
0.370640
0.684736
0.370860
0.053708
0.114613
0.016017
0.386811
0.692448
0.070425
0.687576
0.380693
0.377630
0.058264
0.370813
0.370012
0.999483
0.058982
0.687951
0.067572
0.689939
0.379500
0.066681
0.392338
0.677494
0.109232
0.387773
0.695889
0.362428
0.701856
0.330410
0.380329
0.369834
0.381442
0.066322
0.703260
0.107214
0.035668
0.095911
0.696737
0.999483
0.382503
0.380868
0.367914
0.401057
0.380180
0.305215
0.412977
0.095801
0.042420
0.056507
0.999483
0.057715
0.360319
0.999483
0.045910
0.366280
0.367659
0.367759
0.370522
0.059797
0.377256
0.064198
0.999483
0.687709
0.687678
0.046139
0.999483
0.005366
0.439369
0.066794
0.999483
0.073989
0.691287
0.098093
0.334541
0.383763
0.419074
0.151977
0.999483
0.078055
0.363801
0.320694
0.307946
0.384859
0.065894
0.062753
0.062944
0.059054
0.368792
0.057749
0.065625
0.048115
0.683738
0.681322
0.058716
0.351631
0.999483
0.051040
0.999483
0.683021
0.046197
0.999483
0.681611
0.381561
0.387077
0.135688
0.100383
0.032111
0.082589
0.709867
0.105171
0.097800
0.310662
0.120809
0.053729
0.998350
0.685697
0.686395
0.689080
0.376972
0.384282
0.091180
0.998025
0.067674
0.377193
0.109223
0.415224
0.634959
0.029257
0.371203
0.433470
0.082866
0.163565
0.104333
0.382749
0.383526
0.686375
0.369133
0.024859
0.681426
0.339544
0.389570
0.099201
0.998025
0.402244
0.105138
0.054834
0.687394
0.430474
0.083444
0.112268
0.081811
0.073099
0.062493
0.097685
0.060807
0.381491
0.350815
0.678558
0.071012
0.014355
0.104933
0.375426
0.687383
0.064099
0.077473
0.088616
0.999483
0.696442
0.127886
0.682898
0.717465
0.071632
0.056184
0.057205
0.071365
0.064934
0.055932
0.379872
0.369580
0.379417
0.366769
0.367347
0.365305
0.364048
0.363849
0.365072
0.366257
0.051099
0.363244
0.360002
0.364558
0.075615
0.365687
0.057175
0.690686
0.691890
0.037259
0.681788
0.331554
0.330169
0.044013
0.370774
0.684331
0.045900
0.361874
0.364315
0.366678
0.683253
0.054279
0.053783
0.367131
0.683039
0.367249
0.362308
0.042731
0.682919
0.053568
0.374448
0.376851
0.378402
0.379506
0.999483
0.070919
0.068986
0.068359
0.071495
0.072483
0.068447
0.999483
0.689680
0.689413
0.051351
0.999483
0.371064
0.072805
0.078043
0.999483
0.691095
0.325720
0.742276
0.314122
0.999483
0.683409
0.400067
0.213667
0.212030
0.031512
0.999483
0.401916
0.999483
0.381070
0.368007
0.054131
0.372068
0.685558
0.999483
0.371147
0.372294
0.056411
0.327811
0.689521
0.999483
0.376335
0.066364
0.999483
0.375278
0.374312
0.055224
0.999483
0.053676
0.056499
0.374811
0.688118
0.377998
0.379491
0.376541
0.061495
0.699815
0.391455
0.700517
0.071168
0.423661
0.708045
0.028640
0.120164
0.100294
0.091543
0.068306
0.369112
0.361943
0.999483
0.041658
0.440626
0.424421
0.137802
0.054129
0.683592
0.999483
0.049181
0.059853
0.379014
0.999483
0.131203
0.367878
0.068676
0.062877
0.368860
0.339140
0.033982
0.355458
0.366724
0.685534
0.057373
0.376752
0.690473
0.067265
0.999483
0.377158
0.061795
0.065227
0.377269
0.099506
0.339636
0.335798
0.174668
0.687496
0.047239
0.687870
0.382102
0.055957
0.693733
0.121102
0.404813
0.396501
0.065462
0.376915
0.676074
0.672040
0.693108
0.690999
0.689390
0.380701
0.688961
0.054950
0.364849
0.376389
0.043034
0.036659
0.053488
0.088761
0.385061
0.386958
0.370120
0.372009
0.365125
0.682808
0.365450
0.349057
0.300133
0.078647
0.424749
0.999483
0.693289
0.376267
0.404349
0.408448
0.619810
0.748169
0.999483
0.108915
0.376083
0.376663
0.083112
0.690982
0.393120
0.405357
0.703154
0.094301
0.375455
0.352945
0.104543
0.634959
0.663120
0.998025
0.377574
0.061501
0.470090
0.699040
0.427212
0.084425
0.378196
0.421856
0.998025
0.100604
0.630975
0.097830
0.410132
0.114842
0.436045
0.404380
0.118661
0.357793
0.382343
0.357136
0.341375
0.998025
0.697800
0.691951
0.689986
0.696886
0.377388
0.036783
0.001775
0.048179
0.374354
0.355738
0.413562
0.687383
0.999483
0.376345
0.381861
0.090107
0.091515
0.084391
0.186376
0.055987
0.386306
0.389434
0.374233
0.371004
0.684211
0.377552
0.691346
0.687132
0.068285
0.686607
0.371819
0.366428
0.363711
0.362062
0.362913
0.364766
0.051442
0.999483
0.367289
0.366598
0.051186
0.371966
0.365294
0.372716
0.072112
0.692470
0.382388
0.329020
0.206989
0.355953
0.060682
0.368110
0.683659
0.046389
0.050569
0.056264
0.057493
0.369949
0.999483
0.372300
0.368536
0.052151
0.999483
0.051139
0.045199
0.681867
0.052649
0.057993
0.062163
0.377437
0.378764
0.379586
0.068964
0.689199
0.689473
0.376354
0.376457
0.382009
0.386532
0.087500
0.075009
0.044488
0.083330
0.382345
0.999483
0.690749
0.385720
0.383684
0.155343
0.999483
0.428761
0.409618
0.355620
0.699759
0.441920
0.999483
0.116194
0.103410
0.177727
0.088998
0.069790
0.066731
0.056761
0.999483
0.059345
0.059638
0.059955
0.686349
0.058578
0.358931
0.008775
0.059776
0.685420
0.062510
0.063162
0.999483
0.370658
0.051262
0.366813
0.052272
0.666336
0.055331
0.685366
0.377361
0.377831
0.376098
0.073512
0.095069
0.110682
0.362862
0.458177
0.441395
0.366479
0.693766
0.136019
0.677417
0.707049
0.390760
0.085338
0.356305
0.347846
0.999483
0.669465
0.073945
0.686190
0.378929
0.055034
0.050648
0.361933
0.051588
0.688853
0.053342
0.060829
0.687878
0.066164
0.375317
0.359602
0.354080
0.681645
0.038292
0.685534
0.687604
0.999483
0.071800
0.689534
0.067970
0.053713
0.383709
0.064326
0.673600
0.383668
0.401333
0.126592
0.689174
0.044281
0.033065
0.687870
0.999483
0.061527
0.385889
0.999483
0.693733
0.707525
0.390582
0.384904
0.388291
0.053162
0.077218
0.073662
0.072678
0.073721
0.383574
0.067997
0.071214
0.687702
0.689102
0.365688
0.361867
0.364377
0.380296
0.095786
0.080522
0.074304
0.379289
0.371891
0.372211
0.361706
0.305830
0.378562
0.031223
0.371124
0.693289
0.377265
0.372129
0.376689
0.096460
0.392141
0.618853
0.103160
0.317242
0.382949
0.383776
0.092879
0.402959
0.396597
0.381953
0.693213
0.676824
0.390976
0.079599
0.234051
0.731954
0.184404
0.013665
0.404625
0.054024
0.023243
0.998025
0.699040
0.372066
0.114738
0.998025
0.166408
0.439745
0.714873
0.151053
0.090469
0.998025
0.087627
0.310983
0.011226
0.130864
0.037597
0.670184
0.098380
0.697800
0.404039
0.382663
0.391721
0.389558
0.694452
0.683674
0.064837
0.377811
0.690519
0.096211
0.703310
0.061260
0.687383
0.379788
0.694143
0.999483
0.387296
0.999483
0.315779
0.749099
0.119021
0.382050
0.379736
0.381793
0.070158
0.386988
0.999483
0.081640
0.088459
0.093910
0.062460
0.088052
0.049835
0.038759
0.041561
0.046069
0.051378
0.684061
0.369740
0.058135
0.369883
0.999483
0.057348
0.065777
0.692584
0.385986
0.082341
0.329264
0.296613
0.379261
0.373062
0.039365
0.360122
0.367397
0.687445
0.374613
0.687297
0.685787
0.060114
0.999483
0.371222
0.371321
0.058173
0.999483
0.052881
0.682665
0.053560
0.686224
0.686413
0.062880
0.377452
0.066495
0.376727
0.066442
0.065651
0.378517
0.382074
0.677526
0.330906
0.417276
0.442522
0.692819
0.022739
0.058571
0.690749
0.382219
0.381980
0.049756
0.001281
0.489123
0.112409
0.124772
0.092180
0.018386
0.002709
0.420068
0.401750
0.700395
0.409019
0.384538
0.389424
0.694922
0.070953
0.011135
0.372743
0.374108
0.374122
0.060544
0.059942
0.367066
0.367597
0.371502
0.999483
0.060482
0.373147
0.372640
0.052270
0.682502
0.048255
0.350459
0.999483
0.097787
0.703687
0.382599
0.374235
0.052788
0.999483
0.082483
0.387614
0.999483
0.683980
0.069479
0.378935
0.999483
0.112034
0.433188
0.080426
0.299312
0.306122
0.391128
0.062706
0.357066
0.319766
0.358353
0.064329
0.377268
0.375158
0.684892
0.369430
0.049640
0.999483
0.385041
0.352582
0.062815
0.373762
0.373717
0.681834
0.369576
0.686838
0.057115
0.682088
0.372922
0.070402
0.689534
0.999483
0.374991
0.365563
0.052214
0.673643
0.383064
0.999483
0.076207
0.689174
0.703312
0.999483
0.393616
0.370414
0.687870
0.692050
0.387360
0.693733
0.102995
0.089194
0.392937
0.697434
0.092586
0.076951
0.999483
0.689611
0.071191
0.384344
0.076190
0.690843
0.069354
0.685569
0.060633
0.370656
0.369028
0.365116
0.058599
0.384469
0.697143
0.999483
0.075980
0.377542
0.688407
0.066645
0.377775
0.068262
0.069796
0.379790
0.379634
0.071803
0.069318
0.070340
0.088479
0.073932
0.073245
0.326444
0.082945
0.382810
0.384235
0.077519
0.081129
0.083009
0.388268
0.334280
0.014796
0.400936
0.152765
0.407577
0.547471
0.428783
0.451673
0.003412
0.998025
0.375861
0.060335
0.042615
0.357217
0.044253
0.106183
0.278766
0.128054
0.160450
0.104019
0.700341
0.087512
0.404340
0.102764
0.335601
0.691682
0.998025
0.691682
0.120129
0.415503
0.133036
0.072116
0.072348
0.074871
0.683674
0.059040
0.083570
0.384851
0.691857
0.387163
0.695375
0.999483
0.372061
0.375856
0.378734
0.387580
0.387924
0.080532
0.385073
0.011032
0.691442
0.691828
0.692521
0.696124
0.390182
0.689061
0.080286
0.386861
0.102902
0.384254
0.450605
0.689596
0.999483
0.367454
0.362348
0.680595
0.053037
0.685013
0.372700
0.066009
0.374387
0.373236
0.999483
0.374847
0.381460
0.395625
0.375113
0.009038
0.093806
0.060710
0.366085
0.024826
0.345822
0.361349
0.058447
0.687764
0.375922
0.687297
0.062977
0.686320
0.373927
0.065415
0.687321
0.063042
0.370409
0.684013
0.053744
0.371691
0.999483
0.062298
0.376307
0.375780
0.375420
0.999483
0.066539
0.690347
0.367035
0.683354
0.356792
0.344961
0.720424
0.392872
0.539926
0.360477
0.054173
0.693304
0.379224
0.685035
0.373479
0.072393
0.706682
0.999483
0.706682
0.454170
0.101649
0.999483
0.399606
0.396460
0.096844
0.999483
0.685008
0.383342
0.383742
0.357519
0.310044
0.373711
0.373611
0.060403
0.372849
0.370781
0.371757
0.372791
0.059580
0.686310
0.999483
0.055274
0.366789
0.999483
0.050342
0.300590
0.411904
0.415246
0.699198
0.088138
0.999483
0.684992
0.364487
0.103513
0.136154
0.037810
0.118369
0.376003
0.451009
0.045148
0.999483
0.149631
0.712176
0.446273
0.594756
0.303253
0.383791
0.027867
0.417279
0.685783
0.684972
0.375190
0.379635
0.063546
0.999483
0.051402
0.063848
0.400768
0.384835
0.369375
0.373695
0.063637
0.065765
0.375551
0.688491
0.064847
0.063449
0.078192
0.078920
0.075479
0.374991
0.687060
0.371778
0.045232
0.999483
0.028978
0.022200
0.052858
0.053242
0.136307
0.122132
0.010737
0.062463
0.075084
0.070134
0.128694
0.096476
0.394311
0.999483
0.396047
0.699208
0.082075
0.376712
0.066841
0.378446
0.688661
0.073329
0.073833
0.689027
0.064475
0.681662
0.356580
0.366297
0.379483
0.396304
0.388488
0.376642
0.384469
0.394907
0.399548
0.381013
0.378349
0.067142
0.688813
0.378802
0.379751
0.071733
0.073209
0.073671
0.691609
0.386305
0.395948
0.094365
0.674913
0.088240
0.380752
0.070945
0.065870
0.063891
0.689387
0.687255
0.335477
0.242805
0.378943
0.048173
0.066077
0.438799
0.107969
0.125515
0.396780
0.088507
0.073134
0.367468
0.353818
0.346106
0.376804
0.685108
0.028729
0.369963
0.376968
0.688933
0.072823
0.383545
0.998025
0.122161
0.704421
0.276194
0.399773
0.691682
0.344151
0.026728
0.383896
0.686299
0.998025
0.374863
0.059490
0.042242
0.055252
0.997751
0.386365
0.997751
0.691857
0.399955
0.054733
0.038508
0.066148
0.073257
0.071637
0.065110
0.686179
0.069251
0.675147
0.378151
0.381749
0.385320
0.387579
0.689061
0.692781
0.694905
0.999867
0.694521
0.425176
0.686287
0.093532
0.214019
0.040842
0.999483
0.365889
0.057953
0.374797
0.687275
0.378931
0.070668
0.378110
0.687440
0.378452
0.067715
0.691743
0.124824
0.999483
0.416411
0.082121
0.045879
0.023445
0.350309
0.358770
0.687232
0.374168
0.376354
0.687898
0.063878
0.687154
0.065912
0.380883
0.689697
0.070191
0.063434
0.684647
0.370937
0.059272
0.060985
0.062901
0.375730
0.687195
0.686957
0.054752
0.999483
0.067823
0.683354
0.999483
0.370886
0.678748
0.441016
0.249153
0.370687
0.035424
0.023091
0.045451
0.054938
0.371328
0.047270
0.695651
0.373688
0.042532
0.165283
0.328946
0.391900
0.089723
0.390028
0.095470
0.341577
0.685008
0.098776
0.688303
0.999483
0.084297
0.670537
0.686442
0.372375
0.058917
0.372264
0.685675
0.999483
0.059535
0.373914
0.060383
0.058227
0.369392
0.999483
0.051259
0.051862
0.744280
0.028203
0.315345
0.999483
0.070362
0.041177
0.681119
0.036250
0.082401
0.647266
0.378617
0.374923
0.118375
0.999483
0.492377
0.725362
0.743569
0.719381
0.004015
0.313142
0.384093
0.387616
0.394093
0.389604
0.061802
0.052790
0.685969
0.688714
0.690084
0.059863
0.069377
0.387344
0.999483
0.693651
0.688647
0.064757
0.377812
0.688195
0.688309
0.065005
0.377021
0.688158
0.072089
0.386769
0.691556
0.377253
0.687993
0.375678
0.070849
0.366749
0.381644
0.046169
0.375348
0.687034
0.114361
0.330606
0.421615
0.999483
0.377481
0.129742
0.705370
0.699301
0.694513
0.109852
0.397865
0.999483
0.077080
0.687534
0.688423
0.999483
0.379255
0.068485
0.688047
0.377128
0.055454
0.354643
0.672831
0.670494
0.386577
0.385584
0.705112
0.700369
0.391903
0.112192
0.383984
0.689179
0.070168
0.067142
0.068197
0.999483
0.379627
0.072765
0.691253
0.076660
0.999483
0.388275
0.408060
0.430977
0.428815
0.358056
0.383984
0.378416
0.374995
0.064764
0.667616
0.060746
0.012638
0.067017
0.379138
0.380103
0.381655
0.079236
0.088725
0.099410
0.096904
0.392149
0.386132
0.066941
0.062332
0.389016
0.064062
0.677398
0.350738
0.356453
0.372703
0.065521
0.122776
0.695323
0.103657
0.291151
0.420364
0.012967
0.003288
0.363591
0.098119
0.069711
0.998025
0.068671
0.053030
0.051389
0.367908
0.371383
0.688159
0.380971
0.078637
0.691857
0.387075
0.393316
0.359737
0.380356
0.403434
0.401390
0.699480
0.064962
0.045729
0.384828
0.017175
0.334938
0.083789
0.052754
0.058514
0.061217
0.069495
0.693165
0.380552
0.076377
0.074514
0.999483
0.686287
0.320904
0.048436
0.682737
0.371499
0.376793
0.377500
0.068260
0.689617
0.073921
0.690448
0.379858
0.069166
0.372654
0.681760
0.111881
0.022111
0.692954
0.999483
0.692954
0.032990
0.045427
0.032249
0.052755
0.374617
0.377918
0.377532
0.687331
0.065437
0.377944
0.689628
0.380679
0.073522
0.999483
0.063216
0.686090
0.058835
0.686899
0.687614
0.375751
0.375174
0.113113
0.999483
0.061029
0.376769
0.089146
0.118799
0.999483
0.077249
0.092266
0.084711
0.357397
0.683275
0.682429
0.683544
0.685486
0.361495
0.030289
0.683183
0.104027
0.415612
0.265230
0.073062
0.351449
0.379609
0.027834
0.015395
0.742907
0.391780
0.090338
0.689423
0.046015
0.999483
0.370533
0.058139
0.371447
0.057266
0.370504
0.058309
0.057951
0.372695
0.372933
0.685859
0.058277
0.685019
0.054665
0.369265
0.053880
0.069297
0.321343
0.683639
0.089227
0.684166
0.999483
0.037494
0.356890
0.057602
0.085633
0.370855
0.688742
0.057872
0.111058
0.255930
0.743569
0.350325
0.099194
0.310727
0.375267
0.054395
0.221502
0.403816
0.089241
0.390995
0.685078
0.060098
0.068321
0.065187
0.373900
0.070015
0.999483
0.081871
0.080886
0.083092
0.077200
0.376260
0.066101
0.376415
0.375633
0.687130
0.066919
0.688967
0.071137
0.071250
0.069260
0.688537
0.687993
0.688100
0.691242
0.692588
0.688875
0.690074
0.076800
0.686944
0.136385
0.315671
0.057415
0.376952
0.298084
0.419624
0.013337
0.090000
0.097561
0.114420
0.699208
0.387578
0.078739
0.069062
0.062582
0.065913
0.376259
0.377313
0.065268
0.058252
0.688626
0.683632
0.052082
0.316736
0.387353
0.095603
0.388128
0.094843
0.076410
0.080749
0.051523
0.066687
0.688592
0.067871
0.379627
0.999483
0.381541
0.999483
0.691253
0.384904
0.390950
0.402428
0.150225
0.399282
0.399550
0.380839
0.296826
0.432601
0.043173
0.998526
0.414516
0.392385
0.360463
0.070560
0.998025
0.689373
0.081450
0.693783
0.695543
0.697422
0.394172
0.389109
0.078066
0.998025
0.079276
0.692530
0.376592
0.368743
0.372291
0.382542
0.390349
0.366946
0.142299
0.316431
0.056888
0.306571
0.997751
0.084145
0.998025
0.408949
0.056392
0.065905
0.998025
0.682801
0.679032
0.363159
0.687898
0.370021
0.068870
0.378776
0.382406
0.073493
0.068904
0.056746
0.999483
0.691883
0.408851
0.999483
0.037852
0.024784
0.999483
0.129435
0.345541
0.363261
0.678089
0.691716
0.055443
0.686355
0.685514
0.375228
0.395467
0.048049
0.055550
0.333985
0.359166
0.053300
0.686001
0.382550
0.391717
0.081464
0.070204
0.688601
0.049276
0.689082
0.050909
0.401602
0.684759
0.027543
0.049327
0.499207
0.716435
0.141870
0.378036
0.044701
0.999483
0.359720
0.719502
0.385127
0.686868
0.077635
0.378689
0.063717
0.376195
0.379325
0.690754
0.072225
0.376602
0.373665
0.057650
0.052119
0.060562
0.082248
0.083877
0.184159
0.642008
0.424992
0.037656
0.090975
0.999483
0.710970
0.119380
0.999483
0.360809
0.375763
0.051019
0.004388
0.065412
0.076409
0.029442
0.045563
0.048465
0.074823
0.999483
0.337805
0.125752
0.999483
0.390017
0.694669
0.678487
0.312199
0.424255
0.035000
0.351570
0.417064
0.079090
0.054356
0.056690
0.370499
0.369933
0.054625
0.368652
0.365899
0.999483
0.057021
0.057697
0.684683
0.056679
0.999483
0.055151
0.686287
0.376776
0.104191
0.363320
0.007030
0.422041
0.072476
0.049831
0.405339
0.345190
0.064706
0.392131
0.370219
0.999483
0.036536
0.397505
0.387703
0.630427
0.407039
0.693837
0.049655
0.117734
0.738523
0.647797
0.231458
0.999483
0.391232
0.064123
0.373738
0.384849
0.046222
0.370758
0.999483
0.076968
0.392683
0.392347
0.391796
0.380157
0.085538
0.687928
0.687498
0.999483
0.063248
0.687519
0.068749
0.689372
0.688676
0.377878
0.688248
0.065541
0.069695
0.072780
0.065616
0.062205
0.053711
0.057150
0.378574
0.296673
0.651069
0.224050
0.348208
0.374724
0.369903
0.361364
0.382169
0.381241
0.080847
0.082164
0.092114
0.402482
0.397510
0.389009
0.378307
0.685896
0.066140
0.999483
0.379135
0.378581
0.055755
0.382730
0.378958
0.319076
0.363976
0.114222
0.430649
0.049824
0.684768
0.370119
0.375885
0.377643
0.065783
0.066794
0.379029
0.071832
0.070390
0.076813
0.079054
0.097684
0.704594
0.416250
0.130946
0.391040
0.307863
0.490649
0.716441
0.048626
0.084725
0.399837
0.332241
0.998526
0.052855
0.070885
0.072504
0.077506
0.692294
0.089386
0.092844
0.396116
0.695551
0.693344
0.384165
0.379555
0.130674
0.073920
0.077388
0.378285
0.387125
0.377956
0.398537
0.408606
0.130436
0.690943
0.382687
0.382991
0.379909
0.002142
0.062276
0.081046
0.998025
0.065278
0.053578
0.036117
0.998025
0.364916
0.370805
0.998025
0.066935
0.075858
0.997751
0.688199
0.371288
0.082830
0.130158
0.147412
0.059991
0.673313
0.039893
0.441403
0.444059
0.175135
0.697962
0.372890
0.681007
0.088211
0.070498
0.379192
0.395851
0.679629
0.999867
0.045506
0.346812
0.054371
0.373690
0.384800
0.104956
0.139967
0.999483
0.082870
0.381102
0.036264
0.351220
0.349368
0.032678
0.697392
0.669444
0.067319
0.702924
0.198361
0.999483
0.390963
0.382844
0.387254
0.054765
0.057025
0.132648
0.395043
0.390458
0.999483
0.375233
0.057317
0.062354
0.067657
0.381146
0.370157
0.372842
0.683301
0.999483
0.377815
0.391755
0.402530
0.707287
0.244136
0.999483
0.175323
0.417836
0.325784
0.747396
0.302468
0.053674
0.999483
0.676356
0.686229
0.678181
0.288454
0.099871
0.999483
0.344257
0.363877
0.013411
0.030936
0.165572
0.684718
0.060145
0.694669
0.373164
0.004177
0.352482
0.293986
0.446507
0.457807
0.022932
0.369614
0.054113
0.683663
0.053806
0.682535
0.367009
0.366568
0.048291
0.054769
0.372643
0.684683
0.685330
0.053198
0.368687
0.055583
0.999483
0.389675
0.055315
0.387384
0.706256
0.079349
0.999483
0.129143
0.695718
0.393204
0.056861
0.382689
0.695410
0.371553
0.084427
0.392186
0.400097
0.696850
0.400221
0.379388
0.694259
0.692474
0.344868
0.217037
0.382488
0.392898
0.389753
0.382330
0.079244
0.384223
0.394221
0.351895
0.070274
0.687635
0.392001
0.695067
0.999483
0.032595
0.052706
0.063965
0.375409
0.374908
0.687519
0.999483
0.687519
0.071140
0.068193
0.688248
0.999483
0.064399
0.687277
0.999483
0.372570
0.055158
0.686380
0.374180
0.063412
0.999483
0.373586
0.066543
0.684732
0.356547
0.373766
0.369117
0.371772
0.367593
0.060572
0.389236
0.999483
0.696688
0.703446
0.066576
0.612548
0.066697
0.377617
0.377878
0.381126
0.999483
0.691220
0.368874
0.697967
0.681442
0.369716
0.372305
0.387768
0.370871
0.371246
0.373166
0.375791
0.064290
0.374862
0.375214
0.064805
0.060223
0.681327
0.065407
0.690557
0.094073
0.999483
0.412426
0.408740
0.396346
0.394370
0.136338
0.399661
0.360134
0.381257
0.658536
0.998526
0.080623
0.015510
0.114113
0.379145
0.074457
0.387377
0.998526
0.694231
0.394860
0.087944
0.074933
0.069084
0.090664
0.140422
0.443401
0.086207
0.084294
0.382636
0.365660
0.069949
0.166831
0.304082
0.383438
0.384092
0.083054
0.009444
0.997751
0.020867
0.688851
0.687487
0.688851
0.690767
0.043019
0.679996
0.357747
0.364464
0.059205
0.071429
0.072624
0.688199
0.062085
0.690874
0.366920
0.423447
0.690012
0.673313
0.686500
0.085057
0.111848
0.691452
0.066629
0.682087
0.077606
0.695880
0.999867
0.695880
0.376096
0.068401
0.686184
0.363311
0.680742
0.048900
0.999483
0.080115
0.308032
0.493367
0.705074
0.697186
0.094916
0.090196
0.371398
0.349596
0.999483
0.043329
0.409080
0.029209
0.383756
0.623444
0.399797
0.402537
0.402746
0.394485
0.075703
0.380115
0.690654
0.440252
0.127734
0.385198
0.689231
0.058549
0.057675
0.686438
0.999483
0.060240
0.688936
0.059803
0.360806
0.066018
0.380288
0.369444
0.999483
0.443476
0.303676
0.155621
0.081404
0.147641
0.076248
0.361230
0.692347
0.077631
0.676356
0.351358
0.369466
0.028975
0.429117
0.377262
0.154202
0.278347
0.367089
0.056933
0.999483
0.312389
0.061644
0.108052
0.395550
0.090686
0.398206
0.116922
0.130943
0.208694
0.636707
0.429492
0.368566
0.051863
0.682345
0.048692
0.680413
0.362406
0.362225
0.047246
0.377808
0.373828
0.370823
0.999483
0.052695
0.999483
0.050452
0.073573
0.712841
0.370912
0.385367
0.701729
0.305783
0.354970
0.014372
0.999483
0.377044
0.064885
0.335949
0.049453
0.371071
0.672567
0.074810
0.061144
0.407489
0.393743
0.084102
0.386386
0.380731
0.376302
0.371023
0.392775
0.092038
0.387522
0.385140
0.085271
0.999483
0.333868
0.376002
0.383181
0.091102
0.093046
0.089394
0.396036
0.049790
0.033209
0.374472
0.374595
0.373924
0.374482
0.375990
0.377522
0.378678
0.688335
0.377103
0.688248
0.375226
0.062602
0.060462
0.371525
0.058258
0.685042
0.362011
0.068489
0.376427
0.149183
0.634022
0.108312
0.373177
0.368484
0.364078
0.680169
0.359788
0.049850
0.696286
0.696688
0.081964
0.083345
0.393412
0.412371
0.313793
0.064698
0.388811
0.070618
0.067260
0.080371
0.389864
0.035268
0.049958
0.378469
0.319889
0.129900
0.376546
0.373345
0.375344
0.376690
0.375574
0.373814
0.059438
0.684214
0.050313
0.680344
0.053486
0.377291
0.999483
0.027465
0.093212
0.999483
0.091931
0.422534
0.418582
0.998526
0.061438
0.374724
0.011925
0.338467
0.053832
0.439288
0.705674
0.462812
0.072978
0.689945
0.387878
0.085570
0.390435
0.392275
0.075281
0.407858
0.687282
0.412132
0.114282
0.687136
0.307442
0.073208
0.054347
0.442555
0.997751
0.135655
0.386366
0.079406
0.384704
0.083698
0.621978
0.062114
0.087053
0.387139
0.385784
0.390266
0.030895
0.672079
0.307896
0.372093
0.373029
0.997751
0.065536
0.061809
0.997751
0.375008
0.698017
0.999483
0.138616
0.377030
0.671628
0.680338
0.691452
0.999483
0.119142
0.092827
0.095137
0.424945
0.088130
0.676657
0.371256
0.046616
0.683933
0.039412
0.674168
0.059647
0.695700
0.118919
0.377992
0.294000
0.439055
0.705074
0.084878
0.107276
0.080924
0.356075
0.364905
0.369693
0.391678
0.378009
0.332115
0.687040
0.034179
0.106657
0.082035
0.694664
0.688942
0.067438
0.691395
0.086353
0.437837
0.696934
0.064528
0.999483
0.371812
0.055619
0.686438
0.056181
0.291237
0.409718
0.091556
0.999483
0.032510
0.359440
0.380936
0.056309
0.031046
0.274568
0.079176
0.711346
0.999483
0.361298
0.469285
0.337264
0.284391
0.071317
0.703095
0.687934
0.414170
0.999483
0.435574
0.999483
0.087660
0.053943
0.397724
0.378533
0.311899
0.369005
0.044245
0.122225
0.999483
0.418296
0.999483
0.006341
0.117082
0.368747
0.367626
0.049169
0.681345
0.043668
0.679520
0.359203
0.679354
0.053735
0.367994
0.383421
0.374163
0.058800
0.683957
0.049615
0.365594
0.062847
0.065742
0.359446
0.370166
0.084530
0.999483
0.384318
0.049879
0.058969
0.688388
0.377838
0.088851
0.375201
0.727305
0.073609
0.699790
0.054352
0.096126
0.999483
0.377577
0.054541
0.074512
0.388252
0.027730
0.115459
0.402095
0.384271
0.384404
0.074952
0.695645
0.047628
0.999483
0.377673
0.697960
0.690308
0.999483
0.016682
0.374178
0.679896
0.067699
0.057264
0.059505
0.061072
0.063329
0.065682
0.066655
0.067206
0.065288
0.063976
0.374590
0.687045
0.373586
0.373037
0.057994
0.367316
0.671611
0.055375
0.695089
0.028436
0.359777
0.688986
0.360516
0.372077
0.048048
0.999483
0.359822
0.041309
0.064132
0.696286
0.688991
0.362822
0.112341
0.401762
0.390354
0.700576
0.383864
0.999483
0.068425
0.356423
0.306354
0.442228
0.276551
0.700409
0.026382
0.999483
0.748256
0.373272
0.375406
0.688426
0.376537
0.374049
0.056493
0.683528
0.365950
0.363922
0.046954
0.999483
0.377291
0.361302
0.693686
0.396224
0.702724
0.689741
0.081809
0.076558
0.689859
0.340553
0.055802
0.689444
0.384172
0.998526
0.704240
0.329119
0.111228
0.690943
0.384804
0.386804
0.081251
0.691723
0.081367
0.695256
0.077609
0.998526
0.071524
0.614945
0.998526
0.614170
0.386030
0.388007
0.442555
0.101921
0.094908
0.383180
0.370740
0.070798
0.070171
0.386103
0.393068
0.090421
0.094552
0.097132
0.135721
0.015212
0.056762
0.062696
0.056395
0.375882
0.997751
0.065049
0.369603
0.376235
0.374560
0.077422
0.745410
0.086244
0.347926
0.055998
0.002532
0.691452
0.063017
0.696563
0.697939
0.116906
0.603481
0.679241
0.276574
0.066529
0.686471
0.062734
0.054354
0.035133
0.110403
0.432428
0.383167
0.373402
0.376706
0.689747
0.089991
0.404604
0.106784
0.079565
0.041092
0.373305
0.073357
0.694673
0.084678
0.999483
0.687040
0.706316
0.388508
0.377975
0.063728
0.070981
0.691996
0.074194
0.381291
0.379212
0.687866
0.376154
0.058603
0.062917
0.367845
0.361040
0.362599
0.297377
0.122739
0.358378
0.673995
0.685106
0.999483
0.365649
0.999483
0.292517
0.080209
0.418631
0.114888
0.419535
0.152637
0.315096
0.388468
0.378075
0.058511
0.372891
0.047736
0.113536
0.134320
0.716397
0.374078
0.370497
0.685392
0.101536
0.419952
0.999483
0.280700
0.092765
0.406935
0.712691
0.094010
0.372542
0.369457
0.999483
0.683709
0.047166
0.999483
0.041709
0.999483
0.357640
0.037484
0.041957
0.374470
0.389859
0.382548
0.386369
0.688301
0.366573
0.361028
0.045362
0.372295
0.679133
0.999483
0.065381
0.077299
0.999483
0.062977
0.071036
0.687519
0.084146
0.382560
0.101673
0.402361
0.389361
0.684414
0.999483
0.375685
0.096251
0.428521
0.709677
0.073030
0.024096
0.999483
0.631002
0.345801
0.384481
0.382842
0.077738
0.683490
0.691178
0.363621
0.401511
0.396514
0.391399
0.090033
0.334615
0.999483
0.058521
0.052782
0.367027
0.374959
0.376124
0.376777
0.688522
0.689027
0.999483
0.068182
0.377181
0.375701
0.687434
0.687045
0.375433
0.070748
0.698527
0.070359
0.391275
0.696761
0.392931
0.392299
0.375483
0.377930
0.374402
0.684618
0.362957
0.044611
0.682076
0.999483
0.057746
0.043679
0.999483
0.681108
0.385177
0.999483
0.696733
0.401676
0.107511
0.392229
0.436705
0.668485
0.612456
0.463600
0.276248
0.350314
0.037972
0.064180
0.686049
0.371678
0.067982
0.377959
0.375135
0.056285
0.683954
0.048662
0.682772
0.681463
0.053492
0.052688
0.011438
0.072131
0.083032
0.083888
0.999483
0.688785
0.684204
0.698064
0.382763
0.107737
0.998526
0.020801
0.084538
0.392436
0.633722
0.621971
0.690571
0.073993
0.383099
0.385671
0.382478
0.081907
0.687491
0.998526
0.070560
0.675295
0.072143
0.614945
0.086220
0.690238
0.398871
0.396486
0.702522
0.707234
0.404600
0.056960
0.683792
0.382728
0.688250
0.694505
0.696065
0.694244
0.691970
0.690604
0.688076
0.385246
0.372324
0.371222
0.050975
0.056213
0.061006
0.053448
0.057143
0.374848
0.369557
0.437190
0.429751
0.035794
0.640069
0.999483
0.321676
0.133080
0.396234
0.690656
0.086467
0.399343
0.603481
0.060963
0.685032
0.060020
0.999483
0.690132
0.395644
0.139813
0.048848
0.686832
0.058845
0.374089
0.380909
0.099010
0.999483
0.702475
0.408796
0.374535
0.067721
0.694673
0.699426
0.397924
0.390225
0.417079
0.093368
0.375978
0.379761
0.074509
0.384007
0.999483
0.074267
0.378638
0.071343
0.379889
0.377778
0.374301
0.693138
0.377805
0.362361
0.356947
0.364053
0.999483
0.070665
0.348688
0.673995
0.067354
0.063655
0.680026
0.048139
0.367234
0.389171
0.387454
0.999483
0.383407
0.065499
0.082891
0.384736
0.686801
0.044748
0.686880
0.690975
0.071919
0.374078
0.999483
0.685434
0.074346
0.380765
0.012035
0.083030
0.494191
0.999483
0.150919
0.088707
0.385451
0.371243
0.053803
0.051972
0.049638
0.364831
0.037454
0.026388
0.372302
0.360245
0.357786
0.358572
0.045460
0.436457
0.114579
0.688301
0.682099
0.999483
0.360257
0.048425
0.369815
0.025063
0.362627
0.999483
0.060616
0.068083
0.395142
0.999483
0.391406
0.071290
0.358031
0.397506
0.689053
0.420984
0.403163
0.101200
0.111812
0.692381
0.428350
0.999483
0.102722
0.088152
0.036249
0.057652
0.999483
0.636048
0.686492
0.084653
0.691178
0.381539
0.085610
0.072285
0.026812
0.078611
0.409121
0.049706
0.113937
0.055092
0.377972
0.679041
0.068064
0.387247
0.380129
0.068457
0.072185
0.070317
0.378000
0.376732
0.375553
0.999483
0.063385
0.999483
0.688298
0.087937
0.695669
0.696761
0.999483
0.390436
0.075356
0.999483
0.689062
0.688427
0.059387
0.051124
0.368989
0.052496
0.054756
0.685118
0.049490
0.058333
0.061881
0.385362
0.385541
0.386207
0.090967
0.999483
0.288962
0.704371
0.014455
0.052738
0.395229
0.070967
0.363589
0.370219
0.378331
0.063818
0.372170
0.375666
0.381085
0.062857
0.685929
0.685399
0.051438
0.999483
0.050522
0.370364
0.066105
0.688216
0.690729
0.691559
0.064530
0.688785
0.364170
0.320992
0.080910
0.747050
0.703479
0.306433
0.998526
0.615515
0.324173
0.313491
0.382680
0.073590
0.384047
0.376627
0.379999
0.380450
0.378675
0.075431
0.060626
0.998526
0.060278
0.691505
0.383476
0.058447
0.084957
0.394755
0.108466
0.415717
0.120886
0.419695
0.094949
0.680889
0.370797
0.083171
0.084824
0.389039
0.382903
0.379841
0.375968
0.076042
0.691128
0.997751
0.064960
0.059725
0.997751
0.684513
0.683856
0.999483
0.055920
0.065617
0.384714
0.148643
0.394433
0.471538
0.345122
0.090360
0.126258
0.099057
0.999867
0.378085
0.052943
0.366608
0.363293
0.683276
0.061598
0.690132
0.090312
0.999483
0.700559
0.398158
0.424396
0.051549
0.075515
0.078010
0.099709
0.702475
0.403515
0.702911
0.404615
0.081570
0.390997
0.382351
0.702668
0.999483
0.096718
0.353919
0.057858
0.398766
0.087802
0.378475
0.067116
0.378085
0.999483
0.070926
0.690444
0.072881
0.071692
0.689531
0.077064
0.375906
0.363678
0.361540
0.373313
0.381831
0.090785
0.062866
0.999483
0.063525
0.681121
0.026389
0.681740
0.053060
0.690029
0.383407
0.999483
0.377651
0.422462
0.058713
0.678718
0.048162
0.999483
0.376003
0.373423
0.373400
0.372659
0.061581
0.375608
0.377789
0.692825
0.383394
0.307184
0.432298
0.373523
0.396793
0.697516
0.374446
0.367987
0.049376
0.999483
0.033749
0.672884
0.034163
0.672368
0.066377
0.999483
0.679666
0.054630
0.999483
0.087816
0.087213
0.058882
0.042954
0.999483
0.365642
0.670953
0.999483
0.026565
0.370355
0.375856
0.392512
0.393942
0.390316
0.694766
0.074670
0.400572
0.442199
0.110523
0.415407
0.999483
0.109038
0.999483
0.399159
0.124951
0.331798
0.098266
0.710717
0.403169
0.415219
0.045322
0.083070
0.065597
0.371237
0.392761
0.086680
0.386956
0.373785
0.688896
0.327904
0.368809
0.018254
0.380682
0.397728
0.365987
0.999483
0.090463
0.703489
0.065106
0.375163
0.690368
0.688440
0.688076
0.687601
0.999483
0.375553
0.063513
0.688298
0.083195
0.707278
0.396217
0.395147
0.085470
0.999483
0.693157
0.377513
0.375125
0.065991
0.384072
0.378619
0.375336
0.373898
0.687575
0.062037
0.069361
0.999483
0.380971
0.071412
0.070431
0.061388
0.021041
0.101237
0.394422
0.035208
0.045782
0.670217
0.110445
0.301866
0.280707
0.273376
0.284472
0.127950
0.384710
0.377901
0.068834
0.688286
0.374684
0.055890
0.369228
0.051617
0.368866
0.370980
0.062364
0.686252
0.066412
0.068691
0.074248
0.071659
0.013851
0.078394
0.110712
0.048081
0.084036
0.007528
0.615515
0.380772
0.381839
0.382597
0.081082
0.096914
0.998526
0.381134
0.372370
0.689174
0.372145
0.370797
0.370580
0.055825
0.053805
0.057324
0.058452
0.362423
0.367377
0.395755
0.997751
0.137011
0.132792
0.410852
0.680889
0.684755
0.690606
0.691128
0.997751
0.073680
0.067090
0.062848
0.065871
0.380470
0.110740
0.123784
0.387997
0.688727
0.372569
0.371746
0.366521
0.372705
0.061444
0.999483
0.078896
0.999483
0.080925
0.060387
0.427238
0.686895
0.689804
0.999867
0.065469
0.048645
0.359022
0.362126
0.680008
0.362958
0.067456
0.694150
0.405613
0.406848
0.399387
0.405862
0.356583
0.638010
0.688872
0.692641
0.395233
0.396547
0.400750
0.407904
0.419458
0.424982
0.379798
0.002238
0.118925
0.015559
0.354553
0.348879
0.019070
0.395766
0.675690
0.361027
0.685084
0.045409
0.376923
0.382346
0.382235
0.999483
0.075468
0.691335
0.073901
0.378655
0.065980
0.053247
0.055125
0.382575
0.680618
0.402425
0.703219
0.044996
0.332924
0.028094
0.363771
0.375725
0.376965
0.377320
0.686224
0.374386
0.389023
0.117954
0.050879
0.052387
0.066508
0.687244
0.376883
0.063652
0.686352
0.688049
0.377097
0.688441
0.071086
0.376600
0.374845
0.356966
0.019406
0.999483
0.068587
0.999483
0.684344
0.683190
0.046660
0.033122
0.674510
0.347441
0.344761
0.357942
0.056426
0.044833
0.061115
0.089443
0.377838
0.386249
0.682180
0.999483
0.360338
0.032194
0.687483
0.094452
0.022969
0.065292
0.693710
0.698659
0.693459
0.689644
0.080826
0.377572
0.383634
0.395475
0.101726
0.315562
0.427833
0.127142
0.109812
0.999483
0.390196
0.076424
0.668641
0.695389
0.407287
0.077857
0.333069
0.396568
0.067627
0.695029
0.077968
0.093856
0.066263
0.999483
0.016384
0.305870
0.352026
0.036122
0.311082
0.076109
0.999483
0.053002
0.339689
0.410190
0.052118
0.999483
0.064037
0.374937
0.058265
0.375470
0.687601
0.374707
0.059137
0.376924
0.384900
0.403832
0.410750
0.398066
0.688410
0.693157
0.061122
0.370307
0.058550
0.061926
0.380212
0.689977
0.377105
0.372849
0.059241
0.372700
0.069275
0.074802
0.999483
0.692194
0.693399
0.382377
0.084554
0.704998
0.389555
0.114226
0.702033
0.117320
0.999483
0.015688
0.322774
0.293389
0.472296
0.623846
0.131438
0.384458
0.069935
0.687606
0.374740
0.056049
0.999483
0.368846
0.684133
0.369645
0.058293
0.685116
0.368606
0.368538
0.372022
0.088193
0.093324
0.702767
0.073867
0.998526
0.676195
0.050858
0.073435
0.074854
0.381946
0.382545
0.090006
0.998526
0.092314
0.686248
0.998526
0.059867
0.366658
0.683237
0.998526
0.683237
0.052322
0.680056
0.051774
0.682806
0.372855
0.077999
0.088282
0.110649
0.101194
0.692970
0.105529
0.068900
0.073311
0.063217
0.068628
0.071374
0.070348
0.693643
0.384607
0.095284
0.060273
0.382372
0.997751
0.379444
0.379371
0.055205
0.042737
0.371555
0.688221
0.379404
0.388047
0.403208
0.402796
0.379674
0.022900
0.092914
0.687279
0.368730
0.067751
0.351210
0.350775
0.357383
0.681018
0.361941
0.083315
0.699291
0.136296
0.122003
0.279389
0.385571
0.354550
0.437532
0.314794
0.089640
0.390456
0.387465
0.094314
0.710845
0.111346
0.076776
0.373696
0.057332
0.044881
0.362381
0.058534
0.624534
0.096246
0.080630
0.392037
0.675690
0.362028
0.041680
0.378598
0.688834
0.071132
0.379022
0.690516
0.073661
0.379417
0.377465
0.682385
0.683564
0.688655
0.688002
0.075405
0.382323
0.101521
0.125802
0.012988
0.999483
0.044264
0.374246
0.379279
0.365278
0.374386
0.999483
0.375779
0.685442
0.686652
0.999483
0.065157
0.067986
0.687860
0.066117
0.377538
0.067441
0.689130
0.377385
0.375832
0.378391
0.365630
0.315423
0.068894
0.010878
0.057777
0.050833
0.049213
0.047541
0.042074
0.679522
0.031932
0.679379
0.674040
0.043064
0.999483
0.046126
0.999483
0.048133
0.395292
0.692741
0.689964
0.375438
0.041164
0.345258
0.678440
0.030667
0.688980
0.397898
0.081426
0.091833
0.083869
0.380886
0.307780
0.368843
0.999483
0.075926
0.310687
0.738805
0.126908
0.679603
0.123331
0.698061
0.392757
0.381304
0.385692
0.393265
0.408469
0.408961
0.408289
0.303989
0.089008
0.394405
0.999483
0.699227
0.084949
0.045562
0.677706
0.370411
0.372685
0.686722
0.371935
0.093566
0.075279
0.999483
0.391710
0.056423
0.355895
0.053112
0.059078
0.053711
0.367790
0.056190
0.686877
0.059748
0.058436
0.054639
0.120577
0.110035
0.098693
0.399186
0.381256
0.688410
0.048251
0.999483
0.371985
0.066273
0.380811
0.378482
0.999483
0.055472
0.682388
0.367557
0.372320
0.379967
0.078728
0.078841
0.063653
0.069252
0.678460
0.405618
0.136150
0.318257
0.087309
0.999483
0.108491
0.439412
0.129978
0.698628
0.416597
0.729719
0.206566
0.356778
0.062509
0.744945
0.403616
0.380839
0.056720
0.369359
0.053897
0.368905
0.056179
0.999483
0.380930
0.681836
0.360469
0.684387
0.391952
0.397818
0.405090
0.382480
0.048951
0.687973
0.689524
0.690431
0.382872
0.383715
0.153262
0.709706
0.102816
0.059676
0.056689
0.052776
0.998526
0.366658
0.365348
0.364841
0.683357
0.047885
0.368702
0.373719
0.686607
0.067861
0.689532
0.690107
0.072728
0.686085
0.080743
0.997751
0.052809
0.385311
0.688460
0.379592
0.384148
0.094818
0.997751
0.403933
0.395190
0.384282
0.077914
0.089383
0.094605
0.392654
0.355699
0.365807
0.376405
0.069469
0.383860
0.386758
0.402127
0.701811
0.999483
0.022762
0.678793
0.386030
0.041544
0.292568
0.333577
0.284460
0.366842
0.077161
0.683905
0.140694
0.999483
0.004512
0.076685
0.100493
0.136678
0.021839
0.396377
0.700485
0.386634
0.376823
0.348753
0.264804
0.101374
0.999483
0.378104
0.683978
0.999483
0.068581
0.384108
0.071948
0.370269
0.999483
0.064868
0.376948
0.356158
0.393938
0.347192
0.688551
0.023823
0.374989
0.120066
0.007694
0.063717
0.062643
0.057162
0.056301
0.062464
0.074052
0.082353
0.387986
0.695709
0.694062
0.691192
0.684717
0.072088
0.683749
0.062264
0.058286
0.678584
0.056593
0.066874
0.374923
0.055415
0.686652
0.375749
0.070327
0.688119
0.065416
0.999483
0.688971
0.377653
0.063380
0.068418
0.999483
0.384402
0.389116
0.390461
0.672381
0.305076
0.049346
0.682753
0.363673
0.042511
0.680454
0.679522
0.678692
0.040129
0.999483
0.045328
0.360202
0.033863
0.046060
0.399665
0.096368
0.068471
0.055525
0.052371
0.080577
0.097002
0.009833
0.371244
0.078112
0.381747
0.694531
0.999483
0.316264
0.676764
0.382386
0.073445
0.999483
0.131543
0.032944
0.999483
0.709521
0.375650
0.099501
0.387883
0.383797
0.064718
0.082022
0.697043
0.161545
0.421706
0.346851
0.360717
0.392107
0.053192
0.382189
0.370605
0.292456
0.109613
0.628332
0.067859
0.999483
0.686722
0.382286
0.094656
0.383454
0.084699
0.681519
0.999483
0.053822
0.370030
0.682804
0.999483
0.368523
0.372399
0.999483
0.686026
0.054795
0.620335
0.495662
0.150306
0.080921
0.076818
0.686222
0.059363
0.683609
0.379227
0.999483
0.380998
0.067748
0.687325
0.369899
0.999483
0.682388
0.683074
0.686770
0.690594
0.382438
0.054526
0.694413
0.354296
0.081337
0.689526
0.458765
0.027888
0.081639
0.081800
0.340980
0.999483
0.082359
0.999483
0.343097
0.148035
0.377137
0.117659
0.715493
0.694385
0.390554
0.432001
0.384486
0.687481
0.056615
0.999483
0.086625
0.388204
0.056283
0.999483
0.063523
0.377561
0.389504
0.696444
0.081578
0.998526
0.380726
0.068537
0.070900
0.385433
0.089506
0.130290
0.403622
0.998526
0.685468
0.684508
0.369044
0.367191
0.362458
0.361995
0.366653
0.078493
0.377107
0.362848
0.683647
0.684287
0.374121
0.067321
0.065295
0.052086
0.682854
0.066160
0.690805
0.376029
0.364212
0.074335
0.691965
0.997751
0.091378
0.101221
0.088215
0.695406
0.076440
0.382035
0.389146
0.398288
0.700605
0.365850
0.049630
0.057032
0.379249
0.076036
0.074340
0.088823
0.697252
0.112987
0.363034
0.692251
0.063409
0.078457
0.692048
0.682885
0.356086
0.057723
0.065812
0.090072
0.075638
0.137717
0.375379
0.999483
0.380806
0.999483
0.692969
0.117413
0.409143
0.392204
0.075571
0.268010
0.117854
0.432532
0.381617
0.381574
0.384168
0.375730
0.089333
0.386007
0.374798
0.064444
0.366020
0.371507
0.058825
0.369127
0.378607
0.703923
0.336583
0.041490
0.092605
0.624864
0.688639
0.695913
0.076970
0.005517
0.682478
0.696521
0.388877
0.390530
0.083388
0.077033
0.396411
0.375770
0.379408
0.686904
0.376917
0.069848
0.999483
0.054105
0.999483
0.684171
0.371118
0.368067
0.362625
0.370272
0.379389
0.064641
0.378338
0.688971
0.378578
0.064875
0.066342
0.999483
0.088845
0.695907
0.111586
0.411010
0.035968
0.487711
0.066761
0.999483
0.682753
0.681159
0.680560
0.359663
0.360959
0.050575
0.683008
0.684616
0.678972
0.380669
0.037093
0.400586
0.697318
0.686882
0.081807
0.086257
0.399907
0.386027
0.712070
0.378107
0.999483
0.085935
0.081775
0.060441
0.097399
0.027122
0.389598
0.377427
0.073481
0.690231
0.367205
0.709521
0.352879
0.390720
0.696804
0.695511
0.693024
0.692409
0.395412
0.108013
0.090298
0.057635
0.359717
0.400904
0.353769
0.389587
0.365888
0.292675
0.331181
0.309566
0.601076
0.068116
0.061484
0.050685
0.047353
0.387239
0.692167
0.386245
0.065353
0.037599
0.065510
0.684076
0.366481
0.368595
0.058554
0.685201
0.372904
0.059642
0.057488
0.114429
0.350414
0.686108
0.686747
0.999483
0.380586
0.078040
0.380546
0.379269
0.074103
0.381528
0.376440
0.374499
0.369935
0.049064
0.049130
0.059124
0.078435
0.069850
0.369925
0.344337
0.320456
0.178448
0.057673
0.668203
0.077602
0.384568
0.687486
0.626634
0.744273
0.713828
0.429913
0.061655
0.142999
0.095742
0.377741
0.306864
0.235610
0.113230
0.999483
0.437317
0.448696
0.079283
0.375851
0.097075
0.700481
0.999483
0.378556
0.362814
0.659728
0.690158
0.688587
0.393715
0.390865
0.046559
0.062711
0.998526
0.687679
0.071894
0.998526
0.382907
0.069216
0.063019
0.060208
0.370389
0.370495
0.365956
0.362261
0.362990
0.049429
0.365008
0.396110
0.372761
0.049293
0.373164
0.685064
0.685264
0.685393
0.049982
0.371278
0.682275
0.066910
0.068464
0.684813
0.374192
0.070942
0.386389
0.393129
0.077819
0.395857
0.124166
0.317495
0.384883
0.387507
0.691661
0.073098
0.680695
0.685383
0.999483
0.063664
0.687837
0.065351
0.064011
0.386863
0.748967
0.088482
0.391122
0.999867
0.087464
0.999867
0.044966
0.059054
0.685822
0.999867
0.685437
0.130514
0.323229
0.999483
0.068030
0.379370
0.105742
0.105448
0.999483
0.116336
0.406877
0.999483
0.120943
0.379347
0.399451
0.389320
0.091614
0.691235
0.398480
0.102446
0.385939
0.999483
0.082999
0.102647
0.369910
0.999483
0.057404
0.378253
0.373418
0.396888
0.115383
0.668871
0.117931
0.008335
0.691675
0.313599
0.264442
0.740221
0.071872
0.999483
0.392881
0.999483
0.695138
0.069186
0.325769
0.356057
0.373149
0.377642
0.052828
0.367000
0.365866
0.366914
0.372233
0.078186
0.059663
0.361011
0.398876
0.061574
0.060614
0.376803
0.378248
0.065964
0.375494
0.066625
0.380013
0.078643
0.113218
0.408475
0.410976
0.347516
0.137633
0.695368
0.075275
0.048323
0.043076
0.042566
0.362238
0.365747
0.071312
0.050371
0.060328
0.023331
0.063171
0.702697
0.043753
0.066071
0.684606
0.375864
0.014224
0.346992
0.381339
0.101434
0.397411
0.377242
0.999483
0.367500
0.032403
0.400559
0.697892
0.999483
0.077763
0.999483
0.688858
0.395102
0.362809
0.384401
0.082698
0.999483
0.087470
0.090170
0.395412
0.388579
0.351701
0.999483
0.676682
0.699034
0.395631
0.407874
0.092017
0.065179
0.263986
0.335247
0.277830
0.739156
0.999483
0.423730
0.063511
0.049821
0.384970
0.999483
0.382909
0.377191
0.367047
0.056656
0.067924
0.063303
0.372812
0.999483
0.375156
0.066678
0.375062
0.685243
0.606373
0.147337
0.351615
0.361531
0.686747
0.060089
0.084359
0.385135
0.383543
0.999483
0.385523
0.382851
0.689653
0.053664
0.999483
0.372216
0.383703
0.391158
0.413293
0.415195
0.369547
0.123378
0.999483
0.426011
0.377205
0.371354
0.675080
0.058579
0.067884
0.010411
0.744273
0.395855
0.999483
0.055145
0.417516
0.400802
0.386582
0.102265
0.434242
0.039234
0.999483
0.426698
0.400326
0.390426
0.364186
0.038083
0.108888
0.433168
0.050103
0.381480
0.371354
0.364846
0.379348
0.026906
0.370580
0.063050
0.063403
0.061458
0.376715
0.065798
0.070401
0.997751
0.687656
0.686322
0.060949
0.057499
0.052984
0.049963
0.053390
0.371399
0.364057
0.373582
0.068031
0.689381
0.045187
0.055794
0.057270
0.055665
0.048928
0.680161
0.363602
0.682275
0.058289
0.683308
0.374005
0.379346
0.087834
0.396713
0.695341
0.395099
0.036647
0.656876
0.238367
0.437732
0.078277
0.997751
0.038366
0.371224
0.061549
0.376583
0.375463
0.685812
0.999483
0.059870
0.370013
0.017968
0.099364
0.401940
0.108892
0.692048
0.691736
0.054082
0.683368
0.369368
0.055207
0.378613
0.384836
0.376916
0.070173
0.999483
0.062719
0.999483
0.143419
0.420759
0.354728
0.117103
0.387904
0.698908
0.096334
0.382838
0.692438
0.386779
0.106548
0.071989
0.378129
0.687111
0.076350
0.045850
0.049255
0.369121
0.372694
0.372907
0.089264
0.067729
0.999483
0.050586
0.373805
0.703801
0.390288
0.581447
0.740221
0.999483
0.140143
0.697225
0.093772
0.374293
0.384608
0.299406
0.361443
0.295348
0.060407
0.367145
0.681876
0.683402
0.048469
0.050397
0.057713
0.379854
0.387689
0.082998
0.062171
0.999483
0.684528
0.376497
0.065308
0.062110
0.685404
0.377044
0.999483
0.689870
0.400502
0.999483
0.078864
0.402355
0.391451
0.390091
0.625727
0.060384
0.365176
0.367321
0.047717
0.049084
0.054815
0.090897
0.363769
0.361864
0.048858
0.076626
0.360864
0.365221
0.372210
0.344233
0.362006
0.376924
0.685775
0.053466
0.084351
0.055088
0.051616
0.680284
0.357995
0.100468
0.106187
0.075488
0.999483
0.067970
0.690231
0.065124
0.689192
0.376304
0.081657
0.092970
0.096794
0.999483
0.089066
0.674502
0.999483
0.351701
0.309380
0.386908
0.104866
0.693945
0.398472
0.687085
0.025895
0.346009
0.383393
0.277629
0.739156
0.676035
0.383941
0.074146
0.068135
0.074898
0.690316
0.380513
0.377883
0.377909
0.073776
0.381876
0.070902
0.070209
0.072605
0.075606
0.378583
0.372570
0.033511
0.338570
0.419960
0.062253
0.367247
0.999483
0.085868
0.072454
0.081074
0.079510
0.999483
0.692417
0.378232
0.060676
0.684042
0.688872
0.314356
0.107101
0.387787
0.087844
0.681919
0.018868
0.738721
0.633990
0.686773
0.374678
0.031415
0.703431
0.673494
0.101294
0.702213
0.088162
0.080782
0.384346
0.043650
0.401370
0.415899
0.385602
0.080688
0.119413
0.143179
0.412299
0.999483
0.325792
0.271362
0.478549
0.157214
0.716392
0.999483
0.399159
0.040782
0.000781
0.056654
0.370908
0.058236
0.061517
0.684254
0.369842
0.059664
0.997751
0.068443
0.067896
0.063893
0.061848
0.686120
0.371689
0.684122
0.369542
0.369992
0.060413
0.997751
0.388286
0.091885
0.997751
0.433295
0.380678
0.371269
0.051290
0.364038
0.681725
0.364577
0.056143
0.370152
0.369015
0.372681
0.379805
0.388219
0.397851
0.100152
0.119897
0.359703
0.676930
0.071747
0.702471
0.997751
0.070188
0.373858
0.372829
0.688229
0.370829
0.686701
0.377052
0.685812
0.053716
0.375089
0.689542
0.999483
0.106706
0.700334
0.068932
0.055517
0.058815
0.683798
0.366201
0.045169
0.374122
0.369998
0.084639
0.695018
0.379480
0.006761
0.429906
0.704528
0.100318
0.063054
0.435307
0.413875
0.057961
0.106027
0.061825
0.422644
0.410834
0.164928
0.291823
0.375638
0.121614
0.018915
0.368756
0.373745
0.049571
0.053969
0.058348
0.379467
0.691657
0.075062
0.070883
0.999483
0.062354
0.087194
0.004538
0.331363
0.145996
0.388076
0.392661
0.402097
0.403127
0.064832
0.368715
0.351466
0.090052
0.386744
0.066393
0.055089
0.683332
0.685616
0.368553
0.055210
0.999483
0.375182
0.371325
0.050432
0.055721
0.062594
0.063686
0.374032
0.058405
0.684506
0.057418
0.060483
0.067935
0.080507
0.392709
0.072948
0.684751
0.376323
0.321811
0.999483
0.625727
0.352002
0.682623
0.435376
0.070036
0.999483
0.681552
0.372869
0.059215
0.999483
0.370217
0.056904
0.368371
0.108365
0.393270
0.694049
0.066089
0.686184
0.053718
0.370525
0.369189
0.366419
0.999483
0.359204
0.111015
0.001316
0.700122
0.122388
0.058724
0.062041
0.064911
0.067015
0.072371
0.695214
0.393106
0.092718
0.699048
0.082139
0.090438
0.043011
0.310464
0.370306
0.386298
0.085910
0.999483
0.097895
0.999483
0.048168
0.681535
0.428496
0.383838
0.025250
0.001242
0.075728
0.999483
0.075908
0.690316
0.999483
0.379030
0.068849
0.688752
0.380834
0.073330
0.382367
0.688135
0.376488
0.074127
0.070828
0.057595
0.359021
0.300736
0.150718
0.702205
0.082651
0.005945
0.044891
0.692187
0.387431
0.692942
0.692417
0.075027
0.069332
0.376584
0.006387
0.058966
0.431213
0.261183
0.074398
0.369693
0.372622
0.684527
0.013103
0.062819
0.380933
0.695084
0.372095
0.016684
0.083981
0.078869
0.073368
0.401159
0.395633
0.097480
0.999483
0.120537
0.702651
0.398809
0.315611
0.336288
0.085832
0.708129
0.125911
0.350518
0.424448
0.609314
0.052103
0.229639
0.414937
0.693794
0.013549
0.391773
0.384274
0.376962
0.372805
0.373537
0.371622
0.368000
0.052265
0.056836
0.061677
0.685996
0.374859
0.374038
0.060637
0.371944
0.056720
0.370790
0.059912
0.686132
0.374423
0.377468
0.700160
0.394894
0.111228
0.997751
0.077644
0.363743
0.366637
0.997751
0.681725
0.368857
0.370623
0.371542
0.684622
0.384017
0.997751
0.097793
0.421757
0.411797
0.378833
0.997751
0.676930
0.412623
0.077500
0.061976
0.066168
0.370985
0.371505
0.684553
0.056456
0.061984
0.377130
0.065335
0.684562
0.066954
0.378719
0.141083
0.109168
0.397222
0.999867
0.685740
0.061962
0.062910
0.069503
0.066991
0.393455
0.706695
0.705485
0.070909
0.049842
0.333141
0.395489
0.999886
0.705030
0.125033
0.096859
0.060818
0.410609
0.999483
0.065091
0.463230
0.695275
0.125319
0.691481
0.696126
0.180142
0.689230
0.683526
0.999483
0.057315
0.374905
0.375108
0.067801
0.689478
0.689500
0.068400
0.073402
0.309584
0.479575
0.012775
0.082186
0.044637
0.061657
0.080447
0.096535
0.999483
0.087610
0.084080
0.999483
0.710130
0.389972
0.375717
0.369536
0.687396
0.685616
0.372028
0.371491
0.369726
0.373931
0.372258
0.684885
0.686868
0.059092
0.684796
0.055214
0.999483
0.684506
0.684341
0.685102
0.372171
0.071445
0.369300
0.684119
0.684751
0.071551
0.324641
0.364317
0.677535
0.034749
0.104562
0.366535
0.056980
0.375151
0.379719
0.063439
0.370217
0.999483
0.050527
0.706495
0.999483
0.401062
0.999483
0.068772
0.685814
0.054917
0.370644
0.371921
0.680059
0.043310
0.421612
0.324421
0.683978
0.393345
0.700122
0.430755
0.061186
0.688307
0.073695
0.999483
0.087362
0.999483
0.080992
0.076164
0.999483
0.679593
0.694472
0.369348
0.360095
0.401425
0.395524
0.080859
0.697512
0.067670
0.371584
0.043116
0.681980
0.999483
0.423342
0.294876
0.096974
0.694080
0.080318
0.382997
0.070561
0.689797
0.063207
0.999483
0.688752
0.078126
0.688135
0.999483
0.373536
0.059724
0.370427
0.364596
0.058123
0.999483
0.095361
0.441619
0.999483
0.063985
0.383513
0.372779
0.693713
0.387526
0.383782
0.687513
0.999483
0.005028
0.345101
0.443315
0.345681
0.999483
0.634484
0.379550
0.055434
0.999483
0.684527
0.684543
0.081503
0.384004
0.402827
0.053901
0.999483
0.378486
0.357237
0.380446
0.400752
0.105897
0.405493
0.400267
0.701109
0.391219
0.357238
0.303833
0.027972
0.316071
0.127597
0.137469
0.611946
0.428041
0.064871
0.699292
0.154733
0.312285
0.388987
0.385323
0.386065
0.378797
0.686564
0.685891
0.685195
0.367053
0.681497
0.681187
0.056921
0.685855
0.997751
0.685855
0.685579
0.372773
0.373004
0.372849
0.372924
0.373557
0.063660
0.367261
0.072388
0.108881
0.065132
0.081703
0.045781
0.681025
0.361988
0.052431
0.053478
0.370757
0.372420
0.684728
0.374913
0.068817
0.078454
0.101623
0.423479
0.699654
0.997751
0.378833
0.352515
0.366926
0.057900
0.367779
0.377442
0.025303
0.036047
0.367960
0.686754
0.688626
0.999483
0.065206
0.376473
0.064964
0.080223
0.712010
0.999867
0.085721
0.369363
0.078632
0.379491
0.386867
0.999867
0.085691
0.099813
0.999483
0.402230
0.702392
0.042772
0.359233
0.749212
0.704626
0.172170
0.695247
0.365039
0.384937
0.084465
0.145639
0.456442
0.695275
0.999483
0.049721
0.304219
0.429459
0.680192
0.368226
0.057915
0.372958
0.678859
0.072925
0.688993
0.062551
0.066042
0.070639
0.999483
0.082445
0.121649
0.999483
0.403606
0.353153
0.679891
0.041363
0.372790
0.400781
0.087390
0.402442
0.401407
0.409271
0.091445
0.390491
0.687839
0.374129
0.999483
0.059941
0.999483
0.057050
0.999483
0.687266
0.686398
0.060193
0.374099
0.057324
0.999483
0.684796
0.052453
0.051723
0.053546
0.056027
0.372383
0.053955
0.684119
0.999483
0.373446
0.681803
0.052262
0.037494
0.016545
0.012477
0.694592
0.078356
0.699766
0.381692
0.383009
0.070923
0.686172
0.061586
0.054545
0.055087
0.402377
0.397435
0.382071
0.685814
0.999483
0.058302
0.686942
0.059743
0.057123
0.368650
0.301885
0.140546
0.685478
0.701299
0.430788
0.610288
0.061664
0.687812
0.688307
0.384460
0.389678
0.393040
0.396398
0.394297
0.027657
0.379652
0.691771
0.365073
0.082382
0.074107
0.398514
0.382519
0.074649
0.999483
0.686568
0.055101
0.682033
0.065716
0.697708
0.128837
0.384383
0.694385
0.069849
0.690832
0.378899
0.060656
0.058099
0.065148
0.080111
0.392940
0.071825
0.049150
0.684406
0.368474
0.683102
0.681134
0.681214
0.394081
0.687626
0.071930
0.378528
0.062060
0.380952
0.077043
0.076408
0.077410
0.072299
0.061753
0.096749
0.073323
0.704024
0.092631
0.701975
0.345681
0.079015
0.062966
0.999483
0.367660
0.366519
0.070670
0.999483
0.396512
0.698168
0.700468
0.368826
0.443582
0.079594
0.382455
0.999483
0.700148
0.083028
0.999483
0.084069
0.999483
0.688051
0.670849
0.076060
0.051192
0.052575
0.999483
0.747700
0.025399
0.999483
0.397635
0.001693
0.069751
0.071908
0.380529
0.379670
0.377880
0.063065
0.060778
0.056537
0.367438
0.048209
0.048247
0.366591
0.060412
0.685855
0.373464
0.372846
0.685191
0.373619
0.375395
0.375610
0.997751
0.059924
0.364467
0.359604
0.365851
0.389770
0.379573
0.057927
0.997751
0.428791
0.383323
0.369452
0.370235
0.684662
0.373518
0.123646
0.376138
0.380151
0.387993
0.119789
0.117861
0.699654
0.391317
0.081657
0.081734
0.686795
0.688838
0.997751
0.356207
0.999483
0.035933
0.683529
0.063647
0.073226
0.068624
0.999483
0.374536
0.062079
0.097197
0.712394
0.704224
0.075014
0.689433
0.695297
0.999867
0.090299
0.999483
0.123237
0.084889
0.405576
0.683401
0.028585
0.365682
0.068769
0.125986
0.000743
0.389555
0.707013
0.374907
0.323436
0.095871
0.120894
0.424443
0.077929
0.053671
0.069277
0.607576
0.091466
0.690570
0.049432
0.356457
0.999483
0.066621
0.372645
0.674166
0.069632
0.380735
0.077076
0.695040
0.298240
0.153817
0.081921
0.367252
0.999483
0.363042
0.688926
0.358098
0.705010
0.412697
0.698624
0.999483
0.102832
0.387788
0.068771
0.687839
0.376547
0.066963
0.377072
0.065564
0.687266
0.374501
0.060734
0.374017
0.060264
0.372339
0.055716
0.053118
0.367113
0.051027
0.999483
0.683962
0.685077
0.371993
0.063494
0.372555
0.057124
0.057131
0.052203
0.687922
0.366282
0.065251
0.691362
0.694592
0.389334
0.394140
0.072955
0.688846
0.375943
0.377060
0.375307
0.057729
0.124431
0.078864
0.060748
0.058663
0.059411
0.687459
0.062651
0.375038
0.372996
0.696909
0.161572
0.336344
0.385794
0.999483
0.312105
0.386826
0.685998
0.686877
0.067070
0.382853
0.388650
0.393017
0.079381
0.075892
0.016907
0.051677
0.359867
0.378990
0.999483
0.382456
0.383555
0.390766
0.070791
0.686568
0.386540
0.375136
0.383311
0.382997
0.120425
0.384943
0.391648
0.012541
0.121826
0.999483
0.377672
0.057760
0.373587
0.385389
0.388180
0.389152
0.372053
0.369891
0.061019
0.683504
0.368122
0.683102
0.046236
0.364337
0.382075
0.683402
0.685236
0.686784
0.999483
0.686784
0.689277
0.378532
0.379638
0.080860
0.386049
0.999483
0.410629
0.399137
0.999483
0.094053
0.066853
0.686560
0.370020
0.051498
0.053985
0.065202
0.388207
0.391886
0.101629
0.098319
0.003503
0.109094
0.694752
0.696373
0.086106
0.098022
0.999483
0.057027
0.041847
0.062399
0.066491
0.389254
0.085840
0.372922
0.356422
0.129896
0.008193
0.999483
0.100816
0.377442
0.067910
0.376403
0.065964
0.687921
0.064680
0.686355
0.060730
0.373165
0.055253
0.682527
0.050500
0.682357
0.367448
0.058187
0.059239
0.059216
0.060139
0.062083
0.067389
0.997751
0.375565
0.371617
0.363274
0.360497
0.370954
0.687930
0.083480
0.079750
0.689560
0.368414
0.111196
0.997751
0.389119
0.291100
0.058468
0.067136
0.404431
0.177435
0.393346
0.381125
0.694061
0.099330
0.702723
0.396771
0.122444
0.997751
0.088186
0.381712
0.688838
0.375813
0.671364
0.041546
0.684363
0.076301
0.381320
0.999483
0.064917
0.375210
0.061285
0.688916
0.079835
0.694295
0.066703
0.194322
0.130284
0.374429
0.687908
0.382814
0.117051
0.999483
0.063474
0.702666
0.063769
0.377617
0.375202
0.051606
0.999483
0.082847
0.999483
0.120282
0.429134
0.007944
0.077447
0.069716
0.065192
0.058653
0.686770
0.699110
0.102221
0.326199
0.428413
0.020952
0.371608
0.078410
0.999785
0.684663
0.077212
0.701328
0.087014
0.049497
0.457784
0.421798
0.999483
0.080297
0.679891
0.051045
0.367641
0.293131
0.673091
0.313195
0.119176
0.393166
0.999483
0.074824
0.068570
0.379087
0.379486
0.999483
0.379198
0.067279
0.375152
0.062188
0.374953
0.687469
0.374741
0.373974
0.056583
0.684815
0.368455
0.367436
0.051900
0.057186
0.377234
0.687641
0.382531
0.069820
0.070455
0.999483
0.687872
0.064603
0.688873
0.378676
0.389576
0.088803
0.389386
0.387249
0.067558
0.377776
0.999483
0.687800
0.363390
0.077279
0.388390
0.375563
0.371881
0.686163
0.999483
0.374906
0.064610
0.687040
0.696909
0.999483
0.314725
0.159896
0.722834
0.448990
0.397400
0.371894
0.061185
0.375657
0.375688
0.069309
0.384794
0.075216
0.370920
0.362792
0.393594
0.082508
0.088233
0.377012
0.382456
0.680808
0.999483
0.042828
0.043324
0.082611
0.085513
0.086158
0.692988
0.698135
0.377172
0.379244
0.101979
0.422969
0.008406
0.380643
0.377779
0.042728
0.375058
0.385655
0.394450
0.999483
0.081206
0.387549
0.380345
0.056128
0.052324
0.048920
0.047492
0.049310
0.050269
0.048949
0.363388
0.368872
0.686784
0.060036
0.378532
0.689601
0.688098
0.678856
0.714476
0.398277
0.116181
0.999483
0.399137
0.393978
0.069736
0.999483
0.370869
0.685486
0.685213
0.686107
0.383638
0.391193
0.374086
0.377450
0.063586
0.999483
0.704209
0.080710
0.999483
0.090257
0.364177
0.999483
0.356476
0.361438
0.387583
0.089501
0.383504
0.379486
0.058857
0.999483
0.682972
0.395730
0.375452
0.064559
0.382303
0.083022
0.435760
0.405339
0.385191
0.376837
0.745719
0.059298
0.055411
0.682568
0.051521
0.682484
0.367760
0.055831
0.684617
0.369835
0.374765
0.065418
0.688635
0.069176
0.687324
0.060010
0.997751
0.368596
0.997751
0.684546
0.384613
0.083155
0.695451
0.073096
0.075656
0.078974
0.291153
0.742212
0.304860
0.373112
0.062631
0.997751
0.681928
0.702751
0.390005
0.074659
0.705400
0.098440
0.113500
0.094417
0.032376
0.083273
0.081729
0.709120
0.676257
0.108223
0.693275
0.080370
0.999483
0.381320
0.072035
0.999483
0.071622
0.381449
0.999483
0.375478
0.069922
0.368301
0.495716
0.336362
0.352673
0.680891
0.046067
0.067669
0.367012
0.685280
0.071206
0.378135
0.069086
0.078500
0.375316
0.691607
0.413086
0.999483
0.705556
0.060318
0.693078
0.686249
0.690948
0.691163
0.378407
0.378263
0.071674
0.066450
0.306231
0.692231
0.999785
0.061005
0.684663
0.351839
0.624598
0.461990
0.069461
0.049016
0.999483
0.709648
0.113639
0.999483
0.376910
0.054732
0.368546
0.380871
0.224917
0.123248
0.450739
0.102249
0.694025
0.073423
0.689903
0.070575
0.070474
0.689800
0.380035
0.066597
0.063694
0.375725
0.375799
0.687870
0.687469
0.375532
0.059466
0.999483
0.684815
0.683998
0.368341
0.054396
0.059282
0.066894
0.381429
0.384278
0.384914
0.072582
0.071005
0.069436
0.689349
0.379767
0.386179
0.396973
0.313353
0.379273
0.072489
0.687233
0.056221
0.047960
0.065840
0.375398
0.999483
0.067345
0.373357
0.372629
0.686163
0.375645
0.065244
0.063284
0.356775
0.394438
0.416494
0.617299
0.097653
0.696019
0.369593
0.058959
0.374397
0.999483
0.376318
0.377647
0.070471
0.689410
0.684864
0.679504
0.678739
0.695251
0.396981
0.403545
0.401113
0.050304
0.347760
0.675557
0.039164
0.999483
0.689899
0.398668
0.100583
0.078756
0.368777
0.378663
0.692243
0.382562
0.051236
0.360600
0.679209
0.033687
0.377151
0.690880
0.087876
0.090782
0.999483
0.083223
0.380172
0.688154
0.057854
0.999483
0.051833
0.369892
0.688049
0.066111
0.098798
0.050175
0.052217
0.057157
0.062537
0.378330
0.055445
0.078781
0.047257
0.677931
0.073544
0.696645
0.094002
0.687931
0.687000
0.686560
0.055937
0.685213
0.369040
0.058282
0.055557
0.049631
0.048161
0.373412
0.373223
0.086648
0.091972
0.097724
0.083324
0.013532
0.103846
0.356476
0.689327
0.999483
0.065577
0.374019
0.687198
0.689643
0.687265
0.369926
0.376500
0.061044
0.064926
0.075387
0.693219
0.693429
0.161237
0.410578
0.398929
0.492783
0.999483
0.116110
0.054330
0.682288
0.051650
0.682536
0.368384
0.371186
0.683927
0.065425
0.701808
0.092606
0.085122
0.694000
0.064813
0.062339
0.053800
0.046662
0.061411
0.384613
0.693769
0.389291
0.081120
0.695569
0.997751
0.695569
0.432067
0.697417
0.686739
0.687120
0.617808
0.681928
0.022771
0.065586
0.057586
0.054092
0.695230
0.377238
0.997751
0.368319
0.102334
0.301448
0.373879
0.699039
0.392505
0.146852
0.699703
0.080616
0.382412
0.382394
0.379290
0.379760
0.385509
0.383817
0.381891
0.690412
0.381352
0.070146
0.373275
0.748221
0.001536
0.362915
0.379839
0.999483
0.378987
0.380109
0.072067
0.381774
0.383641
0.377949
0.075340
0.699530
0.388875
0.087888
0.383724
0.410555
0.114374
0.693078
0.085222
0.387969
0.390250
0.386043
0.694307
0.442118
0.082162
0.055160
0.692533
0.380802
0.054822
0.019969
0.417175
0.707662
0.466206
0.693248
0.709648
0.412176
0.422094
0.378360
0.060099
0.057454
0.369914
0.304543
0.593738
0.310818
0.420984
0.441442
0.066673
0.380483
0.380297
0.689742
0.999483
0.380022
0.067799
0.065441
0.376347
0.687812
0.376365
0.688062
0.064373
0.376587
0.687718
0.058999
0.056013
0.054065
0.369405
0.369982
0.059418
0.374263
0.378797
0.690917
0.384325
0.384802
0.383621
0.071294
0.689939
0.381099
0.386538
0.694095
0.124002
0.013687
0.076382
0.390563
0.369352
0.042628
0.681379
0.051197
0.380509
0.999483
0.065624
0.063631
0.376396
0.376949
0.064177
0.999483
0.072656
0.999483
0.697012
0.098522
0.049884
0.683697
0.055705
0.058378
0.061129
0.376318
0.999483
0.688473
0.689147
0.374405
0.052159
0.046282
0.082732
0.083749
0.392878
0.070604
0.382817
0.041416
0.335896
0.366696
0.999483
0.372213
0.082852
0.100337
0.078862
0.690150
0.379283
0.382931
0.082705
0.063749
0.688594
0.373758
0.363356
0.040076
0.682120
0.368015
0.379977
0.085933
0.082686
0.382327
0.689083
0.378754
0.057710
0.052336
0.055485
0.685034
0.371888
0.376168
0.091915
0.372262
0.685216
0.999483
0.059772
0.051175
0.362951
0.356039
0.354575
0.999483
0.389364
0.060528
0.697557
0.066111
0.375798
0.687000
0.062600
0.049194
0.367844
0.681229
0.999483
0.366440
0.999483
0.062472
0.688838
0.382009
0.384859
0.385071
0.696406
0.099717
0.699390
0.109264
0.041626
0.063849
0.999483
0.685501
0.370543
0.374981
0.373203
0.057962
0.057147
0.370842
0.374747
0.077774
0.999483
0.397737
0.406838
0.445573
0.410706
0.407623
0.159081
0.289196
0.367192
0.366825
0.366305
0.366918
0.369369
0.683650
0.372650
0.083858
0.393171
0.997751
0.103281
0.997751
0.694000
0.682869
0.685549
0.682542
0.074433
0.388901
0.692609
0.691054
0.691873
0.380389
0.071168
0.373258
0.368152
0.426234
0.065577
0.053914
0.098855
0.022427
0.686199
0.997751
0.686199
0.053218
0.688253
0.379381
0.372167
0.359336
0.362144
0.356203
0.363854
0.682868
0.399067
0.184688
0.337020
0.005744
0.685724
0.052209
0.370366
0.687429
0.061897
0.690254
0.072060
0.072335
0.070819
0.067018
0.064931
0.377314
0.688912
0.065863
0.376056
0.066802
0.689403
0.377820
0.076693
0.385496
0.999483
0.073508
0.369345
0.373184
0.368219
0.675916
0.397769
0.110874
0.452861
0.393088
0.414315
0.384747
0.113914
0.400336
0.096009
0.999785
0.695616
0.698078
0.365313
0.370089
0.702903
0.999785
0.410478
0.487322
0.297940
0.152770
0.693248
0.121991
0.059735
0.062612
0.065064
0.376029
0.061428
0.283263
0.665134
0.593738
0.136846
0.681844
0.077638
0.381650
0.070083
0.069945
0.379746
0.689473
0.067739
0.377824
0.688707
0.064843
0.999483
0.687979
0.688062
0.377040
0.063858
0.376330
0.375064
0.367969
0.369924
0.372810
0.685296
0.390188
0.070553
0.072334
0.382646
0.074903
0.690413
0.071548
0.999483
0.382112
0.387460
0.097020
0.094842
0.999483
0.399719
0.702143
0.001306
0.031893
0.680666
0.061863
0.068705
0.377542
0.688838
0.999483
0.379156
0.378189
0.063890
0.061087
0.058674
0.382363
0.117011
0.053010
0.051786
0.052797
0.056569
0.686797
0.062706
0.066414
0.377726
0.068971
0.071995
0.065475
0.999483
0.372649
0.689654
0.396319
0.087710
0.688266
0.055890
0.057131
0.036789
0.692430
0.366696
0.074547
0.385852
0.072374
0.692313
0.077870
0.999483
0.385980
0.386199
0.381476
0.377584
0.377989
0.053171
0.682120
0.999483
0.682120
0.370400
0.374719
0.068921
0.377279
0.687351
0.061735
0.685128
0.054805
0.369713
0.370875
0.372948
0.388118
0.688919
0.072055
0.056710
0.057434
0.684958
0.047497
0.360057
0.999483
0.679240
0.043110
0.029225
0.052429
0.008406
0.079549
0.067679
0.051813
0.999483
0.048255
0.682515
0.364467
0.366273
0.360002
0.045293
0.369231
0.372061
0.688838
0.375412
0.693927
0.044155
0.999483
0.359571
0.999483
0.044092
0.013522
0.048381
0.363426
0.364228
0.372933
0.056585
0.054347
0.683645
0.368401
0.371991
0.379630
0.084974
0.106238
0.706307
0.698410
0.698733
0.999483
0.377666
0.032366
0.365790
0.363781
0.364408
0.364317
0.363929
0.054865
0.087847
0.082642
0.421917
0.426942
0.170523
0.130188
0.119255
0.044250
0.059991
0.057529
0.070349
0.087292
0.693769
0.079698
0.380121
0.380058
0.685108
0.057708
0.368446
0.052931
0.682593
0.667106
0.702407
0.686616
0.383773
0.378998
0.058868
0.058920
0.041843
0.683182
0.341599
0.049904
0.997751
0.364383
0.363144
0.051175
0.014519
0.046817
0.112406
0.479042
0.094789
0.006027
0.020278
0.376368
0.080290
0.074790
0.079093
0.999483
0.378112
0.687390
0.999483
0.063724
0.376332
0.688880
0.058799
0.372302
0.687451
0.374772
0.379386
0.092793
0.067047
0.372597
0.372888
0.034192
0.676744
0.042407
0.360303
0.373025
0.398849
0.434891
0.082158
0.418732
0.074709
0.419763
0.413383
0.695314
0.082982
0.036890
0.048927
0.065982
0.369536
0.374937
0.417495
0.606813
0.085876
0.437132
0.092246
0.686959
0.687707
0.064847
0.379399
0.379407
0.689007
0.665134
0.999483
0.049411
0.686139
0.073344
0.069947
0.068972
0.378656
0.689751
0.689630
0.070024
0.069594
0.688707
0.999483
0.066417
0.065917
0.065890
0.066144
0.688429
0.378074
0.385354
0.379396
0.375608
0.682050
0.064039
0.376230
0.390818
0.999483
0.071519
0.071393
0.380926
0.689612
0.070117
0.379809
0.382655
0.385649
0.089385
0.388361
0.386247
0.395285
0.129673
0.162925
0.315684
0.686701
0.371697
0.056068
0.060506
0.062924
0.067659
0.689096
0.378981
0.377249
0.060735
0.370764
0.999483
0.684834
0.368052
0.052077
0.684310
0.371392
0.687037
0.063899
0.688736
0.999483
0.376763
0.377082
0.073669
0.686922
0.688372
0.378340
0.377020
0.696216
0.056227
0.374561
0.082642
0.999483
0.685903
0.075994
0.396769
0.384839
0.089517
0.392719
0.999483
0.086979
0.695558
0.693433
0.382253
0.689537
0.380264
0.060592
0.047421
0.050818
0.368310
0.053364
0.683836
0.058969
0.687351
0.372870
0.371174
0.999483
0.054326
0.368888
0.684829
0.686439
0.685156
0.372669
0.060572
0.685766
0.371160
0.685128
0.050627
0.999483
0.041921
0.037473
0.363857
0.375803
0.373034
0.073666
0.999483
0.379936
0.078295
0.090854
0.383613
0.360373
0.376118
0.363046
0.354394
0.043306
0.999483
0.362782
0.039454
0.287484
0.054865
0.055481
0.045267
0.074577
0.051148
0.682754
0.346475
0.313037
0.039016
0.366284
0.056765
0.369973
0.053543
0.605422
0.368457
0.371502
0.686513
0.384485
0.099157
0.111636
0.102265
0.395226
0.388618
0.684194
0.360184
0.682134
0.362638
0.360767
0.359143
0.360355
0.360271
0.080915
0.684932
0.413294
0.131751
0.398560
0.406728
0.684747
0.686842
0.686972
0.997751
0.072986
0.082857
0.063949
0.085052
0.077864
0.380329
0.060026
0.997751
0.056208
0.997751
0.368489
0.068117
0.667106
0.098264
0.071679
0.690012
0.997751
0.077155
0.997751
0.044498
0.054786
0.367370
0.049641
0.997751
0.681574
0.999483
0.371740
0.384635
0.391574
0.150514
0.411880
0.377988
0.387898
0.068588
0.318275
0.675156
0.087500
0.069371
0.689584
0.064421
0.687390
0.061988
0.376714
0.376342
0.685214
0.057436
0.685487
0.373900
0.077855
0.096513
0.371009
0.375949
0.044635
0.999483
0.357894
0.999483
0.051882
0.999483
0.078749
0.086434
0.421599
0.399520
0.999483
0.049921
0.386987
0.136772
0.423555
0.999483
0.366110
0.999483
0.059299
0.370590
0.359425
0.367249
0.999483
0.062834
0.374455
0.374521
0.999483
0.066973
0.380913
0.999483
0.070199
0.070249
0.355311
0.069572
0.379282
0.068425
0.688721
0.067109
0.689131
0.068554
0.070847
0.380933
0.689949
0.069855
0.378055
0.999483
0.378087
0.377797
0.378669
0.071174
0.087756
0.702514
0.391452
0.690522
0.046988
0.382175
0.100779
0.143538
0.442479
0.388832
0.377205
0.068826
0.688715
0.379121
0.074304
0.693506
0.077762
0.691744
0.071701
0.999483
0.387439
0.399585
0.056576
0.678799
0.321730
0.055212
0.362147
0.680849
0.051583
0.376037
0.377301
0.999483
0.377186
0.061016
0.370713
0.684834
0.053117
0.999483
0.683558
0.683593
0.057694
0.999483
0.064540
0.066532
0.066075
0.687535
0.373852
0.378503
0.379309
0.371815
0.060918
0.081718
0.690960
0.999483
0.372343
0.067263
0.065328
0.065458
0.378633
0.367627
0.118432
0.197382
0.999483
0.392719
0.391638
0.085812
0.073841
0.381198
0.069073
0.381190
0.067734
0.371120
0.367348
0.365646
0.367321
0.683769
0.055240
0.059802
0.685098
0.056326
0.054133
0.683787
0.367938
0.053601
0.054968
0.684424
0.370374
0.057300
0.057440
0.371085
0.685378
0.052839
0.046462
0.683117
0.364131
0.050773
0.372727
0.684826
0.378043
0.071855
0.366730
0.374719
0.057847
0.056442
0.079192
0.060524
0.047875
0.043955
0.049420
0.047866
0.999483
0.361055
0.662127
0.292148
0.376699
0.365351
0.370502
0.684033
0.021469
0.348074
0.353396
0.661783
0.048754
0.370913
0.371532
0.227890
0.744284
0.293455
0.999483
0.072518
0.999483
0.076033
0.694084
0.384396
0.066338
0.058888
0.045521
0.364393
0.044723
0.361261
0.358114
0.038366
0.680584
0.366805
0.367790
0.999447
0.684932
0.430732
0.106627
0.997751
0.094405
0.012661
0.080770
0.076626
0.090785
0.357971
0.677292
0.045579
0.695512
0.061639
0.369781
0.371435
0.371009
0.369531
0.368480
0.367118
0.067668
0.435172
0.379804
0.387952
0.081345
0.997751
0.384894
0.070218
0.997751
0.370700
0.997751
0.366831
0.362788
0.056439
0.689434
0.387572
0.694980
0.707276
0.423260
0.409852
0.090465
0.619568
0.346549
0.999483
0.365854
0.999483
0.379432
0.372088
0.370602
0.062517
0.687588
0.378328
0.071814
0.063260
0.376883
0.378109
0.089246
0.999483
0.701565
0.039326
0.373467
0.370361
0.353413
0.678340
0.063161
0.086351
0.082506
0.999483
0.106178
0.340438
0.377846
0.014725
0.375373
0.369545
0.371058
0.370578
0.369238
0.372227
0.372671
0.372662
0.372836
0.373595
0.374220
0.061929
0.687228
0.064372
0.067265
0.378744
0.999483
0.380913
0.072928
0.690229
0.380724
0.068382
0.378386
0.688721
0.999483
0.081479
0.052220
0.372849
0.378734
0.072797
0.072547
0.689768
0.069206
0.378324
0.689162
0.688738
0.375899
0.374075
0.087290
0.387517
0.999483
0.381561
0.384095
0.075000
0.999483
0.403257
0.427021
0.117298
0.375042
0.065433
0.687622
0.065756
0.074573
0.385991
0.999483
0.386687
0.691744
0.074278
0.999483
0.693394
0.395245
0.393771
0.366687
0.053647
0.364442
0.683176
0.051943
0.375393
0.999483
0.065986
0.064365
0.373017
0.999483
0.370713
0.052872
0.683558
0.367738
0.368577
0.058514
0.375623
0.066033
0.999483
0.688491
0.065148
0.686784
0.376761
0.068937
0.059857
0.370100
0.089061
0.084884
0.060898
0.306972
0.376961
0.387952
0.067178
0.999483
0.073810
0.690573
0.117864
0.082528
0.017179
0.674153
0.693543
0.691331
0.376229
0.380136
0.380892
0.070708
0.688451
0.374671
0.053841
0.683769
0.369115
0.684456
0.055342
0.999483
0.054236
0.367653
0.051818
0.367528
0.367998
0.684424
0.999483
0.369205
0.055540
0.685440
0.685378
0.370871
0.683780
0.683117
0.682267
0.999483
0.049062
0.999483
0.683524
0.684826
0.372069
0.370350
0.055993
0.999483
0.373982
0.376679
0.377127
0.066996
0.689879
0.059307
0.686007
0.050778
0.374266
0.285482
0.402426
0.999483
0.698560
0.684186
0.047585
0.365307
0.357946
0.358985
0.038026
0.051604
0.686883
0.307992
0.749222
0.339588
0.124339
0.064556
0.071269
0.074274
0.377904
0.072886
0.687162
0.688404
0.683187
0.681850
0.999483
0.044515
0.361253
0.360004
0.039941
0.680686
0.360539
0.021629
0.686628
0.347259
0.708876
0.721008
0.064194
0.009997
0.395413
0.393723
0.406207
0.387987
0.677292
0.997751
0.365753
0.350314
0.082233
0.061946
0.044278
0.371678
0.370277
0.369273
0.367327
0.997751
0.053739
0.387352
0.005879
0.697050
0.694754
0.394900
0.088478
0.064071
0.368879
0.683008
0.369160
0.366313
0.375448
0.693332
0.689434
0.114942
0.423260
0.999483
0.086314
0.378190
0.058680
0.373503
0.057906
0.072639
0.059148
0.685307
0.051191
0.059633
0.686353
0.073487
0.690784
0.077420
0.999483
0.689775
0.389030
0.106163
0.078725
0.004201
0.123244
0.354365
0.681684
0.017176
0.676152
0.038645
0.390452
0.389662
0.391087
0.110330
0.100016
0.240613
0.675724
0.698327
0.061290
0.386118
0.067246
0.067536
0.063498
0.059870
0.056409
0.054819
0.055115
0.372171
0.999483
0.062025
0.065766
0.999483
0.070883
0.382172
0.690936
0.073638
0.999483
0.068996
0.377363
0.377635
0.067845
0.092742
0.353450
0.357070
0.687245
0.999483
0.378453
0.380752
0.070840
0.378713
0.999483
0.066333
0.064201
0.687390
0.370247
0.059279
0.999483
0.387517
0.383903
0.380971
0.091600
0.710165
0.386515
0.436454
0.367489
0.373471
0.062299
0.686900
0.687622
0.071032
0.689394
0.076845
0.383855
0.068011
0.062319
0.068628
0.079105
0.383735
0.385828
0.377835
0.058496
0.369662
0.685643
0.056793
0.375755
0.376806
0.999483
0.063547
0.999483
0.373017
0.371000
0.369193
0.053778
0.053909
0.369265
0.059997
0.689097
0.999483
0.378105
0.377615
0.688643
0.068512
0.073029
0.388851
0.078267
0.999483
0.384917
0.387480
0.390916
0.422588
0.322244
0.391597
0.383748
0.374290
0.057209
0.684858
0.380446
0.387483
0.028434
0.682877
0.046601
0.044444
0.057018
0.689867
0.381215
0.070266
0.999483
0.060914
0.369532
0.052949
0.684456
0.999483
0.054712
0.370068
0.053406
0.367769
0.367661
0.367827
0.367961
0.052470
0.053383
0.999483
0.684264
0.056130
0.371393
0.371612
0.056755
0.054552
0.052814
0.682267
0.683482
0.366277
0.366790
0.058990
0.057654
0.999483
0.684039
0.059209
0.999483
0.688244
0.688865
0.691699
0.071815
0.373881
0.686909
0.999483
0.686909
0.394662
0.393370
0.121598
0.425170
0.369069
0.366871
0.999483
0.681823
0.366895
0.368633
0.060885
0.999483
0.123667
0.717121
0.694726
0.690689
0.690981
0.690515
0.687676
0.999483
0.369675
0.075984
0.380733
0.001670
0.080553
0.046338
0.363889
0.363074
0.362341
0.043182
0.684218
0.353733
0.096686
0.639231
0.418611
0.079552
0.402393
0.997751
0.361184
0.997751
0.399887
0.997751
0.409576
0.360400
0.365753
0.672327
0.997751
0.358998
0.997751
0.372098
0.064882
0.057708
0.055492
0.054132
0.367844
0.056462
0.615736
0.675600
0.385352
0.391074
0.100249
0.085795
0.688148
0.072098
0.684749
0.375767
0.376405
0.693332
0.999483
0.392198
0.409877
0.117483
0.704204
0.390255
0.383617
0.067022
0.382451
0.382520
0.685827
0.684058
0.367068
0.999483
0.057933
0.373617
0.077880
0.071715
0.400939
0.090978
0.691196
0.076484
0.380862
0.609181
0.482772
0.655892
0.438192
0.373731
0.075823
0.010372
0.392137
0.082378
0.381883
0.097267
0.614213
0.694119
0.084906
0.291662
0.360142
0.374411
0.376326
0.688146
0.687756
0.686499
0.999483
0.056699
0.368453
0.368297
0.054552
0.685665
0.059857
0.999483
0.068726
0.690701
0.074597
0.691350
0.073155
0.070105
0.064864
0.063999
0.377916
0.699662
0.678578
0.673711
0.680890
0.369977
0.063161
0.068920
0.378976
0.378632
0.688636
0.378713
0.688641
0.373276
0.057378
0.372402
0.682983
0.081798
0.035476
0.056557
0.395576
0.062260
0.388670
0.365076
0.048721
0.050841
0.057677
0.060578
0.686458
0.062814
0.375881
0.689626
0.067924
0.687753
0.377587
0.375323
0.376070
0.689447
0.690757
0.382244
0.379025
0.063776
0.374082
0.687285
0.373252
0.061914
0.064366
0.376179
0.999483
0.374863
0.060526
0.058545
0.056654
0.371056
0.371140
0.057789
0.061285
0.066118
0.070724
0.074166
0.074511
0.074782
0.079856
0.385325
0.382448
0.689167
0.073868
0.382147
0.382497
0.384290
0.114530
0.999483
0.102941
0.384304
0.373882
0.055224
0.375786
0.688896
0.044325
0.365673
0.682660
0.063994
0.363898
0.057883
0.689010
0.379216
0.068966
0.063872
0.371824
0.684820
0.055367
0.369132
0.684456
0.054510
0.684552
0.053828
0.368749
0.368726
0.368604
0.684074
0.052050
0.683908
0.684264
0.054316
0.056142
0.057360
0.685671
0.371773
0.999483
0.056259
0.683482
0.367105
0.365528
0.368374
0.687578
0.684555
0.367439
0.056147
0.371958
0.065435
0.073942
0.083005
0.081258
0.071774
0.999483
0.062279
0.686909
0.379193
0.396992
0.141764
0.745594
0.080534
0.373328
0.059149
0.681823
0.052599
0.999483
0.685025
0.377130
0.376512
0.687413
0.438851
0.405680
0.383262
0.380762
0.383127
0.383339
0.378359
0.088511
0.392124
0.067807
0.358051
0.319620
0.382051
0.366237
0.365843
0.365989
0.055773
0.999447
0.684218
0.333926
0.341161
0.432834
0.495770
0.250167
0.070936
0.695730
0.402604
0.106903
0.700390
0.412334
0.128893
0.367897
0.301640
0.359488
0.380791
0.375766
0.377649
0.684632
0.682801
0.682591
0.997751
0.056503
0.058438
0.364538
0.615736
0.044535
0.997751
0.691775
0.103082
0.399956
0.082653
0.687815
0.078623
0.088600
0.079167
0.693332
0.398917
0.114961
0.396004
0.390255
0.999483
0.690537
0.387672
0.999483
0.417383
0.132509
0.058737
0.055313
0.684444
0.685287
0.071666
0.999483
0.008172
0.129213
0.127556
0.409007
0.084851
0.368943
0.061072
0.655892
0.999483
0.037118
0.345930
0.373971
0.999483
0.063610
0.688271
0.317569
0.614213
0.999483
0.319013
0.076600
0.367238
0.364135
0.367356
0.370262
0.374317
0.375673
0.374463
0.058773
0.369868
0.368590
0.683964
0.999483
0.369283
0.058159
0.687539
0.377008
0.072315
0.382837
0.381595
0.070575
0.063507
0.686730
0.999483
0.066204
0.053305
0.078128
0.349666
0.033411
0.051621
0.688054
0.688784
0.688894
0.688636
0.999483
0.065908
0.376289
0.686943
0.685174
0.358896
0.048169
0.375234
0.383524
0.311904
0.356189
0.092553
0.693979
0.055580
0.999483
0.682602
0.682586
0.352996
0.297180
0.066148
0.700988
0.074474
0.064296
0.375055
0.999483
0.687478
0.065471
0.070064
0.073679
0.380643
0.378609
0.066890
0.376528
0.687988
0.375304
0.374602
0.062362
0.062997
0.062390
0.374097
0.999483
0.686594
0.686172
0.371990
0.999483
0.372923
0.375043
0.378314
0.381816
0.079001
0.387627
0.387159
0.385319
0.999483
0.381973
0.379015
0.377833
0.380236
0.689333
0.072501
0.380592
0.017815
0.671104
0.074166
0.062722
0.060996
0.380588
0.688885
0.065061
0.999483
0.376790
0.383188
0.058156
0.379293
0.999483
0.377760
0.065541
0.373158
0.684995
0.117434
0.053555
0.053607
0.054133
0.369536
0.684750
0.055027
0.685070
0.055044
0.684074
0.683601
0.999483
0.051845
0.683908
0.053709
0.685473
0.685802
0.371901
0.999483
0.057728
0.999483
0.056175
0.055145
0.054444
0.057830
0.054361
0.053002
0.367859
0.685113
0.375441
0.073897
0.702912
0.390804
0.388560
0.375916
0.376409
0.058315
0.687881
0.380246
0.104798
0.999483
0.088813
0.362682
0.378165
0.377860
0.058089
0.371433
0.371966
0.374802
0.378405
0.070080
0.069431
0.378881
0.376940
0.378428
0.072901
0.077921
0.079465
0.084009
0.095477
0.696593
0.389791
0.381815
0.376271
0.386935
0.683548
0.683343
0.059125
0.702104
0.079824
0.081986
0.027407
0.110733
0.157917
0.016551
0.107004
0.109805
0.104241
0.404487
0.395557
0.704788
0.425922
0.149485
0.374156
0.369585
0.297334
0.373088
0.095348
0.127325
0.378718
0.079182
0.051582
0.041728
0.054423
0.084278
0.079497
0.030782
0.684998
0.060076
0.078443
0.079123
0.086706
0.381066
0.688532
0.692752
0.404978
0.999483
0.393153
0.125375
0.695994
0.097614
0.379568
0.390458
0.381569
0.145138
0.695933
0.709465
0.720933
0.118931
0.685681
0.685287
0.373251
0.062213
0.302420
0.746924
0.999483
0.177419
0.103908
0.367939
0.131051
0.008292
0.481954
0.655892
0.047961
0.392213
0.290831
0.671561
0.009400
0.303184
0.492891
0.706909
0.363033
0.064761
0.357976
0.362256
0.363274
0.365453
0.369220
0.372594
0.374306
0.373731
0.685224
0.999483
0.369500
0.368100
0.683964
0.054346
0.372548
0.376201
0.380733
0.074458
0.072667
0.999483
0.066055
0.684676
0.372193
0.371206
0.063702
0.687188
0.669924
0.370196
0.684157
0.687312
0.374233
0.376833
0.377600
0.377654
0.376749
0.999483
0.059216
0.046368
0.365375
0.043728
0.666753
0.358604
0.327225
0.351277
0.348287
0.062921
0.377197
0.372919
0.367536
0.366332
0.052831
0.050703
0.026475
0.303393
0.094580
0.999483
0.395459
0.379586
0.063350
0.687203
0.376711
0.377895
0.378595
0.689557
0.688833
0.067968
0.687988
0.687903
0.063219
0.686543
0.061048
0.686316
0.373783
0.374379
0.374024
0.060462
0.059171
0.058073
0.058033
0.374321
0.999483
0.069779
0.691205
0.079504
0.388196
0.386545
0.691782
0.075224
0.379197
0.376818
0.376489
0.381857
0.381641
0.064230
0.291973
0.671104
0.999483
0.042806
0.051972
0.679930
0.082390
0.999483
0.381922
0.682279
0.692520
0.374353
0.018264
0.674945
0.065787
0.067395
0.375369
0.371977
0.431804
0.999483
0.113729
0.367618
0.368823
0.369810
0.999483
0.056271
0.999483
0.056855
0.057008
0.052839
0.049754
0.049059
0.050839
0.053749
0.371185
0.372173
0.372378
0.685821
0.058375
0.371306
0.685466
0.371522
0.371724
0.057349
0.686387
0.370868
0.059196
0.066178
0.068835
0.674420
0.016559
0.999483
0.399061
0.433331
0.088823
0.093301
0.059429
0.060112
0.052255
0.070996
0.046330
0.060573
0.378011
0.059719
0.999483
0.372062
0.372885
0.376252
0.069813
0.999483
0.688276
0.376314
0.377245
0.378784
0.377753
0.381149
0.385522
0.092261
0.394915
0.999483
0.696593
0.394431
0.393893
0.396359
0.078488
0.062306
0.076789
0.383186
0.999483
0.082215
0.391268
0.417178
0.407395
0.707258
0.694277
0.999447
0.093568
0.405470
0.405006
0.083157
0.740269
0.047371
0.359553
0.367049
0.115514
0.706030
0.179637
0.997751
0.084023
0.997751
0.702065
0.370875
0.997751
0.095157
0.997751
0.059611
0.084916
0.089181
0.374963
0.354903
0.037750
0.360019
0.048636
0.112200
0.997751
0.695004
0.089251
0.429512
0.707378
0.360875
0.088028
0.685752
0.394825
0.091405
0.709465
0.060674
0.423585
0.052906
0.371398
0.370662
0.685098
0.368385
0.365677
0.286930
0.109962
0.041737
0.686929
0.065710
0.338697
0.999483
0.025440
0.073936
0.350080
0.312947
0.395085
0.317200
0.405590
0.112718
0.699877
0.748302
0.060159
0.357968
0.370702
0.365687
0.366303
0.368926
0.062304
0.374347
0.374996
0.374044
0.372110
0.370214
0.368786
0.683759
0.052966
0.369694
0.685234
0.062176
0.380372
0.690483
0.689408
0.689800
0.061189
0.368120
0.369151
0.999483
0.060964
0.383143
0.069881
0.051203
0.059644
0.063310
0.064957
0.064476
0.064041
0.063976
0.063563
0.060732
0.056088
0.688380
0.382666
0.026032
0.999483
0.365109
0.395400
0.079066
0.369660
0.679982
0.367879
0.391995
0.380349
0.058519
0.063789
0.999483
0.687262
0.086902
0.705282
0.102330
0.999483
0.698651
0.378987
0.065372
0.688038
0.688416
0.688742
0.066349
0.066210
0.067275
0.065683
0.687005
0.061748
0.685814
0.059543
0.999483
0.686316
0.373911
0.061198
0.373547
0.372576
0.685907
0.685535
0.058634
0.061890
0.376672
0.380573
0.079189
0.387605
0.385361
0.689955
0.379653
0.374709
0.372915
0.375743
0.382462
0.073698
0.999483
0.368244
0.291973
0.055492
0.369942
0.031873
0.680275
0.047516
0.073322
0.084015
0.385846
0.086935
0.383819
0.033352
0.369542
0.687002
0.375656
0.067069
0.376983
0.324027
0.435173
0.001065
0.371268
0.371047
0.685367
0.055608
0.057299
0.056783
0.372428
0.684296
0.682496
0.999483
0.365405
0.683674
0.369100
0.057381
0.059659
0.059682
0.058566
0.057412
0.057191
0.999483
0.058434
0.686456
0.372058
0.057011
0.999483
0.685222
0.364004
0.050938
0.999483
0.347457
0.011609
0.393257
0.133674
0.999483
0.420792
0.431868
0.371686
0.051755
0.683534
0.368610
0.369479
0.373095
0.370492
0.053724
0.369627
0.055794
0.059560
0.060687
0.056067
0.046606
0.002629
0.066310
0.066136
0.374740
0.377692
0.381435
0.084612
0.392112
0.088400
0.091660
0.401473
0.405618
0.702007
0.400862
0.394774
0.298731
0.711859
0.705605
0.405427
0.999447
0.091169
0.535021
0.101071
0.109205
0.126084
0.089753
0.079056
0.077106
0.052260
0.041643
0.045641
0.053112
0.054214
0.047097
0.101784
0.100131
0.365496
0.388200
0.052284
0.097490
0.021739
0.035320
0.680913
0.090544
0.108748
0.698177
0.997751
0.074187
0.682491
0.036058
0.997751
0.680321
0.415775
0.029374
0.046526
0.370061
0.156538
0.385136
0.401813
0.395968
0.401782
0.077173
0.674541
0.383161
0.114501
0.313542
0.684397
0.368923
0.058376
0.684463
0.052671
0.363843
0.058506
0.354034
0.359719
0.684519
0.693414
0.999483
0.338697
0.102604
0.383427
0.384572
0.368709
0.345893
0.379327
0.379044
0.382608
0.104866
0.400487
0.354969
0.359524
0.059731
0.376552
0.375591
0.375944
0.689636
0.377536
0.066571
0.375045
0.060728
0.370787
0.369397
0.684002
0.053344
0.684152
0.369773
0.061545
0.381476
0.383913
0.690483
0.071683
0.055643
0.362500
0.367357
0.368978
0.065163
0.379418
0.690514
0.690100
0.689370
0.688472
0.687657
0.687141
0.686914
0.373453
0.686197
0.059237
0.375101
0.999483
0.055827
0.999483
0.019214
0.326118
0.392818
0.044513
0.355480
0.366096
0.698383
0.385793
0.082322
0.999483
0.689632
0.377716
0.378838
0.102375
0.999483
0.121273
0.113376
0.098920
0.389817
0.378647
0.065643
0.377598
0.377386
0.687873
0.687817
0.375449
0.062712
0.372418
0.685814
0.999483
0.685814
0.058288
0.059171
0.060345
0.060402
0.686249
0.372247
0.056861
0.055957
0.057596
0.375315
0.999483
0.379466
0.078054
0.386724
0.381933
0.376759
0.999483
0.687354
0.684805
0.372068
0.382537
0.098500
0.689587
0.391366
0.055820
0.435042
0.371843
0.044513
0.681289
0.050540
0.376230
0.376713
0.999483
0.378916
0.378504
0.052144
0.373297
0.378910
0.378145
0.683000
0.365841
0.127874
0.999483
0.123800
0.387245
0.371992
0.999483
0.371633
0.056654
0.684746
0.060451
0.053190
0.046822
0.362614
0.043537
0.049004
0.369581
0.371784
0.372667
0.685679
0.057681
0.370411
0.685522
0.058135
0.686105
0.058873
0.685496
0.685591
0.050474
0.050390
0.377794
0.371349
0.382002
0.059596
0.999483
0.687494
0.695568
0.031734
0.357682
0.444356
0.389279
0.056290
0.999483
0.367859
0.368764
0.054884
0.053313
0.684241
0.053464
0.052133
0.999483
0.368717
0.683346
0.681540
0.674574
0.332959
0.375405
0.374497
0.687126
0.377794
0.381195
0.384561
0.391879
0.391133
0.399384
0.412884
0.406874
0.407708
0.322733
0.674631
0.298695
0.416043
0.115091
0.072795
0.230206
0.724789
0.219836
0.067501
0.688041
0.059300
0.383892
0.684607
0.682373
0.677847
0.677354
0.042915
0.997751
0.353215
0.103079
0.607590
0.171337
0.054393
0.398878
0.997751
0.092665
0.617530
0.385040
0.117743
0.997751
0.390323
0.108976
0.393552
0.350639
0.030458
0.377044
0.681269
0.020047
0.997751
0.304301
0.140923
0.648772
0.403100
0.138220
0.105939
0.415277
0.627226
0.082702
0.380645
0.080431
0.377456
0.369770
0.689988
0.064399
0.063040
0.051998
0.064999
0.388612
0.080734
0.067473
0.078538
0.374940
0.693414
0.390978
0.063079
0.058142
0.047035
0.366383
0.361116
0.362237
0.042838
0.052294
0.052378
0.045555
0.073348
0.058242
0.693357
0.381879
0.383122
0.073459
0.070313
0.069106
0.688548
0.065142
0.374551
0.059195
0.057121
0.054904
0.052680
0.048303
0.051581
0.061461
0.069350
0.078313
0.077634
0.072811
0.999483
0.048526
0.376754
0.060082
0.373863
0.067071
0.068843
0.070374
0.069230
0.066390
0.688472
0.063127
0.373832
0.686197
0.686547
0.060375
0.999483
0.063239
0.074289
0.368599
0.092799
0.399106
0.684451
0.044474
0.690031
0.058438
0.387814
0.381093
0.382471
0.379089
0.382830
0.386576
0.388474
0.106158
0.095545
0.999483
0.706290
0.703382
0.390434
0.696834
0.376045
0.064155
0.062998
0.062162
0.061889
0.059766
0.371079
0.369949
0.370792
0.055901
0.370964
0.371265
0.999483
0.372774
0.373618
0.373578
0.372436
0.370510
0.054745
0.684253
0.059310
0.379466
0.999483
0.075730
0.383173
0.379550
0.688373
0.063821
0.055587
0.052933
0.999483
0.686499
0.100739
0.699031
0.384450
0.372409
0.366836
0.053109
0.684043
0.363455
0.049738
0.999483
0.054396
0.376078
0.687620
0.370572
0.057508
0.687350
0.062462
0.688578
0.376414
0.125943
0.362454
0.375375
0.132948
0.069725
0.689210
0.059072
0.371270
0.054950
0.999483
0.369604
0.050893
0.363322
0.038264
0.365851
0.683957
0.685070
0.999483
0.056988
0.684744
0.055647
0.684936
0.371331
0.372389
0.999483
0.686105
0.686264
0.370692
0.683680
0.679539
0.371600
0.402669
0.432977
0.043193
0.371075
0.059777
0.057899
0.319713
0.015294
0.398241
0.686756
0.683773
0.367859
0.684248
0.684414
0.999483
0.054951
0.054778
0.368374
0.999483
0.050804
0.682630
0.056370
0.066732
0.046304
0.411719
0.389559
0.686534
0.375447
0.686991
0.688603
0.690103
0.078255
0.999483
0.691220
0.692845
0.115247
0.999483
0.377029
0.999483
0.067039
0.122039
0.063019
0.062459
0.999447
0.387132
0.095612
0.375397
0.694371
0.693634
0.077430
0.058793
0.037124
0.032880
0.039409
0.358255
0.039069
0.102886
0.997751
0.168934
0.648830
0.740234
0.019103
0.032149
0.316269
0.997751
0.005181
0.690679
0.115700
0.001271
0.710569
0.447608
0.084781
0.008836
0.088790
0.082603
0.100652
0.095812
0.748660
0.719920
0.438794
0.396899
0.705936
0.376962
0.020693
0.999483
0.627226
0.088157
0.386777
0.376984
0.378156
0.999483
0.072970
0.682432
0.690455
0.999483
0.690455
0.393901
0.392109
0.082982
0.081587
0.378255
0.073860
0.379984
0.999483
0.687485
0.042617
0.038828
0.037869
0.363255
0.685962
0.376106
0.378501
0.377104
0.363505
0.075549
0.080180
0.077531
0.380095
0.377637
0.377635
0.067051
0.376550
0.375052
0.373914
0.371898
0.685914
0.049414
0.680523
0.683686
0.999483
0.062894
0.999483
0.387712
0.085656
0.060497
0.057081
0.036301
0.362064
0.682104
0.061466
0.376240
0.377097
0.999483
0.063077
0.060672
0.058934
0.058106
0.373238
0.999483
0.686547
0.373661
0.687222
0.069986
0.692042
0.085158
0.366642
0.355922
0.681336
0.361093
0.067885
0.687530
0.688912
0.689318
0.385677
0.084606
0.390016
0.393616
0.063369
0.681167
0.075532
0.113505
0.392364
0.087410
0.044381
0.062750
0.999483
0.687019
0.372519
0.686135
0.055867
0.999483
0.053312
0.683113
0.684007
0.053429
0.056078
0.685891
0.685706
0.686365
0.686691
0.373149
0.055482
0.684145
0.368515
0.369259
0.060339
0.065946
0.070195
0.379269
0.377187
0.687603
0.375527
0.686544
0.055258
0.065675
0.064151
0.396195
0.390774
0.394024
0.372777
0.367094
0.372838
0.054516
0.999483
0.051569
0.368276
0.049616
0.681420
0.051205
0.057856
0.377710
0.378998
0.378262
0.999483
0.688578
0.017516
0.364478
0.999483
0.073810
0.689210
0.999483
0.062184
0.684713
0.052273
0.052762
0.366968
0.686269
0.305012
0.057536
0.369275
0.053496
0.055185
0.055769
0.369138
0.368179
0.367660
0.053884
0.056120
0.686524
0.373142
0.060672
0.060322
0.057720
0.363931
0.357227
0.676248
0.438676
0.050926
0.410153
0.060299
0.999483
0.678458
0.670625
0.657687
0.668391
0.398241
0.053999
0.050704
0.051652
0.053069
0.054584
0.999483
0.370238
0.054341
0.368331
0.683390
0.052569
0.682980
0.689518
0.702590
0.713201
0.390153
0.372677
0.372136
0.063344
0.690103
0.067398
0.064174
0.691220
0.377293
0.063135
0.080536
0.399603
0.392085
0.362368
0.062235
0.367885
0.682688
0.363151
0.068102
0.999447
0.377608
0.377761
0.074913
0.692155
0.081666
0.997751
0.055822
0.361506
0.042164
0.678432
0.677568
0.676501
0.427544
0.053102
0.161903
0.037206
0.366920
0.997751
0.102565
0.617530
0.383618
0.151394
0.408710
0.394278
0.119249
0.737963
0.162575
0.114610
0.997751
0.684537
0.389817
0.997751
0.692932
0.135337
0.719920
0.018928
0.424623
0.690699
0.693299
0.312347
0.695755
0.057784
0.065127
0.381746
0.380128
0.078184
0.384646
0.360067
0.374724
0.078028
0.393901
0.693812
0.691487
0.691768
0.377689
0.999483
0.060281
0.375218
0.384267
0.380042
0.369718
0.679806
0.680634
0.683976
0.054180
0.693276
0.999483
0.114802
0.381311
0.366873
0.692174
0.999483
0.071981
0.377184
0.688096
0.065126
0.375623
0.686643
0.061388
0.685914
0.999483
0.055050
0.046720
0.050643
0.372770
0.068991
0.083142
0.695475
0.390467
0.076997
0.362845
0.358368
0.364555
0.686430
0.686340
0.062889
0.376399
0.377158
0.061699
0.372144
0.371517
0.371238
0.060482
0.064264
0.375205
0.064453
0.066981
0.075106
0.382069
0.689252
0.056274
0.364967
0.999483
0.369634
0.061304
0.686085
0.064636
0.065634
0.685621
0.387662
0.396678
0.108884
0.170154
0.701991
0.373134
0.389527
0.119323
0.434046
0.058334
0.686803
0.061340
0.059608
0.999483
0.371738
0.368948
0.368787
0.999483
0.683342
0.367561
0.367244
0.368938
0.057859
0.686365
0.061544
0.062181
0.374348
0.056357
0.999483
0.368578
0.368372
0.369769
0.372059
0.062987
0.374920
0.374798
0.686994
0.687603
0.059898
0.370940
0.064416
0.686661
0.380553
0.393024
0.387311
0.381317
0.373977
0.373314
0.057063
0.370490
0.056041
0.367525
0.363693
0.999483
0.681420
0.056674
0.381053
0.378183
0.690724
0.378262
0.069154
0.062599
0.373560
0.374556
0.059261
0.053670
0.376573
0.696433
0.372644
0.052253
0.681533
0.056681
0.620381
0.999483
0.020973
0.379873
0.372455
0.369701
0.367887
0.682469
0.049784
0.365412
0.367129
0.683522
0.057703
0.686849
0.999483
0.686849
0.686989
0.363375
0.362134
0.408284
0.377539
0.695046
0.067761
0.999483
0.388931
0.353439
0.340574
0.351027
0.381343
0.051351
0.999483
0.683099
0.366789
0.367467
0.053834
0.054867
0.370182
0.369964
0.052909
0.051858
0.999483
0.374832
0.056092
0.119929
0.105959
0.999483
0.369957
0.370033
0.372849
0.374929
0.687012
0.374613
0.369468
0.040153
0.999447
0.680588
0.055997
0.053483
0.053496
0.050962
0.999447
0.049949
0.999447
0.681511
0.372917
0.048302
0.999447
0.377992
0.999447
0.690459
0.079175
0.067217
0.370499
0.369160
0.363966
0.036145
0.360047
0.382997
0.366926
0.997751
0.683690
0.103226
0.678447
0.026032
0.677713
0.700645
0.703655
0.705096
0.704304
0.706906
0.180861
0.028756
0.697174
0.125276
0.057076
0.075854
0.395042
0.384874
0.073857
0.078724
0.084487
0.006965
0.020297
0.058909
0.361929
0.372792
0.371271
0.999483
0.054784
0.375466
0.690427
0.379748
0.075653
0.061730
0.400454
0.097537
0.136830
0.100780
0.381342
0.999483
0.067182
0.055412
0.362776
0.391991
0.069861
0.062304
0.049840
0.364299
0.999483
0.070797
0.092220
0.693276
0.401096
0.999483
0.075082
0.384891
0.078238
0.999483
0.069159
0.999483
0.376126
0.686643
0.999483
0.059586
0.376342
0.070309
0.696441
0.072726
0.382909
0.999483
0.080175
0.391445
0.389952
0.693366
0.075867
0.689910
0.057443
0.369164
0.055613
0.375459
0.376690
0.377281
0.688865
0.064131
0.374406
0.685673
0.686394
0.687998
0.687748
0.374459
0.686187
0.068622
0.691243
0.073418
0.999483
0.060358
0.685401
0.364967
0.683361
0.058930
0.999483
0.686085
0.686752
0.072396
0.382624
0.074193
0.689671
0.130139
0.999483
0.701991
0.691450
0.102675
0.081496
0.686803
0.999483
0.686803
0.058219
0.685444
0.054192
0.368568
0.367284
0.366436
0.049292
0.683175
0.682853
0.368602
0.370783
0.060675
0.999483
0.375336
0.687528
0.057720
0.053943
0.999483
0.683916
0.684000
0.684763
0.056849
0.371663
0.999483
0.373607
0.062060
0.376514
0.064822
0.688811
0.688343
0.377484
0.081888
0.079176
0.999483
0.377282
0.375386
0.062009
0.375721
0.060445
0.664773
0.047296
0.363039
0.042017
0.055497
0.377185
0.380891
0.681418
0.054029
0.078747
0.688571
0.073169
0.684094
0.048287
0.401586
0.073326
0.377677
0.695626
0.063219
0.690038
0.041910
0.104869
0.029653
0.375967
0.375757
0.684724
0.367908
0.682469
0.681785
0.999483
0.044760
0.683522
0.999483
0.056642
0.686519
0.373763
0.374592
0.374871
0.376132
0.052796
0.122204
0.070859
0.354647
0.125634
0.410355
0.040691
0.051656
0.048714
0.050820
0.052436
0.051460
0.050784
0.050807
0.367580
0.684019
0.684400
0.999483
0.054808
0.370110
0.370625
0.055385
0.070698
0.054162
0.363339
0.333573
0.069008
0.053657
0.051503
0.054452
0.057824
0.373686
0.058935
0.055557
0.370562
0.027222
0.680588
0.364180
0.043743
0.999447
0.682690
0.682450
0.365776
0.045992
0.681511
0.361649
0.360468
0.363613
0.367193
0.066372
0.692155
0.385105
0.690789
0.376545
0.371583
0.373892
0.368214
0.679971
0.047409
0.052401
0.121463
0.072318
0.001204
0.066603
0.078131
0.399950
0.399848
0.125640
0.413296
0.404962
0.133064
0.134793
0.034340
0.061592
0.670102
0.083977
0.670784
0.079010
0.092701
0.386498
0.689975
0.381337
0.379052
0.689866
0.438449
0.368530
0.390171
0.104601
0.075960
0.052691
0.056128
0.059446
0.074005
0.083207
0.400858
0.680609
0.069508
0.095931
0.717131
0.999483
0.093940
0.378830
0.999483
0.082153
0.314626
0.356586
0.684886
0.684094
0.682634
0.368345
0.384323
0.139929
0.128186
0.401444
0.422781
0.692042
0.672944
0.077279
0.691634
0.073025
0.377473
0.064982
0.062826
0.058278
0.056047
0.374030
0.071153
0.392190
0.395053
0.392697
0.999483
0.382909
0.086188
0.694747
0.693366
0.999483
0.693366
0.069152
0.374184
0.687371
0.061930
0.376812
0.688497
0.067241
0.999483
0.068166
0.377347
0.372931
0.060523
0.060640
0.061313
0.999483
0.372289
0.065066
0.381233
0.380697
0.066196
0.999483
0.686958
0.369279
0.058997
0.999483
0.370632
0.371168
0.061217
0.687681
0.688039
0.397349
0.086859
0.390379
0.125825
0.071357
0.085628
0.071871
0.686519
0.064397
0.060988
0.373442
0.058843
0.055079
0.999483
0.049571
0.682577
0.047461
0.365686
0.682853
0.366967
0.368752
0.371172
0.061445
0.687234
0.375383
0.063279
0.060285
0.685584
0.054542
0.053445
0.053358
0.054533
0.053510
0.370211
0.059045
0.999483
0.374175
0.064152
0.688317
0.377470
0.067609
0.380119
0.392781
0.391055
0.073080
0.377203
0.375120
0.375764
0.061598
0.664773
0.999483
0.329366
0.367104
0.366694
0.058383
0.379910
0.350366
0.685808
0.081322
0.746325
0.085502
0.373264
0.380943
0.694053
0.080787
0.100855
0.374240
0.999483
0.128346
0.999483
0.381314
0.048542
0.684808
0.065393
0.371356
0.057421
0.682401
0.047331
0.043473
0.040946
0.678302
0.041789
0.045769
0.051619
0.371400
0.373594
0.374390
0.065586
0.064678
0.338719
0.020750
0.383611
0.071492
0.016190
0.085575
0.679661
0.356836
0.049467
0.999483
0.682938
0.683606
0.683926
0.683637
0.683502
0.367580
0.368417
0.058137
0.369834
0.370108
0.371619
0.374325
0.060013
0.670622
0.999483
0.348005
0.355124
0.369350
0.367937
0.368486
0.369962
0.057640
0.368637
0.363973
0.041320
0.047602
0.053672
0.063487
0.367734
0.050094
0.048303
0.364926
0.364274
0.362865
0.044031
0.360204
0.679998
0.044797
0.370785
0.376071
0.690607
0.379200
0.065604
0.997751
0.684848
0.376579
0.372329
0.047272
0.058208
0.691067
0.118714
0.288697
0.737117
0.265662
0.361288
0.083952
0.392425
0.046371
0.441101
0.434182
0.416746
0.394763
0.077236
0.360698
0.689270
0.997751
0.689270
0.060192
0.997751
0.383820
0.380154
0.689745
0.999483
0.060581
0.062001
0.179318
0.113570
0.999483
0.055182
0.697658
0.364424
0.374276
0.381500
0.999483
0.086395
0.093206
0.999483
0.686137
0.162920
0.420899
0.431185
0.062465
0.378617
0.383871
0.387082
0.007375
0.056962
0.368837
0.051141
0.065078
0.000374
0.999483
0.069008
0.084749
0.072778
0.082168
0.069091
0.073991
0.065617
0.374902
0.376321
0.687153
0.685368
0.053570
0.684752
0.689605
0.695232
0.699035
0.396341
0.999483
0.090843
0.390218
0.695318
0.389852
0.387226
0.693366
0.072769
0.067179
0.375194
0.687428
0.064616
0.377447
0.688614
0.068527
0.070486
0.690025
0.380676
0.375368
0.689361
0.062921
0.685367
0.372521
0.371899
0.372771
0.066828
0.688952
0.999483
0.376428
0.058271
0.055617
0.684457
0.368972
0.051161
0.685966
0.684624
0.375032
0.082389
0.378406
0.705285
0.338681
0.403774
0.389413
0.061204
0.999483
0.061449
0.999483
0.686315
0.373328
0.686553
0.370913
0.368537
0.365999
0.364366
0.046417
0.048311
0.050866
0.683686
0.055656
0.372063
0.061988
0.062934
0.375874
0.062653
0.372608
0.687071
0.371865
0.370501
0.054426
0.684643
0.054061
0.685262
0.370454
0.058704
0.062297
0.687935
0.066602
0.688957
0.380407
0.079973
0.080937
0.999483
0.379698
0.375988
0.687174
0.373110
0.056766
0.292011
0.329366
0.999483
0.664076
0.060159
0.090095
0.417409
0.380185
0.690178
0.382508
0.116074
0.072909
0.376799
0.690273
0.381515
0.083233
0.999483
0.381918
0.054969
0.115544
0.066807
0.367930
0.372014
0.999483
0.056651
0.685230
0.056004
0.051142
0.363489
0.999483
0.037652
0.677381
0.038175
0.999483
0.363240
0.054050
0.058463
0.059146
0.057705
0.687819
0.064797
0.687823
0.394710
0.403217
0.062263
0.380361
0.695991
0.371215
0.370709
0.051591
0.052941
0.054365
0.055242
0.055296
0.054811
0.057943
0.063528
0.380105
0.382443
0.059043
0.745413
0.388234
0.688231
0.042074
0.670622
0.670999
0.676866
0.682702
0.368854
0.368812
0.369617
0.369737
0.368951
0.054659
0.999447
0.384257
0.999447
0.081199
0.062468
0.999447
0.683922
0.048908
0.048879
0.047652
0.999447
0.362798
0.362233
0.359915
0.053710
0.684312
0.062755
0.068285
0.056617
0.063692
0.068179
0.377173
0.687003
0.368002
0.691067
0.997751
0.074900
0.737117
0.684797
0.737117
0.664270
0.673711
0.387818
0.123256
0.356780
0.997751
0.405036
0.697340
0.387531
0.997751
0.360698
0.060410
0.364332
0.997751
0.387158
0.380615
0.377437
0.377597
0.689745
0.066685
0.687427
0.687296
0.435130
0.363613
0.368010
0.033142
0.371906
0.687167
0.999483
0.381500
0.378705
0.084549
0.076000
0.364996
0.305965
0.692168
0.076156
0.685980
0.060738
0.066859
0.064860
0.376044
0.372172
0.058359
0.057504
0.309347
0.424357
0.071436
0.690889
0.051455
0.999483
0.061213
0.371170
0.999483
0.050305
0.371638
0.372370
0.060378
0.366674
0.365944
0.051814
0.373052
0.384405
0.393219
0.699030
0.397834
0.093340
0.393210
0.390181
0.387620
0.074138
0.380186
0.999483
0.375529
0.373853
0.999483
0.687428
0.377657
0.377491
0.068677
0.381882
0.073699
0.382462
0.069977
0.689792
0.065497
0.059979
0.686015
0.999483
0.686015
0.067103
0.379006
0.688952
0.064866
0.374305
0.055035
0.052612
0.364632
0.358217
0.053477
0.686476
0.380361
0.367481
0.698199
0.062410
0.377868
0.333705
0.691317
0.370819
0.058151
0.684200
0.372488
0.372587
0.373480
0.061608
0.056250
0.052264
0.048491
0.046332
0.364257
0.365648
0.051173
0.053562
0.684446
0.060197
0.686781
0.065541
0.374167
0.374021
0.379996
0.687607
0.375712
0.373517
0.059048
0.372784
0.372616
0.999483
0.372511
0.373013
0.374202
0.375438
0.376198
0.376869
0.070771
0.999483
0.381356
0.073206
0.376709
0.373132
0.060725
0.057324
0.369441
0.367921
0.605428
0.021757
0.056936
0.089189
0.692993
0.105891
0.382619
0.686156
0.371909
0.089207
0.381085
0.068892
0.690641
0.690273
0.094861
0.080661
0.371187
0.384513
0.999483
0.071910
0.686898
0.059132
0.055668
0.370153
0.684471
0.055598
0.367646
0.050983
0.042499
0.674662
0.357935
0.354252
0.034430
0.045600
0.682573
0.055525
0.684920
0.686671
0.375446
0.055951
0.999483
0.332402
0.395716
0.128561
0.409176
0.999483
0.398340
0.386831
0.375038
0.061852
0.999483
0.685958
0.686112
0.686461
0.685984
0.383593
0.999483
0.395544
0.185941
0.701456
0.999483
0.081621
0.066434
0.352671
0.676866
0.364374
0.364844
0.684309
0.054489
0.369232
0.999483
0.368103
0.367362
0.056090
0.069736
0.092584
0.713671
0.380468
0.052507
0.050313
0.367133
0.367374
0.366442
0.366250
0.050062
0.047828
0.050711
0.055587
0.686748
0.064970
0.997751
0.684477
0.686190
0.687307
0.687669
0.372607
0.056601
0.681445
0.064407
0.389990
0.374352
0.997751
0.351316
0.349944
0.002149
0.053505
0.030823
0.110694
0.715958
0.103856
0.386012
0.691627
0.378781
0.372021
0.354857
0.380125
0.691298
0.012007
0.370114
0.373865
0.061999
0.688019
0.078190
0.687492
0.083788
0.378874
0.064050
0.276211
0.383482
0.686238
0.369426
0.687167
0.063730
0.689085
0.999483
0.079521
0.381192
0.385504
0.689029
0.057790
0.368789
0.372088
0.687922
0.686010
0.687028
0.686176
0.686505
0.999483
0.686505
0.382391
0.690889
0.677286
0.673792
0.688862
0.045754
0.363787
0.048899
0.360477
0.684356
0.371790
0.367681
0.683968
0.684677
0.999483
0.054678
0.687782
0.074625
0.080737
0.085212
0.370284
0.077978
0.386658
0.077403
0.372921
0.057262
0.058822
0.067216
0.404765
0.125677
0.078522
0.999483
0.378922
0.067886
0.690911
0.381551
0.381437
0.380391
0.689356
0.379233
0.064125
0.060223
0.686015
0.061686
0.067085
0.069590
0.379321
0.378971
0.377356
0.374716
0.371594
0.362396
0.360768
0.371840
0.070058
0.072723
0.375279
0.022583
0.284403
0.375608
0.369063
0.061417
0.684941
0.684251
0.056169
0.370628
0.057525
0.058272
0.373372
0.057695
0.999483
0.366781
0.365292
0.364924
0.049983
0.683621
0.683715
0.057095
0.373006
0.062688
0.063077
0.686349
0.071537
0.376763
0.686348
0.373884
0.376092
0.066258
0.376447
0.999483
0.059865
0.999483
0.374831
0.686941
0.374981
0.375093
0.375338
0.375882
0.069305
0.065591
0.686377
0.373805
0.371738
0.371558
0.057940
0.368322
0.683926
0.367576
0.681046
0.421367
0.070596
0.392248
0.387503
0.686156
0.686643
0.379366
0.053336
0.390502
0.382305
0.999483
0.383428
0.392392
0.690458
0.687484
0.370324
0.071708
0.686898
0.374686
0.371489
0.369356
0.368514
0.369171
0.370534
0.373457
0.999483
0.052940
0.370386
0.675710
0.379808
0.369923
0.054980
0.363834
0.052385
0.683733
0.056553
0.045307
0.671417
0.068213
0.345314
0.079977
0.404108
0.713086
0.398340
0.695278
0.382423
0.380150
0.376096
0.065419
0.071506
0.078371
0.382568
0.064785
0.087538
0.694284
0.701529
0.700743
0.491886
0.311058
0.041126
0.352164
0.328530
0.426736
0.355697
0.369181
0.369398
0.684567
0.684449
0.052999
0.999483
0.364548
0.363189
0.366552
0.373314
0.070781
0.058414
0.683504
0.999447
0.683504
0.683592
0.367795
0.052336
0.999447
0.368109
0.366321
0.051576
0.048698
0.048833
0.050980
0.058165
0.064317
0.687669
0.375003
0.054659
0.681128
0.055330
0.997751
0.378121
0.388740
0.066972
0.368293
0.008947
0.679039
0.997751
0.679039
0.269145
0.068496
0.063909
0.699870
0.095459
0.380274
0.376195
0.370998
0.363139
0.312048
0.665835
0.368657
0.372349
0.999483
0.373909
0.114492
0.119639
0.402771
0.388096
0.609078
0.999483
0.609078
0.087653
0.116720
0.061048
0.364845
0.059671
0.689085
0.365612
0.079786
0.384856
0.999483
0.048221
0.362752
0.052672
0.056680
0.375040
0.372492
0.687028
0.051425
0.376106
0.304596
0.151977
0.352481
0.375076
0.349548
0.036149
0.999483
0.051080
0.335341
0.285639
0.021016
0.358615
0.373387
0.060614
0.064972
0.067109
0.370970
0.063190
0.066873
0.070870
0.999483
0.378160
0.376266
0.079728
0.078317
0.999483
0.687154
0.683479
0.685329
0.692729
0.418116
0.691526
0.065312
0.686032
0.067632
0.069225
0.379358
0.688834
0.069137
0.688530
0.066647
0.687860
0.376039
0.061791
0.374569
0.065070
0.379315
0.690487
0.381556
0.067682
0.999483
0.375665
0.054527
0.058483
0.060523
0.077151
0.696005
0.388822
0.044250
0.999483
0.681857
0.686011
0.375362
0.058474
0.370461
0.685139
0.370650
0.371102
0.369333
0.368727
0.685557
0.053765
0.367178
0.365815
0.048704
0.682772
0.682926
0.053535
0.057433
0.999483
0.686596
0.058887
0.691706
0.688638
0.374209
0.685931
0.686348
0.369656
0.062411
0.999483
0.376447
0.064172
0.374831
0.999483
0.063081
0.999483
0.061393
0.999483
0.687074
0.687294
0.687491
0.687119
0.371916
0.370623
0.370270
0.055398
0.367138
0.050668
0.318091
0.673117
0.348748
0.135025
0.385219
0.377738
0.065752
0.679896
0.031610
0.668112
0.039641
0.372891
0.068982
0.113042
0.114804
0.086637
0.070133
0.380817
0.382361
0.063658
0.373900
0.370652
0.368219
0.366885
0.370353
0.689006
0.081507
0.377761
0.697160
0.045228
0.683673
0.370699
0.400274
0.693053
0.085134
0.365712
0.052837
0.685315
0.366777
0.368292
0.100202
0.999483
0.362026
0.714874
0.404108
0.155590
0.017308
0.748130
0.393032
0.690709
0.688034
0.383681
0.398512
0.103724
0.999483
0.006055
0.122042
0.700743
0.419569
0.298031
0.062342
0.682904
0.312383
0.118195
0.045305
0.053016
0.055628
0.056225
0.055144
0.369532
0.051089
0.683249
0.682001
0.359063
0.359911
0.681549
0.683922
0.372456
0.367934
0.367926
0.368045
0.368315
0.368726
0.368947
0.368356
0.684134
0.682075
0.682005
0.680970
0.680037
0.680111
0.368854
0.060943
0.061628
0.685079
0.050672
0.681990
0.054096
0.683841
0.064338
0.689099
0.384714
0.078512
0.076569
0.374049
0.679039
0.040252
0.032322
0.059470
0.085909
0.095218
0.081833
0.082458
0.373635
0.371695
0.367054
0.346702
0.997751
0.051451
0.057477
0.686348
0.374374
0.069951
0.742034
0.439192
0.399272
0.062379
0.609078
0.381948
0.374327
0.692213
0.999483
0.059267
0.065933
0.066104
0.059270
0.368411
0.380419
0.389824
0.043709
0.047615
0.683670
0.684200
0.370840
0.372539
0.685965
0.042537
0.332971
0.097880
0.730113
0.384426
0.351245
0.362861
0.687346
0.682648
0.085934
0.246582
0.401255
0.366431
0.684362
0.048721
0.378265
0.999483
0.076078
0.067856
0.377214
0.377632
0.382622
0.010346
0.042432
0.383066
0.397114
0.081534
0.068891
0.059007
0.057657
0.115702
0.053804
0.158636
0.386738
0.359469
0.999483
0.375117
0.377496
0.377400
0.999483
0.065884
0.999483
0.065230
0.687684
0.375808
0.062624
0.999483
0.062641
0.688179
0.379298
0.690487
0.382928
0.066346
0.999483
0.687946
0.377414
0.688037
0.075191
0.999483
0.402726
0.119137
0.050685
0.057706
0.056773
0.375930
0.376297
0.061398
0.060461
0.060118
0.373069
0.370692
0.683899
0.054882
0.368892
0.050454
0.682476
0.048592
0.682543
0.050493
0.053361
0.684502
0.058099
0.060581
0.057596
0.060360
0.066945
0.372698
0.999483
0.372207
0.368172
0.368198
0.374443
0.378904
0.378024
0.067433
0.375222
0.687396
0.061441
0.999483
0.373760
0.373802
0.374053
0.373800
0.058447
0.999483
0.685022
0.684578
0.052761
0.365962
0.369051
0.428619
0.348748
0.697182
0.687437
0.081175
0.373714
0.365158
0.680415
0.022979
0.671363
0.024912
0.370052
0.357423
0.393833
0.695495
0.390789
0.363748
0.309700
0.360014
0.687371
0.372369
0.370331
0.684546
0.052430
0.375986
0.999483
0.085030
0.094722
0.375895
0.369782
0.690440
0.080167
0.999483
0.398462
0.706764
0.382855
0.366802
0.374584
0.376810
0.378122
0.047152
0.362026
0.999483
0.049606
0.066031
0.038652
0.419163
0.699532
0.999483
0.075494
0.383681
0.999483
0.400426
0.999483
0.088798
0.078707
0.302601
0.362377
0.377421
0.375966
0.999483
0.039169
0.008991
0.999483
0.063020
0.999483
0.683939
0.685603
0.685436
0.368891
0.047488
0.681965
0.361581
0.678344
0.677764
0.364069
0.373131
0.367367
0.052156
0.368314
0.053265
0.053929
0.054336
0.054154
0.053851
0.683771
0.366584
0.050907
0.363970
0.047872
0.682098
0.682664
0.371841
0.060506
0.058227
0.368076
0.056845
0.683247
0.064947
0.069795
0.690406
0.067772
0.075243
0.997751
0.058436
0.367232
0.997751
0.367675
0.368867
0.687656
0.694988
0.700291
0.371469
0.371496
0.367483
0.042319
0.054116
0.352477
0.684809
0.999483
0.372126
0.375956
0.066387
0.048346
0.112435
0.098515
0.051737
0.685453
0.372764
0.388944
0.372964
0.078403
0.054800
0.689916
0.687380
0.999483
0.062143
0.056920
0.684181
0.055540
0.683858
0.683305
0.051907
0.684200
0.052461
0.375413
0.376154
0.340015
0.018943
0.736913
0.419710
0.127647
0.044153
0.678675
0.371160
0.334593
0.999483
0.335786
0.121694
0.685497
0.058719
0.999483
0.067993
0.073167
0.378064
0.376411
0.378160
0.379892
0.371440
0.378803
0.999483
0.066986
0.999483
0.071044
0.383234
0.697061
0.104268
0.999483
0.142789
0.348898
0.680643
0.686032
0.058140
0.688049
0.687766
0.688834
0.067562
0.064280
0.375845
0.687586
0.375604
0.687431
0.061906
0.062206
0.999483
0.379235
0.381539
0.691458
0.381139
0.379164
0.067605
0.379432
0.071105
0.083724
0.402726
0.722168
0.999483
0.345001
0.054759
0.375496
0.367901
0.065675
0.688971
0.377432
0.376795
0.375210
0.372780
0.054918
0.369489
0.368988
0.367576
0.366058
0.048364
0.365939
0.682787
0.051878
0.999483
0.684502
0.055083
0.369504
0.999483
0.057179
0.684756
0.057424
0.054089
0.999483
0.367726
0.062464
0.060665
0.060399
0.066354
0.064191
0.374785
0.059172
0.686169
0.371760
0.371643
0.371963
0.372143
0.056916
0.054730
0.052066
0.051615
0.367290
0.050108
0.381434
0.364054
0.104382
0.084393
0.999483
0.377757
0.065128
0.999483
0.684745
0.359450
0.351154
0.032521
0.370879
0.372045
0.434954
0.116271
0.347378
0.618379
0.671025
0.382228
0.064815
0.374117
0.684546
0.999483
0.371526
0.689815
0.386768
0.698057
0.999483
0.698057
0.095185
0.999483
0.690440
0.102752
0.395619
0.699442
0.372180
0.999483
0.683326
0.688722
0.090005
0.690710
0.036830
0.358014
0.390924
0.999483
0.034331
0.999483
0.419163
0.064298
0.048954
0.373527
0.692751
0.075617
0.113265
0.377847
0.999483
0.082683
0.381624
0.378870
0.378596
0.069475
0.016304
0.075554
0.128748
0.366689
0.368600
0.058195
0.058129
0.370612
0.049210
0.361306
0.680283
0.358342
0.035110
0.679593
0.363621
0.364670
0.051216
0.999447
0.367973
0.368164
0.369189
0.369903
0.684680
0.054342
0.051768
0.051917
0.368196
0.366063
0.051799
0.682664
0.058077
0.997751
0.371674
0.684714
0.371020
0.054166
0.061617
0.997751
0.067037
0.373347
0.997751
0.046116
0.043028
0.373899
0.056871
0.367675
0.997751
0.683123
0.381900
0.106113
0.391050
0.683721
0.074350
0.030761
0.997751
0.674287
0.369354
0.051022
0.371461
0.061278
0.067193
0.383533
0.082477
0.083628
0.396861
0.058992
0.063378
0.066313
0.071295
0.292544
0.397055
0.999483
0.055316
0.689916
0.373954
0.059287
0.377819
0.062218
0.375474
0.685325
0.052423
0.051406
0.052054
0.051612
0.051627
0.062398
0.061072
0.036178
0.054265
0.156364
0.044410
0.044339
0.053583
0.061761
0.405033
0.335786
0.999483
0.069085
0.999483
0.062880
0.066181
0.999483
0.067756
0.375814
0.686500
0.061101
0.376196
0.377539
0.383559
0.378960
0.999483
0.069459
0.692667
0.086994
0.999483
0.407961
0.121463
0.109790
0.018157
0.026048
0.050566
0.063702
0.063304
0.045644
0.071531
0.999483
0.074321
0.379358
0.999483
0.687586
0.374969
0.687162
0.375011
0.066415
0.999483
0.382514
0.384327
0.074012
0.073066
0.380134
0.689469
0.068891
0.693261
0.097078
0.147733
0.722168
0.405225
0.304679
0.367060
0.689430
0.061753
0.688669
0.999483
0.688669
0.062845
0.686423
0.371918
0.370430
0.052942
0.683289
0.049268
0.682404
0.048611
0.682677
0.366403
0.052165
0.053504
0.367895
0.051976
0.053567
0.999483
0.684701
0.684756
0.049647
0.367726
0.999483
0.684188
0.067813
0.688652
0.372883
0.370906
0.057425
0.371552
0.370486
0.369912
0.055892
0.685612
0.056556
0.999483
0.684524
0.364800
0.046682
0.999483
0.049264
0.431007
0.081615
0.375421
0.999483
0.062493
0.689035
0.063886
0.370728
0.050392
0.364168
0.359917
0.043319
0.372803
0.376414
0.393684
0.065095
0.598070
0.158818
0.033398
0.387127
0.379984
0.999483
0.059992
0.684546
0.054102
0.377470
0.388311
0.096985
0.398986
0.696994
0.104403
0.690440
0.393012
0.402561
0.380391
0.372958
0.349256
0.363188
0.365580
0.384264
0.387095
0.691658
0.690710
0.068993
0.350595
0.384320
0.391409
0.367120
0.366370
0.369096
0.371278
0.367888
0.053013
0.999483
0.432736
0.382158
0.381311
0.386459
0.070365
0.379157
0.690918
0.689036
0.688674
0.354050
0.306499
0.373395
0.058065
0.686965
0.685474
0.370065
0.367067
0.045093
0.679444
0.358624
0.038185
0.678775
0.362178
0.365282
0.049556
0.683422
0.051516
0.999447
0.683837
0.684471
0.370020
0.053172
0.999447
0.681854
0.682190
0.368190
0.370013
0.371092
0.059526
0.371674
0.997751
0.370937
0.056202
0.997751
0.057341
0.372704
0.067606
0.055461
0.039720
0.679298
0.997751
0.058871
0.050532
0.680310
0.049115
0.059421
0.067058
0.421368
0.323486
0.099378
0.997751
0.021604
0.674287
0.352449
0.058607
0.369105
0.686481
0.378355
0.384573
0.085995
0.085836
0.116829
0.999483
0.396142
0.074718
0.999483
0.687852
0.080914
0.313747
0.361777
0.375469
0.686057
0.049766
0.377353
0.688957
0.999483
0.060082
0.367152
0.051567
0.369767
0.999483
0.054276
0.999483
0.072951
0.376957
0.062917
0.744948
0.093566
0.352111
0.369114
0.376736
0.386751
0.055611
0.040559
0.057289
0.685130
0.059028
0.377384
0.376848
0.066127
0.375125
0.373444
0.685549
0.058109
0.684682
0.061410
0.376946
0.076630
0.689643
0.061188
0.999483
0.692667
0.093738
0.106949
0.698920
0.103347
0.370001
0.361971
0.686636
0.686703
0.669983
0.999483
0.119778
0.024257
0.691255
0.692675
0.068566
0.375532
0.062876
0.686826
0.687300
0.066850
0.379980
0.384568
0.076166
0.999483
0.380551
0.386316
0.084493
0.072603
0.692618
0.388136
0.070561
0.083106
0.999483
0.342733
0.364394
0.051908
0.688843
0.065347
0.067562
0.066932
0.376835
0.374672
0.372630
0.371051
0.369718
0.051592
0.683159
0.049110
0.682726
0.049552
0.683192
0.366907
0.367087
0.366767
0.049110
0.365524
0.684701
0.368404
0.367238
0.049687
0.044635
0.684188
0.371272
0.391402
0.380030
0.999483
0.686275
0.684667
0.369908
0.368844
0.368467
0.369021
0.369980
0.055378
0.053846
0.050435
0.363731
0.045070
0.049013
0.685503
0.684847
0.062762
0.375405
0.065360
0.071611
0.377264
0.688212
0.059140
0.999483
0.368000
0.365735
0.051256
0.374085
0.079855
0.383657
0.379449
0.111825
0.716457
0.405694
0.365127
0.378653
0.076143
0.070847
0.370659
0.362717
0.379016
0.389470
0.698964
0.092217
0.700412
0.397363
0.696835
0.016799
0.423360
0.305888
0.340182
0.291372
0.051390
0.389365
0.086192
0.087886
0.999483
0.371137
0.681135
0.382909
0.386750
0.388757
0.379690
0.370276
0.368445
0.377653
0.367018
0.035326
0.043095
0.366527
0.374563
0.381183
0.392870
0.377373
0.062820
0.689036
0.375517
0.367918
0.683263
0.671531
0.681211
0.685212
0.371237
0.370128
0.369748
0.366392
0.047759
0.680606
0.045662
0.362195
0.362591
0.046205
0.046430
0.046051
0.046338
0.049727
0.683837
0.052165
0.369799
0.370347
0.684915
0.366137
0.366147
0.366455
0.061543
0.062846
0.370379
0.059679
0.685018
0.371257
0.369870
0.369143
0.368954
0.683375
0.065430
0.997751
0.066265
0.687752
0.033318
0.679298
0.041405
0.997751
0.359728
0.355119
0.997751
0.684698
0.305075
0.015211
0.741197
0.317386
0.343748
0.049906
0.085537
0.683679
0.686481
0.999483
0.686481
0.691703
0.100347
0.700692
0.698765
0.097352
0.999483
0.377015
0.368716
0.388451
0.394090
0.085287
0.070738
0.039048
0.042099
0.042927
0.059588
0.069538
0.066461
0.058137
0.051759
0.369770
0.371210
0.053931
0.372242
0.086072
0.390768
0.391913
0.122489
0.703692
0.687497
0.068193
0.685537
0.060852
0.378671
0.374654
0.359226
0.355072
0.050261
0.683899
0.059659
0.687548
0.687111
0.686426
0.999483
0.371776
0.685549
0.684820
0.057845
0.378262
0.694168
0.373704
0.382286
0.389411
0.396159
0.999483
0.392625
0.393009
0.698920
0.697710
0.054057
0.053722
0.057903
0.301311
0.416218
0.637581
0.999483
0.025929
0.999483
0.692675
0.062570
0.061590
0.376320
0.376520
0.688723
0.073831
0.075001
0.070255
0.071045
0.999483
0.689476
0.380519
0.410501
0.690080
0.692618
0.117856
0.999483
0.025858
0.688067
0.366112
0.367140
0.057510
0.063715
0.687367
0.376312
0.375654
0.687436
0.686494
0.685689
0.685020
0.368887
0.367804
0.366962
0.050020
0.367058
0.999483
0.683192
0.683291
0.049411
0.364577
0.999483
0.365524
0.364350
0.362834
0.679306
0.037522
0.683304
0.071675
0.999483
0.072232
0.686275
0.371244
0.369852
0.053309
0.367848
0.051548
0.052253
0.053452
0.368153
0.999483
0.366379
0.364458
0.046414
0.367197
0.052822
0.999483
0.060213
0.376764
0.378864
0.689068
0.999483
0.377764
0.061281
0.369799
0.370359
0.053550
0.371392
0.309935
0.999483
0.081832
0.380152
0.380602
0.144907
0.999483
0.707727
0.673105
0.384285
0.999483
0.070912
0.370320
0.374486
0.075020
0.078086
0.382552
0.094525
0.706122
0.402616
0.136830
0.999483
0.423565
0.308688
0.068097
0.999483
0.384659
0.087548
0.999483
0.389992
0.379739
0.369515
0.376073
0.380084
0.380374
0.370836
0.367582
0.370873
0.367460
0.048573
0.999483
0.679895
0.364801
0.125200
0.141151
0.127906
0.057623
0.058111
0.056641
0.045013
0.359171
0.342520
0.354962
0.365737
0.370997
0.367952
0.361957
0.370506
0.366681
0.049448
0.682224
0.682970
0.364764
0.046891
0.999447
0.363000
0.999447
0.680912
0.044023
0.048898
0.999447
0.368787
0.370151
0.369262
0.052640
0.050323
0.052895
0.374880
0.689048
0.062196
0.060908
0.684670
0.370193
0.051959
0.682896
0.049412
0.059156
0.067807
0.382176
0.073543
0.997751
0.044750
0.354680
0.356787
0.353618
0.668172
0.357634
0.386965
0.380000
0.359015
0.394023
0.304169
0.088399
0.381540
0.997751
0.692235
0.077457
0.368605
0.686481
0.081235
0.091124
0.105949
0.400780
0.999483
0.401308
0.076225
0.055304
0.092627
0.086434
0.091653
0.382832
0.369165
0.365310
0.685739
0.055024
0.689927
0.066338
0.375709
0.371294
0.369748
0.371754
0.688954
0.073994
0.396711
0.398014
0.696139
0.088889
0.374671
0.119876
0.681287
0.999483
0.368830
0.063127
0.374509
0.371382
0.363534
0.362745
0.366905
0.684106
0.058573
0.062295
0.061017
0.373178
0.057319
0.999483
0.054455
0.053574
0.055558
0.373583
0.081919
0.095412
0.082086
0.085303
0.084957
0.392625
0.999483
0.383365
0.078368
0.066169
0.049770
0.367583
0.360446
0.380587
0.292177
0.116923
0.323406
0.390991
0.051158
0.374674
0.999483
0.685467
0.375263
0.378243
0.380024
0.690206
0.375812
0.999483
0.373944
0.051152
0.694354
0.683917
0.685647
0.398631
0.079217
0.690298
0.061578
0.381962
0.061455
0.367253
0.681292
0.367762
0.059385
0.999483
0.687367
0.687361
0.373941
0.372520
0.371247
0.370000
0.053604
0.684022
0.051659
0.367581
0.683776
0.051395
0.051588
0.051399
0.049744
0.999483
0.364577
0.363151
0.362020
0.360622
0.364740
0.370887
0.052669
0.033094
0.696486
0.076261
0.686060
0.370981
0.369473
0.684351
0.052377
0.051882
0.999483
0.683640
0.052723
0.051826
0.367308
0.366528
0.049946
0.368998
0.684883
0.055500
0.059866
0.376259
0.999483
0.068623
0.377764
0.375043
0.686496
0.058059
0.684598
0.054993
0.292820
0.745246
0.701874
0.122101
0.690209
0.064581
0.440839
0.339279
0.101112
0.393672
0.696687
0.400445
0.082298
0.061860
0.372598
0.687135
0.373758
0.689271
0.999483
0.085312
0.075877
0.071427
0.122506
0.132787
0.419678
0.389942
0.061075
0.689523
0.081981
0.697817
0.407378
0.133540
0.382168
0.371977
0.374925
0.372049
0.371274
0.369504
0.051304
0.053421
0.369011
0.362824
0.351448
0.320246
0.341069
0.121498
0.370892
0.369805
0.683503
0.999483
0.363413
0.346924
0.022572
0.026892
0.027547
0.069040
0.049505
0.032575
0.035334
0.049716
0.052486
0.051527
0.366649
0.366171
0.046848
0.681535
0.043640
0.680912
0.361548
0.679584
0.040736
0.043781
0.049987
0.054997
0.056482
0.056935
0.999447
0.684851
0.685591
0.066944
0.374739
0.060566
0.371039
0.368435
0.046660
0.681334
0.368901
0.997751
0.687481
0.382662
0.075759
0.381844
0.380336
0.041860
0.677285
0.041808
0.673992
0.075053
0.074568
0.064196
0.383176
0.379050
0.370352
0.224314
0.066418
0.068025
0.100078
0.415621
0.032852
0.066914
0.082462
0.999483
0.404588
0.102574
0.084007
0.037548
0.068418
0.701590
0.389044
0.108850
0.389829
0.376635
0.370410
0.371605
0.688471
0.067270
0.382859
0.381120
0.687140
0.689185
0.062821
0.381223
0.398310
0.402863
0.999483
0.095396
0.394466
0.388920
0.693602
0.064376
0.061794
0.057431
0.688624
0.064059
0.687192
0.373709
0.052795
0.366233
0.368011
0.684139
0.056562
0.686189
0.371563
0.057320
0.684535
0.054892
0.053068
0.684146
0.055184
0.690688
0.697886
0.699445
0.393875
0.999483
0.079905
0.074924
0.383865
0.066499
0.373506
0.686965
0.371736
0.047845
0.359958
0.037858
0.052592
0.999483
0.680071
0.357942
0.060333
0.369286
0.685467
0.058490
0.374566
0.378797
0.067884
0.068710
0.065891
0.059430
0.044216
0.046575
0.062919
0.034783
0.022447
0.077997
0.078502
0.076912
0.999483
0.381815
0.377639
0.371194
0.050552
0.365443
0.367602
0.059252
0.060913
0.060566
0.059517
0.058300
0.057108
0.055823
0.054500
0.684288
0.052877
0.684070
0.052709
0.999483
0.683820
0.683825
0.683642
0.365840
0.046232
0.043828
0.043579
0.047532
0.365240
0.053698
0.381197
0.097563
0.440649
0.377520
0.371430
0.055996
0.055360
0.053822
0.999483
0.368422
0.051708
0.051335
0.367113
0.367818
0.999483
0.368957
0.053992
0.370622
0.685371
0.057533
0.685909
0.061852
0.065936
0.067301
0.065455
0.686496
0.999483
0.057109
0.684308
0.683961
0.054110
0.293830
0.430463
0.058057
0.047157
0.372818
0.319394
0.999483
0.247723
0.380973
0.113831
0.391245
0.075417
0.375288
0.060795
0.060349
0.375537
0.374261
0.380058
0.999483
0.690270
0.694818
0.407761
0.400760
0.060788
0.083055
0.056390
0.684466
0.101939
0.410892
0.748201
0.099647
0.044853
0.686467
0.373374
0.374012
0.375471
0.057255
0.999483
0.685811
0.063067
0.057158
0.000414
0.082973
0.045713
0.684668
0.684500
0.683721
0.367284
0.683503
0.039212
0.351019
0.680415
0.359927
0.671075
0.368620
0.384975
0.377139
0.084515
0.999447
0.365127
0.368746
0.051796
0.050497
0.048579
0.046622
0.044286
0.041648
0.038547
0.035853
0.677241
0.040500
0.999447
0.682675
0.371826
0.999447
0.371683
0.374706
0.067562
0.997751
0.686716
0.685450
0.054699
0.049095
0.041508
0.035762
0.037521
0.066841
0.690488
0.084244
0.385004
0.063441
0.372881
0.997751
0.358723
0.054904
0.372786
0.997751
0.686863
0.384099
0.075055
0.107952
0.010182
0.074266
0.405116
0.997751
0.410034
0.997751
0.681616
0.999483
0.374826
0.398775
0.407970
0.999483
0.082088
0.393843
0.414146
0.415418
0.708886
0.698378
0.689904
0.686278
0.999483
0.062960
0.690570
0.691967
0.385691
0.306426
0.127499
0.704888
0.073731
0.075651
0.999483
0.101917
0.099268
0.381211
0.389488
0.391598
0.387767
0.381639
0.379873
0.379822
0.690674
0.066549
0.374140
0.999483
0.054672
0.683388
0.683913
0.053601
0.370525
0.057602
0.370246
0.684450
0.054120
0.367968
0.368303
0.369559
0.370669
0.060172
0.079522
0.091681
0.695021
0.389441
0.999483
0.381982
0.999483
0.378115
0.064638
0.688293
0.375829
0.685971
0.053646
0.362670
0.681128
0.680071
0.366953
0.370124
0.095980
0.069497
0.046390
0.373610
0.065163
0.065860
0.999483
0.373865
0.058277
0.684952
0.370201
0.370390
0.687397
0.366556
0.364641
0.386925
0.387446
0.385424
0.073914
0.691038
0.378841
0.372932
0.050831
0.682717
0.053506
0.999483
0.372034
0.999483
0.685936
0.685754
0.371333
0.370825
0.054980
0.369011
0.368875
0.999483
0.684070
0.053533
0.053647
0.053248
0.051970
0.049627
0.682579
0.681622
0.363571
0.366789
0.060252
0.063335
0.999483
0.369637
0.048553
0.036872
0.370754
0.685313
0.685231
0.054714
0.683974
0.684283
0.683931
0.683397
0.364295
0.049484
0.055361
0.371052
0.057210
0.685855
0.057426
0.371850
0.686460
0.685808
0.373132
0.062127
0.373831
0.060714
0.057875
0.368673
0.052910
0.999483
0.057387
0.061241
0.702461
0.048691
0.681436
0.687842
0.999483
0.020767
0.079322
0.092770
0.416537
0.391767
0.379564
0.999483
0.069409
0.376665
0.379150
0.359600
0.685337
0.059220
0.694818
0.396137
0.410036
0.698251
0.049149
0.999483
0.043614
0.054464
0.073179
0.436295
0.701600
0.047872
0.381786
0.064642
0.687159
0.381428
0.072915
0.380384
0.376430
0.070404
0.999483
0.692752
0.372937
0.999483
0.379089
0.681381
0.382563
0.056661
0.055353
0.051516
0.045354
0.044877
0.041647
0.999483
0.052608
0.999483
0.386798
0.380507
0.392349
0.058368
0.369528
0.053163
0.683982
0.368318
0.367426
0.366006
0.364280
0.362210
0.359782
0.357479
0.034834
0.357626
0.045510
0.367872
0.059038
0.686278
0.373948
0.377347
0.064943
0.061810
0.061322
0.059721
0.367766
0.682539
0.362414
0.034835
0.997751
0.052671
0.374736
0.374489
0.067598
0.684310
0.027910
0.678789
0.354559
0.049239
0.373244
0.686863
0.071707
0.997751
0.696703
0.672273
0.690369
0.377556
0.065681
0.082701
0.078151
0.127739
0.043788
0.060917
0.079397
0.074115
0.083861
0.096830
0.396897
0.686663
0.115213
0.420490
0.036278
0.089164
0.386383
0.058405
0.059336
0.999483
0.069959
0.076765
0.304663
0.422833
0.704888
0.694047
0.694286
0.024061
0.076814
0.376372
0.374383
0.379990
0.387868
0.695490
0.087365
0.382496
0.380601
0.382109
0.692752
0.070797
0.375851
0.058667
0.370222
0.053036
0.369070
0.684277
0.054144
0.684715
0.369251
0.368687
0.368028
0.367497
0.367368
0.369144
0.371844
0.376932
0.689275
0.074927
0.080742
0.385626
0.382397
0.379476
0.689256
0.378791
0.377151
0.999483
0.688293
0.064159
0.377105
0.058942
0.049897
0.061915
0.373137
0.396845
0.379161
0.686995
0.999483
0.686995
0.688135
0.062480
0.060945
0.371740
0.056491
0.684956
0.370709
0.371641
0.054427
0.378070
0.999483
0.385885
0.390276
0.082628
0.075389
0.999483
0.691038
0.688263
0.685073
0.682991
0.682717
0.370287
0.057864
0.058089
0.057847
0.057469
0.371194
0.370758
0.055049
0.369159
0.684322
0.684070
0.054035
0.999483
0.684539
0.684545
0.684305
0.683733
0.364965
0.045806
0.684876
0.999483
0.374297
0.374177
0.374132
0.682855
0.682454
0.675137
0.371412
0.371595
0.056153
0.684664
0.369381
0.369071
0.050973
0.364295
0.999483
0.680768
0.681759
0.686318
0.059469
0.686273
0.058226
0.371546
0.058096
0.685413
0.371926
0.059357
0.999483
0.372417
0.056036
0.367309
0.684019
0.369602
0.074608
0.999483
0.330432
0.093739
0.077434
0.081778
0.369567
0.074883
0.717442
0.074524
0.086030
0.055480
0.999483
0.072429
0.999483
0.131982
0.397454
0.311700
0.347328
0.691213
0.369389
0.093351
0.111968
0.090219
0.304328
0.025337
0.382122
0.374210
0.373074
0.105749
0.385006
0.378128
0.372587
0.370923
0.380191
0.390330
0.088662
0.999483
0.385383
0.083773
0.692752
0.021760
0.380889
0.068048
0.419261
0.384766
0.371786
0.687553
0.686710
0.686546
0.685559
0.365384
0.047319
0.072534
0.078015
0.386798
0.999447
0.092879
0.999447
0.064357
0.368888
0.052949
0.683922
0.052553
0.366766
0.999447
0.046666
0.999447
0.680596
0.360467
0.359895
0.361144
0.364456
0.054617
0.058435
0.059152
0.060093
0.688586
0.684363
0.684887
0.372905
0.997751
0.055485
0.997751
0.682539
0.679357
0.034764
0.997751
0.061302
0.077791
0.060648
0.073981
0.337534
0.304714
0.337618
0.364150
0.031757
0.685359
0.115722
0.696703
0.079540
0.690369
0.044412
0.695213
0.695471
0.997751
0.397067
0.997751
0.689105
0.691520
0.999483
0.383206
0.071067
0.386501
0.686663
0.418759
0.999483
0.000985
0.118504
0.370280
0.063312
0.999483
0.058211
0.069214
0.075960
0.999483
0.691724
0.377557
0.130170
0.089065
0.335130
0.409809
0.358509
0.681148
0.675844
0.072922
0.688854
0.386051
0.999483
0.077764
0.380437
0.999483
0.077069
0.999483
0.069958
0.685764
0.684860
0.684391
0.369592
0.999483
0.053847
0.054265
0.368833
0.368349
0.367446
0.682937
0.050357
0.368150
0.371449
0.376277
0.999483
0.689275
0.071379
0.067012
0.072474
0.068366
0.070678
0.999483
0.068819
0.068213
0.069061
0.380749
0.689636
0.063168
0.688189
0.688970
0.688189
0.383812
0.390499
0.377382
0.373135
0.376913
0.063555
0.059816
0.999483
0.371148
0.055846
0.999483
0.370570
0.371286
0.372947
0.062345
0.381610
0.692142
0.694174
0.695694
0.010132
0.082195
0.382473
0.374095
0.368827
0.052507
0.054204
0.056923
0.371419
0.057412
0.685382
0.685454
0.371001
0.370573
0.054852
0.369109
0.369264
0.684322
0.054862
0.684539
0.369968
0.055801
0.369011
0.367534
0.365492
0.363533
0.051322
0.684876
0.686658
0.363286
0.072351
0.369579
0.356214
0.371449
0.061838
0.060750
0.057980
0.055840
0.056061
0.058447
0.058441
0.052108
0.043380
0.036108
0.039551
0.058601
0.061968
0.373110
0.372382
0.371768
0.371486
0.371519
0.371648
0.371562
0.058221
0.370480
0.684808
0.052648
0.053463
0.699236
0.686420
0.690318
0.367088
0.044014
0.417114
0.679314
0.078322
0.398432
0.392156
0.696095
0.058645
0.684344
0.073698
0.073013
0.061065
0.431353
0.166854
0.135164
0.016792
0.351914
0.084146
0.705024
0.999483
0.705024
0.103159
0.999483
0.668307
0.685813
0.100233
0.427377
0.068564
0.071789
0.063206
0.066635
0.078183
0.094910
0.101019
0.371273
0.110186
0.091558
0.330017
0.999483
0.018480
0.999483
0.373706
0.376820
0.380187
0.013467
0.377363
0.376815
0.375935
0.376185
0.999483
0.687143
0.126194
0.437856
0.076338
0.746997
0.706896
0.746997
0.687012
0.683823
0.683803
0.052539
0.999447
0.049692
0.999447
0.363522
0.042510
0.999447
0.363461
0.364531
0.366728
0.683675
0.685143
0.371571
0.058585
0.686059
0.370724
0.371137
0.056229
0.059467
0.062550
0.059901
0.051575
0.041230
0.354205
0.041483
0.997751
0.683172
0.080022
0.690908
0.011363
0.044054
0.387874
0.347588
0.418362
0.379155
0.360882
0.056201
0.294246
0.036776
0.099578
0.116760
0.695213
0.399999
0.093073
0.699347
0.087028
0.087730
0.080544
0.999483
0.691169
0.380381
0.039010
0.999483
0.418759
0.398478
0.999483
0.068645
0.999483
0.367395
0.680509
0.684640
0.075477
0.077391
0.074150
0.365014
0.379427
0.097596
0.999483
0.703826
0.732914
0.370860
0.066754
0.060395
0.687850
0.072298
0.077392
0.076508
0.379314
0.379989
0.077145
0.076544
0.688199
0.374315
0.371743
0.057003
0.370353
0.054467
0.684671
0.054084
0.684033
0.368392
0.999483
0.366974
0.049302
0.367524
0.371073
0.999483
0.064871
0.071531
0.066163
0.689694
0.687945
0.685707
0.069873
0.384917
0.393154
0.128562
0.703961
0.384674
0.069528
0.066504
0.067096
0.999483
0.071082
0.073220
0.066606
0.058147
0.067357
0.066584
0.374996
0.058975
0.056770
0.999483
0.684962
0.055670
0.370052
0.370263
0.371063
0.372689
0.068502
0.075627
0.389391
0.014444
0.999483
0.620900
0.052473
0.060292
0.057748
0.685810
0.371276
0.371286
0.057353
0.685379
0.371200
0.056898
0.370736
0.370251
0.369676
0.684508
0.054116
0.684460
0.055537
0.371194
0.370818
0.685551
0.370187
0.368789
0.366875
0.365270
0.054670
0.371609
0.380973
0.698334
0.673865
0.382570
0.056864
0.372772
0.065832
0.999483
0.374942
0.059824
0.686409
0.374404
0.376993
0.379663
0.684727
0.362163
0.040117
0.999483
0.057346
0.686349
0.686491
0.059218
0.371853
0.685400
0.999483
0.371190
0.056819
0.999483
0.685229
0.055435
0.374937
0.080938
0.413136
0.367088
0.999483
0.089756
0.352019
0.081497
0.397653
0.087067
0.999483
0.397020
0.063635
0.375617
0.688039
0.674692
0.728637
0.429656
0.429807
0.124839
0.365583
0.999953
0.343778
0.334668
0.090649
0.434334
0.705190
0.415642
0.372313
0.373556
0.367977
0.999483
0.692267
0.689066
0.384389
0.381702
0.072189
0.999483
0.094309
0.371853
0.694322
0.999483
0.072879
0.631627
0.392463
0.041503
0.051310
0.692116
0.018742
0.999483
0.317822
0.081452
0.085981
0.079948
0.057162
0.383901
0.700073
0.157680
0.079239
0.692345
0.430838
0.296751
0.367990
0.052059
0.052344
0.052370
0.683622
0.051233
0.682372
0.365144
0.047689
0.046144
0.999447
0.682432
0.683231
0.055464
0.056840
0.371036
0.057339
0.055965
0.052835
0.050996
0.051289
0.997751
0.684645
0.685889
0.685085
0.368091
0.042428
0.045139
0.054969
0.081678
0.690908
0.997751
0.690908
0.687617
0.074570
0.044986
0.058069
0.060922
0.058906
0.056697
0.047861
0.382608
0.120886
0.071645
0.414343
0.416160
0.095327
0.375937
0.999483
0.395279
0.085998
0.062597
0.056732
0.083117
0.174375
0.045271
0.025180
0.053883
0.073120
0.681954
0.365876
0.369122
0.063453
0.381886
0.382575
0.999483
0.074748
0.077861
0.381689
0.381413
0.009681
0.083070
0.061076
0.999483
0.081113
0.375852
0.746210
0.298390
0.043496
0.372055
0.999483
0.377806
0.376186
0.075162
0.072587
0.376221
0.373402
0.373340
0.372047
0.371143
0.370620
0.370241
0.054562
0.368801
0.051860
0.366434
0.366167
0.367755
0.686154
0.375080
0.999483
0.376965
0.059868
0.053284
0.063397
0.372001
0.695067
0.999483
0.695067
0.406780
0.693888
0.999483
0.077714
0.072263
0.381155
0.070053
0.690034
0.379888
0.378808
0.377478
0.378999
0.378105
0.061242
0.999483
0.056719
0.684962
0.370043
0.054855
0.368797
0.999483
0.684648
0.369882
0.372670
0.377229
0.387280
0.392116
0.005856
0.070708
0.355512
0.356890
0.999483
0.371685
0.372285
0.371478
0.371321
0.056946
0.685039
0.370614
0.370250
0.999483
0.684613
0.369116
0.053754
0.684489
0.056126
0.999483
0.371840
0.372365
0.060533
0.371131
0.369509
0.368299
0.684723
0.380572
0.117536
0.170298
0.701493
0.432743
0.369281
0.061923
0.067416
0.064422
0.687188
0.373945
0.686248
0.686409
0.687444
0.688767
0.062151
0.369816
0.363649
0.039765
0.048334
0.373689
0.686279
0.685935
0.999483
0.057651
0.371190
0.999483
0.057176
0.371636
0.057818
0.061817
0.380705
0.385985
0.100498
0.713383
0.077851
0.319267
0.358069
0.691395
0.694976
0.702321
0.087698
0.687422
0.064761
0.066180
0.062369
0.389616
0.064726
0.402701
0.999953
0.401821
0.399039
0.055101
0.007936
0.370035
0.061090
0.401871
0.999483
0.391690
0.371646
0.059707
0.080209
0.692267
0.379926
0.385311
0.078491
0.999483
0.690795
0.381038
0.377454
0.064269
0.671408
0.383220
0.046711
0.049201
0.354668
0.999483
0.348135
0.371274
0.109453
0.626566
0.079304
0.063915
0.690231
0.087617
0.999483
0.062722
0.424006
0.100285
0.386176
0.042452
0.609186
0.051866
0.367824
0.683495
0.683631
0.683689
0.368007
0.367860
0.367327
0.366781
0.683549
0.050293
0.682432
0.367510
0.054614
0.999447
0.684966
0.370823
0.055486
0.999447
0.684207
0.363584
0.048751
0.684645
0.371373
0.372077
0.370239
0.372670
0.372024
0.373408
0.379427
0.113461
0.104401
0.080720
0.059841
0.054360
0.053020
0.997751
0.683697
0.052402
0.681429
0.369245
0.997751
0.374409
0.376068
0.381335
0.106432
0.104794
0.683112
0.370150
0.395279
0.999483
0.383092
0.999483
0.388962
0.668112
0.318318
0.164994
0.387999
0.375403
0.691576
0.073879
0.059194
0.062087
0.700236
0.069090
0.999483
0.382575
0.060513
0.383344
0.999483
0.382975
0.370171
0.057282
0.393166
0.090920
0.377349
0.415429
0.625076
0.072748
0.372830
0.685228
0.046431
0.004972
0.690222
0.999483
0.068621
0.068431
0.064790
0.686628
0.999483
0.374559
0.058897
0.685021
0.684700
0.684368
0.683541
0.682947
0.683167
0.999483
0.367755
0.058114
0.376398
0.377176
0.062199
0.378238
0.688103
0.075845
0.090261
0.055330
0.002105
0.422256
0.015632
0.080008
0.437501
0.007135
0.130380
0.072809
0.999483
0.380492
0.069535
0.378787
0.688640
0.377075
0.060818
0.371928
0.371226
0.370373
0.054819
0.052365
0.366097
0.684648
0.051469
0.683272
0.369520
0.375293
0.075557
0.387225
0.378622
0.689665
0.681588
0.041069
0.358157
0.060484
0.999483
0.685635
0.685414
0.370901
0.999483
0.685039
0.055081
0.054385
0.053628
0.052939
0.053243
0.684450
0.369926
0.371465
0.061380
0.063467
0.377440
0.064013
0.062361
0.372155
0.373826
0.000120
0.692829
0.040661
0.171924
0.047440
0.999483
0.685052
0.376450
0.377052
0.999483
0.687188
0.373227
0.062934
0.064453
0.069634
0.390395
0.379029
0.371983
0.048204
0.046115
0.059453
0.060885
0.060695
0.059553
0.058242
0.057323
0.057311
0.999483
0.372818
0.063254
0.690292
0.072907
0.386541
0.999483
0.076754
0.363797
0.672666
0.689217
0.380197
0.070232
0.070944
0.373067
0.685303
0.070548
0.999953
0.066425
0.032303
0.378549
0.108413
0.425665
0.116145
0.689000
0.999953
0.378343
0.022938
0.136356
0.391329
0.090939
0.068017
0.066098
0.379558
0.079906
0.090599
0.082155
0.385882
0.385553
0.690795
0.380268
0.055883
0.355655
0.399982
0.385336
0.366028
0.092462
0.999483
0.360047
0.053441
0.368878
0.368801
0.374239
0.685161
0.386964
0.999483
0.694119
0.690231
0.141353
0.401169
0.418240
0.684568
0.042546
0.368134
0.683651
0.051130
0.999447
0.367936
0.052921
0.052609
0.052205
0.052303
0.367743
0.368053
0.368249
0.053633
0.683726
0.369485
0.055851
0.370478
0.056064
0.685100
0.685134
0.369584
0.365633
0.364417
0.997751
0.050585
0.054559
0.058723
0.371176
0.685975
0.378666
0.077574
0.701826
0.693522
0.698640
0.382319
0.685436
0.052471
0.997751
0.367799
0.052468
0.997751
0.682526
0.046528
0.051166
0.372841
0.997751
0.688775
0.694214
0.692581
0.370671
0.370642
0.384183
0.694518
0.065229
0.688056
0.038183
0.999483
0.048647
0.329014
0.999483
0.029934
0.048292
0.371752
0.380292
0.386852
0.676311
0.010476
0.018524
0.069397
0.067776
0.694224
0.382975
0.681069
0.363059
0.377171
0.999483
0.068059
0.358153
0.307828
0.336368
0.999483
0.044901
0.673859
0.999483
0.022938
0.073666
0.056831
0.999483
0.065731
0.378509
0.375605
0.064899
0.686648
0.685959
0.371358
0.370900
0.371201
0.684368
0.054349
0.367048
0.369681
0.053237
0.061422
0.999483
0.068539
0.999483
0.069886
0.383688
0.402340
0.371318
0.365824
0.354316
0.999483
0.674482
0.702609
0.029638
0.436698
0.713704
0.124716
0.380099
0.381145
0.070027
0.378596
0.999483
0.688640
0.060553
0.370764
0.684351
0.054550
0.368018
0.048949
0.681433
0.048035
0.681879
0.366934
0.057331
0.694043
0.394342
0.078548
0.379213
0.368147
0.347948
0.666225
0.062384
0.060753
0.056256
0.057089
0.056822
0.056403
0.055760
0.054960
0.053719
0.999483
0.684090
0.683887
0.052777
0.684362
0.369861
0.060177
0.999483
0.687623
0.688427
0.379196
0.379627
0.062662
0.055237
0.417845
0.031690
0.688505
0.381584
0.344205
0.055164
0.376450
0.999483
0.064639
0.373001
0.686301
0.371964
0.685494
0.688304
0.688495
0.382923
0.381294
0.372614
0.999483
0.054089
0.372453
0.075279
0.074624
0.686819
0.060014
0.372089
0.372105
0.059438
0.999483
0.067854
0.692038
0.079634
0.691498
0.075748
0.068968
0.045343
0.052669
0.360647
0.376394
0.684773
0.685127
0.685303
0.691980
0.999953
0.093372
0.089939
0.375896
0.372357
0.999953
0.398476
0.106517
0.379892
0.378343
0.999953
0.689296
0.078871
0.999483
0.383560
0.064740
0.691176
0.999483
0.691176
0.697136
0.389120
0.064599
0.075092
0.072008
0.381079
0.691693
0.067143
0.076521
0.073499
0.065111
0.101428
0.096853
0.387388
0.373274
0.396577
0.054774
0.110951
0.692328
0.123354
0.425482
0.374650
0.393627
0.404887
0.368133
0.368342
0.367470
0.043003
0.049082
0.682975
0.051764
0.054303
0.369595
0.054671
0.999447
0.684079
0.683925
0.054652
0.055823
0.056326
0.056332
0.370244
0.370636
0.685244
0.055969
0.999447
0.370610
0.370435
0.369219
0.366296
0.046719
0.365100
0.997751
0.682162
0.683708
0.373831
0.376069
0.688585
0.394205
0.707730
0.402715
0.397338
0.698539
0.370878
0.683959
0.367352
0.051251
0.050210
0.050789
0.049266
0.366291
0.997751
0.061167
0.067202
0.075900
0.072059
0.050252
0.065534
0.368011
0.358703
0.376179
0.067765
0.052721
0.038935
0.346320
0.342310
0.130231
0.041467
0.351433
0.359815
0.688871
0.686099
0.999483
0.686099
0.322136
0.286479
0.325753
0.080974
0.691083
0.089409
0.060938
0.687108
0.999483
0.377171
0.376236
0.999483
0.368287
0.687770
0.032007
0.061691
0.065312
0.019946
0.696285
0.371026
0.053814
0.065701
0.688420
0.072939
0.073232
0.377507
0.063314
0.061506
0.059839
0.055450
0.049394
0.059332
0.371387
0.370303
0.999483
0.057514
0.689374
0.070142
0.381677
0.363255
0.006685
0.999483
0.072155
0.364842
0.363258
0.388317
0.674482
0.399676
0.084920
0.689740
0.999483
0.689740
0.403769
0.999483
0.380354
0.070638
0.689641
0.066654
0.062473
0.371568
0.684345
0.368819
0.367144
0.047949
0.363666
0.682213
0.681433
0.364006
0.049200
0.370122
0.685177
0.091160
0.999483
0.387142
0.045539
0.019323
0.032897
0.064748
0.999483
0.685729
0.056365
0.999483
0.685077
0.684890
0.053920
0.684029
0.052933
0.368216
0.367940
0.367865
0.052451
0.053734
0.371794
0.063270
0.688427
0.067980
0.689220
0.689695
0.689816
0.435775
0.999483
0.133868
0.105921
0.404633
0.048898
0.053723
0.374215
0.375439
0.062442
0.370398
0.369755
0.057138
0.066305
0.078010
0.075930
0.688191
0.999483
0.374289
0.370174
0.056114
0.402089
0.403286
0.999953
0.081983
0.376170
0.372945
0.686352
0.061178
0.065546
0.383069
0.692498
0.081325
0.386072
0.691923
0.068418
0.687404
0.056490
0.055612
0.050591
0.047173
0.043276
0.367414
0.059189
0.102377
0.691815
0.046866
0.342137
0.395093
0.698839
0.386476
0.061669
0.691488
0.053150
0.689296
0.378709
0.071529
0.377336
0.379619
0.372101
0.374366
0.067613
0.390332
0.389120
0.683890
0.689136
0.689351
0.999483
0.071935
0.061806
0.061007
0.687307
0.077899
0.999483
0.386479
0.400877
0.386658
0.065198
0.378596
0.059759
0.693792
0.119604
0.746563
0.069517
0.379939
0.102122
0.413715
0.048221
0.047098
0.045083
0.364433
0.047851
0.049636
0.052694
0.685180
0.999447
0.685180
0.055750
0.369083
0.369170
0.684848
0.685459
0.685817
0.685798
0.371366
0.056678
0.369681
0.054470
0.369998
0.370270
0.370177
0.367603
0.367143
0.049127
0.049250
0.682162
0.368836
0.372509
0.376605
0.379089
0.382051
0.097198
0.997751
0.410757
0.417635
0.095733
0.372738
0.062388
0.063172
0.061527
0.370495
0.997751
0.366668
0.364023
0.051603
0.060086
0.695025
0.392161
0.687751
0.359376
0.344684
0.061249
0.068076
0.082044
0.687167
0.375645
0.366328
0.999483
0.677691
0.375339
0.113342
0.999483
0.040549
0.068343
0.688871
0.371913
0.365138
0.684742
0.315507
0.331055
0.068884
0.701962
0.100118
0.999483
0.369707
0.057181
0.381987
0.384669
0.063201
0.060487
0.689101
0.060399
0.686478
0.030412
0.097791
0.402067
0.681149
0.012979
0.343194
0.387763
0.382821
0.312679
0.359581
0.687417
0.999483
0.055799
0.360444
0.375539
0.381504
0.067538
0.375616
0.685996
0.065762
0.378706
0.999483
0.062232
0.707185
0.099619
0.061990
0.374554
0.687604
0.069390
0.369457
0.384618
0.054654
0.353633
0.709511
0.369102
0.118915
0.370398
0.072646
0.999483
0.071036
0.689639
0.066856
0.373507
0.369941
0.999483
0.684345
0.683124
0.045825
0.364698
0.999483
0.364151
0.048809
0.999483
0.684311
0.085077
0.691931
0.694000
0.691931
0.381378
0.368193
0.361749
0.366841
0.374154
0.056261
0.999483
0.370647
0.370366
0.055084
0.054009
0.999483
0.684029
0.367943
0.052288
0.055351
0.368605
0.366941
0.055720
0.058809
0.374726
0.066201
0.999483
0.379553
0.379946
0.067530
0.132506
0.999483
0.694195
0.070071
0.050754
0.681973
0.052642
0.370523
0.058836
0.369631
0.999483
0.683941
0.077342
0.999483
0.694360
0.074283
0.066988
0.060739
0.057723
0.073303
0.373958
0.711430
0.700522
0.093185
0.688875
0.065012
0.374287
0.375184
0.687841
0.071716
0.999483
0.082488
0.079948
0.380441
0.687404
0.999483
0.373672
0.369727
0.682004
0.677903
0.676898
0.358585
0.699586
0.388621
0.999953
0.054814
0.381663
0.999953
0.395093
0.749147
0.685162
0.362032
0.034135
0.372461
0.689124
0.060738
0.999483
0.372831
0.373706
0.063719
0.368212
0.382540
0.079506
0.393825
0.381174
0.369274
0.381447
0.068408
0.376506
0.372030
0.371165
0.373495
0.065710
0.683079
0.070230
0.033565
0.100483
0.073267
0.693792
0.999483
0.693792
0.402520
0.378196
0.389047
0.353721
0.381574
0.682001
0.681518
0.045222
0.999447
0.681661
0.366196
0.054725
0.371789
0.685180
0.371830
0.685909
0.370562
0.370790
0.371898
0.372872
0.373035
0.058765
0.372277
0.056221
0.999447
0.684087
0.368965
0.369302
0.369195
0.367991
0.051957
0.997751
0.366218
0.368032
0.370910
0.374748
0.068851
0.073668
0.383934
0.391938
0.090402
0.137934
0.149272
0.441224
0.069741
0.379481
0.382048
0.072619
0.997751
0.057621
0.368949
0.047593
0.369865
0.074863
0.997751
0.386006
0.014547
0.435157
0.370191
0.359251
0.704352
0.697088
0.387897
0.688120
0.685716
0.287748
0.334866
0.294386
0.999483
0.042527
0.999483
0.677055
0.087315
0.048469
0.359917
0.315507
0.999483
0.669682
0.355585
0.398091
0.692647
0.380723
0.108365
0.047970
0.383486
0.388687
0.689448
0.689101
0.999483
0.052092
0.680241
0.065677
0.999483
0.373605
0.999483
0.015228
0.380869
0.634860
0.034867
0.357086
0.999483
0.047916
0.372338
0.686637
0.999483
0.079194
0.999483
0.079523
0.381108
0.688967
0.077632
0.077936
0.690789
0.692722
0.696857
0.707185
0.433169
0.687604
0.372072
0.689054
0.375414
0.999483
0.046460
0.694988
0.354800
0.414255
0.378660
0.074004
0.383088
0.072005
0.070518
0.689329
0.066659
0.372075
0.684211
0.369941
0.366846
0.043484
0.042489
0.683430
0.682213
0.054115
0.060373
0.061150
0.374052
0.073439
0.075638
0.387833
0.059646
0.999483
0.688236
0.686367
0.687359
0.061700
0.055900
0.055659
0.055791
0.055653
0.055190
0.999483
0.053229
0.367997
0.052539
0.370591
0.368822
0.999483
0.051420
0.052392
0.999483
0.371704
0.373064
0.373243
0.379675
0.383009
0.690557
0.379263
0.382744
0.386302
0.052779
0.047647
0.682157
0.367386
0.049602
0.049736
0.368950
0.366943
0.057942
0.701198
0.383846
0.074722
0.999483
0.689200
0.375542
0.063201
0.357209
0.387212
0.093252
0.711901
0.395883
0.691616
0.378724
0.064113
0.379423
0.688355
0.070582
0.080343
0.690733
0.075736
0.377613
0.066031
0.063590
0.372507
0.999953
0.060835
0.045013
0.677903
0.358755
0.052916
0.999953
0.082954
0.687836
0.999953
0.055949
0.433076
0.371745
0.358249
0.345915
0.045199
0.689884
0.374216
0.049996
0.685578
0.369600
0.076564
0.999483
0.384975
0.394568
0.689812
0.391827
0.370461
0.394732
0.068815
0.999483
0.688904
0.687584
0.686106
0.686889
0.685671
0.369011
0.677986
0.686522
0.689059
0.080613
0.686779
0.384387
0.085554
0.374096
0.087099
0.413680
0.604894
0.048646
0.681518
0.043094
0.680650
0.362966
0.047723
0.999447
0.055540
0.061381
0.374282
0.060862
0.685527
0.372221
0.372692
0.373910
0.374551
0.374154
0.686510
0.371831
0.053830
0.684087
0.049322
0.049069
0.050682
0.050679
0.052010
0.052506
0.052376
0.053259
0.056233
0.060426
0.066367
0.997751
0.689070
0.133377
0.383809
0.391127
0.362326
0.094540
0.386199
0.385017
0.364606
0.618153
0.077707
0.066411
0.683617
0.997751
0.059822
0.379405
0.392636
0.063598
0.997751
0.170832
0.695719
0.380573
0.998821
0.424329
0.109720
0.074538
0.078527
0.688120
0.042166
0.999483
0.051480
0.101128
0.331373
0.424421
0.101061
0.999483
0.082258
0.365794
0.674658
0.061940
0.363529
0.691116
0.084488
0.403436
0.428871
0.999483
0.483788
0.011701
0.383565
0.072416
0.376873
0.376803
0.048812
0.362636
0.424949
0.691939
0.087907
0.083223
0.379982
0.008991
0.682623
0.024997
0.999483
0.047444
0.064359
0.055716
0.069916
0.072819
0.086483
0.384372
0.057785
0.065735
0.393017
0.394141
0.084444
0.115226
0.052204
0.100289
0.363949
0.354189
0.369004
0.999483
0.684210
0.376984
0.073370
0.070805
0.042617
0.079209
0.379898
0.073816
0.999483
0.072748
0.380564
0.379780
0.689690
0.065755
0.684211
0.999483
0.367932
0.042935
0.999483
0.678754
0.047080
0.683430
0.684754
0.687375
0.380878
0.060656
0.063783
0.686976
0.367612
0.071471
0.077398
0.069423
0.075840
0.076885
0.056237
0.684736
0.685110
0.684632
0.370314
0.999483
0.369867
0.053613
0.684178
0.999483
0.684178
0.374122
0.003790
0.431924
0.367875
0.053621
0.052960
0.051315
0.060187
0.071827
0.381044
0.379707
0.377226
0.058491
0.052288
0.363505
0.048186
0.999483
0.365696
0.371147
0.366963
0.051303
0.052023
0.056227
0.069048
0.078663
0.073206
0.689200
0.064033
0.999483
0.064415
0.688705
0.061662
0.392295
0.088937
0.999953
0.075444
0.689824
0.076699
0.693549
0.073274
0.387304
0.380406
0.688319
0.064964
0.687940
0.686287
0.063203
0.060337
0.368556
0.058145
0.063332
0.045914
0.356086
0.373361
0.409207
0.119389
0.101325
0.362122
0.999953
0.012181
0.067922
0.026728
0.330665
0.377664
0.384004
0.370228
0.347539
0.309565
0.369520
0.081227
0.695262
0.121592
0.130605
0.073497
0.388646
0.411104
0.363645
0.070022
0.379536
0.378032
0.376093
0.068160
0.066800
0.363897
0.355314
0.382329
0.378823
0.095373
0.387029
0.384257
0.078510
0.375444
0.371107
0.698080
0.308697
0.368849
0.039554
0.680503
0.679407
0.361085
0.361483
0.046210
0.683487
0.683195
0.685901
0.376622
0.063545
0.686279
0.373785
0.374331
0.063593
0.062867
0.059947
0.055371
0.051907
0.048432
0.045966
0.681528
0.046357
0.999447
0.682364
0.366757
0.368572
0.369802
0.683945
0.684198
0.684450
0.066620
0.076011
0.092607
0.402674
0.106385
0.303651
0.106677
0.372074
0.088494
0.350641
0.997751
0.671418
0.311627
0.997751
0.065059
0.371488
0.997751
0.067497
0.997751
0.109806
0.688731
0.423545
0.441116
0.998821
0.379503
0.398648
0.681526
0.999483
0.048767
0.691345
0.071594
0.664070
0.688413
0.301622
0.105478
0.318172
0.999483
0.400505
0.068138
0.393662
0.069953
0.060610
0.399196
0.697122
0.386547
0.361557
0.398734
0.170666
0.045053
0.405654
0.384704
0.686908
0.999483
0.373369
0.039766
0.741335
0.349067
0.683097
0.338844
0.067588
0.375486
0.373955
0.689472
0.375909
0.074140
0.088831
0.693260
0.075609
0.390853
0.397360
0.391750
0.999483
0.064366
0.389414
0.089477
0.091929
0.106639
0.694387
0.706022
0.363356
0.399323
0.309497
0.065863
0.373724
0.689054
0.069778
0.073231
0.999483
0.381395
0.691829
0.069846
0.379711
0.071394
0.380021
0.690029
0.378937
0.068045
0.064794
0.370556
0.684211
0.047348
0.040549
0.036827
0.037466
0.045566
0.057453
0.064020
0.071792
0.383200
0.375695
0.059272
0.999953
0.070805
0.056950
0.999953
0.066651
0.999953
0.691189
0.370628
0.684944
0.369886
0.369895
0.370348
0.370578
0.370611
0.054887
0.683726
0.368819
0.117447
0.412211
0.481563
0.620595
0.749312
0.370821
0.368086
0.056284
0.999483
0.687430
0.378708
0.378169
0.064230
0.373380
0.367974
0.363322
0.360524
0.049239
0.365271
0.053227
0.685255
0.371372
0.373981
0.065261
0.379869
0.381399
0.382120
0.062214
0.058719
0.061858
0.067471
0.691213
0.067925
0.383510
0.383597
0.078060
0.999953
0.077402
0.999953
0.081126
0.999953
0.065870
0.688319
0.999953
0.059610
0.060298
0.685649
0.372428
0.058505
0.054803
0.684867
0.056784
0.689149
0.040723
0.041457
0.384133
0.702388
0.687470
0.704557
0.013115
0.747847
0.999953
0.081297
0.060241
0.075800
0.089466
0.382643
0.318566
0.375947
0.361634
0.617735
0.098195
0.088222
0.999483
0.379666
0.104565
0.365712
0.379808
0.999483
0.379929
0.069751
0.073124
0.999483
0.691344
0.367833
0.389729
0.381386
0.391452
0.395607
0.087673
0.999483
0.693662
0.381677
0.392693
0.103694
0.378234
0.362130
0.037077
0.359333
0.679781
0.359882
0.360044
0.360900
0.051004
0.685901
0.068947
0.381097
0.067802
0.686978
0.063685
0.063667
0.687977
0.375345
0.372450
0.049931
0.681113
0.681453
0.360923
0.043459
0.680405
0.047585
0.683091
0.681814
0.368387
0.683958
0.370217
0.371653
0.064622
0.997751
0.689458
0.695255
0.314627
0.400200
0.386487
0.997751
0.393557
0.056132
0.364719
0.671418
0.001647
0.091714
0.691225
0.072219
0.372944
0.378844
0.997751
0.379626
0.127209
0.724728
0.167882
0.696567
0.068892
0.377378
0.434088
0.056918
0.088009
0.385048
0.692301
0.074406
0.688413
0.062412
0.114895
0.377613
0.045741
0.058015
0.084562
0.687064
0.061909
0.999483
0.036067
0.382805
0.698318
0.359133
0.362833
0.407804
0.427508
0.127277
0.424260
0.395433
0.375744
0.070156
0.056231
0.655564
0.381380
0.999483
0.349067
0.455232
0.389299
0.054671
0.376455
0.689093
0.380227
0.074699
0.385687
0.391250
0.390963
0.393404
0.697904
0.695968
0.693328
0.076788
0.690846
0.073483
0.385190
0.438419
0.441220
0.082739
0.666792
0.417771
0.143569
0.999483
0.080993
0.058313
0.372340
0.379254
0.073433
0.385461
0.071012
0.688467
0.063452
0.689106
0.999483
0.068350
0.377945
0.377003
0.064318
0.059976
0.054107
0.046846
0.681794
0.362317
0.362920
0.054985
0.377720
0.688458
0.378115
0.064937
0.999953
0.686393
0.373050
0.367883
0.368039
0.052287
0.373823
0.379549
0.056361
0.368539
0.053407
0.054233
0.054931
0.056496
0.371210
0.058559
0.058517
0.056942
0.368306
0.079823
0.999483
0.424000
0.483945
0.001747
0.999483
0.685754
0.367278
0.057850
0.375050
0.377247
0.066237
0.999483
0.687977
0.686156
0.683122
0.354614
0.054385
0.999483
0.369993
0.999483
0.685255
0.062747
0.999483
0.063084
0.999483
0.060634
0.053533
0.369475
0.375113
0.068077
0.381400
0.380634
0.382393
0.691962
0.692504
0.691768
0.108213
0.105100
0.106042
0.375486
0.047769
0.058415
0.061379
0.685106
0.685649
0.999953
0.685649
0.057853
0.370836
0.685576
0.057363
0.060028
0.368655
0.371346
0.060268
0.086052
0.088445
0.080351
0.312671
0.651312
0.396965
0.675346
0.685700
0.687426
0.683874
0.394972
0.394861
0.369617
0.310052
0.075658
0.380796
0.999483
0.382180
0.364753
0.122002
0.387145
0.691841
0.062855
0.052204
0.059775
0.689149
0.383715
0.087286
0.081495
0.092547
0.083652
0.697132
0.067445
0.686993
0.369841
0.087918
0.136477
0.710134
0.395871
0.066778
0.042459
0.359196
0.679178
0.360262
0.040206
0.040370
0.040740
0.044966
0.054944
0.377877
0.079265
0.082530
0.069645
0.999447
0.064903
0.999447
0.687977
0.373404
0.050548
0.999447
0.362122
0.679703
0.361816
0.044753
0.045650
0.682161
0.051719
0.998507
0.369800
0.371023
0.372440
0.062279
0.378122
0.387008
0.026399
0.425479
0.302280
0.388722
0.419328
0.362564
0.061911
0.997751
0.053951
0.672363
0.393898
0.107606
0.095031
0.074029
0.056759
0.068295
0.391259
0.694070
0.090687
0.317173
0.382845
0.364202
0.352343
0.404049
0.999483
0.039400
0.366768
0.378190
0.085505
0.691812
0.442851
0.702217
0.080985
0.609508
0.006033
0.999483
0.100954
0.016294
0.030357
0.388852
0.358129
0.400882
0.080749
0.072945
0.068049
0.085565
0.045734
0.088783
0.402098
0.082831
0.999483
0.089682
0.359238
0.021783
0.094975
0.748723
0.105203
0.702004
0.073774
0.375924
0.683881
0.376915
0.378172
0.686835
0.384992
0.085594
0.393135
0.092105
0.394387
0.083085
0.999483
0.383649
0.073366
0.691678
0.682671
0.441154
0.404427
0.037653
0.018101
0.377110
0.093807
0.999953
0.687257
0.683780
0.378395
0.073202
0.689196
0.377439
0.060032
0.059583
0.064474
0.689106
0.688245
0.376856
0.375821
0.374285
0.056559
0.367050
0.999483
0.366248
0.366101
0.367084
0.369689
0.062163
0.375927
0.686952
0.374707
0.058477
0.055065
0.054475
0.368791
0.048619
0.682551
0.367212
0.054076
0.051098
0.999953
0.683972
0.684286
0.684687
0.370517
0.058269
0.373196
0.373744
0.373864
0.057584
0.057479
0.097083
0.407202
0.340612
0.092879
0.685754
0.371466
0.682438
0.370041
0.060873
0.069177
0.072046
0.070159
0.064079
0.073734
0.067347
0.379821
0.362267
0.060889
0.057043
0.056051
0.059120
0.062493
0.687752
0.374977
0.060087
0.050379
0.681820
0.050914
0.295364
0.999953
0.067850
0.689059
0.071490
0.076447
0.077759
0.121880
0.423739
0.702141
0.085121
0.682586
0.020946
0.360604
0.366642
0.054351
0.370263
0.685649
0.057632
0.685922
0.371828
0.999953
0.057449
0.370765
0.684696
0.054329
0.372033
0.375012
0.999953
0.690834
0.392833
0.336206
0.358997
0.370796
0.371040
0.035132
0.702596
0.378242
0.377166
0.434406
0.371976
0.058700
0.374256
0.690573
0.363512
0.372211
0.375705
0.377718
0.378852
0.050241
0.999483
0.070589
0.999483
0.382576
0.377358
0.702837
0.086389
0.096390
0.094771
0.081772
0.050137
0.011196
0.999483
0.384293
0.112936
0.384747
0.687715
0.362046
0.361618
0.365491
0.044192
0.999447
0.680497
0.680637
0.680538
0.682181
0.685822
0.690927
0.693805
0.072669
0.687947
0.066386
0.687977
0.376489
0.687889
0.685786
0.364974
0.361278
0.043237
0.363843
0.364192
0.046092
0.047388
0.366252
0.052900
0.054529
0.056853
0.372604
0.685215
0.068404
0.071116
0.346782
0.008145
0.696419
0.409408
0.376610
0.701548
0.671715
0.372619
0.680522
0.383479
0.074313
0.081447
0.686620
0.997751
0.686620
0.367474
0.080264
0.079982
0.327073
0.409307
0.404770
0.282288
0.351725
0.400630
0.719485
0.084498
0.999483
0.361710
0.067807
0.132041
0.107179
0.999483
0.015250
0.315114
0.232948
0.429479
0.388660
0.999483
0.324527
0.424955
0.397474
0.426455
0.367653
0.999483
0.683664
0.675572
0.691944
0.023555
0.377388
0.693795
0.691009
0.385490
0.088250
0.383630
0.692877
0.087714
0.111644
0.685645
0.097227
0.688690
0.366319
0.366217
0.370862
0.064378
0.379883
0.382341
0.081701
0.389572
0.086223
0.692896
0.383941
0.384194
0.069855
0.074996
0.381203
0.061014
0.296212
0.372924
0.301915
0.999483
0.062344
0.374387
0.059387
0.064285
0.999953
0.071302
0.688083
0.375733
0.058222
0.684565
0.371393
0.061992
0.064257
0.375621
0.374570
0.373084
0.055978
0.684251
0.051529
0.367968
0.053633
0.685101
0.371150
0.060597
0.686952
0.999953
0.056808
0.683952
0.684738
0.684110
0.364985
0.045814
0.681854
0.364782
0.048915
0.683093
0.367309
0.368020
0.368850
0.369746
0.371580
0.999953
0.373747
0.374861
0.063166
0.999483
0.687316
0.370170
0.323785
0.149329
0.199315
0.061593
0.047368
0.364687
0.682908
0.686296
0.376603
0.382851
0.383646
0.080257
0.396195
0.385952
0.382824
0.377572
0.374226
0.373002
0.686167
0.060633
0.375676
0.376006
0.376190
0.057043
0.366964
0.366673
0.295835
0.746966
0.295834
0.065869
0.999953
0.069575
0.691020
0.090565
0.083090
0.394484
0.690731
0.086502
0.725448
0.367601
0.325102
0.042220
0.368395
0.052967
0.055440
0.058131
0.058589
0.371940
0.371457
0.057051
0.369852
0.368899
0.366369
0.366317
0.682945
0.058238
0.059907
0.070145
0.076158
0.370850
0.372048
0.353903
0.315339
0.344579
0.319690
0.223386
0.284457
0.355168
0.071495
0.999483
0.070316
0.378297
0.375470
0.064712
0.080981
0.075788
0.068775
0.382046
0.393656
0.076333
0.377358
0.999483
0.041447
0.676083
0.689970
0.085301
0.700969
0.692533
0.411504
0.013354
0.006929
0.063346
0.999483
0.364605
0.360777
0.366864
0.060535
0.362661
0.680497
0.362863
0.046809
0.047277
0.368645
0.376841
0.061813
0.055323
0.058682
0.069243
0.060645
0.067832
0.069391
0.060314
0.683308
0.365976
0.362785
0.681573
0.682312
0.682721
0.365298
0.365458
0.051103
0.367883
0.368903
0.370827
0.372233
0.373746
0.066642
0.683516
0.680781
0.370718
0.998507
0.384429
0.055513
0.114266
0.103546
0.081190
0.026257
0.073748
0.362954
0.365099
0.073116
0.372848
0.683877
0.377651
0.686236
0.691424
0.412443
0.480645
0.019867
0.058371
0.088201
0.430976
0.108119
0.999483
0.041177
0.683511
0.051034
0.371526
0.379137
0.702217
0.687682
0.191963
0.621281
0.203271
0.111761
0.013285
0.676400
0.058743
0.693387
0.019935
0.656024
0.005049
0.375935
0.381101
0.695289
0.077281
0.393039
0.079782
0.693795
0.076876
0.691064
0.999483
0.691064
0.386137
0.080782
0.701915
0.071087
0.714635
0.050531
0.683040
0.681494
0.052662
0.685172
0.375345
0.082652
0.076204
0.382310
0.076162
0.999483
0.383490
0.690781
0.054698
0.379887
0.691710
0.747263
0.617177
0.358364
0.058742
0.999953
0.690598
0.687083
0.377020
0.073246
0.378663
0.999953
0.688554
0.054705
0.999953
0.369651
0.371151
0.060608
0.685821
0.372996
0.371859
0.055327
0.684351
0.369140
0.369189
0.055558
0.999953
0.371422
0.059023
0.059553
0.057186
0.684303
0.368388
0.050537
0.048321
0.044392
0.999953
0.681455
0.046600
0.682586
0.682665
0.366827
0.367729
0.368686
0.055043
0.370917
0.371996
0.686484
0.687220
0.687719
0.065260
0.070519
0.382399
0.680194
0.625485
0.423688
0.438525
0.367937
0.048945
0.370572
0.063333
0.999483
0.376877
0.382711
0.077784
0.386866
0.691372
0.386868
0.382231
0.377401
0.061265
0.686402
0.372613
0.375209
0.377466
0.069408
0.060890
0.369904
0.377283
0.442606
0.999953
0.124850
0.059675
0.051952
0.083470
0.378489
0.078048
0.541098
0.100778
0.382931
0.074136
0.110823
0.999953
0.370493
0.355444
0.048985
0.365524
0.682993
0.054507
0.371059
0.371490
0.685641
0.056358
0.369512
0.368124
0.365782
0.365920
0.683025
0.366367
0.381769
0.999953
0.413886
0.104562
0.072783
0.347723
0.349182
0.303847
0.171416
0.999953
0.100734
0.399799
0.063968
0.384801
0.999483
0.080669
0.075400
0.072512
0.999483
0.391441
0.696777
0.398404
0.097029
0.348363
0.356167
0.347425
0.999483
0.353752
0.037914
0.091559
0.629671
0.385349
0.438058
0.276711
0.355401
0.358616
0.041119
0.354105
0.351697
0.365700
0.365518
0.049459
0.365702
0.682188
0.683477
0.682977
0.368871
0.059145
0.368091
0.357924
0.354304
0.352868
0.373074
0.376347
0.380344
0.066868
0.061256
0.055863
0.052824
0.052720
0.052794
0.051194
0.367561
0.367318
0.367954
0.368738
0.683549
0.369347
0.056709
0.067723
0.059926
0.676894
0.036007
0.054292
0.072661
0.088948
0.351467
0.352912
0.417279
0.399748
0.369116
0.325761
0.046387
0.997751
0.081649
0.093713
0.683979
0.067562
0.997751
0.051390
0.417260
0.100088
0.714829
0.997751
0.714829
0.280635
0.060838
0.678949
0.034701
0.688445
0.040910
0.677038
0.004550
0.422264
0.706920
0.091591
0.411779
0.013720
0.999483
0.381117
0.405880
0.693387
0.999483
0.076009
0.621171
0.110610
0.082999
0.117359
0.056952
0.067610
0.386241
0.380875
0.382942
0.381229
0.381158
0.071566
0.386137
0.685652
0.369470
0.333370
0.445719
0.387803
0.092146
0.049271
0.999483
0.051527
0.375156
0.703040
0.999483
0.081847
0.377448
0.377624
0.378914
0.091169
0.063000
0.047202
0.376216
0.059424
0.386102
0.420361
0.366739
0.685120
0.062515
0.375681
0.376122
0.074120
0.382802
0.999953
0.064829
0.057500
0.049182
0.051099
0.999953
0.369306
0.057785
0.685498
0.371107
0.370642
0.054657
0.684259
0.369341
0.369831
0.056792
0.371847
0.058511
0.371823
0.999953
0.054820
0.999953
0.367237
0.365468
0.682381
0.044115
0.681455
0.363141
0.364119
0.999953
0.365727
0.366697
0.052075
0.053679
0.370503
0.058317
0.061264
0.374802
0.376451
0.066937
0.999483
0.688945
0.387730
0.014594
0.412219
0.375287
0.684409
0.999483
0.054047
0.060688
0.066128
0.070028
0.374608
0.375236
0.069105
0.379504
0.999483
0.069350
0.999483
0.062162
0.685545
0.371151
0.686402
0.058805
0.999953
0.689533
0.064210
0.375282
0.695593
0.692124
0.447345
0.379247
0.432509
0.098176
0.707210
0.138646
0.712118
0.205504
0.999953
0.042990
0.999953
0.085159
0.067227
0.690929
0.373422
0.368584
0.044654
0.367000
0.368430
0.684094
0.055437
0.370584
0.684856
0.369040
0.999953
0.051066
0.366373
0.999953
0.683025
0.085178
0.413886
0.999953
0.418584
0.999953
0.062461
0.034848
0.030900
0.054872
0.442083
0.393708
0.383749
0.093449
0.396716
0.101477
0.999483
0.697411
0.694061
0.082560
0.999483
0.397365
0.118620
0.398740
0.390234
0.330889
0.323025
0.663265
0.009093
0.665661
0.318343
0.999483
0.327705
0.066193
0.347747
0.357850
0.354341
0.349709
0.340253
0.338023
0.053781
0.684666
0.040074
0.052299
0.059253
0.053574
0.682958
0.369218
0.050981
0.999447
0.368823
0.680001
0.680248
0.678125
0.375029
0.380466
0.690199
0.689058
0.687481
0.372664
0.056550
0.685070
0.370011
0.684112
0.684117
0.371137
0.374794
0.072548
0.374899
0.370113
0.292707
0.050079
0.372992
0.998507
0.677456
0.675671
0.683174
0.377796
0.387625
0.403980
0.386435
0.997751
0.047990
0.997751
0.352651
0.619970
0.112214
0.146556
0.380155
0.380496
0.289184
0.333992
0.051984
0.738685
0.408527
0.208488
0.340993
0.341892
0.017018
0.061091
0.999483
0.036165
0.675902
0.079780
0.322927
0.127341
0.348655
0.002462
0.379508
0.381117
0.999483
0.363149
0.043289
0.365727
0.709481
0.059129
0.999483
0.372270
0.044467
0.686762
0.376562
0.069427
0.381318
0.072126
0.072042
0.999483
0.067341
0.375888
0.999483
0.685652
0.362642
0.362368
0.485289
0.064541
0.683721
0.366934
0.056385
0.376793
0.124073
0.703040
0.024462
0.329254
0.671056
0.089407
0.999483
0.346754
0.041238
0.046196
0.367932
0.073330
0.070055
0.372782
0.999483
0.062469
0.999483
0.379321
0.076106
0.381769
0.690063
0.373874
0.686119
0.363532
0.044820
0.684569
0.367051
0.370235
0.999953
0.370124
0.369327
0.053954
0.684749
0.369994
0.370703
0.057893
0.686422
0.372667
0.057579
0.055673
0.368154
0.367816
0.366425
0.682887
0.363749
0.681438
0.362470
0.362701
0.363508
0.364633
0.049021
0.050663
0.368123
0.055239
0.999953
0.685796
0.686937
0.067853
0.071097
0.070478
0.073520
0.080018
0.380992
0.695662
0.075231
0.092504
0.688947
0.058382
0.374709
0.378741
0.382161
0.381578
0.063177
0.373151
0.372922
0.373690
0.066016
0.057733
0.061086
0.370993
0.999953
0.368693
0.057365
0.060025
0.096108
0.372528
0.403203
0.067043
0.088761
0.395972
0.999953
0.089261
0.128638
0.406347
0.999953
0.111957
0.738355
0.710663
0.043446
0.747537
0.408505
0.141491
0.387054
0.691695
0.379413
0.372423
0.048284
0.366613
0.367001
0.368112
0.999953
0.684738
0.055303
0.684223
0.368091
0.999953
0.050220
0.683025
0.045845
0.115934
0.445200
0.409863
0.400127
0.703240
0.043183
0.362351
0.999953
0.074587
0.999953
0.127941
0.013385
0.372283
0.114516
0.405353
0.394001
0.694061
0.387193
0.385064
0.389096
0.097140
0.105236
0.404644
0.377278
0.371567
0.402613
0.354103
0.999483
0.064185
0.378774
0.309765
0.030918
0.424127
0.357917
0.358909
0.016862
0.057022
0.089811
0.365207
0.057999
0.687495
0.058593
0.373307
0.370819
0.999447
0.370043
0.054160
0.373402
0.054845
0.999447
0.054064
0.365076
0.375029
0.999447
0.070461
0.069852
0.065731
0.061838
0.373183
0.057580
0.999447
0.685070
0.055963
0.057431
0.999447
0.392616
0.395798
0.396997
0.689210
0.099142
0.012791
0.631667
0.114181
0.351206
0.036261
0.065248
0.383898
0.076167
0.685001
0.065345
0.034265
0.388786
0.367302
0.003053
0.087641
0.693223
0.144243
0.102892
0.090194
0.079449
0.302712
0.050070
0.008355
0.210245
0.997751
0.027309
0.350105
0.678257
0.363712
0.060499
0.067477
0.678455
0.115916
0.681044
0.687524
0.043895
0.068590
0.319332
0.361217
0.069642
0.086099
0.696210
0.037851
0.671823
0.071301
0.689161
0.379894
0.038494
0.368658
0.688525
0.379706
0.690887
0.691438
0.075284
0.071115
0.066806
0.374173
0.373470
0.049641
0.999483
0.388134
0.094071
0.353161
0.064922
0.055928
0.062819
0.378974
0.302538
0.084069
0.378457
0.349306
0.371152
0.421871
0.713541
0.480163
0.246797
0.103525
0.000490
0.692283
0.687145
0.686948
0.685120
0.063373
0.688551
0.379419
0.382991
0.070130
0.373874
0.999953
0.368173
0.681733
0.360874
0.363557
0.682038
0.369402
0.370393
0.369333
0.368960
0.053320
0.685217
0.999953
0.371155
0.058617
0.686667
0.058850
0.685157
0.684350
0.999953
0.367685
0.365975
0.046645
0.044846
0.362620
0.362430
0.044471
0.045673
0.047255
0.366440
0.999953
0.053083
0.999953
0.370899
0.060657
0.065782
0.380240
0.382099
0.380625
0.381931
0.392040
0.393493
0.014874
0.429590
0.061914
0.060456
0.063686
0.689913
0.381331
0.381027
0.377573
0.687649
0.058885
0.055621
0.052748
0.051988
0.685635
0.685401
0.999953
0.370993
0.684414
0.683101
0.093037
0.352748
0.999953
0.363639
0.384014
0.100874
0.101905
0.406682
0.999953
0.706303
0.110701
0.707210
0.096162
0.099565
0.124443
0.999953
0.017016
0.999953
0.101871
0.385887
0.690851
0.379982
0.374143
0.052167
0.365764
0.365947
0.999953
0.368112
0.053744
0.054960
0.368752
0.368041
0.367319
0.999953
0.046020
0.999953
0.357680
0.416415
0.345005
0.442224
0.376219
0.056328
0.058774
0.031699
0.026887
0.127246
0.448466
0.194281
0.017795
0.101334
0.433966
0.385005
0.399396
0.395553
0.392474
0.083347
0.999483
0.071178
0.082301
0.080239
0.061579
0.370717
0.108177
0.693564
0.039288
0.034728
0.045679
0.330472
0.310469
0.051089
0.103790
0.384678
0.999483
0.706757
0.112370
0.068283
0.351995
0.353496
0.684362
0.684885
0.373311
0.369500
0.681083
0.374968
0.071971
0.686574
0.380864
0.390071
0.373846
0.377726
0.690123
0.378962
0.376635
0.374233
0.058482
0.685177
0.371091
0.370857
0.369835
0.050963
0.057157
0.069836
0.694466
0.692402
0.059089
0.344157
0.058346
0.678570
0.327027
0.068932
0.611316
0.376416
0.070036
0.998507
0.690635
0.685757
0.361595
0.672793
0.074400
0.997751
0.689395
0.086741
0.119914
0.695558
0.692768
0.997751
0.077439
0.088078
0.997751
0.700769
0.486379
0.370852
0.676082
0.032132
0.041179
0.053363
0.369511
0.361660
0.035785
0.999483
0.360926
0.363209
0.380536
0.381161
0.007920
0.686630
0.106132
0.707721
0.414449
0.086083
0.084963
0.688185
0.391828
0.062150
0.376289
0.069614
0.689894
0.381954
0.692395
0.999483
0.692395
0.076659
0.373406
0.999483
0.070143
0.079989
0.374668
0.430574
0.704555
0.438396
0.390349
0.071711
0.692007
0.134357
0.442210
0.307197
0.682559
0.684419
0.126480
0.105577
0.342164
0.156118
0.311984
0.415950
0.094566
0.073166
0.060634
0.374020
0.373338
0.374666
0.377438
0.379495
0.065768
0.687479
0.371290
0.365403
0.041616
0.999953
0.362814
0.365899
0.053333
0.369333
0.999953
0.684408
0.053719
0.055192
0.056727
0.999953
0.372353
0.059575
0.686490
0.058410
0.371209
0.052899
0.999953
0.683289
0.682462
0.681827
0.362694
0.362621
0.681364
0.681612
0.681977
0.049360
0.367980
0.999953
0.054190
0.371072
0.686066
0.067191
0.690399
0.690641
0.077707
0.704740
0.386225
0.387827
0.356543
0.321650
0.118078
0.687886
0.999953
0.687886
0.689913
0.073757
0.377339
0.373374
0.999953
0.057391
0.999953
0.366905
0.053320
0.054735
0.055447
0.054108
0.048525
0.046162
0.057295
0.304794
0.680633
0.283124
0.079388
0.389537
0.689047
0.085365
0.087103
0.110771
0.074828
0.083361
0.999953
0.054977
0.692980
0.392979
0.695180
0.098955
0.694145
0.690851
0.688239
0.999953
0.059623
0.999953
0.050691
0.999953
0.365947
0.050849
0.999953
0.369668
0.053965
0.367755
0.367440
0.367415
0.050955
0.363188
0.352353
0.301998
0.433055
0.375308
0.068512
0.380021
0.383405
0.351432
0.361778
0.351721
0.431953
0.133931
0.999953
0.089446
0.098353
0.451409
0.447390
0.096195
0.071645
0.374790
0.691873
0.681953
0.368462
0.687316
0.999483
0.059750
0.360196
0.347456
0.028899
0.350680
0.363307
0.366369
0.360426
0.741062
0.999483
0.144817
0.324643
0.745025
0.307924
0.387189
0.384065
0.038636
0.371663
0.371768
0.999447
0.368489
0.058166
0.999447
0.066371
0.080478
0.131695
0.182543
0.065709
0.069201
0.380075
0.689935
0.375016
0.999447
0.686025
0.685379
0.056564
0.056713
0.685193
0.051507
0.999447
0.143365
0.117022
0.703432
0.377007
0.037178
0.684099
0.678552
0.678570
0.378299
0.043029
0.998507
0.686708
0.069743
0.065656
0.047618
0.998507
0.377356
0.079842
0.689395
0.065829
0.997751
0.087218
0.400189
0.380616
0.436579
0.100471
0.375635
0.037148
0.406056
0.011069
0.364211
0.356080
0.680284
0.682328
0.684993
0.078485
0.061325
0.058054
0.030745
0.356198
0.358914
0.363097
0.369080
0.052617
0.685946
0.104624
0.098597
0.389160
0.999483
0.078871
0.391430
0.694260
0.079828
0.080057
0.689100
0.689190
0.071997
0.691438
0.080159
0.387516
0.383534
0.066038
0.687300
0.066465
0.693519
0.999483
0.693519
0.079718
0.693147
0.392087
0.087046
0.684717
0.072154
0.247933
0.392935
0.052823
0.747899
0.999483
0.421538
0.376631
0.078818
0.360100
0.375334
0.691482
0.685545
0.065004
0.687398
0.061346
0.373979
0.064936
0.067153
0.063958
0.686505
0.370254
0.364809
0.042180
0.364021
0.682082
0.052710
0.369560
0.054674
0.053554
0.053034
0.053756
0.370571
0.371567
0.685890
0.372248
0.372846
0.372919
0.372265
0.056107
0.052462
0.683289
0.047220
0.681827
0.363109
0.362650
0.362658
0.362990
0.363520
0.364226
0.048444
0.683577
0.052360
0.999953
0.370941
0.060479
0.066917
0.999953
0.084941
0.690858
0.693557
0.318353
0.382098
0.063382
0.370448
0.370153
0.059763
0.065320
0.071397
0.074672
0.072376
0.688415
0.066421
0.685918
0.058739
0.355811
0.068172
0.999953
0.053894
0.055606
0.686909
0.369677
0.072522
0.689672
0.999953
0.304794
0.349408
0.030777
0.373936
0.999953
0.373012
0.369200
0.373219
0.071649
0.683202
0.368704
0.678479
0.041525
0.062997
0.073606
0.081286
0.079790
0.073963
0.067779
0.376043
0.060777
0.370359
0.052351
0.682573
0.364622
0.048883
0.684402
0.369523
0.054613
0.368109
0.051787
0.999953
0.683819
0.367580
0.368260
0.369633
0.372276
0.065017
0.688841
0.379236
0.056549
0.358696
0.999953
0.675439
0.387908
0.098118
0.397955
0.369663
0.684510
0.454598
0.072531
0.999483
0.383428
0.374902
0.083407
0.169230
0.701806
0.438863
0.372448
0.360665
0.010912
0.677185
0.671352
0.426925
0.667188
0.682426
0.066263
0.369373
0.105913
0.283312
0.421776
0.617368
0.368396
0.372876
0.053949
0.400206
0.375436
0.687721
0.370501
0.060187
0.377611
0.688132
0.358452
0.324153
0.371412
0.443080
0.130867
0.999447
0.379112
0.377596
0.375144
0.372805
0.371136
0.370496
0.684767
0.684934
0.055538
0.370369
0.053475
0.098033
0.636783
0.412218
0.703086
0.369050
0.998507
0.364162
0.382340
0.678090
0.054156
0.065675
0.372916
0.687899
0.688696
0.061853
0.684547
0.092945
0.698889
0.088682
0.386225
0.674450
0.290959
0.365071
0.063505
0.386501
0.688094
0.666778
0.663996
0.997751
0.663996
0.678592
0.046752
0.042377
0.047569
0.048830
0.373234
0.684228
0.375385
0.011973
0.348233
0.353099
0.035508
0.357715
0.042356
0.999483
0.071150
0.999483
0.388329
0.379944
0.677467
0.081399
0.092938
0.087691
0.999483
0.074924
0.069324
0.088125
0.387785
0.389241
0.386588
0.688052
0.999483
0.060797
0.372957
0.383060
0.372247
0.381545
0.380568
0.999483
0.074986
0.684717
0.999483
0.359885
0.070685
0.381443
0.386942
0.004631
0.098209
0.683716
0.673122
0.070972
0.363975
0.365764
0.064750
0.685932
0.687398
0.999483
0.687398
0.064420
0.999483
0.688690
0.065997
0.686113
0.054949
0.681526
0.049403
0.364051
0.051763
0.999953
0.055654
0.999953
0.684957
0.684508
0.054222
0.370542
0.371365
0.057941
0.999953
0.686204
0.686383
0.686243
0.685728
0.051691
0.683034
0.364900
0.363470
0.362644
0.362391
0.362500
0.362753
0.044280
0.044666
0.046168
0.048124
0.051234
0.684828
0.057395
0.999953
0.686938
0.082640
0.691246
0.397049
0.085438
0.416909
0.613566
0.688926
0.055079
0.372018
0.686992
0.374190
0.376533
0.068906
0.377329
0.377072
0.690032
0.094310
0.999953
0.413306
0.070649
0.385929
0.373958
0.058781
0.374734
0.389239
0.699361
0.690590
0.077300
0.087580
0.420174
0.026503
0.366217
0.058337
0.999953
0.370424
0.374039
0.067106
0.058150
0.044134
0.034455
0.356590
0.684822
0.371457
0.375875
0.689879
0.688824
0.999953
0.688824
0.687757
0.371434
0.999953
0.366659
0.363610
0.048826
0.684378
0.055576
0.055231
0.368634
0.999953
0.368066
0.367779
0.052234
0.053035
0.369724
0.060765
0.377420
0.999953
0.688841
0.373077
0.999953
0.358696
0.063518
0.999953
0.079526
0.999953
0.687421
0.388113
0.037709
0.375667
0.402894
0.385019
0.117257
0.112206
0.999483
0.493385
0.298922
0.067873
0.049200
0.015290
0.081895
0.131117
0.999795
0.042072
0.362470
0.382386
0.378738
0.366526
0.365241
0.366874
0.053419
0.368741
0.049223
0.692494
0.072498
0.392704
0.103600
0.062087
0.046692
0.052264
0.358452
0.999447
0.347374
0.711485
0.048379
0.702231
0.074247
0.063864
0.065025
0.061321
0.059143
0.056955
0.370059
0.370181
0.056784
0.999447
0.685595
0.684985
0.685834
0.687832
0.636783
0.074217
0.066991
0.071950
0.073616
0.048575
0.032714
0.375630
0.681812
0.076513
0.081166
0.068778
0.089840
0.076049
0.097564
0.094298
0.098167
0.088662
0.066568
0.070694
0.007407
0.343379
0.068085
0.701443
0.430889
0.345479
0.349987
0.326352
0.372739
0.681506
0.683205
0.680745
0.681493
0.684228
0.999483
0.684228
0.083684
0.012050
0.354254
0.674233
0.352904
0.357489
0.051414
0.380113
0.007090
0.186479
0.041375
0.406487
0.087133
0.693872
0.999483
0.389253
0.077254
0.999483
0.690468
0.092008
0.088612
0.381978
0.691309
0.375224
0.369707
0.367597
0.063347
0.380490
0.040212
0.689824
0.383983
0.690584
0.064837
0.369744
0.362791
0.043428
0.999483
0.073942
0.676153
0.683716
0.999483
0.069485
0.066222
0.369559
0.369848
0.381579
0.053899
0.685932
0.372489
0.377622
0.377510
0.377914
0.379708
0.069261
0.687228
0.373524
0.055326
0.999953
0.368125
0.057082
0.371536
0.685568
0.370972
0.054444
0.684427
0.054484
0.370186
0.370666
0.999953
0.057396
0.058038
0.057922
0.056738
0.054391
0.051115
0.047735
0.044586
0.042681
0.361827
0.042754
0.043420
0.043760
0.362766
0.045113
0.999953
0.365497
0.050842
0.052716
0.053359
0.055013
0.057401
0.361505
0.016647
0.053865
0.327065
0.383449
0.051632
0.069859
0.063222
0.374055
0.376026
0.999953
0.688053
0.688970
0.065713
0.384768
0.409253
0.407745
0.686920
0.105034
0.999953
0.399330
0.387628
0.063938
0.382690
0.376495
0.399351
0.699361
0.387667
0.372301
0.049271
0.365883
0.370304
0.370521
0.056537
0.686752
0.686459
0.378158
0.060233
0.685172
0.043254
0.359515
0.041419
0.685296
0.371429
0.064331
0.376595
0.063946
0.062871
0.061783
0.685864
0.057817
0.368041
0.365314
0.053061
0.684937
0.685661
0.054959
0.368930
0.684200
0.368365
0.052685
0.999953
0.684434
0.370145
0.372334
0.062519
0.688841
0.377603
0.070623
0.064716
0.366553
0.079080
0.387667
0.379551
0.687421
0.364578
0.038587
0.383185
0.093657
0.392680
0.389827
0.696993
0.389234
0.150818
0.065408
0.074598
0.999483
0.702153
0.690643
0.698752
0.033116
0.749483
0.330296
0.045498
0.379507
0.374747
0.372046
0.064593
0.067748
0.068657
0.373709
0.062449
0.072758
0.376581
0.373069
0.374824
0.684948
0.684028
0.999447
0.049329
0.418672
0.348703
0.999447
0.035296
0.999447
0.702231
0.378932
0.374244
0.383754
0.375229
0.687135
0.371535
0.070974
0.063050
0.057582
0.684985
0.372266
0.374458
0.331588
0.073069
0.068854
0.691810
0.083741
0.998854
0.366389
0.998507
0.673524
0.381976
0.037531
0.693840
0.077592
0.372178
0.697033
0.380403
0.115532
0.689168
0.690065
0.062502
0.371642
0.368619
0.009823
0.282944
0.740545
0.364931
0.065607
0.667385
0.363677
0.369953
0.365863
0.367459
0.358325
0.357676
0.362561
0.366590
0.683645
0.043012
0.677133
0.371583
0.679147
0.022907
0.351650
0.039338
0.058873
0.383908
0.356225
0.178873
0.091445
0.432915
0.384926
0.693872
0.379124
0.057692
0.439122
0.140368
0.068665
0.070581
0.053043
0.040360
0.046555
0.069904
0.382560
0.375393
0.366271
0.682013
0.376653
0.380926
0.999483
0.062407
0.999483
0.046954
0.999483
0.055726
0.999483
0.076220
0.062233
0.069277
0.999483
0.378506
0.686603
0.699454
0.999483
0.699454
0.056112
0.370500
0.380935
0.072227
0.379401
0.381155
0.069899
0.687982
0.063764
0.374242
0.685175
0.373953
0.063624
0.686907
0.059194
0.056316
0.055171
0.054606
0.999953
0.369490
0.369458
0.055406
0.370084
0.370276
0.370219
0.369619
0.368325
0.048114
0.999953
0.362180
0.360855
0.041533
0.042711
0.681697
0.044895
0.682448
0.364505
0.047482
0.366846
0.368463
0.368888
0.367747
0.048255
0.685601
0.378579
0.417912
0.227480
0.015747
0.999953
0.689004
0.692568
0.381736
0.062805
0.688702
0.065447
0.067335
0.068255
0.068493
0.426740
0.405518
0.337333
0.075644
0.999953
0.097794
0.402214
0.373601
0.374888
0.075898
0.386769
0.057479
0.700152
0.684032
0.373308
0.048713
0.683858
0.367743
0.057631
0.373181
0.999953
0.063222
0.063133
0.372723
0.686266
0.050115
0.682793
0.044431
0.049173
0.685699
0.686668
0.999953
0.686668
0.687021
0.061961
0.060820
0.999953
0.370254
0.369571
0.372262
0.056452
0.370533
0.054038
0.053022
0.684323
0.368616
0.053575
0.684434
0.369534
0.055341
0.686248
0.372782
0.056837
0.064818
0.999953
0.690336
0.057019
0.373658
0.675571
0.380014
0.377796
0.064727
0.383061
0.380813
0.690025
0.377360
0.086398
0.403059
0.702780
0.406689
0.707516
0.436349
0.093851
0.436210
0.387915
0.393899
0.095993
0.655220
0.053498
0.999483
0.121077
0.379604
0.070335
0.999447
0.689929
0.379818
0.373972
0.070099
0.999447
0.074464
0.377758
0.375811
0.370916
0.370006
0.684028
0.050445
0.365490
0.493980
0.332512
0.416749
0.401429
0.066388
0.606705
0.430110
0.386870
0.387969
0.063941
0.066207
0.379354
0.402744
0.072733
0.066621
0.064059
0.073661
0.075947
0.377400
0.065529
0.696075
0.998854
0.078396
0.031434
0.078971
0.012062
0.121908
0.071092
0.408885
0.998507
0.316193
0.071952
0.676756
0.078050
0.085158
0.701017
0.063967
0.376129
0.378824
0.129028
0.704459
0.429717
0.072746
0.403331
0.687448
0.313947
0.372745
0.358892
0.367516
0.340310
0.044528
0.354985
0.359611
0.045018
0.041655
0.362136
0.354971
0.352719
0.028082
0.026808
0.999483
0.679409
0.374335
0.109189
0.447285
0.485299
0.381423
0.362901
0.377044
0.375776
0.044945
0.405681
0.999483
0.422336
0.058471
0.364050
0.999483
0.368592
0.999483
0.385691
0.090118
0.692455
0.048257
0.682013
0.062093
0.690584
0.383303
0.063725
0.999483
0.361927
0.047639
0.061134
0.385978
0.380510
0.382551
0.691809
0.070615
0.385737
0.432861
0.099260
0.371021
0.999483
0.379488
0.056912
0.372888
0.058309
0.068295
0.067126
0.066747
0.068636
0.071953
0.688043
0.378375
0.065268
0.687653
0.059080
0.372030
0.685093
0.370166
0.054358
0.999953
0.053716
0.999953
0.053700
0.684124
0.684777
0.368415
0.367425
0.683429
0.045776
0.362371
0.361471
0.361552
0.044200
0.682625
0.364856
0.682049
0.682448
0.682882
0.369583
0.055779
0.685580
0.684570
0.051477
0.683518
0.380642
0.030623
0.749072
0.617292
0.397057
0.383223
0.392451
0.390363
0.065085
0.999953
0.068151
0.689778
0.379233
0.086863
0.372471
0.410995
0.370619
0.999953
0.377976
0.076177
0.686658
0.371322
0.367067
0.069191
0.384333
0.999953
0.070178
0.072100
0.061409
0.367516
0.684976
0.370228
0.059165
0.686390
0.059343
0.060666
0.374059
0.373008
0.370565
0.368000
0.999953
0.049132
0.367508
0.683954
0.055515
0.372539
0.059892
0.060811
0.999953
0.060908
0.686327
0.372214
0.372457
0.056723
0.999953
0.369753
0.052938
0.999953
0.053173
0.054666
0.055687
0.370848
0.370235
0.054379
0.366435
0.369055
0.999953
0.063846
0.690336
0.069743
0.068083
0.055635
0.999953
0.366936
0.077350
0.691372
0.999953
0.379416
0.063597
0.059090
0.063643
0.097668
0.401838
0.026536
0.748488
0.307127
0.365652
0.389668
0.379349
0.384273
0.384073
0.401127
0.152918
0.326385
0.293244
0.380102
0.071266
0.689929
0.070242
0.999447
0.073777
0.052118
0.066073
0.395920
0.066410
0.372627
0.370696
0.686017
0.368448
0.052395
0.367247
0.054633
0.104715
0.680902
0.434221
0.306744
0.484413
0.334148
0.293489
0.749402
0.065778
0.382486
0.391985
0.398268
0.400032
0.390370
0.387895
0.385163
0.070958
0.687654
0.377079
0.072543
0.696075
0.386898
0.370890
0.006843
0.372691
0.684547
0.079882
0.746050
0.707225
0.421710
0.306901
0.083138
0.389653
0.382407
0.395777
0.386629
0.379868
0.126786
0.704280
0.231876
0.011408
0.064071
0.092612
0.404299
0.441129
0.397877
0.087820
0.010124
0.385819
0.677915
0.354379
0.360715
0.679507
0.679602
0.042858
0.360003
0.041094
0.679209
0.034726
0.679409
0.365521
0.377969
0.164259
0.123328
0.686363
0.453815
0.029707
0.362811
0.999483
0.071070
0.415932
0.355085
0.416741
0.682303
0.999483
0.049080
0.369668
0.065920
0.063524
0.418673
0.372949
0.006186
0.069595
0.094797
0.695444
0.083570
0.072614
0.051066
0.042358
0.049583
0.687404
0.377649
0.689135
0.999483
0.079305
0.692812
0.132906
0.103857
0.360268
0.380733
0.687758
0.090519
0.096332
0.999483
0.681453
0.675595
0.688236
0.071169
0.692497
0.684903
0.382888
0.381009
0.063868
0.373563
0.373099
0.999953
0.057428
0.684821
0.684449
0.368976
0.999953
0.053195
0.683623
0.684136
0.052587
0.999953
0.683732
0.365663
0.364800
0.681588
0.681078
0.680951
0.047143
0.999953
0.682625
0.050650
0.052217
0.367726
0.684946
0.059942
0.686664
0.054277
0.050784
0.383255
0.699763
0.418771
0.169217
0.152327
0.074529
0.086071
0.100825
0.377680
0.067054
0.068336
0.379901
0.999953
0.380998
0.383944
0.088889
0.073161
0.999953
0.072039
0.072361
0.999953
0.686203
0.376312
0.053388
0.375145
0.381412
0.386098
0.689604
0.381622
0.377688
0.056921
0.686017
0.371778
0.059819
0.999953
0.058297
0.685408
0.058287
0.371550
0.370419
0.368906
0.050928
0.367821
0.684183
0.052283
0.054935
0.999953
0.059026
0.999953
0.060215
0.060035
0.059604
0.059188
0.057463
0.055702
0.684910
0.052954
0.683984
0.052329
0.054143
0.685656
0.686021
0.999953
0.371338
0.371040
0.044390
0.361842
0.039836
0.371763
0.690975
0.056419
0.999953
0.002104
0.675571
0.058821
0.386737
0.692564
0.074206
0.686930
0.688467
0.367682
0.077426
0.696249
0.131638
0.134476
0.046745
0.366586
0.295368
0.046133
0.055294
0.056910
0.067188
0.126046
0.412803
0.039221
0.054539
0.067915
0.063246
0.069354
0.690063
0.379896
0.693572
0.696047
0.675455
0.373005
0.379984
0.055433
0.363922
0.364935
0.683746
0.050831
0.999447
0.057720
0.999447
0.356906
0.067534
0.999447
0.334438
0.599468
0.749402
0.999447
0.435075
0.374671
0.389760
0.395035
0.398285
0.388578
0.088524
0.694807
0.073504
0.381324
0.693355
0.076561
0.083691
0.391016
0.383327
0.369318
0.365504
0.367378
0.086947
0.409440
0.154282
0.370442
0.364765
0.406228
0.396053
0.387761
0.386061
0.380786
0.367761
0.084861
0.128662
0.391856
0.161075
0.679718
0.379113
0.166920
0.037558
0.354558
0.677461
0.353101
0.088523
0.080645
0.377701
0.055438
0.055880
0.049067
0.681872
0.363794
0.370333
0.064434
0.074025
0.114104
0.363784
0.361468
0.049516
0.600155
0.118138
0.371957
0.595434
0.334647
0.113954
0.706761
0.385972
0.132227
0.315065
0.675232
0.051677
0.380785
0.366935
0.024953
0.396363
0.382042
0.383575
0.689980
0.696468
0.695885
0.395300
0.389868
0.690938
0.682829
0.681028
0.999483
0.052424
0.051320
0.369937
0.689135
0.068672
0.076289
0.383613
0.378002
0.375424
0.674928
0.380616
0.707999
0.093455
0.681453
0.359593
0.312890
0.379042
0.065300
0.375308
0.999483
0.377142
0.381050
0.064552
0.063324
0.062174
0.686470
0.058771
0.370289
0.054545
0.052930
0.684272
0.051758
0.999953
0.051089
0.051136
0.367348
0.050512
0.365644
0.682777
0.046939
0.362848
0.047261
0.050785
0.367703
0.052544
0.370530
0.371585
0.058063
0.061335
0.063324
0.999953
0.372231
0.057325
0.999953
0.688214
0.699763
0.723730
0.749308
0.695154
0.087188
0.999953
0.387338
0.069757
0.689929
0.070055
0.071381
0.690811
0.080250
0.396140
0.999953
0.079666
0.359541
0.069242
0.686203
0.056509
0.379544
0.061391
0.372351
0.999953
0.071064
0.999953
0.689604
0.376265
0.059405
0.999953
0.686017
0.060109
0.372403
0.056771
0.999953
0.369715
0.369330
0.053999
0.683855
0.052671
0.368038
0.999953
0.684183
0.055771
0.685824
0.059115
0.373276
0.999953
0.686607
0.373132
0.373006
0.057708
0.999953
0.370279
0.368971
0.052354
0.368627
0.999953
0.056183
0.372656
0.686021
0.059712
0.685340
0.040279
0.348852
0.675765
0.350150
0.684234
0.372800
0.678783
0.016339
0.673040
0.077065
0.081253
0.080023
0.379137
0.999953
0.055129
0.999953
0.683193
0.686502
0.317655
0.103457
0.747542
0.071875
0.079625
0.679922
0.682378
0.999483
0.366555
0.089072
0.999483
0.399750
0.999483
0.377153
0.999483
0.063402
0.377514
0.383652
0.081966
0.109672
0.039582
0.076963
0.066431
0.040662
0.355675
0.036793
0.371389
0.044186
0.684103
0.060574
0.686921
0.060702
0.684753
0.384766
0.111714
0.634398
0.284339
0.433143
0.389646
0.359511
0.086047
0.673034
0.377262
0.387842
0.692029
0.696984
0.080136
0.389869
0.999257
0.692952
0.084342
0.998854
0.386927
0.381644
0.373354
0.071411
0.998507
0.086680
0.698722
0.391567
0.379608
0.073028
0.998507
0.696777
0.061893
0.998507
0.681739
0.071105
0.386065
0.086830
0.997751
0.085809
0.484226
0.426933
0.997751
0.008112
0.035768
0.383596
0.375771
0.290409
0.090921
0.689636
0.687032
0.683692
0.365243
0.053012
0.999483
0.686408
0.693901
0.706501
0.117757
0.367136
0.050099
0.373393
0.025569
0.308247
0.657925
0.005989
0.360109
0.686684
0.042651
0.321648
0.048467
0.057087
0.374643
0.069313
0.046733
0.402876
0.387049
0.064469
0.360878
0.367371
0.382185
0.696468
0.086812
0.067025
0.066597
0.378334
0.682829
0.061539
0.067196
0.682260
0.682365
0.052189
0.374613
0.999483
0.072715
0.373733
0.705476
0.104688
0.707999
0.117087
0.999483
0.383438
0.322559
0.377995
0.383649
0.016819
0.355578
0.684903
0.368799
0.070266
0.066616
0.687592
0.999953
0.062361
0.061059
0.371100
0.684484
0.999953
0.051675
0.050023
0.366854
0.366557
0.367008
0.366976
0.683628
0.366561
0.366045
0.683488
0.050553
0.053540
0.685717
0.684517
0.371492
0.058938
0.999953
0.373559
0.063287
0.375074
0.059441
0.999953
0.055328
0.688214
0.060891
0.058000
0.242138
0.003027
0.080886
0.107537
0.373668
0.087090
0.999953
0.070829
0.380583
0.380932
0.688556
0.690811
0.075273
0.695633
0.702923
0.694205
0.050231
0.061631
0.688782
0.999953
0.373986
0.999953
0.372351
0.057280
0.374949
0.063562
0.061443
0.686843
0.060045
0.061008
0.060308
0.685590
0.055237
0.053844
0.683494
0.051590
0.367006
0.366850
0.366856
0.999953
0.368038
0.369004
0.056726
0.686023
0.059471
0.059850
0.686607
0.059786
0.999953
0.686522
0.059199
0.057601
0.684930
0.054848
0.683924
0.054250
0.056574
0.685434
0.059921
0.374734
0.064225
0.686513
0.006893
0.329894
0.042386
0.294000
0.668097
0.008557
0.704656
0.380461
0.374334
0.070737
0.999953
0.061485
0.059777
0.061449
0.366001
0.683663
0.067426
0.093429
0.275521
0.115014
0.725472
0.194270
0.409448
0.097285
0.035802
0.036527
0.367589
0.079621
0.109976
0.382566
0.375943
0.373689
0.686906
0.057960
0.374225
0.071807
0.688579
0.685922
0.684419
0.692538
0.080398
0.999447
0.036651
0.689845
0.999447
0.049863
0.385756
0.381497
0.688830
0.063314
0.684726
0.368270
0.039531
0.684318
0.055695
0.061054
0.087404
0.611920
0.369540
0.060409
0.999447
0.374455
0.091021
0.092502
0.087307
0.678215
0.091124
0.094090
0.093345
0.387175
0.998854
0.692570
0.099157
0.688527
0.390995
0.068562
0.998507
0.397456
0.388496
0.074309
0.083508
0.071252
0.998507
0.049210
0.040778
0.058218
0.376506
0.998507
0.073118
0.691619
0.428714
0.201533
0.722059
0.674098
0.689601
0.680551
0.366689
0.349845
0.237740
0.117400
0.382860
0.375738
0.061704
0.057541
0.058674
0.386773
0.328367
0.425039
0.370402
0.067002
0.999483
0.369490
0.076981
0.657925
0.999483
0.341438
0.072018
0.091037
0.436809
0.309494
0.366925
0.381577
0.078960
0.686017
0.702894
0.366477
0.378153
0.681870
0.337454
0.348436
0.081826
0.030655
0.360776
0.686860
0.684883
0.374679
0.373389
0.072230
0.678911
0.371232
0.051474
0.673378
0.059459
0.688782
0.066996
0.687097
0.080427
0.389786
0.707114
0.089402
0.699440
0.069314
0.688531
0.071847
0.695847
0.086993
0.315887
0.676225
0.386111
0.072088
0.999483
0.067154
0.688062
0.064902
0.687293
0.374683
0.057444
0.684484
0.051532
0.683184
0.999953
0.683184
0.683313
0.367388
0.053952
0.054893
0.055270
0.055217
0.371598
0.057493
0.999953
0.057256
0.999953
0.686414
0.060355
0.999953
0.686970
0.687254
0.372842
0.685520
0.685417
0.369761
0.359245
0.349031
0.636118
0.132004
0.101722
0.699765
0.103457
0.999953
0.379430
0.071767
0.380433
0.382362
0.686115
0.380816
0.683456
0.062875
0.694205
0.047541
0.380355
0.048420
0.686453
0.378382
0.064101
0.685157
0.051908
0.365227
0.055517
0.058202
0.372936
0.686520
0.060917
0.686493
0.058976
0.685134
0.054130
0.683868
0.050772
0.683104
0.365792
0.365561
0.999953
0.366856
0.367396
0.368653
0.056696
0.686222
0.059426
0.999953
0.373201
0.059774
0.372968
0.373046
0.686609
0.059465
0.372823
0.371761
0.056957
0.057046
0.372479
0.685899
0.060877
0.999953
0.376367
0.377630
0.128349
0.323759
0.372907
0.054222
0.618188
0.435772
0.061625
0.055761
0.689850
0.056277
0.689479
0.049819
0.388591
0.374155
0.050598
0.066894
0.999953
0.696220
0.185892
0.020348
0.678593
0.054393
0.651690
0.312698
0.420047
0.664898
0.665070
0.683541
0.688299
0.077399
0.071540
0.018969
0.050868
0.054160
0.372788
0.063131
0.999447
0.373552
0.384494
0.386276
0.071804
0.370245
0.356575
0.101457
0.689845
0.003920
0.037912
0.131560
0.113695
0.061216
0.059020
0.363461
0.064033
0.371954
0.999447
0.693102
0.703639
0.050418
0.047526
0.999447
0.358867
0.365417
0.386002
0.393080
0.052543
0.999447
0.678215
0.402265
0.092448
0.087222
0.692818
0.386867
0.386814
0.998507
0.103013
0.319901
0.092763
0.098906
0.385204
0.385029
0.383970
0.682085
0.365979
0.998507
0.680882
0.059634
0.353649
0.040082
0.998507
0.081149
0.288456
0.157857
0.718188
0.055403
0.031168
0.381002
0.626348
0.525079
0.735296
0.419174
0.098339
0.385347
0.999483
0.069516
0.999483
0.058409
0.439996
0.329959
0.054053
0.086954
0.688713
0.075104
0.055307
0.015457
0.657925
0.021198
0.999483
0.383387
0.097540
0.067661
0.692397
0.694352
0.697441
0.082837
0.074074
0.682900
0.999483
0.057873
0.048364
0.045759
0.703112
0.697299
0.036437
0.372497
0.375076
0.373192
0.064161
0.685667
0.400057
0.052949
0.389377
0.063246
0.082035
0.069357
0.375044
0.687453
0.067820
0.999483
0.076035
0.687862
0.369681
0.059745
0.381508
0.061492
0.693192
0.073601
0.691829
0.383931
0.385473
0.393936
0.380842
0.070923
0.378575
0.378130
0.067134
0.999953
0.374328
0.055327
0.683572
0.050051
0.683184
0.050690
0.367191
0.054964
0.372483
0.373855
0.374479
0.374370
0.373633
0.373533
0.059417
0.060304
0.061091
0.061720
0.061693
0.060249
0.058782
0.057438
0.058012
0.685417
0.051376
0.363862
0.681522
0.678606
0.421391
0.690395
0.017646
0.669554
0.073530
0.434330
0.074220
0.066322
0.384235
0.686115
0.999953
0.054551
0.352786
0.333101
0.117099
0.682645
0.999953
0.051141
0.381620
0.691822
0.066517
0.367862
0.999953
0.050156
0.683715
0.054809
0.685092
0.371367
0.058744
0.999953
0.057178
0.369063
0.368019
0.683766
0.050357
0.049236
0.365311
0.999953
0.047353
0.046645
0.365672
0.052242
0.371554
0.686166
0.058865
0.686547
0.059329
0.372974
0.999953
0.373056
0.373366
0.060985
0.999953
0.373524
0.059764
0.686192
0.686332
0.372479
0.060957
0.687735
0.376363
0.377938
0.064502
0.435525
0.687270
0.999953
0.374402
0.373814
0.688602
0.343529
0.328732
0.100175
0.684080
0.379119
0.689119
0.680557
0.685970
0.999953
0.382237
0.405989
0.408404
0.112116
0.700053
0.076915
0.692673
0.318108
0.598041
0.084151
0.001974
0.057771
0.091057
0.072336
0.696219
0.388700
0.672016
0.680376
0.373411
0.372141
0.062413
0.078049
0.384005
0.691003
0.062759
0.369152
0.049894
0.047430
0.025624
0.743013
0.063695
0.999447
0.129992
0.999969
0.371273
0.101046
0.114083
0.418242
0.693102
0.083653
0.039547
0.035244
0.683892
0.049024
0.040273
0.076871
0.691956
0.062514
0.682570
0.030866
0.021769
0.098513
0.999447
0.696226
0.088165
0.099034
0.413226
0.389490
0.412929
0.418991
0.079474
0.998507
0.389926
0.691381
0.998507
0.076778
0.066829
0.061992
0.061064
0.380684
0.372884
0.362668
0.031290
0.029677
0.121004
0.329528
0.436211
0.385189
0.390844
0.078109
0.385675
0.332559
0.240917
0.402711
0.398361
0.081947
0.073824
0.374215
0.056268
0.052759
0.067533
0.101981
0.361390
0.070615
0.124074
0.089793
0.092041
0.064215
0.621103
0.375674
0.386977
0.103672
0.393911
0.692249
0.399637
0.087370
0.087248
0.999483
0.109887
0.364513
0.682900
0.057246
0.385921
0.383423
0.132169
0.121878
0.694192
0.388038
0.059410
0.065905
0.378302
0.061058
0.055836
0.372084
0.999483
0.066892
0.380788
0.999483
0.065856
0.688548
0.062588
0.064290
0.054622
0.385801
0.086068
0.073188
0.999483
0.372555
0.071848
0.378859
0.375191
0.125830
0.703862
0.437039
0.085553
0.077822
0.381460
0.380617
0.999953
0.066559
0.372156
0.368846
0.683732
0.049977
0.051403
0.999953
0.368451
0.060444
0.688465
0.376162
0.376289
0.062074
0.686681
0.686970
0.374246
0.374642
0.687333
0.687589
0.687685
0.059711
0.999953
0.685145
0.054154
0.684905
0.683977
0.364429
0.361043
0.357932
0.068472
0.081669
0.022897
0.363933
0.440500
0.723755
0.172305
0.085590
0.321993
0.693760
0.075867
0.999953
0.310031
0.438634
0.062773
0.373036
0.682645
0.357222
0.063215
0.063965
0.689621
0.051338
0.365730
0.683715
0.999953
0.367289
0.053049
0.683181
0.685275
0.055876
0.054608
0.367989
0.367483
0.367045
0.366582
0.365987
0.682797
0.365311
0.682228
0.681744
0.363942
0.048873
0.685001
0.055518
0.686356
0.057793
0.058454
0.686329
0.372437
0.372777
0.060576
0.687252
0.062039
0.374576
0.373753
0.372769
0.999953
0.372699
0.060089
0.687561
0.375540
0.066128
0.068892
0.063187
0.374611
0.687270
0.069976
0.088179
0.678173
0.052536
0.488712
0.049797
0.372594
0.683400
0.074470
0.044699
0.032819
0.685499
0.048495
0.383588
0.050009
0.700053
0.999483
0.393243
0.999483
0.064875
0.084981
0.999483
0.680037
0.116876
0.399149
0.404668
0.699256
0.999483
0.120610
0.354903
0.356196
0.368298
0.366863
0.081115
0.378923
0.381614
0.368963
0.364892
0.683395
0.683651
0.743013
0.434733
0.999447
0.174661
0.704406
0.371796
0.713080
0.999969
0.109376
0.086325
0.379461
0.678387
0.691259
0.048912
0.999447
0.683892
0.378421
0.074613
0.999447
0.375080
0.999447
0.682570
0.371348
0.083826
0.696818
0.388387
0.692615
0.384436
0.403442
0.021595
0.353638
0.375426
0.063125
0.075272
0.071706
0.073432
0.056968
0.615295
0.385339
0.384019
0.381801
0.690072
0.687910
0.683678
0.679876
0.381175
0.998507
0.699431
0.208119
0.086682
0.999483
0.407322
0.292294
0.384956
0.407272
0.331205
0.290690
0.999483
0.062960
0.684066
0.999483
0.365556
0.031250
0.348412
0.359950
0.717679
0.694374
0.999483
0.082307
0.082975
0.073358
0.376710
0.384566
0.332482
0.362951
0.391028
0.385003
0.999483
0.088777
0.402040
0.398529
0.707329
0.092753
0.088671
0.999483
0.698426
0.133332
0.412953
0.093693
0.067549
0.374739
0.373517
0.686416
0.058553
0.370427
0.373447
0.686973
0.068618
0.383638
0.382407
0.068623
0.999483
0.688548
0.054434
0.683128
0.056291
0.386674
0.389180
0.389377
0.388763
0.377081
0.375506
0.353942
0.377845
0.403813
0.299815
0.695680
0.089099
0.385037
0.382680
0.690559
0.381304
0.378591
0.057967
0.367083
0.366932
0.999953
0.368263
0.058091
0.688465
0.999953
0.377566
0.063863
0.686349
0.687076
0.058423
0.373903
0.687188
0.375136
0.375761
0.065403
0.688218
0.372354
0.052756
0.047554
0.052029
0.051208
0.364913
0.366202
0.061178
0.081698
0.372584
0.686551
0.055989
0.999953
0.694966
0.145384
0.617174
0.748970
0.704772
0.126718
0.684886
0.377448
0.377699
0.375418
0.375857
0.058783
0.685960
0.058208
0.685471
0.684916
0.051143
0.365174
0.366239
0.367289
0.682891
0.365604
0.364693
0.049601
0.048638
0.366063
0.682793
0.366931
0.050276
0.683189
0.682797
0.999953
0.047639
0.046048
0.362954
0.362195
0.362518
0.049479
0.055162
0.056413
0.999953
0.371577
0.371589
0.371686
0.372057
0.059500
0.374302
0.687547
0.061884
0.060453
0.372997
0.372713
0.058871
0.059029
0.060164
0.062003
0.064841
0.690812
0.691167
0.379866
0.383960
0.084247
0.695838
0.097903
0.400864
0.090754
0.074235
0.380249
0.050719
0.062908
0.678523
0.687528
0.027913
0.999483
0.360180
0.058336
0.689275
0.074819
0.125846
0.077322
0.690692
0.374916
0.382524
0.063421
0.446963
0.999483
0.704106
0.404668
0.075967
0.354324
0.328386
0.296414
0.051790
0.688273
0.048564
0.407699
0.360270
0.397480
0.104975
0.367802
0.371488
0.385321
0.999447
0.434733
0.151901
0.711058
0.097310
0.377345
0.430693
0.440504
0.099183
0.117375
0.068702
0.685527
0.999447
0.369972
0.066374
0.071408
0.999447
0.383154
0.381290
0.370389
0.363979
0.691956
0.075863
0.383741
0.075743
0.080734
0.114589
0.004745
0.324622
0.265209
0.291429
0.048922
0.684218
0.059924
0.671288
0.998507
0.671288
0.312813
0.389166
0.387125
0.073853
0.373888
0.059815
0.062255
0.378679
0.394975
0.108815
0.080067
0.697233
0.407519
0.403100
0.135162
0.050355
0.021912
0.293460
0.667645
0.058279
0.999483
0.373428
0.050026
0.999483
0.037471
0.357783
0.361153
0.175163
0.072668
0.047894
0.685008
0.071434
0.383902
0.064128
0.050035
0.046398
0.014951
0.382932
0.035380
0.692237
0.035723
0.074726
0.386896
0.107603
0.124729
0.078869
0.371222
0.412601
0.710151
0.397115
0.689352
0.360461
0.684942
0.056348
0.999483
0.372250
0.687427
0.999483
0.065609
0.075155
0.387121
0.694059
0.076784
0.071987
0.380507
0.374337
0.049663
0.366569
0.692393
0.999483
0.692393
0.393737
0.704291
0.037434
0.313164
0.350347
0.281424
0.371894
0.400608
0.415157
0.414422
0.388183
0.385227
0.071858
0.064264
0.056582
0.367425
0.368011
0.370256
0.369733
0.062198
0.377792
0.377566
0.687890
0.999953
0.374274
0.058010
0.368564
0.684637
0.061694
0.064049
0.066622
0.379005
0.065728
0.059389
0.370871
0.370475
0.367538
0.684933
0.367124
0.058114
0.999953
0.689910
0.379377
0.688017
0.063193
0.694966
0.131775
0.696004
0.397570
0.307363
0.130492
0.065511
0.688206
0.062952
0.687515
0.063604
0.064212
0.059737
0.685017
0.057405
0.063849
0.063694
0.059449
0.367214
0.366807
0.366324
0.682031
0.999953
0.362134
0.042872
0.680658
0.045833
0.682462
0.365419
0.365757
0.049532
0.049511
0.048457
0.999953
0.365153
0.045173
0.043840
0.044421
0.048477
0.684974
0.999953
0.370558
0.370766
0.370629
0.055782
0.685872
0.057394
0.058305
0.373744
0.059623
0.686316
0.059230
0.999953
0.686334
0.686323
0.374481
0.375804
0.065346
0.380076
0.379258
0.070436
0.075606
0.695838
0.999953
0.695838
0.397094
0.697934
0.082752
0.999483
0.061747
0.999483
0.052865
0.999483
0.040731
0.675180
0.356193
0.054608
0.374248
0.686708
0.690078
0.692466
0.082100
0.100706
0.410914
0.659629
0.324463
0.115517
0.707931
0.390096
0.359407
0.334238
0.305626
0.371304
0.032682
0.683693
0.079654
0.353032
0.694340
0.097514
0.353540
0.680582
0.061037
0.380676
0.390141
0.384624
0.095553
0.392350
0.999969
0.398537
0.159213
0.114060
0.102407
0.391862
0.386062
0.379374
0.376889
0.377995
0.688126
0.380567
0.381430
0.061287
0.687266
0.368929
0.057764
0.085381
0.389975
0.067734
0.999447
0.069970
0.999447
0.098363
0.308430
0.341222
0.351506
0.053804
0.998507
0.065290
0.381622
0.056842
0.005149
0.695141
0.693680
0.998507
0.693680
0.071984
0.998507
0.689649
0.077511
0.393819
0.685870
0.386088
0.385781
0.367454
0.098008
0.420444
0.999483
0.719810
0.081887
0.289980
0.352812
0.370094
0.366685
0.681225
0.046494
0.999483
0.068385
0.495838
0.328942
0.675388
0.072907
0.376526
0.378509
0.375293
0.367846
0.364131
0.364691
0.044947
0.117978
0.387513
0.019433
0.059524
0.059952
0.999483
0.368815
0.362340
0.684579
0.385749
0.345950
0.095957
0.699002
0.072424
0.674765
0.366974
0.685125
0.372835
0.685870
0.371734
0.375414
0.082871
0.690193
0.387460
0.384046
0.386851
0.077789
0.690130
0.378341
0.054976
0.682336
0.067310
0.692393
0.130925
0.403383
0.370625
0.999483
0.087733
0.359141
0.052743
0.699377
0.413731
0.149683
0.392335
0.386389
0.388757
0.074377
0.687028
0.999953
0.055332
0.056466
0.999953
0.372367
0.375895
0.379267
0.070536
0.689053
0.063851
0.999953
0.686337
0.684885
0.370835
0.685572
0.375243
0.070931
0.690019
0.064080
0.999953
0.686277
0.685623
0.686285
0.058961
0.058238
0.061672
0.070539
0.385290
0.077401
0.999953
0.373063
0.059429
0.424526
0.085837
0.072927
0.999953
0.067172
0.374687
0.687214
0.059455
0.375344
0.999953
0.687347
0.372793
0.370488
0.061648
0.999953
0.075178
0.688081
0.063862
0.059765
0.055227
0.363524
0.362134
0.679730
0.680056
0.680144
0.363167
0.682580
0.999953
0.365111
0.682665
0.049377
0.999953
0.048246
0.999953
0.682586
0.682282
0.366309
0.051119
0.369377
0.684974
0.054505
0.685054
0.053565
0.369265
0.685130
0.054941
0.999953
0.057316
0.685827
0.372714
0.999953
0.372583
0.060063
0.686592
0.687217
0.687843
0.377010
0.067092
0.378477
0.688469
0.999953
0.382537
0.082394
0.392795
0.093733
0.685046
0.123673
0.387011
0.062777
0.025808
0.088737
0.377400
0.073934
0.680601
0.367167
0.372066
0.062779
0.999483
0.379691
0.389090
0.695340
0.381365
0.043131
0.344556
0.033347
0.095902
0.123391
0.678370
0.360600
0.066869
0.053810
0.062280
0.067009
0.065049
0.058237
0.085185
0.683445
0.381918
0.030491
0.375586
0.077132
0.391253
0.400088
0.103880
0.085980
0.340262
0.342438
0.690563
0.399916
0.035073
0.695660
0.373274
0.687562
0.999447
0.376003
0.066726
0.688468
0.686847
0.382093
0.379333
0.046378
0.681791
0.677824
0.682911
0.097698
0.687332
0.064436
0.369488
0.377955
0.370380
0.368261
0.385329
0.373348
0.377394
0.066270
0.076669
0.677250
0.395470
0.093768
0.396826
0.393255
0.693680
0.390159
0.081713
0.066998
0.112389
0.078852
0.064152
0.378273
0.676717
0.035388
0.090212
0.684998
0.383778
0.424602
0.446382
0.021561
0.384957
0.376116
0.371209
0.373797
0.372084
0.683510
0.372142
0.688904
0.404178
0.099495
0.679480
0.368691
0.373676
0.687734
0.685156
0.368622
0.682298
0.367376
0.366781
0.369908
0.375434
0.999483
0.062913
0.058534
0.077936
0.126975
0.277551
0.418837
0.086250
0.078780
0.700563
0.093077
0.370999
0.357866
0.028600
0.046772
0.059472
0.063880
0.383799
0.691471
0.386522
0.673931
0.371181
0.380451
0.373275
0.386649
0.385154
0.079419
0.376899
0.385047
0.080832
0.375305
0.070952
0.153420
0.294710
0.328064
0.385927
0.371594
0.067745
0.443171
0.726063
0.178907
0.396010
0.690288
0.075456
0.078410
0.378193
0.372666
0.059823
0.687816
0.686182
0.375612
0.071220
0.073925
0.072599
0.060995
0.373170
0.058903
0.063465
0.066596
0.044304
0.066685
0.070832
0.999953
0.692859
0.067865
0.060516
0.057648
0.371345
0.066594
0.064735
0.686969
0.378476
0.999953
0.384511
0.075205
0.688017
0.374566
0.368757
0.051325
0.368003
0.374245
0.068483
0.378462
0.062948
0.686565
0.058845
0.686391
0.373921
0.062437
0.685405
0.064084
0.073534
0.062005
0.381796
0.077608
0.384798
0.999953
0.059710
0.042665
0.040201
0.999953
0.359921
0.360517
0.362655
0.049104
0.048262
0.999953
0.365457
0.049130
0.366351
0.366162
0.682586
0.365565
0.365530
0.683446
0.053233
0.684795
0.369616
0.053017
0.367851
0.367520
0.367601
0.051255
0.052716
0.685132
0.055043
0.370843
0.372108
0.686201
0.372710
0.062031
0.687217
0.376228
0.377560
0.072324
0.691907
0.065263
0.687571
0.066189
0.386509
0.999953
0.389588
0.072202
0.999953
0.040453
0.999483
0.694840
0.092982
0.689354
0.999483
0.059303
0.688113
0.058178
0.999483
0.036570
0.686708
0.381813
0.075064
0.070485
0.061692
0.999483
0.005337
0.319790
0.335209
0.042726
0.363054
0.296801
0.363267
0.078892
0.999483
0.374082
0.686740
0.074881
0.999447
0.687145
0.354235
0.047925
0.376908
0.401125
0.402557
0.999447
0.410385
0.089520
0.071907
0.326577
0.660961
0.393297
0.099701
0.376121
0.691875
0.694699
0.379990
0.365291
0.060079
0.686847
0.379737
0.388209
0.074928
0.357528
0.677824
0.370421
0.127405
0.688386
0.375882
0.999447
0.686606
0.684658
0.376380
0.690041
0.690502
0.691065
0.998507
0.386604
0.677250
0.998507
0.677250
0.109322
0.700412
0.106626
0.696621
0.019290
0.372486
0.692545
0.048740
0.373206
0.998507
0.062312
0.680677
0.687990
0.999483
0.040721
0.378190
0.128879
0.999483
0.087546
0.702887
0.440250
0.065973
0.380453
0.387469
0.382745
0.075083
0.404178
0.999483
0.066854
0.043470
0.685310
0.687334
0.063995
0.061474
0.683677
0.366922
0.999483
0.368360
0.685184
0.685492
0.376073
0.999483
0.387234
0.999483
0.328914
0.138709
0.059998
0.092610
0.400128
0.094361
0.381842
0.387554
0.062179
0.043948
0.999483
0.682148
0.378316
0.390542
0.015121
0.371741
0.381953
0.373842
0.685117
0.374474
0.065519
0.076103
0.084068
0.999483
0.090585
0.383571
0.999483
0.686181
0.698479
0.075394
0.092252
0.695084
0.387215
0.382032
0.078465
0.105307
0.368515
0.381350
0.380461
0.999483
0.079957
0.691750
0.072671
0.688331
0.686545
0.067114
0.381440
0.691512
0.999953
0.067466
0.369650
0.999953
0.065563
0.999953
0.373249
0.697293
0.674123
0.391147
0.384034
0.393895
0.691619
0.687658
0.373659
0.376668
0.688485
0.065499
0.999953
0.376294
0.378665
0.383085
0.072849
0.374566
0.686436
0.054034
0.999953
0.366720
0.372000
0.375685
0.063816
0.060489
0.372941
0.059125
0.060415
0.687358
0.375515
0.065434
0.070696
0.381114
0.687411
0.694798
0.694676
0.696573
0.078353
0.062683
0.363610
0.362715
0.362306
0.043560
0.046815
0.050165
0.999953
0.048826
0.048006
0.048562
0.365739
0.049895
0.367220
0.683235
0.052162
0.052865
0.053800
0.054154
0.684749
0.369116
0.051238
0.366389
0.366062
0.048712
0.683562
0.999953
0.052845
0.053448
0.369120
0.371928
0.686234
0.059037
0.061405
0.060803
0.071451
0.071775
0.082330
0.692306
0.082810
0.685726
0.077928
0.691899
0.394200
0.081658
0.692998
0.068178
0.365590
0.082005
0.030652
0.373432
0.046412
0.037529
0.386360
0.685594
0.382481
0.026485
0.107576
0.371771
0.382899
0.381164
0.385151
0.365737
0.005943
0.042484
0.999483
0.357056
0.431211
0.010717
0.377453
0.609655
0.692884
0.069749
0.999447
0.371985
0.064547
0.687145
0.120939
0.309530
0.370794
0.052492
0.999447
0.401125
0.116788
0.701719
0.093116
0.999447
0.070329
0.692661
0.381814
0.116437
0.703043
0.155479
0.691875
0.080200
0.691437
0.054956
0.060050
0.694919
0.402415
0.062056
0.406028
0.398700
0.718431
0.432990
0.433015
0.062452
0.065800
0.370418
0.066044
0.072321
0.084863
0.089106
0.089825
0.387990
0.085616
0.015622
0.401633
0.101917
0.366399
0.093577
0.411540
0.324458
0.675551
0.998507
0.049724
0.358977
0.998507
0.071949
0.998507
0.697251
0.022963
0.040268
0.418163
0.028956
0.360751
0.746170
0.667559
0.031783
0.381943
0.382322
0.380712
0.390837
0.391796
0.693746
0.384192
0.386658
0.370669
0.372947
0.059586
0.064666
0.377829
0.374540
0.685437
0.055258
0.369424
0.370101
0.057244
0.061586
0.073597
0.118811
0.061280
0.328914
0.408659
0.395079
0.703024
0.699390
0.404506
0.698717
0.087133
0.696536
0.686640
0.684058
0.057485
0.058768
0.072888
0.007225
0.728974
0.120989
0.374103
0.999483
0.687260
0.376030
0.380114
0.382971
0.076647
0.087342
0.110627
0.374907
0.409893
0.370332
0.435274
0.385296
0.387634
0.076205
0.690905
0.383964
0.081026
0.017972
0.353688
0.057776
0.686235
0.690215
0.377977
0.075007
0.382625
0.378523
0.066322
0.067423
0.073137
0.076456
0.691512
0.066352
0.684587
0.058416
0.686935
0.061270
0.999953
0.000557
0.003260
0.693032
0.105731
0.691619
0.390493
0.373057
0.685670
0.376148
0.070933
0.999953
0.374888
0.372773
0.373678
0.379283
0.066999
0.374352
0.999953
0.686436
0.051300
0.999953
0.369300
0.057945
0.374262
0.372184
0.686233
0.686438
0.373298
0.063627
0.066826
0.067939
0.703785
0.623833
0.034489
0.687411
0.071213
0.999953
0.696573
0.066774
0.682341
0.682529
0.999953
0.682529
0.683329
0.053312
0.683545
0.366661
0.999953
0.683207
0.366413
0.051028
0.368280
0.368879
0.999953
0.684916
0.685140
0.055230
0.369582
0.051923
0.367127
0.048022
0.047017
0.999953
0.048675
0.367624
0.368707
0.682400
0.367414
0.684182
0.055425
0.366836
0.999953
0.684330
0.685830
0.691600
0.074085
0.444814
0.135496
0.389346
0.707303
0.091503
0.695448
0.080320
0.692059
0.076712
0.687920
0.045429
0.349425
0.353266
0.999483
0.361308
0.035692
0.124747
0.373763
0.164705
0.368438
0.999483
0.066178
0.999483
0.372904
0.682943
0.343851
0.633907
0.386967
0.379804
0.999483
0.152014
0.283352
0.058064
0.695150
0.073146
0.372615
0.041898
0.690552
0.378125
0.051382
0.371401
0.363682
0.067961
0.406252
0.423137
0.093639
0.687617
0.086188
0.078653
0.059050
0.375634
0.061985
0.058003
0.114687
0.300535
0.109836
0.358065
0.376509
0.999447
0.391516
0.389774
0.116582
0.081229
0.388906
0.381498
0.143003
0.725320
0.418534
0.619372
0.700591
0.074463
0.998606
0.695221
0.697732
0.399955
0.998507
0.090627
0.695454
0.132614
0.341338
0.998507
0.718869
0.083562
0.452559
0.100806
0.622409
0.068534
0.091151
0.105034
0.107731
0.373011
0.091240
0.680677
0.294123
0.002744
0.032606
0.683770
0.380044
0.038958
0.278719
0.376884
0.066227
0.072393
0.000659
0.059298
0.074331
0.384675
0.071992
0.064903
0.686034
0.687765
0.378805
0.380831
0.378979
0.376130
0.685693
0.058274
0.371327
0.058355
0.999483
0.686636
0.366466
0.419163
0.139065
0.076079
0.999483
0.053181
0.128278
0.103669
0.391163
0.688301
0.089395
0.689400
0.090947
0.377079
0.688276
0.383076
0.999483
0.071228
0.036873
0.398570
0.396625
0.073319
0.069449
0.999483
0.690395
0.381994
0.371098
0.318255
0.385701
0.081486
0.127899
0.084024
0.089995
0.058224
0.072377
0.382586
0.382015
0.383054
0.390671
0.387830
0.006632
0.359556
0.370923
0.686235
0.111456
0.126282
0.084883
0.058772
0.686217
0.373470
0.382800
0.999953
0.077478
0.067801
0.055237
0.372258
0.999953
0.088929
0.369484
0.699854
0.645290
0.383766
0.419577
0.004496
0.687015
0.374586
0.067143
0.075600
0.072334
0.378340
0.060279
0.369500
0.372594
0.378190
0.066405
0.065453
0.686436
0.372134
0.049179
0.365300
0.684073
0.052421
0.055962
0.371625
0.999953
0.059731
0.373575
0.064423
0.689188
0.391768
0.184497
0.088445
0.999953
0.054247
0.398154
0.082180
0.382954
0.685060
0.367665
0.682341
0.053203
0.055076
0.057873
0.057244
0.368717
0.051874
0.683207
0.367427
0.053171
0.053224
0.053827
0.370387
0.056720
0.685140
0.371010
0.685651
0.052915
0.999953
0.366288
0.046784
0.999953
0.046806
0.365807
0.683253
0.052262
0.364675
0.363699
0.046843
0.056399
0.999953
0.366836
0.054721
0.382209
0.078581
0.086388
0.084242
0.377806
0.068650
0.693858
0.085780
0.697354
0.392780
0.065880
0.381920
0.392281
0.042164
0.338669
0.046321
0.676497
0.050828
0.999483
0.329929
0.137574
0.299939
0.034829
0.684497
0.068129
0.690029
0.071399
0.685738
0.430440
0.021956
0.005816
0.066964
0.686410
0.639482
0.413022
0.367122
0.072303
0.999483
0.361663
0.023898
0.065290
0.748312
0.060694
0.363169
0.361978
0.391118
0.406760
0.388559
0.687617
0.999447
0.687617
0.689187
0.058890
0.999447
0.685532
0.061140
0.369119
0.684027
0.056806
0.689445
0.433911
0.076432
0.058490
0.702722
0.375259
0.442702
0.306347
0.113732
0.699080
0.137459
0.321276
0.096690
0.064189
0.102035
0.401149
0.405365
0.405412
0.408857
0.408085
0.096498
0.998507
0.074645
0.173208
0.399649
0.369952
0.998507
0.089178
0.080454
0.694886
0.396557
0.998507
0.396405
0.998507
0.088760
0.419769
0.681913
0.668634
0.424222
0.999483
0.050191
0.369925
0.364566
0.369030
0.372583
0.688222
0.301246
0.674095
0.686027
0.688136
0.067913
0.999483
0.371958
0.372277
0.374961
0.690270
0.379981
0.379202
0.378078
0.064953
0.374054
0.686041
0.060538
0.061907
0.054703
0.717302
0.999483
0.023515
0.319875
0.087946
0.077704
0.999483
0.067859
0.691311
0.691929
0.069527
0.084771
0.084577
0.086942
0.082696
0.382787
0.688764
0.688979
0.690664
0.393952
0.119636
0.692901
0.999483
0.083169
0.386157
0.695341
0.689772
0.356760
0.291843
0.294889
0.042559
0.377238
0.673232
0.364174
0.674631
0.070628
0.384339
0.692207
0.693570
0.395174
0.101272
0.370291
0.106765
0.680677
0.055982
0.693796
0.999483
0.065784
0.060550
0.690089
0.384458
0.081537
0.080288
0.376179
0.685275
0.999953
0.073540
0.999953
0.086243
0.384230
0.354692
0.064927
0.612745
0.083970
0.076505
0.070508
0.379364
0.377961
0.690109
0.063654
0.999953
0.372873
0.379846
0.064405
0.689607
0.065709
0.377533
0.061497
0.367950
0.044457
0.682198
0.048050
0.685345
0.999953
0.058517
0.999953
0.374073
0.066095
0.082345
0.999953
0.410735
0.643064
0.346737
0.074641
0.092433
0.690264
0.384387
0.065671
0.059498
0.058661
0.376077
0.689093
0.377148
0.376608
0.059492
0.057965
0.370400
0.054225
0.685357
0.685369
0.370035
0.056439
0.999953
0.371756
0.372044
0.371181
0.369520
0.367602
0.365636
0.045935
0.364066
0.681997
0.047885
0.683184
0.052488
0.368875
0.362029
0.686406
0.683545
0.367235
0.047349
0.049571
0.071911
0.695317
0.695529
0.999953
0.059404
0.999953
0.087610
0.419643
0.092041
0.686134
0.095076
0.083491
0.029987
0.498730
0.337209
0.999483
0.376625
0.374857
0.373237
0.389018
0.686529
0.046586
0.074719
0.691611
0.079060
0.687966
0.063485
0.999483
0.350012
0.440736
0.999483
0.086166
0.639482
0.112774
0.999483
0.052883
0.386833
0.687936
0.060247
0.999447
0.052086
0.060375
0.377329
0.369394
0.362570
0.362093
0.379221
0.312762
0.360115
0.372846
0.373611
0.055373
0.050744
0.685532
0.051503
0.064332
0.370772
0.368164
0.367491
0.370478
0.687216
0.366617
0.059860
0.688292
0.357378
0.061811
0.052808
0.084392
0.693264
0.390182
0.102586
0.999447
0.683962
0.110608
0.411697
0.410064
0.998507
0.117092
0.701549
0.105842
0.695454
0.079984
0.060855
0.446052
0.679288
0.087868
0.377250
0.386629
0.070573
0.390088
0.409230
0.422101
0.100796
0.061815
0.682689
0.360497
0.132944
0.693370
0.679001
0.380455
0.054204
0.369638
0.053626
0.371339
0.372719
0.685522
0.308108
0.365678
0.059402
0.372069
0.064342
0.057709
0.056091
0.061506
0.066580
0.378627
0.999483
0.689604
0.073347
0.073956
0.072704
0.070422
0.687720
0.703625
0.374528
0.717302
0.697738
0.380614
0.622249
0.080512
0.688136
0.071914
0.680161
0.080952
0.079487
0.382150
0.077772
0.999483
0.092652
0.684267
0.064086
0.069307
0.385467
0.386191
0.698408
0.100555
0.692901
0.384961
0.090438
0.084526
0.064047
0.054120
0.685840
0.345899
0.300557
0.369534
0.042609
0.999483
0.361394
0.058524
0.390035
0.392845
0.697947
0.111507
0.097935
0.999483
0.120038
0.716388
0.144239
0.710701
0.044655
0.067959
0.686276
0.374459
0.692828
0.691294
0.999953
0.366122
0.369770
0.685275
0.061601
0.701235
0.398400
0.355051
0.007626
0.141026
0.184566
0.087765
0.690771
0.688588
0.999953
0.376529
0.375648
0.061169
0.687429
0.377649
0.374090
0.690126
0.080607
0.383784
0.062539
0.379517
0.057271
0.364807
0.043830
0.681837
0.051714
0.685345
0.371772
0.373380
0.064149
0.070223
0.068769
0.392413
0.414717
0.452187
0.335029
0.390419
0.355408
0.053835
0.060298
0.687961
0.687987
0.688497
0.689093
0.999953
0.689093
0.067848
0.999953
0.687601
0.056498
0.999953
0.058792
0.372427
0.371071
0.058616
0.685937
0.372512
0.372882
0.371550
0.369601
0.367309
0.365197
0.045738
0.364179
0.364962
0.366021
0.683258
0.052979
0.371729
0.367290
0.366321
0.058047
0.687792
0.067085
0.696541
0.380266
0.082554
0.389661
0.387141
0.373283
0.672215
0.311150
0.117594
0.700719
0.390175
0.699855
0.117599
0.999483
0.012475
0.437976
0.387821
0.374857
0.687652
0.375348
0.373578
0.376009
0.687471
0.376547
0.060014
0.058903
0.104475
0.313547
0.030366
0.688201
0.295563
0.304168
0.414484
0.070663
0.363521
0.063063
0.059123
0.690758
0.384582
0.076912
0.382772
0.689696
0.375877
0.370491
0.058678
0.368146
0.366161
0.051118
0.366016
0.295062
0.366080
0.371251
0.999447
0.051638
0.685614
0.680088
0.052720
0.060882
0.370610
0.369469
0.369760
0.684655
0.371869
0.056851
0.684813
0.058397
0.687764
0.999447
0.080055
0.999447
0.693264
0.058200
0.378017
0.693568
0.061824
0.099004
0.408643
0.080240
0.169648
0.410370
0.025442
0.407009
0.098720
0.066190
0.403516
0.699088
0.391558
0.050333
0.689137
0.693174
0.375741
0.400050
0.404120
0.699240
0.077182
0.685090
0.368610
0.391536
0.744704
0.082132
0.079684
0.088638
0.068186
0.373739
0.060421
0.369459
0.040825
0.052486
0.073653
0.369960
0.370263
0.687225
0.999483
0.062652
0.375961
0.688506
0.999483
0.067373
0.379469
0.382257
0.083314
0.999483
0.085009
0.070488
0.379679
0.078960
0.697738
0.079504
0.400952
0.103792
0.410305
0.076641
0.372215
0.999483
0.680161
0.093990
0.083172
0.054442
0.082338
0.381109
0.382116
0.387275
0.378333
0.999483
0.380351
0.097986
0.091922
0.055968
0.053556
0.689947
0.391568
0.085307
0.382320
0.693631
0.685840
0.676035
0.691274
0.679079
0.023847
0.038304
0.384644
0.078693
0.072848
0.067037
0.115610
0.045734
0.342745
0.283430
0.145939
0.273717
0.656256
0.051576
0.389145
0.379633
0.376299
0.381856
0.379017
0.691294
0.001333
0.356706
0.372202
0.394595
0.398400
0.721977
0.017997
0.999953
0.695343
0.113066
0.378517
0.379921
0.066862
0.057191
0.054023
0.057723
0.065552
0.046148
0.076175
0.080703
0.087120
0.999953
0.697707
0.390406
0.688751
0.689495
0.367696
0.047567
0.367353
0.683895
0.057856
0.686488
0.062018
0.065461
0.378337
0.376010
0.063661
0.073063
0.040299
0.110898
0.358386
0.356579
0.363483
0.685441
0.059824
0.376835
0.065819
0.688497
0.067320
0.070623
0.381192
0.378234
0.374422
0.053030
0.685125
0.683197
0.374166
0.375822
0.068168
0.686119
0.372849
0.373043
0.371635
0.369599
0.367119
0.048003
0.046877
0.047558
0.048931
0.050244
0.051537
0.369803
0.058078
0.373849
0.058320
0.687792
0.999953
0.384380
0.999953
0.082073
0.694285
0.073903
0.382209
0.682397
0.060888
0.063811
0.090389
0.999953
0.400622
0.033493
0.745422
0.010863
0.069853
0.067590
0.688621
0.065390
0.999483
0.374702
0.057189
0.687471
0.367090
0.025589
0.091311
0.999483
0.712075
0.099868
0.999483
0.428393
0.016097
0.359070
0.062355
0.358166
0.704272
0.024780
0.689873
0.072939
0.382481
0.999447
0.066094
0.687677
0.372547
0.055716
0.369353
0.370347
0.052875
0.999447
0.050985
0.364691
0.370094
0.682007
0.071878
0.363230
0.680088
0.055664
0.073462
0.999447
0.061484
0.059527
0.685243
0.372177
0.372441
0.060612
0.683497
0.436510
0.085077
0.291689
0.375308
0.022622
0.071367
0.074673
0.690954
0.069050
0.998507
0.688578
0.091218
0.141918
0.706820
0.998507
0.074935
0.110338
0.000041
0.998507
0.073072
0.392236
0.366470
0.071929
0.077781
0.079655
0.390279
0.092229
0.699240
0.998507
0.009010
0.131906
0.060811
0.401527
0.404208
0.061632
0.999483
0.083616
0.380150
0.689092
0.070986
0.049970
0.419621
0.341615
0.360048
0.683675
0.684632
0.055872
0.061194
0.375060
0.999483
0.064206
0.377251
0.999483
0.067600
0.380274
0.385864
0.087482
0.091442
0.687114
0.374600
0.670660
0.688409
0.054256
0.696950
0.397752
0.086745
0.703682
0.091601
0.052807
0.043832
0.111678
0.685900
0.999483
0.070152
0.127705
0.103422
0.371407
0.687190
0.380351
0.692155
0.688161
0.692155
0.369001
0.051294
0.689600
0.384704
0.084803
0.385459
0.694063
0.067326
0.087134
0.058889
0.049974
0.695736
0.359991
0.077851
0.066494
0.069446
0.688628
0.695014
0.120806
0.323545
0.292959
0.290802
0.378555
0.673412
0.108991
0.697208
0.387262
0.072716
0.068351
0.060316
0.686142
0.107348
0.053939
0.078408
0.374842
0.426456
0.999953
0.443486
0.441672
0.347266
0.369362
0.062344
0.999953
0.686488
0.365334
0.366147
0.372514
0.384787
0.390017
0.046963
0.999953
0.392835
0.098312
0.390406
0.999953
0.077058
0.687228
0.075352
0.052687
0.058174
0.060365
0.062083
0.062903
0.688034
0.064834
0.377117
0.686925
0.386005
0.688026
0.999953
0.054542
0.365735
0.999953
0.045204
0.049539
0.370294
0.060647
0.688749
0.063931
0.687542
0.066698
0.999953
0.377389
0.373496
0.356236
0.307445
0.057204
0.688921
0.077506
0.118184
0.369651
0.057291
0.372198
0.057686
0.054797
0.051709
0.367601
0.367557
0.052171
0.369667
0.999953
0.053190
0.370487
0.686978
0.062187
0.376826
0.376219
0.378406
0.072432
0.387948
0.083326
0.362492
0.376436
0.041048
0.688453
0.373143
0.054282
0.999953
0.138076
0.071136
0.739511
0.295489
0.065558
0.688394
0.688384
0.688432
0.065621
0.063738
0.687445
0.372175
0.365107
0.349042
0.329421
0.093939
0.333045
0.406239
0.100310
0.679837
0.430378
0.999483
0.088954
0.354613
0.372872
0.060506
0.073927
0.690042
0.380884
0.069414
0.689373
0.061872
0.685918
0.370158
0.053788
0.369053
0.368863
0.683635
0.366777
0.364453
0.362228
0.363771
0.999447
0.072990
0.397644
0.378256
0.697446
0.078056
0.688315
0.060757
0.999447
0.373554
0.373557
0.373044
0.061123
0.686669
0.077554
0.603371
0.999447
0.260971
0.001683
0.384057
0.055362
0.684925
0.044140
0.391266
0.095329
0.998507
0.379914
0.435444
0.341448
0.089274
0.307014
0.077064
0.068531
0.092121
0.084020
0.691457
0.998507
0.387256
0.998507
0.087204
0.418218
0.407654
0.018117
0.427680
0.704470
0.436411
0.073875
0.387497
0.362245
0.073921
0.377706
0.687748
0.072093
0.375822
0.028251
0.335313
0.674147
0.684304
0.049034
0.366229
0.685441
0.686901
0.687252
0.064553
0.065890
0.376169
0.375754
0.378252
0.999483
0.078643
0.999483
0.086915
0.379868
0.047912
0.048636
0.670660
0.371016
0.366999
0.392183
0.102840
0.706120
0.092226
0.697774
0.380670
0.094342
0.067306
0.383425
0.375902
0.999483
0.060009
0.371585
0.036301
0.381731
0.062988
0.999483
0.373227
0.056378
0.689600
0.999483
0.072987
0.382069
0.382414
0.690139
0.081540
0.694725
0.388597
0.686397
0.353679
0.313819
0.066654
0.999483
0.370098
0.369469
0.389150
0.075638
0.371785
0.424820
0.082190
0.083548
0.704595
0.098094
0.390598
0.391131
0.999953
0.381997
0.717447
0.680640
0.061996
0.707707
0.999953
0.088238
0.357457
0.084010
0.746281
0.001390
0.369362
0.999953
0.066436
0.686488
0.049784
0.999953
0.682209
0.683952
0.381816
0.392398
0.693634
0.373678
0.394788
0.124284
0.701446
0.415697
0.092047
0.372236
0.372235
0.058340
0.687289
0.687937
0.376609
0.376406
0.999953
0.065336
0.376376
0.064132
0.436965
0.028058
0.370948
0.684688
0.684204
0.048413
0.683342
0.049716
0.367470
0.367185
0.374206
0.687542
0.999953
0.687542
0.377801
0.376950
0.369323
0.321081
0.041154
0.681234
0.061856
0.680404
0.062534
0.999953
0.683575
0.057441
0.371466
0.999953
0.685066
0.684416
0.369318
0.685315
0.999953
0.369667
0.055479
0.371348
0.373281
0.688392
0.689500
0.379001
0.999953
0.690567
0.392780
0.409536
0.069356
0.999953
0.046460
0.690699
0.999953
0.380680
0.386013
0.071510
0.050455
0.056983
0.063890
0.068231
0.377056
0.063717
0.688384
0.069344
0.377926
0.375800
0.370580
0.038526
0.032131
0.411567
0.038019
0.684462
0.301055
0.095439
0.334593
0.230223
0.354667
0.121031
0.380351
0.102962
0.438538
0.069090
0.999483
0.380030
0.068962
0.379246
0.062408
0.055546
0.684179
0.053620
0.368136
0.683867
0.051229
0.365340
0.042859
0.359278
0.359255
0.042776
0.063458
0.409167
0.093267
0.999447
0.071452
0.686597
0.372043
0.372530
0.064979
0.374552
0.373225
0.060352
0.687601
0.377030
0.393193
0.039568
0.007885
0.379265
0.999217
0.372982
0.050917
0.053419
0.085088
0.998507
0.398385
0.392208
0.339726
0.468939
0.352292
0.067020
0.377343
0.401640
0.998507
0.109791
0.445033
0.393490
0.070406
0.084511
0.695492
0.098417
0.406235
0.677680
0.703420
0.380065
0.999558
0.341226
0.048400
0.362968
0.369511
0.687748
0.999483
0.058947
0.687043
0.070697
0.746843
0.372461
0.064187
0.376822
0.043171
0.367054
0.058417
0.379471
0.688683
0.999483
0.066057
0.063467
0.063512
0.378748
0.380007
0.079977
0.081992
0.075916
0.682034
0.689594
0.679675
0.049531
0.376645
0.999483
0.102641
0.999483
0.108634
0.103261
0.315992
0.373002
0.999483
0.048299
0.370578
0.700524
0.125143
0.663492
0.694024
0.999483
0.004832
0.058575
0.064743
0.066239
0.684657
0.376072
0.071712
0.375867
0.379459
0.999483
0.082360
0.999483
0.694725
0.072500
0.006132
0.055456
0.377057
0.685930
0.059643
0.999483
0.383894
0.069503
0.370710
0.380707
0.366686
0.419025
0.319054
0.050855
0.104960
0.391751
0.385833
0.379526
0.436215
0.416904
0.165496
0.019817
0.452073
0.136379
0.394107
0.670925
0.136321
0.151979
0.089123
0.388762
0.079449
0.373874
0.048618
0.682209
0.365786
0.061875
0.384516
0.392469
0.075062
0.092759
0.081838
0.360218
0.182217
0.706349
0.097292
0.331236
0.079219
0.065761
0.375748
0.376388
0.688325
0.999953
0.376406
0.064756
0.999953
0.064717
0.640175
0.664052
0.367767
0.367062
0.369015
0.683342
0.682618
0.999953
0.364470
0.999953
0.050275
0.373028
0.376536
0.379397
0.377509
0.375690
0.377003
0.364874
0.356151
0.046262
0.332805
0.675470
0.044340
0.368267
0.684856
0.684646
0.057961
0.685066
0.055585
0.684269
0.056688
0.685001
0.059930
0.060367
0.058697
0.372560
0.374011
0.375979
0.378126
0.689500
0.380301
0.383462
0.082306
0.398184
0.384113
0.374672
0.066036
0.077576
0.384581
0.387732
0.385462
0.689105
0.999953
0.688635
0.372924
0.067120
0.377083
0.690890
0.688745
0.382899
0.067494
0.067762
0.058689
0.688783
0.682855
0.363730
0.042541
0.420700
0.691254
0.016343
0.470544
0.637699
0.999483
0.032899
0.045521
0.496553
0.066864
0.390971
0.383409
0.079270
0.999447
0.066468
0.058600
0.999447
0.055165
0.054495
0.367779
0.683460
0.049837
0.364365
0.999447
0.038866
0.359934
0.999447
0.058682
0.399743
0.688225
0.080243
0.383886
0.064897
0.685254
0.064278
0.999447
0.061222
0.048603
0.056546
0.373992
0.378504
0.378924
0.375020
0.375907
0.069236
0.688920
0.064901
0.686174
0.073694
0.998507
0.076300
0.032432
0.076658
0.012280
0.028042
0.998507
0.055077
0.693371
0.689262
0.013332
0.495475
0.998652
0.436906
0.684927
0.383810
0.080781
0.394713
0.446528
0.110077
0.370283
0.999558
0.056425
0.675871
0.679357
0.682166
0.999483
0.055980
0.374755
0.372922
0.669695
0.060295
0.078620
0.154145
0.343661
0.367203
0.999483
0.049267
0.685595
0.067329
0.072040
0.688683
0.068250
0.999483
0.376016
0.065240
0.379032
0.075540
0.382680
0.371270
0.065543
0.052524
0.041879
0.093610
0.050064
0.068028
0.392611
0.113956
0.120972
0.335053
0.376782
0.387349
0.689956
0.055378
0.705572
0.370578
0.052281
0.286888
0.091177
0.019582
0.672710
0.311917
0.685295
0.383278
0.377671
0.374867
0.069217
0.380999
0.685845
0.077670
0.394564
0.694725
0.084739
0.999483
0.378774
0.061621
0.388350
0.688973
0.305610
0.032152
0.372325
0.074755
0.392476
0.378408
0.397141
0.365273
0.395818
0.999483
0.676773
0.109693
0.390488
0.692381
0.083061
0.999953
0.389499
0.102333
0.057565
0.999953
0.114856
0.395909
0.394521
0.999953
0.106077
0.694358
0.689423
0.999953
0.053325
0.681787
0.055543
0.999953
0.384701
0.398060
0.407079
0.412066
0.412942
0.172826
0.474512
0.050884
0.099040
0.452332
0.374396
0.374387
0.065255
0.688329
0.066925
0.376274
0.688087
0.063748
0.376543
0.689145
0.377572
0.340827
0.354355
0.365678
0.055199
0.052113
0.048099
0.045901
0.041694
0.039208
0.050058
0.060844
0.070797
0.999953
0.377157
0.368814
0.358081
0.045824
0.060911
0.015913
0.346620
0.673620
0.029430
0.043447
0.368082
0.371193
0.059176
0.370832
0.057602
0.685494
0.060814
0.374568
0.999953
0.687996
0.062194
0.062531
0.374988
0.376509
0.378483
0.380758
0.690698
0.075997
0.999953
0.079925
0.382780
0.068616
0.076153
0.384644
0.384015
0.077433
0.383312
0.378259
0.373813
0.372924
0.999483
0.058464
0.371368
0.384295
0.082468
0.380973
0.387982
0.695453
0.387693
0.064806
0.070620
0.067862
0.050040
0.054710
0.427035
0.067762
0.613000
0.420004
0.332255
0.394250
0.679268
0.313577
0.085179
0.693202
0.080804
0.691137
0.378090
0.685874
0.057752
0.685036
0.057057
0.999447
0.054030
0.683380
0.367009
0.048145
0.680898
0.041729
0.362436
0.367716
0.062408
0.083692
0.999447
0.688225
0.053852
0.682974
0.363764
0.066196
0.688975
0.375491
0.044528
0.999447
0.069157
0.071341
0.380822
0.360957
0.361523
0.035012
0.380167
0.999217
0.067159
0.381338
0.068997
0.998507
0.678981
0.627181
0.098722
0.688901
0.365494
0.079235
0.704896
0.098975
0.108202
0.010993
0.122630
0.373570
0.378335
0.387447
0.383239
0.062195
0.059875
0.104859
0.086489
0.058312
0.368515
0.077800
0.363111
0.044875
0.062848
0.062648
0.057441
0.354879
0.694179
0.676138
0.099665
0.340501
0.365960
0.680467
0.684193
0.047096
0.999483
0.066727
0.690776
0.382547
0.069006
0.687934
0.065524
0.688139
0.376748
0.379239
0.070471
0.670760
0.049689
0.484195
0.699965
0.694021
0.999483
0.087975
0.404485
0.414987
0.711334
0.396991
0.399067
0.702627
0.087147
0.091903
0.999483
0.110720
0.146643
0.097832
0.389515
0.347775
0.999483
0.672710
0.074133
0.366754
0.001690
0.381218
0.081366
0.684932
0.379356
0.386458
0.999483
0.090327
0.381661
0.074538
0.999483
0.063480
0.437549
0.700929
0.152675
0.618690
0.010457
0.051199
0.405428
0.396330
0.367950
0.397637
0.391047
0.087473
0.404622
0.390506
0.391870
0.084395
0.083226
0.079255
0.999953
0.690042
0.061406
0.392709
0.113487
0.391058
0.384069
0.707414
0.066267
0.105380
0.089261
0.070709
0.369148
0.682816
0.056983
0.384701
0.690604
0.695526
0.702866
0.706760
0.709507
0.119708
0.118035
0.744354
0.653957
0.084759
0.999483
0.061946
0.379389
0.689129
0.068207
0.064597
0.061891
0.060626
0.374904
0.376074
0.064331
0.379562
0.385461
0.376099
0.684682
0.684739
0.050167
0.680582
0.033074
0.362853
0.375314
0.999953
0.688355
0.087088
0.012875
0.342202
0.364780
0.999953
0.369398
0.030661
0.345522
0.676633
0.679404
0.676633
0.368455
0.372782
0.058866
0.999953
0.371096
0.057604
0.063769
0.377160
0.687996
0.377171
0.065378
0.688191
0.375996
0.065870
0.688823
0.069951
0.691024
0.075545
0.385478
0.388300
0.084266
0.692003
0.999953
0.075156
0.999953
0.068099
0.376427
0.373231
0.050727
0.045184
0.039341
0.067441
0.374275
0.084838
0.392305
0.394452
0.393038
0.999483
0.695453
0.389819
0.693078
0.689577
0.999483
0.066399
0.068210
0.056356
0.365603
0.373025
0.388958
0.067147
0.323639
0.391410
0.076102
0.691663
0.060226
0.375200
0.065785
0.686208
0.063261
0.059467
0.372075
0.685207
0.055738
0.683749
0.367783
0.048964
0.363382
0.362986
0.367153
0.999447
0.073825
0.371105
0.688225
0.106625
0.027873
0.677031
0.058842
0.390219
0.375491
0.999447
0.358808
0.031079
0.372497
0.379265
0.361485
0.374315
0.342097
0.102808
0.376093
0.687872
0.373459
0.074600
0.086330
0.678981
0.010085
0.369672
0.058688
0.365457
0.998507
0.385633
0.103662
0.697017
0.707723
0.391452
0.353963
0.040714
0.070411
0.061013
0.052554
0.684564
0.689568
0.686104
0.692762
0.081901
0.383274
0.371390
0.066080
0.999483
0.374507
0.685093
0.373237
0.301605
0.095091
0.999483
0.376301
0.682949
0.692340
0.049717
0.680467
0.051985
0.374515
0.999483
0.688402
0.383095
0.068923
0.379336
0.382272
0.067995
0.689194
0.999483
0.360471
0.999483
0.081733
0.415384
0.744808
0.119181
0.137588
0.080406
0.095033
0.409971
0.412094
0.999483
0.116612
0.699281
0.695761
0.092442
0.092053
0.386334
0.110347
0.394468
0.748336
0.053988
0.672710
0.055330
0.056854
0.684240
0.353396
0.015373
0.094943
0.085769
0.375353
0.695098
0.696038
0.085929
0.689618
0.376795
0.060866
0.063739
0.688666
0.128747
0.014264
0.331814
0.670961
0.041470
0.381160
0.396512
0.387023
0.363009
0.034496
0.400790
0.394224
0.391444
0.084543
0.999953
0.400185
0.099827
0.394249
0.096462
0.073546
0.071323
0.099478
0.073331
0.056735
0.690513
0.368686
0.085090
0.694302
0.999953
0.070597
0.373409
0.371723
0.068989
0.999953
0.093624
0.411854
0.120224
0.422202
0.107629
0.999483
0.067654
0.422136
0.349177
0.057429
0.377227
0.689366
0.065499
0.067964
0.687137
0.373099
0.372034
0.057737
0.058071
0.372308
0.063529
0.064952
0.057307
0.370583
0.682794
0.683469
0.366385
0.047758
0.371510
0.693469
0.380769
0.396026
0.999953
0.151812
0.353369
0.418682
0.365199
0.372054
0.037536
0.348497
0.030996
0.680312
0.363006
0.369235
0.370298
0.054479
0.685204
0.368787
0.683754
0.064270
0.378968
0.689091
0.378962
0.067554
0.066498
0.376971
0.689155
0.689011
0.069954
0.383183
0.999953
0.081023
0.391103
0.086563
0.084365
0.078825
0.384534
0.069664
0.373104
0.055091
0.052327
0.362883
0.354867
0.357945
0.371906
0.092057
0.377367
0.697742
0.697068
0.999483
0.095715
0.394556
0.085385
0.398615
0.389032
0.378836
0.999483
0.373581
0.371357
0.362625
0.079574
0.693668
0.691451
0.087873
0.093165
0.090240
0.062568
0.700414
0.376932
0.076792
0.688325
0.690212
0.061647
0.052789
0.050257
0.056114
0.684161
0.367760
0.049695
0.681760
0.045992
0.367148
0.686062
0.073910
0.634088
0.414318
0.349304
0.109160
0.108242
0.064886
0.080615
0.378030
0.358808
0.999447
0.352068
0.670920
0.378959
0.073042
0.102182
0.338840
0.351141
0.367163
0.374168
0.999217
0.376660
0.083534
0.390830
0.085344
0.998507
0.062963
0.069806
0.385633
0.698975
0.998507
0.400033
0.103323
0.681367
0.039029
0.998507
0.675461
0.685999
0.682269
0.373350
0.085739
0.090988
0.101205
0.411241
0.391954
0.619502
0.035481
0.114000
0.392574
0.069962
0.686387
0.435162
0.999483
0.424879
0.092769
0.392503
0.999483
0.064944
0.683240
0.043606
0.685750
0.005174
0.069146
0.071338
0.381019
0.382461
0.385194
0.070935
0.377143
0.379191
0.303452
0.342346
0.999483
0.004894
0.418699
0.696802
0.999483
0.696802
0.386049
0.102634
0.398657
0.433959
0.099996
0.398906
0.999483
0.385297
0.382455
0.086945
0.408482
0.122241
0.688693
0.999483
0.043105
0.032458
0.690194
0.688882
0.684240
0.077491
0.405493
0.399453
0.090483
0.689903
0.395020
0.084919
0.999483
0.374207
0.373453
0.066364
0.689019
0.380485
0.383973
0.695472
0.667973
0.055922
0.090176
0.092115
0.329731
0.356744
0.423744
0.040241
0.066454
0.079314
0.694251
0.399714
0.707894
0.999953
0.412377
0.407880
0.072375
0.684312
0.681096
0.685313
0.677616
0.368686
0.999953
0.390284
0.102398
0.694302
0.693882
0.376042
0.062039
0.381978
0.068643
0.379823
0.096096
0.390665
0.403082
0.090351
0.407789
0.393932
0.381769
0.378173
0.375415
0.375817
0.062991
0.999483
0.063907
0.064052
0.686079
0.372890
0.372516
0.370629
0.685623
0.686125
0.685881
0.999953
0.056676
0.368256
0.999953
0.370896
0.049984
0.999953
0.061771
0.375045
0.692367
0.385144
0.151184
0.999953
0.027243
0.045524
0.069646
0.044157
0.349490
0.999953
0.358705
0.363681
0.364679
0.047982
0.365750
0.048414
0.683754
0.057408
0.378811
0.380086
0.689813
0.380307
0.069437
0.689141
0.377763
0.378086
0.379002
0.380423
0.073009
0.692121
0.385377
0.082307
0.999953
0.694633
0.083521
0.690674
0.064009
0.059924
0.683950
0.999483
0.369940
0.045895
0.362080
0.373593
0.346751
0.385748
0.698352
0.392558
0.392988
0.085827
0.096669
0.999483
0.391426
0.108316
0.386905
0.389839
0.369218
0.999483
0.056930
0.067590
0.691451
0.081272
0.999447
0.698690
0.086250
0.999447
0.378253
0.076096
0.095312
0.690212
0.069096
0.999447
0.686454
0.363004
0.050249
0.368490
0.047691
0.366578
0.363559
0.364065
0.367617
0.684813
0.051032
0.122905
0.714663
0.999447
0.714663
0.391701
0.120241
0.999447
0.063166
0.350328
0.352068
0.999217
0.057245
0.999217
0.686012
0.098058
0.405757
0.308138
0.359387
0.055902
0.078482
0.999217
0.080761
0.998507
0.089878
0.078335
0.080125
0.387048
0.080843
0.694433
0.096140
0.998507
0.399921
0.101592
0.064014
0.138284
0.079804
0.060218
0.044030
0.052431
0.100249
0.397264
0.998507
0.703244
0.077868
0.385784
0.682685
0.360722
0.120114
0.686976
0.062778
0.373108
0.748223
0.046329
0.690579
0.068375
0.692340
0.070315
0.673949
0.094077
0.401041
0.426627
0.299994
0.373752
0.376585
0.078118
0.384426
0.370702
0.052782
0.057059
0.063301
0.303714
0.360754
0.058140
0.375565
0.087735
0.696802
0.390563
0.002776
0.411151
0.147883
0.711288
0.693128
0.091191
0.388903
0.382649
0.382572
0.087749
0.386996
0.690162
0.425536
0.372145
0.049633
0.379593
0.999483
0.070850
0.067879
0.393440
0.101294
0.684493
0.105146
0.102389
0.391905
0.078198
0.011399
0.081198
0.405681
0.063722
0.999483
0.689019
0.691302
0.361266
0.368558
0.403038
0.109687
0.116971
0.707163
0.711970
0.063798
0.405555
0.608179
0.044874
0.385127
0.391581
0.703313
0.404754
0.119204
0.999953
0.066541
0.058883
0.057350
0.054468
0.060877
0.058177
0.688801
0.097921
0.691879
0.400835
0.377769
0.057800
0.999953
0.368285
0.675634
0.389069
0.357980
0.382638
0.386080
0.077158
0.999483
0.694624
0.072930
0.069863
0.378103
0.376824
0.375460
0.058036
0.377109
0.687539
0.066399
0.381234
0.377085
0.370190
0.051194
0.369019
0.369202
0.685881
0.052108
0.049476
0.054061
0.363384
0.692756
0.078311
0.058942
0.300764
0.428600
0.719449
0.493252
0.045964
0.670127
0.618126
0.690162
0.070926
0.041149
0.677878
0.367786
0.047412
0.044752
0.999953
0.364920
0.363054
0.363621
0.057801
0.380162
0.690080
0.381615
0.381889
0.071920
0.379448
0.069639
0.069154
0.379239
0.070234
0.999953
0.074215
0.692957
0.079785
0.694633
0.388594
0.077668
0.681677
0.999953
0.049724
0.684188
0.052738
0.689506
0.056854
0.367568
0.100391
0.310666
0.690414
0.694298
0.073855
0.070015
0.999483
0.041333
0.386932
0.401667
0.112250
0.999483
0.062689
0.365360
0.366543
0.370240
0.056382
0.052971
0.374248
0.076805
0.100328
0.999447
0.383036
0.036917
0.400798
0.397004
0.063458
0.085260
0.686454
0.052185
0.999447
0.365021
0.363660
0.363223
0.052244
0.363791
0.108218
0.087679
0.685468
0.080017
0.075103
0.428184
0.413449
0.686208
0.698233
0.001434
0.374552
0.395458
0.046509
0.355009
0.038481
0.057862
0.380365
0.688797
0.079737
0.379825
0.689689
0.065059
0.700329
0.999217
0.095058
0.694338
0.096017
0.387342
0.693320
0.695355
0.694125
0.391418
0.389959
0.098067
0.118427
0.998507
0.393305
0.419037
0.419025
0.431481
0.383295
0.373976
0.362000
0.061431
0.685120
0.084093
0.095128
0.349459
0.409450
0.362715
0.681915
0.684077
0.059065
0.688831
0.064330
0.367423
0.285555
0.666585
0.037777
0.119261
0.692490
0.394909
0.061025
0.684499
0.999483
0.684499
0.680181
0.052868
0.620635
0.051147
0.361405
0.361928
0.999483
0.681227
0.377754
0.062663
0.113539
0.074807
0.384340
0.079268
0.106563
0.079324
0.138812
0.352302
0.052766
0.087212
0.379649
0.999483
0.385488
0.079921
0.389960
0.102264
0.080930
0.058510
0.370167
0.684871
0.067916
0.381123
0.080675
0.695374
0.093477
0.383155
0.380967
0.692294
0.081232
0.693414
0.382204
0.350904
0.300944
0.696974
0.701957
0.054685
0.052346
0.014993
0.101031
0.404887
0.406912
0.121856
0.118731
0.999483
0.454892
0.697722
0.332955
0.479350
0.608179
0.372241
0.374806
0.086224
0.389223
0.080177
0.070331
0.375050
0.376404
0.374194
0.372889
0.686360
0.999953
0.380514
0.071495
0.688210
0.068697
0.061963
0.058186
0.375334
0.035873
0.030197
0.420526
0.684699
0.686440
0.384548
0.314058
0.132165
0.083155
0.380027
0.686928
0.071451
0.065255
0.685908
0.051915
0.098611
0.086549
0.385339
0.384776
0.686870
0.683066
0.999953
0.045399
0.361715
0.363200
0.043762
0.683117
0.681542
0.692756
0.999953
0.692756
0.138219
0.127888
0.292683
0.108784
0.390811
0.099980
0.682811
0.047401
0.380027
0.064886
0.999953
0.368635
0.370742
0.691700
0.366632
0.369645
0.367581
0.363331
0.362748
0.371163
0.072497
0.691107
0.384469
0.076783
0.075008
0.072544
0.690262
0.999953
0.070031
0.690001
0.690367
0.072208
0.692080
0.075665
0.693611
0.060482
0.395906
0.050242
0.352265
0.361116
0.370264
0.374605
0.694347
0.064553
0.434864
0.697635
0.420643
0.015592
0.130005
0.683268
0.063608
0.382926
0.371056
0.040950
0.066474
0.373939
0.062475
0.052680
0.053053
0.370252
0.367737
0.683702
0.682789
0.051482
0.363944
0.103076
0.161934
0.019780
0.673406
0.383789
0.025473
0.026814
0.107716
0.057436
0.044980
0.365021
0.999447
0.365511
0.371255
0.052598
0.113036
0.715871
0.999447
0.404689
0.084313
0.999447
0.397585
0.083965
0.094342
0.095887
0.380838
0.035354
0.387203
0.692381
0.374555
0.999217
0.105732
0.358183
0.076771
0.394748
0.082393
0.689015
0.073001
0.429004
0.406947
0.687863
0.123746
0.092775
0.094952
0.388727
0.388937
0.694571
0.998507
0.066565
0.113027
0.682127
0.393305
0.705900
0.998507
0.131684
0.690209
0.698417
0.689476
0.684637
0.052978
0.998507
0.685120
0.289727
0.087136
0.309121
0.343622
0.357126
0.363764
0.685404
0.375111
0.999483
0.065155
0.680702
0.037661
0.999483
0.240736
0.430663
0.381376
0.260116
0.105583
0.684499
0.080406
0.061476
0.620635
0.671811
0.375488
0.999483
0.364295
0.044000
0.047646
0.071086
0.999483
0.090896
0.354973
0.699027
0.999483
0.389166
0.121588
0.690309
0.001985
0.412359
0.298201
0.435090
0.314725
0.059521
0.077953
0.078116
0.690697
0.380643
0.374423
0.685677
0.685069
0.365894
0.384312
0.382457
0.693026
0.085805
0.690829
0.384607
0.687838
0.081917
0.999483
0.386974
0.054834
0.999483
0.071889
0.055281
0.361268
0.358706
0.351061
0.626702
0.127744
0.144956
0.394642
0.120639
0.410482
0.440406
0.398451
0.670485
0.639155
0.115018
0.051785
0.683924
0.059348
0.389318
0.368672
0.373809
0.379323
0.687429
0.686199
0.999483
0.372889
0.053058
0.686552
0.057790
0.688314
0.690231
0.999953
0.079109
0.369610
0.687734
0.376104
0.395238
0.373439
0.059875
0.396778
0.168154
0.327391
0.999483
0.071663
0.999483
0.069809
0.069029
0.685800
0.081960
0.399070
0.073285
0.382076
0.999953
0.073795
0.369553
0.360409
0.354406
0.351615
0.030347
0.680938
0.046529
0.049699
0.060216
0.692756
0.121834
0.692346
0.999953
0.368655
0.376236
0.064461
0.050740
0.684678
0.682811
0.375698
0.058926
0.685876
0.371991
0.066137
0.999953
0.070008
0.370931
0.367754
0.371664
0.381528
0.386396
0.388472
0.693028
0.082562
0.080843
0.691497
0.690968
0.381193
0.690262
0.380691
0.069940
0.379784
0.690323
0.380910
0.069028
0.365429
0.999953
0.674349
0.076613
0.338629
0.355872
0.069519
0.079178
0.382243
0.379381
0.381490
0.999483
0.697635
0.365071
0.999483
0.378898
0.686708
0.067820
0.686321
0.365984
0.345703
0.045609
0.044853
0.370173
0.378634
0.061071
0.058653
0.056609
0.049451
0.366003
0.367311
0.118746
0.711103
0.102539
0.370306
0.039794
0.999447
0.676749
0.085993
0.682966
0.999447
0.049593
0.683358
0.054547
0.058472
0.056566
0.301156
0.744688
0.039685
0.367323
0.096046
0.697606
0.396059
0.394251
0.397937
0.090324
0.677069
0.022413
0.370983
0.999217
0.072261
0.371758
0.685001
0.080206
0.095044
0.698140
0.106002
0.383501
0.382231
0.379709
0.104817
0.397713
0.447499
0.698648
0.998507
0.091406
0.387995
0.694125
0.388592
0.083076
0.440199
0.344808
0.117993
0.089791
0.705900
0.415790
0.395859
0.144792
0.377732
0.050214
0.998507
0.369905
0.043003
0.417145
0.297229
0.303271
0.343804
0.362184
0.359427
0.050755
0.373911
0.378631
0.066298
0.687626
0.054825
0.116503
0.307052
0.748583
0.114565
0.382942
0.277678
0.066791
0.310515
0.999483
0.123112
0.011980
0.373712
0.054661
0.999483
0.368245
0.373069
0.387315
0.089813
0.082083
0.040985
0.110677
0.402434
0.120460
0.694839
0.372662
0.100677
0.301314
0.411493
0.332776
0.422567
0.999483
0.053825
0.692408
0.381057
0.075898
0.374139
0.685077
0.057967
0.369382
0.371948
0.692436
0.387419
0.088495
0.071789
0.687838
0.699761
0.390721
0.084561
0.075546
0.687178
0.684951
0.687178
0.366279
0.999483
0.681815
0.362342
0.088247
0.427268
0.165950
0.137183
0.064791
0.686328
0.052122
0.354428
0.327877
0.435901
0.069772
0.682831
0.681641
0.049373
0.371712
0.684600
0.375068
0.688691
0.064567
0.687429
0.374124
0.371636
0.037346
0.681753
0.038972
0.067579
0.377940
0.069692
0.071296
0.999483
0.688276
0.687734
0.070566
0.367534
0.683388
0.043292
0.012554
0.678889
0.697203
0.007551
0.313839
0.382783
0.069261
0.687162
0.060542
0.690921
0.396043
0.999953
0.079679
0.386394
0.370703
0.367462
0.353024
0.348567
0.678110
0.044940
0.683091
0.682764
0.999953
0.378627
0.427640
0.393293
0.046191
0.364059
0.069966
0.999953
0.058100
0.684605
0.056377
0.057559
0.059125
0.686763
0.376675
0.384503
0.090622
0.107562
0.087233
0.076622
0.071444
0.380804
0.100894
0.393899
0.695280
0.085899
0.384888
0.074176
0.691497
0.071531
0.380069
0.378189
0.068818
0.379026
0.379718
0.690239
0.052840
0.686534
0.346304
0.041862
0.376603
0.093650
0.071884
0.696330
0.692849
0.691467
0.683337
0.683019
0.697635
0.356712
0.390038
0.385101
0.378352
0.379303
0.693232
0.004427
0.420118
0.356310
0.357512
0.045800
0.685090
0.375299
0.379489
0.688735
0.688258
0.375378
0.372221
0.367234
0.999447
0.679982
0.711103
0.357557
0.373802
0.058853
0.099506
0.069998
0.369140
0.681270
0.050182
0.682128
0.056849
0.685859
0.998507
0.043678
0.618380
0.093499
0.999217
0.080714
0.133506
0.384035
0.050567
0.386216
0.089694
0.695848
0.393406
0.076515
0.692381
0.380202
0.071575
0.999217
0.685001
0.361440
0.063909
0.702299
0.064840
0.062627
0.376928
0.382390
0.363794
0.078465
0.118272
0.065262
0.046478
0.058262
0.377263
0.061915
0.076709
0.626303
0.998507
0.626303
0.082913
0.415790
0.998507
0.418590
0.732164
0.127506
0.376643
0.364525
0.367799
0.176276
0.998507
0.135319
0.114413
0.075458
0.374865
0.367834
0.686411
0.373932
0.999483
0.082559
0.078624
0.064058
0.114928
0.377841
0.699414
0.440651
0.387526
0.372797
0.361538
0.121451
0.315326
0.058791
0.688233
0.395152
0.685170
0.042452
0.999483
0.684760
0.084246
0.999483
0.128310
0.682108
0.702890
0.687673
0.397102
0.068357
0.688313
0.059999
0.999483
0.084464
0.999483
0.411597
0.675605
0.389341
0.073101
0.999483
0.063205
0.685077
0.686384
0.999483
0.686384
0.684872
0.078496
0.080819
0.073501
0.436822
0.112706
0.999483
0.408956
0.409928
0.694937
0.071843
0.070142
0.047352
0.064997
0.061330
0.046791
0.059890
0.682471
0.090521
0.420504
0.122524
0.091928
0.999483
0.098456
0.337867
0.683425
0.076878
0.999483
0.069427
0.682831
0.058185
0.375107
0.371614
0.687072
0.687553
0.062381
0.687408
0.057934
0.371901
0.357923
0.345994
0.327922
0.023659
0.377814
0.687595
0.999483
0.059732
0.054037
0.059896
0.689981
0.060376
0.363833
0.351908
0.616068
0.326387
0.385563
0.331918
0.432495
0.382148
0.388651
0.379852
0.061220
0.401855
0.999953
0.396043
0.067193
0.384751
0.050919
0.058100
0.049175
0.045880
0.045904
0.686010
0.367369
0.366521
0.682764
0.364616
0.358475
0.351650
0.344868
0.373306
0.075530
0.370392
0.067463
0.684587
0.685402
0.999953
0.057512
0.060862
0.062675
0.069529
0.089354
0.083937
0.695429
0.694030
0.695349
0.075277
0.416540
0.424711
0.090567
0.080914
0.691052
0.374390
0.063571
0.378336
0.377899
0.999953
0.066902
0.689224
0.069387
0.379179
0.382567
0.361132
0.307497
0.140065
0.134308
0.704329
0.999483
0.097486
0.696330
0.083023
0.369927
0.047909
0.683019
0.051799
0.067505
0.077005
0.073980
0.073768
0.055744
0.335533
0.297574
0.041660
0.682181
0.362992
0.056801
0.999483
0.688691
0.068724
0.377915
0.689091
0.687878
0.071314
0.104731
0.050848
0.106737
0.375357
0.367326
0.386282
0.701981
0.084497
0.365776
0.681461
0.048129
0.373101
0.374166
0.685466
0.066329
0.380081
0.670024
0.000104
0.074379
0.999217
0.427654
0.162522
0.595020
0.382841
0.057438
0.387024
0.695180
0.015781
0.355666
0.694085
0.066393
0.051138
0.683446
0.034081
0.372222
0.370087
0.384934
0.673115
0.374801
0.998507
0.392048
0.434581
0.042235
0.365711
0.998507
0.368105
0.998507
0.683241
0.075858
0.072167
0.626303
0.054925
0.080037
0.395655
0.204794
0.732164
0.492331
0.070316
0.364809
0.393605
0.374300
0.092969
0.132577
0.998507
0.699310
0.408783
0.093136
0.371896
0.062210
0.378096
0.380221
0.074995
0.999483
0.692834
0.054533
0.160994
0.696474
0.435010
0.067548
0.674630
0.010418
0.268142
0.438772
0.999483
0.100801
0.412519
0.066399
0.372715
0.684760
0.065331
0.999483
0.392731
0.079636
0.421087
0.071245
0.689193
0.375032
0.077222
0.682519
0.999483
0.372658
0.059190
0.397537
0.121553
0.082025
0.381376
0.086160
0.690434
0.068786
0.061700
0.685077
0.068385
0.684872
0.078902
0.696823
0.695008
0.122749
0.125185
0.721141
0.098690
0.706077
0.394113
0.095462
0.392579
0.381972
0.365399
0.360976
0.374156
0.367779
0.682471
0.680523
0.999483
0.383478
0.072464
0.361593
0.686328
0.045672
0.363362
0.082670
0.061388
0.693923
0.390780
0.401762
0.374313
0.079720
0.055697
0.376920
0.687072
0.057898
0.066961
0.999483
0.064230
0.055151
0.326991
0.307356
0.063560
0.078198
0.068420
0.057101
0.999483
0.682826
0.680027
0.367560
0.355872
0.361205
0.379801
0.062090
0.051223
0.108501
0.106973
0.689930
0.380244
0.388627
0.033800
0.435240
0.161578
0.384551
0.680225
0.053406
0.382684
0.374240
0.999953
0.366070
0.687468
0.691209
0.376720
0.686010
0.064053
0.683382
0.365805
0.354630
0.343578
0.040501
0.053903
0.063284
0.999953
0.051953
0.684605
0.370084
0.370588
0.059443
0.999953
0.375679
0.374556
0.372576
0.073724
0.999953
0.091119
0.104466
0.400121
0.099887
0.092992
0.999953
0.386939
0.071191
0.999953
0.686818
0.059108
0.688198
0.061038
0.380107
0.689579
0.073778
0.382638
0.070794
0.683380
0.086809
0.999483
0.139153
0.121956
0.704329
0.103631
0.090858
0.078843
0.376927
0.999483
0.050563
0.691694
0.999483
0.076273
0.999483
0.037191
0.674869
0.028060
0.679275
0.046437
0.999483
0.682181
0.683200
0.068040
0.690304
0.074097
0.999483
0.378811
0.077303
0.999447
0.416775
0.693501
0.999447
0.070521
0.075299
0.999447
0.094630
0.684401
0.047457
0.677148
0.352946
0.052794
0.377819
0.687182
0.068157
0.689546
0.072290
0.383102
0.699211
0.706803
0.402730
0.433722
0.427401
0.050339
0.377521
0.689529
0.078725
0.403162
0.322533
0.371759
0.999217
0.047310
0.361525
0.369615
0.051319
0.055574
0.155034
0.053983
0.065567
0.690608
0.401789
0.285179
0.035621
0.688471
0.683371
0.058341
0.683241
0.371048
0.067534
0.683861
0.378625
0.060071
0.369351
0.372598
0.401700
0.138271
0.376031
0.998507
0.387399
0.377389
0.376937
0.047472
0.998507
0.386330
0.419800
0.400296
0.688540
0.385047
0.688732
0.382419
0.999483
0.382605
0.692834
0.379149
0.691349
0.294583
0.126314
0.068296
0.363505
0.376545
0.697367
0.016180
0.337504
0.127616
0.456642
0.395658
0.999483
0.392187
0.064180
0.367460
0.081677
0.066096
0.072631
0.093580
0.373153
0.999483
0.375430
0.064859
0.063557
0.368600
0.055076
0.060489
0.688791
0.999483
0.383221
0.097457
0.391022
0.387051
0.053932
0.385879
0.077201
0.081962
0.691169
0.389253
0.083151
0.392067
0.396975
0.591981
0.409848
0.706077
0.684917
0.693130
0.696641
0.999483
0.083448
0.063536
0.687411
0.380121
0.061224
0.048845
0.362390
0.357002
0.328505
0.103042
0.349690
0.374811
0.059485
0.681547
0.046479
0.069431
0.693591
0.406665
0.043662
0.375970
0.052102
0.675423
0.375860
0.051835
0.080675
0.999483
0.379961
0.680541
0.405385
0.042132
0.380127
0.069244
0.690331
0.065973
0.999483
0.046171
0.680027
0.033017
0.681158
0.676554
0.054515
0.999483
0.689610
0.686479
0.638434
0.059286
0.687801
0.387702
0.389733
0.120211
0.634366
0.148126
0.406553
0.677157
0.034259
0.087887
0.674587
0.677850
0.044613
0.381686
0.385395
0.388660
0.691979
0.081334
0.373181
0.053078
0.046417
0.031953
0.035088
0.690217
0.079991
0.099424
0.016693
0.685450
0.365055
0.371198
0.061997
0.375679
0.999953
0.374726
0.999953
0.686257
0.084090
0.999953
0.390002
0.326166
0.401495
0.090920
0.391842
0.388492
0.076899
0.059158
0.056988
0.055938
0.056933
0.685295
0.072668
0.389748
0.383927
0.999483
0.064761
0.680417
0.057846
0.389176
0.999483
0.110574
0.405382
0.401992
0.694166
0.090103
0.375483
0.059960
0.057294
0.076623
0.383309
0.377953
0.066565
0.038022
0.676392
0.679275
0.999483
0.679275
0.367506
0.367986
0.372837
0.072649
0.077613
0.077241
0.383041
0.380831
0.067433
0.700333
0.436916
0.401326
0.377529
0.373963
0.073234
0.696690
0.387707
0.389301
0.052637
0.363693
0.670619
0.080281
0.380250
0.377148
0.377251
0.689231
0.072840
0.378989
0.382691
0.699211
0.691587
0.702736
0.409281
0.097525
0.362404
0.682954
0.377688
0.389138
0.394981
0.088754
0.092724
0.392302
0.062609
0.382574
0.998507
0.138482
0.443687
0.693663
0.098789
0.073886
0.001735
0.288604
0.369191
0.377930
0.130235
0.007122
0.685500
0.070509
0.368296
0.998507
0.026249
0.323266
0.372523
0.010008
0.425153
0.320745
0.359771
0.681991
0.069240
0.082922
0.030888
0.373542
0.693547
0.070758
0.060659
0.385937
0.087068
0.060385
0.371052
0.384878
0.077734
0.071064
0.385953
0.691349
0.378178
0.379555
0.383384
0.035600
0.134166
0.020621
0.382123
0.130445
0.018698
0.027826
0.058800
0.704423
0.701826
0.083226
0.999483
0.079853
0.394386
0.999483
0.077518
0.383732
0.373956
0.061623
0.999483
0.372520
0.060230
0.682870
0.056928
0.361264
0.057068
0.372171
0.071374
0.386244
0.388882
0.687332
0.069521
0.384818
0.392178
0.685266
0.063106
0.391291
0.694514
0.083998
0.327586
0.305820
0.337714
0.689216
0.451811
0.047440
0.017194
0.084098
0.379022
0.377909
0.383188
0.999483
0.082585
0.692322
0.056302
0.020036
0.701790
0.103053
0.081114
0.999483
0.070040
0.667804
0.011446
0.030826
0.692336
0.142362
0.395586
0.999483
0.004500
0.042889
0.047304
0.373848
0.748863
0.099671
0.308906
0.111084
0.709097
0.706840
0.084529
0.074094
0.999483
0.376086
0.062383
0.365971
0.042838
0.666560
0.362348
0.045144
0.103258
0.689610
0.090581
0.046670
0.091774
0.389296
0.072445
0.391835
0.390592
0.356585
0.172535
0.002138
0.364081
0.664289
0.066556
0.411909
0.388409
0.674587
0.073729
0.378858
0.693466
0.082621
0.697403
0.082219
0.999953
0.686611
0.680307
0.059317
0.377832
0.999953
0.371066
0.338585
0.064800
0.293463
0.053539
0.685697
0.372822
0.072896
0.688421
0.378077
0.047276
0.688320
0.063776
0.375348
0.314383
0.999953
0.313037
0.393164
0.091623
0.392370
0.085891
0.389351
0.374544
0.999953
0.685381
0.064941
0.687249
0.394579
0.418643
0.393579
0.059270
0.999483
0.039919
0.381419
0.696327
0.096714
0.696908
0.999483
0.012770
0.681782
0.005449
0.684628
0.693655
0.691097
0.691463
0.056145
0.999483
0.681987
0.032454
0.676392
0.046198
0.362809
0.372500
0.063801
0.688926
0.078313
0.693583
0.692395
0.382009
0.377675
0.063971
0.687418
0.064391
0.066524
0.366411
0.370484
0.363756
0.065344
0.093195
0.699513
0.404378
0.059503
0.688786
0.070785
0.063519
0.375858
0.376867
0.688919
0.074328
0.690605
0.066477
0.691587
0.066457
0.086668
0.440749
0.022104
0.364679
0.683286
0.071719
0.694294
0.078491
0.998507
0.388907
0.073497
0.074597
0.387680
0.692295
0.371751
0.017977
0.998507
0.693663
0.345355
0.998507
0.391661
0.005592
0.481570
0.349609
0.481735
0.026249
0.359201
0.382083
0.368580
0.010703
0.374785
0.371809
0.232222
0.312521
0.448477
0.610754
0.094390
0.378969
0.676963
0.998507
0.369232
0.077838
0.998507
0.999483
0.103118
0.999483
0.074315
0.378005
0.999483
0.406211
0.382774
0.097281
0.692643
0.385689
0.059364
0.693984
0.676136
0.640472
0.108422
0.102649
0.999483
0.095944
0.383609
0.077884
0.382389
0.391761
0.696048
0.385126
0.999483
0.075546
0.064254
0.088533
0.391965
0.374834
0.369574
0.058482
0.370343
0.366311
0.366140
0.681564
0.044527
0.363819
0.369655
0.376084
0.687550
0.690023
0.375335
0.073887
0.691522
0.376062
0.999483
0.685266
0.672738
0.002855
0.347698
0.368696
0.320454
0.300585
0.445921
0.362005
0.999483
0.078699
0.999483
0.387450
0.381447
0.689980
0.078813
0.695712
0.073887
0.384274
0.094465
0.701746
0.095200
0.375067
0.376049
0.080593
0.693244
0.030607
0.117181
0.109458
0.374589
0.725357
0.044219
0.404163
0.686564
0.687774
0.999483
0.063961
0.999483
0.367959
0.324399
0.406103
0.086120
0.999483
0.387863
0.060982
0.999483
0.685238
0.368758
0.064848
0.075570
0.041823
0.105122
0.395634
0.403585
0.999483
0.121119
0.410887
0.105179
0.412736
0.383651
0.152587
0.497703
0.004449
0.082654
0.373893
0.686648
0.058955
0.370978
0.408319
0.068692
0.398345
0.699120
0.419732
0.026754
0.079091
0.374126
0.686611
0.352347
0.336441
0.056522
0.373426
0.690217
0.688310
0.347756
0.639475
0.340274
0.054770
0.076185
0.693624
0.087124
0.382640
0.378649
0.028027
0.368336
0.999953
0.087283
0.081609
0.004449
0.391581
0.694958
0.089758
0.086246
0.391636
0.391735
0.067657
0.365953
0.685636
0.047389
0.126133
0.147330
0.701199
0.085804
0.379034
0.061917
0.673125
0.070343
0.693047
0.394936
0.391750
0.384434
0.059056
0.298857
0.086364
0.062676
0.377613
0.385635
0.999483
0.376317
0.681987
0.363011
0.347490
0.040300
0.692852
0.052323
0.085066
0.107239
0.091987
0.083186
0.999483
0.385470
0.070606
0.686776
0.378238
0.069454
0.999447
0.400016
0.080755
0.068196
0.067578
0.379049
0.393158
0.089066
0.698423
0.069092
0.685345
0.058676
0.686529
0.062293
0.066868
0.381223
0.381548
0.395041
0.367755
0.396615
0.364432
0.376710
0.387718
0.179445
0.116533
0.066228
0.298817
0.059263
0.072228
0.691694
0.381010
0.687983
0.380661
0.072135
0.306568
0.370379
0.118107
0.385930
0.642325
0.398850
0.401703
0.084834
0.065979
0.086994
0.998507
0.045077
0.347389
0.589185
0.087044
0.060255
0.087081
0.397671
0.076377
0.397541
0.601620
0.360812
0.444963
0.102900
0.712794
0.025566
0.358969
0.068711
0.998507
0.388206
0.691041
0.700199
0.411560
0.604982
0.089973
0.695629
0.685496
0.118249
0.399502
0.695242
0.391570
0.384057
0.365668
0.325671
0.444897
0.024397
0.999483
0.090584
0.058184
0.999483
0.084652
0.078668
0.688557
0.066090
0.083876
0.389788
0.388699
0.383047
0.089759
0.382241
0.683469
0.386742
0.684810
0.999483
0.047327
0.361367
0.359082
0.360924
0.681899
0.050214
0.372879
0.999483
0.066396
0.374333
0.054420
0.999483
0.099554
0.125325
0.349920
0.297392
0.082985
0.307305
0.050418
0.344702
0.374249
0.397069
0.700187
0.380778
0.089689
0.077011
0.379679
0.685952
0.073684
0.390503
0.007903
0.385252
0.385519
0.092043
0.098343
0.392275
0.683841
0.999483
0.113526
0.714046
0.155705
0.359256
0.090813
0.395945
0.397563
0.341383
0.056868
0.071843
0.075932
0.687774
0.074200
0.367959
0.999483
0.677846
0.097384
0.400203
0.370705
0.684378
0.042094
0.382375
0.380298
0.381380
0.697070
0.086916
0.373301
0.126973
0.698196
0.392701
0.088029
0.703489
0.414612
0.999483
0.442234
0.030149
0.684349
0.353040
0.746831
0.073702
0.383313
0.687806
0.059281
0.371307
0.681572
0.026835
0.437793
0.132800
0.630727
0.060381
0.999953
0.019646
0.406411
0.651921
0.122899
0.109712
0.999953
0.373426
0.036935
0.999953
0.322384
0.394937
0.687771
0.091473
0.401289
0.135939
0.999953
0.380550
0.353961
0.099325
0.693480
0.135076
0.691365
0.999953
0.691365
0.695122
0.694958
0.694499
0.074245
0.076646
0.696114
0.038604
0.364612
0.686402
0.079619
0.374874
0.712049
0.355506
0.058972
0.687747
0.056664
0.062304
0.106378
0.391976
0.370332
0.025090
0.060754
0.411886
0.092976
0.409543
0.097154
0.098281
0.077335
0.377343
0.058650
0.366060
0.074488
0.378078
0.999483
0.104184
0.688861
0.416812
0.696656
0.695725
0.387751
0.388863
0.072099
0.688431
0.067898
0.383870
0.691315
0.391728
0.999447
0.395480
0.081740
0.076176
0.069565
0.391548
0.061690
0.071852
0.687139
0.062113
0.371112
0.997751
0.685227
0.074586
0.078481
0.440510
0.413843
0.999217
0.100213
0.052053
0.369199
0.079316
0.674773
0.699206
0.348488
0.999217
0.056305
0.689814
0.381646
0.377790
0.070336
0.303243
0.680729
0.998507
0.085864
0.379233
0.392689
0.384788
0.061018
0.998507
0.054224
0.747618
0.423109
0.998507
0.027936
0.392839
0.696895
0.693107
0.998507
0.106872
0.035801
0.371030
0.400595
0.113580
0.672199
0.092596
0.692995
0.089005
0.321525
0.394789
0.692188
0.089665
0.096686
0.741204
0.285062
0.388079
0.080193
0.038106
0.341983
0.091286
0.698898
0.104222
0.397325
0.089645
0.060744
0.064977
0.702484
0.073656
0.070776
0.358021
0.686692
0.073230
0.387806
0.387511
0.080380
0.078915
0.396004
0.699403
0.695610
0.693834
0.396841
0.084033
0.017636
0.370538
0.081857
0.364251
0.357336
0.679591
0.358846
0.363448
0.682817
0.052488
0.373798
0.061106
0.685730
0.372459
0.057188
0.081897
0.700479
0.710447
0.349012
0.298249
0.349260
0.102997
0.999483
0.068849
0.359810
0.390053
0.700088
0.069676
0.063156
0.689657
0.372536
0.689449
0.685952
0.310006
0.999483
0.616922
0.381815
0.693287
0.397026
0.087245
0.373249
0.683841
0.053957
0.179890
0.322479
0.678927
0.999483
0.047088
0.069981
0.103390
0.394331
0.696838
0.385093
0.381665
0.064948
0.692918
0.053632
0.082479
0.390788
0.398832
0.119984
0.067614
0.020569
0.071042
0.390745
0.388990
0.999483
0.697070
0.692474
0.107459
0.076689
0.685038
0.999483
0.086431
0.099835
0.394853
0.711602
0.095834
0.440386
0.496267
0.377502
0.367450
0.066991
0.385156
0.367739
0.681572
0.999953
0.010425
0.005467
0.138684
0.383903
0.055760
0.682341
0.068144
0.254686
0.430723
0.999953
0.696305
0.426771
0.376025
0.381052
0.335802
0.014937
0.010062
0.373657
0.018331
0.999953
0.074880
0.375200
0.388684
0.029745
0.021876
0.021283
0.125755
0.697351
0.058625
0.388394
0.388873
0.387879
0.384475
0.689845
0.380772
0.091326
0.621867
0.065991
0.367553
0.378508
0.393240
0.363004
0.691787
0.042708
0.367731
0.999483
0.084236
0.694919
0.392206
0.021756
0.090390
0.999483
0.064264
0.697176
0.999483
0.080898
0.689073
0.098800
0.386002
0.690672
0.074075
0.102846
0.103379
0.391991
0.390665
0.999483
0.428319
0.339970
0.087251
0.999483
0.091577
0.076102
0.373186
0.387688
0.385708
0.694398
0.092371
0.115252
0.696237
0.084967
0.997751
0.379177
0.368050
0.373258
0.076753
0.691633
0.062258
0.368108
0.685227
0.374218
0.081858
0.999217
0.067902
0.200193
0.114158
0.999217
0.066053
0.999217
0.057307
0.403848
0.712600
0.015297
0.672932
0.097225
0.692170
0.085863
0.688544
0.381527
0.073613
0.611623
0.073709
0.998507
0.387285
0.050437
0.363107
0.348594
0.078786
0.320694
0.093879
0.076139
0.437259
0.998507
0.415144
0.412519
0.372453
0.375247
0.028363
0.048510
0.377359
0.998507
0.373491
0.125480
0.058363
0.082374
0.054778
0.083033
0.693436
0.384916
0.998507
0.424170
0.368391
0.385014
0.075796
0.672586
0.999483
0.112780
0.072178
0.401715
0.113412
0.699545
0.071049
0.999483
0.090902
0.405081
0.058933
0.041895
0.680938
0.065333
0.999483
0.082571
0.999483
0.393007
0.100638
0.699403
0.700921
0.095620
0.100272
0.404680
0.018593
0.344451
0.999483
0.046456
0.043066
0.999483
0.036215
0.681031
0.682817
0.683567
0.369876
0.686162
0.685730
0.999483
0.685730
0.379768
0.999483
0.099648
0.140028
0.002200
0.330594
0.405067
0.069480
0.066225
0.688489
0.063568
0.368664
0.371942
0.999483
0.057128
0.375627
0.689449
0.999483
0.382533
0.393802
0.052737
0.689971
0.686496
0.389838
0.395055
0.088669
0.691854
0.377652
0.027158
0.295278
0.405665
0.360869
0.678927
0.044703
0.694598
0.395608
0.381572
0.078525
0.999483
0.066533
0.999483
0.370899
0.677480
0.685291
0.386635
0.103617
0.999483
0.025919
0.999483
0.015233
0.350958
0.389679
0.094318
0.309096
0.165881
0.685208
0.112900
0.367182
0.065966
0.376439
0.372732
0.101434
0.150545
0.395233
0.137789
0.069902
0.051924
0.677095
0.368939
0.002331
0.373703
0.014178
0.054871
0.065134
0.397715
0.693775
0.999953
0.050906
0.693980
0.391269
0.377089
0.069136
0.696305
0.178995
0.376178
0.367113
0.349697
0.298482
0.671644
0.685310
0.032266
0.362248
0.085082
0.065587
0.999953
0.350311
0.394538
0.710365
0.999953
0.009416
0.373739
0.074293
0.693868
0.074564
0.691932
0.070546
0.373411
0.369815
0.105326
0.709050
0.064078
0.365690
0.368354
0.686050
0.089512
0.374542
0.369752
0.687535
0.048299
0.383456
0.693256
0.392236
0.088972
0.693482
0.378158
0.339218
0.693335
0.054471
0.689073
0.999483
0.073450
0.381932
0.392825
0.999483
0.077305
0.394459
0.701007
0.100979
0.093708
0.345662
0.392210
0.393637
0.083361
0.397290
0.418925
0.105625
0.404725
0.346145
0.383670
0.694732
0.999447
0.089534
0.999447
0.386263
0.692135
0.373245
0.055382
0.362696
0.373058
0.348648
0.360196
0.367204
0.380959
0.416493
0.387375
0.383052
0.999217
0.321441
0.079640
0.078428
0.339044
0.046547
0.411001
0.999217
0.143530
0.404262
0.119162
0.424592
0.132388
0.690725
0.082293
0.381197
0.688267
0.062692
0.387285
0.998507
0.049207
0.998507
0.374206
0.086821
0.149488
0.998507
0.102813
0.306372
0.113380
0.336702
0.690521
0.052851
0.373228
0.102859
0.681581
0.057294
0.696631
0.162858
0.024096
0.692760
0.363019
0.689416
0.998507
0.091990
0.384470
0.689218
0.038566
0.073892
0.079856
0.381148
0.369275
0.419519
0.999483
0.103829
0.388239
0.999483
0.377270
0.999483
0.368301
0.073875
0.387286
0.685187
0.685184
0.372693
0.391791
0.083486
0.999483
0.084532
0.090967
0.701581
0.099445
0.701348
0.999483
0.701348
0.407590
0.401994
0.067570
0.370875
0.056662
0.681509
0.032989
0.353656
0.041465
0.048845
0.999483
0.055033
0.686542
0.057703
0.685730
0.370916
0.062181
0.388684
0.999483
0.386979
0.679805
0.380510
0.361967
0.063257
0.999483
0.067460
0.378372
0.366403
0.366544
0.683196
0.065013
0.064407
0.072142
0.064545
0.692843
0.124958
0.074346
0.060347
0.075097
0.085813
0.093609
0.397960
0.083242
0.063336
0.393573
0.276230
0.258987
0.343392
0.362331
0.068169
0.081197
0.691961
0.691270
0.999483
0.060196
0.357071
0.680922
0.347869
0.346716
0.368461
0.108908
0.069707
0.142624
0.107291
0.702504
0.748506
0.386480
0.084973
0.080956
0.138337
0.999483
0.433652
0.748920
0.076994
0.392130
0.071767
0.672514
0.302031
0.394856
0.386157
0.360691
0.692372
0.051349
0.388974
0.685244
0.054362
0.303360
0.377634
0.014242
0.999953
0.090155
0.700757
0.402892
0.384928
0.372714
0.373953
0.401036
0.381258
0.129278
0.377352
0.371245
0.368058
0.359949
0.024682
0.057393
0.036437
0.402390
0.107312
0.101799
0.428811
0.060421
0.080372
0.318229
0.734109
0.412126
0.396089
0.116839
0.069839
0.691515
0.069244
0.380654
0.999953
0.369749
0.358470
0.069652
0.691052
0.077542
0.369713
0.366504
0.372168
0.689370
0.387557
0.002898
0.023591
0.374151
0.999483
0.383418
0.086049
0.393722
0.395468
0.092801
0.093039
0.678090
0.387651
0.036940
0.378715
0.690743
0.704065
0.695461
0.688243
0.067515
0.375193
0.999483
0.406020
0.999483
0.113129
0.699050
0.012441
0.421177
0.420805
0.140789
0.373019
0.053659
0.116285
0.082699
0.384204
0.392008
0.699040
0.391126
0.077511
0.686763
0.372728
0.052674
0.050318
0.049389
0.359742
0.045952
0.046927
0.057746
0.113632
0.054315
0.167581
0.700994
0.734331
0.619664
0.676926
0.012509
0.146813
0.158056
0.712600
0.135938
0.748769
0.039517
0.493898
0.303809
0.086648
0.396672
0.382868
0.372182
0.060215
0.063547
0.063376
0.056766
0.067046
0.075888
0.381114
0.071264
0.448166
0.370568
0.060498
0.068105
0.072451
0.390556
0.694218
0.099421
0.084540
0.074235
0.998507
0.373483
0.369459
0.369308
0.071378
0.998507
0.051991
0.375621
0.414291
0.377400
0.371301
0.092629
0.688062
0.999483
0.368601
0.365590
0.039358
0.442431
0.016113
0.070641
0.696466
0.030285
0.378154
0.327307
0.141026
0.041316
0.382489
0.065804
0.066220
0.695475
0.398466
0.387332
0.384403
0.087199
0.091528
0.389930
0.402804
0.701348
0.404653
0.402962
0.087400
0.380264
0.692568
0.059808
0.999483
0.029454
0.355297
0.683213
0.683918
0.683567
0.055180
0.685689
0.055977
0.684817
0.368416
0.064794
0.385855
0.395447
0.088301
0.999483
0.050389
0.303377
0.063202
0.375614
0.068134
0.074076
0.058422
0.372430
0.055136
0.055793
0.702439
0.396667
0.999483
0.374579
0.097858
0.695163
0.388785
0.382281
0.098642
0.696677
0.086409
0.694035
0.068063
0.095318
0.074142
0.302744
0.342402
0.072501
0.697735
0.999483
0.087292
0.382042
0.366482
0.694464
0.351332
0.050584
0.028448
0.039699
0.016815
0.122174
0.999483
0.401019
0.329228
0.173640
0.134409
0.372402
0.085337
0.999483
0.060200
0.356175
0.434645
0.408005
0.606188
0.409618
0.068030
0.999483
0.672514
0.611009
0.060164
0.999483
0.025284
0.040794
0.350312
0.017122
0.105884
0.390457
0.358848
0.385621
0.068440
0.378247
0.709069
0.081142
0.074481
0.059403
0.065863
0.379625
0.108842
0.436658
0.381656
0.386629
0.387732
0.037188
0.999953
0.679230
0.685576
0.700767
0.399363
0.379544
0.000597
0.056096
0.316642
0.747425
0.380258
0.053381
0.427333
0.999953
0.058574
0.377698
0.068397
0.076500
0.386040
0.386957
0.096052
0.132499
0.104571
0.376993
0.693203
0.057110
0.373854
0.686810
0.068447
0.999483
0.070373
0.673482
0.074087
0.697603
0.999483
0.102769
0.109008
0.406296
0.112530
0.406308
0.385096
0.013920
0.675158
0.068177
0.377769
0.093550
0.068095
0.368379
0.999483
0.077025
0.401373
0.413047
0.705529
0.132946
0.142635
0.310295
0.078034
0.036496
0.370727
0.692881
0.999447
0.062831
0.380142
0.693689
0.070719
0.055248
0.387588
0.386098
0.059921
0.997751
0.682107
0.062083
0.369464
0.997751
0.371691
0.371148
0.997751
0.315407
0.098169
0.420602
0.306836
0.057597
0.393973
0.384001
0.101450
0.435398
0.736277
0.211198
0.999217
0.171421
0.286584
0.384035
0.075254
0.383774
0.379213
0.998507
0.682099
0.052603
0.375795
0.374300
0.998507
0.687134
0.074847
0.695963
0.358593
0.386592
0.381403
0.388766
0.998507
0.089896
0.380933
0.998507
0.691428
0.074783
0.083668
0.089844
0.102862
0.092359
0.081183
0.071209
0.998507
0.356646
0.370342
0.349424
0.365949
0.705039
0.088946
0.382980
0.106310
0.711427
0.000956
0.684416
0.091304
0.684347
0.699736
0.076121
0.716187
0.413164
0.397837
0.423124
0.052255
0.688539
0.070502
0.393145
0.380276
0.999483
0.689732
0.075922
0.690605
0.693594
0.399067
0.099727
0.396965
0.086132
0.691924
0.999483
0.691924
0.692568
0.371467
0.047109
0.041176
0.680267
0.051717
0.683918
0.052406
0.367389
0.046501
0.061715
0.074735
0.418731
0.110234
0.408022
0.391257
0.679805
0.711778
0.386139
0.062832
0.688104
0.069096
0.689993
0.685244
0.055537
0.690999
0.016989
0.163833
0.702439
0.437571
0.398410
0.094772
0.691933
0.695163
0.386100
0.085926
0.999483
0.390891
0.393113
0.102358
0.699496
0.999483
0.055914
0.383337
0.999483
0.087352
0.697735
0.401399
0.082245
0.378153
0.360227
0.696537
0.370979
0.058633
0.695542
0.999483
0.139511
0.348089
0.068075
0.071778
0.422742
0.692438
0.396774
0.108004
0.055119
0.058216
0.359492
0.308058
0.606188
0.674085
0.297643
0.092140
0.072033
0.306341
0.382123
0.165514
0.654404
0.425086
0.686238
0.291444
0.065281
0.999483
0.100213
0.058198
0.048099
0.999953
0.374601
0.383926
0.999953
0.065448
0.999953
0.685679
0.378460
0.267082
0.115746
0.113687
0.115139
0.131632
0.340503
0.049193
0.685576
0.087281
0.399363
0.999953
0.698589
0.683529
0.031331
0.342440
0.356532
0.321599
0.039416
0.347769
0.681025
0.042190
0.376945
0.691286
0.999953
0.381708
0.088625
0.702238
0.384647
0.091185
0.372285
0.365610
0.368105
0.376429
0.688767
0.078705
0.379705
0.694497
0.690151
0.092114
0.091399
0.697603
0.105478
0.999483
0.408875
0.128906
0.131130
0.121815
0.395136
0.075892
0.071283
0.069413
0.376780
0.376170
0.291197
0.422070
0.708671
0.148183
0.699439
0.108997
0.399326
0.085905
0.999483
0.689059
0.090415
0.385181
0.352142
0.380784
0.034752
0.060267
0.375468
0.108533
0.706490
0.038606
0.065516
0.054220
0.045882
0.680168
0.041558
0.375742
0.683703
0.066149
0.997751
0.371148
0.030658
0.683191
0.388570
0.686850
0.686389
0.072755
0.374076
0.078325
0.999217
0.118935
0.039878
0.424644
0.349964
0.088262
0.084986
0.080984
0.061849
0.046199
0.368059
0.365219
0.057148
0.998507
0.687855
0.374300
0.056282
0.054459
0.084257
0.091892
0.369843
0.384015
0.998507
0.087770
0.082474
0.374815
0.378795
0.061499
0.071634
0.695780
0.389931
0.400312
0.400651
0.399787
0.090162
0.382478
0.296758
0.667664
0.288621
0.354242
0.404428
0.712936
0.141389
0.711625
0.689019
0.113644
0.080071
0.700768
0.073120
0.070966
0.407845
0.999483
0.454778
0.418292
0.348707
0.376918
0.072754
0.074460
0.381720
0.999483
0.380276
0.051425
0.081956
0.038460
0.050486
0.391629
0.693422
0.999483
0.385215
0.697100
0.079109
0.692568
0.074565
0.688187
0.057356
0.681797
0.682757
0.054170
0.684713
0.685693
0.048181
0.689295
0.380056
0.389878
0.423459
0.088852
0.051244
0.413005
0.711778
0.128610
0.431831
0.061558
0.378362
0.380653
0.071539
0.066910
0.380113
0.999483
0.690999
0.038632
0.738738
0.028157
0.076237
0.687276
0.697929
0.078550
0.999483
0.692529
0.102825
0.694633
0.391177
0.106988
0.403024
0.398804
0.371827
0.053728
0.688302
0.089734
0.399255
0.089827
0.074622
0.369438
0.052356
0.054958
0.693388
0.999483
0.374974
0.092532
0.027371
0.358246
0.687716
0.999483
0.077065
0.080401
0.745858
0.056970
0.999483
0.068041
0.373734
0.353868
0.049716
0.690938
0.696806
0.696536
0.999483
0.065801
0.367669
0.023348
0.120129
0.057360
0.680117
0.050721
0.059646
0.032982
0.412412
0.384757
0.372443
0.374631
0.381922
0.381371
0.071862
0.999953
0.374315
0.057458
0.050022
0.434180
0.295119
0.331026
0.136523
0.376499
0.073492
0.060061
0.692007
0.386397
0.077908
0.102611
0.404022
0.330876
0.376378
0.076198
0.999953
0.366884
0.072189
0.301367
0.329430
0.072266
0.377886
0.074353
0.386229
0.385368
0.393338
0.133607
0.394917
0.063204
0.374408
0.053939
0.368624
0.376586
0.689950
0.080574
0.694508
0.076380
0.079908
0.392555
0.095597
0.699893
0.101908
0.704356
0.396434
0.704001
0.405055
0.120336
0.097551
0.698231
0.081118
0.078064
0.692478
0.074201
0.067971
0.297151
0.133215
0.388423
0.391072
0.067409
0.692349
0.083440
0.689095
0.139595
0.424102
0.045229
0.377541
0.381469
0.689752
0.688120
0.068650
0.408803
0.997751
0.706490
0.667365
0.682783
0.058648
0.361441
0.038767
0.372641
0.068115
0.368410
0.387742
0.399935
0.115886
0.081480
0.372290
0.999217
0.064311
0.059362
0.999217
0.062219
0.065293
0.370313
0.068088
0.674270
0.084031
0.389337
0.693145
0.998507
0.066716
0.359438
0.041727
0.682928
0.054096
0.064734
0.069713
0.055230
0.046457
0.375099
0.394497
0.411799
0.083796
0.690451
0.071831
0.074606
0.998507
0.381262
0.688604
0.376835
0.076920
0.998507
0.695780
0.693211
0.701068
0.399444
0.398315
0.395229
0.081735
0.302918
0.040754
0.033702
0.133652
0.098766
0.409258
0.121609
0.694691
0.117673
0.995387
0.064942
0.386491
0.074637
0.083483
0.100840
0.017073
0.385272
0.691532
0.071088
0.070357
0.999483
0.383019
0.019818
0.372464
0.352159
0.667501
0.334580
0.360287
0.403295
0.137246
0.098333
0.064458
0.388129
0.693065
0.391730
0.096581
0.689214
0.065912
0.358074
0.050892
0.683505
0.372802
0.371609
0.052038
0.999483
0.389742
0.999483
0.009852
0.356181
0.682375
0.747870
0.730113
0.747870
0.383989
0.058843
0.378930
0.380008
0.689352
0.688596
0.375127
0.064656
0.092683
0.690134
0.021224
0.059183
0.363342
0.682564
0.068927
0.068673
0.056894
0.105743
0.999483
0.093804
0.072788
0.394336
0.098316
0.103627
0.064785
0.999483
0.075285
0.999483
0.393356
0.385437
0.065014
0.059651
0.683461
0.999483
0.066495
0.091638
0.390898
0.399079
0.681708
0.999483
0.057539
0.089067
0.392846
0.088081
0.101128
0.106895
0.692781
0.093835
0.383743
0.368928
0.692591
0.350237
0.099809
0.390646
0.696536
0.066502
0.099935
0.050469
0.373180
0.999483
0.370605
0.687975
0.685003
0.020275
0.350406
0.374529
0.069113
0.375138
0.379390
0.388609
0.387297
0.688589
0.069983
0.059725
0.673351
0.059986
0.332422
0.691682
0.317762
0.432029
0.419121
0.079828
0.027883
0.675218
0.343213
0.405954
0.415032
0.406902
0.085096
0.030054
0.089086
0.422994
0.075414
0.409662
0.328439
0.701647
0.072886
0.999953
0.085647
0.999953
0.391251
0.103530
0.999953
0.063092
0.370846
0.999483
0.061752
0.378627
0.691294
0.077562
0.693617
0.691769
0.691817
0.388241
0.072468
0.382428
0.394135
0.396434
0.999483
0.401832
0.388366
0.114057
0.405386
0.999483
0.093870
0.389221
0.385738
0.999483
0.383658
0.076178
0.999483
0.379526
0.055890
0.302061
0.114503
0.381444
0.324097
0.086548
0.391835
0.020128
0.066464
0.999447
0.691100
0.067341
0.997751
0.179238
0.706490
0.413542
0.368212
0.061487
0.997751
0.016665
0.037933
0.050086
0.997751
0.357159
0.090231
0.103316
0.140958
0.364149
0.062448
0.370076
0.365151
0.371731
0.376414
0.375225
0.055031
0.999217
0.051673
0.690436
0.064108
0.695182
0.078495
0.693145
0.381275
0.065897
0.682928
0.998507
0.682928
0.358443
0.063596
0.998507
0.052390
0.080343
0.085727
0.702502
0.408958
0.075180
0.363453
0.683031
0.071835
0.070788
0.689468
0.998507
0.380501
0.071321
0.112943
0.408896
0.106929
0.998507
0.089292
0.096768
0.692780
0.066531
0.998507
0.019901
0.691557
0.125827
0.379841
0.690397
0.999681
0.064994
0.039886
0.995387
0.388835
0.995387
0.114299
0.087765
0.089152
0.691532
0.698311
0.074353
0.378641
0.065564
0.052612
0.055972
0.076388
0.123940
0.068578
0.349164
0.393773
0.999483
0.137137
0.999483
0.070319
0.118460
0.069478
0.701193
0.062317
0.377818
0.103632
0.361146
0.373437
0.686592
0.375393
0.083285
0.378159
0.689295
0.398574
0.107094
0.102046
0.014002
0.060371
0.076515
0.050628
0.042507
0.680077
0.054890
0.381289
0.379826
0.378584
0.377393
0.686874
0.686643
0.690134
0.999483
0.690134
0.048117
0.364127
0.999483
0.682564
0.688683
0.369319
0.106141
0.080660
0.065987
0.384042
0.391221
0.694618
0.397315
0.080613
0.066630
0.384377
0.694222
0.386856
0.690675
0.063724
0.694201
0.368681
0.683461
0.069087
0.693691
0.999483
0.080678
0.090493
0.073765
0.093467
0.695239
0.101438
0.401804
0.400220
0.111220
0.104823
0.999483
0.087326
0.400153
0.999483
0.389504
0.412861
0.136146
0.434884
0.037911
0.035127
0.039623
0.050809
0.686764
0.372365
0.058992
0.079124
0.385034
0.374830
0.686686
0.687403
0.688695
0.062849
0.388740
0.693916
0.690670
0.078231
0.686583
0.349946
0.080730
0.706887
0.069998
0.999953
0.391681
0.432726
0.125605
0.119681
0.637764
0.391527
0.402286
0.099586
0.397601
0.047854
0.360321
0.703345
0.999953
0.086088
0.373638
0.425431
0.395885
0.374305
0.390062
0.388606
0.695537
0.693961
0.133633
0.419265
0.108950
0.376566
0.375775
0.067510
0.688823
0.063806
0.067016
0.691769
0.068174
0.070952
0.063997
0.694642
0.027175
0.362198
0.381398
0.073802
0.081043
0.691250
0.101646
0.403905
0.099409
0.696226
0.999483
0.082108
0.692215
0.691725
0.074267
0.691691
0.372908
0.381252
0.409562
0.310972
0.628494
0.999483
0.626762
0.082232
0.693518
0.072137
0.070884
0.688056
0.052602
0.686260
0.041000
0.429054
0.362268
0.366222
0.063722
0.697110
0.126474
0.700242
0.080681
0.049871
0.997751
0.007765
0.997751
0.072512
0.999217
0.041326
0.676170
0.369427
0.374634
0.072050
0.380988
0.093698
0.079149
0.071002
0.052412
0.681852
0.370280
0.066817
0.384990
0.384905
0.074837
0.105959
0.682928
0.370678
0.676272
0.674849
0.375987
0.071803
0.698271
0.702502
0.998507
0.406899
0.075993
0.371276
0.684885
0.067638
0.691372
0.381590
0.073552
0.440284
0.119289
0.397370
0.998507
0.104526
0.102984
0.100211
0.102164
0.998507
0.692780
0.032931
0.072850
0.991197
0.084212
0.688912
0.115404
0.378300
0.995387
0.052456
0.387222
0.394961
0.402112
0.099207
0.383850
0.109652
0.099084
0.693951
0.008992
0.074963
0.364817
0.353977
0.689137
0.999483
0.393974
0.368554
0.380348
0.427314
0.136824
0.999483
0.424028
0.084366
0.347247
0.689806
0.368087
0.999483
0.013879
0.137991
0.379602
0.999483
0.373437
0.385425
0.105018
0.114971
0.700367
0.429128
0.135465
0.428948
0.999483
0.058194
0.337289
0.383464
0.305137
0.671426
0.074641
0.383795
0.379559
0.062975
0.374137
0.687523
0.058975
0.058058
0.690134
0.057662
0.045212
0.680273
0.046001
0.367950
0.060849
0.999483
0.364726
0.679591
0.054444
0.375052
0.383821
0.999483
0.694618
0.073668
0.689375
0.066400
0.065561
0.381971
0.688693
0.068714
0.387164
0.372165
0.376244
0.391681
0.378059
0.380897
0.999483
0.686689
0.693190
0.080212
0.691038
0.388642
0.390833
0.389301
0.388473
0.087030
0.099862
0.392547
0.136994
0.087731
0.423708
0.442297
0.485387
0.040791
0.028669
0.041944
0.676461
0.681591
0.683872
0.365741
0.039495
0.687685
0.005414
0.352926
0.055709
0.687156
0.059989
0.053558
0.384458
0.099807
0.392190
0.686583
0.693657
0.391201
0.706887
0.679133
0.999953
0.367235
0.628558
0.395254
0.708462
0.120235
0.711079
0.745917
0.680401
0.696837
0.383320
0.068666
0.679649
0.092137
0.103585
0.710092
0.093683
0.379080
0.356445
0.683964
0.388502
0.693058
0.080929
0.388792
0.088987
0.689814
0.096154
0.389081
0.389170
0.999483
0.378901
0.054573
0.689286
0.375840
0.687438
0.999483
0.379027
0.094691
0.606634
0.067275
0.055492
0.999483
0.071981
0.999483
0.080746
0.394739
0.386412
0.115532
0.397610
0.388551
0.691725
0.072630
0.067689
0.689394
0.063807
0.999483
0.693416
0.160906
0.006359
0.001138
0.069345
0.069269
0.687990
0.049555
0.368789
0.684516
0.041659
0.678272
0.027211
0.370424
0.683197
0.089508
0.098283
0.407496
0.124386
0.102633
0.392135
0.997751
0.362411
0.015321
0.383402
0.999217
0.384962
0.040895
0.999217
0.676170
0.686200
0.689610
0.389592
0.695254
0.391015
0.065676
0.997751
0.052601
0.682631
0.063857
0.998507
0.691903
0.141243
0.420478
0.687085
0.086534
0.674849
0.084110
0.070849
0.089052
0.099596
0.404036
0.702502
0.400088
0.686752
0.684885
0.998507
0.066732
0.387385
0.383986
0.998507
0.084479
0.998507
0.700405
0.396613
0.395925
0.691956
0.380358
0.012548
0.079345
0.061896
0.050352
0.363869
0.049684
0.073920
0.064348
0.060199
0.102521
0.374705
0.081346
0.020353
0.076773
0.085208
0.692714
0.073072
0.703926
0.690315
0.999483
0.689855
0.001546
0.673077
0.996782
0.031304
0.049370
0.402639
0.322291
0.678835
0.699166
0.134282
0.438947
0.412525
0.042149
0.365246
0.063661
0.062803
0.377452
0.397462
0.162789
0.379023
0.686629
0.068472
0.395854
0.697179
0.416584
0.421863
0.150088
0.461363
0.480401
0.004872
0.327549
0.028899
0.679353
0.312774
0.090523
0.084617
0.383008
0.377646
0.684545
0.686230
0.054751
0.053219
0.999483
0.370897
0.684418
0.053147
0.681357
0.999483
0.372888
0.048179
0.053906
0.689085
0.072346
0.059338
0.080863
0.999483
0.076486
0.081080
0.070034
0.689111
0.378188
0.061336
0.069303
0.690779
0.095667
0.085891
0.017371
0.026085
0.081847
0.018017
0.105563
0.686689
0.058760
0.069944
0.999483
0.383811
0.999483
0.383655
0.382537
0.075823
0.690730
0.393496
0.135972
0.448657
0.999483
0.121953
0.130841
0.052942
0.036018
0.359564
0.676812
0.356820
0.680205
0.363041
0.364229
0.052685
0.687978
0.061258
0.310230
0.376600
0.060422
0.061857
0.999953
0.064564
0.399449
0.106945
0.391930
0.999953
0.102520
0.127695
0.706887
0.397272
0.008390
0.395254
0.999953
0.060095
0.047901
0.035032
0.033900
0.011961
0.386119
0.386534
0.071515
0.074881
0.106467
0.124632
0.705599
0.074524
0.038687
0.386310
0.046020
0.065393
0.999953
0.082379
0.999953
0.069937
0.683645
0.078099
0.402147
0.402646
0.386793
0.683698
0.372957
0.082795
0.689286
0.372217
0.375605
0.059172
0.433755
0.717786
0.122502
0.378710
0.688770
0.072314
0.382347
0.077366
0.350221
0.192707
0.999483
0.716002
0.394508
0.389284
0.378203
0.064874
0.374897
0.051192
0.693416
0.425666
0.303272
0.096880
0.084911
0.418242
0.378834
0.380437
0.030837
0.361661
0.365130
0.357798
0.674792
0.344158
0.059599
0.400032
0.997751
0.117382
0.997751
0.128209
0.699424
0.997751
0.088748
0.373981
0.034983
0.697210
0.059746
0.365541
0.340291
0.038902
0.040991
0.069404
0.383002
0.389195
0.389804
0.384343
0.059946
0.683890
0.058520
0.685133
0.065410
0.068882
0.103284
0.714293
0.727772
0.413132
0.121847
0.045101
0.079127
0.061410
0.687224
0.087101
0.414343
0.704272
0.126698
0.102294
0.375874
0.377665
0.060487
0.692785
0.079657
0.051351
0.380752
0.378496
0.057861
0.098486
0.082268
0.381117
0.614472
0.997751
0.296591
0.679201
0.100325
0.363527
0.370291
0.358659
0.367670
0.991197
0.059967
0.357506
0.619174
0.349612
0.690638
0.995387
0.690638
0.692714
0.099350
0.704386
0.411684
0.043172
0.080588
0.346379
0.363141
0.352101
0.371001
0.305562
0.426103
0.999483
0.050220
0.086976
0.696240
0.397426
0.069684
0.378074
0.367290
0.999483
0.031962
0.742552
0.056025
0.375592
0.387242
0.393335
0.999483
0.400758
0.090082
0.114789
0.410386
0.094066
0.379402
0.395148
0.741671
0.999483
0.359604
0.399347
0.404720
0.123967
0.073183
0.063807
0.057528
0.054080
0.050598
0.682678
0.684086
0.367613
0.368788
0.050999
0.358816
0.681357
0.052833
0.019970
0.377359
0.691692
0.132237
0.153290
0.397746
0.381350
0.383702
0.690294
0.071973
0.688296
0.999483
0.066829
0.380699
0.088180
0.708902
0.100392
0.674137
0.999483
0.063943
0.441120
0.388474
0.676020
0.070564
0.687962
0.690408
0.070224
0.383655
0.999483
0.380570
0.072085
0.999483
0.389130
0.119921
0.707777
0.094429
0.072752
0.073836
0.020569
0.657892
0.004942
0.366237
0.362267
0.361705
0.680825
0.368091
0.062518
0.999483
0.073537
0.067733
0.373446
0.373012
0.999953
0.373839
0.064056
0.385556
0.691251
0.096609
0.693657
0.089255
0.693263
0.412173
0.081609
0.045245
0.690333
0.050166
0.999953
0.681879
0.334240
0.606476
0.740599
0.083217
0.693924
0.061015
0.685453
0.134314
0.999953
0.411806
0.069885
0.999953
0.035993
0.688277
0.695405
0.693058
0.087535
0.693078
0.064298
0.685359
0.035067
0.440357
0.003799
0.163507
0.395460
0.385913
0.682474
0.054782
0.687650
0.378534
0.045221
0.680768
0.358410
0.059997
0.380433
0.382295
0.073092
0.689004
0.056141
0.735204
0.436041
0.428242
0.700867
0.410264
0.074892
0.074608
0.380429
0.689871
0.059614
0.050350
0.356042
0.068136
0.407754
0.719216
0.456997
0.403893
0.372967
0.025148
0.354352
0.081879
0.357722
0.677165
0.063764
0.385137
0.135098
0.096699
0.705300
0.083753
0.129023
0.404997
0.398264
0.698557
0.371903
0.019787
0.034286
0.384304
0.999217
0.684744
0.036002
0.999217
0.686179
0.075775
0.692928
0.384149
0.379979
0.061666
0.684454
0.370064
0.058370
0.684027
0.998507
0.384427
0.144975
0.125630
0.998507
0.400885
0.064259
0.686775
0.061781
0.686696
0.074806
0.110040
0.406354
0.709296
0.115684
0.998507
0.062684
0.036648
0.090984
0.381897
0.693693
0.998498
0.377301
0.076957
0.997751
0.701305
0.382578
0.382704
0.303892
0.997751
0.070486
0.065928
0.033511
0.662637
0.370051
0.044917
0.358438
0.059202
0.386381
0.365786
0.690145
0.125214
0.690638
0.396774
0.385377
0.076183
0.132621
0.745387
0.080296
0.397780
0.329997
0.410075
0.079293
0.376226
0.110541
0.716870
0.365034
0.696466
0.999483
0.391474
0.110787
0.057272
0.372435
0.684551
0.367290
0.026022
0.679110
0.052140
0.398324
0.101900
0.703011
0.404197
0.399942
0.693493
0.365659
0.052108
0.065487
0.999483
0.442556
0.273556
0.404709
0.398138
0.705947
0.138401
0.091308
0.367276
0.377384
0.685111
0.683236
0.999483
0.048445
0.682678
0.047757
0.684656
0.058918
0.054614
0.049033
0.683504
0.061814
0.375963
0.999483
0.098492
0.695360
0.108086
0.084968
0.393884
0.999483
0.065918
0.061622
0.062733
0.377070
0.389295
0.999483
0.101171
0.094324
0.088415
0.674137
0.689999
0.382963
0.371190
0.698975
0.044153
0.684971
0.374665
0.070827
0.690189
0.070935
0.999483
0.689801
0.074847
0.379775
0.073218
0.372015
0.378725
0.995738
0.687582
0.126061
0.634231
0.066629
0.084337
0.370085
0.369247
0.680255
0.059761
0.367578
0.375556
0.066162
0.686209
0.685979
0.999483
0.373012
0.060459
0.374615
0.691251
0.999953
0.079688
0.078099
0.385318
0.399019
0.999953
0.694034
0.084015
0.067059
0.680939
0.367090
0.023568
0.706310
0.147510
0.348394
0.180351
0.049118
0.043440
0.999953
0.057913
0.704624
0.125031
0.062539
0.678129
0.043692
0.055144
0.381723
0.695405
0.082220
0.692028
0.066030
0.682562
0.032197
0.286720
0.486176
0.682127
0.401248
0.384627
0.380452
0.069926
0.693050
0.390320
0.027130
0.673305
0.308399
0.056044
0.999483
0.311506
0.076747
0.999483
0.072708
0.059407
0.999483
0.436041
0.455637
0.392404
0.066433
0.385165
0.383526
0.685360
0.682472
0.685360
0.369447
0.711714
0.999483
0.422981
0.726815
0.119494
0.396936
0.026978
0.379970
0.997751
0.026264
0.158060
0.113236
0.415900
0.997751
0.427205
0.388004
0.382425
0.076063
0.092393
0.997751
0.088173
0.383495
0.072707
0.997751
0.091525
0.384758
0.094252
0.999217
0.060247
0.071680
0.381860
0.382637
0.379576
0.062409
0.057124
0.051310
0.046321
0.052226
0.319043
0.683271
0.351753
0.166808
0.030700
0.119089
0.998507
0.080312
0.693882
0.059806
0.997751
0.382605
0.379685
0.998507
0.092657
0.063686
0.056519
0.997751
0.131988
0.385522
0.698965
0.076371
0.375607
0.417858
0.487608
0.082140
0.689330
0.388841
0.073619
0.052942
0.093990
0.071850
0.395443
0.098001
0.324861
0.667796
0.366002
0.041746
0.278483
0.422977
0.699669
0.161129
0.709863
0.403087
0.702351
0.386100
0.111373
0.995387
0.411252
0.068655
0.290714
0.315902
0.349697
0.688730
0.687063
0.372446
0.122027
0.406331
0.076159
0.391474
0.999483
0.072505
0.368023
0.684551
0.999483
0.060895
0.070456
0.700334
0.069749
0.364115
0.696358
0.703777
0.393323
0.073698
0.057919
0.088473
0.999483
0.117114
0.280734
0.136486
0.113573
0.301385
0.364965
0.703456
0.401713
0.095631
0.384704
0.999483
0.377384
0.057296
0.683236
0.044890
0.360230
0.361443
0.682621
0.048886
0.368758
0.683504
0.999483
0.048743
0.999483
0.063299
0.073619
0.700903
0.699903
0.999483
0.699903
0.087176
0.115625
0.371798
0.372422
0.375676
0.693749
0.397588
0.999483
0.008294
0.349022
0.062061
0.075851
0.999483
0.054754
0.372638
0.366896
0.686186
0.384577
0.073592
0.378537
0.379401
0.689801
0.074199
0.995738
0.387716
0.060939
0.370869
0.375770
0.379790
0.688312
0.376566
0.067596
0.377188
0.995738
0.087098
0.372857
0.683792
0.060095
0.371142
0.368831
0.999483
0.055112
0.052781
0.685979
0.367758
0.058168
0.371018
0.063662
0.379808
0.999953
0.069685
0.384715
0.388657
0.094317
0.400213
0.999953
0.076720
0.685163
0.385480
0.087766
0.743140
0.999953
0.233912
0.999953
0.743596
0.677359
0.043028
0.115604
0.410901
0.429773
0.009839
0.680323
0.039325
0.367870
0.063222
0.692928
0.080137
0.078231
0.999953
0.687934
0.048687
0.415537
0.999483
0.173566
0.999483
0.392930
0.393534
0.079495
0.692784
0.394913
0.426388
0.263741
0.375091
0.068031
0.007249
0.999483
0.621660
0.384049
0.062273
0.999483
0.072791
0.117678
0.065172
0.366517
0.064667
0.693337
0.071870
0.371129
0.999483
0.361071
0.046732
0.687384
0.157314
0.422826
0.106720
0.459349
0.230598
0.044464
0.689189
0.444064
0.170047
0.997751
0.741631
0.133623
0.708207
0.715343
0.423612
0.745210
0.051522
0.997751
0.391991
0.091230
0.997751
0.068572
0.689023
0.073226
0.997751
0.381579
0.366241
0.686023
0.380087
0.069806
0.687889
0.060077
0.997751
0.366779
0.997751
0.680959
0.364506
0.074057
0.628303
0.438246
0.682393
0.369250
0.094941
0.692445
0.385172
0.998507
0.075263
0.055005
0.057568
0.997751
0.066143
0.997751
0.684209
0.358430
0.366952
0.062499
0.997751
0.084525
0.998498
0.421360
0.494112
0.072744
0.690991
0.389508
0.375829
0.371301
0.144086
0.684302
0.451161
0.250888
0.193522
